#:standard,name,true
x;y;vx_mps;vy_mps;dpsi_rad;psi_rad;kappa_radpm;ax_mps2;s_m;w_left_m;w_right_m
6.54774878232108;15.2397565609015;2.75119602448423;0.172872268350593;2.27459543840157;-1.76201781660576;0.899479456982444;-0.869422795479388;0;0.0163868081939618;1.28042080233291
6.52010805483543;15.2432182115637;2.74635438406588;0.173503636922911;2.27588388453759;-1.73884493910474;0.895472036471671;-0.854794182983177;0.027856648061882;0.00942633142902552;1.27273152223891
6.49235827124166;15.2464644165791;2.74158955766665;0.174248170253516;2.27800102171811;-1.71520253044713;0.891431723952292;-0.839845535970121;0.0557956590769872;0.00229304421092691;1.26521505259807
6.46392597383249;15.2489976505786;2.73691093170533;0.17502826343186;2.28035208962246;-1.69106701273655;0.887358682862966;-0.824548186491754;0.0843405852541599;-9.9976796008594e-09;1.25660891233241
6.43339208559789;15.2497167871754;2.73232461414731;0.175799597004326;2.28258085181687;-1.66640906737268;0.883253062201403;-0.808873077060845;0.114882940896247;0.0143488194259894;1.24384136030032
6.40263027680468;15.2504661967646;2.72783634382976;0.176537024181857;2.28447409641189;-1.64120150810296;0.879114989132946;-0.792790465067361;0.145653876776756;0.0289129841193184;1.23085847299858
6.37181656719217;15.2502708554424;2.72347192550973;0.177223872430449;2.28590408794705;-1.61553526735785;0.874944592835072;-0.776271026346504;0.176468205559263;0.0479309037018644;1.22269828476698
6.34098299030515;15.2489210959653;2.71927722468856;0.177848548698044;2.28681018638541;-1.58963995416314;0.870742006794932;-0.759288684328858;0.207331311596951;0.0720451035123279;1.22022726130334
6.309916177717;15.2474672793797;2.71527793959804;0.178407322837833;2.28718484330026;-1.56364938531667;0.866507365661335;-0.741819546037467;0.238432122310697;0.0962672058508012;1.21764833531168
6.27915499296651;15.2445576779409;2.71148420851996;0.17889995093523;2.28703767739876;-1.53761038322361;0.862240807423824;-0.723840602328394;0.269330605570985;0.125720852079697;1.21333656131964
6.24841747027462;15.2409025593121;2.70790833027984;0.179326044519347;2.28638185163905;-1.51159063693969;0.857942466297979;-0.705330304306198;0.300284687586517;0.157487054621863;1.20825143165381
6.2174756574468;15.2370645104865;2.70455666353665;0.179685981137667;2.28523160252288;-1.48562151063417;0.853612477244298;-0.686267982718684;0.331463629195556;0.189290526965112;1.20312903218689
6.18761767016159;15.2316066690526;2.70144018728286;0.17997961098412;2.28360332814816;-1.45977577217413;0.84925097743747;-0.666634863685599;0.361816346336558;0.231337692231732;1.19047988300449
6.15772775431017;15.2257710558677;2.6985693519209;0.180207067681937;2.28151645280223;-1.43413472029188;0.844858096863514;-0.646414487668173;0.392270598106199;0.274079115999456;1.17734531696337
6.12797667513322;15.2194937173687;2.69594683001568;0.180369210576064;2.27898656050231;-1.40872163137689;0.840433965164145;-0.625591546986433;0.422676710827575;0.318215653216431;1.16367804159134
6.09946504150189;15.2120889724623;2.69357374678444;0.180466865913566;2.27602634699581;-1.38354693689399;0.835978714445169;-0.604151612875319;0.452134197133363;0.369954988216019;1.1468743840592
6.07093077081349;15.204348367221;2.69145117321018;0.180500788338714;2.27264731547698;-1.35862086488422;0.83149247225184;-0.582081140397649;0.481699744197813;0.42147215107132;1.13029289867134
6.04282590028344;15.195974934423;2.68957861214716;0.180471735972226;2.26885774507268;-1.33393388366917;0.826975365480268;-0.559366952300054;0.511025468815179;0.47144551823533;1.11410742487139
6.01542181152238;15.1868067881335;2.68795307446242;0.180380336038848;2.26465883643319;-1.30943205562085;0.822427521133919;-0.535994979515888;0.539922509964901;0.519123249735222;1.09843720662565
5.98806398938577;15.1773023121107;2.68657467182228;0.180227082406432;2.2600548443169;-1.28508516473207;0.817849063910585;-0.511950748817815;0.568884303702996;0.566536038786883;1.08303193082815
5.96117339266655;15.1669463605285;2.6854451580027;0.180012397152466;2.25505146137703;-1.26087403099525;0.813240117672384;-0.487219605042549;0.597700096683353;0.60680805895359;1.06799324479179
5.93460373103072;15.1559527688378;2.68456639081961;0.179736462437632;2.24965048170024;-1.23675963037029;0.808600803386184;-0.461786076632549;0.626454330766451;0.642645039473219;1.05328232504996
5.9081189297785;15.1446441240436;2.6839424742143;0.179399631750285;2.2438595972262;-1.21273200141319;0.80393124046216;-0.435634664180358;0.655252423488901;0.678218285700628;1.03883513960035
5.88221255107674;15.1322977187739;2.68357824173322;0.179002226784241;2.23768720875647;-1.18878777969848;0.79923154715344;-0.40875006542102;0.683950405657054;0.707328649059897;1.02337381598996
5.85649651812031;15.119524275605;2.6834789436331;0.178544469956791;2.23114071065962;-1.16492122314452;0.794501837002224;-0.381117173948828;0.712664081865507;0.735118181217063;1.00795847735537
5.83094586765773;15.1063832432657;2.68365028462446;0.178026689464965;2.2242293982722;-1.1411351561651;0.789742222447883;-0.352721473306152;0.741395988694039;0.762245968062285;0.99240999666711
5.80602204163628;15.0921933029318;2.68409869483109;0.177448715942709;2.2169559281513;-1.11740543092751;0.784952814841418;-0.323548356911384;0.770076147519019;0.784889010180986;0.972958998997894
5.78123603458098;15.0777226373822;2.68483170617078;0.176810526331739;2.20932560552855;-1.09371053840327;0.780133720630004;-0.293583465784281;0.798777128463854;0.807273779248725;0.95376627437964
5.75667828418103;15.0626568385348;2.68585762673413;0.176112302677225;2.2013472519514;-1.07003761384675;0.775285044845427;-0.262813406952348;0.827587914631804;0.828338677748691;0.933595525051523
5.73244623734063;15.0466410961283;2.68718802150999;0.175353195034609;2.19301906838981;-1.04633092322318;0.770406891203491;-0.231224950145832;0.856634361900077;0.846888295774415;0.911029620410131
5.7083657037282;15.0303843093674;2.68883557558417;0.174533159900345;2.18435056316162;-1.022555858414;0.765499360577154;-0.198806758497408;0.885688711227603;0.865217094646736;0.888684534922142
5.68445191261641;15.0131153943406;2.69081220717126;0.173652990051961;2.17536201606901;-0.998709790853722;0.760562552446985;-0.165552120941992;0.915185911629409;0.880494573221489;0.864811499299042
5.66069767755605;14.9950045104918;2.69313128254646;0.172712990694638;2.16606962160506;-0.9747812849768;0.755596563297468;-0.131461075378556;0.945056763593919;0.893292453259473;0.839688355531407
5.637089436795;14.9767135551344;2.69580574207259;0.171713895784222;2.15649455138393;-0.950770969499801;0.750601487938764;-0.0965443610111795;0.97492159374107;0.905950610672102;0.814704934389127
5.61394822561424;14.9570780222097;2.69884197526242;0.170658151186286;2.14667343348619;-0.926733921428877;0.745577419500559;-0.0608301496944351;1.00527072565862;0.914538728962497;0.787311503044363
5.59103156052505;14.9369808502231;2.70224243263079;0.169547867184877;2.13663590507656;-0.902736283097824;0.740524446271402;-0.0243705316664989;1.03575137297246;0.92196793871826;0.759303172642362
5.56826890164191;14.9167363627698;2.7060132828212;0.168382592673351;2.12638426962433;-0.87879920582743;0.735442655640156;0.0127525915641558;1.06621410285136;0.929282400562159;0.731271156321903
5.54662143459593;14.8952579808947;2.71015171098393;0.167161998010656;2.11591591517459;-0.854985629971743;0.730332133464699;0.0504189654149688;1.09670891745124;0.934086892884703;0.698818462715103
5.52510794895974;14.8736739868245;2.71465099184442;0.1658804387348;2.10516848437246;-0.831356234425405;0.725192959378035;0.0884662829363859;1.1271834783872;0.93883991300606;0.66641724130949
5.50401929272457;14.8517643567988;2.71951043449101;0.164518765807959;2.09393953946072;-0.807918636381477;0.720025211439866;0.126697010837112;1.15759339962468;0.943504812151109;0.633395187398523
5.48392459658903;14.8290894792341;2.72472543308827;0.163034667255991;2.08177889686893;-0.784685047747822;0.714828966804819;0.164908001148797;1.18789103790484;0.947999221421026;0.598448567289288
5.463965483914;14.8063294988443;2.73028627779896;0.161336580276317;2.0677107183398;-0.761674890813232;0.709604298796819;0.199937232792091;1.21816285460154;0.952446091758519;0.563549486112478
5.44466501376786;14.7830380178054;2.7361591848746;0.15996028068163;2.05699817588734;-0.738875854946867;0.704351279322011;0.233440432483882;1.24841184197047;0.956617379260421;0.527306729817195
5.42605406886492;14.759194608719;2.74233961854602;0.158795566617609;2.048839431729;-0.716244315157777;0.699069977969361;0.265838961046284;1.27865874969743;0.960501840492526;0.489637950112444
5.40757743741576;14.7352864735453;2.74882147159985;0.157700575755222;2.04195405982558;-0.693754861893792;0.693760461771539;0.297187322850636;1.30887438864803;0.964349894300354;0.452005577831969
5.390040890713;14.7106618213351;2.75559279829452;0.156599963999951;2.03558429237985;-0.671401220086187;0.688422796137582;0.327499608901306;1.33910523327285;0.967994626452175;0.417721360056387
5.37294810377451;14.6857307245603;2.7626394089762;0.155459722853679;2.02932744654179;-0.649183711872138;0.6830570424732;0.356789693884744;1.36933308386991;0.971548138469813;0.384752583430743
5.3559814373422;14.6607566069692;2.76994662539362;0.154265826684193;2.02296685004446;-0.627104558390089;0.677663260554312;0.385071189400585;1.39952537293975;0.975082994615635;0.351802462676915
5.34029173320709;14.634984047758;2.77749768669895;0.153013970213837;2.01638507473;-0.605172911496086;0.672241508314123;0.4123576919347;1.42969806960651;0.977868034345437;0.325153453351588
5.32477825740794;14.6091430498985;2.7852756572818;0.151704102513423;2.00951597285729;-0.583398773339813;0.666791837839504;0.438662784135172;1.45983816087621;0.980606490865599;0.298819914483138
5.30961735000043;14.5831461630832;2.79326562747668;0.150337708450329;2.00231975708582;-0.561787041490501;0.661314299229654;0.463999789288029;1.48993286535236;0.983247174597496;0.273355066204788
5.29559101632471;14.556565359286;2.80145231057618;0.148917101254275;1.99477274825997;-0.540344486088898;0.655808940872772;0.488381853568663;1.51998743516937;0.985487413087323;0.251628033302833
5.28167514119697;14.529967438211;2.8098209140077;0.147444738682744;1.98685950829863;-0.519077296817287;0.650275806136355;0.511821923468503;1.55000577932899;0.98772653337898;0.229902118599047
5.26840649549519;14.5031025910899;2.81835753081078;0.14592297930498;1.97856912125339;-0.497990165866333;0.644714936114682;0.534332687118102;1.57996870591496;0.989801291198187;0.209581285121889
5.25598230748491;14.4758799154027;2.82704824276475;0.144354170681226;1.96989405588362;-0.477088584284344;0.63912636900471;0.555926619647146;1.60989251782602;0.991651297290444;0.191187330625146
5.24365676440879;14.4486520491855;2.83587979673272;0.142740514753139;1.96082838242145;-0.45637715372279;0.633510139101893;0.57661595526722;1.63978023622107;0.993509832635797;0.172784846875308
5.23228032262574;14.4210901243014;2.84483914124707;0.14108416907277;1.95136768844457;-0.435860714179114;0.627866278240598;0.596412709839237;1.66959773328171;0.995158931812838;0.156383676428313
5.22144349298789;14.3933544150148;2.85391328854365;0.139387273514161;1.94150873094196;-0.415544613339742;0.622194813778396;0.615328715219149;1.69937534981205;0.996704463551495;0.141027115900509
5.21069276021167;14.3656225032897;2.86309023599187;0.137651817216958;1.93124846706846;-0.395432628602022;0.616495770203823;0.633375563910383;1.72911820077086;0.998266858472976;0.125653692189879
5.20118946912488;14.3375332278362;2.8723580788192;0.135879827247996;1.92058500755153;-0.375528984283696;0.610769169367163;0.650564641762825;1.75877153004398;1.00028086731086;0.112838739688858
5.1919102447187;14.3094061606009;2.88170520576331;0.134073322372999;1.90951716613827;-0.355837886356736;0.605015026773301;0.666907140442738;1.7883896987389;1.00236647883078;0.100325045582318
5.18286677217228;14.2812492782171;2.89112095375444;0.132234215579321;1.89804386519774;-0.336362152818256;0.599233355171656;0.682414011377513;1.81796324132806;1.00445113000238;0.0880979779435311
5.1750353584142;14.2528234625343;2.90059471828829;0.130364489989674;1.88616517365465;-0.317105100020308;0.593424164674713;0.697096001029295;1.84744811946387;1.006390340244;0.0780357669816859
5.16727226762706;14.2244093376333;2.91011631055952;0.128466112314883;1.8738816874692;-0.298069774219224;0.587587458791107;0.710963653047876;1.87690364649123;1.00835265499589;0.0679504515095702
5.16003349219905;14.1959248297933;2.91967617036546;0.126541002824344;1.86119435056026;-0.279258530262721;0.581723237814286;0.724027292528968;1.90629356068949;1.0102578805727;0.0585918686497755
5.15368082029789;14.1673040360564;2.92926483392796;0.124591133808797;1.8481050669177;-0.260674083995944;0.575831498609104;0.736297055267191;1.93561089812682;1.01203862174282;0.0505579464723054
5.14738467857405;14.1386976355981;2.93887332599246;0.122618441028898;1.83461609301031;-0.242318720858782;0.569912232703053;0.747782883094125;1.96490198120323;1.01384766454468;0.0424957226630923
5.14188986097479;14.1100151721827;2.94849306194036;0.120624848465502;1.82073021622709;-0.224194483959016;0.563965428243026;0.758494527262872;1.99410603448392;1.01555594780901;0.0355146481554712
5.13695985701473;14.0812849038011;2.95811563233818;0.118612301339673;1.80645096515875;-0.206303566266695;0.557991068241781;0.768441568548059;2.02325621905157;1.01720331994829;0.0292690633302025
5.13207515556543;14.0525699618694;2.96773316893749;0.116582689518309;1.79178208141421;-0.188647610596675;0.551989131514032;0.777633407455767;2.0523836665606;1.01888357118868;0.022990599403816
5.12825306820282;14.0238057845676;2.97733791262831;0.114537932891154;1.77672812521424;-0.171228499677935;0.545959593353103;0.786079288271092;2.08140066584816;1.02041368028304;0.0181694287923525
5.12468564137586;13.9950426213247;2.9869223205144;0.112479942107284;1.76129417488552;-0.154048132147362;0.539902421981931;0.793788313665567;2.11038421452503;1.02193681330362;0.0136293055897073
5.12122666599724;13.9662938475866;2.99647948179005;0.110410541761815;1.74548528252421;-0.137107666337899;0.533817582122925;0.800769427052285;2.13934032790567;1.02349342852234;0.0091674397592742
5.11892523421717;13.9375541128636;3.00600241721567;0.108331612958877;1.72930754394651;-0.120408761324731;0.527705034952937;0.807031448453955;2.16817206285504;1.02504261616745;0.0064328566395708
5.11665683572945;13.9088274783545;3.01548443573025;0.1062449969721;1.71276735244297;-0.103952917359337;0.521564733227384;0.812583082457836;2.19698812021752;1.02662459760536;0.00366547972707124
5.1147572476816;13.8801317056565;3.02491949251497;0.104152436412553;1.69587095961179;-0.0877408506866724;0.515396625576284;0.817432899452826;2.22574669816367;1.02817957081111;0.00149002085511793
5.1136968210521;13.8514907460124;3.03430166001204;0.102055692777073;1.67862541684294;-0.0717734064466546;0.509200656812834;0.821589356537761;2.25440728214189;1.02961662832342;0.000780075787201961
5.11266153333756;13.8228608510878;3.04362530008302;0.0999564928618072;1.66103814440396;-0.0560512448090884;0.502976764934378;0.825060805093947;2.28305588950852;1.0310883439719;3.54725831174518e-05
5.1122330301564;13.7943013175667;3.05288507093948;0.0978565266390944;1.64311691646971;-0.0405748188626545;0.496724883745989;0.827855497138208;2.31161863744914;1.03247056925619;-9.97197122099003e-09
5.11234436114854;13.765804338669;3.06207577861648;0.095757474495338;1.62487009354559;-0.0253446105395474;0.490444941452577;0.829981616763387;2.34011583381792;1.03377503361576;0.000592271007908235
5.11247358331128;13.73731583637;3.07119252188961;0.0936609592946576;1.60630619821589;-0.0103608753725322;0.484136860824913;0.831447270240705;2.36860462918752;1.03511601054472;0.00114803941840338
5.11342526012604;13.7089617063575;3.08022996532114;0.0915686742857844;1.58743501489695;0.00437518242549007;0.477800560425598;0.832260512927774;2.39697472572463;1.03628566888784;0.00228661932780322
5.11464199963283;13.6806532400333;3.08918275694693;0.0894822617407756;1.56826651829969;0.0188621317597273;0.471435951316294;0.832429375032287;2.42530932860972;1.03742452917172;0.00358298067431001
5.11587054746357;13.6523502806365;3.09804646983318;0.0874031452481085;1.54880931282654;0.0330998417774153;0.465042940590396;0.831961820463748;2.45363893927399;1.03860101314752;0.00484171832890415
5.11810689450601;13.6242849688157;3.10681791754322;0.0853325426393376;1.52907067147096;0.0470899515778593;0.458621431179505;0.830865684974113;2.48179321027662;1.03883366531906;0.00620329977216338
5.12036028458781;13.5962239653025;3.11549402877693;0.083271735734112;1.50905906517791;0.0608340510746095;0.452171316004121;0.829148697051054;2.50994454568072;1.03909352159163;0.00753654923334762
5.12284166369631;13.5682147251728;3.12407159045881;0.0812220649915859;1.48878419943627;0.0743332982240652;0.445692483267421;0.826818519080772;2.53806348547083;1.03929001246429;0.00847485456202896
5.12604686440372;13.5403681007722;3.13254929625913;0.0791844965203899;1.46825269392933;0.0875916408624564;0.439184817591887;0.823882644935148;2.56609396534695;1.03920083614922;0.00819156795206935
5.12926030597986;13.5125225588499;3.14092536795406;0.077160201063275;1.44747375740831;0.100612062964578;0.432648196011061;0.82034847123475;2.59412431339526;1.03914447647057;0.00787546470568506
5.1329048148471;13.4847776654469;3.14919196536971;0.0751514897793221;1.42646940380326;0.113388027947454;0.426082491136943;0.816223770864584;2.62210755042793;1.03893289308687;0.00734504189784654
5.13703722486946;13.457146182115;3.15733658938646;0.0731610299117967;1.40526731441764;0.125905911346694;0.419487569990286;0.811517069266528;2.65004633500623;1.03854017987901;0.00657490460272919
5.14116798042363;13.4295116452498;3.16535158436246;0.0711898704051365;1.38387929681438;0.138159641981845;0.412863293345452;0.806237346789708;2.67798789489829;1.03818824432656;0.00576398965220187
5.14586729074745;13.4023098584182;3.17322341521088;0.0692401805487347;1.36233022602249;0.150134215987487;0.406209517513528;0.80039451176109;2.70559261776143;1.036991132345;0.00483947906567292
5.15082720905745;13.375293191263;3.18093445282434;0.0673144077380756;1.34065032455308;0.161808614383338;0.399526090580648;0.793999747891112;2.73306080106177;1.03542862126015;0.00387367334363428
5.15581105456058;13.3482775332742;3.18847864064647;0.0654121242525876;1.31883821570031;0.173179412813854;0.39281285481637;0.787064742610025;2.76053232254428;1.03386963455372;0.00290434324316077
5.16129878544475;13.3220345419092;3.1958568532092;0.0635321716948049;1.2968819072857;0.184253354096181;0.386069648963498;0.779601249553361;2.78734295077338;1.03092387649373;0.00182264586014158
5.1668926549715;13.2958574420589;3.20307013031595;0.0616742932910453;1.27477802222901;0.195037060076882;0.37929630369253;0.771621133510302;2.81411106488055;1.02782369143693;0.000794373690123695
5.17262123967557;13.2697770823706;3.21011975808613;0.0598387233718151;1.25252865438321;0.2055372068664;0.372492644911947;0.76313639968665;2.84081315925885;1.02446385475628;-9.99917612598544e-09
5.17873063304676;13.2441093805508;3.21701756227014;0.058023930735434;1.23011272628152;0.215775756316227;0.365658495894356;0.754158680493547;2.86719792008917;1.02006780264668;0.000117184673484289
5.18493377178376;13.2184650099317;3.22377270229181;0.0562298522685007;1.20752521459762;0.225770211928144;0.358793674135285;0.744699169563538;2.8935818673799;1.01558366726814;0.00032246261508706
5.19136979680118;13.1929462085521;3.23038604328505;0.0544581512533865;1.18478535872311;0.235525534032928;0.351897993581205;0.734768748202111;2.91989976322808;1.01049974987926;0.00122810274399818
5.19810629731598;13.1676017318968;3.23686188101073;0.0527090025878556;1.16189640375874;0.245051585771352;0.344971264729143;0.724377758159293;2.94612423531268;1.00457393419224;0.00312292208438572
5.20493365059792;13.1422843820909;3.24320199049695;0.0509829682469255;1.13886790294298;0.254354338985646;0.338013293805639;0.713536197044609;2.97234600020431;0.998560024256183;0.00510583567381112
5.21205006091441;13.1171295380225;3.24940848611343;0.0492802104003946;1.11570541681804;0.263440125609571;0.331023884714533;0.702253707502885;2.99848810180112;0.992194179042812;0.0089411511155546
5.21936914707687;13.0920796465687;3.25548537007658;0.0476003411572832;1.09240682665874;0.272317874375584;0.324002838320495;0.69053945643072;3.0245853446459;0.985589991898545;0.013858076752189
5.2267759586273;13.0670598049124;3.26143274502612;0.0459438975045396;1.06898310020673;0.280990686239011;0.316949954160682;0.678402423210753;3.05067851106644;0.978898590419331;0.018862216723771
5.23455909471601;13.0420497736069;3.26725710298625;0.0443097362191647;1.04542060259767;0.289470829910107;0.309865032186114;0.665850957188362;3.0768716184285;0.971829924838799;0.0277487726714208
5.24245414468997;13.01706522488;3.27296547806561;0.0426971057115082;1.0217073332485;0.297771125676573;0.30274787207829;0.652892753101106;3.10307389865706;0.964650444861072;0.0372489790306231
5.25046641302867;12.9920837903693;3.27855615123574;0.0411074793247581;0.997864911429264;0.305891584125886;0.295598277429838;0.639535483851385;3.1293087707578;0.957470765650769;0.0470864403808596
5.25896912734841;12.9669277100713;3.28402600365017;0.0395418565455026;0.973913476065662;0.313830254430027;0.288416056413025;0.625786904762411;3.15586295172356;0.950750333417071;0.0592188231404361
5.26748916023489;12.9417904521253;3.28937203491804;0.0380005802190458;0.949866953116045;0.321585413412355;0.281201021030259;0.611654848261044;3.18240485627906;0.94401864399859;0.0713624630847957
5.27620939622373;12.9166926999566;3.29458798895235;0.0364843188448331;0.925748016440494;0.329150683666172;0.273952993488218;0.597147458625053;3.20897438167226;0.937334803360372;0.0842768838504613
5.2852906876482;12.8916519796358;3.29966140190895;0.0349944529563452;0.901598226558248;0.336510844766804;0.266671807489599;0.582273636007496;3.23561096418803;0.930758837113681;0.0986455111323268
5.29436018081521;12.8666219483586;3.30458425985132;0.0335302990891932;0.877431426324592;0.343657236213078;0.259357310083715;0.567042713404817;3.26223347669244;0.92420287757236;0.112994131708821
5.30364594457748;12.8418193355434;3.30935196121217;0.0320903517625009;0.853245799654098;0.350586082822702;0.252009370520729;0.551464210301757;3.2887173399134;0.917278209817977;0.12598260130752
5.31309191967297;12.8171853033503;3.31395785328752;0.0306739593837833;0.829051577941745;0.357290529522392;0.244627884991738;0.535547983783041;3.31510032662065;0.910082109936926;0.137983206275734
5.32253286045759;12.7925614346546;3.31839922222373;0.0292795836896655;0.804841560389109;0.363769313057266;0.237212785238526;0.519303943968447;3.34147202115183;0.90289615900276;0.149973662297062
5.332206022782;12.7682670656358;3.32267599466058;0.0279055905895318;0.780600750085043;0.37002480442799;0.229764050349979;0.50274186475857;3.36762133157057;0.895016759828107;0.160340751660778
5.3419431824595;12.7440592300122;3.32678813685842;0.0265509767671202;0.756319881981139;0.376059222895331;0.222281715545859;0.485871386482846;3.39371408121798;0.886968161067498;0.170344847761294
5.3516997831237;12.7198798187262;3.3307356713673;0.0252150959671913;0.731993419228119;0.381874696108267;0.214765890549422;0.468702017460872;3.4197877304957;0.878838071727954;0.180290907887889
5.36167488874554;12.6960214264401;3.33451991226695;0.0238971928719828;0.707611600341623;0.387475090005662;0.207216779490271;0.451243042208211;3.44564746008912;0.869225918836136;0.188947574759767
5.37167397934023;12.6721799140621;3.33814197977359;0.0225968457546452;0.683168856875616;0.392863842620219;0.19963469943524;0.433503541116413;3.47150088394737;0.859588732059913;0.197629275516049
5.38174226038542;12.648425129661;3.3416020564708;0.0213139970445854;0.658666945021548;0.398042897074195;0.192020111982277;0.41549246748702;3.49730127280384;0.849586689764464;0.205964707446498
5.39195762663931;12.624866382093;3.34490114343572;0.0200482804027858;0.634102601231049;0.403015329542234;0.184373658459786;0.397218588158743;3.52297944046969;0.838687983996264;0.21339222144389
5.40220181406318;12.601325620089;3.34803980288743;0.0187995049099627;0.609476293781635;0.407783479158147;0.176696197937012;0.378690521851128;3.54865259476955;0.82775797379261;0.220851039876734
5.41254310175862;12.57790141126;3.35101850444091;0.0175674524520151;0.584789084127023;0.412349483645255;0.168988857050616;0.3599167500401;3.57425798073548;0.816222159094603;0.228054492243323
5.42297983896193;12.5545875342386;3.35383827593162;0.0163516780324423;0.560037612619279;0.41671627823305;0.16125308473325;0.34090557357306;3.59980132321873;0.80411567668693;0.235025310383313
5.4334466099971;12.5312916063804;3.35649929518934;0.0151520489995035;0.535225366981005;0.42088544962731;0.153490713244875;0.321665185212594;3.62534057831124;0.791975959661572;0.242029363140987
5.44404028646662;12.5080843824359;3.35900181491653;0.0139682754661211;0.510354166562746;0.424858673845165;0.145704024524324;0.302203665239335;3.6508513843422;0.779393447651784;0.248851683755636
5.454692220564;12.4849169374857;3.36134619749795;0.0127999554244986;0.48542399888975;0.428637778495648;0.137895812925135;0.282528972614585;3.67635029030967;0.766646482203919;0.255632572302215
5.4653656960229;12.4617642466773;3.36353202352064;0.0116469346912388;0.460441636406494;0.432223326794921;0.130069440286418;0.262649016317886;3.70184480285729;0.753875100803531;0.262437876801316
5.476202288679;12.4387052941879;3.36555809232955;0.0105091651989365;0.435420564424579;0.435614586821532;0.122228863245247;0.242571732738434;3.72732316682165;0.741589472284401;0.268865804857282
5.48705495099513;12.4156591889304;3.36742337883773;0.00938623631776856;0.410370894901649;0.438811062470154;0.11437860900513;0.222305077108408;3.75279674621071;0.7292940534861;0.275304971321841
5.49793810354806;12.3926603197468;3.36912733178498;0.00827739148741225;0.385296667793679;0.441812984504114;0.106523674476016;0.201856983773422;3.77824062549856;0.717102098529539;0.281700127557673
5.50890274570812;12.3698006937058;3.37066889587505;0.00718213807006898;0.36020962236744;0.444619606054295;0.0986692923709042;0.181235428522492;3.80359384778748;0.705304707765962;0.287909571581339
5.51988131364898;12.3469513992467;3.37204745232082;0.00609965819012149;0.335116233058604;0.44723081856288;0.0908205009764611;0.160448394842482;3.82894378292168;0.693490994693251;0.29413533791414
5.53087967036611;12.3241946607457;3.37326306508228;0.00502880523417567;0.310013613076883;0.449647647043647;0.0829814494042498;0.139503803971293;3.85421892877054;0.682168561430105;0.300297656666234
5.54190465529594;12.3015469442671;3.37431581783451;0.00396865024118249;0.284900644520215;0.451871052346645;0.0751543446325632;0.118409517179997;3.8794076038925;0.671428695896269;0.306387105946209
5.55295024317191;12.2789102123088;3.3752058312183;0.00291838742460108;0.259777123525448;0.453901975614593;0.0673379467552413;0.0971733358313927;3.90459543121595;0.660665691706045;0.312499693882573
5.56400127826376;12.2563710032719;3.37593343921326;0.00187711988267566;0.234638123994662;0.455741777779548;0.0595571374205075;0.0758029691659286;3.92969804702809;0.651150968151273;0.319021778264966
5.57507107076956;12.2338819468116;3.37649893730752;0.000844081611976019;0.209478555657724;0.457391779748368;0.0517653690581616;0.0543060301928914;3.95476391957614;0.642176578801912;0.325744519848459
5.58616516979234;12.2114035739045;3.37690236750401;-0.000181147877819646;0.184300909075961;0.458852684199859;0.0439629282545797;0.0326900770332344;3.97983095533386;0.633175643297781;0.332493807586725
5.59725217027103;12.1889841356826;3.3771437974678;-0.00119919324001494;0.159102718068139;0.460125387916132;0.0361498106828709;0.0109625929384353;4.00484200868631;0.625478999421213;0.340233555223856
5.60836114551503;12.1665783017196;3.37722315568899;-0.00221059965723474;0.133882466350964;0.46121057106511;0.0283255711838763;-0.0108690044316239;4.0298506217336;0.617862583082387;0.348076828878481
5.61948654722103;12.1441826183763;3.37714024656458;-0.00321564659741193;0.108646801680379;0.462108404193032;0.0204897071375248;-0.0327973206991529;4.05485744471321;0.610465609628983;0.356165310873346
5.6306073929656;12.1218043581104;3.37689486959184;-0.00421482003744277;0.0834000186384553;0.462819084168261;0.012641764122006;-0.0548149869918015;4.07984663722922;0.604312446307777;0.365438050252144
5.64174350499676;12.0994314262258;3.37648681368163;-0.00520867763369621;0.0581462400599776;0.463342750609695;0.00478146093063266;-0.0769146549108359;4.1048378571331;0.59814316864515;0.374726903972365
5.65287603142121;12.0770705485911;3.3759159297954;-0.00619776385215125;0.0328918047213324;0.463679470086094;-0.0030915099323474;-0.0990889844730561;4.12981668803415;0.592100373229747;0.385021029764852
5.6639948367525;12.054724749482;3.37518217022893;-0.00718269671287903;0.00764338880844075;0.463829347698185;-0.0109775722780516;-0.121330640289439;4.15477590616734;0.586259896276953;0.396843501885679
5.67512057391138;12.0323800458002;3.3742855297118;-0.00816423175040534;-0.0175945646824238;0.46379256623848;-0.0188769228683179;-0.143632296678881;4.17973723245333;0.580412657819481;0.408672735511182
5.68621067743247;12.0100549788045;3.37322604831153;-0.00914316722915909;-0.0428185054042597;0.463569346168006;-0.0267897753464001;-0.165986639471294;4.20466510866597;0.573428871651031;0.420746779464579
5.69728148444228;11.9877404805217;3.37200385681899;-0.010120288494645;-0.0680245374878729;0.463159950268343;-0.034716526403662;-0.18838636531895;4.22957493808053;0.565776891537226;0.432965568606672
5.70835388819417;11.9654237360945;3.37061907979154;-0.0110964291789256;-0.0932103312567781;0.462564650910735;-0.0426574401560843;-0.21082418495738;4.25448748926811;0.558124431557503;0.445184837614683
5.71935079363487;11.9431264885836;3.36907185004659;-0.0120724085202614;-0.11837397265701;0.461783707098855;-0.0506127466175814;-0.233292823581938;4.27934908969596;0.547999450172607;0.457307185305861
5.73033682571642;11.9208291060872;3.36736233442414;-0.013049010768903;-0.14351333846436;0.460817369599136;-0.0585826888481666;-0.255785019919579;4.30420600356492;0.537488680271814;0.469413802879943
5.74130964635821;11.8985282434877;3.36549071776892;-0.0140270016398141;-0.168626352591329;0.45966587177967;-0.0665674529320204;-0.278293525427241;4.32906020372337;0.526446225326305;0.481297852648136
5.75218105358552;11.8762357059379;3.36345722242819;-0.0150071229669667;-0.193710714582872;0.458329440291343;-0.0745672581756425;-0.30081110311042;4.35386231503495;0.510563115973019;0.491203456934755
5.7630498892534;11.8539368616721;3.36126210067789;-0.0159901042402646;-0.218764067294964;0.456808291745397;-0.082582211996732;-0.323330526455501;4.37866896826274;0.494685177634526;0.501103890206581
5.7738685556101;11.8316336888344;3.35890577184445;-0.0169766285451813;-0.243782769315293;0.455102736482127;-0.0906124664707706;-0.34584457883182;4.40345757573409;0.477519612367148;0.510619851574323
5.78459300421061;11.8093286012203;3.35638902131316;-0.0179673252043704;-0.268760911943173;0.453213355595597;-0.0986582896594879;-0.36834605598381;4.42820693393295;0.457782284418768;0.519378364376505
5.79531090191354;11.7870144453978;3.35371257515669;-0.0189629428355495;-0.293695008510111;0.451140699732197;-0.106719682205548;-0.390827768481516;4.45296162805838;0.438055023168911;0.528126810480165
5.80592143388313;11.7647155806097;3.35087755907212;-0.0199641600571188;-0.318579526225211;0.448885637585748;-0.11479665592442;-0.413282547150133;4.47765621773939;0.419461215713888;0.535291666802614
5.81645322085279;11.7424260603934;3.34788574603025;-0.0209715966995275;-0.343406261201366;0.446449598730836;-0.122889432542338;-0.435703254665865;4.50230862630825;0.401724814163671;0.541258193012725
5.82698187420991;11.7201267524812;3.34473836656175;-0.0219861422507623;-0.368173860311345;0.443833603386423;-0.130998074493159;-0.458082784728726;4.52696854672337;0.383995992846708;0.547217138989582
5.83730158208639;11.6978834974236;3.34143698871956;-0.0230085561467928;-0.392879186798272;0.441038941540448;-0.139122636969778;-0.480414068767127;4.55148912514668;0.369405078064613;0.552777134824159
5.84758316784303;11.6756491941636;3.33798349639966;-0.0240395370884492;-0.417518270287127;0.438067177411707;-0.147263294720356;-0.502690084010439;4.5759855585019;0.355572356205051;0.558248210230034
5.85786395151568;11.6534102036188;3.33437902442238;-0.0250799550761254;-0.442092939912097;0.434919210126321;-0.155420157076031;-0.524903843315765;4.60048590979278;0.341837294719577;0.563690829907726
5.86782721604386;11.6312324852699;3.33062473068154;-0.0261305350362329;-0.466603919103313;0.431595896863629;-0.163593322800995;-0.547048394058626;4.62479882469866;0.3307191481982;0.568255527462112
5.87782769463766;11.6090518273394;3.3267217762669;-0.0271919102002901;-0.491051249987922;0.428098041223321;-0.171782817410537;-0.569116816506765;4.64912969312413;0.319570959234182;0.572850267459141
5.88774526807684;11.5868782851629;3.32267093610626;-0.0282647213173792;-0.51543646418144;0.424426035911988;-0.179988638291013;-0.59110221364316;4.67342010760333;0.308712228476952;0.577359021413636
5.89739363507667;11.564730774386;3.31847247813621;-0.029349599414339;-0.539762407347623;0.420579725238756;-0.188210829755903;-0.612997696061092;4.69757798870617;0.298662326732752;0.581600783853059
5.9071016392372;11.5425817462966;3.31412677760169;-0.0304470295933832;-0.564029566026559;0.416558959098168;-0.196449217368698;-0.63479637856836;4.72176113966059;0.288562547437184;0.58589242384385
5.91661021944928;11.5204206525711;3.30963345020063;-0.0315575753959373;-0.588240842616926;0.412362788213265;-0.204703599672765;-0.656491356882994;4.74587601417322;0.277217937897243;0.590162796136689
5.92593922218857;11.4982475182816;3.3049907990673;-0.0326819000095195;-0.612402795635362;0.407988895193083;-0.212973926189633;-0.678075667479467;4.76993174480715;0.264654587140846;0.594423995558812
5.93534607685311;11.4760710461222;3.30019822753172;-0.0338202679453574;-0.636513471377814;0.403435865004581;-0.221259942860882;-0.699542303253212;4.79402084674379;0.252026067156139;0.598750364209244
5.9444279677463;11.4537968881839;3.2952549753321;-0.0349730097305059;-0.660570883114033;0.398702043974558;-0.229561347083898;-0.720884201699734;4.81807534432858;0.236266003880969;0.602748152814339
5.95344949792328;11.4314831249795;3.29015974385241;-0.0361405675655795;-0.68457444715475;0.393785168067424;-0.23787800124313;-0.742094222758314;4.84214383067646;0.2193764514481;0.606674793106182
5.96254755666814;11.4091591781754;3.28491256757612;-0.0373231454555908;-0.708517067307118;0.388684186261567;-0.246209666209748;-0.763165175730342;4.86625053666948;0.202424776991696;0.61066355542156
5.97119680584434;11.3867150043481;3.27951727899615;-0.0385205075808776;-0.732378629743037;0.383401787372967;-0.254556019832729;-0.78408991988366;4.89030361235851;0.185552696192503;0.614645623722592
5.97990940178007;11.364252922079;3.27397790666508;-0.039732894592521;-0.7561449177476;0.377940979277444;-0.262916709692288;-0.804861376503218;4.91439623504273;0.168624073924929;0.61868594283344
5.98856217176966;11.3417820800264;3.26829536916151;-0.0409613072391653;-0.77981748787936;0.372301723814895;-0.271291317152798;-0.825472445246875;4.93847546200385;0.152520317458147;0.622682517143645
5.9968044063845;11.3193233375851;3.26247101948587;-0.0422064825233556;-0.803395322644676;0.366484340556898;-0.279679397505197;-0.845916013388342;4.96239887195082;0.139639876118086;0.626368761850734
6.00515535029791;11.2968437369714;3.2565059654796;-0.0434690993309677;-0.826878044466315;0.360488840955609;-0.288080343750814;-0.866184946030588;4.98637950388576;0.126671314100271;0.630143127235575
6.01326582298341;11.2742978625142;3.25039595240384;-0.0447505501845234;-0.850282072738028;0.354309675493913;-0.29649352353533;-0.886271919778936;5.01033980902193;0.116040091696929;0.633685474281906
6.02106231331996;11.2516718051333;3.24413071518106;-0.0460525599654636;-0.873635257881767;0.34793482546053;-0.304918336230889;-0.906169219439371;5.03427145614817;0.108325268621546;0.636927557700722
6.02898516988699;11.2290151843651;3.23770474446919;-0.0473752743299836;-0.896938078843499;0.341356733376251;-0.313353908787279;-0.92586885406772;5.05827341691835;0.10050695430803;0.640273132357672
6.03656300596617;11.2060628762977;3.23111433913949;-0.0487185668865105;-0.920182563157093;0.334569523282836;-0.321799314468386;-0.945362594501801;5.08244430943944;0.0960907347349478;0.643477864531142
6.04399969500902;11.1829527124599;3.2243541795669;-0.0500827708316451;-0.943365400532234;0.327565504249265;-0.330253702685417;-0.964641905684564;5.10672154191202;0.0932549443978263;0.646630507365725
6.05149145033337;11.1598029892022;3.21742354286865;-0.0514675746956505;-0.966468562721944;0.320341642922473;-0.338715979044429;-0.983698077458471;5.1310533335589;0.0903803110745562;0.649821993186457
6.05860891764288;11.1363654644215;3.21033032482085;-0.0528718671354316;-0.989455000853325;0.312904032585232;-0.347184969600283;-1.00252250251451;5.1555477392212;0.0885013569388812;0.652869694430024
6.06567877889328;11.1128636903158;3.20308310538756;-0.0542954371964442;-1.01229896998978;0.305259773573117;-0.355659521567073;-1.02110671204842;5.18008987287365;0.0867376968056194;0.655880863375487
6.07266125729302;11.089310528442;3.19568507887854;-0.0557394235178414;-1.03499826201762;0.297410403492098;-0.364138346544653;-1.03944220501958;5.20465624091734;0.0848683616597085;0.658791670425259
6.07922997544314;11.0656628657857;3.18814404987576;-0.057204102081109;-1.05754009332246;0.289362374186418;-0.372620166118814;-1.05752060666025;5.2291992645135;0.0822609785577429;0.661267507361525
6.08576854416945;11.0419713342836;3.1804667876344;-0.058690074217471;-1.07991967736479;0.281121117421679;-0.381103668221632;-1.0753336416663;5.25377652119324;0.0796944502816515;0.663702489471916
6.09208081703774;11.0182263680937;3.17265588824062;-0.0601984815983722;-1.10214461203403;0.2726875423036;-0.389587481903822;-1.09287299170733;5.27834618151089;0.0766204529638849;0.665943124064437
6.09805123376877;10.994420824853;3.16471543727012;-0.0617298257238759;-1.12421654041709;0.264064050391226;-0.39807028313977;-1.11013034380089;5.30288899644578;0.072702561127671;0.667899229955758
6.10398941950758;10.9705705091112;3.15664856641893;-0.0632845689601269;-1.14613894647797;0.255251920674187;-0.406550577420993;-1.12709735294705;5.32746743437111;0.0688271459700918;0.669812859168445
6.10955832292924;10.9466930102246;3.14846148282762;-0.0648625133385116;-1.16790747054411;0.246255737792886;-0.415026779635968;-1.14376574986401;5.35198574667845;0.0636442926464277;0.671351592461111
6.11489828309011;10.9227787394362;3.1401628731292;-0.066463163432038;-1.18951464808695;0.237082862328692;-0.423497412565128;-1.16012743419364;5.37648896119941;0.0576572510179618;0.672652965342822
6.12022099211723;10.8988171577007;3.13175666943438;-0.068086900774934;-1.21096667446048;0.227735407107953;-0.431960853111471;-1.17617429877399;5.40103460502176;0.0516981503263402;0.673926397287689
6.12496216706977;10.8749794298337;3.12324774975744;-0.0697336939824308;-1.23226593972149;0.218216443922771;-0.440415372056976;-1.19189825702287;5.42533925498415;0.0456571714692091;0.674797518133417
6.12966891094072;10.8511118882728;3.11464096947793;-0.0714033987290066;-1.25341443893083;0.208528958071722;-0.448859305290453;-1.20729123322092;5.4496664615239;0.0395495274630528;0.675651016317225
6.13435636705576;10.8271977872916;3.10593622884801;-0.0730965302334468;-1.27442350550449;0.198670219979152;-0.457290896794071;-1.22234495482406;5.47403563201796;0.0334724204226947;0.676560692387931
6.13814642219628;10.8033749624094;3.09712504228934;-0.0748144867235601;-1.29531590242388;0.188627633167277;-0.465708311386752;-1.23705058820459;5.4981580594111;0.0282660941318008;0.677519936637762
6.14211551667667;10.7794623172222;3.08819945312446;-0.0765578223136731;-1.31610284921704;0.178388699353163;-0.474109654948559;-1.25139870396221;5.52239786780235;0.0229020848271768;0.678636863901323
6.14585239380738;10.7554600802102;3.07915657618336;-0.0783259521962012;-1.33677938146884;0.167946383588395;-0.482492952127269;-1.26537942278604;5.54668925788754;0.0179932061477798;0.679842750398403
6.14890937310057;10.7313652232227;3.06998914673097;-0.0801191336494253;-1.35734799014573;0.157288300867464;-0.49085621993062;-1.27898217374124;5.57097726430318;0.0142129144663604;0.681070559086817
6.15215536965966;10.7071474950016;3.06069260288815;-0.0819370535011665;-1.37780223715398;0.146404850549384;-0.499197335376998;-1.29219572483491;5.59541156097505;0.010258706840362;0.68247228371981
6.15489585139271;10.6828374746829;3.05126575184026;-0.083779005703863;-1.39812925319118;0.135290138094012;-0.507514085756316;-1.30500823628876;5.61987556162962;0.00733197073920068;0.683735206928974
6.1572713033144;10.6584123262632;3.04170660985469;-0.0856447269549889;-1.41831989083937;0.123937140354477;-0.515804339295288;-1.3174071261625;5.64441594971047;0.00518752900160891;0.684927956958902
6.15983257194844;10.6338279634627;3.03201469058656;-0.0875338744666547;-1.43836355468365;0.112340384235915;-0.524065847045154;-1.32937901407118;5.66913337253975;0.00286108509997561;0.686302709152871
6.16148065650236;10.6091634994786;3.02218716650975;-0.0894466677956224;-1.45825546619153;0.100491327705452;-0.532296268789887;-1.34090947472453;5.69385283787211;0.00180768772705881;0.687813427158633
6.16300307030553;10.5843458890809;3.01222200520816;-0.0913831985282908;-1.47798939714879;0.0883820338791508;-0.540493358432529;-1.35198290583569;5.71871709996933;0.0009697384404895;0.68948481838394
6.16464819340305;10.5593456817181;3.0021219529847;-0.0933429366810178;-1.49755310224204;0.0760100877015637;-0.548654816837142;-1.3625825791068;5.74377137701319;-9.99945655444368e-09;0.691293930830369
6.1652034851325;10.5342746633185;2.99189333881429;-0.0953252899859024;-1.51693515510906;0.0633773087726475;-0.556778261886489;-1.37268997831434;5.7688485441678;0.00022810351005997;0.692141475535167
6.16580931612843;10.5090497355927;2.98154431352366;-0.0973295722650607;-1.53612565098749;0.0504876673074643;-0.564861276685695;-1.38228524144287;5.79408074601316;0.000386507503345238;0.693058729756198
6.16620986046805;10.4837114025334;2.97108284995819;-0.0993549118275009;-1.55511536750363;0.0373448210070169;-0.572901400855733;-1.39134827440248;5.81942224474535;0.000708818068500107;0.693548316951673
6.16592687587405;10.4583503630319;2.96051867495482;-0.101399973700915;-1.57389287424612;0.0239545618421511;-0.580896146606897;-1.39985884914851;5.84478486300286;0.00163720646253803;0.692674347663948
6.16561861905261;10.4328606038766;2.94985932393977;-0.103463707548288;-1.5924511950387;0.0103198356207905;-0.588842886986803;-1.40779649873564;5.87027648602032;0.00256531096692816;0.691800662265871
6.16481207306521;10.4073428167228;2.93910949456458;-0.105545290274539;-1.61078636620014;-0.00356024274198652;-0.596738959123701;-1.41514035855461;5.89580701632529;0.00400203914300427;0.690947309514263
6.16349324424662;10.3817920272477;2.92827217491534;-0.107643839399923;-1.62889398663253;-0.0176890880529825;-0.604581749918468;-1.42186904906339;5.92139181947594;0.00595789751936004;0.690122659373199
6.16214654444543;10.3561021521562;2.91735034823112;-0.109758171423114;-1.64676669176383;-0.0320704936145253;-0.612368463864298;-1.42796064383273;5.94711696831065;0.00790474776319193;0.68930701736466
6.16000935420603;10.3304565824122;2.9063477427213;-0.111886812444923;-1.66439433263807;-0.0467076310718348;-0.620096261137511;-1.43339268071171;5.97285143604584;0.0108312276678889;0.688418302740196
6.15755671804091;10.3047303714236;2.89526852686225;-0.11402816485173;-1.68176563530512;-0.0616034269426569;-0.627762430548473;-1.43814215751694;5.99869429494321;0.0141131653461723;0.687518157361196
6.15507164116697;10.2788531608486;2.88411775841115;-0.116180485228501;-1.69886831508646;-0.0767599451033887;-0.635364187839084;-1.44218555779914;6.02469055687095;0.0173763585551459;0.686636756451505
6.15150581501391;10.2531432025387;2.87290198168108;-0.118341843999731;-1.71568919441546;-0.0921775307504782;-0.642898699359177;-1.44549892155979;6.05064661728941;0.0221914195790082;0.685322376447125
6.14784777867145;10.2272966202054;2.86162868344797;-0.1205102707035;-1.73221576969495;-0.107855499308873;-0.650363131030312;-1.44805789064612;6.07675077496963;0.0270614324377448;0.684000241885605
6.14392678749934;10.2013762137213;2.85030474143741;-0.122683988221704;-1.74843803785642;-0.123794303236038;-0.657754615851409;-1.44983765359297;6.1029660690568;0.0322519559051324;0.682663013217808
6.13908800310417;10.17561481028;2.83893652251616;-0.124861298576167;-1.76434734187009;-0.139995487185861;-0.665070309161393;-1.45081289123084;6.12917796982125;0.0387940376680809;0.681243644718603
6.1341739010323;10.1497116205488;2.82753075460442;-0.127040403153141;-1.77993492502597;-0.156460510325506;-0.67230729533392;-1.45095778187459;6.1555431672873;0.0453412659278139;0.679819129722613
6.1287148996101;10.1238430255311;2.81609451845696;-0.129219434565475;-1.79519222864869;-0.17319077302246;-0.679462660152931;-1.45024601130003;6.18198148994053;0.0527144333683194;0.678308233367402
6.12254887589038;10.0980652485643;2.80463405453947;-0.131396655840631;-1.81011215773734;-0.190189415090439;-0.686533594658183;-1.44865069727599;6.20848646369761;0.0611902401368536;0.676686923105896
6.11629132850643;10.0721470343957;2.79315661834348;-0.133570119336699;-1.82468667180891;-0.207458650545008;-0.693517215016706;-1.44614446154552;6.23514937285909;0.0696730012674057;0.675058658482373
6.10919599625106;10.0464080565619;2.78167259681253;-0.135737432633725;-1.83890591931824;-0.224996483463058;-0.700410622270563;-1.44269970122038;6.26184841253738;0.079580978961898;0.67308630498925
6.10161460289795;10.020693919893;2.77019411221203;-0.137896145482326;-1.85276158279226;-0.242798626236739;-0.707211021094961;-1.43828879903823;6.28865688787263;0.0902282155640228;0.670931891129496
6.09392004137087;9.9948460851304;2.7587324458167;-0.140044144917149;-1.86624927789126;-0.260862460081713;-0.713915588217133;-1.43288416224321;6.31562570021223;0.100890001009808;0.668762928426083
6.08513199298805;9.96942591624986;2.74730432895529;-0.142178570706492;-1.87936214075394;-0.279177075223451;-0.720521480187316;-1.42645886971993;6.34252207134839;0.113042401397723;0.666308637849717
6.07608666898472;9.9439617091465;2.73592849690263;-0.144296633935511;-1.8920969834276;-0.297728305542417;-0.72702586760854;-1.41898713973279;6.36954509356516;0.125412773200415;0.6637799335457
6.06676769221685;9.91848684914284;2.7246191668237;-0.146396535064846;-1.90445864054121;-0.316509379660298;-0.733425915890204;-1.41044430036605;6.39667094507633;0.13778433280695;0.661110870631415
6.05645784321682;9.89354146378978;2.71339362861585;-0.148475931059506;-1.91644993453574;-0.335508643800407;-0.739718816509365;-1.40080758589243;6.42366289270551;0.149873301492504;0.65777537738564
6.04596230733788;9.86853830066226;2.70226930499432;-0.150532602682684;-1.92807595823617;-0.354714203685093;-0.745901741032414;-1.3900568536222;6.45077957465163;0.162061696178076;0.654340458139847
6.03496808025698;9.84374326920273;2.69126075418001;-0.152564819895788;-1.93934506864696;-0.374119165749202;-0.751971883973935;-1.37817520866912;6.47790274950609;0.173531290047193;0.650229852565905
6.02323346156763;9.81937118064474;2.68038277306933;-0.154570613547193;-1.95026371372475;-0.393716415507453;-0.757926494210284;-1.36515016261034;6.50495270286027;0.183670712701444;0.644993141073374
6.01128402431515;9.79499387829565;2.66965014271;-0.15654772473558;-1.96083544774563;-0.413498931313748;-0.763762768184602;-1.35097496465679;6.53210121885047;0.193956788479565;0.639609776456974
5.99866215746742;9.77103923095128;2.6590766161097;-0.158493419411909;-1.97105795839274;-0.433461508261014;-0.769477914528321;-1.33564981229632;6.55917771515472;0.203177281376384;0.633637564966662
5.98550633863359;9.74739582081787;2.6486750399534;-0.160403687812963;-1.98091478652065;-0.453600389724212;-0.775069202108735;-1.31918248041384;6.58623481056287;0.21174339922163;0.627197070673816
5.97211786088655;9.72379816155867;2.63845887766449;-0.162271539321183;-1.99035906967222;-0.473909851442626;-0.78053385607985;-1.30165736728139;6.61336598928582;0.220496349414145;0.6205697440337
5.95790995735983;9.70079253841208;2.62843165387518;-0.16410128311007;-1.99944536676364;-0.494402622890804;-0.785869117296794;-1.2831784193776;6.64040527956843;0.229981661954293;0.612840170303397
5.94334598979561;9.67797096524861;2.61859389876907;-0.1659033387187;-2.00828965866434;-0.515098496977604;-0.791072285984965;-1.26382469841919;6.6674780214478;0.239781789020149;0.604719009686313
5.92849545537623;9.65525948661765;2.6089541151185;-0.167683368831235;-2.01697284580061;-0.536002147471492;-0.796140653846617;-1.2436784469433;6.694613784458;0.250042091173446;0.596348657564192
5.91259857783774;9.63302696633948;2.59950219905267;-0.169447959426967;-2.0255689258892;-0.557160171502011;-0.801071561209172;-1.22282346820521;6.72194500604418;0.264471650215877;0.587145501139756
5.89649512114036;9.61086521958925;2.59022936055421;-0.17120158709581;-2.03413109918643;-0.578620314979317;-0.805862414355664;-1.20133698668052;6.74933961019584;0.279068658326637;0.577774895646992
5.87981898861209;9.58888428479704;2.58114354560358;-0.172944214216251;-2.04268167051259;-0.60039431512973;-0.810510645619695;-1.17929177143037;6.77693045814293;0.29603100049153;0.568488060165124
5.86205252927832;9.56721228859745;2.57224474829206;-0.174676380659606;-2.05123876204596;-0.622513665259266;-0.81501375437377;-1.15675693012538;6.80495406420164;0.318472389690973;0.559683694214884
5.84412295609833;9.54557442684665;2.56353632676581;-0.176397325168967;-2.05980849687917;-0.64500334867027;-0.819369275474153;-1.13379264971342;6.83305507228967;0.340996728208837;0.550796378946224
5.82526376583863;9.52431405071049;2.55503213064156;-0.178103770331902;-2.0683800767546;-0.667861479219757;-0.823574764956936;-1.11044989489196;6.86147465445941;0.365812568549055;0.542009134752224
5.80555723241908;9.50337772457731;2.54674811861083;-0.179791733301715;-2.0769358884245;-0.691078121425448;-0.82762785924534;-1.08677281610713;6.89022664937056;0.392664611559711;0.53334830805884
5.78571183347282;9.4824450483259;2.53869666984825;-0.1814578096672;-2.08545904094099;-0.714650590656712;-0.831526223938008;-1.06279613418866;6.91907135069302;0.419525930576975;0.524678205358848
5.764653903974;9.46231590329677;2.53089799440994;-0.183096886695817;-2.09392230954074;-0.738549974729072;-0.835267541111851;-1.03854374620396;6.94820241442885;0.44573101742304;0.51690756348345
5.74311769204801;9.44243287973668;2.52337446050442;-0.184703369602612;-2.1022949690179;-0.762734378099606;-0.838849570599142;-1.01403405838797;6.97751355650849;0.471701459183621;0.509448715269263
5.72144196271442;9.42254477830779;2.51613668757386;-0.186274208544437;-2.11055930958214;-0.787193649238984;-0.842270117768645;-0.989275675251881;7.00693079330239;0.497643606707882;0.502018161291396
5.69853120122302;9.4041368378913;2.50921034802029;-0.187803062370057;-2.11867987695933;-0.811861142108961;-0.845527018190355;-0.964267047266467;7.03632050685141;0.533676965388554;0.493344942084618
5.67545656369455;9.38576197836951;2.50261921512019;-0.189284025409345;-2.12662340457917;-0.836664901336036;-0.848618157619784;-0.939007631279696;7.06581752974382;0.569782091745799;0.4846682949742
5.65210366728124;9.36781384693171;2.49636998700257;-0.190715066259902;-2.13437784509338;-0.86158749296611;-0.851541459594627;-0.913495379461773;7.09527076713803;0.609175082741008;0.475473764420961
5.62818475053493;9.35126919150361;2.49047684211533;-0.192092364347628;-2.14192141444686;-0.886576160487622;-0.85429491008305;-0.887725490540846;7.12435409916088;0.659834131740783;0.464479697108548
5.60408886382447;9.33483108221135;2.48495002443992;-0.19341296509158;-2.14923706703851;-0.911585104545146;-0.85687656026125;-0.861697602076809;7.15352297287015;0.710581595915449;0.453397214621242
5.57971397115931;9.31923011023888;2.47978925183383;-0.194676384878528;-2.15632166879903;-0.936609766679251;-0.859284489278942;-0.835415359377959;7.18246300947904;0.754354878169173;0.441317745469142
5.55504598995374;9.30462475245618;2.47499219507378;-0.195882565323138;-2.16317454530094;-0.961655485746827;-0.861516840192788;-0.808882713334253;7.21113051325455;0.789936807687037;0.428041673833286
5.5302058377698;9.29020464399892;2.47055810194706;-0.197030976378535;-2.1697922128954;-0.986720270205339;-0.863571823517967;-0.782104533680005;7.23985285105008;0.825689130563465;0.414595208838866
5.50497266636821;9.27687706378148;2.46648369309028;-0.198121712391882;-2.17617475318645;-1.01181739497285;-0.86544768563922;-0.755087203005873;7.26838944743848;0.852089117628969;0.399250694816832
5.47948115385247;9.26416563528382;2.46276447768084;-0.199155192180336;-2.18232420121752;-1.03697253479915;-0.867142766205198;-0.727835492584866;7.29687448956222;0.874430133855857;0.382940761956406
5.45384186346152;9.25168316197234;2.45940029747543;-0.200130619653498;-2.18823518957432;-1.06218750638751;-0.868655486501606;-0.70035302119927;7.32539089452013;0.896975646349654;0.366426332829071
5.42770294455355;9.24055757177197;2.4563900590834;-0.201047503389956;-2.19390414519703;-1.08747285107988;-0.86998431203495;-0.672643462268614;7.35379902432453;0.911934618133529;0.348214852095855
5.40140611384274;9.22977505843982;2.45373292217572;-0.201905326014041;-2.19932737253529;-1.11284133148335;-0.871127800828111;-0.644709294606505;7.38222059886203;0.926469944048087;0.329661876249634
5.3749264821385;9.21943072930397;2.45142985997839;-0.202703025947072;-2.20449767411605;-1.13829207253162;-0.872084569472636;-0.616553561279081;7.41064903604144;0.940943298704819;0.310164515299413
5.34798382196611;9.21032807913919;2.4494794716993;-0.203440479884145;-2.20941420700671;-1.16385532517007;-0.872853291915149;-0.588178885926101;7.43908783308328;0.954105731964532;0.286521929152259
5.3209478751762;9.2014957187156;2.44788205320094;-0.204117100838309;-2.21407340383411;-1.18955561297776;-0.8734327562158;-0.559585537290013;7.46752993232857;0.96749180590979;0.26265570231956
5.29355132996596;9.19336254448649;2.44663954294244;-0.204731799367809;-2.21846846130053;-1.21540611397291;-0.873821781594463;-0.530772973973888;7.49610823200678;0.982004206992168;0.23697051476292
5.26564463542582;9.18617487850206;2.44575335549384;-0.205284111641958;-2.22259766589412;-1.24145392241245;-0.874019247318068;-0.501737940144664;7.52492569446379;0.998157182728744;0.208543307891343
5.2376903191125;9.17924465552561;2.44522743047136;-0.205772673429822;-2.22645333754672;-1.2677240279737;-0.874024179626327;-0.472473623354024;7.55372624638642;1.01449463907184;0.179931620413241
5.20907565388232;9.17336204048328;2.44506695464569;-0.206195692669396;-2.23002479777579;-1.29422777778847;-0.873835639464756;-0.442971170796888;7.58293932951661;1.0309152323909;0.150569730812619
5.18005826033102;9.16820429365793;2.44527782930111;-0.206551495896749;-2.23330282894078;-1.32098882407794;-0.873452739119897;-0.41321937774061;7.61241154492071;1.04740324256523;0.120724521927839
5.15104400146395;9.16325986025319;2.44586664503343;-0.206837976519911;-2.23627476552809;-1.34800908736816;-0.872874714731023;-0.383205868643599;7.64184408880157;1.06399420051849;0.0907763652641269
5.12113102000208;9.15987345486619;2.44684055543922;-0.207053151777127;-2.23892932153666;-1.37529852481845;-0.872100852149789;-0.35291788821037;7.67194814502965;1.07626609237854;0.0669862702834166
5.0910902137531;9.15688720367318;2.44820753427762;-0.207195002170924;-2.24125548030689;-1.40287084107875;-0.871130520655924;-0.322342987620967;7.70213701278379;1.0877546954796;0.0443092768871018
5.06099648880323;9.15420382378236;2.44997500169739;-0.207261343248709;-2.24324017365866;-1.43071843067489;-0.869963183932341;-0.29147136343836;7.73235013590929;1.09919915635141;0.0229635429475498
5.02985845848046;9.15346131119732;2.45214996090378;-0.207250136420058;-2.24487110075932;-1.45882966152001;-0.868598357853697;-0.260298025557303;7.76349701789322;1.11014086807076;0.0169428076161563
4.99877694825536;9.15276668266471;2.45473935370872;-0.2071595063464;-2.24613725909609;-1.48719563102154;-0.867035667601927;-0.228825304984809;7.79458628914025;1.12092250934935;0.0110821427255072
4.96750212321377;9.15289232613513;2.4577467483631;-0.206987869793181;-2.24702732993691;-1.51577791476111;-0.865274782686868;-0.197067464799414;7.82586136656083;1.13103152113894;0.00609629413938395
4.93573054807202;9.15476938822404;2.46116593315952;-0.20673472168241;-2.24753114058679;-1.54446964024847;-0.863315426041672;-0.165054353773128;7.85768834174029;1.13979897066263;0.00290001701844156
4.90397413245114;9.15660745714754;2.46499093379351;-0.206400431252109;-2.2476462521235;-1.57320066136018;-0.86115749973366;-0.132830012797636;7.88949790681832;1.14827017007817;-9.99434512927166e-09
4.87250167700468;9.159857617283;2.46921239802599;-0.205986122877548;-2.24737429946024;-1.6019000814914;-0.858800959996191;-0.100454784161219;7.9211377391936;1.1553799667499;0.000533308931771281
4.84124470729037;9.16429048064639;2.47380759758133;-0.205494700745199;-2.24672168009034;-1.63043545704114;-0.856245780185217;-0.0680032797491709;7.95270747839619;1.16132520682916;0.00396147771139491
4.8099407520051;9.16870988057018;2.47876036841172;-0.204929066681732;-2.24570022001299;-1.65874716116463;-0.853492065427425;-0.0355572242406868;7.98432185348393;1.16700960868236;0.00765048471708152
4.77960768511658;9.17481105953717;2.48405639181932;-0.204291997644895;-2.24432256605466;-1.68680226280955;-0.850539983800877;-0.0032057663105003;8.01526243091311;1.17406198220928;0.0137940334336285
4.74951691954124;9.18144637364899;2.4896766059241;-0.203586784727649;-2.24260224919277;-1.71455497377815;-0.847389752755849;0.0289566452346896;8.04607608967465;1.18142707928972;0.0207251158010307
4.71937870311284;9.18816344924759;2.49560615648468;-0.202816218301994;-2.24055186264344;-1.74199142026454;-0.844041691878536;0.0608343189217554;8.07695377083892;1.18864389512302;0.0278152210046625
4.69053678907684;9.19669258825586;2.50183317603015;-0.201982560116877;-2.23818184806856;-1.76911669143899;-0.840496191444963;0.0923306834857164;8.1070303766561;1.19353853583973;0.0387308864071528
4.66166477877939;9.20535760497449;2.50834482257811;-0.201088023142077;-2.23550140046433;-1.7959342781822;-0.836753732483956;0.123348798040741;8.137174621436;1.19841286582091;0.0496668625451638
4.63308035550251;9.21449282990488;2.51512607336197;-0.200135025195996;-2.23251958870719;-1.82244159841141;-0.832814864344802;0.1537945982346;8.16718331332019;1.20134435836722;0.0628292077990284
4.60548396593594;9.22483455543964;2.52216491700932;-0.199125539476077;-2.22924380561316;-1.84865027502586;-0.82868021253774;0.183579843364213;8.19665384104105;1.19818669455808;0.082981336890012
4.57789799207232;9.23535485809168;2.52944788132308;-0.198061702528899;-2.22568152864693;-1.8745673571259;-0.824350573195287;0.21262458386627;8.22617777577027;1.19509210844163;0.103070388288307
4.55087106760315;9.24659294619024;2.53696057362348;-0.196945812399359;-2.22184068867594;-1.90019757001696;-0.819826813479284;0.240862441199311;8.25544805541317;1.18965940898127;0.125085769667825
4.52448694372188;9.25862215639488;2.54469259606939;-0.19577963920041;-2.21772757052577;-1.9255592838323;-0.815109838696792;0.268244220395369;8.28444501889436;1.18162609404286;0.149239724636906
4.49815548212496;9.27084827888437;2.55263047777742;-0.194565467167155;-2.21335030738365;-1.95065957650211;-0.810200725064842;0.294741635414103;8.3134764491202;1.17370978755484;0.173276671155598
4.47259347189286;9.28397786043715;2.56076058620552;-0.193305753034218;-2.20871815607687;-1.97550402231778;-0.805100627185503;0.320352650755519;8.34221322484152;1.16607827320902;0.198665423808223
4.44740879026991;9.29760700512909;2.56907163762013;-0.192002771145077;-2.20384040825992;-2.00010350891219;-0.799810723941032;0.345192849235492;8.37084924714705;1.15866200311024;0.224527540168487
4.42231381335033;9.3114349816126;2.57755021078103;-0.190642304051763;-2.19855969460003;-2.02445722893895;-0.794332328556731;0.369298808947935;8.39950183516669;1.15139528548063;0.250240104059582
4.39819255950494;9.32627190944946;2.58618771905389;-0.189215094647558;-2.19276374760246;-2.04857602905539;-0.788666843709262;0.392688441531478;8.42782089791088;1.14287851297484;0.273926895846911
4.374248816435;9.34136878442846;2.59497666599974;-0.187717527497526;-2.18639354885626;-2.072471334882;-0.782815749502704;0.415378534505091;8.45612670060805;1.13444590120913;0.297305688631277
4.35055547487307;9.35679997583264;2.60390561566846;-0.186149286318466;-2.179418734249;-2.09614171664395;-0.776780624969029;0.437385169457607;8.48440206271931;1.12535058383626;0.319663364607338
4.32762268258263;9.37311114738718;2.61297249029347;-0.184509859982336;-2.17181679181635;-2.11960858960126;-0.770563114244491;0.458723107858689;8.51254397593995;1.11226839574544;0.337643261359312
4.30483098871051;9.38960892695825;2.62217423541198;-0.182799814684072;-2.16357591855481;-2.1428880795722;-0.764165014816078;0.479406003840461;8.54068003892566;1.09937000144206;0.355439364323852
4.2824345684508;9.40664424007869;2.63150235367955;-0.181020906727201;-2.15469186599701;-2.16598053263674;-0.757588204989482;0.49944689454326;8.56881900716476;1.08611980730473;0.371652003504876
4.26056205891562;9.42438710836063;2.64095388635632;-0.179173962143259;-2.14515695691771;-2.18889853481674;-0.750834564489221;0.518857896645117;8.5969830986331;1.07224541987665;0.385584442512262
4.23884018663673;9.44228298439811;2.65052297377965;-0.177260508295811;-2.13496804679822;-2.2116459450098;-0.743906164852339;0.537650485952238;8.62512740737304;1.0585335881998;0.399354325768413
4.21766215639019;9.4609213141119;2.66020524770072;-0.175281811219898;-2.12412092693985;-2.23422886515517;-0.736805179758243;0.5558354677975;8.65333904149167;1.04559342042011;0.409889183712012
4.19686364335183;9.48003531239745;2.67000028789628;-0.173238579335544;-2.11260937201965;-2.25666115840164;-0.729533751511197;0.573422802488674;8.68158657368594;1.03315267924002;0.418496742315587
4.17621822703152;9.49926474428541;2.6799016494247;-0.171132799586126;-2.10043437546461;-2.27894151167925;-0.722094185316939;0.590422040435712;8.70980012124333;1.02084555496149;0.426970684017585
4.15617146716554;9.51955678163328;2.68991077819529;-0.168964925744924;-2.08758855009327;-2.30108529476753;-0.714488909195224;0.606841907806135;8.73832448558071;1.00457094449624;0.434045673874198
4.1363327036137;9.54006929791542;2.70003098740636;-0.166735487424382;-2.07406649636319;-2.32311040345015;-0.706720393360184;0.622690276347116;8.7668611262991;0.987746644508564;0.44084094677539
4.11668627066762;9.56077342202034;2.71025260398378;-0.164447600208688;-2.05987741082515;-2.34500532279249;-0.698791238462318;0.637974950388955;8.79540307932368;0.969818021804482;0.447377662627548
4.09769251943383;9.58272626639102;2.72054794982671;-0.162106915098898;-2.04504109950704;-2.36672034620203;-0.690704080188537;0.652704646257534;8.82443220197481;0.941175352083628;0.452160069942893
4.07878867774806;9.60467253402386;2.73089200144419;-0.159717184874964;-2.02956080383617;-2.38821272935866;-0.682461600208259;0.666888796040195;8.85339759328051;0.91250820864489;0.45696695097612
4.06040424322311;9.62690703203787;2.74125934981087;-0.157281838511874;-2.01343566255335;-2.40943999221938;-0.674066551890275;0.680537525720867;8.88224824898775;0.882728372566386;0.461204914741358
4.04296806149081;9.64972711715615;2.75159018897282;-0.154810618817537;-1.99670115644397;-2.43029121396399;-0.66552165302491;0.693663351682777;8.9109671751203;0.850745365432073;0.464273280749647
4.02560026475998;9.67252654490215;2.76184382896969;-0.15230750514692;-1.97935090863792;-2.45069729123669;-0.656829711182016;0.706280092404344;8.93962819863358;0.818727115794712;0.467376889260983
4.00925067729711;9.69528139004924;2.77200462727847;-0.149772141880384;-1.96135310453391;-2.47064022784179;-0.647993634887258;0.718401586413612;8.96764769163174;0.792279699364706;0.471752865644834
3.99372021366018;9.718035256441;2.78204923457621;-0.147207787953442;-1.94270647818651;-2.49008700087803;-0.639016338546336;0.730042076340246;8.99519644362801;0.770137540917896;0.477028011490569
3.97831410131048;9.74082854117132;2.791965905647;-0.144615853677907;-1.92340099072917;-2.50902732894115;-0.629900869098785;0.741215662648277;9.02270793443693;0.748082937412701;0.482215602394692
3.96391817917887;9.7635032238994;2.801773515976;-0.141992391996014;-1.90339378324115;-2.52750832991541;-0.62065037654091;0.751934921594376;9.04956652358153;0.728895420371196;0.489595188759059
3.9499147509374;9.78622161301176;2.81149621974952;-0.139334942746659;-1.8826596136344;-2.54558441191636;-0.611268044024726;0.762210769256461;9.07625399641757;0.710568126606497;0.497368850888684
3.93611502490304;9.80902783695502;2.82113709279028;-0.136647266109954;-1.86122433347451;-2.5632686489718;-0.601757164419323;0.772053513861523;9.10291025814299;0.692369609573016;0.505080028244201
3.92310461606022;9.83203428150809;2.83071507228574;-0.133928718194701;-1.83908089143416;-2.58060185520208;-0.592121091764554;0.78147220794771;9.12934068056168;0.672900435994054;0.51589584334298
3.9102963947717;9.85513448844996;2.84024787459873;-0.131179698493468;-1.81623217878096;-2.59762059080096;-0.582363242053408;0.79047478160433;9.15575412587526;0.653640686098591;0.52650223475826
3.89782314449756;9.87836646890776;2.84973345791302;-0.128405412101674;-1.792720984084;-2.61432480355687;-0.572487115052362;0.799068961646331;9.18212279835592;0.634409630133116;0.537344373971336
3.88591978949713;9.90180843548763;2.85917303087325;-0.125608729616051;-1.76857034872764;-2.63071979824072;-0.562496240450431;0.80726215965565;9.20841377888913;0.614910606202709;0.54917329476237
3.87421894949694;9.92533313916704;2.8685668727602;-0.122792168875729;-1.74379996845085;-2.64680876747857;-0.552394293191921;0.815061539388237;9.23468774585102;0.595618541524413;0.560795256301293
3.86294722708097;9.94900283833214;2.87791280513784;-0.119958435931777;-1.71843085092201;-2.66259033519749;-0.542185065527671;0.822474142366677;9.26090427469809;0.577360370753767;0.571927489393952
3.85210288810858;9.97281761414885;2.88720920188655;-0.117109663935312;-1.69247864978648;-2.67806382869775;-0.531872363973463;0.829506882806772;9.28707187365077;0.56012979781004;0.582570311903657
3.84145946785897;9.99670643932832;2.89645442861502;-0.114247804519698;-1.66595715164744;-2.69322832086708;-0.521460212177389;0.836166564681883;9.3132244712859;0.543103154159394;0.593009205120281
3.83131107897224;10.0207424836949;2.9056472667346;-0.111374609860558;-1.63887817973986;-2.70808333547933;-0.510952721410479;0.842459880532313;9.33931510611502;0.527914780700936;0.601939812291746
3.82147005877291;10.0448794610729;2.9147869147102;-0.108491717559746;-1.61125244201166;-2.72262882754581;-0.500353850977327;0.848393409825821;9.36538116365182;0.513519553107889;0.610195637442674
3.81182770966233;10.0690848460057;2.92387228781783;-0.105600868303857;-1.58309170758226;-2.73686406971978;-0.489667670767008;0.853973644306149;9.39143640412499;0.499325902529826;0.618249885578618
3.80271934486282;10.093433622104;2.93290536235493;-0.10270302493185;-1.55440022831811;-2.75079284331313;-0.478898326730125;0.859206883707466;9.41743304250009;0.486910342613153;0.622879654323781
3.79382549740809;10.1178581649816;2.94188813341972;-0.0997994504935168;-1.52518513534773;-2.7644185262596;-0.468049901864988;0.864099252148441;9.44342648046682;0.474755834186705;0.627195149956488
3.78518236794898;10.1423732951649;2.95082135310463;-0.0968918841203749;-1.49545860549692;-2.77774224657176;-0.457126579540027;0.868656760970254;9.46942062009004;0.463006380179067;0.631081664059437
3.77694150447478;10.1670453426104;2.95971236466666;-0.0939803434968548;-1.46521512785656;-2.79077447196795;-0.446132590300121;0.87288507936275;9.49543257418722;0.452258626051705;0.633871458272386
3.76890108453049;10.1917826258268;2.96856572164726;-0.0910662485975699;-1.43446326999752;-2.80352082211027;-0.435072285580484;0.876789660173323;9.52144375512557;0.441715178451582;0.636456945958096
3.76113141537043;10.2166954069828;2.97738236854299;-0.0881520063701169;-1.40322282541108;-2.81598127885837;-0.423950120295882;0.880375888754154;9.5475400081858;0.43147764661538;0.638312333972427
3.75364605939794;10.2417972365163;2.98616675060034;-0.0852387464845008;-1.37150062096972;-2.82816043234057;-0.412770393289027;0.88364897119028;9.57373413729831;0.421559524155615;0.63929515146769
3.7463287752254;10.2669182591269;2.99491858884163;-0.082328990113195;-1.33931913879488;-2.84005594343465;-0.401537495420491;0.886614117546497;9.59989916022329;0.411794556949313;0.64012481370949
3.73936006042181;10.2923230696433;3.00363222989791;-0.0794261635921268;-1.30671301167944;-2.85165829479452;-0.390255916041857;0.889276736399043;9.62624242090581;0.401902262346045;0.641170916346859
3.73261103130598;10.317823486362;3.01230139945946;-0.0765329324963049;-1.27371070868805;-2.86295763179807;-0.37892991963936;0.891642454362031;9.65262083342124;0.391962354684085;0.642308933154574
3.72596132744463;10.3432620733426;3.0209206878108;-0.0736511485804321;-1.24033259306453;-2.8739457149226;-0.367563798100205;0.893717083037122;9.67891418370247;0.38207597299562;0.643393423988794
3.71985804544418;10.3689995299839;3.02947954572487;-0.0707837466118466;-1.20661302880798;-2.88460839292478;-0.356161972065309;0.895506785486902;9.70536539776801;0.372263598681333;0.643720719757142
3.71384680834387;10.3946582415524;3.0379683240374;-0.0679326737502508;-1.17257676939925;-2.89493360041996;-0.344728843743034;0.897018032626668;9.73171885011931;0.362432732160824;0.64399309093261
3.70795306125909;10.4202383489294;3.04638334465051;-0.0650980501572465;-1.13822630047086;-2.90491719976422;-0.333268874892225;0.898257397833907;9.75796914817698;0.352692013928518;0.644357356433701
3.70263882574738;10.4459827121312;3.05471854604901;-0.0622811818172477;-1.10357740320557;-2.91455260388023;-0.321786538555101;0.899231629232865;9.78425628068966;0.343700270264925;0.645110044894063
3.69731562673004;10.471580116198;3.06296994431034;-0.0594828553175731;-1.06863961429637;-2.92383613540803;-0.310286324438697;0.8999475769998;9.81040132883918;0.334632703236656;0.6459385567191
3.69222720935895;10.4971367248307;3.07113715654408;-0.0567031849192907;-1.03341301653872;-2.93276840542064;-0.298772742152292;0.900412078829173;9.83645957582828;0.32604446642647;0.647051094358466
3.68753902727194;10.5227291544266;3.07921968006409;-0.053942891199366;-0.99790425546941;-2.94134991576763;-0.287250232833335;0.900631966034643;9.86247786754585;0.318316919063371;0.648589491316974
3.68281645984504;10.5481769122479;3.08721794192366;-0.0512027320997046;-0.962120326404019;-2.949582192474;-0.275723360201546;0.900614038219217;9.88836012056283;0.310497519893392;0.650219740082363
3.67844753621885;10.5736353485707;3.09513329346511;-0.0484834699185629;-0.926068231478266;-2.95746767284145;-0.264196718145345;0.900365040355132;9.9141907123806;0.303586163217796;0.651673161607281
3.67429029673109;10.5990586415384;3.10296741256505;-0.0457860076028111;-0.889756974754804;-2.9650090242746;-0.252674699558846;0.89989165915576;9.93995166083899;0.297231682405723;0.653043303484851
3.67008386703773;10.6243489048362;3.11072187157669;-0.0431114134430339;-0.853198378575765;-2.97220872421176;-0.241161751961268;0.899200532213979;9.96558935707788;0.290781452035572;0.654509194920498
3.66632969477521;10.6497002156135;3.11839866891532;-0.0404606792046915;-0.816403974350202;-2.97906956582815;-0.229662359980869;0.898298242211221;9.9912171304401;0.285597053123975;0.655705363295803
3.66261794015645;10.6749674537325;3.12599992273752;-0.0378348150240614;-0.779386192973992;-2.98559434363281;-0.218180878590733;0.897191320372894;10.0167555415988;0.280577687693969;0.656924048524471
3.65888911328588;10.7001308969335;3.13352728611286;-0.0352349701462242;-0.742160364819428;-2.99178537393687;-0.206721670812125;0.895886265380232;10.0421937613392;0.275512206094527;0.658218823715286
3.65560799305825;10.7253695759665;3.1409829163194;-0.0326620886339249;-0.704739784913847;-2.99764533127112;-0.195289062630155;0.894389536133734;10.0676448255464;0.270956266323228;0.659367422704827
3.6522673451141;10.7505024917952;3.14836891240504;-0.0301171374610789;-0.667138648640953;-3.00317675254892;-0.183887342255118;0.892707559917052;10.0929987874999;0.266310496072461;0.660605852173836
3.64901586828564;10.775587797427;3.15568701135388;-0.0276011552325457;-0.629373032525116;-3.00838184232434;-0.172520776370198;0.890846747646936;10.1182939384227;0.261463589278203;0.661085327411039
3.64604144805229;10.800703734761;3.16293940929148;-0.0251149859674246;-0.591456765446527;-3.01326308117019;-0.161193502671041;0.888813488638182;10.143585389229;0.256288537609214;0.659764604137926
3.6430017862043;10.8257273462625;3.17012808856839;-0.0226595359222839;-0.553405041212779;-3.01782272671316;-0.149909707248676;0.886614162195843;10.1687929412072;0.251024746100991;0.658532620704049
3.64013277906108;10.8507527119588;3.17725492844636;-0.020235699967145;-0.515233503086027;-3.02206292043442;-0.138673554363049;0.884255146041342;10.1939822272276;0.245094379998784;0.657226549002303
3.63739630115279;10.8757732943298;3.18432207315762;-0.0178442611348535;-0.476956455620836;-3.0259859056989;-0.127488957886613;0.881742816539379;10.2191520077893;0.238598269866282;0.655869250385097
3.63459111260841;10.9007146050287;3.19133130578579;-0.0154860952012602;-0.438590116672612;-3.02959366552524;-0.116359828837847;0.879083562813012;10.2442505747235;0.232015410207889;0.654598701293783
3.63201200421879;10.9257012701985;3.19828459017925;-0.0131619752192578;-0.400149557022382;-3.03288824083664;-0.105290066451605;0.87628378882331;10.269369994231;0.22447458514471;0.652383489156156
3.62945008692263;10.9506545428062;3.2051839868936;-0.010872637746513;-0.361649448186151;-3.03587165848711;-0.0942833681358509;0.873349917804272;10.2944544363031;0.216607776611045;0.649958458475535
3.62682246423431;10.9755429473536;3.21203108431008;-0.0086189329353318;-0.323106865943463;-3.03854570007662;-0.0833433863862964;0.870288407538575;10.3194811636542;0.208649986646883;0.64760963142963
3.62443864336946;11.0005120619382;3.21882789762433;-0.00640153476093095;-0.284536327754068;-3.04091229330297;-0.0724737190810957;0.867105748159065;10.3445638127379;0.20016754449511;0.644814254387065
3.6219909766598;11.0254263310501;3.22557639017654;-0.0042211461135082;-0.245952871292875;-3.04297328491122;-0.0616778604051879;0.863808469745884;10.3695980268798;0.19161052686141;0.642093452826426
3.61953813580647;11.050319370381;3.23227808625542;-0.00207856846052877;-0.207373784459611;-3.04473035758906;-0.050959231455383;0.860403155904321;10.394611619892;0.183289902845014;0.639650232197424
3.61720979134257;11.0752653188293;3.23893490083526;2.55567326451348e-05;-0.168813929585253;-3.04618528601934;-0.0403211274262591;0.85689644325891;10.4196659914053;0.175841743201845;0.637878738432986
3.61481810241036;11.1001669630698;3.24554857596157;0.00209053457734469;-0.130289260955851;-3.04733976431064;-0.0297668342905496;0.853295030631542;10.4446822273697;0.16832222020958;0.636178608017644
3.61245305011681;11.1250872491529;3.25212075208733;0.00411566837977243;-0.0918161750995727;-3.04819545064671;-0.0192995738712587;0.849605686639466;10.4697144891695;0.161846182784229;0.634692574237901
3.61012449712721;11.1500372845988;3.25865338848225;0.00610035898051865;-0.0534093326718685;-3.04875401552195;-0.00892237111391264;0.845835251929865;10.4947729493732;0.156490526364846;0.633424359706181
3.60773440070074;11.1749527858615;3.26514810741798;0.00804390629934548;-0.015085478017316;-3.0490170584503;0.00136174219812;0.841990650293764;10.519802826802;0.151067466734221;0.632223548385703
3.60537086745635;11.1999271282508;3.27160638552404;0.00994561735115079;0.0231381049834054;-3.04898617695083;0.0115497801902074;0.838078896343676;10.5448887604536;0.146842982055158;0.632718215716687
3.60298621708047;11.2249119595964;3.27802972471528;0.0118048513863872;0.0612445642112304;-3.04866298427733;0.0216389361815181;0.834107101026936;10.5699871340022;0.143052941070716;0.633908250559385
3.60054359802108;11.2498717895755;3.28441939195832;0.0136209484019691;0.0992159928165683;-3.04804913183888;0.0316264054129758;0.83008247935945;10.5950661989859;0.139200955030587;0.635160230457769
3.59809315232336;11.2749074435616;3.29077596266871;0.0153931735733971;0.137031401760569;-3.04714643269418;0.0415094495967783;0.826012359907131;10.6202214897739;0.136653004461649;0.637167045218858
3.59559246742637;11.299930495493;3.29709987580168;0.0171209133673062;0.174670404264737;-3.04595689399514;0.0512854378126621;0.821904187239566;10.6453691845572;0.134115741149658;0.639262489961683
3.59303652978505;11.3249486978467;3.30339212619247;0.018803765093635;0.212116478546784;-3.04448256347247;0.0609517758544282;0.817765520420761;10.670517609284;0.131796163886829;0.641627188500078
3.59043220284109;11.3500088435627;3.30965366273867;0.0204412983485583;0.24935271669206;-3.04272558279863;0.0705060102805302;0.813604036436026;10.695712716391;0.130610482559748;0.644950947502784
3.5877699279113;11.3750546594911;3.31588541464393;0.0220330757573972;0.286362047199666;-3.04068819004818;0.0799456956770277;0.809427533150114;10.7208996297256;0.129365113461517;0.648334394276639
3.58503419239373;11.4001211908321;3.32208889904071;0.0235787575962942;0.323130317623682;-3.03837248674468;0.0892684318602762;0.8052439316552;10.7461150068255;0.128220229331983;0.651739691535703
3.58222267089003;11.4252251128132;3.3282663754329;0.0250780309387393;0.359646141181446;-3.03578024362615;0.0984720524781871;0.801061282380078;10.7713758768026;0.127237838856473;0.655149027345986
3.57935208595839;11.4503189373596;3.33441960149034;0.026530340314729;0.395893758071424;-3.03291335024362;0.107554324108368;0.796887773396131;10.7966333566495;0.126195690836116;0.658618120701116
3.57635707755105;11.4754714019616;3.34055047998784;0.0279351324802542;0.431857567720359;-3.0297735940596;0.116513042874725;0.792731737599785;10.8219635076738;0.12513165733738;0.662158527350641
3.57327474678162;11.5006552825946;3.34666138159644;0.0292918905438952;0.467523621130707;-3.02636244893951;0.125346363645333;0.78860166230039;10.8473353149943;0.124034635028383;0.665757585937163
3.57013766988173;11.5258352218045;3.35275382592055;0.0305999028825876;0.502872495758057;-3.02268180299623;0.134052479159467;0.784506193434502;10.8727099202147;0.122883783668708;0.669410473574364
3.5667953592286;11.5511117003672;3.35882998226785;0.0318586258543168;0.537888330680421;-3.01873314990671;0.142629581103732;0.780454145003573;10.8982064181905;0.120757870465888;0.67305304097794
3.56339138823494;11.5764041887256;3.36489216964282;0.0330674942219682;0.572555178756989;-3.01451780913409;0.151076061956002;0.776454507915283;10.9237269390685;0.118481064969413;0.676728426607304
3.55990825426237;11.6017154836822;3.37094170491547;0.0342257917966095;0.60685135946581;-3.01003777842574;0.159390378480126;0.772516446508096;10.9492767702745;0.115855163094338;0.680498693371431
3.55615904868362;11.627140818596;3.37698037588587;0.0353329858870159;0.640758313244293;-3.00529477256776;0.167571055790777;0.768649304483234;10.9749770464977;0.111103638511114;0.684658835964346
3.55237876397593;11.6525793616417;3.38300988651587;0.0363885557324681;0.674256905788103;-3.00029059580315;0.175616677996714;0.764862604886277;11.0006949395832;0.106327481691836;0.688843610793315
3.54843850459618;11.6780638875714;3.38903115410529;0.0373919426385032;0.707324259532145;-2.9950277935274;0.183525886278235;0.761166036049606;11.0264822757357;0.100647457598236;0.69328215047109
3.54424742360037;11.7036252561663;3.39504473895302;0.0383427021464545;0.739936975619268;-2.98950941822846;0.191297473055322;0.757569435583591;11.0523849536737;0.0934058934314081;0.698138914879292
3.54003285698133;11.7292071987414;3.40105138199819;0.0392405517398779;0.772073822774963;-2.98373857441992;0.198930204459154;0.754082777762494;11.0783117420922;0.0861509674171638;0.70300904113491
3.53554772516684;11.7548373874041;3.40705209504569;0.0400853012824352;0.803715487919447;-2.97771828770685;0.206422889223743;0.750716159490192;11.1043314073145;0.0767354909550072;0.708511564395254
3.5308767223765;11.7805118217563;3.41304783541708;0.0408767745030999;0.83484253843223;-2.97145179879327;0.213774580715882;0.747479775494623;11.130427285272;0.0658656329396452;0.714437833635748
3.52618575858462;11.806212362043;3.41903966612302;0.041614830523834;0.865436226380539;-2.96494240343168;0.220984350430468;0.744383890071022;11.156552424742;0.0549897228470014;0.720370154953524
3.52107701252027;11.8319725214199;3.42503017606822;0.0422994168892453;0.895484446901788;-2.95819181538225;0.228051294411649;0.741438838506125;11.182814281064;0.044033720416427;0.727593051752114
3.51587701135237;11.8577731954959;3.43102232329558;0.0429303198466978;0.924974540681456;-2.95120125864896;0.234974669939279;0.738654999930041;11.2091337566462;0.0330702272926391;0.735067976501167
3.5106260081427;11.8836121963242;3.43701779522805;0.0435071480776992;0.953886564925473;-2.94397342913135;0.241753773601917;0.736042713768478;11.2355009142197;0.0223690526928584;0.742669410525471
3.50483070824435;11.9095550521552;3.44301960377094;0.0440296390878188;0.982206330340189;-2.93650948289016;0.248387957142936;0.73361225331483;11.2620831878166;0.0152678617201597;0.752116617294576
3.49904089912246;11.9355456357951;3.44903075295785;0.0444974369893744;1.00991795062486;-2.92881054156098;0.254876592647932;0.731373752395131;11.2887108487656;0.00819927569281481;0.761531219118327
3.49304671946172;11.9615931899633;3.45505188919918;0.0449101112690237;1.03699504198984;-2.92088084927644;0.261219097326705;0.729337036347746;11.3154392095075;0.00283468756575764;0.771456507743225
3.48657881748378;11.9877174635622;3.46108169114572;0.0452674614919174;1.06340572175306;-2.91272765297112;0.267415035298892;0.727511435516537;11.3423522440274;0.0013912577485429;0.782596703396363
3.48012532571351;12.0139034185609;3.46711965760755;0.0455696045349459;1.08912458886379;-2.9043576057807;0.273463898834217;0.725905680503395;11.3693217044451;-9.99954188896091e-09;0.793684736980371
3.47329932313377;12.0400626592628;3.47316421995493;0.0458166715660823;1.11412279427811;-2.89577931407739;0.279365219067727;0.724527547021647;11.3963568701616;0.00302754349642881;0.804469576558036
3.46614848856822;12.0662093470491;3.47921102822272;0.0460092750156452;1.13836678486365;-2.88700597795356;0.285118767902023;0.723384066938506;11.4234637644355;0.0098864433086629;0.814985747069429
3.45900029155086;12.092420509799;3.48525868354063;0.0461488640334241;1.16184394252425;-2.87804716635972;0.290724229034451;0.72248219944949;11.450632161026;0.0167919455815408;0.82545531512018
3.45134383910227;12.1184656290336;3.49130610895604;0.0462370931744008;1.18454692540836;-2.86891232040014;0.296181304633808;0.721828828837615;11.477779343201;0.0288757413678193;0.833587836449168
3.44352501229978;12.1445023716432;3.4973514422341;0.0462757086535494;1.20646862163296;-2.8596123900522;0.301489932639683;0.721430715966579;11.504964744031;0.0425205533005488;0.841004796804725
3.43568469670495;12.1705953408684;3.50339513786719;0.0462664299086871;1.22761190568875;-2.85015501528783;0.306650006066678;0.721294580947328;11.5322101765218;0.0562081888200187;0.848385804101687
3.42719636145015;12.1964123583951;3.50943705816665;0.0462108162932823;1.24797750355967;-2.84054887124017;0.311661465547359;0.721427067237393;11.5593868251263;0.0728464822819015;0.854096093649497
3.41867502050172;12.2222799800946;3.51547704350259;0.0461103442553787;1.26756655148577;-2.83080280882976;0.316524383422139;0.721834728129;11.5866218596214;0.089496048079873;0.859795110861219
3.4099774125653;12.24810530145;3.52151609607114;0.0459663560134155;1.28638382342544;-2.82092389815799;0.321238843242874;0.722524068325575;11.6138724670811;0.10674476563312;0.866184714519378
3.4007971339959;12.2736866133447;3.527554699963;0.0457800892806971;1.30443200374492;-2.81092010094055;0.325805084171594;0.723501509925145;11.6410511541883;0.125867115629546;0.874784059578405
3.39156389569526;12.2993055803116;3.53359351309304;0.0455527194586718;1.32171430873416;-2.80079915738909;0.330223375895936;0.724773388775097;11.6682831970417;0.144977895975939;0.883394974287463
3.38201837457598;12.3247849052792;3.53963412436039;0.0452853080291308;1.33823620228116;-2.79056727669233;0.334493987710156;0.726345988750565;11.695491890032;0.165120004072643;0.895328723505718
3.37212808349833;12.3501005425047;3.54567858608077;0.0449787935206354;1.3540034694663;-2.78022986246964;0.338617408562573;0.728225555455658;11.7226709140346;0.186397509914665;0.910945475237378
3.36217005001859;12.3754412319658;3.55172864141305;0.0446340654142162;1.36902037219754;-2.76979282636532;0.34259407086459;0.730418270084509;11.7498979772832;0.207645306203691;0.926591936522033
3.351767924037;12.4005578266136;3.55778608131246;0.0442519902955366;1.38329102011398;-2.75926199802127;0.346424373807393;0.732930238607101;11.777083406315;0.227348599450035;0.944401711907914
3.3411378623029;12.4255907612154;3.56385292904121;0.0438334083859894;1.39681986080603;-2.7486428037772;0.350109014419502;0.735767488618048;11.8042798404057;0.246393348569113;0.963123592079964
3.33042990002493;12.4506376837733;3.56993084251475;0.043379189243384;1.4096104965827;-2.7379413158735;0.353648718664812;0.738935931312464;11.8315196786168;0.265395284094103;0.981888285846107
3.31916765729742;12.4753626828307;3.57602188570811;0.0428901866931173;1.42166751956913;-2.7271629055236;0.357044172019814;0.742441361270939;11.8586888466136;0.280243578747737;0.996211424127126
3.30779275745987;12.500073355803;3.58212822054244;0.04236725173505;1.43299572421275;-2.71631277565382;0.360296188893178;0.746289436246259;11.885891892492;0.294795728106561;1.0103209650639
3.2962435662834;12.5247278824448;3.5882518094698;0.0418112689903111;1.44359970431415;-2.70539649329685;0.363405620953204;0.750485635134747;11.9131174228038;0.308561634431593;1.02319938760167
3.28420157667285;12.5491116677612;3.59439597861356;0.0412230031646928;1.45348640141612;-2.69441719510993;0.36637336577677;0.755035299770297;11.9403126153962;0.318907694792396;1.03022450329498
3.27207082570457;12.5734920072615;3.60056386560878;0.0406032271350309;1.46266211989551;-2.68337834471928;0.369200319595913;0.759943583129794;11.9675441425882;0.329194332985466;1.03730904115602
3.25963906050119;12.5977431183019;3.60675806358291;0.0399527953601764;1.47113252137606;-2.67228438909206;0.371887402744527;0.765215366687997;11.994796026427;0.337095150232606;1.04241234923495
3.24681781569913;12.6218117853065;3.61298229775035;0.0392724780682038;1.478905117456;-2.6611377600161;0.374435673452958;0.77085526540709;12.0220666158899;0.341635130575463;1.04467764050347
3.23390830644683;12.6458717976705;3.61923964702902;0.0385631490676148;1.48598684857746;-2.64994206211822;0.376846138802318;0.776867516320418;12.0493711873769;0.346115345361108;1.04700269732919
3.22056459198744;12.6697357303923;3.62553289393467;0.0378257760250519;1.49238507617189;-2.63870145287246;0.379119810896451;0.783255871723589;12.0767124016975;0.349443747153413;1.04727171221495
3.20694659034293;12.6934885395034;3.63186527771573;0.037061338459811;1.4981085586237;-2.62741929254097;0.381257901014927;0.790023520098803;12.1040920640302;0.352121965570829;1.04644817918298
3.19324339145951;12.717229893993;3.63823939017943;0.0362709621568107;1.50316653961399;-2.61610010858645;0.3832616166778;0.797172921155211;12.131504279786;0.35474402086309;1.04568080927617
3.17896748624269;12.7406946071263;3.64465569477753;0.0354561221936816;1.50756829665665;-2.60475219795428;0.385132153715701;0.804705529634687;12.1589705178282;0.35598022277954;1.04298146542453
3.16454435715977;12.7641121938036;3.65111437764358;0.0346184212268918;1.5113252607133;-2.59338428267791;0.386870809544317;0.812621607665645;12.1864734270984;0.35698776478095;1.04006970386663
3.14998117210682;12.7874670752961;3.65761643698476;0.033759432303958;1.51445158429339;-2.58200354578958;0.388478898842098;0.820920078783678;12.2139968143975;0.357985444145069;1.03698228992509
3.13489759838539;12.8104363538803;3.66415573480414;0.0328817194828146;1.5169606441675;-2.57062946094713;0.389957772626167;0.829597896194535;12.2414759329221;0.359244989696464;1.03223691485036
3.11972771927616;12.833383579152;3.67072680292492;0.0319877913505085;1.51886979536953;-2.55927992603321;0.391308781548216;0.838649866633424;12.268984120428;0.360444404922699;1.02755167010079
3.10436905902014;12.8560856296411;3.67732936510824;0.0310794593362037;1.52020061156431;-2.54796342839578;0.392533301794664;0.848068716980114;12.2963934535332;0.361649456312135;1.02254671779475
3.08873118137934;12.8783473638871;3.68395920711851;0.0301590307277905;1.52097541705879;-2.53669476858324;0.393632811006514;0.857844634864926;12.3235987476641;0.362903826284084;1.01691432424697
3.07299275243184;12.9005628137481;3.6906139389587;0.0292284627502583;1.52121812161402;-2.52548506760657;0.394608712345882;0.867965141306237;12.3508241835332;0.36406780754522;1.01137231941001
3.05704291887822;12.9224102250373;3.69729851683507;0.0282885746313876;1.52095289457997;-2.51433259339814;0.395462416884247;0.878415230507261;12.377874258772;0.366215504402885;1.00612158272216
3.0409105156701;12.9439741257533;3.7040205591935;0.0273396456214058;1.52020163030023;-2.50323094486305;0.39619548431521;0.889177223986832;12.4048048407813;0.369016554513818;1.00111562747941
3.02467107646384;12.9654730584266;3.71078403791209;0.0263821008314892;1.51898212191969;-2.49217956324287;0.396809386338069;0.90023034466795;12.4317478081721;0.371706713887518;0.996220562973893
3.00805870891738;12.9866449911594;3.71759668144095;0.02541520942347;1.51730409520995;-2.48117154074844;0.397305589132147;0.911550688169718;12.4586591717783;0.375549155959265;0.992331941590467
2.99128618090675;13.0076932570424;3.72446769906955;0.0244370734627991;1.51516450182279;-2.47019757718789;0.397685700968775;0.923111152992379;12.4855728707539;0.379558099033558;0.988746644020769
2.97439284823683;13.0286580293088;3.7313997019632;0.0234451469259187;1.51254232611287;-2.45925893415563;0.397951294299144;0.934869121203131;12.5124969559729;0.383512030195709;0.985340420393536
2.95704361778715;13.0492917864509;3.73839382939399;0.0224482511559953;1.5095285877115;-2.44835856036074;0.398103986073903;0.9467875174165;12.5394552150227;0.388241101035547;0.983256546625627
2.93960143088232;13.069857956931;3.74545106185554;0.0214565048252237;1.50624085530219;-2.43749866589472;0.398145511618591;0.958833485565548;12.5664218101403;0.392869160436239;0.981273684296864
2.92197033710116;13.0902569950719;3.75257024995311;0.0204771514543316;1.50277983432283;-2.42668371549726;0.398077646984673;0.970975379855949;12.593384306779;0.398159773793928;0.97954954274311
2.90401070281859;13.1103454084768;3.75974562769572;0.0195153332576328;1.49923049236699;-2.41592408679851;0.397902257698851;0.983183004941843;12.6203304162699;0.405213402853706;0.978312730898019
2.88596307372524;13.1303619051035;3.76697289560132;0.0185736930423348;1.49565945288344;-2.40522682075209;0.397621224844179;0.995427818794164;12.6472817994087;0.41216675852291;0.977176192443503
2.86772967742801;13.1500543274853;3.77424695485622;0.0176531586343717;1.49211722239406;-2.39459917503686;0.397236436387553;1.00768291844984;12.6741192404155;0.419665443983913;0.975105359122961
2.84931720525617;13.1694404298051;3.7815578495091;0.0167538833824007;1.48864188031497;-2.38405454270457;0.396749859048044;1.01992313406445;12.7008557341018;0.42763908227322;0.972207930370692
2.83081354276172;13.1887419021205;3.78890029411151;0.0158744417264732;1.4852563599621;-2.37359865747719;0.396163413179065;1.03212501839253;12.7275939531758;0.435498766125555;0.969424456055394
2.81222915044335;13.2075302464503;3.7962693388788;0.0150127736838175;1.48197299037075;-2.36323615928402;0.395479013267406;1.04426668950695;12.7540208621985;0.444297021655486;0.964635819977197
2.79354605672909;13.2260828133843;3.80365856682738;0.0141666927022756;1.4787965774059;-2.35297322776271;0.394698663489799;1.05632777095656;12.7803506121134;0.453290935708318;0.95931482895818
2.77476044524276;13.2445306141978;3.81106543718268;0.0133335009622199;1.47572417269265;-2.34281024515235;0.393824370613189;1.06828926735716;12.8066796940147;0.46214436993052;0.954134317769793
2.75597972250772;13.2623794172372;3.81849316711603;0.0125099826892178;1.47274644934939;-2.33273958439499;0.392858148091322;1.08013327581426;12.832589061363;0.473473123713829;0.947234640807394
2.73707953739961;13.280099298964;3.82594507881809;0.0116931628344454;1.46985175103955;-2.32275360349534;0.391802027082945;1.0918427604994;12.8584968054859;0.48464434502378;0.940496505841668
2.71807199652785;13.2976278639069;3.83342233827197;0.0108806020220884;1.46702805873608;-2.31284766786067;0.390658070536958;1.10340151874291;12.8843528917896;0.496035771066682;0.933635786580876
2.69897815500964;13.3148066253017;3.84093441005993;0.0100692793067647;1.46425990263964;-2.30300634234846;0.389428379763695;1.11479388061206;12.9100372182745;0.508563131537632;0.925967609585596
2.67975749373801;13.3318475177318;3.84848837405427;0.00925675642904354;1.46153309968665;-2.29321772063186;0.388115002453652;1.12600457545572;12.9357242935174;0.520904755264903;0.918485169333995
2.66036774861761;13.3486948309567;3.85608623470034;0.00844144153359372;1.45883596018569;-2.28347671935578;0.386720012518209;1.13701886594162;12.9614107525714;0.53367099693029;0.910281778535226
2.64080252011241;13.3653386470247;3.86373378678548;0.00762161291665759;1.45615633692666;-2.27377354428165;0.385245559005107;1.14782247660689;12.9870976126319;0.54695741988808;0.901215137560666
2.62111338442918;13.3818422796905;3.87143344214401;0.00679616128736616;1.45348432862161;-2.26410289127297;0.383693742163042;1.15840170508605;13.0127886997073;0.560058325877064;0.892334013554913
2.60120551793236;13.3981425711863;3.87918465482142;0.005964518740851;1.45081217304386;-2.25446323300549;0.382066677211213;1.16874364501862;13.0385185005481;0.573627200316115;0.883186028591736
2.58113642299902;13.414275735564;3.88698720718077;0.00512628120260678;1.44813315324011;-2.24485262486753;0.380366553216871;1.17883633578919;13.0642682105325;0.587296408263753;0.874024768563929
2.56094970331061;13.4302690004894;3.89483981366441;0.0042813300674142;1.44544207680132;-2.23527042698339;0.378595555608334;1.18866896126173;13.0900225921937;0.600784712927574;0.865044411819939
2.54051338181908;13.4460302937622;3.90274064845388;0.00342974890754975;1.44273505655348;-2.22571662146901;0.376755871188831;1.19823205393998;13.1158307614766;0.614516866852066;0.856588260715322
2.51995503056789;13.4616458892408;3.9106878113228;0.00257174683171969;1.44000928282004;-2.21619123762355;0.374849681407839;1.20751767723634;13.1416472799932;0.628103167919154;0.848333632625029
2.49926108983417;13.4771042357996;3.91867944576069;0.00170762027475315;1.43726288912187;-2.20669421747192;0.372879178446822;1.21651958254484;13.1674774883049;0.64144435192504;0.840405299240261
2.47833485439749;13.492333762321;3.92671391237363;0.000837710907778991;1.43449478247078;-2.19722522317685;0.370846551270226;1.22523332337463;13.1933588678589;0.654265367622609;0.833401969424272
2.45730321661501;13.5074245866616;3.9347894783341;-3.75813480466286e-05;1.43170463195611;-2.18778401876177;0.368753888030368;1.23365633511362;13.2192444384937;0.666914800649818;0.826570222278641
2.43610194701181;13.5223325940059;3.94290646331863;-0.000918048996387397;1.42889200701432;-2.17836798875514;0.366603277209513;1.24178786639311;13.2451624344766;0.679139070195318;0.820370120712318
2.41470071404468;13.5370350364354;3.9510685430326;-0.00180383533134271;1.42605579164374;-2.16897072193487;0.364396841715153;1.24962874938461;13.2711273066293;0.690814085022382;0.815026827704766
2.39319858530707;13.551595563268;3.95927692070982;-0.00269481350902157;1.42319609057529;-2.15958879016341;0.362136581808354;1.25718181010219;13.2970955657525;0.702318212695045;0.809854421851617
2.37140217878439;13.5660157632072;3.96753729733199;-0.00359319457133659;1.42029242637327;-2.1502138144854;0.359824494171883;1.26445137583726;13.3232303223725;0.713160960191244;0.803767478515347
2.3494045874574;13.5802943135654;3.97585946951227;-0.00450685362080102;1.41726541372635;-2.14083328468216;0.357462668722151;1.27143887113194;13.3494557113024;0.723559945503224;0.797223686494785
2.32732170058574;13.5944303813209;3.98424478969047;-0.00543974454715271;1.41405806008321;-2.13144480610962;0.355053121958615;1.27814561198211;13.3756755950583;0.733799170541404;0.790839654748022
2.30467511110226;13.6084993978501;3.99269111482852;-0.0063934081211738;1.41062858490527;-2.12205024733941;0.352597849066965;1.28457292565508;13.4023365260497;0.742462121340073;0.780858366290496
2.28191340264737;13.6224547504936;4.00119617457529;-0.00736797639241581;1.40694575172497;-2.11265185393292;0.350098907228347;1.29072215472693;13.4290357252735;0.750799503965271;0.770435987819159
2.25905885592103;13.636271618224;4.00975472704108;-0.00836230911425445;1.40298752536253;-2.10325531973689;0.347558329791812;1.29659475281712;13.4557422065083;0.758821066005563;0.759155103317101
2.23570549089101;13.6498236968507;4.01834777887374;-0.00937318846234522;1.39874335998692;-2.09388141405787;0.344978131128902;1.30219271898246;13.4827429193384;0.764989118334855;0.739789962380386
2.21235904217704;13.6632826525263;4.02695871487478;-0.0103974573993823;1.39420540417587;-2.08454808401844;0.342360282170427;1.30751850223831;13.5096910204854;0.771101374118039;0.720480617989782
2.1889233013867;13.6765098192648;4.03558144646732;-0.0114329839775244;1.38936440323232;-2.07526174322955;0.339706736964007;1.31257465723922;13.5366018340428;0.776892331289173;0.69945968548233
2.16530906059084;13.6893780570169;4.04420370263295;-0.0124767658849832;1.38421785852573;-2.06603542559241;0.337019473682248;1.3173640322787;13.5634946567137;0.78211555790068;0.675067981765339
2.14171216575496;13.7021628807097;4.05281718179567;-0.0135262621834636;1.37876361873782;-2.05687780035188;0.334300365509176;1.32188963861215;13.590332413005;0.787294534351958;0.650720528208577
2.11799396563821;13.7146344134;4.06142118088162;-0.0145797705001144;1.37299770176979;-2.04778944576232;0.33155125205485;1.32615441644125;13.6171296543635;0.792510398135864;0.627589877103653
2.09418921577918;13.7268521158491;4.0700156785548;-0.0156355711240703;1.366918365115;-2.03877030821324;0.328774038095389;1.33016121866145;13.6438866790296;0.797739231902898;0.605372771166309
2.07040188307326;13.7389858528737;4.07859971761631;-0.0166918087550601;1.36052652966806;-2.02982138854942;0.325970544017722;1.33391284322525;13.6705899517026;0.802920654134663;0.583203076764232
2.04639846516124;13.7507426124802;4.08717306822039;-0.0177467465945201;1.35382412751245;-2.02094297893153;0.323142543867847;1.33741201519561;13.697317942048;0.808185042289621;0.563936161772522
2.02236228619039;13.7623487926152;4.09573575433186;-0.0187987239184255;1.3468141525738;-2.01213515968243;0.32029185444312;1.34066138329336;13.7240095384192;0.813436302126639;0.545384198813822
1.99833864229826;13.7738584066636;4.10428640072075;-0.0198459904586095;1.33950160053685;-2.00339948264152;0.317420253691333;1.34366356415362;13.7506479820937;0.818658763150499;0.526964785681834
1.97407181005358;13.7849274837312;4.11282279506229;-0.020886815869338;1.33189269347171;-1.99473834923568;0.314529478119191;1.34642116859765;13.7773201326316;0.824109826402609;0.510550663352685
1.94983607485981;13.795921529366;4.12134285342186;-0.0219196116774223;1.32399392219228;-1.98615400644156;0.311621221225928;1.34893679943493;13.8039329096345;0.829525680624224;0.49417175005403
1.92555980289527;13.80673341274;4.12984506297146;-0.0229429628909823;1.31581164445424;-1.97764810362496;0.308697158798372;1.35121303689393;13.8305079769456;0.835240725893585;0.478083852809337
1.9011279445632;13.8171924729849;4.13832779843166;-0.0239555308520157;1.30735268768361;-1.96922238360081;0.305758958203287;1.35325244362487;13.8570844259703;0.841783078398044;0.462693448770898
1.87673326886667;13.8275821278765;4.14678956809623;-0.0249560777531171;1.29862405639684;-1.96087843211383;0.30280817788078;1.35505756267643;13.8835994241997;0.848296110972662;0.447332364662302
1.85224488001373;13.8377031603643;4.15522917187853;-0.0259434728436757;1.28963276184161;-1.95261752377235;0.299846347470414;1.35663091119109;13.9100969049712;0.854817575777246;0.432286768896502
1.82767176298326;13.8475683028835;4.16364551249452;-0.0269166599540716;1.28038600083086;-1.9444408109315;0.296875026722013;1.35797497943709;13.9365763142832;0.861347525536719;0.417539307399251
1.80314177776592;13.8573700969833;4.17203744693356;-0.0278746378208754;1.27089127128246;-1.936349466267;0.293895688256672;1.35909223384422;13.9629921304232;0.867854316382596;0.402815004815595
1.77846764763931;13.8668146966379;4.1804038076031;-0.028816462293752;1.26115630482157;-1.92834465758179;0.290909767385093;1.35998511932681;13.9894120691086;0.874676006911326;0.38879777765046
1.75377697986137;13.8761009237571;4.18874346616273;-0.0297412508993189;1.25118896818594;-1.92042748346165;0.287918718427961;1.36065605979604;14.0157912861066;0.881591927565264;0.375029899297514
1.72913536001548;13.885330671712;4.19705532124714;-0.0306481776855595;1.24099726119419;-1.91259898340796;0.28492395583003;1.36110745894737;14.0421047365824;0.888491483841656;0.361278385322114
1.70430443191596;13.8941127741134;4.20533828619032;-0.0315364689619252;1.23058931556813;-1.90486014765425;0.281926854087425;1.36134170131256;14.0684429277289;0.894822987229743;0.348597333392451
1.67952191302491;13.9028363292999;4.21359131146278;-0.0324054028458129;1.21997335553846;-1.89721189459172;0.278928738237061;1.36136115266586;14.0947159872705;0.901132953575779;0.335946468038263
1.65474225059967;13.9114226895554;4.22181340096198;-0.0332543075565458;1.20915767143343;-1.88965505500422;0.275930919454047;1.36116815997216;14.1209411136257;0.907315923025934;0.323531383013871
1.6298336142834;13.9196464476517;4.23000359935691;-0.0340825570407786;1.19815063080732;-1.88219038346966;0.27293469068754;1.36076505163787;14.1471722089205;0.913069982637573;0.311936001831851
1.60498249392225;13.927825876185;4.23816097849002;-0.0348895675452393;1.186960688591;-1.87481857017962;0.269941250159475;1.36015413807706;14.1733348011915;0.918818772942833;0.30034588995621
1.58008703964779;13.9357792249291;4.2462846127999;-0.0356747941951677;1.17559640901081;-1.86754026207941;0.26695178485712;1.3593377128577;14.1994698236666;0.924108358429717;0.289189462778204
1.55512692702134;13.9434703318812;4.25437359009834;-0.0364377314156211;1.16406643998988;-1.86035605175882;0.263967487247503;1.35831805352018;14.2255880232308;0.928845021425546;0.27855507102727
1.53022882071398;13.9511249387042;4.26242704910854;-0.0371779147154269;1.15237945742263;-1.85326644353146;0.260989481092032;1.35709742141773;14.2516362228482;0.933583239270269;0.267919124427442
1.50524322471182;13.9584630259001;4.27044418844096;-0.0378949188519872;1.14054415479264;-1.84627184618863;0.258018872977852;1.35567806132574;14.2776771047702;0.937892516102588;0.257871666690507
1.48025323492842;13.9656409796579;4.27842423879153;-0.0385883535358467;1.12856928221599;-1.83937259791041;0.255056740481511;1.35406220173326;14.3036775395651;0.942010376991316;0.248088278860649
1.45532875781993;13.9727901187135;4.28636644309476;-0.0392578613280915;1.11646366797593;-1.8325689831715;0.252104116471717;1.35225205559675;14.3296070545696;0.946136021304807;0.238297107606028
1.43027598323979;13.9795335407565;4.29427018049082;-0.039903125444837;1.10423603970037;-1.82586112735366;0.249162016580521;1.35024981805782;14.3555515193938;0.949618341526029;0.229229085435945
1.405274271746;13.9862211505188;4.30213482998116;-0.0405238562122413;1.09189523511608;-1.81924911511155;0.246231394013711;1.34805766750923;14.3814322014163;0.95305715934724;0.220211338198686
1.38030901749668;13.9928230895225;4.30995963980434;-0.0411197853296195;1.07945036969108;-1.812733097495;0.243313187053378;1.34567776974114;14.4072556310557;0.956437088968189;0.211299162604966
1.35523983186145;13.9990573553495;4.31774377080206;-0.0416906750080091;1.06691072932373;-1.80631325023621;0.240408333361678;1.34311228091488;14.4330883649183;0.959439521878727;0.203016166757616
1.33024241120573;14.0052774742942;4.32548646394352;-0.0422363295889844;1.05428550224411;-1.79998963354069;0.237517707387565;1.34036334648131;14.4588480411415;0.962462086844403;0.194713038855127
1.3052404395208;14.0113195593903;4.33318700953843;-0.0427565888952855;1.04158384577952;-1.79376221962397;0.234642187472373;1.33743310085476;14.4845697319966;0.965348377082892;0.186677014321756
1.2801907315539;14.0170931391799;4.34084467895881;-0.043251322559825;1.02881499601043;-1.78763094857515;0.231782650337424;1.33432366868882;14.5102761921343;0.968011383063881;0.179067924190698
1.25521338573644;14.0228594328486;4.34845897475331;-0.0437204415542282;1.01598788031128;-1.78159553000263;0.228939929049177;1.33103716032132;14.5359105040377;0.970698841514643;0.171434381589868
1.23019499127387;14.0283607272603;4.35602968625665;-0.0441638898657064;1.00311108944813;-1.77565540860203;0.226114858991665;1.32757566609585;14.5615265986207;0.973268273233779;0.164251032906487
1.20517713407924;14.0337004101456;4.36355673485917;-0.044581628498612;0.990193174380617;-1.76980989452085;0.223308250466432;1.32394125442079;14.5871079471373;0.975774135910978;0.157329831243302
1.18022671374122;14.0390338870275;4.37103994472411;-0.044973626957925;0.977243006271472;-1.76405834287596;0.220520907655044;1.32013597512106;14.6126220501138;0.978301434700345;0.150387193467949
1.15520030158424;14.044029087263;4.37847921145439;-0.0453398777159396;0.964269454335183;-1.75840002132756;0.217753643587731;1.31616185888855;14.6381421075362;0.980842769787728;0.144037199369908
1.13021481120367;14.0489646010454;4.38587432368485;-0.0456803907766305;0.951281666912109;-1.75283424574265;0.215007227471918;1.3120209207782;14.6636104020581;0.983402304134621;0.137767335931988
1.10527887845663;14.0538599594488;4.39322485128834;-0.0459951984482563;0.938289197808513;-1.74736045797013;0.212282446261705;1.30771516610717;14.689022314144;0.985942976417585;0.131535688578913
1.08026672748467;14.0584074628938;4.40053011506673;-0.0462843651478355;0.925301980706954;-1.74197823892143;0.209580087638768;1.30324659685412;14.7144444990192;0.9881289728998;0.125842685502198
1.05532035164829;14.0629568752549;4.407789277606;-0.0465479979401948;0.912330113643015;-1.73668723297444;0.206900888833363;1.2986172158635;14.7398023147808;0.990340420007641;0.120124231799855
1.03039298852614;14.0673819480255;4.41500152782414;-0.0467862515600544;0.89938353037598;-1.73148701014293;0.204245613620432;1.29382902688504;14.7651193979708;0.992407497621995;0.114571056779969
1.00543871155826;14.0715540139496;4.42216569932318;-0.0469993177094757;0.886472646881276;-1.72637733845614;0.201615007750225;1.2888840429452;14.7904200318179;0.994157265591132;0.109377671371056
0.980556506445623;14.075742116341;4.4292806991558;-0.0471874403213473;0.873607568481042;-1.72135787033246;0.199009789430443;1.28378428517485;14.8156522400627;0.995946157181364;0.104145162341048
0.955668682582724;14.0797103151443;4.4363457222406;-0.0473509062012965;0.860797791793902;-1.71642799846297;0.196430709166667;1.2785317770844;14.8408544300146;0.997296292353943;0.0991922183959963
0.930797630325935;14.0835202068668;4.44336000862544;-0.0474900275488255;0.84805270881878;-1.7115870347737;0.193878473904288;1.27312854425322;14.8660156008001;0.998324802943254;0.0944381012870524
0.906005514657966;14.08736248707;4.45032291664428;-0.0476051397926836;0.835381496464448;-1.70683416328987;0.191353815931637;1.2675766125104;14.8911036879423;0.999408125405197;0.0896291723054762
0.881173006840464;14.0908834013315;4.45723435736831;-0.0476965947362936;0.822792432620893;-1.7021681541219;0.188857509034901;1.26187799704802;14.9161845627624;0.999893968877288;0.0852282102043539
0.856390172822774;14.0943536826094;4.46409452563016;-0.047764740539878;0.810293501562478;-1.69758756332609;0.186390245231613;1.2560346976164;14.9412091849193;1.0002753529389;0.0808841058109418
0.831681590807234;14.0978509501462;4.47090322377086;-0.0478099246901092;0.79789355486523;-1.69309118628389;0.183952762802436;1.2500487080559;14.966164042271;1.00070245793709;0.0764981748142769
0.806905890628426;14.1009686578869;4.47766043087444;-0.0478325114091625;0.785601196395059;-1.68867767276754;0.181545827600975;1.2439220137698;14.9911351339754;1.00073088194888;0.0726217928535437
0.782206781831995;14.1041308949996;4.48436616199938;-0.0478328788050447;0.773425051790575;-1.68434562376172;0.179170114752005;1.23765659226051;15.0160358512119;1.00082179215839;0.0686829246950905
0.757546890380304;14.1072228821288;4.49102012764538;-0.0478114278430095;0.761374311700906;-1.68009380846138;0.176826356175074;1.23125442068781;15.0408888315325;1.00080944704568;0.0648199833700342
0.732861907867187;14.1100448783975;4.49762192955648;-0.0477685932738168;0.749458284825683;-1.67592103018231;0.174515267958028;1.22471747925175;15.0657345962544;1.00040689605251;0.0612728371135815
0.708251137913672;14.1129181534908;4.50417119765151;-0.0477048431565048;0.737686132857063;-1.67182603813254;0.172237476091957;1.2180477517676;15.0905125240827;1.00007089089852;0.0576591450179575
0.68364976188871;14.1156239659877;4.51066767818637;-0.0476206728169009;0.726066736649911;-1.66780747520006;0.169993663768548;1.21124722454178;15.1152622538507;0.999686248933678;0.0542626021398358
0.659057707592783;14.1181674125982;4.51711112709406;-0.0475166021194334;0.714608904162747;-1.66386394761551;0.167784495793239;1.2043178875094;15.1399854869555;0.999255825488556;0.051078137946408
0.634537334173886;14.1207688663214;4.52350130993969;-0.0473931750743308;0.703321362392838;-1.65999402590216;0.165610655799352;1.19726173543423;15.1646434729657;0.998896099597473;0.0478229761989419
0.60999845188611;14.1231064258817;4.52983804889588;-0.0472509576773588;0.69221267397119;-1.65619621788211;0.163472893021452;1.19008076825603;15.189293441092;0.998685039112721;0.0449062175313521
0.585497334342916;14.1253907592839;4.53612119451251;-0.0470905369343127;0.681291289073246;-1.65246898779479;0.161371847738864;1.18277699209882;15.2139008168147;0.998573993414686;0.0420623578485947
0.561064627857874;14.1277388866652;4.54235056194284;-0.0469125231020744;0.670565639827795;-1.64881079493345;0.15930817920913;1.17535242160233;15.2384460984058;0.99853690547482;0.0391445404076677
0.536589755794198;14.1297262034128;4.54852595912664;-0.0467175502606804;0.660044067669931;-1.64522007684605;0.157282608392925;1.16780908175904;15.2630015212363;0.99832252830068;0.0368062026040711
0.512177716815205;14.1317687666076;4.55464720049344;-0.046506275873448;0.649734785492774;-1.64169524202188;0.155295761946322;1.16014900956484;15.2874988621434;0.998176826688263;0.0344104803142924
0.487808942067992;14.1337895676313;4.56071410896182;-0.0462793802485258;0.639645862865568;-1.63823466977207;0.153348303937085;1.15237425572393;15.3119512816445;0.998377625809004;0.0320592010891531
0.463421344143334;14.1355336792493;4.56672651601181;-0.0460375660284652;0.629785214292122;-1.63483671129781;0.151440922044985;1.14448688645193;15.3364011662633;0.999686534613598;0.0300939707766656
0.439095886075006;14.1373502251626;4.57268426026083;-0.0457815577699559;0.620160589050796;-1.63149969162645;0.14957423502858;1.13648898541106;15.3607943568969;1.00107411441972;0.028050069462652
0.414788948834666;14.1390471956782;4.57858719779501;-0.0455121008802179;0.610779542894485;-1.62822190505759;0.147748907219152;1.12838265556816;15.3851604584919;1.00239443398348;0.0262014485216345
0.390487962457454;14.14057528166;4.58443520421117;-0.0452299606793262;0.60164942519879;-1.62500161549227;0.145965595683519;1.12017002114463;15.4095094417494;1.00360973239912;0.0246194143011051
0.366245025777739;14.1421805205675;4.59022815433789;-0.0449359228557;0.592777397404197;-1.62183706892662;0.144224957757785;1.11185323006606;15.4338054655147;1.00490626102601;0.0229561498693197
0.341999066819494;14.1435681193593;4.59596593730654;-0.0446307922957776;0.584170394570689;-1.61872648635129;0.142527699385152;1.10343445626908;15.4580910982265;1.00733441627914;0.0214180176546809
0.317779684299507;14.1448940835251;4.60164845814959;-0.0443153921525585;0.575835111684043;-1.61566806432153;0.140874442622796;1.09491590212654;15.4823467505702;1.01034645321517;0.0198962280206605
0.293613959051766;14.1463013646551;4.60727561305502;-0.0439905646101148;0.567778025347336;-1.61265998956171;0.139265818451143;1.08629980145203;15.506553417357;1.01344188526851;0.0182910432693328
0.269426961508171;14.1473929361735;4.61284731404488;-0.0436571687693061;0.560005343248108;-1.60970042691719;0.13770250134537;1.07758842221571;15.5307650339605;1.01647051027454;0.0169146620217376
0.245283321346041;14.1485293758059;4.61836348175946;-0.0433160798114471;0.552523005442638;-1.6067875246728;0.136185074138308;1.06878406954476;15.5549354053957;1.01956888850359;0.0154842620590645
0.221178072555859;14.1496869833656;4.62382403217019;-0.0429681886439228;0.545336691840449;-1.60391942287417;0.13471414071209;1.05988908910051;15.5790684341012;1.02275817239561;0.013937147851064
0.197058154584663;14.1505582408516;4.62922890463734;-0.0426143985134126;0.538451779172277;-1.60109423992777;0.133290313204776;1.05090587014349;15.6032040826847;1.02606669355157;0.0121200341111915
0.17298395945676;14.1515162887556;4.63457804285493;-0.0422556241281492;0.531873367073103;-1.59831008408249;0.131914119573722;1.04183684908144;15.6272973333338;1.02946115854755;0.0102169765312956
0.148929026469065;14.1523966399064;4.63987139627977;-0.0418927893568534;0.525606278945852;-1.59556505395331;0.130586112826207;1.03268451314452;15.6513683702702;1.03284487332827;0.00838304180459773
0.124876037644481;14.1530964282185;4.64510894550039;-0.0415268225463109;0.519655045834314;-1.59285722670187;0.129306825253572;1.02345140381893;15.6754315366262;1.03615723739712;0.00671534971621954
0.100863834091842;14.1538856891925;4.65029066430493;-0.0411586557509353;0.514023972955566;-1.59018467886667;0.128076758243522;1.0141401210211;15.6994567078501;1.03955672470095;0.00496053439285737
0.0768547160684583;14.1544986925843;4.65541651147129;-0.0407892216794452;0.508717173130793;-1.58754549135101;0.126896438486805;1.0047533274825;15.7234736502329;1.0422831376601;0.00335533920623721
0.052860429588182;14.1550360011943;4.66048645298005;-0.0404194473502697;0.50373858478487;-1.58493773863993;0.125766311898047;0.995293752865392;15.747473951986;1.04462211306993;0.00181066433828048
0.0289018510953537;14.1556648540014;4.66550046268134;-0.0400502479991894;0.499092036648235;-1.58235948896815;0.124686823353597;0.985764197918221;15.7714407819652;1.04704898695105;0.000178090999024966
0.00493521387683013;14.1560193617016;4.67045844320656;-0.039682526011706;0.494781398943218;-1.5798088449444;0.123658437177165;0.976167539679143;15.795410040929;1.04895736449493;-9.99923185918128e-09
-0.0190065681374926;14.1564019472647;4.6753602912226;-0.0393171576519213;0.490810622720625;-1.57728390958767;0.122681491880155;0.966506646448397;15.8193548795739;1.05084714396183;5.32660095950432e-06
-0.0429209640295621;14.1568413341965;4.68020597797585;-0.0389550582209272;0.487182968190496;-1.57478274609576;0.12175631226227;0.956784333538719;15.8432733116245;1.05272214274042;2.56500297971807e-05
-0.0668412499582054;14.1569807960984;4.68499534204386;-0.0385972516123328;0.483900499974533;-1.57230348915498;0.120883219270505;0.947003408810409;15.8671940041005;1.05357233801087;0.00107299729870011
-0.0907342885983481;14.1572149280096;4.68972824616714;-0.038244819606786;0.480964158889328;-1.56984426998139;0.120062425767036;0.937166672675769;15.8910881898621;1.05451179573503;0.00203108211389758
-0.114609775496685;14.1574065261353;4.69440467716373;-0.0378988636852228;0.478373894934867;-1.56740316930226;0.119294140241889;0.927276917021004;15.9149644455249;1.05514377864098;0.00388851078501065
-0.138478407013678;14.1574008210935;4.69902454463722;-0.0375604968308678;0.476128943256903;-1.56497832585434;0.118578550737049;0.917336926527715;15.9388330777237;1.0550206946442;0.00776073772229527
-0.162324799480632;14.1574921110282;4.70358781002582;-0.0372308167344382;0.474227863200712;-1.56256787238704;0.117915792628718;0.907349478474127;15.9626796449303;1.05498829980663;0.0115422755003788
-0.186159599500073;14.1574402011745;4.70809455773027;-0.0369108881476424;0.472668630257872;-1.56016990007904;0.117306006930311;0.897317341954441;15.986514501477;1.0547696739963;0.0158066255965764
-0.209982741992418;14.1572930967922;4.71254490207134;-0.036601741110342;0.471448778806012;-1.55778250863654;0.116749271255901;0.887243278239848;16.0103380981389;1.05441970375477;0.0204407438547614
-0.23378879964729;14.1572449391221;4.71693893864232;-0.0363043683809275;0.470565482528386;-1.55540383344501;0.11624565489089;0.877130041622472;16.0341442045032;1.05416163830446;0.0249829573217376
-0.257589898322822;14.156952279583;4.72127685278561;-0.0360197143799463;0.470015586618826;-1.55303198770909;0.115795225596215;0.866980379319419;16.0579471023891;1.05318900020436;0.030282360743333
-0.281380230797584;14.1566672763679;4.72555886191724;-0.0357486775651365;0.469795680796325;-1.55066509304668;0.115397903959716;0.856797032046324;16.0817391419422;1.05209288984952;0.0357166297155676
-0.305159027176035;14.1564717273617;4.72978508649526;-0.0354921171248643;0.469902138474807;-1.54830135110612;0.115053578902646;0.846582735580574;16.1055187423724;1.05108246281262;0.0410277479537129
-0.328936574254887;14.155951252563;4.73395569855215;-0.0352508427924689;0.470331128736982;-1.54593896226769;0.114762125729271;0.836340221087469;16.1293019851938;1.04989401714939;0.0449770817544296
-0.352705970074;14.1555304700894;4.73807087128384;-0.0350256185335319;0.471078646772206;-1.54357615332067;0.114523275325093;0.826072215883587;16.153075105214;1.04879755778943;0.0488344292518697
-0.376469688170078;14.155097261708;4.74213072056712;-0.0348171657588646;0.472140518559193;-1.54121121156771;0.114336741386455;0.815781444507686;16.1768427716382;1.04771795755476;0.0524615404588737
-0.400230808910272;14.154441776254;4.74613539970623;-0.0346261587468673;0.473512430675961;-1.53884243085313;0.114202221432865;0.805470629167889;16.200612931924;1.04651462472034;0.0556001755130783
-0.423989122559587;14.153885516478;4.75008505318277;-0.0344532284078907;0.475189936015982;-1.53646813809563;0.114119317503252;0.795142490483349;16.2243777566109;1.04540271476247;0.0586473876907292
-0.447744811997615;14.1532151048129;4.7539798138927;-0.0342989632478847;0.477168460991091;-1.53408669536712;0.114087632304888;0.784799748200331;16.2481429040431;1.04424397621047;0.0606424600424835
-0.471499584120166;14.152424112684;4.75781983550573;-0.0341639093644557;0.479443329552468;-1.53169648027697;0.114106728527515;0.774445121773225;16.2719108418405;1.04303413555335;0.0615591661635385
-0.495256796360557;14.15173124724;4.76160525657996;-0.0340485732105945;0.48200975349422;-1.52929590782087;0.114176119602635;0.764081331081282;16.2956781554447;1.04191473800173;0.0623854291790871
-0.519011058278569;14.1508232141305;4.76533620238249;-0.0339534222313977;0.484862836147242;-1.52688342998458;0.114295321744325;0.753711097083261;16.3194497663156;1.04089835459837;0.0630572792335551
-0.542768509597939;14.1498951470122;4.76901280142578;-0.0338788853916593;0.487997587506755;-1.5244575256227;0.114463762607295;0.743337142404251;16.3432253378496;1.03997627818837;0.0636156045443315
-0.566533498908028;14.1490635885696;4.77263518424206;-0.0338253545112356;0.491408928279073;-1.52201670124704;0.114680823361928;0.732962191922693;16.3670048711998;1.03914334362514;0.0640847880083293
-0.590290649801131;14.147916588711;4.77620345398041;-0.0337931853682118;0.495091665602125;-1.51955951138295;0.114945889247289;0.72258897332774;16.3907896946642;1.03828865455423;0.0645174444152685
-0.614057959877482;14.1468486010635;4.77971771681844;-0.0337826977404448;0.499040521724811;-1.51708453912288;0.115258282767898;0.71222021760699;16.4145809877329;1.03751764370289;0.0648641555698824
-0.637832513670898;14.1457913177614;4.78317810334728;-0.0337941769591563;0.503250161278761;-1.51459038082365;0.115617319597065;0.701858659580952;16.438379039251;1.03679964631727;0.0654118990364041
-0.661599881943332;14.1444867220265;4.78658471044623;-0.0338278746996176;0.507715127253064;-1.51207568776616;0.116022296865657;0.691507038326906;16.4621821853587;1.03602783922249;0.0670472845091429
-0.685382894923011;14.1432751104925;4.78993764991394;-0.0338840094957613;0.512429899528912;-1.50953913223608;0.116472436810585;0.681168097645827;16.4859960407564;1.03534255797876;0.068596144130828
-0.709167738335565;14.1419731174616;4.79323705326863;-0.0339627686227076;0.517388905559559;-1.50697940312863;0.11696696486863;0.670844586594987;16.5098164933552;1.03469293386908;0.070319287081634
-0.732951110914301;14.1405224029297;4.79648302718203;-0.0340643078317437;0.522586458433374;-1.50439524043033;0.117505071922788;0.660539259818324;16.5336440694777;1.03406255008069;0.0722992674406933
-0.756754819001882;14.1391625337448;4.79967570677647;-0.0341887533985011;0.528016837658857;-1.50178539428516;0.118085883257241;0.650254878111088;16.5574865895399;1.03351727517429;0.0741941389177716
-0.780550468009667;14.1376116732669;4.80281523168142;-0.0343362030105046;0.533674254126213;-1.49914864318955;0.11870852483686;0.639994208901814;16.5813327229775;1.03287108340561;0.0764409889894765
-0.804354553406353;14.1360096322211;4.80590173280645;-0.0345067255149484;0.539552827785116;-1.49648380567805;0.119372070797066;0.629760026612188;16.6051906570265;1.03221630291708;0.0788219618639299
-0.828183556202173;14.1344962006993;4.80893537528869;-0.0347003642771883;0.545646666879015;-1.49378970364733;0.120075565789732;0.619555113378724;16.6290676721083;1.03164525594285;0.0811192012240799
-0.85199065831292;14.1326910959186;4.81191632368375;-0.0349171367717986;0.551949804375262;-1.49106519134878;0.12081806247252;0.609382259535471;16.652943109574;1.03091591451105;0.0825628257442699
-0.875820404533402;14.1309315706342;4.81484474579572;-0.0351570350890741;0.55845620607602;-1.48830915256723;0.121598555840632;0.59924426411514;16.6768377268373;1.03024301894698;0.083839269429139
-0.89967122311994;14.1292010466981;4.81772083413128;-0.0354200287656908;0.565159817635474;-1.48552048013365;0.122416048991064;0.589143935631194;16.7007512431062;1.02961379085606;0.0849850849204224
-0.923500053431073;14.127192490747;4.82054479651933;-0.0357060657034325;0.572054546168433;-1.48269808304762;0.123269540906012;0.579084092836524;16.7246645751828;1.02882072854994;0.0857425798223236
-0.947361216150915;14.1252685266532;4.82331684259863;-0.036015071553633;0.579134230039178;-1.47984089922144;0.12415794784191;0.56906756533187;16.7486031784039;1.0281091357735;0.0864186051945401
-0.971231230405839;14.1232722671486;4.82603719101212;-0.0363469507761768;0.586392657126696;-1.47694788834007;0.125080207919775;0.559097194286036;16.7725565212299;1.02732833506568;0.0861332705220176
-0.995094145308639;14.1210940480089;4.82870608748134;-0.0367015901464952;0.593823612527342;-1.47401801146162;0.126035259155843;0.549175833528897;16.7965186443887;1.02637312800622;0.0842733501461023
-1.01899357605949;14.1189974185866;4.83132376500686;-0.0370788542441128;0.601420773384008;-1.47105027312317;0.127021983345946;0.53930634999179;16.8205098645567;1.02549765457165;0.0823336961452908
-1.04288736593367;14.1167272736562;4.83389046701795;-0.0374785880951787;0.609177773247672;-1.46804369699136;0.128039289093852;0.529491624539882;16.8445112551947;1.0245186181125;0.0804089300530105
-1.06679192297902;14.1143708323708;4.8364064580588;-0.0379006200096018;0.617088233730034;-1.46499731214872;0.129086087749755;0.519734553100051;16.8685316769867;1.02349885718452;0.0784671067664431
-1.09073685304814;14.1120923491964;4.83887197427456;-0.0383447530148129;0.625145614866687;-1.46191021283959;0.130161320042665;0.510038046673095;16.8925847674657;1.02255661322334;0.0764477665130676
-1.11465947058594;14.1095396625142;4.84128727122108;-0.038810772045858;0.633343364455788;-1.45878150262095;0.131263948194518;0.500405032370086;16.9166431929993;1.02137385523384;0.0743864749480128
-1.13861256161122;14.1069952065728;4.84365261252698;-0.0392984430751266;0.641674880533976;-1.45561030744039;0.132392847551022;0.490838454234769;16.9407310493942;1.02020630468321;0.0722562421266077
-1.1626033921462;14.1044933571982;4.84596823322999;-0.0398075043401543;0.650133386143625;-1.45239582681888;0.133546916701375;0.481341272963887;16.9648519780673;1.01908822512177;0.0701896320047888
-1.18656419956932;14.1016804401526;4.84823438114329;-0.040337673574051;0.658712073281794;-1.44913728196155;0.13472506688765;0.471916466656124;16.9889773339128;1.01773202214697;0.0697584688713642
-1.21057068294365;14.0989375949272;4.85045130794762;-0.0408886466903799;0.667404068501213;-1.4458339286407;0.135926100572116;0.462567031289864;17.0131400002378;1.01644805734736;0.0692550675627488
-1.23459689680163;14.0961364894508;4.85261925602003;-0.0414600938394979;0.67620238138123;-1.44248507934449;0.137148840870056;0.453295980663778;17.0373289469747;1.01512517588127;0.0690220910516471
-1.25861042035992;14.0931192101196;4.85473846841333;-0.042051660807858;0.685099941605895;-1.43909009240616;0.138392135622645;0.444106346526647;17.0615312875278;1.013626489202;0.0694812283810452
-1.28267228419412;14.0901668507098;4.85680920085855;-0.0426629725221904;0.694089645060443;-1.43564835519155;0.139654799499192;0.435001179085231;17.0857736000672;1.01219652848996;0.0698716397432015
-1.30673189298345;14.0870572455068;4.85883171401943;-0.0432936313632607;0.703164318868366;-1.43215929797142;0.140935683438701;0.425983547169659;17.1100333284172;1.01064424300091;0.0712013742998492
-1.33079828723367;14.0838243793851;4.86080626979356;-0.0439432156043084;0.712316703290265;-1.42862240337294;0.142233643607946;0.417056538125724;17.1343158891464;1.00899920520197;0.0733079225490008
-1.35491537242502;14.0806512028624;4.86273315392114;-0.0446112872891715;0.721539550436122;-1.42503716831731;0.143547580777432;0.408223258660652;17.1586408320522;1.00741933847295;0.0753492997282323
-1.37900417131002;14.0772234355105;4.86461266034829;-0.0452973882257694;0.73082554934555;-1.42140313215983;0.14487643838477;0.399486834979572;17.1829722894837;1.00565134882451;0.0776320723460725
-1.403122398739;14.0737631070205;4.86644509244163;-0.0460010402686152;0.740167330193381;-1.41771987695308;0.146219093238261;0.390850412889148;17.2073374853084;1.00387455408132;0.0799387647805825
-1.42729192039775;14.070351839664;4.86823077906677;-0.0467217523204191;0.749557541374974;-1.4139869963022;0.147574446292831;0.382317158743955;17.2317465517016;1.00215495762154;0.0821894134003122
-1.45140703845501;14.0666009058058;4.86997005404603;-0.0474590130003701;0.758988743180532;-1.41020413756421;0.14894143503098;0.373890259245058;17.2561516418208;1.00017174968789;0.0847868718657968
-1.47557609428905;14.0629008396547;4.87166326594848;-0.0482122941438698;0.768453458279022;-1.40637098443611;0.150318954727906;0.365572921686344;17.2806022808601;0.998247743515759;0.0873251285697641
-1.4997708249649;14.0591520500082;4.87331078578123;-0.0489810550286697;0.777944211387939;-1.4024872403267;0.151705933896617;0.357368374674279;17.3050857123249;0.996311692081456;0.0896441204957117
-1.52393317286339;14.0551542939332;4.87491299058491;-0.0497647350792254;0.787453436502098;-1.39855266758678;0.153101310941743;0.349279867704382;17.329576549583;0.994220166913258;0.0914186582288003
-1.54815111477373;14.0512022308773;4.87647027697303;-0.0505627598418606;0.796973553934745;-1.39456705860255;0.154504011600356;0.341310671541286;17.3541148362545;0.992184415400227;0.0931374223067221
-1.57236547674039;14.0471050752294;4.87798307216397;-0.0513745482297567;0.806497033171522;-1.39053020659739;0.155913001158604;0.333464079486898;17.3786733787571;0.990069608277555;0.0950243336207104
-1.59657254312222;14.0428478957265;4.87945182430543;-0.0521995092861585;0.816016331794886;-1.38644192788293;0.157327227125675;0.325743408013398;17.4032519393361;0.987865279039796;0.0970960955994849
-1.62083667173035;14.0386313835973;4.88087699139432;-0.0530370356988226;0.825523826013418;-1.38230209400936;0.158745667164403;0.318151996387892;17.4278797064222;0.985713473093617;0.0991153342866792
-1.64506680203986;14.0341736758758;4.88225905421272;-0.0538865106772866;0.835011894391644;-1.37811059825381;0.160167344151126;0.310693207295117;17.4525164751419;0.983442754425189;0.101432330598088
-1.66931848999819;14.0296426600886;4.88359851341504;-0.0547473068031787;0.844472897409352;-1.37386736431458;0.161591217413684;0.303370427176764;17.4771878041067;0.981154893998544;0.10383678311882
-1.69362797366817;14.0251466210198;4.88489587594373;-0.0556187762972328;0.853899085000664;-1.36957239292978;0.163016276407663;0.296187065021943;17.5019095630168;0.978915568435052;0.106192700776398
-1.71786973199311;14.0203175688749;4.88615160739216;-0.0565002121365706;0.863282266471731;-1.36522593862967;0.164441562211378;0.289146545184526;17.5266276250627;0.976488496880827;0.110151112968586
-1.7421628750616;14.0155006891679;4.88736620353041;-0.0573908909670908;0.872614331504822;-1.36082829408033;0.165866078316664;0.282252306927388;17.5513937133743;0.974094722782503;0.114146771760236
-1.76648612945768;14.010642302065;4.88854024271248;-0.0582901193437742;0.881887628952653;-1.35637958945878;0.167288868458673;0.275507810700328;17.5761974354671;0.971686483531965;0.118335933061621
-1.79074751450256;14.0055063795112;4.88967432802248;-0.0591971991139556;0.891094514306258;-1.35187998270569;0.168709002517851;0.268916538233971;17.6009964778836;0.969068184204174;0.123512505575815
-1.81506875586475;14.0003978273157;4.89076908609817;-0.0601114263489851;0.900227342347739;-1.34732966503245;0.170125541119435;0.26248199239064;17.6258484413258;0.966493897027111;0.128645065939281
-1.83938621177942;13.9951503446431;4.89182525169746;-0.0610321695816218;0.909279145400936;-1.34272849145353;0.1715375915579;0.25620770988743;17.6507256344263;0.963865600652774;0.134434628888027
-1.86367645743344;13.989701663634;4.89284366594574;-0.0619588892584977;0.918243602806759;-1.33807591332574;0.17294425646474;0.250097277054361;17.6756194922766;0.961146686766578;0.141141084434734
-1.88802725068381;13.9842760883408;4.8938250720376;-0.0628909511208116;0.927113307784986;-1.33337188078487;0.174344664755946;0.244154314054421;17.700567397984;0.95846933538927;0.147805977472553
-1.9123590592243;13.9786141449952;4.89477021723322;-0.0638276970635453;0.935880694145336;-1.32861644005988;0.175737997740692;0.238382472679213;17.7255492816059;0.955346684684779;0.15523029782868
-1.9367023005081;13.9728297110821;4.89567988515015;-0.0647684745923034;0.944538329214568;-1.32380958234983;0.177123398866791;0.232785439432638;17.7505703341796;0.95199990873928;0.163043018228991
-1.96109561357965;13.9670514797369;4.89655477182133;-0.0657124986733933;0.953077780294692;-1.31895192496305;0.178500060675738;0.227366913487882;17.7756386743737;0.94867666233403;0.170832209089054
-1.98545215760067;13.9609786668263;4.89739552391275;-0.0666588632758614;0.961490007673176;-1.31404462568403;0.179867237377399;0.22213058654333;17.8007408713552;0.944470937931521;0.178972522510143
-2.0098327926324;13.954856018157;4.89820282224708;-0.067606623880957;0.969766182535508;-1.30908897677985;0.181224153446901;0.217080136818195;17.8258785361488;0.940155410918717;0.187157854363592
-2.03423455809159;13.9486813416796;4.89897741692309;-0.0685548484074775;0.977898019464589;-1.30408618791082;0.182570100506566;0.212219230903209;17.8510494079479;0.935627795547392;0.195374591607674
-2.05858495544447;13.9422454062474;4.89972004341759;-0.0695025204102078;0.985876914862528;-1.29903792251627;0.18390438925329;0.207551504964454;17.8762359741317;0.929647027503386;0.203791764435145
-2.08295291278454;13.9357741382045;4.9004315040408;-0.0704486395583985;0.993694806932685;-1.29394579526401;0.18522626727395;0.203080564402726;17.9014485633484;0.923640680755283;0.212234515966714
-2.10730691794561;13.9291837922111;4.90111268405143;-0.0713922597932416;1.00134433365602;-1.28881121171792;0.186535040820034;0.198809989674018;17.9266785103895;0.917240342005317;0.220524149441047
-2.13161683178057;13.9224055248868;4.90176447744776;-0.0723323963579591;1.00881802455204;-1.28363588976372;0.187830017377405;0.194743321624683;17.9519157213801;0.910155506487514;0.22852886091705
-2.15593003808525;13.9155752690052;4.90238785424976;-0.0732681232044775;1.0161090706681;-1.27842134377354;0.18911046934228;0.190884066591698;17.9771701149824;0.903024583637166;0.236579659725598
-2.18019850833285;13.9085838564481;4.90298383466247;-0.0741985476902664;1.02321103233346;-1.27316904054649;0.19037573390971;0.187235695311412;18.0024255796921;0.895227996005803;0.244365831567378
-2.20443256640307;13.9014613409155;4.90355347306875;-0.0751227899759451;1.03011767387728;-1.26788051658183;0.191625142691173;0.183801636833142;18.0276846334761;0.886957836099484;0.251993380181276
-2.22866143524176;13.8942775569955;4.90409789497642;-0.0760400484492403;1.03682341971544;-1.2625570089195;0.192858056228136;0.180585287130127;18.052956056796;0.878629934890375;0.259678670097964
-2.25281590844727;13.8868890512532;4.9046182701788;-0.0769495657876353;1.04332304011698;-1.25719964334984;0.194073906707848;0.177590010095627;18.0782152846729;0.871323055188051;0.26718892860952
-2.27695150679897;13.8794107658525;4.90511580680537;-0.077850621673149;1.04961160322372;-1.25180945998975;0.195272094075966;0.174819137267516;18.1034828896312;0.864180561496451;0.274708089460648
-2.30107586119345;13.8718596250831;4.90559174634426;-0.078742524918085;1.05568444189934;-1.24638744026232;0.196452066146009;0.172275966119745;18.1287614220623;0.857080121881628;0.282295478428043
-2.32511064997197;13.8640709209811;4.90604736660098;-0.0796246195853037;1.0615372191012;-1.24093444965711;0.197613333798706;0.169963760393923;18.154026714129;0.851356271993981;0.290102304526331
-2.34914365575147;13.8562263372907;4.90648397196006;-0.0804962664288773;1.06716583331171;-1.23545132964493;0.198755395215375;0.167885746139998;18.1793075934665;0.845581501187212;0.29796005154374
-2.37314517903329;13.8482633822883;4.90690288687199;-0.0813568271989971;1.07256637447575;-1.22993897628276;0.19987781623946;0.166045103781635;18.2045955702977;0.840732001933942;0.306536757249583
-2.39707876927601;13.8401004920363;4.90730547642828;-0.0822057057773022;1.07773541673823;-1.22439806297567;0.200980186256885;0.164444971484675;18.2298829094059;0.838120151789496;0.316724654956536
-2.42101548771338;13.8318884496465;4.90769312651616;-0.0830423076441081;1.08266978662606;-1.21882928171769;0.202062089330763;0.163088437554797;18.2551891167425;0.835465989050341;0.326954865258197
-2.44490054351615;13.8234986888609;4.90806724862899;-0.0838660474856738;1.08736666227146;-1.21323327735066;0.203123173809696;0.161978534870004;18.2805048031195;0.834102473693709;0.339018750363817
-2.46874862286796;13.8149547942217;4.90842929330168;-0.0846763785234737;1.09182376060021;-1.20761043140935;0.20416307717706;0.161118244090438;18.3058371741964;0.833869940580416;0.352677829509259
-2.49261163157147;13.8063758858623;4.90878071873361;-0.0854727209425089;1.09603897892961;-1.20196133459715;0.205181479390093;0.16051047505391;18.3311954243928;0.833613681215539;0.366360634906284
-2.51638886606843;13.7975252735193;4.90912298677703;-0.0862544472685586;1.1000104328114;-1.19628689729506;0.206178130369778;0.160158041721369;18.3565664752021;0.834291488902402;0.384376786959733
-2.54016116770425;13.7885789263482;4.90945757570155;-0.0870209098650009;1.10373669263995;-1.19058817518983;0.207152720138121;0.160063643357154;18.3819664644299;0.835248473923082;0.40369853809075
-2.5639602994279;13.7796098965903;4.90978599010678;-0.0877714663379786;1.1072169515497;-1.18486620218012;0.208104986564224;0.160229851849303;18.4073995563693;0.836202198434179;0.423034462350034
-2.58761035534934;13.7702818350627;4.91010971521006;-0.0885053789657485;1.11045063244458;-1.17912279206565;0.209034728950567;0.160659060875024;18.4328227323501;0.837647738409643;0.445008165575349
-2.61128887182546;13.7609325883772;4.91043025030701;-0.0892218997861329;1.11343788766998;-1.17335996716167;0.209941691715882;0.161353459101973;18.4582801586947;0.839089663583442;0.46698548360233
-2.63495100610672;13.7514869458956;4.91074915662479;-0.089920388790615;1.11618006389148;-1.16757904213163;0.210825680211176;0.162315044240426;18.4837579286253;0.8404699467831;0.487410562126681
-2.65849755204289;13.7417798992631;4.91106800983234;-0.0906002147782051;1.11867922944657;-1.1617814164376;0.211686533144166;0.163545599484331;18.5092268622475;0.841660604477253;0.502863242048596
-2.68206767596766;13.7320461045954;4.91138840409114;-0.0912607721566097;1.12093825658128;-1.15596846404646;0.212524055596837;0.165046673447673;18.5347277936121;0.842841135226844;0.518326048915073
-2.70557865871385;13.722138200091;4.91171195801292;-0.0919015004830034;1.12296088068891;-1.15014138272522;0.213338122102054;0.166819565546776;18.5602411799291;0.842974368464502;0.530889250521199
-2.72902152097063;13.7120395441734;4.91204030953979;-0.0925218798192037;1.12475165811852;-1.14430124747559;0.214128618053728;0.168865307305508;18.5857666699759;0.841941912561291;0.540217677278622
-2.75248821340632;13.7019143105313;4.9123751046678;-0.0931214167152124;1.12631590277575;-1.13844917425865;0.21489545791844;0.171184634322187;18.611324565237;0.840900460102637;0.549555100591489
-2.77583816013333;13.6915358206199;4.91271795027738;-0.0936995769820025;1.12765951570001;-1.1325870870146;0.215638627895108;0.173777920709139;18.6368771201973;0.839209542191208;0.557299107295663
-2.79915158916674;13.6810346698193;4.91307043101361;-0.0942558473799847;1.12878915804609;-1.12671730886101;0.216358057035267;0.176645131344372;18.6624464405135;0.837242061538449;0.564392540696326
-2.82248536291179;13.6705031686024;4.91343416936226;-0.0947898507782208;1.12971239303859;-1.12084146243738;0.217053710909589;0.179785824490158;18.6880467826024;0.835261295627502;0.571499259355177
-2.84562284832593;13.6596814073279;4.91381074773401;-0.0953012402172438;1.13043731460444;-1.11496168963173;0.217725627856135;0.183199096780303;18.7135899568055;0.830665202427443;0.577738250357878
-2.86875475391457;13.6488015455578;4.91420172691115;-0.0957897568898484;1.13097250093698;-1.10908022727613;0.218373798937363;0.18688354791187;18.7391527510248;0.825879744983107;0.583953314885836
-2.89185888350733;13.637838850508;4.91460871874033;-0.0962553354508681;1.13132687473124;-1.10319825005139;0.218998271481228;0.190837298558125;18.7647258127694;0.820702025672309;0.5904196745294
-2.91480734678461;13.6266478589543;4.91503338986773;-0.0966980963843631;1.13150929298886;-1.09731590407027;0.219599134629991;0.195058005432943;18.7902575627828;0.813812450489843;0.59794242395951
-2.93775233706856;13.615405778844;4.91547739200455;-0.097118273988188;1.13152808338663;-1.09143335422803;0.22017644510624;0.199542827816707;18.8158086282074;0.806879521720815;0.605508526976182
-2.96063334099537;13.6040159577167;4.91594234018832;-0.0975162279546918;1.13139061364529;-1.08555102889152;0.220730325256959;0.204288384198465;18.8413677433332;0.799233385536868;0.613872928334871
-2.98342498496593;13.5924378157478;4.91642990416695;-0.0978925528420244;1.13110269536687;-1.07966844062534;0.22126090653678;0.209290762698691;18.8669316320501;0.790587600097728;0.623358613655497
-3.0062133934831;13.5808110485608;4.9169417026213;-0.0982480205328256;1.13066786206708;-1.0737855502847;0.221768328277492;0.214545473132479;18.8925146982848;0.781901161532352;0.632884952102361
-3.02890254288517;13.5689702118091;4.91747922690894;-0.0985835980241706;1.13008654326273;-1.06790351634124;0.222252795314954;0.220047373926601;18.9181077230292;0.77185436767425;0.64364173530939
-3.05153732630528;13.5569919893653;4.91804390722408;-0.0989005744548258;1.1293548773374;-1.06202377211683;0.222714467547335;0.225790648873811;18.9437165346648;0.761047194810316;0.655087786918811
-3.07417046185676;13.5449682011664;4.91863716762082;-0.09920066039917;1.12846317800895;-1.05614741756135;0.223153535982495;0.231776756077301;18.9693452355204;0.750203425707203;0.666570434767411
-3.09662700609225;13.5326889333762;4.91926027653215;-0.0994820235398541;1.12743635147742;-1.05027698752507;0.223570257690456;0.238005757959736;18.9949397036036;0.738409107474777;0.679672329757105
-3.11905225461254;13.5203310150889;4.91991443291821;-0.0997413126537462;1.12632008473193;-1.04441518144437;0.223964831419941;0.24447373896363;19.0205445843023;0.726447467665946;0.693031895881917
-3.14144390821555;13.5079015103031;4.92060095773301;-0.099976441162727;1.12515533365269;-1.0385628894063;0.22433749992156;0.251176691129297;19.0461547139446;0.714291715364744;0.706575377745151
-3.1636347819026;13.4952622526035;4.92132110074725;-0.100186377118226;1.12397813778249;-1.03272102378443;0.224688549482212;0.258110538712803;19.0716926408415;0.700948231181701;0.721228672828433
-3.18580422300422;13.4825620553287;4.92207606592151;-0.100371028049482;1.12281928727874;-1.02689027269101;0.225018224650884;0.265271162341862;19.0972421834906;0.687544102779194;0.735942612131178
-3.20789219915555;13.469747287257;4.92286711650007;-0.100531125347038;1.12170407433355;-1.02107033745381;0.225326826936704;0.27265445656616;19.1227783729321;0.673765817590683;0.750926400577889
-3.22984465455677;13.45677062605;4.92369558483795;-0.100668066633999;1.12065244704568;-1.01526003305455;0.225614666668534;0.280256381790458;19.1482794324047;0.659342641824416;0.766361727964925
-3.25176762280191;13.443728387871;4.92456272935494;-0.100783745390147;1.11967950860923;-1.00945841310454;0.22588204078211;0.288072957854568;19.1737885780861;0.64485028633218;0.781866235077931
-3.27357987061573;13.4305277747063;4.92546973278014;-0.100880432807213;1.11879583269419;-1.00366475568755;0.226129302955767;0.296100254598785;19.1992842707148;0.630370872261718;0.79757649423517
-3.29530309509554;13.4171953480459;4.92641779781486;-0.100960674753047;1.11800775781955;-0.99787795989772;0.226356772461296;0.304334408569357;19.224772544145;0.615879014208089;0.813454268357394
-3.31699327293772;13.4037967632465;4.92740803203743;-0.101027172830099;1.11731796427336;-0.99209730646238;0.226564792037964;0.31277160258286;19.2502673649809;0.601315487614444;0.829403711019634
-3.33854158655861;13.3902057573741;4.92844154450926;-0.10108270116284;1.1167258586037;-0.986321879154935;0.22675376123836;0.321408068702746;19.2757437316867;0.586474185639847;0.84521076392926
-3.36003074345964;13.376520431426;4.92951944300347;-0.10113002219766;1.11622809224758;-0.98055063819761;0.226924010134221;0.330240085515683;19.3012206233853;0.571514296004788;0.861044024045397
-3.38147803974293;13.3627599537213;4.93064275710752;-0.10117181423056;1.11581909397625;-0.974782861997799;0.22707589959419;0.339263956093457;19.3267027203265;0.556441502672192;0.876907875365123
-3.40278888165543;13.3487807517492;4.93181314844782;-0.101210640389351;1.1154913406302;-0.969014622116929;0.227209834003684;0.348476107996775;19.3521893848944;0.540611636800689;0.892097262074641
-3.42406547039979;13.3347391229167;4.93303232097152;-0.101248879991938;1.11523615587538;-0.963242105307044;0.227326167861664;0.357873066682943;19.3776817478462;0.524712613638867;0.907355806074478
-3.44530908345136;13.3205608718598;4.93430158067033;-0.101288693328412;1.11504411741767;-0.957463635922649;0.227425303993658;0.367451371115564;19.4032221843836;0.508412071117754;0.922321039790668
-3.46652876306941;13.3061424675003;4.93562294464784;-0.101332040276223;1.11490519121602;-0.951674525655337;0.227507650842685;0.377207649249164;19.4288769146953;0.491233460816213;0.936454554960845
-3.48773312286236;13.2916828820941;4.93699825583776;-0.101380645695385;1.11480920266346;-0.945871275460317;0.227573583041454;0.387138558100377;19.4545421535281;0.474015402697246;0.950627517948449
-3.50890353243107;13.2769748932841;4.93842815548964;-0.101435956380966;1.11474603063153;-0.94005561213941;0.227623522416052;0.397240621814161;19.4803202678142;0.456075532280467;0.964512490793091
-3.53005415940664;13.2620480069102;4.93991269399254;-0.101499143284786;1.11470571651518;-0.934231372742823;0.227657858798559;0.40751017235806;19.5062077350189;0.437493301434646;0.978121053375837
-3.55121185599861;13.2471024875996;4.94145234656342;-0.101571136299308;1.11467872283629;-0.928400365892977;0.22767699587107;0.417943398739288;19.5321117245291;0.418905609053487;0.991735077493922
-3.57214613294433;13.2319144260949;4.94304629979782;-0.101652554389837;1.1146561612065;-0.922568910354147;0.227681383086183;0.428536238509006;19.5579752347996;0.400588005961629;1.00451465103841
-3.59300730372255;13.2166299965825;4.944692906571;-0.101743716534931;1.11462998747728;-0.916745622128857;0.22767137742533;0.439284332936084;19.5838364457487;0.382343221649031;1.01704165590973
-3.61386659640253;13.2013185593034;4.94639209770352;-0.101844789042953;1.11459321297003;-0.91093284484888;0.227647349497043;0.450183182106457;19.6097121139074;0.364080702136307;1.02958639598118
-3.63437139241607;13.1858613708988;4.9481441388642;-0.101955771375021;1.11453995038144;-0.905131546534509;0.227609714609863;0.461228188419555;19.6353903407335;0.348230276806204;1.03954060037163
-3.65484972879008;13.1703569692564;4.94994924133428;-0.102076507460858;1.11446540684651;-0.899342733576333;0.227558822866127;0.472414657621457;19.6610759151078;0.332348182138109;1.04952524536016
-3.67525379383093;13.1547741858681;4.95180805132533;-0.102206748772517;1.11436583236563;-0.893565920222565;0.227495057954535;0.48373782736375;19.6867498125197;0.317343637432036;1.05912294838584
-3.69546228754232;13.1390350056526;4.95372221380464;-0.102346231177238;1.11423839512972;-0.887797604785584;0.227418808947163;0.495192925898471;19.7123643594011;0.30542737665224;1.0672955953506
-3.7156389471809;13.1232449993943;4.95569318814364;-0.102494625041182;1.11408109917137;-0.882035090156593;0.22733041339825;0.506775154249923;19.7379850910809;0.293453899314823;1.07552545887298
-3.73570778085133;13.1073218273243;4.95772181651129;-0.102651518435146;1.11389273740891;-0.876277619209402;0.227230244769219;0.51847963835204;19.7636035510983;0.283168659116832;1.08305264364373
-3.75565613200029;13.0912526124599;4.95980939583499;-0.10281651250014;1.11367273920581;-0.870523198314766;0.227118648932064;0.530301442982158;19.7892191006712;0.27485528078645;1.08975357309621
-3.77557152404214;13.0751341708351;4.96195688915083;-0.102989178914187;1.11342112964635;-0.864770847169742;0.226995968542999;0.542235550800421;19.814839932051;0.266485248292872;1.09651115671189
-3.79536200051864;13.0588255344264;4.96416546531475;-0.103169114426475;1.11313839254572;-0.859019080274367;0.226862582140062;0.554276862624218;19.8404843189744;0.259338104493004;1.10218848507725
-3.8150819377504;13.0424098882711;4.96643662638401;-0.103355964308835;1.11282535131583;-0.853265636961873;0.226718781035868;0.566420208706287;19.8661426385437;0.252694649455721;1.1074240912379
-3.83477187078629;13.0259502781383;4.9687712379941;-0.103549352548382;1.11248320333396;-0.847509953789588;0.226564861874598;0.578660318035378;19.8918060800254;0.246000822817;1.11271006899998
-3.85434622627503;13.0091914558155;4.97117042182373;-0.103748960040763;1.11211333795418;-0.841750843032761;0.226401157956164;0.590991819902805;19.9175745397862;0.236432321091134;1.11787915838386
-3.8738947683335;12.9923811704236;4.97363536482231;-0.103954515163192;1.11171728119505;-0.835987000575444;0.226227924957441;0.603409247635933;19.9433569212039;0.226623055822602;1.12307007232499
-3.893399950633;12.9754869151475;4.97616653340504;-0.104165731812969;1.11129675364213;-0.830218806824454;0.226045439045091;0.615907019418509;19.969161339389;0.216000987167643;1.12839613453564
-3.9127666012756;12.9583009048935;4.97876356897538;-0.104382301511208;1.11085364691485;-0.824448388836717;0.225853981066365;0.628479416099229;19.9950539272389;0.20144554704602;1.1342638054774
-3.93212379144755;12.9410931705614;4.98142615950588;-0.104603966442058;1.11038983605867;-0.818677556055064;0.225653768461402;0.641120586561309;20.0209538680148;0.186872224444209;1.14014935889934
-3.95137727278076;12.9237554933949;4.98415437461694;-0.104830547753296;1.10990706776926;-0.8129071172569;0.225445045757356;0.653824569925608;20.0468631635085;0.168635974531426;1.14666065534558
-3.97048116865529;12.9062351847347;4.98694775202961;-0.105061868833021;1.1094070716694;-0.807138858052349;0.225228030089835;0.666585295451852;20.0727845842476;0.144944168471236;1.15409588619618
-3.98957642338199;12.8886949894872;4.98980605827527;-0.105297815374693;1.10889139964819;-0.801373913196245;0.225002914432609;0.679396589340444;20.098713085986;0.121236732641831;1.16154674681599
-4.00852056623526;12.8709652696062;4.99272994428799;-0.105538386014982;1.10836128418815;-0.795611531495106;0.224769919960116;0.692252194933068;20.1246596371153;0.0959103464818676;1.17028710197862
-4.02737622475287;12.853120506143;4.99572032988337;-0.10578363782726;1.10781772887518;-0.789850429628107;0.224529191949485;0.705145784908797;20.1506205970588;0.0696534974295762;1.17976933980793
-4.04622581066839;12.8352591137253;4.99877767354384;-0.106033622012377;1.10726163123898;-0.784090214884373;0.224280876214476;0.718070960328311;20.1765885817378;0.0433856111967093;1.18926261481781
-4.06489171488319;12.8170974444127;5.00190206365319;-0.106288386453372;1.10669376701287;-0.778331140130233;0.224025148421175;0.731021248598804;20.2026320494864;0.0273522499780411;1.19939070134156
-4.0835326885136;12.7988838020365;5.00509353916848;-0.106547996886748;1.10611473792359;-0.772573470291939;0.223762094683478;0.743990107252059;20.2286939501558;0.0128413529035294;1.20961133243715
-4.10214588443509;12.7806297022399;5.0083520228177;-0.106812526729998;1.10552499200593;-0.766817599146069;0.223491811666896;0.756970936608791;20.2547643015496;-9.99914176458283e-09;1.21978278265667
-4.12050399093517;12.7620975555493;5.01167606748252;-0.107081950802328;1.10492505495951;-0.761066207639374;0.223214406036934;0.769957125800008;20.2808499400357;0.00131890680500299;1.22955028782684
-4.13886624735997;12.7435579094588;5.01506424929625;-0.107356252716189;1.10431530030716;-0.755321718243414;0.222929914442547;0.782942126020852;20.3069438270242;0.00264202154681348;1.23931359505934
-4.15712431462074;12.724929243142;5.01851630343848;-0.107635512676707;1.10369577106212;-0.749584428597662;0.222638395999063;0.795919493609101;20.3330280028564;0.00579000345871744;1.24817993879939
-4.17517497792323;12.7061339819348;5.02203170310883;-0.107919790178645;1.10306644787038;-0.743854993612545;0.222339887904426;0.808882901425381;20.359087325363;0.0124725241426897;1.25531197220578
-4.19322597937671;12.6873281295053;5.02560997795271;-0.108209146543095;1.10242721256747;-0.738133890874298;0.222034389091411;0.821826142975607;20.3851545219725;0.0191540964956282;1.26244495394321
-4.21110841403417;12.6683661003713;5.02924991552113;-0.108503577927045;1.10177800521505;-0.732422688378755;0.221721922937048;0.834743145615477;20.4112186739471;0.0271998136982358;1.26702963782317
-4.22886573263018;12.6492854812667;5.03294951749561;-0.10880300877099;1.10111885004953;-0.726724033647375;0.221402447758522;0.847627974624676;20.4372838305577;0.0362538573068711;1.2697300155558
-4.24662262766522;12.6301938882503;5.03670761214016;-0.109107419804073;1.10044959621553;-0.721039138847779;0.221075915250826;0.860474840884558;20.4633567330657;0.045306252846678;1.27243204135726
-4.26404439592521;12.6109827353745;5.04051975708609;-0.109416515924068;1.09977064274858;-0.715373972191216;0.220742302192799;0.873278160330977;20.489291003908;0.0539879944688987;1.26976056937262
-4.28137258664868;12.5917245711562;5.04438030673025;-0.109729888360514;1.09908260178401;-0.709735911545421;0.220401487736591;0.886032544870735;20.51519743328;0.0625620334437462;1.26584502850374
-4.2986624764438;12.5724472415109;5.04828733572573;-0.110047413205905;1.09838546613986;-0.70412658373215;0.2200533473637;0.898732748107162;20.5410925240769;0.0710032399868582;1.2616657240925
-4.31549375285523;12.5532409262106;5.05223889011561;-0.110368952968141;1.09767926632576;-0.698547543342802;0.219697780006213;0.911373687809474;20.5666302297893;0.0770841966779856;1.25128917705781
-4.33227017899688;12.5339844939195;5.05623300328933;-0.110694358786491;1.09696407379568;-0.693000257346507;0.219334628902479;0.923950428271642;20.5921695848843;0.0830923834155897;1.24098539997664
-4.34892167656544;12.5147057925529;5.06026993908276;-0.111023654646667;1.09623961255434;-0.687483047434866;0.218963753882478;0.936458109807777;20.6176438993531;0.0885575694569469;1.23070828838114
-4.36533033459305;12.4954435924721;5.06435352806462;-0.111357151243226;1.09550501856266;-0.681989492042741;0.218585005329956;0.948891880202513;20.6429475830814;0.092725305998862;1.22039415900321
-4.3816627675768;12.4761170141772;5.06848646852122;-0.111695067800326;1.09475965126581;-0.676514942647309;0.218198205392197;0.961246924535283;20.6682510412593;0.09679373134227;1.21017934082379
-4.39786858271519;12.4567106440011;5.07266976755167;-0.112037485044155;1.09400319008148;-0.671057143812566;0.217803195981075;0.973518462379874;20.6935341511888;0.100052970519049;1.20018877999114
-4.41394881227296;12.4372246048391;5.07690619084121;-0.112384626069106;1.09323502515114;-0.665611656166174;0.217399773164963;0.985701688341194;20.7187983453152;0.102538923221402;1.19041763527203
-4.42994976076022;12.417673447476;5.08119682095058;-0.112736576755721;1.09245486051783;-0.660176341952542;0.216987740665361;0.997791811788797;20.7440625117714;0.104922628656186;1.18074873782049
-4.4458149895821;12.3980176795222;5.08554142345237;-0.113093313782194;1.09166265143787;-0.654750774710015;0.216566925511115;1.00978406357673;20.7693222564143;0.107889880970956;1.17202702121992
-4.46158143027211;12.3782839508736;5.0899398847636;-0.113454821474876;1.09085835000483;-0.649334372334749;0.216137067598412;1.0216736779327;20.7945809321201;0.110985429137589;1.16369190594636
-4.47726784687315;12.3584860634854;5.09439170737924;-0.11382105085055;1.0900419946012;-0.643927018435679;0.215697914257305;1.03345589730214;20.8198399901155;0.113978742997085;1.15545902497994
-4.49280164335804;12.3385735875278;5.09889624932047;-0.114191939277511;1.08921366694553;-0.638528750087417;0.215249240309527;1.04512596942411;20.8450948021717;0.117977392434607;1.1472678514646
-4.5082534484019;12.3185964861492;5.10345284919183;-0.11456742104189;1.08837346885697;-0.633139601778141;0.214790767472424;1.05667914493168;20.8703503532171;0.12189271445279;1.13917817405218
-4.52360875574099;12.2985451926427;5.10806082482224;-0.114947427630042;1.08752152130229;-0.627759607115608;0.21432224425629;1.0681106779426;20.8956058443975;0.126117027035832;1.13100882524405
-4.53882662976592;12.2783917253303;5.11271947610768;-0.115331888327596;1.08665796249736;-0.622388795581851;0.213843404820123;1.07941582892139;20.9208594765036;0.131718093039606;1.12228734116111
-4.55396301474563;12.2581753484829;5.11742808348528;-0.115720730426846;1.08578294667084;-0.617027194477968;0.213353921779583;1.090589870196;20.9461144174675;0.137216525863225;1.11366849025834
-4.56898597727331;12.2378745749204;5.12218590753891;-0.116113879487894;1.08489664255471;-0.611674829506383;0.212853489054257;1.10162809425293;20.9713693340253;0.143509142349393;1.10440618906
-4.5838884795882;12.2174849546202;5.12699219181266;-0.116511259824326;1.08399923126516;-0.606331721798841;0.212341771114287;1.11252582490345;20.9966244561044;0.150785305176954;1.0943429329297
-4.59870877114255;12.197033221525;5.13184616004401;-0.116912794487958;1.08309090522428;-0.600997891310063;0.211818419328982;1.12327843156576;21.0218814240213;0.157958741130164;1.08438240367374
-4.61339954238777;12.1764875655935;5.13674701839176;-0.117318405622124;1.08217186622604;-0.595673354667579;0.211283115711264;1.13388134648923;21.0471389523531;0.165837093114603;1.07246956909637
-4.62798607817605;12.1558655728709;5.14169395685144;-0.117728014708225;1.0812423237361;-0.590358124107749;0.210735495178783;1.14433008493136;21.0723982795444;0.173980772876964;1.05972264311616
-4.64248970158098;12.1351822164514;5.14668614531405;-0.118141542329154;1.08030249429683;-0.585052212266442;0.210175217153896;1.15462026804809;21.0976600357116;0.182021611688845;1.04707855808644
-4.65684854419578;12.1143960503455;5.1517227687843;-0.118558911138655;1.07935259378812;-0.579755595660337;0.209601982596004;1.1647476472494;21.1229234690217;0.191104261852043;1.03291797170739
-4.67111858399623;12.0935452548017;5.15680299970762;-0.118980043607154;1.0783928414722;-0.574468245637584;0.20901545492111;1.17470813040019;21.1481898441221;0.200181313433715;1.0187225151628
-4.68529490409743;12.0726266694064;5.16192622629004;-0.119404880955113;1.07742341640433;-0.56918989416884;0.208415324343172;1.18449779415211;21.173459495219;0.209477026792849;1.00435224326191
-4.69933271997333;12.0516091432811;5.16709324561212;-0.119833482333341;1.07644423271092;-0.563918827417761;0.207801288644116;1.19411286691187;21.1987339225912;0.220409149902975;0.988582675243271
-4.71328531427353;12.0305304682696;5.17230456023789;-0.120265884313214;1.07545525570222;-0.558653663191026;0.207173017734093;1.20354977297138;21.2240120836782;0.231236693979621;0.972917686258106
-4.72714985128884;12.0093477946436;5.1775612876266;-0.120702176008388;1.07445633054399;-0.553392427955278;0.206530205462725;1.21280511734807;21.2493286997355;0.242970441980225;0.956622007864294
-4.74092594971065;11.9880401532382;5.18286769158747;-0.12114270962185;1.07344670391371;-0.548130068886274;0.205872521386742;1.22187561809122;21.2747018443966;0.256178985647766;0.93928122770983
-4.75462055568595;11.9666784235058;5.18822584877093;-0.121587658986716;1.07242602398607;-0.542863805037629;0.205199629541671;1.23075824163704;21.3000763538496;0.269290424065934;0.922037552804739
-4.76827395776731;11.9450808369858;5.19363629170551;-0.122037071103699;1.07139422150044;-0.537592417484082;0.204511225087303;1.23945026395549;21.325627696904;0.283650083231795;0.903269155857907
-4.78188402241721;11.9233400767345;5.19910045635035;-0.122491068297524;1.07035104939834;-0.532313830698788;0.203806963593767;1.24794926321135;21.3512771514027;0.298742905129576;0.883601932688751
-4.79543639295244;11.9015755549056;5.20461792769435;-0.122949619349415;1.06929660421298;-0.527027779709444;0.20308651427336;1.25625324896736;21.3769162067199;0.313777170567333;0.86399326597962
-4.80885659163991;11.8794799141655;5.21018264766672;-0.123412222489873;1.06823204920071;-0.52173935335429;0.202349580608037;1.26436087050563;21.4027680745931;0.329226992757573;0.842073729003583
-4.82223059088913;11.8573382512998;5.21578791236707;-0.123878317744763;1.06715867514705;-0.516454115137923;0.201595826648034;1.27227137546143;21.4286353722945;0.344732496828661;0.819790186249696
-4.83554899654758;11.8351846859845;5.22143102927233;-0.124347674461855;1.0660770187365;-0.511173739011562;0.200824932651648;1.2799844793792;21.4544841708249;0.360158177022799;0.797573559527358
-4.84859023457718;11.8128462227709;5.22710434156871;-0.124819646460576;1.06498856960966;-0.505904467780453;0.200036602411055;1.28750053667873;21.4803507675877;0.374953020191693;0.775864606704722
-4.86160828004073;11.7905217818657;5.23280102156909;-0.125293652163806;1.06389467291249;-0.500651642149401;0.199230520692498;1.29482039448672;21.5061935648322;0.389740839494997;0.754162677747676
-4.87450033233566;11.7681737493616;5.23851946378381;-0.125769541548428;1.06279569081263;-0.495415713126641;0.198406401022819;1.30194516041392;21.5319935564829;0.40374968941914;0.733625148889124
-4.8871578798304;11.7457590733801;5.24425692323473;-0.126247069179821;1.06169221302531;-0.490198167546096;0.197563972390405;1.30887620114877;21.5577351805175;0.416176386110683;0.715453885793212
-4.89978429344213;11.7233494212871;5.25001132543329;-0.12672604479689;1.06058471039943;-0.484999866805712;0.196702972659889;1.31561501274254;21.5834571327689;0.428583068741754;0.697302636757774
-4.91222639971053;11.7008947218142;5.25578240036494;-0.12720642840884;1.05947331580017;-0.479820047672228;0.195823177747921;1.32215786444347;21.6091285085951;0.439429510577728;0.681479495500253
-4.92451368581126;11.6783999733363;5.26157030169524;-0.127690182714849;1.05833714348272;-0.474657625421405;0.194924349788502;1.32849730955934;21.6347603463912;0.449057915906898;0.667467280225909
-4.93675954527169;11.6559002812235;5.267374554364;-0.128181821399129;1.05712341235554;-0.469512251876741;0.194006262854272;1.3346347259216;21.6603766931077;0.45865114506892;0.65349024111871
-4.94879142354751;11.6333162846307;5.2731954919431;-0.128684126186839;1.0557878391199;-0.46438313291117;0.193068724238649;1.34057143021504;21.6859658118293;0.466919677971209;0.642167876248101
-4.96073376779767;11.6107031433034;5.27903372615562;-0.129198482717215;1.05429336887989;-0.459269471812652;0.192111504269473;1.3463086716521;21.71153872224;0.474821985048299;0.631546264089276
-4.97262239255971;11.5880764571464;5.28488868000294;-0.129725063123781;1.0526093765609;-0.454171718623864;0.191134394842631;1.35184767546806;21.737098579931;0.482632528745484;0.621049426885478
-4.98427959916259;11.565326043278;5.29076086345009;-0.130263274472657;1.05071014295003;-0.449089547846266;0.190137223812807;1.35718960847374;21.7626616743635;0.48900847411697;0.612932749375016
-4.99588769421243;11.5425654513804;5.2966506845528;-0.130811852846015;1.04857436783654;-0.444022880371217;0.189119791844093;1.36233558539958;21.7882114769892;0.495339139176167;0.604861352176843
-5.00740187933038;11.5197568538252;5.30255760307878;-0.131368950387695;1.04618481578221;-0.438972583779031;0.188081940333265;1.36728670282067;21.8137615959981;0.501397119485101;0.597004490360278
-5.01874514277941;11.4968358868156;5.30848218740141;-0.131932455912425;1.043527016731;-0.433938687294594;0.187023546655705;1.37204400462546;21.8393358086806;0.50679097338076;0.589653279306274
-5.03004302187147;11.4739104878993;5.31442451413665;-0.132499947575417;1.04058941674953;-0.428921741792101;0.18594449351197;1.37660850054158;21.8648938991305;0.512145710113244;0.582341185415445
-5.04120807189009;11.4508863390016;5.32038350981051;-0.133068724403651;1.03736335354513;-0.423923346582307;0.184844708432504;1.38098120508157;21.8904823686897;0.517338691577592;0.575012711942646
-5.05224663395128;11.4277718668655;5.32635808058168;-0.133635990446227;1.03384223103116;-0.418945169653587;0.183724129604539;1.385163139051;21.9160973774641;0.522380024255485;0.567659974418976
-5.06325191782575;11.4046665817867;5.33234718000275;-0.134198916705598;1.0300212107837;-0.413988880171464;0.182582747496316;1.38915532882714;21.9416897683593;0.527399887494234;0.560328706334451
-5.07404739481676;11.381433827759;5.33834857303607;-0.134754580988169;1.02589775269384;-0.409057153615629;0.181420597643881;1.39295884439811;21.9673081832824;0.532230393332151;0.552577118578382
-5.08475291617842;11.3581679813026;5.34435972776792;-0.135300104342514;1.02147091286303;-0.404152904966913;0.180237655265779;1.39657480828464;21.9929188802459;0.536988177295589;0.544681689139893
-5.09543408590237;11.3349199867757;5.35037946084042;-0.135832817195984;1.01674001315179;-0.399277941752455;0.179033921609807;1.40000435328477;22.0185031847351;0.541736401166796;0.536795819793637
-5.10583474538668;11.3115475915506;5.35640634463013;-0.136350122124108;1.01170562213917;-0.394434270508704;0.177809450564244;1.4032486304715;22.0440852600275;0.547536168326645;0.526799106682852
-5.11620330513082;11.2881879191086;5.36243903542848;-0.136849542007975;1.00636917164662;-0.389623821740835;0.176564275713822;1.40630880688941;22.0696426724115;0.553354711855243;0.516753815379325
-5.12649550162307;11.2648165220141;5.36847700206969;-0.137328779276549;1.00073221125504;-0.384847871129257;0.175298471293954;1.40918604126392;22.0951799297189;0.559355018323204;0.506350170384512
-5.13656458470077;11.2413514264237;5.37451993925504;-0.137785658023414;0.994796797741013;-0.38010751732478;0.174012138859074;1.41188147808001;22.120714164485;0.566079578465306;0.494547227431665
-5.14660873434849;11.2179026956374;5.38056748569293;-0.138218105234837;0.988565662923228;-0.37540390284529;0.172705382110194;1.41439625021382;22.1462235336978;0.572792252410476;0.482756170675749
-5.15651921141942;11.1944083439096;5.38661914009523;-0.138624152692344;0.982042221120608;-0.370738272767683;0.171378347445157;1.4167314839253;22.1717225948351;0.580107386447638;0.470538825479908
-5.16626788628212;11.1708522920991;5.39267446252518;-0.139001954906881;0.975230296966558;-0.366111813144877;0.170031171316339;1.41888829773445;22.1972162065541;0.588186179472105;0.457780145794527
-5.17599343352321;11.1473139156811;5.39873297453969;-0.139349782246603;0.968134175455599;-0.361525724965912;0.168664007602584;1.42086780421301;22.222684646505;0.59625479251015;0.445031646095567
-5.18552920589365;11.123701489363;5.40479414718264;-0.139666021321235;0.960758566562431;-0.356981228769316;0.167277053333401;1.42267111203389;22.248149870465;0.605372723544141;0.43241291329098
-5.1949629804324;11.1000632043436;5.41085746202042;-0.139949177393161;0.953108491597822;-0.352479514985861;0.16587046515793;1.42429932616594;22.2736010908818;0.614986824925464;0.419860993947358
-5.20437529938224;11.0764435378801;5.41692241967571;-0.140197871300536;0.945189236161084;-0.34802173555769;0.164444420375188;1.42575354778874;22.2990270695622;0.624592148789685;0.407317852120838
-5.21354402181221;11.0527228700243;5.42298856399904;-0.140410835761387;0.937006287865538;-0.343608984871411;0.162999150423931;1.42703487349494;22.3244580655027;0.633868232025576;0.397371794960144
-5.22267058441653;11.029009509632;5.42905544571663;-0.14058690912155;0.928565355702092;-0.339242325388726;0.161534881792774;1.42814439551798;22.3498670718994;0.643105004297965;0.387685066356143
-5.23174197618378;11.0052968971325;5.43512259140957;-0.140725031107107;0.919872386360611;-0.334922808099437;0.160051889475031;1.42908320279919;22.3752556153816;0.652246127381606;0.378316518861951
-5.2405873202715;10.9814945670481;5.44118955096811;-0.140824240353583;0.910933476342931;-0.330651436764464;0.158550474517037;1.42985238067655;22.4006483511435;0.660864980745944;0.370768782278525
-5.24941423956829;10.957712294108;5.44725587139419;-0.140883669300431;0.901754890545516;-0.326429185547193;0.157030923546117;1.43045301128833;22.4260158699514;0.669477575160778;0.363227304644604
-5.25813174860947;10.933903158936;5.45332108338663;-0.140902540588328;0.892343064351176;-0.322257006833466;0.155493573250984;1.43088617431489;22.4513707488019;0.677008883048615;0.356094251015663
-5.2666831694023;10.9100377162104;5.45938472769242;-0.140880163519402;0.882704548637565;-0.318135811677062;0.153938751712517;1.43115294695991;22.476722004275;0.682787621600577;0.349620755689309
-5.27521853559924;10.8861934433091;5.46544634232576;-0.140815929882447;0.872846016574227;-0.314066477789184;0.152366762105626;1.43125440426423;22.5020479164266;0.68856224149312;0.343151379022375
-5.28359129092305;10.8622964590652;5.47150546698354;-0.140709310158817;0.862774244764922;-0.310049845699699;0.150777949505575;1.43119161927697;22.5273692293401;0.693413449758101;0.336756077552787
-5.29185752503945;10.8383747931615;5.47756164812263;-0.140559849521424;0.852496094844945;-0.306086714831944;0.149172636370867;1.43096566307291;22.5526788466046;0.697687695958491;0.330407775499894
-5.30011013160986;10.8144752697624;5.48361442272515;-0.140367164670238;0.842018530884608;-0.302177853626358;0.147551154774824;1.43057760519196;22.5779630854484;0.701959964621335;0.324061450984548
-5.30814823264058;10.790498812992;5.48966333765209;-0.140130939936403;0.831348578212151;-0.298323986413704;0.145913889083321;1.43002851354258;22.6032510578353;0.704916793535805;0.316446432540067
-5.31613864100081;10.7665273444802;5.49570794142882;-0.139850923943836;0.820493330687452;-0.294525798594504;0.144261199179037;1.42931945451675;22.6285191786277;0.707641740296243;0.308609102693103
-5.32409787298148;10.7425692080602;5.50174776429116;-0.139526927849308;0.809459978108985;-0.290783948703208;0.142593476274703;1.42845149361847;22.6537648054656;0.710269232276941;0.30075516956261
-5.33183218406683;10.7185307637785;5.50778235142467;-0.139158820941266;0.798255740400836;-0.287099047255305;0.140911152049262;1.42742569520159;22.6790168622422;0.711850352060821;0.292723745178261
-5.3395566776639;10.6945154986311;5.51381124189563;-0.138746528689838;0.786887901225919;-0.283471669876856;0.13921463293213;1.42624312275755;22.7042438470289;0.713432637436629;0.284691155201984
-5.34719829590576;10.6704889001409;5.51983395610402;-0.138290031672847;0.775363824717718;-0.27990236436183;0.137504367679066;1.42490483951515;22.7294563789202;0.714911649147538;0.276708266434365
-5.35467438649255;10.6464116325472;5.52585002447062;-0.137789361328159;0.76369089662227;-0.276391633244158;0.135780826436783;1.423411908286;22.7546676213576;0.71616927601459;0.268832915503582
-5.36214336215303;10.6223583072686;5.53185896418284;-0.13724459939711;0.751876564751095;-0.27293994759182;0.134044458486007;1.42176539190625;22.7798538885359;0.717430424067218;0.260954043387223
-5.36947914385596;10.5982705955899;5.53786028250706;-0.136655876105127;0.739928327420797;-0.269547744687607;0.132295753865815;1.41996635358196;22.8050338716;0.718657739308926;0.254581386791359
-5.37670763319558;10.5741601078263;5.54385348851269;-0.136023367149163;0.727853706879601;-0.266215421309944;0.130535210677598;1.41801585693049;22.8302046220523;0.719859408645586;0.249416233275254
-5.38393191713589;10.550074332878;5.54983807432838;-0.135347293940358;0.715660282757446;-0.262943344225122;0.128763340559436;1.41591496649243;22.855350493151;0.721067168419011;0.244244989322385
-5.3909738752822;10.5259326290469;5.5558135317276;-0.134627920422714;0.703355654935309;-0.259731840859625;0.126980697904062;1.41366474781881;22.880498277117;0.722427562833066;0.240224326192313
-5.39796570507189;10.5017943743069;5.56177934943337;-0.13386555159971;0.69094744673628;-0.256581201033125;0.125187822496968;1.41126626762656;22.9056287571303;0.723834447855755;0.236504707284446
-5.4049509662728;10.4776791767742;5.56773499730178;-0.133060534384897;0.678443333640347;-0.253491685315764;0.123385287227682;1.40872059434381;22.930735262783;0.725252556049757;0.232813785548138
-5.41171679523481;10.4534926875801;5.57367995478587;-0.132213252573545;0.665850981669831;-0.250463510189806;0.121573712453267;1.40602879794796;22.9558502523525;0.726776955277685;0.230625632364786
-5.41848329783777;10.4293318737722;5.57961369522742;-0.131324127291348;0.653178079181677;-0.247496856719858;0.119753722841319;1.40319195019706;22.9809406983696;0.728311678288402;0.228427155398644
-5.42519414359087;10.4051722113331;5.58553567412107;-0.130393618005671;0.640432357852265;-0.244591876420992;0.117926002854241;1.40021112514595;23.0060150825075;0.73001344496865;0.22601523739844
-5.4317430323121;10.3809673072708;5.59144535909757;-0.129422216835881;0.627621526810562;-0.241748676623588;0.116091237537237;1.39708739893261;23.0310902759095;0.732172545212007;0.223013208200086
-5.43829578743658;10.3567886721504;5.59734220724818;-0.128410450803922;0.614753320287537;-0.238967332141434;0.114250076413593;1.39382185012199;23.0561411241189;0.73434479089024;0.219998033566855
-5.44474501409372;10.3325905176457;5.60322566583491;-0.127358881214196;0.601835492574501;-0.236247884963127;0.112403209267652;1.39041556003169;23.0811839515532;0.736620147284653;0.21636988842135
-5.45108884233161;10.3083716013142;5.60909518994212;-0.126268099587422;0.588875778077288;-0.233590336419467;0.110551290116265;1.38686961263877;23.1062199269683;0.739001594848191;0.212112762742188
-5.45743971345068;10.2841794035154;5.61495021853265;-0.125138731197569;0.57588194165466;-0.230994658600292;0.108694951772984;1.38318509506319;23.1312318440941;0.741398965669499;0.207839713805256
-5.46364046489895;10.259948229798;5.62079018894151;-0.123971431992216;0.562861743326084;-0.228460787926911;0.106834878654524;1.37936309770719;23.156243823189;0.74424733634138;0.201925161503557
-5.46979118978036;10.2357192722287;5.62661453964174;-0.122766887177299;0.549822930818115;-0.225988624486583;0.104971723304052;1.37540471433607;23.1812412990909;0.747275076247069;0.195387410059083
-5.47595212814054;10.2115173599749;5.6324226904853;-0.121525814883765;0.536773280177174;-0.223578040761089;0.103106152184958;1.37131104262526;23.2062150797061;0.750321493549856;0.188830981217513
-5.48191768892277;10.1872583374657;5.63821406481085;-0.120248961258443;0.523720543136404;-0.221228872466201;0.101238880536659;1.36708318419192;23.2311968348195;0.754362625308018;0.181261156549066
-5.48788735257813;10.1630230640517;5.64398808198792;-0.118937101312262;0.51067246240597;-0.218940922225511;0.0993705986763163;1.36272224480687;23.2561565095291;0.758461166136325;0.173633208592708
-5.49382838877491;10.1387983357476;5.64974414748282;-0.117591040953501;0.497636790276939;-0.216713963762097;0.0975020324529159;1.35822933483801;23.2810991110875;0.762701892378859;0.166174272598377
-5.49961372922143;10.1145331072598;5.65548166934126;-0.116211612898471;0.484621248354997;-0.214547735693102;0.0956339274871827;1.35360556931673;23.3060444809515;0.767454456550416;0.159464646444684
-5.50541430433346;10.0902950572454;5.66120005070678;-0.114799677846476;0.471633542459007;-0.21244194496492;0.0937669921679457;1.34885206818185;23.3309669555502;0.772229964094001;0.152732076918964
-5.51114067829496;10.0660491286373;5.66689869134896;-0.113356123771843;0.458681356104333;-0.210396266670944;0.0919019727374391;1.34396995649221;23.3558799323459;0.778052626690702;0.146732702322559
-5.51676558563436;10.0417842285686;5.67257699465663;-0.111881863652442;0.445772332468488;-0.20841034207016;0.0900396269945233;1.33896036448686;23.3807882634405;0.785241678481094;0.141701458078127
-5.52240901967705;10.017546657025;5.67823435846839;-0.11037783736686;0.432914092507649;-0.206483782413324;0.0881807122153886;1.33382442785695;23.4056741675254;0.792456550400149;0.136644393705031
-5.52793374669804;9.993283857363;5.68387018991089;-0.108845007314328;0.420114198971751;-0.204616164413393;0.0863260235277108;1.32856328769107;23.430558018837;0.800704889778565;0.133494454758834
-5.53341007963706;9.96902206948432;5.68948390372373;-0.107284358046682;0.407380159381992;-0.202807031770215;0.0844763308670707;1.32317809046805;23.4554301834699;0.809482421087952;0.131280730323605
-5.53890817833564;9.9447876449321;5.69507490062816;-0.105696902049707;0.394719470744915;-0.201055902732225;0.0826324266634197;1.31766998853229;23.4802804636027;0.81828858733448;0.129038370951234
-5.54424429583311;9.92051128629575;5.70064260176165;-0.104083669738572;0.382139538567407;-0.199362259685191;0.0807951359275208;1.31204013981348;23.5051363630752;0.828201489344617;0.127515013246949
-5.54958389091948;9.89625449802854;5.7061864329255;-0.102445713062033;0.369647711904551;-0.197725555187342;0.0789652297443436;1.30628970790354;23.5299738962202;0.838261283955432;0.126042785790565
-5.5549206237255;9.87201472125901;5.71170579813469;-0.100784113451872;0.357251336126179;-0.196145220129104;0.0771435063301378;1.30041986270809;23.5547942003053;0.848274466022195;0.124598177789618
-5.56010883014683;9.84773772603391;5.71720011717699;-0.0990999706535103;0.344957662781214;-0.194620653020174;0.0753307816727224;1.29443178027992;23.5796193887845;0.857829039758633;0.123492430505481
-5.56532344354619;9.82348754969014;5.72266880956461;-0.097394406916437;0.332773883019542;-0.193151225445713;0.0735278218996134;1.28832664300493;23.6044238892957;0.867416108362381;0.122354188354035
-5.57049166912184;9.79923753883309;5.72811129819639;-0.0956685655852342;0.320707114550405;-0.191736281616085;0.0717354302506013;1.28210563970951;23.6292185173867;0.875897217794944;0.12072187164968
-5.57556320992578;9.77496897206264;5.7335270379243;-0.0939236011734802;0.308764337485226;-0.190375131962672;0.0699544158444012;1.27576996516683;23.6540113360892;0.882485853255007;0.118276741338743
-5.58066400948063;9.75072688918119;5.73891547212704;-0.0921606925609759;0.296952487386955;-0.189067065339533;0.0681855746145355;1.26932082053167;23.6787842394017;0.889109394169471;0.115796705573406
-5.58567633777635;9.72646810474281;5.74427605611548;-0.0903810353716935;0.285278397036316;-0.187811343595498;0.0664297404942041;1.26275941327621;23.7035554335064;0.894346226997211;0.112837625116874
-5.59064237326499;9.7022073088907;5.749608273434;-0.0885858356550748;0.273748759781061;-0.186607198929787;0.0646877114900478;1.2560869567913;23.7283192725434;0.898695805344866;0.10955471454121
-5.59564007831868;9.67797239252283;5.75491157872222;-0.086776328794687;0.26237024648798;-0.185453847683701;0.0629602990266176;1.24930467117819;23.7530641351852;0.903082237389382;0.106234950268685
-5.60050965203615;9.65370541983529;5.76018528685228;-0.0849538199369091;0.251149712656295;-0.184350512248278;0.0612483473786866;1.24241378628295;23.777814866722;0.902052006679982;0.101280339202884
-5.60538184962551;9.6294527854711;5.76542868886315;-0.0831196465676874;0.240093919255034;-0.183296393015156;0.0595526238310085;1.23541554226353;23.8025520570021;0.900029462869556;0.0959862271532458
-5.61027368141709;9.60522100824439;5.77064120560176;-0.0812751217814002;0.229209217480494;-0.182290639153824;0.0578739087393582;1.22831118701925;23.8272726768536;0.897984968711361;0.0906391799176437
-5.61502502903471;9.58096129299501;5.77582232426866;-0.0794215517821894;0.218501706460509;-0.18133236602036;0.056213010751469;1.22110197497706;23.8519932975611;0.89524044213718;0.0850801500553286
-5.61981286191127;9.55672680036831;5.78097153896457;-0.0775602553203205;0.207977360103482;-0.180420668575759;0.0545706871483364;1.21378916710148;23.8766962118938;0.892536915706592;0.0794801200494218
-5.62457856929222;9.53249612586748;5.78608869579272;-0.0756924343751487;0.197641359291399;-0.179554565100854;0.052947728803694;1.20637402403646;23.9013911011142;0.889422472872745;0.0737584817011204
-5.62924950802529;9.50824265439818;5.79117450553953;-0.0738189712774834;0.187497218477356;-0.178732930422106;0.0513449236305397;1.19885778936294;23.9260902619695;0.885344853578069;0.0678181581468186
-5.63395754992099;9.48401308317929;5.79622933305519;-0.0719408684289117;0.177549288517405;-0.177954709953468;0.0497630164625667;1.19124169724941;23.9507730045226;0.881308350404789;0.0618367184711208
-5.63861232245372;9.45974323041084;5.80125342826037;-0.0700591772373518;0.167802196116184;-0.177218872104973;0.0482027767121205;1.18352697533827;23.9754852011214;0.87820073719245;0.0560449196503456
-5.64322400793835;9.43544048817872;5.80624765818303;-0.0681747239808772;0.158259462003745;-0.176524304098656;0.0466649184399024;1.17571483335419;24.0002216301888;0.875868920854174;0.0504097197720961
-5.64786474455106;9.41115644705621;5.81121218464526;-0.0662886111660181;0.148926033100907;-0.175870002777213;0.045150116284822;1.16780647763482;24.0249451228537;0.873569263000675;0.044742361409069
-5.65244159776564;9.38679841667429;5.81614616655872;-0.0644023544655327;0.13980856223942;-0.175255083572814;0.0436590724559617;1.15980313081308;24.0497294168608;0.872187185610597;0.0394542987236195
-5.65701397663457;9.3624285898827;5.8210486346328;-0.0625175599493249;0.130913582159141;-0.174678645273343;0.0421924284788163;1.15170603409241;24.0745244789978;0.871078830334091;0.0342580218909926
-5.66160519129217;9.33807129782224;5.82591899978955;-0.0606357194370221;0.122246617284872;-0.174139712652537;0.0407508049451315;1.14351643980534;24.0993107035701;0.87006020353596;0.0290516718067024
-5.66611497274899;9.31366247592124;5.83075553214763;-0.058758795331245;0.113814831662383;-0.173637403526233;0.0393348509195708;1.13523563272482;24.1241326437719;0.873507051059493;0.0246571955857976
-5.67064290516319;9.28926539136101;5.8355565064906;-0.0568887793848781;0.105624819257815;-0.173170784547293;0.0379451841787307;1.12686492912852;24.1489463477878;0.876974045749145;0.0202425721987747
-5.67516370359501;9.26487047390096;5.84032125635248;-0.0550272634277044;0.0976809611840281;-0.17273878250611;0.0365824354180875;1.11840565636942;24.1737566201834;0.880623686803373;0.0161343882037711
-5.67962551247702;9.24045816449249;5.84504850744963;-0.0531760772438769;0.0899883582725372;-0.172340355823248;0.035247227188768;1.10985916379407;24.1985733199872;0.884780835816886;0.0129889888241946
-5.68410738864102;9.21605753499338;5.84973719396544;-0.0513369673401126;0.0825514124496561;-0.17197441554875;0.0339401072272581;1.10122681828498;24.2233821477286;0.888959955092198;0.00982161918281818
-5.68855933584342;9.19166085648582;5.85438603580906;-0.0495117558150444;0.0753745289423119;-0.171639862820381;0.0326616216556557;1.09251000755771;24.2481816992587;0.893490692193645;0.00699150832158327
-5.69298029867794;9.16726827127693;5.85899286309921;-0.0477026027684427;0.0684630263265821;-0.171335626773023;0.0314123203436404;1.08371015531149;24.2729716796048;0.898396575965985;0.00451964287142789
-5.69742673884346;9.14288866825609;5.86355635798732;-0.0459113134792453;0.0618204657664415;-0.171060541425917;0.0301927272841886;1.0748287046676;24.2977534445459;0.903329913461957;0.00202032369764035
-5.70180397869703;9.11856747412899;5.86807528297629;-0.0441396299571389;0.0554499918242144;-0.17081341308091;0.0290033685077163;1.06586711587335;24.3224653993959;0.90740128935159;0.000995851568040801
-5.70618051387794;9.09428117784939;5.87254809867585;-0.0423893753938655;0.0493548786193885;-0.170593042221709;0.0278447496896329;1.05682687070232;24.3471428840158;0.91116381703924;0.000519664610308668
-5.71059813948977;9.07001320235099;5.87697412859463;-0.0406619923030733;0.043537006019166;-0.170398169260577;0.0267173666595508;1.04770945641069;24.3718096643253;0.914969832378207;-9.99873933649198e-09
-5.7148767570107;9.0457954405149;5.88135625096956;-0.0389574933652185;0.0379939251502052;-0.170227400167523;0.0256217105764447;1.03851628121294;24.3964024794599;0.918155858975468;0.000454010575042546
-5.71919645957608;9.02160051499374;5.88569752474039;-0.037275823400678;0.0327236157883006;-0.170079399047746;0.024558230002468;1.02924867094854;24.4209799946155;0.921362003776597;0.000905039947551117
-5.72353796168677;8.99739666759511;5.88999855255997;-0.0356179175447645;0.0277271697871282;-0.169952957742253;0.0235273637645569;1.01990793359509;24.445570132262;0.924530929145615;0.00160649935884369
-5.72780237839008;8.97308231030089;5.89426293565992;-0.033983594611191;0.0230022653147031;-0.169846812309836;0.0225295355850837;1.01049531009259;24.4702556182903;0.927360988477119;0.00356411410898291
-5.73210138023612;8.94878248278144;5.89849351848616;-0.0323730183323983;0.0185479156871507;-0.169759775058454;0.0215651192908621;1.00101199002456;24.4949327946755;0.930227348157032;0.00548542851071337
-5.73640944951334;8.92441898901947;5.90268952864008;-0.0307877718681166;0.0143669450207158;-0.169690753489991;0.0206344816337772;0.99145917360922;24.5196742434849;0.933431488329454;0.00801587475709054
-5.74070938831017;8.89995970254012;5.90684957130231;-0.0292296815765389;0.0104621767443169;-0.169638643915085;0.0197379748504622;0.981838081762412;24.544508618225;0.937074308909669;0.0113974442413336
-5.7450260659446;8.87550766464055;5.9109727123995;-0.0277003911064173;0.00683537715046366;-0.16960231504166;0.0188759214689637;0.972149948126871;24.569338758443;0.940734850852642;0.0147612923628182
-5.74932687228321;8.85102501370666;5.91505697558214;-0.02620190272055;0.00348862493989239;-0.169580624984052;0.0180486387558264;0.96239603547288;24.5941962951655;0.944736499666302;0.0185335226163539
-5.75362582159236;8.8265289258072;5.91909954362226;-0.0247364658622514;0.000423881399769538;-0.169572407269419;0.0172564058064913;0.952577647908773;24.6190667452527;0.948922127684699;0.0225112080699232
-5.7579393401191;8.80203876615935;5.92309929561297;-0.0233056415422789;-0.00235890827499085;-0.169576469635772;0.0164994744590884;0.942696102583899;24.6439338794193;0.953123138249248;0.0264735109773412
-5.76221395143266;8.77754590771569;5.92705534401802;-0.0219108466426824;-0.00486035846936435;-0.169591616243708;0.0157780833965379;0.932752725598862;24.6687969527736;0.958064449283378;0.0307670568920747
-5.76649841226375;8.75305830963438;5.93096674431363;-0.0205534542010967;-0.00708138811882936;-0.169616651069284;0.0150924100746473;0.92274885255531;24.6936565397453;0.963109924845233;0.0350851177541092
-5.77079174869663;8.7285758898528;5.93483321323103;-0.0192345462318141;-0.00902356348931943;-0.169650386405886;0.0144426106710621;0.912685818148978;24.7185125574491;0.968118446231747;0.0393262674961583
-5.77504793362725;8.70409174388523;5.93865454781397;-0.0179551260265863;-0.0106886390274859;-0.169691644742896;0.0138288393048972;0.902564955092318;24.7433638856616;0.97277132558693;0.0431439324416187
-5.77932224646817;8.67961423294562;5.94243055808122;-0.01671614253523;-0.0120785006922842;-0.169739259133568;0.0132512119239728;0.892387594098459;24.7682117888339;0.977443181060279;0.0469426212689112
-5.7835918168014;8.6551399346903;5.94616107328942;-0.0155184889442396;-0.013195156892322;-0.16979207376866;0.0127098522806473;0.882155063771677;24.7930557117512;0.981882068691332;0.0504511464017365
-5.78783950797085;8.63066633191014;5.94984593178651;-0.0143630068036739;-0.0140407245542163;-0.169848944284566;0.0122048947317852;0.871868690649514;24.8178951987288;0.985896620227852;0.0534629736117724
-5.79210679698821;8.6061995901775;5.95348498314015;-0.0132504861319447;-0.0146174216819468;-0.169908738154897;0.0117364764110093;0.861529799209529;24.8427312855093;0.989931611981257;0.0564543606049216
-5.79635479457979;8.58173399413569;5.9570778741263;-0.0121817279898228;-0.0149275411517458;-0.169970331317657;0.011304740083161;0.851139714884769;24.8675629361435;0.992851572965506;0.0586267611206381
-5.80059692251238;8.55727154244115;5.9606241221192;-0.0111575134316396;-0.0149735059736752;-0.1700326094581;0.0109097682639859;0.840699765820473;24.8923904852031;0.995026179633426;0.0602388177933514
-5.80486012798422;8.53281615500752;5.96412347289468;-0.010178499588154;-0.0147578817969136;-0.170094475142411;0.0105516335689634;0.830211279565065;24.9172146849973;0.997222694974525;0.0618289657928855
-5.80908537197859;8.50838267464424;5.96757434892262;-0.00924563487086514;-0.0142835034357159;-0.170154821949093;0.0102304098786517;0.819675600930647;24.9420108066593;0.997849572295735;0.0629223640072477
-5.81332403794986;8.48396040504172;5.97097492286302;-0.00835980998586821;-0.0135536269087882;-0.170212557028903;0.00994607478069478;0.809094094014893;24.9667981732349;0.998180685087307;0.0638934057111324
-5.81758181980205;8.45955490429856;5.97432474027572;-0.00752145205079527;-0.0125715445742214;-0.170266631911625;0.00969859068070317;0.798468122622786;24.9915722962835;0.998474912041355;0.0647213586235127
-5.82176615878083;8.43527714483294;5.97762176933594;-0.0067312824204691;-0.0113412324955912;-0.170315996880827;0.00948792611319414;0.787799070259431;25.0162080081132;0.997897062911464;0.0638928372485083
-5.8259945277558;8.41101274359406;5.98086418747662;-0.0059898220801695;-0.00986701659067618;-0.170359637529318;0.00931398316737562;0.777088335519198;25.0408380765595;0.99736436423315;0.0630191654219275
-5.83020989373932;8.38681064368936;5.9840523149579;-0.00529700970862644;-0.00815253018655456;-0.170396599127481;0.00917667070741165;0.766337303583909;25.065404536422;0.996757485000941;0.0620835922428196
-5.83434370977674;8.36273802073624;5.98718697994486;-0.004652670744993;-0.00620108998386626;-0.170425954147927;0.00907588785616901;0.755547340355488;25.089829515662;0.995925443089852;0.0610574601782361
-5.83854298524574;8.33868395406898;5.99026880187392;-0.00405668511671391;-0.00401603893113901;-0.170446790992412;0.00901148226652802;0.74471979583958;25.1142473787482;0.995159654244384;0.0599650750480328
-5.84268879620935;8.3146696154782;5.99329967280283;-0.00350872707271935;-0.0015996844569957;-0.170458218303805;0.00898331052246605;0.733855989846465;25.1386169541753;0.994851940135685;0.0587442505974014
-5.84680127111529;8.29069277799741;5.99628294042303;-0.00300834363240098;0.00104719886770129;-0.170459341283225;0.00899120658868001;0.72295719732786;25.1629439183392;0.994953541234219;0.0573995176990899
-5.8509868188931;8.26673477807486;5.99922012573462;-0.00255553464058825;0.00392271566500996;-0.170449245457633;0.00903498947807852;0.712024672837769;25.1872647853157;0.995128364020189;0.055981563113342
-5.85509294395715;8.24269168669679;6.00211369693611;-0.00215025618486431;0.00702618796085677;-0.170426997629313;0.00911448697890222;0.701059641993062;25.2116559826225;0.996171167579674;0.0563124122426266
-5.85921800642123;8.21863331163864;6.00496673966975;-0.00179254798749579;0.0103580413662942;-0.170391623205714;0.00922947455079406;0.69006329797248;25.2360654387977;0.997514887800437;0.0571209124383141
-5.86340433923735;8.19458802553236;6.00777979959712;-0.00148288904276064;0.0139161789903145;-0.170342144553722;0.00937972135977645;0.679036832245369;25.2604724289108;0.998931151296268;0.0578751711147346
-5.86752853886113;8.17031669641339;6.01055313514858;-0.00122178355242463;0.0176982385755914;-0.170277582409037;0.00956500772859445;0.667981438584637;25.2850916579754;1.00233916676888;0.0599708483397518
-5.87169124133052;8.14605385092;6.01328696574282;-0.00100972111151554;0.0217018610448947;-0.170196953864568;0.0097850787034537;0.6568983142171;25.3097090047717;1.00578591614779;0.062027791658459
-5.87587704894731;8.12176297347666;6.01598057689467;-0.000847212023522516;0.0259233464068268;-0.170099307010471;0.0100396942672141;0.645788669552675;25.3343578934357;1.00954861103843;0.0654252428970014
-5.88004891106678;8.09736443864109;6.018631828205;-0.000734697533241541;0.0303566322320122;-0.169983775787171;0.0103286039818923;0.634653740920374;25.3591105283594;1.01422334568543;0.0731502290049852
-5.8842445178348;8.07297084460464;6.02123911713688;-0.000672383735082397;0.0349962428351492;-0.169849529355393;0.0106515192569183;0.623494783100634;25.3838623070059;1.01892204143497;0.0808512540104337
-5.88843127069019;8.0485675576171;6.02380168756812;-0.000660311525077645;0.0398379633546754;-0.16969573849932;0.0110081653254445;0.612313059988163;25.4086221397047;1.02384030195078;0.0891315689080352
-5.8926046819331;8.02415274956312;6.02631814193316;-0.000698403979093625;0.044876212843007;-0.169521653222338;0.0113982281987385;0.601109849037259;25.4333910761718;1.02899772392529;0.0980559083755133
-5.89679939456504;7.9997421771934;6.02878774993708;-0.00078646304170408;0.0501065072246986;-0.169326527617571;0.0118213703370736;0.589886434013426;25.4581594361797;1.03417661350947;0.106958780233313
-5.90096436071478;7.97532825463603;6.03121034111259;-0.000924247327233852;0.055525390583789;-0.169109602385419;0.0122772684384883;0.57864409975933;25.4829260782143;1.03833544974385;0.116839554735956
-5.90512942071713;7.95091530151511;6.03358570177621;-0.00111148376920686;0.0611292246039289;-0.16887014153415;0.0127655308714024;0.567384132366533;25.5076917804031;1.04208928107242;0.127108088839225
-5.90931506095417;7.92650625629236;6.03591375030203;-0.00134788270594143;0.0669145941198492;-0.16860741512574;0.0132857555289879;0.556107818053799;25.5324571003663;1.04586380643823;0.137355928905263
-5.91345272999163;7.90209114855634;6.03819445681283;-0.00163314351241028;0.072878144703505;-0.168320702783761;0.0138375606404619;0.544816442825587;25.5572203350263;1.04848364921933;0.144629729506571
-5.91760643099895;7.87767914619693;6.04042779136269;-0.00196695206728831;0.079016465020608;-0.168009298247637;0.014420508884754;0.533511292548259;25.5819831921162;1.05105441205059;0.151709431919593
-5.92176673339868;7.85326884838117;6.04261370802295;-0.00234897664543477;0.0853260473848111;-0.167672512053501;0.0150341741228695;0.522193653112634;25.6067454770574;1.05307246447539;0.158449964704684
-5.92588648107981;7.82885350583157;6.04475209057542;-0.00277885223247519;0.0918031306125012;-0.16730968236527;0.0156781322652106;0.510864810825391;25.6315059550975;1.05248609599398;0.163706948790809
-5.93002525400272;7.80444148181562;6.046842843165;-0.00325619184480898;0.098443956875984;-0.166920163264048;0.0163519067781388;0.499526052213351;25.6562663338882;1.05191877804996;0.168944882339544
-5.93415163060906;7.78003296703619;6.04888556217485;-0.00378049540029646;0.105243739298269;-0.166503392804365;0.0170550405341025;0.488178665152301;25.6810211834664;1.0508920197792;0.1727997650868
-5.93825283116244;7.75562805555256;6.05087934478568;-0.00435103453599091;0.112195933921177;-0.166058965005113;0.0177870659063399;0.476823939756409;25.7057682954292;1.04920680658984;0.174703180832389
-5.94237302587929;7.73122626639946;6.05282371436883;-0.0049670838864035;0.119295290587973;-0.165586448755712;0.0185474949675424;0.465463165144257;25.7305154835195;1.04754055141519;0.176587638563256
-5.94645049631761;7.70689955410691;6.05471772453594;-0.00562765797374093;0.126534704853429;-0.165085596290769;0.0193358626013492;0.454097629275391;25.7551815471727;1.04523250632569;0.177581478724186
-5.95052155331236;7.68261609083102;6.05655997518012;-0.0063314236735832;0.133905105179307;-0.164556393416764;0.0201516581057929;0.442728617135962;25.7798038966488;1.04259316996186;0.178076158248662
-5.95462341323029;7.65833730364878;6.05835014380149;-0.00707729574244902;0.141401362883091;-0.163998631310722;0.0209943673026362;0.431357405817244;25.8044267470489;1.03998434601866;0.178540325352512
-5.95860273056181;7.63425029702091;6.06008854058291;-0.00786444021841563;0.149020781283996;-0.1634119462932;0.0218634961173763;0.419985263065944;25.828840244437;1.0371098262225;0.178452544851089
-5.96261449347852;7.61019540404091;6.06177548632082;-0.00869207821198161;0.156760617853382;-0.162795977235238;0.0227584850057337;0.408613447669306;25.853227374608;1.03424775704825;0.178244254085787
-5.96665356451809;7.58615674149918;6.06341140717207;-0.00955953679067144;0.164618543578975;-0.162150324880645;0.0236787824459167;0.397243210037613;25.8776030057108;1.03148505031004;0.178014148123054
-5.97054273988046;7.56219199976206;6.06499807707256;-0.0104670290174304;0.172598669084786;-0.161473993450531;0.0246238474146992;0.385875795952398;25.9018812785391;1.02911826733136;0.177967538168689
-5.97449838862049;7.5382348970448;6.06653694824694;-0.0114148937040142;0.180703820526894;-0.160765962662107;0.0255930796797528;0.3745124510913;25.9261627514672;1.02681602728194;0.177856385285064
-5.97844492605411;7.51426421298724;6.06802826306354;-0.0124028942604838;0.188930813670654;-0.160025666385385;0.0265859044517648;0.36315442119945;25.950456142583;1.02498697346043;0.177791243093308
-5.98231818029973;7.49026207869866;6.06947261181345;-0.0134310718382634;0.19727849465639;-0.159252333066015;0.0276017448909236;0.351802954801732;25.9747687843329;1.02397115063691;0.177865357371583
-5.98625348570003;7.46626524800351;6.07087032397318;-0.0144993606901697;0.205744428981806;-0.158445272731825;0.0286399845913437;0.340459304141768;25.9990861549145;1.02301537018805;0.177879429275198
-5.99012855882216;7.44225797915784;6.07222124811171;-0.0156073275598981;0.214323452730907;-0.157604057353404;0.0297000343822053;0.329124723452294;26.0234041554312;1.02308988461663;0.178057436028257
-5.99397915432514;7.41824413165064;6.07352517835937;-0.0167544193817601;0.223010099556223;-0.156728326264872;0.0307812785254906;0.317800468243332;26.0477247631092;1.02390484964932;0.178333419209537
-5.99789016468876;7.39423367490984;6.07478200793855;-0.0179401003030839;0.231799571539627;-0.155817687398291;0.0318830943654913;0.306487795698386;26.0720516625205;1.02477801873709;0.178551198335734
-6.00168232265671;7.37020655585412;6.07599182025418;-0.0191639866599331;0.240688430572697;-0.15487162257137;0.0330048868522956;0.295187966655148;26.0963761956541;1.02751409976223;0.178904883876445
-6.00549557138072;7.34617741606837;6.07715470595367;-0.020425715881767;0.249673393838907;-0.153889592422455;0.0341460072172763;0.283902246607793;26.1207060214791;1.03069777114909;0.179243010956508
-6.00935615746719;7.32214659962047;6.07827062053603;-0.0217247823012866;0.258750249310219;-0.15287116087404;0.0353058162394674;0.272631904862993;26.1450449668976;1.03412460938402;0.179537033680037
-6.0130791105791;7.29806320769564;6.07933957890504;-0.0230607383688407;0.267915334938345;-0.151815837701058;0.0364836964788925;0.261378215880659;26.1694144179886;1.0406891249913;0.179985048819635
-6.01685635674877;7.27398007532344;6.08036157341537;-0.0244331129967028;0.277164896853149;-0.150723143706651;0.0376789791928676;0.250142459727919;26.193791966132;1.04730567840036;0.180381026157452
-6.02062987129961;7.2498842102485;6.08133645658422;-0.0258412299444412;0.286494005664817;-0.14959275213088;0.0388910257723677;0.238925920065128;26.2181815156518;1.05440041564581;0.18078749506899
-6.02431622686181;7.22575736053459;6.0822639890289;-0.0272842128899906;0.295896845701821;-0.148424483332261;0.0401192018874213;0.227729881825503;26.2425883608893;1.06258111403039;0.18129420703257
-6.02805196502483;7.20162910561446;6.08314399122713;-0.0287611936078613;0.305368116930943;-0.147218141361941;0.0413628239162921;0.2165556315695;26.2670041022279;1.0708089915197;0.181753739891417
-6.03173236991754;7.1774923962066;6.08397630066616;-0.0302712641370943;0.314902620399187;-0.145973557962228;0.0426212392448077;0.205404457134304;26.2914197963858;1.07869534763041;0.182320850279744
-6.03536738736421;7.15334736564461;6.08476069914234;-0.0318133340328953;0.324494402733445;-0.144690712322259;0.0438937872273597;0.194277644984038;26.3158369185069;1.0862786690855;0.182980608938056
-6.03904992430347;7.12919943120379;6.08549707308806;-0.0333864307425837;0.334138591690439;-0.143369488114789;0.045179801082747;0.18317648207779;26.3402640308223;1.09390721199915;0.183595146137801
-6.04262398798166;7.10505742392576;6.08618533888637;-0.0349895974896578;0.343830582689736;-0.142009763150965;0.0464786461777475;0.172102256209423;26.3646691623849;1.0998053009881;0.184411991143143
-6.04619804133836;7.08091435791311;6.08682541041989;-0.0366218274214321;0.353565613280816;-0.140611466573753;0.0477896416975081;0.161056255240883;26.3890753397564;1.10519290849568;0.185260049926304
-6.04982075959545;7.05676683532584;6.08741725477867;-0.0382822116143556;0.363339592366939;-0.1391744549763;0.049112116162079;0.150039768850813;26.4134930983487;1.11062665708886;0.186061967623879
-6.05327392311892;7.03262745078559;6.08796090320665;-0.0399700332806343;0.373149467049402;-0.137698432561423;0.0504454293599341;0.139054092125938;26.4378782213605;1.11117187972353;0.187266501499131
-6.05677743138836;7.00848252103849;6.08845637290263;-0.0416845888989344;0.382992073511407;-0.136183104021034;0.0517888959148575;0.128100526156868;26.4622760122992;1.11174574829511;0.18842435925295
-6.06027961300358;6.9843291263223;6.08890363875394;-0.0434250684050425;0.392863540428633;-0.134628276113836;0.0531418627452383;0.117180376440346;26.4866819900993;1.11156027536917;0.189599120247257
-6.06365923483794;6.96016125347699;6.08930270739437;-0.0451908187279906;0.402760797880402;-0.133033622533426;0.0545036902415548;0.106294956296551;26.5110850210916;1.10873156292182;0.190942007446306
-6.06708880940446;6.9359861643268;6.08965355871572;-0.0469811417363539;0.412680392100204;-0.131398862082541;0.0558736886438685;0.0954455865313418;26.5355021650099;1.10595004391019;0.192237701209644
-6.07046379989325;6.91179632637774;6.08995613424255;-0.0487951747422429;0.422617957676816;-0.129723864533865;0.0572512042460645;0.0846335926663645;26.5599263092283;1.10199722102461;0.193573771815405
-6.07376796360338;6.8875901885131;6.0902103777292;-0.050632043099793;0.432569154682079;-0.128008511161512;0.058635588519277;0.0738603051504533;26.5843569172467;1.09669169900117;0.194963926409517
-6.07711946640687;6.86337529712292;6.0904162340652;-0.0524908523569521;0.442529620861395;-0.126252702745348;0.0600261826993269;0.0631270593894996;26.6088026435824;1.09143082374405;0.196309434237306
-6.08036026961645;6.83914577117765;6.09057364815995;-0.0543706642690707;0.452494854006981;-0.124456382872656;0.0614223651765716;0.0524351952287329;26.6332479444186;1.0863571008274;0.197610251776178
-6.08357981032712;6.81490414416348;6.09068256936011;-0.0562705147436226;0.462460320895586;-0.122619522167147;0.0628234819085607;0.0417860567694827;26.6577024311784;1.08138809998765;0.198867334482254
-6.08684464239914;6.79065223933676;6.09074295379378;-0.0581894486136851;0.472421626492036;-0.120742086159738;0.0642288882361658;0.0311809929286349;26.682173107838;1.07646175701018;0.200081759326058
-6.08994187262595;6.76638363933331;6.09075476222554;-0.0601265230934392;0.482374502566023;-0.118824032581366;0.0656379771910048;0.0206213580819589;26.706638548386;1.07204849080192;0.201306391107096
-6.0930684599847;6.74210334757427;6.09071795837733;-0.0620807856538816;0.492314678750991;-0.116865333337936;0.0670501016490453;0.0101085122008787;26.7311193187255;1.06770951334932;0.202493124322439
-6.09619954537045;6.71781032582556;6.09063250984948;-0.0640512603752656;0.502237817883952;-0.11486598844875;0.0684646446903139;-0.000356179350938146;26.7556132894403;1.06418582084824;0.203659172852246
-6.09918362218699;6.69350021270745;6.09049838832349;-0.0660369694833623;0.512139626625933;-0.112826004919419;0.0698810140986454;-0.0107713455229407;26.7801058661578;1.06449133213577;0.204883130537967
-6.1022095078209;6.66917742744824;6.09031557010962;-0.068036923040676;0.522015799570677;-0.110745407607715;0.0712985761526159;-0.0211356095466278;26.8046161469933;1.06483619365555;0.206067737991433
-6.10518348434216;6.6448399520278;6.0900840376034;-0.0700501119246001;0.531861988762751;-0.108624246995976;0.0727167387208203;-0.0314475891044084;26.8291346552307;1.06563884066738;0.207397954947743
-6.10806096713087;6.62048656801865;6.08980377915381;-0.0720755184047414;0.541673858289718;-0.106462588816546;0.0741349246912363;-0.0417058962550468;26.8536574450373;1.06709663674598;0.208961450084076
-6.11097784433565;6.59611919560146;6.08947478967015;-0.0741121148277607;0.55144707608704;-0.10426051603906;0.0755525436664059;-0.0519091374151088;26.8781987777465;1.06859152574604;0.210487852298951
-6.11378571843511;6.57173615724011;6.0890970710718;-0.0761588643028194;0.561177316411891;-0.102018128755854;0.0769690465668073;-0.0620559133459347;26.9027429566224;1.07147896274921;0.212403469158788
-6.11654812530817;6.54733756224372;6.08867063255647;-0.0782147221808575;0.57086026570339;-0.0997355431929774;0.0783838564396807;-0.0721448191244565;26.927297433394;1.0751675219262;0.214523633703945
-6.11934745613057;6.52292374436958;6.08819549121531;-0.0802786355558456;0.580491619145056;-0.0974128928706259;0.0797963903903258;-0.0821744441524924;26.9518712152813;1.07889088938675;0.21660898996555
-6.12198011335171;6.49849443324963;6.08767167327285;-0.0823495407098039;0.590067069278357;-0.0950503321280101;0.0812061032583907;-0.0921433722673537;26.9764419728162;1.0824141907644;0.219277954421966
-6.1246189078188;6.47404911057645;6.08709921390059;-0.0844263670043892;0.599582324533649;-0.0926480324659555;0.0826124091088603;-0.102050181771888;27.001029307703;1.08593712483882;0.222002601074942
-6.12726678146158;6.44958771019618;6.08647815674048;-0.0865080405559658;0.609033124045565;-0.0902061789919297;0.084014730169059;-0.111893445383692;27.0256336029255;1.08946456853005;0.22471553862011
-6.12974034342654;6.42511199059208;6.08580855604655;-0.0885934786201522;0.618415211247047;-0.087724977596406;0.0854125372939341;-0.12167173038287;27.0502339963966;1.09279400854354;0.227567447002981
-6.13224689400397;6.40061912044342;6.08509047595437;-0.0906815943438909;0.627724355652462;-0.0852046501046464;0.0868053081490067;-0.131383598648407;27.074854790127;1.09615467851271;0.23038812543016
-6.13470479426557;6.37611052041928;6.0843239897264;-0.0927713003719678;0.636956366670795;-0.0826454305825621;0.0881925568171638;-0.141027606610179;27.0994863298442;1.09874122481709;0.232852638196041
-6.13703974407039;6.35158738246152;6.08350918134492;-0.0948615055117237;0.646107077112218;-0.0800475699455034;0.0895738188048028;-0.150602305336187;27.1241203771342;1.09981954363751;0.234664624074607
-6.13940529303291;6.32704604359128;6.08264614569721;-0.0969511158343958;0.655172347990977;-0.0774113352487369;0.0909486416607297;-0.1601062406174;27.1487754604931;1.10092695201581;0.236447520395291
-6.14166377562072;6.30249039508995;6.08173499119106;-0.0990390300116768;0.664148049726458;-0.0747370162631724;0.0923166044370363;-0.169537953248225;27.1734347511748;1.10144882566129;0.237223584115297
-6.14385150886497;6.27791891847323;6.08077583985433;-0.101124141435068;0.673030074027896;-0.0720249237397617;0.0936772742609307;-0.17889597928394;27.1981034284777;1.10155058593394;0.237258063780118
-6.14606744462229;6.25332826491704;6.07976882378562;-0.103205347654747;0.681814373354513;-0.0692753780507138;0.0950302352376711;-0.188178850011084;27.2227937223925;1.10167931150402;0.237265578147505
-6.14811715600274;6.22872680367224;6.07871408364117;-0.105281553837029;0.690496971029858;-0.0664887050595218;0.0963751021616036;-0.19738509182026;27.2474804235112;1.10005544359817;0.2362722802862
-6.15014928610556;6.20410745073229;6.07761177197357;-0.107351666332984;0.699073931842834;-0.0636652449934365;0.0977114659766063;-0.206513226339264;27.2721835021034;1.09804815165631;0.235028801967016
-6.15219602388547;6.17946849924131;6.07646205508182;-0.109414590298466;0.707541353678745;-0.0608053562698236;0.0990389395830519;-0.21556177069617;27.2969073178711;1.09604818835026;0.233690329175444
-6.15403844494775;6.15481994369362;6.07526508320463;-0.11146928269073;0.715895573194199;-0.0579093420871479;0.100357160044103;-0.224529235748603;27.3216246358073;1.09371660188312;0.230932210304406
-6.15590570076025;6.13015063296736;6.074021020059;-0.113514696444163;0.724132926320503;-0.0549775264136649;0.101665743958394;-0.233414126426443;27.346364513252;1.09140910709938;0.228149999749975
-6.15772844763414;6.10546275984446;6.07273008226581;-0.115549719174394;0.732249527203018;-0.052010343152475;0.102964332408636;-0.242214944641117;27.3711195831468;1.08907045064637;0.225599637378863
-6.15940020741692;6.08075991084665;6.07139252539053;-0.117573205206074;0.740241430282283;-0.0490082951271846;0.104252574561059;-0.250930191135019;27.3958789355087;1.08661581137674;0.223675169446006
-6.1610932048858;6.05603585000006;6.07000861205528;-0.119584029033661;0.748104845973959;-0.0459718786565586;0.105530104066199;-0.259558365243934;27.420660893163;1.08418201916705;0.221729854453206
-6.16268372507538;6.03130148548745;6.06857863690803;-0.121581049688597;0.755835997262744;-0.0429016385049474;0.106796581281247;-0.26809796626968;27.4454463433771;1.08200022606608;0.220516895786516
-6.16417980091119;6.00655552217499;6.06710294773787;-0.123563086763234;0.763431042345995;-0.0397982091134632;0.10805167470024;-0.276547496123594;27.4702374898445;1.08005501061798;0.219986376883195
-6.16569584751594;5.98178729952831;6.06558186764144;-0.125529029926235;0.770886489038366;-0.0366621477240774;0.109295065170835;-0.284905457193436;27.4950520672211;1.07812969863037;0.219435954519383
-6.1670436317382;5.9570181138477;6.06401544963608;-0.127478139072125;0.778200221233397;-0.0334934436672369;0.110526462245225;-0.293170335714018;27.5198578947943;1.07687093679754;0.22142897689273
-6.16835091465558;5.93223255326409;6.06240367843137;-0.129409751020001;0.78537027948859;-0.0302919598261315;0.111745567268413;-0.301340597741046;27.544677906923;1.07584728228781;0.22424612476889
-6.16967954648104;5.90742319837518;6.06074680215458;-0.13132288110649;0.792393470042888;-0.027058088750143;0.112952099772943;-0.309414704598409;27.5695228128905;1.07484526650624;0.22704163391689
-6.17076860849066;5.88256747342915;6.05904467209869;-0.133217002142341;0.799268242461453;-0.0237914488948605;0.114145806454424;-0.317391089710971;27.594402385207;1.07464238596021;0.231180376044292
-6.17186393081698;5.85769093382534;6.05729716872797;-0.135091521992809;0.805992683336317;-0.0204917381156338;0.115326430544162;-0.32526816052704;27.6193030268385;1.0744604162274;0.235327209084596
-6.17292237536869;5.83278200551496;6.05550473599148;-0.136945232822637;0.81256273519385;-0.0171597220807793;0.116493748701188;-0.333044330562931;27.6442344330251;1.07435298276206;0.239615930664647
-6.17382402295581;5.80781426701083;6.05366797976933;-0.138776795517759;0.818974142485918;-0.013796435368947;0.117647559866843;-0.340718028073973;27.6692184466014;1.07447885596079;0.244432421877177
-6.17471118598931;5.78283305035863;6.05178750242821;-0.140584923200617;0.825223100604807;-0.0104028679701107;0.118787672185848;-0.348287695412302;27.6942154112906;1.074590975759;0.249262666490225
-6.17551460973495;5.75783277206012;6.04986403762364;-0.142368256397378;0.831305803648398;-0.00698020849215419;0.119913945759207;-0.355751795943828;27.7192285959083;1.07514971249354;0.253080480601669
-6.17621572034357;5.73281444007651;6.04789860364729;-0.144125244017884;0.837218087464688;-0.00353010381458119;0.121026231264583;-0.363108829319031;27.7442567498819;1.07623834382479;0.255693729374723
-6.17688956858807;5.70778622982665;6.04589199715052;-0.145854617122654;0.842957005778413;-5.37587689488639e-05;0.12212436207363;-0.3703573190739;27.7692940296816;1.07730042847861;0.258333524825207
-6.17743731693719;5.68275870033143;6.04384490910495;-0.14755526374556;0.848520285329282;0.003447842510095;0.123208202255412;-0.377495806872599;27.7943275524238;1.07853958223326;0.2601712601868
-6.17791224284286;5.65772630949748;6.04175810291052;-0.149226071733307;0.853905772911569;0.00697362426989745;0.124277571364721;-0.384522856524262;27.8193644481076;1.07984201701901;0.261666016091421
-6.17835743325834;5.63268467793528;6.03963220340199;-0.150866098066059;0.859111962823319;0.010522775488645;0.125332279470497;-0.391437046807957;27.8444100366574;1.08111549088031;0.26318973292048
-6.17863932185522;5.60765186615704;6.03746794386983;-0.152474367202017;0.86413733187896;0.0140943296621454;0.126372175518935;-0.398236977614923;27.8694444355258;1.08295559476051;0.262486475302936
-6.1788807777448;5.58261117738062;6.03526607010947;-0.154049950054009;0.868980610386394;0.0176873280805223;0.127397074972005;-0.404921271061753;27.8944862883994;1.08481475601974;0.261630605400176
-6.17906864024845;5.55756736083845;6.03302720924798;-0.155592053371219;0.873641039140693;0.0213010311218702;0.128406821430413;-0.411488565831347;27.9195308095432;1.08667012161646;0.26087772915648
-6.17910482046337;5.53254445413441;6.03075214544507;-0.157099822613532;0.878117769921766;0.0249344684980699;0.129401300222826;-0.417937526093426;27.9445537424034;1.08863119338936;0.260538895167762
-6.17911884618978;5.50750969428517;6.02844161674949;-0.158572486111332;0.882410322519706;0.0285867697736495;0.130380366084762;-0.424266839891204;27.9695885061816;1.09057121259918;0.260221113742128
-6.17903597976734;5.48248336015658;6.02609612373549;-0.160009464755425;0.886518869247609;0.0322574600293559;0.131343917244277;-0.430475207773225;27.9946149775022;1.09250591836648;0.260143152895764
-6.17882248915491;5.45747311050316;6.02371606362462;-0.161410266540308;0.89044388948954;0.0359462369873187;0.132291883208662;-0.4365613385713;28.0196261383302;1.09444991809906;0.260415088409881
-6.17860125047168;5.43244615965396;6.02130192841177;-0.162774363086942;0.894185836814826;0.0396526607231376;0.133224166961399;-0.442523955510085;28.0446540670373;1.09638776352766;0.260693178227984
-6.17822183376067;5.40742384060529;6.01885411384257;-0.164101300748124;0.89774547234072;0.0433764498577878;0.134140707756736;-0.448361792630225;28.0696792624933;1.09815462066397;0.263082755969882
-6.17774757468799;5.38239675632154;6.01637293730012;-0.165390680799832;0.901123807959003;0.0471174495688869;0.135041457452329;-0.454073592293916;28.0947108399389;1.09981992388979;0.266714709654494
-6.17726720602012;5.35735228758942;6.0138589862582;-0.166641979705336;0.904321667732064;0.0508751069657374;0.135926369247326;-0.459658120552294;28.119759915134;1.10148101517483;0.270350875279892
-6.17658961763579;5.33230697286398;6.01131300253242;-0.167854630179658;0.907339964900532;0.0546486566629865;0.136795429871958;-0.465114176703624;28.1448143940892;1.10287066774474;0.275331722323592
-6.17586737806045;5.30724995661581;6.00873575318085;-0.169028094482996;0.910179913389731;0.0584373180153641;0.137648613017878;-0.470440596443729;28.1698818170374;1.10420551967975;0.280535566942523
-6.1751094838164;5.28218180284755;6.0061280297738;-0.170161867566912;0.912843040991041;0.062240297105747;0.138485916472836;-0.475636255134529;28.1949614250294;1.10544817157055;0.28593815691683
-6.17416138185819;5.25712407796489;6.00349075562637;-0.171255436106506;0.915331105015134;0.0660566324061886;0.139307365673951;-0.480700076606039;28.2200370800282;1.10597262394941;0.29302623886401
-6.17319465558719;5.23205328517745;6.00082480859854;-0.172308360032924;0.917646289958435;0.0698854547614551;0.140112951399999;-0.485631033230687;28.2451265043077;1.10648033240595;0.300131064733517
-6.17213986212268;5.2069814540108;5.99813092590228;-0.173320303904671;0.919791258641234;0.0737261208080295;0.140902704526537;-0.490428141449315;28.2702205136984;1.10674020988601;0.307600487688348
-6.17093016273182;5.18191920127479;5.99540982782234;-0.174290981458097;0.921769016516079;0.0775780319073087;0.141676678031719;-0.495090463674387;28.2953119442041;1.10652480623721;0.315778093720435
-6.16970721364417;5.1568419676829;5.9926622484081;-0.175220144689074;0.92358289109868;0.0814405904085636;0.142434880717662;-0.499617111909203;28.3204189800525;1.10629845127447;0.32396665106646
-6.16834020975307;5.13177070914204;5.98988891688327;-0.176107591817141;0.925236550836019;0.085313226272548;0.143177358272614;-0.504007250642311;28.3455274787025;1.10555159685711;0.332215034501634
-6.16686048355711;5.10670045734324;5.98709057500549;-0.176953162876849;0.926733997171268;0.0891953729733261;0.143904178080987;-0.508260100799272;28.3706413616136;1.10440715387212;0.340511614195517
-6.16536664927051;5.08161558458864;5.98426802971435;-0.177756727521673;0.928079545262695;0.0930863955582975;0.144615405722064;-0.512374946470792;28.3957706748153;1.10325109789843;0.348819806878087
-6.16368421997726;5.05654547199371;5.9814221487785;-0.178518193116175;0.929277841372129;0.0969855990023438;0.145311145518585;-0.516351141598019;28.4208971770361;1.10077237354151;0.356891940744886
-6.16193837082392;5.03147070291101;5.97855383794474;-0.179237516870781;0.930333879370883;0.10089226138375;0.145991501087038;-0.520188115710947;28.4460326506504;1.09795442234565;0.364921949669101
-6.16016244692846;5.0063861513405;5.97566399133996;-0.179914721766396;0.9312530125153;0.104805702191214;0.146656609387277;-0.523885377432272;28.4711799891413;1.09507556668708;0.372886842173576
-6.15817863957408;4.98132585302003;5.97275354792734;-0.180549885415564;0.932040919542581;0.10872520581912;0.147306635330233;-0.527442520892934;28.4963186852795;1.09115730703126;0.378716020069082
-6.15616296989227;4.95625820281048;5.96982344785612;-0.181143153909697;0.932703601702896;0.112650081174726;0.147941706054566;-0.530859230194911;28.5214672441109;1.08720902908427;0.384575216255763
-6.1540690580939;4.93119306006665;5.96687458880782;-0.181694751627645;0.933247361935648;0.116579719575594;0.148561995709544;-0.534135281949909;28.5466196962257;1.08252002415148;0.390088690653891
-6.15181801446494;4.90614801431061;5.96390787702682;-0.182204971693914;0.933678755271396;0.120513525572145;0.149167688774915;-0.537270550428493;28.5717657001695;1.07590570365797;0.394633148591387
-6.14952639452677;4.88109956846986;5.96092419653333;-0.1826741835383;0.93400455110923;0.124450957359578;0.149758908645244;-0.540265011384185;28.5969187548742;1.06925219525659;0.399216794436749
-6.14712038725744;4.8560636703833;5.95792436645335;-0.18310283956118;0.934231680733255;0.128391581682063;0.150335818161574;-0.543118744018083;28.6220699986602;1.06176554822324;0.403056643272994
-6.14460009402494;4.83104111148819;5.95490913027158;-0.183491474639684;0.934367166213897;0.13233508563184;0.150898580364902;-0.545831932624498;28.647219160309;1.05346737024534;0.406178565710617
-6.14203472950503;4.80601761279882;5.95187923932255;-0.183840695101709;0.934418036001716;0.136281165403673;0.151447333938478;-0.548404872284639;28.6723738135917;1.04512521590178;0.409344464513899
-6.13931943025124;4.78100977051563;5.94883533200367;-0.184151194386122;0.934391236057172;0.140229682118547;0.151982257038942;-0.550837969070662;28.6975286347141;1.0356531156249;0.411798019965187
-6.13652631465038;4.75600565302772;5.94577794980373;-0.184423748326373;0.934293512825462;0.144180637509179;0.15250349899379;-0.553131741195027;28.7226882727502;1.02576395627686;0.414029153478199
-6.13369295348684;4.7309995202595;5.94270774986321;-0.184659198746967;0.934131291456378;0.148133896903783;0.153011205322251;-0.55528682991813;28.7478544129292;1.01583588419924;0.41629919972079
-6.13065332172389;4.70601070982416;5.93962532370016;-0.184858476183839;0.933910523120525;0.152089421992795;0.153505562751129;-0.557304002104338;28.7730274145028;1.00415716975106;0.418902405251841
-6.12757977782695;4.68101686407688;5.93653124126252;-0.185022598965491;0.933636505105075;0.156047210725927;0.153986737259225;-0.55918415473159;28.7982095311201;0.992410172619614;0.421540567924032
-6.12443355809125;4.65602385710542;5.93342618009816;-0.185152672836643;0.933313681460612;0.16000712903075;0.154454926387756;-0.56092832488523;28.8233997890803;0.980628148452864;0.42434143978838
-6.12109979857882;4.63104734897204;5.93031086896464;-0.185249903944445;0.932945392376143;0.163968980042236;0.15491034991405;-0.562537696749863;28.8485978031096;0.968793609347497;0.427670054199141
-6.11774430575865;4.60606273516015;5.92718603008823;-0.185315607864086;0.932533573654158;0.167932572811967;0.155353177159865;-0.564013605547707;28.8738067352448;0.956939904447904;0.431017834404128
-6.11426826161578;4.58108844757855;5.92405239080799;-0.185351214691041;0.932078411315339;0.171897701061284;0.155783608209258;-0.565357541356908;28.899021768917;0.945256106645009;0.434761528886532
-6.1106496241789;4.55612814945863;5.92091076456028;-0.185358275226014;0.931577949775131;0.175864033277171;0.156201864685122;-0.566571155432239;28.9242430103443;0.933789323578676;0.438989532995745
-6.10701278746597;4.53115876322703;5.91776190839471;-0.185338468997253;0.931027600537366;0.179831283834544;0.156608142107933;-0.567650151752604;28.9494758625426;0.9223072699392;0.443232807678101
-6.10320286630967;4.50621569307573;5.91460660517359;-0.185292087501368;0.930435882115449;0.183799161065056;0.157002663113378;-0.568588578971337;28.9747082276277;0.912005505666809;0.447789138398912
-6.09930208342227;4.48128035686877;5.91144570987345;-0.185218071242259;0.929827010303535;0.18776737203315;0.157385645111101;-0.569386406250327;28.9999468309744;0.902247648686175;0.452500209223575
-6.09538268791103;4.45633646984627;5.90827998203943;-0.185115975854558;0.929223114932458;0.191735825574952;0.15775730230465;-0.570043699489949;29.0251967648548;0.892474191399364;0.457226880354414
-6.09124146997003;4.431436509111;5.90511005624185;-0.184985915246642;0.928644018721147;0.19570465817136;0.158117872701116;-0.570560605882149;29.0504387483476;0.885373116414521;0.46225841413868
-6.08706124201759;4.40653382386341;5.90193653741312;-0.184828503914152;0.928107116912808;0.199674103482386;0.158467567345798;-0.570937346007182;29.0756898480915;0.878501068426827;0.467333931328249
-6.08282771562406;4.38163069065149;5.89876002826988;-0.184644796868486;0.927627300073143;0.203644447552388;0.158806615445348;-0.571174209383007;29.1009502675159;0.871818815978529;0.472432750764934
-6.07839005769153;4.35675843331444;5.89558081857479;-0.184436206701813;0.927216875397072;0.207616406731238;0.159135264602103;-0.571271522222917;29.1262153025043;0.866288822403423;0.477580089108821
-6.07393518547967;4.33187783056026;5.89239920651885;-0.184204452168489;0.926885671269572;0.211590716142466;0.159453720065489;-0.571229644968041;29.1514915814993;0.860744876705758;0.482741379575268
-6.0693696899137;4.30700242805372;5.889215723608;-0.183951515457009;0.926641126324339;0.215567840049784;0.15976221885468;-0.571048982254797;29.176782477087;0.856051194452413;0.488037374023744
-6.0646416667249;4.28213825705592;5.88603081624282;-0.183679562864427;0.926488335233233;0.21954836103902;0.16006102237732;-0.570729965600005;29.2020921827882;0.852725692323149;0.493535673623877
-6.05990594199674;4.25726199168281;5.88284495720622;-0.183390894248192;0.926430197624215;0.223532832707424;0.160350373631419;-0.570273050436752;29.227415209219;0.849396791805772;0.499037371612124
-6.05499218884573;4.23240937206075;5.87965888669321;-0.183087911921954;0.926467571746483;0.227521470419139;0.160630545036324;-0.5696787267185;29.2527489352005;0.84631745829906;0.504804981358751
-6.04996919281179;4.20756511801365;5.87647348469992;-0.182773062091268;0.926599417371217;0.231514302703503;0.160901800969591;-0.568947515111669;29.2780958767974;0.843392906454624;0.510733493437314
-6.04494288942941;4.18270674675907;5.87328942901854;-0.182448753478495;0.926822999860767;0.235511592950874;0.161164413034712;-0.568079947507402;29.3034573110455;0.840470103428279;0.516660256697787
-6.03968209707898;4.15790244022014;5.87010743807429;-0.182117335569302;0.92713411346621;0.239513529975529;0.161418673767014;-0.567076567888069;29.3288133667133;0.837749805704274;0.523064952244087
-6.03437730631445;4.13309613761133;5.86692826782926;-0.181781060778805;0.927527299775365;0.243520226876556;0.161664817960112;-0.565937927593557;29.35418053948;0.835063901130577;0.529550715213954
-6.02904353786123;4.10828346063684;5.86375249371698;-0.181442028876146;0.927996104652192;0.247531992381878;0.161903092024381;-0.564664571756773;29.3795600198639;0.832323109502568;0.536070075191056
-6.02346304914849;4.08352903305778;5.86058058990081;-0.181102168262739;0.928533311425878;0.251549230130904;0.162133765720436;-0.563257035044867;29.4049356684081;0.829025210956102;0.542930369913567
-6.01787682238341;4.05876137814414;5.85741303075484;-0.180763226840382;0.929131146671798;0.255572309708768;0.162357061388658;-0.561715842340494;29.4303254824955;0.82572688465738;0.549791092388334
-6.01219765146427;4.03400610105879;5.85425034618863;-0.180426763767818;0.929781470915417;0.259601495521436;0.162573233400509;-0.560041510030671;29.4557238431887;0.822273373788317;0.556762790985204
-6.00633142521421;4.00929072657303;5.85109304401354;-0.180094131946745;0.930475982198877;0.263637045173355;0.162782545812866;-0.558234544658228;29.4811258578015;0.818497487304582;0.563964793179082
-6.0004597592809;3.98456190353146;5.84794164199729;-0.179766477073854;0.931206384786273;0.267679169419434;0.162985226162777;-0.556295444533766;29.506542213753;0.814721811872786;0.571166584321021
-5.99443197970587;3.95986655313634;5.84479669134802;-0.179444740035577;0.931964539859349;0.271728002995509;0.163181532297988;-0.554224702044898;29.5319625689382;0.810275534267827;0.57833461057226
-5.98827994601129;3.93519469256422;5.84165875464123;-0.179129658410572;0.932742608777744;0.275783634206431;0.163371705384325;-0.552022805173003;29.5573898814715;0.80530066586375;0.585475840349543
-5.9821222869733;3.91050936768982;5.83852838778257;-0.178821772104594;0.933533177297122;0.279846130225639;0.163555979277076;-0.549690238931224;29.5828316194032;0.800326118157955;0.592616749428543
-5.9757452219974;3.88587992170774;5.83540613722828;-0.178521433752277;0.934329356050926;0.283915543345903;0.163734616570646;-0.547227487300909;29.6082732499935;0.794524810524825;0.599718841313813
-5.96930698377982;3.86125496621456;5.83229255161751;-0.178228823087292;0.935124856740491;0.287991898719716;0.163907830725144;-0.544635035849581;29.6337259383463;0.788509212184186;0.606810466728537
-5.96285518422807;3.83661913098376;5.8291881875994;-0.177943962666062;0.935914050011179;0.29207518957244;0.164075843380615;-0.541913374463372;29.6591925850627;0.782463885479194;0.613916068218151
-5.95613523576463;3.81205749141494;5.82609359828979;-0.177666733491471;0.936692009143631;0.296165395289109;0.164238896651357;-0.539062999840649;29.6846569100225;0.77539565481659;0.621509504739769
-5.94940957931684;3.78748224654728;5.82300934042341;-0.177396893483744;0.93745453091913;0.300262475064429;0.164397170000805;-0.536084418373212;29.7101358643762;0.768328197569675;0.629102167845696
-5.94260676257521;3.76291818428868;5.81993598218042;-0.177134096513758;0.938198140008795;0.304366360367876;0.164550862322805;-0.532978149108081;29.7356245181316;0.760720552250244;0.63696159213989
-5.93559865489324;3.73840969492541;5.81687409380151;-0.176877910089227;0.938920082958168;0.308476970128665;0.164700182389391;-0.529744726298548;29.7611152934073;0.751600633794264;0.645568383345584
-5.92858472604133;3.7138875350986;5.81382424898715;-0.176627833845104;0.939618306004416;0.312594211540481;0.164845277292237;-0.526384701903078;29.7866208128199;0.742481700567216;0.654174189322346
-5.92142978606673;3.68940029553777;5.81078702346287;-0.176383317254556;0.940291422043279;0.316717984461379;0.164986309606815;-0.522898647858753;29.8121319489638;0.732823683434322;0.664386599225963
-5.91413282406677;3.66494826178781;5.80776299326072;-0.176143776499081;0.940938667845266;0.320848186022159;0.165123464578598;-0.519287158146395;29.8376495430694;0.722622566212768;0.676217918076949
-5.90682992040155;3.64048248824319;5.80475273802113;-0.175908610658857;0.941559852215295;0.324984708142332;0.165256947001338;-0.51555085078446;29.8631820023532;0.712422646864674;0.688048039054474
-5.89932181541192;3.61607701846238;5.80175684155149;-0.175677216380585;0.942155298751425;0.329127438413195;0.165386984208376;-0.511690369598585;29.8887162655256;0.701356906275137;0.702006645340288
-5.89173515088472;3.59168469119572;5.7987758889027;-0.175449000837663;0.94272578491737;0.333276265497333;0.165513762488327;-0.507706385650284;29.9142611888594;0.689976474839039;0.716740348025831
-5.88414243485346;3.56727853852175;5.79581046447468;-0.175223393227852;0.943272478051421;0.337431082910144;0.165637476453147;-0.503599598364627;29.9398211111026;0.67859747743579;0.731472616678526
-5.87628028565233;3.54296036433479;5.79286114856819;-0.174999854526879;0.943796870385979;0.341591794780498;0.165758337325383;-0.499370736338161;29.9653786341799;0.666349109733134;0.748443983211637
-5.8684032544871;3.51863167297841;5.78992852057302;-0.174777886080249;0.944300713051548;0.345758312060063;0.165876512296959;-0.4950205580547;29.9909507448299;0.654073210904112;0.76548884412144
-5.86046494053793;3.49431096826785;5.78701315419694;-0.174557035922064;0.944785953053776;0.349930559685259;0.165992179360481;-0.490549852038236;30.0165342064012;0.641732882807208;0.782757944480041
-5.85230323599666;3.47006254006215;5.78411558979718;-0.174336901725615;0.945254676411873;0.354108516759559;0.166105516756495;-0.485959435940622;30.0421193523157;0.629133859619824;0.800916022806117
-5.84413544153712;3.44580004538496;5.7812363727512;-0.174117137173993;0.945709044002813;0.35829216209076;0.166216669620255;-0.481250157419971;30.0677197725133;0.616536856644024;0.81907208092061
-5.83584154515263;3.42157129144571;5.77837608953502;-0.173897456731349;0.946151233222638;0.362481420727918;0.166325798436845;-0.476422896041193;30.0933287794188;0.603782627197409;0.837232418850858
-5.82738719749801;3.39738979476282;5.77553533995508;-0.173677634253878;0.946583394613924;0.366676202365625;0.166433048385851;-0.47147856351263;30.1189455859351;0.590825703616379;0.85539840272441
-5.81892710965348;3.37319381564295;5.77271470864705;-0.173457500268941;0.947007613285208;0.370876442226431;0.166538555966877;-0.466418103200383;30.1445779578875;0.577871637024431;0.873561529608881
-5.81027636419228;3.34906423990097;5.76991484013903;-0.173236946206722;0.947425860511492;0.375081987976073;0.166642474050332;-0.461242492833683;30.1702113701169;0.564609489411236;0.891930585540924
-5.80152908557222;3.32495985343808;5.76713641548453;-0.173015920157784;0.947839965875494;0.379292630649333;0.166744911537101;-0.455952744934414;30.1958538413318;0.551197951230766;0.910399110405258
-5.79277526807279;3.30084125605613;5.76438003314885;-0.172794414046729;0.948251609045364;0.383508283277253;0.166845978862789;-0.450549900656316;30.2215119016733;0.537788733326016;0.928865314993872
-5.78377225734056;3.2768236974195;5.76164595602932;-0.172572438723824;0.948662338142766;0.387729374727674;0.166945804665626;-0.445035015430249;30.2471614109299;0.523556537479684;0.948451402620658
-5.77473684796131;3.25280431503636;5.75893440806757;-0.172350042447944;0.949073514408747;0.391956406230456;0.167044472814359;-0.439409161389676;30.272824017047;0.509240701790848;0.968151763508397
-5.76565441134909;3.2287842597484;5.75624588511059;-0.172127331614801;0.949486257955807;0.396189463896441;0.167142078736257;-0.433673438885854;30.2985038478652;0.494824656055452;0.987977755317098
-5.75632508716534;3.20482843408895;5.75358082140893;-0.171904438805087;0.949901493619697;0.400428731244384;0.167238723094159;-0.427828971884362;30.3242121708901;0.479793304187387;1.00857367015311
-5.74699281285048;3.18085571759584;5.75093965952488;-0.171681523302884;0.950319941745273;0.404674379819298;0.167334468025103;-0.42187691506387;30.3499373041248;0.464769433465315;1.02916210384314
-5.73754473865869;3.15691933674871;5.74832371725926;-0.171458839776025;0.950741981978082;0.408925158433175;0.167429392961289;-0.415818500182741;30.3756708704147;0.449705420334187;1.04971910941556
-5.72790539801617;3.13305483181808;5.74573563434815;-0.171236774026998;0.951167571271525;0.41317759313688;0.167523565249578;-0.409655077691257;30.4014086147526;0.434568845876134;1.07022984700889
-5.71826009420502;3.10917458383299;5.74317726017609;-0.171015658368929;0.95159658877602;0.417429392376094;0.167617029679638;-0.403388072631803;30.4271631896751;0.419436901776616;1.09073595424368
-5.7084913111112;3.08547448648558;5.74065048282252;-0.170795835935155;0.952028721397622;0.421678104130627;0.167709848139934;-0.397018997642562;30.4527976145255;0.404509668251853;1.10970962539362
-5.6986243031206;3.06189673510642;5.73815805341297;-0.170577727684799;0.95246333488633;0.425919701152231;0.167802049153762;-0.390549474521824;30.4783567265364;0.38969208532963;1.12772719301666
-5.68872197782494;3.03832380698753;5.73570134184631;-0.17036163160429;0.952899885256074;0.430152366067638;0.167893659568553;-0.383981155222278;30.5039250465117;0.374842389016685;1.14577687403042
-5.67875311575772;3.01500310637038;5.7332799513213;-0.170147682205041;0.953338039360584;0.434377273920277;0.167984727120732;-0.37731565935557;30.5292870907548;0.361811162606413;1.16025443908095
-5.66871881472515;2.99175119166971;5.73089329434105;-0.169935985533703;0.953777431575647;0.43859596239383;0.168075258054134;-0.370554586262863;30.554611757277;0.3490548983878;1.17413641691267
-5.65861685603768;2.96853450103233;5.72854147007159;-0.169726695719011;0.954217516696465;0.442808780792709;0.168165266481579;-0.363699528273833;30.5799310047673;0.336412051918376;1.18787849775592
-5.64841025769641;2.94544350244822;5.72622282640681;-0.169519796866008;0.954658049934984;0.447019254255778;0.168254779621971;-0.356752000241984;30.6051771701259;0.325792676445235;1.19929298352118
-5.63813317622689;2.92238481897725;5.72393587584033;-0.169315273356932;0.955098750041834;0.451230736993727;0.168343793017208;-0.349713475942909;30.6304223931779;0.315096085919733;1.21078468433881
-5.62776227434778;2.89937028408592;5.72168081728311;-0.169113246598536;0.955539001249749;0.455443562193842;0.168432318251668;-0.342585448567181;30.6556656976773;0.304973410155231;1.22148834193626
-5.61727028839355;2.87641364271041;5.71945740822528;-0.168913784110659;0.955978272031476;0.459658899352097;0.168520365489603;-0.335369404869759;30.6809063227192;0.29619137560962;1.23038517530092
-5.60670908869697;2.85348957368906;5.71726560933934;-0.1687169575814;0.956415999485708;0.463877565311536;0.168607934514721;-0.328066840850112;30.7061462093974;0.287333156858608;1.23935819287099
-5.59603665097053;2.83061844980786;5.71510580720126;-0.168522863127244;0.956851549832268;0.468099567762026;0.16869504899478;-0.32067927682288;30.7313848550547;0.27945203805905;1.24779805987307
-5.58526081455866;2.80779679694838;5.71297837739581;-0.168331582181874;0.957284313901592;0.472324921709858;0.168781712888615;-0.313208254626422;30.7566226538813;0.272358759596731;1.25581419170532
-5.57441633832766;2.7850083201024;5.71088369618964;-0.168143183138128;0.957713712667601;0.476553626567565;0.168867947723653;-0.305655338211515;30.7818598752356;0.265189548869267;1.26390625580271
-5.56344241814139;2.76228260720011;5.70882213840149;-0.167957721937714;0.958139204112029;0.4807856696547;0.16895379530754;-0.298022114029524;30.8070964548606;0.259593070416172;1.2717044378942
-5.55238351858863;2.73959852363269;5.70679407258569;-0.167775242581424;0.958560289257219;0.485021035590337;0.169039220168355;-0.2903101912649;30.8323326769751;0.254374952091521;1.27947646907813
-5.54125507949662;2.71694895550878;5.7047998615651;-0.16759577825088;0.958976515704119;0.489259705124555;0.169124180354484;-0.282521202104202;30.8575684668939;0.249089894099195;1.28733715489187
-5.52998147700031;2.69437095392799;5.70283986128656;-0.167419352369878;0.95938748021072;0.493501657472017;0.169208651162425;-0.274656801956788;30.882804557491;0.244188101454579;1.295952822003
-5.51864032573666;2.67182709736562;5.70091442124057;-0.167245979865664;0.959792829715573;0.497746869386215;0.169292549334932;-0.266718669684639;30.9080403887769;0.23921092320925;1.30464387471485
-5.50721151506888;2.64932757284565;5.69902388435236;-0.167075668409383;0.960192261358829;0.501995315299795;0.169375810503156;-0.258708507796201;30.9332762029485;0.234227681463708;1.31397110471188
-5.49565592964254;2.62689187051347;5.69716858566307;-0.16690841954674;0.960585521774242;0.506246970215118;0.169458391472721;-0.250628042589169;30.9585129280468;0.229373506853387;1.32502594820897
-5.48403339140713;2.60449096009665;5.69534885367909;-0.16674423004471;0.960972404935005;0.510501806608931;0.16954022429764;-0.242479022289613;30.9837494924432;0.224444182613998;1.33615594133512
-5.47230461963744;2.58214453619274;5.69356480454194;-0.166583074476744;0.96135279482125;0.51476028568259;0.169621273015155;-0.234263208248082;31.0089869001651;0.218914892529901;1.34825614946148
-5.46046796918115;2.5598537199766;5.69181634654622;-0.166424906896357;0.96172666195853;0.519023388654858;0.169701499805575;-0.225982372199531;31.034225497226;0.212760116464326;1.36137022250986
-5.44856496642437;2.53759835913808;5.69010360399617;-0.166269700379831;0.962093966489848;0.52329160682781;0.169780870837855;-0.217638295412331;31.0594640106664;0.206530416932622;1.37455921902437
-5.43651654291676;2.51536463837837;5.6884256585562;-0.166117333501184;0.962454932617541;0.527568106378527;0.169859377024878;-0.209232729937132;31.0847524042065;0.199130729953381;1.3892355888508
-5.42437732569048;2.49315834946521;5.68678119963424;-0.165967650790923;0.962809903921528;0.531857284117176;0.169936950148222;-0.200767408649061;31.1100601078195;0.19124264419915;1.40452212677087
-5.4121796293037;2.47098421631548;5.68517022716767;-0.165820618849076;0.963158959182194;0.536160339780902;0.170013517479917;-0.192244086649706;31.1353677346953;0.183288337909275;1.41987488522659
-5.39968373563273;2.44865537828625;5.6835920172489;-0.165676140205181;0.963502358712904;0.54048053018332;0.170089036895489;-0.183664512369703;31.1609553169643;0.17402126909529;1.43742767383388
-5.3871516662664;2.42633313263507;5.68204588413804;-0.165534123859104;0.963840372578231;0.544821241883932;0.170163429973312;-0.17503045278373;31.186554836755;0.164671140047101;1.45510301654952
-5.37451746574849;2.40400447417252;5.68053265490053;-0.165394621514303;0.964172940815373;0.549181756336787;0.170236641742815;-0.166343756179563;31.2122100898518;0.155048884271618;1.47339627217572
-5.36153791618873;2.38159909184891;5.67905432896855;-0.165257796274862;0.964499736671555;0.553557808977741;0.170308629141005;-0.157606374390008;31.2381035226842;0.144375065982687;1.49419520343476
-5.34856869322545;2.35918927679981;5.67761251212626;-0.165123777353214;0.964820515679399;0.557945952954135;0.17037930107697;-0.148820335388214;31.2639956171303;0.133716862117933;1.51497852026963
-5.33546802518674;2.3368480321378;5.67620832014913;-0.164992651151994;0.965135138945569;0.562343952202904;0.170448592722848;-0.13998773805182;31.2898946270748;0.122814544369147;1.5356089170585
-5.32218822523314;2.31459969110591;5.67484371054106;-0.164864586200912;0.965443262433999;0.566746626364746;0.170516445350694;-0.131110768244957;31.315804890784;0.111580383940167;1.55603816627325
-5.30892049203029;2.29234512193486;5.67351982714853;-0.164739677304835;0.965744717892499;0.571150987873286;0.170582775662175;-0.122191655438069;31.3417143213708;0.100364412861518;1.57644922613766
-5.29548748451382;2.27022210947664;5.67223686142437;-0.164617932014359;0.966039553220762;0.57555699876503;0.170647526870283;-0.113232649360872;31.3675962334169;0.0892617824886169;1.59445096047748
-5.28197252803026;2.2481649402645;5.67099499426716;-0.164499359969431;0.966327814093736;0.579964621316865;0.170710629106765;-0.104236025740241;31.3934646072043;0.0782220075849131;1.61121547184569
-5.26846446656974;2.22610392159752;5.66979439832427;-0.16438397301921;0.966609541496688;0.584373809103221;0.170772017173505;-0.0952040843371874;31.4193326621959;0.0671943449266586;1.62796787096846
-5.25469442692305;2.20418523356364;5.6686350828323;-0.164271770056873;0.966884808694936;0.588785095789548;0.170831656434149;-0.0861391450760143;31.4452178486352;0.0567099078514263;1.64171928506298
-5.24090193318366;2.18227812975183;5.6675170448556;-0.164162751436942;0.967153684418007;0.593199084889815;0.170889489452999;-0.0770435515047533;31.4711051830088;0.046301465621099;1.65511040224749
-5.22707949101354;2.1603898717534;5.66644044096014;-0.164056935625295;0.967416188092465;0.59761575601659;0.170945487205591;-0.0679196759095099;31.4969925495368;0.0362565709325825;1.66805990041437
-5.213009269196;2.13865808435957;5.66540549801256;-0.163954350305992;0.967672309208969;0.602034743325283;0.170999638598716;-0.0587699192633945;31.5228815766588;0.0285386213948245;1.67816485864098
-5.19894765052635;2.11692026679563;5.66441241292282;-0.163855022188017;0.967922031877802;0.606455722200672;0.171051895144647;-0.0495967083825716;31.5487709921032;0.0208356003937951;1.68825488833087
-5.1847898416514;2.09524586336673;5.66346128296084;-0.163758969661829;0.968165354015676;0.610878740009963;0.171102241025752;-0.0404024933915516;31.5746596636825;0.0143896237671235;1.69717841551244
-5.17045885110854;2.07368583328822;5.66255216268634;-0.163666208187971;0.968402274046081;0.615304007989702;0.171150654829122;-0.0311897479061234;31.6005481203172;0.0101120775077372;1.70409049429813
-5.15613585926209;2.05211945503369;5.6616851206778;-0.163576755824455;0.96863277620818;0.619731643171383;0.171197077703524;-0.0219609693473192;31.6264374379299;0.00584912940705462;1.71098797492512
-5.14164219182538;2.03065450502968;5.66086020248342;-0.163490629152195;0.968856841114356;0.624161847308212;0.171241481950515;-0.0127186782044309;31.6523374470889;0.00318176583234506;1.7161160149286
-5.12703864530383;2.00925386735428;5.66007741921744;-0.16340784179284;0.969074450268942;0.62859498938002;0.171283823197698;-0.00346541880248631;31.6782459565775;0.00158230435706491;1.72006049546366
-5.11244464988763;1.98784500531953;5.6593368229486;-0.163328412195558;0.969285564915937;0.633031191903269;0.171324055471566;0.0057962393680175;31.7041558789207;-9.99812049817805e-09;1.72398782887863
-5.09760422420912;1.9665809629136;5.6586384931089;-0.163252362097858;0.969490129302047;0.637470356074329;0.171362169040622;0.0150637081805736;31.7300865120361;0.00111552672247586;1.72541261960089
-5.08272479361937;1.94533689261881;5.65798249657473;-0.16317971204721;0.969688082914085;0.641912373657547;0.171398126701685;0.0243344019016771;31.7560231266448;0.00278000314866017;1.7263269973722
-5.06783568043313;1.92409626364382;5.65736888197757;-0.163110480582629;0.969879363397583;0.646357165638454;0.171431914048366;0.0336057506702688;31.7819624791951;0.00454565364755188;1.72701640475304
-5.05267379840788;1.90303383484686;5.65679773257636;-0.163044690143103;0.970063889497327;0.650804279803395;0.17146354138507;0.0428752015644663;31.8079145229176;0.00740185507862862;1.72496979494576
-5.03752463216484;1.88195905359238;5.65626910428991;-0.162982359931512;0.970241581523665;0.655253292132674;0.171492980687407;0.0521402205515932;31.8338691687981;0.0102806588027501;1.72290058284543
-5.02229807095845;1.86093911544908;5.65578299469815;-0.162923502013249;0.970412374714578;0.65970410174896;0.171520237621657;0.0613982919647583;31.8598246299907;0.0130598663930152;1.7205952760497
-5.00687862632465;1.84006026376428;5.65533940180946;-0.162868128225688;0.970576199971084;0.664156466758081;0.171545321099259;0.0706469191298241;31.8857800864593;0.0155827774829163;1.7177802606277
-4.99147101866287;1.81916847794807;5.65493830065359;-0.16281624727524;0.970732993262234;0.668610205354696;0.171568196522884;0.0798836250638124;31.9117389209564;0.0181279853389179;1.71494294843959
-4.97591773783272;1.79838358837277;5.65457963448386;-0.162767863436807;0.970882701261774;0.673065335240171;0.17158886018497;0.0891059518533888;31.9376988165502;0.0201333798089893;1.71276567880264
-4.96024159667921;1.77768776113066;5.65426333302296;-0.162722978806872;0.971025275658252;0.677521925432196;0.171607301187246;0.0983114600546636;31.9636614563755;0.0216812016478431;1.71114863366985
-4.94457668826732;1.7569782120698;5.65398932130615;-0.162681594557342;0.971160669616205;0.681979985561806;0.171623502190652;0.107497728800705;31.9896282578315;0.0232514160027108;1.70950919602105
-4.92869598278537;1.73642845993998;5.65375751570264;-0.162643710465193;0.971288839610032;0.686439500542679;0.171637477648399;0.116662355944344;32.0155991861785;0.0234888707773231;1.70943984898933
-4.91276030641966;1.71591482245145;5.65356782166334;-0.162609324621521;0.971409746893366;0.690900463546472;0.171649206167557;0.125802957954814;32.0415752348434;0.0233540141136749;1.70981204668406
-4.89683312349687;1.69538832934721;5.65342013528294;-0.162578433769847;0.971523356691191;0.695362840835892;0.171658674006011;0.134917169911559;32.0675562293397;0.0232365279677355;1.71017238944832
-4.88062978092445;1.67507675596073;5.65331434466713;-0.162551033870809;0.971629635919949;0.699826474904322;0.171665894683076;0.144002646581419;32.093539076065;0.0224956406685425;1.71177056299724
-4.86443727682822;1.65474953109226;5.65325032361067;-0.162527119051709;0.971728557207354;0.704291208613469;0.171670842782023;0.15305706281487;32.1195274053641;0.021778323388912;1.71334516652661
-4.84818627456831;1.63446505766266;5.65322793141371;-0.162506681396121;0.971820100495521;0.708756948770322;0.171673519050656;0.162078113012742;32.1455188450466;0.0209680328795883;1.7147366602714
-4.83173109813515;1.61434655942337;5.65324701440854;-0.162489712123895;0.971904247691463;0.713223439528304;0.171673940213828;0.171063512953051;32.1715097435084;0.0198194324042142;1.71560934153212
-4.81528576031188;1.59421189486876;5.65330740293596;-0.162476200430822;0.97198098793959;0.717690475288796;0.171672081961619;0.180010999744556;32.1975069328343;0.0186940813111748;1.7164587734105
-4.79871932343835;1.57418081727156;5.65340891234893;-0.162466133857015;0.972050316441957;0.72215785660976;0.17166794944768;0.188918331937457;32.2235009879314;0.017977325654265;1.71619917433467
-4.78201923779146;1.55426443912017;5.65355133770306;-0.16245949865776;0.972112231276881;0.726625212003348;0.171661560614022;0.197783291993099;32.2494924284317;0.0177032690150052;1.71473307972769
-4.76532717014442;1.53433224522346;5.65373446093453;-0.162456279025022;0.972166739259672;0.731092322151472;0.17165293064296;0.206603685044287;32.2754908413808;0.017450891981042;1.7132453055154
-4.74845934196923;1.51456956395954;5.65395804563375;-0.162456457711419;0.972213851878945;0.735558901205445;0.171642101946114;0.215377340035594;32.3014732815681;0.0176673927189594;1.71056141419271
-4.73152374632;1.49486683140618;5.6542218328924;-0.162460015840712;0.972253585083903;0.740024564210136;0.171629089083562;0.224102111650396;32.3274542759691;0.0180831992471956;1.70738562532672
-4.71459337563147;1.47514984044686;5.65452556046531;-0.162466933138086;0.972285963063603;0.744489158036469;0.171613917783459;0.232775877887198;32.3534426807708;0.0185174873465913;1.70419135488956
-4.69744063434829;1.45566840381805;5.65486895745817;-0.162477188414363;0.972311015029418;0.748952582090525;0.1715966403607;0.241396539656924;32.3793992388372;0.0196094586705882;1.70150000041144
-4.68027757028766;1.43618894850298;5.65525174138802;-0.162490759635987;0.972328774140084;0.753414730626256;0.171577269199812;0.249962021050244;32.4053611329769;0.0207509717717073;1.69882298181445
-4.66307418327;1.41674396642632;5.65567362697725;-0.162507624310046;0.972339277664066;0.757875586237353;0.17155584233959;0.258470268284735;32.431323872679;0.02223820215899;1.6963510692348
-4.64568327442638;1.39749448741843;5.65613434317344;-0.162527760437599;0.972342566567058;0.762335353511674;0.171532411281199;0.266919246339833;32.4572658493285;0.0252235455654747;1.6948473802923
-4.62829187835946;1.37823534180913;5.65663361073306;-0.162551145900081;0.972338683218991;0.766794189377654;0.171506984115161;0.275306939347624;32.4832153261393;0.0282197559128457;1.69333282440891
-4.61080361305609;1.35906830362778;5.65717112775376;-0.162577757672828;0.972327671213343;0.771252096708894;0.171479599459058;0.283631352702463;32.5091617088538;0.0316278827442029;1.69204577595524
-4.59317977026929;1.34003422000264;5.6577465962767;-0.162607572950295;0.972309575655195;0.775709170922094;0.171450296167725;0.291890511311628;32.5351019512201;0.0356061247281335;1.69108150501208
-4.57555394359924;1.32099156622618;5.65835970385817;-0.162640568295992;0.97228444279111;0.780165442703438;0.171419094006775;0.300082460520054;32.5610498302982;0.0395934168442503;1.69010818393674
-4.55778030787404;1.30209958824715;5.65901012704265;-0.162676719725756;0.972252319987662;0.784620916414719;0.171386043270191;0.308205266375957;32.5869883915315;0.0442122815074038;1.68892094404812
-4.5399259692203;1.28328486389032;5.65969754010046;-0.162716003151678;0.972213255345799;0.789075631966481;0.171351166632005;0.316257014873013;32.6129262260862;0.0491711594040998;1.68761658527516
-4.52206816614586;1.26446282595344;5.66042159993211;-0.162758393526921;0.972167298122434;0.793529564279279;0.171314490580612;0.324235813013177;32.6388717506086;0.0541371678502444;1.68630509595275
-4.50401090651595;1.24584392924363;5.66118197796474;-0.162803866641494;0.972114497200385;0.797982822183335;0.171276075380038;0.332139786197379;32.6648087500502;0.0606546632952716;1.68402117094981
-4.4859245043394;1.22724514889581;5.66197834485766;-0.162852398339138;0.972054901424863;0.802435538203251;0.171235948319204;0.339967077669006;32.6907516214047;0.0673756889949453;1.6816076625079
-4.46780691914788;1.20866845567652;5.6628103276272;-0.162903961862119;0.971988562247291;0.806887634966188;0.171194162829409;0.347715852316114;32.7167004253104;0.0742334238497517;1.6789889288992
-4.44949031118709;1.19029332620289;5.66367747976807;-0.162958525683525;0.971915536553739;0.811338705937178;0.171150792234149;0.355384302877375;32.7426454346641;0.0820409357334323;1.67492493771138
-4.43116899180913;1.17191180966104;5.66457934567746;-0.163016057195614;0.97183588303693;0.815788383604188;0.171105871632009;0.362970649187321;32.7685982937383;0.0898542126930923;1.67085518144758
-4.4127725365515;1.15361584230924;5.66551546964263;-0.16307652331235;0.971749661586808;0.820236374949497;0.171059469517007;0.370473137242312;32.7945438518819;0.0979580549929706;1.66616146042978
-4.39424334336359;1.13548072363941;5.66648528960242;-0.163139883595172;0.971656942164003;0.824681962591614;0.17101164927084;0.377890048328584;32.8204709328855;0.106580887500585;1.66034620625892
-4.37570687911447;1.11734220114116;5.66748827132632;-0.163206098633547;0.971557794519617;0.829124654983192;0.170962440803804;0.385219694229211;32.8464055912653;0.115205434221766;1.6545292378745
-4.35706164651215;1.0993520511129;5.66852397620266;-0.163275134805876;0.971452281679951;0.833564445766637;0.170911904939411;0.392460407554911;32.872314859816;0.124402942591658;1.64796105870204
-4.33833711792325;1.08146600552899;5.66959197024024;-0.163346958674136;0.971340467334695;0.838001374418029;0.170860080577857;0.399610541313039;32.8982092336742;0.133994310869319;1.64087564017697
-4.31960217885088;1.06358072708039;5.67069179787468;-0.163421535260876;0.971222418218422;0.842435414870307;0.170807010626591;0.4066684698087;32.9241106067503;0.143581945583173;1.63379395521571
-4.30071150771257;1.04588976089071;5.67182313170803;-0.163498838222225;0.971098189200414;0.846867069281037;0.170752772190173;0.413632576258241;32.9499916372704;0.153266316707525;1.62584965243022
-4.28177866709502;1.02824211418514;5.67298568262862;-0.163578844183383;0.97096783114935;0.851296967856124;0.170697398842329;0.420501250247602;32.9758739070336;0.16296608729344;1.61772825314455
-4.26282281071856;1.01061046612937;5.67417902703689;-0.163661520887219;0.970831408612571;0.855725215305428;0.170640942201075;0.427272898741422;33.0017621187163;0.172624850714267;1.60956185133858
-4.243679051578;0.993186056069758;5.67540289655701;-0.163746846893555;0.970688969551279;0.86015249283475;0.170583478498108;0.433945931179218;33.0276482845188;0.181736154051349;1.60060494508196
-4.22452390168974;0.975764452060522;5.67665702011684;-0.163834801022213;0.970540561386711;0.864579445169406;0.170525042795666;0.440518760828193;33.0535409872263;0.190841567197499;1.59165392901628
-4.2052968078624;0.958406291991781;5.67794101296197;-0.163925354474864;0.970386243336954;0.8690063027043;0.17046570137455;0.446989813269059;33.0794444012487;0.19972613375706;1.58251805974485
-4.18591413186712;0.94119498870441;5.67925468780695;-0.164018492511047;0.97022605156647;0.873433968598585;0.170405523645618;0.453357508926622;33.1053657648237;0.20809242064381;1.57293156060432
-4.16652203349499;0.923984199911169;5.68059778628501;-0.16411419587219;0.970060029015388;0.877863075731355;0.170344544330421;0.459620271365624;33.1312938332084;0.216456177432049;1.5633475915623
-4.14699431915493;0.906876080179131;5.68196971203733;-0.164212421408658;0.969888257323562;0.882293149147861;0.170282829544861;0.465776554683504;33.1572557165783;0.224471923704381;1.55349874955296
-4.12734706509062;0.889856322155021;5.68336972737258;-0.164313115265354;0.969710835472498;0.886723318084415;0.170220428020194;0.471824851602787;33.1832496919469;0.232182406325705;1.54341138032649
-4.10769415882976;0.872831785793453;5.6847972133198;-0.164416231324097;0.969527849331847;0.891153152172227;0.170157387427698;0.477763687028189;33.2092510681187;0.239897528835227;1.53331937121181
-4.0878944953792;0.856016143954456;5.68625036541651;-0.1645216369323;0.969339532168215;0.895578654563021;0.170093785625016;0.483591715419558;33.2352278362628;0.248100804088946;1.52311540967345
-4.06804342035243;0.839264695678223;5.68772687959885;-0.164629160037424;0.96914618629152;0.899994566806508;0.170029645051541;0.489307745846156;33.261202366077;0.256453512212982;1.51287785306777
-4.04818373759724;0.822512517798204;5.68922569496855;-0.164738715713017;0.968947966603805;0.904399568364454;0.169964996240511;0.49491064272489;33.2871839453758;0.264805720981405;1.5026407958177
-4.02834921337632;0.806165881658619;5.69074487127596;-0.164850153568663;0.968745146265105;0.90878986872998;0.169899899472931;0.500399403652421;33.3128864912449;0.27423757440542;1.49315509258105
-4.00848875813072;0.789844868641063;5.69228239090457;-0.164963315106426;0.968538017502805;0.913161642542101;0.169834368491822;0.505773151566698;33.3385927774115;0.283636358875421;1.48370363862367
-3.98862847142212;0.773618568994845;5.69383776609321;-0.165078152593487;0.968326682050241;0.917515521883103;0.16976844371987;0.511031010339488;33.3642389035977;0.293954566281037;1.47459697656381
-3.96882395676049;0.757650507744086;5.69541145254106;-0.165194688927296;0.968111120867769;0.921854705075335;0.169702174974262;0.516172043541617;33.3896789857731;0.307349779950995;1.46654959522867
-3.94897930537762;0.741730825951134;5.69700368747636;-0.165312933142486;0.967891343467565;0.92618165275896;0.169635569618993;0.521195278729082;33.415120024606;0.320683015624445;1.45856419189004
-3.9290837186388;0.725919761051982;5.69861455302211;-0.165432884646467;0.967667378944699;0.930498305164098;0.169568664527194;0.526099713576254;33.4405330949621;0.335892600675921;1.45093669442862
-3.90913483760224;0.710227403807407;5.7002450328779;-0.165554611775999;0.967439132276343;0.934808908568192;0.16950148938987;0.530884249418719;33.4659143465172;0.353234603548528;1.4437089036389
-3.88914425835186;0.694587696085337;5.70189540911651;-0.165678133189902;0.967206598957172;0.939115717052639;0.169434067145072;0.535547753887665;33.4912959090459;0.370510088046688;1.43654763122363
-3.86905645997705;0.67906194853676;5.70356540363735;-0.165803427166691;0.966969847189096;0.943419464583958;0.169366449717948;0.54008909790382;33.5166842622908;0.389822791550695;1.4298185392912
-3.84890463486685;0.663614098144419;5.70525487211391;-0.165930482795765;0.966728923252724;0.94772120902324;0.169298641239702;0.544507143299028;33.5420758383942;0.409957219907226;1.42330898048937
-3.82871287967214;0.648218171047054;5.70696337921328;-0.166059268063192;0.966483910241535;0.952021249563198;0.169230650063152;0.548800766554711;33.5674675998343;0.43002682015363;1.41686424979767
-3.80840500246046;0.632958853065321;5.7086903630479;-0.166189741744262;0.966234905898983;0.956319571549463;0.169162514916327;0.552968866579038;33.5928695025606;0.451666109280365;1.41014624008769
-3.78805341999468;0.61775643262881;5.71043525707065;-0.166321862371598;0.965982005964937;0.960616160365003;0.169094230347309;0.557010364527005;33.6182722680791;0.473349796383939;1.40346944228309
-3.76764914581838;0.602621568992649;5.71219749064357;-0.166455588204654;0.965725304366176;0.964911002576136;0.169025811304914;0.560924204367559;33.6436769625655;0.494942639233847;1.39675895612373
-3.7471381197752;0.587615377597762;5.71397650349939;-0.166590878263749;0.965464891438779;0.969204120541017;0.168957285522764;0.564709352462578;33.6690912886341;0.516340998947031;1.38964650727546
-3.72659011614298;0.572659954924811;5.71577172807669;-0.166727690944361;0.96520085672963;0.973495528598511;0.1688886438792;0.568364798410534;33.6945055586531;0.537677302841659;1.38259611424573
-3.70596995703759;0.557794140990828;5.71758261305192;-0.166865985758598;0.964933285904946;0.977785288926864;0.168819905119349;0.571889553809743;33.7199256960534;0.558092032467445;1.37464170528562
-3.68526219350467;0.543035194726888;5.71940865531106;-0.16700572576484;0.964662256339177;0.982073584794731;0.16875107931456;0.575282649225903;33.7453547732163;0.577195264877707;1.36534359848256
-3.66451926347084;0.528326324021418;5.72124931314034;-0.167146870937665;0.964387849943071;0.986360514328629;0.168682160851316;0.578543137616027;33.7707834976007;0.596238117930159;1.35610587103729
-3.64367855557333;0.513727439736648;5.72310402328264;-0.167289379402839;0.964110151018783;0.990646132753781;0.168613172356575;0.581670095590059;33.796228782587;0.612611932013401;1.34584940834497
-3.62276927452063;0.499210921207437;5.72497223754936;-0.167433210211185;0.9638292411647;0.994930537619664;0.168544098566651;0.58466262226873;33.8216831995779;0.627473496978461;1.33505014507467
-3.60182735215426;0.484742889095887;5.72685336948169;-0.167578319228715;0.963545207397109;0.99921374605211;0.168474929723728;0.587519843104576;33.847136845006;0.64227753475029;1.3243084089976
-3.58076418620992;0.470414207483251;5.72874662670662;-0.167724646125365;0.963258167514868;1.00349531778343;0.168405687443287;0.590240924495906;33.8726116968477;0.652319455479141;1.31296117005435
-3.55965790368601;0.456145296913758;5.73065118491155;-0.167872127621211;0.962968244830198;1.00777475750714;0.168336349029218;0.592825073327306;33.8980886858931;0.661645851365299;1.30157597242318
-3.5385124801051;0.44193724729229;5.73256636213569;-0.168020710997073;0.962675542245446;1.01205190426394;0.168266912687654;0.595271527083681;33.9235641174392;0.67065419565129;1.29024883569543
-3.51726549522751;0.427887073264483;5.73449120971415;-0.16817032247113;0.962380204011658;1.0163260142906;0.16819738186871;0.597579573134923;33.9490364898572;0.677512949855673;1.27900290047266
-3.49598879164477;0.413884408374607;5.7364248115097;-0.168320890255187;0.962082371115022;1.02059643370541;0.168127694717619;0.599748541928802;33.9745075074923;0.684316696286802;1.26781197302315
-3.47466178202196;0.399974731284681;5.73836648978981;-0.168472360698801;0.96178214986926;1.02486304727727;0.168057806470106;0.601777788900112;33.9999696451912;0.690429102025374;1.25703674950709
-3.45326563100353;0.386199052767728;5.74031547330688;-0.168624672625456;0.961479662281345;1.02912554089883;0.167987654020549;0.603666700927386;34.0254169357543;0.69528487667952;1.24699807130765
-3.43183914787083;0.372473251636119;5.74227103956646;-0.168777768420461;0.961175024364705;1.03338371435666;0.167917107870153;0.605414689650364;34.0508627958526;0.70008321786526;1.23701682657663
-3.4103513279319;0.358870106607838;5.74423255990058;-0.168931597654389;0.960868338988411;1.03763757641226;0.167846062106167;0.607021182807726;34.0762945075604;0.705261711799535;1.22633766359303
-3.38881016175683;0.345370705697678;5.74619940705272;-0.169086109944855;0.960559709919328;1.04188714149803;0.167774416716546;0.608485622444181;34.1017160666219;0.710696595508658;1.21517303973937
-3.3672378668396;0.33192371661586;5.74817095227699;-0.169241254761488;0.960249242167381;1.04613242328657;0.167702059546601;0.609807459540534;34.1271362441067;0.716071373399537;1.20406852170394
-3.3455939351474;0.318625176631614;5.75014705624881;-0.169397020161975;0.959936964812915;1.05037448842613;0.167628900644899;0.61098611490563;34.1525392152875;0.723079972645213;1.19082918459444
-3.32390848816586;0.30540318636363;5.75212768535225;-0.169553402921629;0.959622889916075;1.05461462380098;0.167554836015943;0.612020974302819;34.177937633298;0.730408216912545;1.17715705286738
-3.30218503207719;0.292239893919936;5.75411240807273;-0.169710368775056;0.959307091700236;1.05885326127432;0.167479766245074;0.61291140455233;34.2033380429875;0.737808620767773;1.16325585018075
-3.28032391964283;0.279191406243331;5.75610251280719;-0.169868019907392;0.95898937097312;1.06309450072246;0.167403601399926;0.613656622303127;34.2287972508996;0.747702288583894;1.14390529281131
-3.2584338023895;0.266195989755734;5.75809915414209;-0.170026449152379;0.958669545697147;1.06734214252967;0.167326218227722;0.614255721863899;34.2542542358556;0.757536560168206;1.12461413167367
-3.2364329914123;0.253250184382699;5.76010186123942;-0.170185621219293;0.958347689967343;1.07159652991503;0.167247509963388;0.614707786811925;34.2797812717276;0.768276855881673;1.10316605494512
-3.21420434048025;0.240343403005748;5.76211071831302;-0.170345545052743;0.958023787966545;1.07585919891012;0.167167373035797;0.615011836815003;34.3054853166967;0.781387710438209;1.07621013685414
-3.1919656254576;0.22746938882604;5.76412555127726;-0.170506209351742;0.957697863664213;1.08013115138101;0.167085662413602;0.615166859589321;34.3311816332996;0.794467767790129;1.04928501596778
-3.16956384477974;0.214696092483738;5.76614433634932;-0.17066745521021;0.957370239503429;1.08440948712541;0.167002247887169;0.615171952060892;34.3569691666634;0.807508012958438;1.02164287128285
-3.14701946036576;0.202008999096682;5.76816391395437;-0.170829031962926;0.957041425927075;1.08868892021073;0.166916997396672;0.615026384297387;34.3828382912566;0.820522675022296;0.993327151182713
-3.12448132412404;0.189335663875909;5.77018242328655;-0.170990791668098;0.956711727432333;1.09296692957378;0.16682976087078;0.614729498122925;34.4086952247729;0.833532475444488;0.965016292724235
-3.1018905955357;0.176895735733077;5.77219770338102;-0.171152561717322;0.95638150091094;1.09724036301365;0.166740400841874;0.614280742694038;34.4344846185299;0.846380966363192;0.941822277852731
-3.0792829826994;0.164545264125193;5.77420716134705;-0.171314134129251;0.956051178245597;1.10150514937677;0.16664875415873;0.613679697758747;34.4602457968238;0.859167236151665;0.920302025901553
-3.05667669280682;0.152214281371085;5.77620969889758;-0.171475420589864;0.955720949267819;1.10576038007407;0.166554654027144;0.612925953441839;34.4859964760069;0.871940255841809;0.898795024048708
-3.03404063301379;0.140146192771504;5.77820528854562;-0.171636419268724;0.955390827199468;1.11000741797153;0.166457946173848;0.612019040816897;34.5116485707635;0.884557298268905;0.8835226167587
-3.01139736653411;0.12811091990081;5.78019389230464;-0.171797128067611;0.955060825071377;1.11424760751729;0.166358443923297;0.610958444231766;34.537291607049;0.897145333670581;0.868344914542142
-2.98872453066735;0.116146968874103;5.78217509529111;-0.171957514909743;0.954731016805121;1.11848149483383;0.166255974094431;0.609743627888167;34.5629273947375;0.909512727003532;0.854002949482014
-2.96596548920068;0.10435600140449;5.7841492270755;-0.172117608452426;0.954401350205136;1.1227112248963;0.166150367886068;0.608373980654199;34.5885594231854;0.921182920745038;0.842488829318102
-2.94319895045185;0.0925974955419887;5.78611636396539;-0.172277417404413;0.954071812396963;1.12693841817203;0.166041412976165;0.606848847867668;34.6141831962627;0.932823185625666;0.831004638015069
-2.92036064630029;0.080945459866023;5.7880760680702;-0.172436909084924;0.953742474713239;1.13116360609458;0.165928914420626;0.605167572974364;34.6398221914052;0.944199029090282;0.82056967013112
-2.89744062880951;0.0694119745786249;5.79002818565134;-0.172596074210132;0.953413358953306;1.13538794610402;0.16581268953423;0.603329479567877;34.6654804938559;0.955270294548941;0.811365215104524
-2.87451666986486;0.0579079937159336;5.79197228790324;-0.172754881327326;0.953084531625293;1.13961201807667;0.165692550057612;0.601333904167746;34.6911290702176;0.966316078829201;0.802186241256327
-2.85146442153565;0.0465472430769317;5.79390762664334;-0.172913273003574;0.952756112500719;1.14383571982792;0.165568331749402;0.59918022807104;34.716828735743;0.976897670744101;0.794009753097974
-2.8283581796016;0.0352610601055393;5.7958334445383;-0.173071191078946;0.95242822251671;1.14805893512764;0.165439872764324;0.596867884786078;34.7425440296821;0.987267168668199;0.786283284330256
-2.80525500280085;0.0239966153308869;5.79774899741883;-0.173228578483158;0.95210097996132;1.15228158185306;0.165307048639776;0.59439637206247;34.7682470352334;0.997621731070726;0.778571751084112
-2.78200294943952;0.0129511768318179;5.79965301860106;-0.173385335112513;0.95177459314611;1.15650242443361;0.165169743067692;0.591765305099489;34.7939892126307;1.0074657800208;0.769591317316471
-2.75874615400373;0.00193794034956424;5.8015442277778;-0.173541359542328;0.951449273996979;1.16072017963256;0.165027774951259;0.588974421215322;34.8197218749834;1.0172628054206;0.760520321162
-2.7354772571813;-0.00901983216193233;5.803421837035;-0.173696590871228;0.951125149752268;1.16493464698738;0.164880984555288;0.586023550041191;34.8454417960125;1.02701351906449;0.751089525272643
-2.71211534415763;-0.0197608656373047;5.80528486566564;-0.17385095218036;0.950802381031125;1.16914518612615;0.164729211909287;0.582912641585466;34.8711546095545;1.03655992364341;0.739777233265366
-2.68876044722433;-0.0304847630816486;5.80713239572698;-0.174004371635287;0.950481117684984;1.17335128398488;0.164572235469925;0.579641765990809;34.8968538933415;1.04609712576539;0.728474143715022
-2.6653661155796;-0.0410993844160125;5.80896378546041;-0.174156800263938;0.950161460811442;1.17755304560715;0.16440986253867;0.576211097137302;34.9225436761194;1.05554844797726;0.716409478460369
-2.64190817345512;-0.0515569730241796;5.81077844231039;-0.174308193126228;0.949843501907744;1.18175068708722;0.164241903269886;0.572620916083022;34.9482270600127;1.06487391517288;0.703187239369637
-2.61845699992479;-0.061996628436612;5.81257573985108;-0.174458502347789;0.949527337585027;1.18594434470649;0.164068158917014;0.568871618602682;34.9738969635006;1.0741890541066;0.689975328540788
-2.5949353071268;-0.072273518175354;5.81435502593599;-0.174607677743709;0.949213068402245;1.19013409049448;0.163888464781568;0.564963719470686;34.9995657089859;1.08338969629995;0.676021392368521
-2.57137575416071;-0.0824484507755078;5.81611566264315;-0.174755670125612;0.94890079193627;1.19432002376363;0.163702616774335;0.560897851563846;35.0252285574127;1.09251962451768;0.66164037837623
-2.54782357123868;-0.0926057702322745;5.81785699404297;-0.174902428557569;0.948590608701313;1.19850219370231;0.163510420295336;0.556674765881947;35.0508776599105;1.10163954673634;0.647269370383006
-2.52417712201118;-0.102544686840846;5.81957833542827;-0.175047899405101;0.948282624368488;1.20268057004486;0.16331171478914;0.552295329591281;35.0765279352388;1.11052378670239;0.633368704099626
-2.50052264069667;-0.11243519950319;5.82127900568635;-0.175192029038567;0.947976944161715;1.2068551178064;0.163106283639092;0.547760518257631;35.102166904153;1.11936332764433;0.619548677780987
-2.47686435408112;-0.122284525994575;5.82295835121802;-0.175334765849327;0.947673668598847;1.21102585517296;0.162893930095933;0.543071403460552;35.1277935262074;1.12816835235623;0.605871246886966
-2.45311226433367;-0.131908229822006;5.82461572604335;-0.175476058553913;0.947372897182267;1.21519280492809;0.162674481758289;0.53822913939326;35.1534211956826;1.13674789013035;0.593371673080496
-2.42936793192007;-0.141514096129693;5.82625049089423;-0.175615856111158;0.947074728693078;1.21935599147555;0.162447725594549;0.533234946393703;35.1790349808243;1.14531693780667;0.580882589371828
-2.40559425087332;-0.151024387536584;5.82786201621747;-0.175754107980908;0.946779260753935;1.22351544796171;0.162213482911527;0.52809009121746;35.204640323102;1.15372021878074;0.56868294786479
-2.38175509651103;-0.160363547630338;5.82944968182059;-0.175890764103673;0.946486589993033;1.22767121534806;0.161971576565814;0.522795864492897;35.2302435493043;1.16180687695602;0.557043617451359
-2.35792397529874;-0.169684770499693;5.83101287266019;-0.176025774554614;0.946196812930527;1.23182333147021;0.161721808101218;0.517353555816807;35.255832756678;1.16988280621705;0.545415015952186
-2.33403944032658;-0.178856115277256;5.8325509777921;-0.176159089476355;0.945910026279075;1.23597182810952;0.161464014581567;0.511764426365677;35.2814176071928;1.17766786202346;0.534133713283142
-2.31011689940531;-0.18791045440324;5.83406339298901;-0.176290659342314;0.945626326491452;1.24011673819316;0.161198006691254;0.506026772512766;35.3069962901366;1.1852318643793;0.523115788719467
-2.2862026657176;-0.196946749144292;5.8355495090543;-0.176421205754829;0.945337554474602;1.24425807703401;0.160923607581617;0.500136453893597;35.3325608201639;1.19278488771818;0.512108843172765
-2.26221238261897;-0.205779077163988;5.83700870695933;-0.176552590482949;0.945021542584919;1.24839579690752;0.16064067734598;0.494094686994697;35.3581253209687;1.19982056785256;0.501319303882678
-2.2382102082887;-0.214548498891236;5.83844038383921;-0.176685963084205;0.944659027339486;1.25252976055678;0.160349017519362;0.487902686295112;35.3836793251562;1.20672323023729;0.490590651530751
-2.21421245114894;-0.223290375272063;5.83984395223818;-0.176821884895776;0.944233298860568;1.25665974949479;0.160048448914241;0.481561664462395;35.409219739217;1.2135857679914;0.479883249752255
-2.19012548054887;-0.231793317455176;5.84121884360425;-0.176960435466264;0.943729892980314;1.26078548389949;0.159738824398411;0.475072832240632;35.4347634699245;1.21975867706701;0.469422595254249
-2.16604722174438;-0.240277979676089;5.84256450608504;-0.177101302940414;0.943136323053428;1.26490662529673;0.159419953546678;0.468437398577161;35.460292904702;1.22592010313649;0.458973423762384
-2.1419504706786;-0.248681127706505;5.84388040294118;-0.177243861099009;0.942441845462377;1.26902277985667;0.159091682124507;0.461656570915304;35.4858128245441;1.23195427971018;0.448630872347969
-2.11779069843752;-0.25689961317363;5.84516601554718;-0.177387235330136;0.941637252231639;1.27313351524055;0.158753863617258;0.454731555138371;35.5113321916623;1.23767248472327;0.438550073008537
-2.09364000243415;-0.2650998859004;5.84642084121966;-0.177530358109875;0.940714691331682;1.27723836111056;0.158406320167638;0.447663555716972;35.5368371047231;1.24337914594097;0.428480817464496
-2.06944920432892;-0.273164921092692;5.84764439278517;-0.177672016108795;0.939667508574777;1.28133681432466;0.158048911869764;0.440453775864189;35.5623368989502;1.2491602992208;0.4186142273188
-2.04522037445666;-0.281099461751576;5.84883619941065;-0.177810890068222;0.938490107788172;1.28542834799403;0.157681485550556;0.433103417543796;35.5878318618339;1.25501237818705;0.408942622974254
-2.021001015109;-0.289015935131233;5.84999580490805;-0.177945588054462;0.937177829898498;1.28951241179725;0.157303900676194;0.425613681615318;35.6133122055911;1.26085293305116;0.399282542731847
-1.99672123728756;-0.296743686244001;5.85112276790095;-0.17807467349263;0.935726845233845;1.29358843815067;0.15691605648819;0.417985767895802;35.6387921143099;1.26698721006084;0.389962696976748
-1.97242718784196;-0.304395029235811;5.85221666139734;-0.178196688451685;0.934134059140753;1.297655846174;0.15651779254657;0.410220875200695;35.6642625655828;1.27321434162617;0.380766881106228
-1.94814302513421;-0.312028525486059;5.85327707139528;-0.178310172834203;0.932397030276907;1.30171404175296;0.156108965689249;0.402320201481944;35.6897182294598;1.27943004303048;0.371582495396723
-1.92377941216014;-0.31942008946662;5.85430359730746;-0.178413680341247;0.93051389623751;1.30576242405858;0.155689474027725;0.394284943834392;35.7151784112193;1.28656000953593;0.362791322299022
-1.89942404434227;-0.3267892461368;5.85529585089245;-0.178505791331756;0.928483309929685;1.30980038634286;0.155259171824973;0.38611629855387;35.7406242048122;1.29369753625381;0.354019497667299
-1.87505996407512;-0.334091817299801;5.85625345511109;-0.178585123217493;0.926304384028966;1.31382731593543;0.154817947518725;0.377815461262737;35.7660591404885;1.3012261081133;0.345338214050984
-1.85063668612523;-0.341197535782023;5.85717604434877;-0.178650338851666;0.923976639319441;1.31784259959049;0.154365704981502;0.369383626918734;35.7914950941951;1.31021614967441;0.336958248095531
-1.82622393339334;-0.348285799740337;5.85806326333056;-0.178700152980529;0.921499961513381;1.32184562335054;0.153902312983671;0.36082198988185;35.81691606943;1.31919490822619;0.328589565149412
-1.8017833003575;-0.355254430068596;5.85891476648843;-0.178733337228058;0.918874562327639;1.32583577398705;0.153427678615912;0.352131743980815;35.8423307571488;1.32848859221932;0.320386826590886
-1.77730616080463;-0.362080410766723;5.85973021771147;-0.178748723787101;0.916100943865431;1.32981244209522;0.152941704483427;0.343314082521101;35.8677418644285;1.33817076857566;0.312384953340351
-1.75283999391507;-0.368889356021478;5.86050928917881;-0.178745207996338;0.913179869752524;1.33377502071237;0.152444295909521;0.334370198374109;35.8931378298118;1.34784194376966;0.304394081252152
-1.72832799985813;-0.375526024125142;5.86125166161845;-0.178721750010655;0.910112334948244;1.3377229107455;0.151935398818415;0.325301283925876;35.9185323807267;1.35800809736922;0.296639792043128
-1.70380091688098;-0.382074137931375;5.86195702335293;-0.178677375642344;0.906899542584823;1.3416555204903;0.151414915024559;0.316108531071886;35.9439185106757;1.36839703422481;0.289000603775894
-1.67928526583744;-0.388605725849047;5.86262506849199;-0.178611176771603;0.903542888035656;1.34557225964695;0.150882762424274;0.306793131425349;35.9692893361808;1.37877533838166;0.281372048207394
-1.65470685362769;-0.394912863197468;5.86325549785086;-0.178522311077702;0.900043933445899;1.34947254812998;0.150338901767554;0.297356276269623;35.9946640938799;1.38802810196162;0.274056376723635
-1.63013356786634;-0.401185404684481;5.86384801784137;-0.178410001385597;0.896404393321105;1.35335581373162;0.149783252351702;0.287799156604886;36.0200253073724;1.39717189866135;0.266777850269453
-1.60556016459282;-0.407407338212484;5.86440233908048;-0.178273534952894;0.892626125023666;1.35722148672788;0.149215764323674;0.278122963378043;36.0453741654388;1.40617439836001;0.259559028945391
-1.580932408575;-0.413422140021452;5.86491817659635;-0.178112262288156;0.888711112121673;1.36106900412142;0.148636411073572;0.268328887593338;36.0707257769709;1.41444375829648;0.252623529435388
-1.55631685241685;-0.419421463910871;5.86539524980714;-0.177925595595509;0.884661449492411;1.36489781315203;0.148045131935071;0.258418120328137;36.0960618676738;1.42270328273933;0.245697865419008
-1.53168434933621;-0.425318032965691;5.86583328284962;-0.177713006616237;0.88047932519847;1.36870737880021;0.147441905608785;0.248391852534693;36.1213903049457;1.42980713012277;0.238907152625769
-1.50701807676941;-0.431061607121643;5.86623200390567;-0.177474024423257;0.876167009834786;1.37249718478229;0.146826714138791;0.238251274828879;36.1467164504563;1.43509584417526;0.232323464705002
-1.48236444037297;-0.436790410135801;5.86659114291521;-0.177208234445876;0.871726865307805;1.37626671795497;0.146199530709218;0.227997577761767;36.1720269417898;1.44037526475182;0.225749070260172
-1.457677575745;-0.442365243773875;5.86691043257962;-0.176915275773731;0.867161322097103;1.38001548181211;0.145560369828297;0.217631951691977;36.1973354394784;1.44531626855574;0.219379517484469
-1.43297589016435;-0.447841623914869;5.86718960779733;-0.17659483882998;0.862472871159972;1.38374299750443;0.144909220283674;0.207155586639621;36.2226369020838;1.45004932059053;0.21313709318548
-1.40828750942661;-0.453304460438707;5.86742840343895;-0.176246665632497;0.857664087243142;1.38744877985798;0.144246087593042;0.196569672858757;36.2479224459051;1.45477419433871;0.206902847173096
-1.38355022390909;-0.458560819010963;5.86762655254376;-0.175870553344044;0.852737673955421;1.39113229804531;0.143571019626959;0.185875402556444;36.2732120208366;1.45860420879554;0.200937203367845
-1.35881648331155;-0.463772765492072;5.8677837909489;-0.175466348315362;0.847696383808971;1.39479303422958;0.142884020916864;0.175073969863057;36.2984889334263;1.46228009553954;0.195021838434136
-1.33409068954444;-0.46895176757638;5.8678998584366;-0.175033938192896;0.842542955303946;1.3984305272657;0.142185123787395;0.164166569538182;36.3237512955487;1.46596142505121;0.189140918185532
-1.30931810486894;-0.473911872835564;5.86797449434605;-0.174573261886702;0.837280252045425;1.40204426885954;0.14147439006205;0.153154398714584;36.349015570636;1.46975377010789;0.183540284859333
-1.28455903177124;-0.478859210232221;5.86800744080648;-0.174084298532849;0.831911139242801;1.4056337885556;0.140751841944455;0.142038656157409;36.3742640923348;1.47353828660582;0.177947480091884
-1.2597941898403;-0.483722866195159;5.86799844134004;-0.173567054630885;0.82643839403546;1.40919871289006;0.140017540929415;0.130820539850079;36.3995020111315;1.47740165347065;0.172462532760049
-1.23500224312263;-0.488426741840125;5.86794723766487;-0.173021567908771;0.820864798158531;1.41273870098379;0.139271561705781;0.119501246477186;36.4247362550895;1.48143390069665;0.167192528189804
-1.21022243988081;-0.493115438461508;5.86785356930519;-0.172447910393147;0.815193184541609;1.41625341196922;0.138513957718536;0.108081971847668;36.4499557420929;1.48545533866398;0.161933332878239
-1.18542267198922;-0.497673669776297;5.86771717250102;-0.171846181041234;0.809426376959864;1.41974254141482;0.137744824358586;0.0965639102840191;36.4751709351359;1.49015454121217;0.156843075698087
-1.1606096200485;-0.50212633634433;5.86753777893342;-0.171216503526323;0.803567192803523;1.42320581792154;0.13696425159096;0.0849482541257139;36.5003803339026;1.49537887370466;0.151887597934844
-1.13580839509639;-0.506563281228572;5.86731511957947;-0.17055904034561;0.797618574063403;1.42664292206093;0.136172345634544;0.0732361955162124;36.5255753183049;1.50059155092303;0.14694377544573
-1.11097331205327;-0.510823463498302;5.86704892276185;-0.169873982316094;0.791583480559165;1.43005354799338;0.135369256135156;0.0614289264359576;36.5507731456463;1.50605009129398;0.142216974562156
-1.0861391293282;-0.515028307636374;5.86673891488579;-0.169161549578926;0.785464906835082;1.43343739262648;0.134555095986648;0.0495276390377151;36.5759607883674;1.5115641655917;0.137552736033664
-1.06131605696026;-0.519213275173153;5.86638482474901;-0.168421999813598;0.779265946793182;1.43679411785886;0.133730004865537;0.0375335270171723;36.6011341646819;1.51708516718637;0.132905686025562
-1.03645027870626;-0.523185151781123;5.86598638284836;-0.167655623512166;0.772989743161587;1.4401233774692;0.132894160628591;0.0254477862143354;36.6263151641054;1.52309716403038;0.128509895637048
-1.01159951251801;-0.527148071372236;5.86554332045453;-0.166862739922326;0.766639457535061;1.44342483274543;0.132047709974607;0.0132716147741949;36.6514799274031;1.52910451084225;0.124118755280666
-0.986748374158192;-0.531043877260676;5.86505536855913;-0.166043693417666;0.760218251970719;1.44669816190594;0.131190846063928;0.00100621304591879;36.6766345767009;1.53495698494791;0.119799326643195
-0.961870203769392;-0.534770553393216;5.86452226028752;-0.165198856155409;0.75372931862447;1.4499430442822;0.130323780963221;-0.0113472160885946;36.7017903211123;1.540391014984;0.115669117229613
-0.937008941593164;-0.5384929021219;5.86394372564453;-0.16432861790523;0.747175813144915;1.45315919407293;0.129446699466351;-0.0237874678034893;36.7269287028632;1.5458251062253;0.11153884661081
-0.912136160717573;-0.542098861336991;5.86331948941582;-0.163433381952063;0.740560846452977;1.45634636459016;0.128559831705993;-0.0363133360184794;36.7520615134968;1.55095479064655;0.107543911704527
-0.887251992341962;-0.54558931973701;5.86264927234795;-0.162513566206294;0.733887511578899;1.45950433502286;0.127663396726785;-0.0489236137191774;36.7771892896736;1.55578159931667;0.10368342988039
-0.862384999433832;-0.54907705127418;5.86193279212343;-0.161569603895939;0.727158899442639;1.46263290247774;0.126757610568243;-0.0616170930574122;36.8022996781128;1.56060982610754;0.0998215299354883
-0.837495442084888;-0.552400189958538;5.86116976436212;-0.160601944199511;0.720378109380051;1.4657318764897;0.125842730418453;-0.0743925653031276;36.8274101005653;1.56472714717458;0.0961567160349646
-0.81260873503444;-0.555663033699775;5.86035990243586;-0.159611051252618;0.713548246312383;1.46880107981222;0.124918947866172;-0.0872488208176161;36.8525097885533;1.56859040171816;0.0925613805767672
-0.78773928373406;-0.558924490464673;5.85950291855982;-0.158597404769484;0.706672428251373;1.4718403444625;0.123986438753139;-0.100184648923199;36.8775921869276;1.57245614202146;0.0889635593588469
-0.762836786876601;-0.561970550121469;5.85859852136832;-0.157561496347606;0.699753765398419;1.47484952070914;0.123045431789945;-0.113198838008977;36.9026802882741;1.57550936923586;0.0856170339088624
-0.737950174094334;-0.565009892142984;5.85764641654413;-0.156503829540538;0.692795366658373;1.47782847389415;0.122096138000731;-0.126290175550696;36.9277518078869;1.57854128906249;0.0822747234777372
-0.71307064602448;-0.568004526536038;5.85664630663709;-0.155424919012719;0.685800338738971;1.48077708449562;0.121138795276264;-0.139457448130701;36.952810913061;1.58129053471779;0.078981504566566
-0.688168012720309;-0.570824861013584;5.85559787948126;-0.154325277248274;0.678771712498091;1.4836952798461;0.120173681997371;-0.152699442265938;36.9778727452376;1.58293313976412;0.0758901368069593
-0.663282536595978;-0.573645771771281;5.85450081875339;-0.153205425688322;0.671712526687799;1.48658299888955;0.119201067657037;-0.166014944315108;37.0029175941978;1.5845797194824;0.0727947943753996
-0.638392142759781;-0.576373484725649;5.85335480651141;-0.152065897112708;0.664625841777126;1.48944018580847;0.118221258252553;-0.179402740224017;37.0279570055983;1.58596673072907;0.0698067779168618
-0.613490118859696;-0.578981588855498;5.85215950643167;-0.150907218366251;0.657514640147964;1.49226683088512;0.117234579391143;-0.192861616299592;37.0529952363958;1.58702124104367;0.0669574474808565
-0.588604276518818;-0.581589354324678;5.85091458454883;-0.149729930883456;0.650381958370793;1.49506291694608;0.116241355979476;-0.206390358621138;37.078017338421;1.58807842041183;0.0641054479912775
-0.563701709997846;-0.584059678861646;5.84961971485155;-0.148534595800349;0.643230905068681;1.49782841097505;0.115241943463133;-0.219987752257539;37.103042132579;1.58795451105255;0.0614135449727362
-0.538798379797356;-0.586462015017254;5.84827456934054;-0.147321784035228;0.636064593890331;1.5005632895788;0.114236689122185;-0.233652581133134;37.1280610668904;1.58726068188343;0.0587992574528748
-0.513909944396069;-0.588862241260738;5.84687881974655;-0.146092077284357;0.628886149954877;1.50326753619194;0.113225950714239;-0.247383627827278;37.1530649726402;1.58656735789748;0.0561844647498423
-0.488998544052147;-0.591086245407682;5.84543218260422;-0.144846107614234;0.621698919636369;1.50594105908228;0.112210116848268;-0.261179671392577;37.1780754516748;1.58549669475887;0.0537734361003143
-0.464097855103732;-0.593290709848009;5.84393439092464;-0.143584530860158;0.614506289200347;1.50858375765713;0.1111895633771;-0.275039486849325;37.2030735310725;1.58438863454528;0.0513825166431017
-0.439206984881147;-0.595465768174399;5.84238514566418;-0.142307983345243;0.607311456133479;1.51119560878756;0.110164700729257;-0.288961846765438;37.2280592529784;1.58304540145683;0.0490216183612965
-0.414302759567633;-0.597474756995215;5.84078420862863;-0.141017158563109;0.600117863488866;1.5137765067243;0.109135958469207;-0.302945518993077;37.2530443780441;1.58030278181493;0.0468421832919384
-0.389414063760704;-0.599485609533724;5.83913134638126;-0.139712759008469;0.592928909579076;1.51632636684354;0.108103733287814;-0.316989266938455;37.2780141739364;1.57756436798981;0.0446585424057937
-0.364530498447906;-0.601422772961026;5.8374262813632;-0.138395455332902;0.58574775453168;1.5188451973265;0.10706846683114;-0.331091851501024;37.302973028574;1.57477037156227;0.0425525092860279
-0.339646184289997;-0.603239566725744;5.83566876512018;-0.13706594306413;0.578577650438717;1.52133298303877;0.106030602063096;-0.345252030260818;37.3279235762773;1.57188423851953;0.0405747161672786
-0.314779029092401;-0.605064186367411;5.83385854022866;-0.135724912143086;0.571421774230554;1.52378974370614;0.10499053089044;-0.359468558037396;37.3528575820617;1.56900821405068;0.0385868144746444
-0.289912371418082;-0.606766268712447;5.83199530103387;-0.134373016837224;0.564283095464391;1.52621558180725;0.103948681474667;-0.373740188513081;37.3777824240512;1.56603976264981;0.0367282425223169
-0.265053332908521;-0.608397203647481;5.83007872005972;-0.133010895599932;0.557164510380233;1.52861063844406;0.102905481892098;-0.388065674791072;37.4026949057498;1.56301993529845;0.0349442804094384
-0.240212775399666;-0.610041666551115;5.82810848943634;-0.131639201330282;0.550068998450696;1.53097503950749;0.101861357334451;-0.402443768729534;37.4275898360689;1.56001578008236;0.0331446461612733
-0.215361570076297;-0.611512474431028;5.82608423274777;-0.130258539342621;0.542999310678472;1.5333090012792;0.100816774000067;-0.416873222617285;37.4524845279096;1.55723737891813;0.0315328932852814
-0.190523750267898;-0.6129651394616;5.8240055426152;-0.128869494871345;0.535958138312215;1.53561277619915;0.0997721761224669;-0.431352789574103;37.4773647917451;1.55451381087814;0.0299402205478198
-0.165701369617024;-0.61441598457778;5.82187208580963;-0.127472705203543;0.528948456455049;1.53788653691384;0.0987280379849054;-0.445881221433267;37.5022295365201;1.55188644717528;0.0283493055198113
-0.14086299245046;-0.615684013225559;5.81968351033275;-0.126068797427771;0.521973183670646;1.54013048518781;0.0976848607144218;-0.460457269036197;37.5271002598092;1.55013827435166;0.0269594611104612
-0.116042635334742;-0.616968698044226;5.81743946208292;-0.124658399429396;0.515035241462636;1.54234483276364;0.0966430833657406;-0.475079682102958;37.5519538418938;1.54840842593539;0.0255512922937645
-0.0912296087166657;-0.618202267331725;5.81513962523705;-0.123242165348551;0.508137668034794;1.54452976333666;0.0956031827368724;-0.489747208322194;37.5767975127807;1.54687734194035;0.0241985034421763
-0.0664115698904049;-0.619306790563924;5.81278369949325;-0.121820760377403;0.501283528956623;1.54668545941235;0.0945656558149834;-0.504458593041604;37.6016401177719;1.54575149246037;0.0229858126694834
-0.0416111455582682;-0.62042977525057;5.8103713811118;-0.120394848315615;0.494475857027798;1.54881212110868;0.0935309321498345;-0.519212579354524;37.6264659539444;1.54464549314485;0.0217532717323288
-0.016811164725871;-0.621453028000882;5.80790235222945;-0.118965084669686;0.48771762746729;1.55090997451465;0.0924994746196228;-0.534007908343109;37.6512870356186;1.5441108118737;0.0206246652498945
0.00798530032227482;-0.622399760800359;5.80537629476932;-0.117532124538949;0.481011801761485;1.55297925835319;0.0914717777013478;-0.54884331904345;37.6761015672861;1.54404298968258;0.0195758244986959
0.0327645629980074;-0.623366862816027;5.80279289207312;-0.11609662316404;0.474361331571423;1.55502022264423;0.0904483381738863;-0.563717548384221;37.70089969514;1.54399665488205;0.0185054963568986
0.0575501029806699;-0.624186581942829;5.80015182183685;-0.114659231601219;0.467769140973724;1.55703313419413;0.0894296920278759;-0.578629331227705;37.7256987864879;1.54420614043103;0.0175882461480977
0.0823251287303775;-0.624982222056057;5.79745275989064;-0.113220598579675;0.461238137986352;1.55901827313188;0.0884163729874355;-0.593577400338784;37.7504865847784;1.54450108735403;0.016695949999679
0.107084092154822;-0.625795203673868;5.79469538951424;-0.111781375218852;0.454771235909781;1.56097592611577;0.0874089412073618;-0.608560486229675;37.7752588920783;1.54482513265601;0.0157855023311425
0.131853628324608;-0.626423050479471;5.79187939611296;-0.110342211773309;0.448371337672433;1.56290639073946;0.0864079914097162;-0.623577317090644;37.8000363841564;1.54544660859362;0.0150613779883531
0.156606920261023;-0.62707386785936;5.78900446636343;-0.108903756813031;0.442041332960093;1.56480997623925;0.0854141066703415;-0.638626618734024;37.8247982303103;1.54609173951809;0.0143135986587076
0.181350716656599;-0.627694077166583;5.78607028840699;-0.107466656960964;0.435784098044127;1.56668700340768;0.0844279199327261;-0.653707114536583;37.8495497983344;1.54669700464101;0.0135979526372731
0.206097742784563;-0.628181466392243;5.78307655025198;-0.106031555759352;0.429602492038269;1.5685378056162;0.0834500612181188;-0.668817525398198;37.8743016235284;1.54714144921926;0.013020757491628
0.230829122478809;-0.628693462350716;5.78002294177329;-0.104599094323388;0.423499360862584;1.57036272751208;0.0824811065221126;-0.683956569677694;37.8990383023969;1.54761094019235;0.0124185159511442
0.255556801269269;-0.629127458342382;5.77690915382738;-0.103169910589735;0.417477534868034;1.57216212558594;0.0815216752940897;-0.699122963137463;37.9237697894303;1.54800190492353;0.0118982602695482
0.280281443930094;-0.629480363749898;5.77373487678797;-0.101744638340386;0.411539825919021;1.57393636895688;0.080572365507377;-0.714315418898033;37.9484969505478;1.54831114718684;0.0114633045870526
0.304991092269911;-0.629859427541454;5.77049980437382;-0.100323908653529;0.405689034286871;1.57568583716605;0.0796337414063113;-0.729532647358332;37.9732095062723;1.54864675471754;0.0110019836371709
0.329702059483263;-0.63011364069744;5.76720363183974;-0.0989083487652481;0.399927944348957;1.57741092126668;0.0787064094073333;-0.744773356132546;37.9979217810553;1.54861229289653;0.0106934471782021
0.354404590425027;-0.630337825616722;5.7638460554234;-0.0974985815313661;0.394259323234628;1.57911202409635;0.077790919761152;-0.760036249989408;38.022625329258;1.54845543773523;0.0104254504973583
0.379092827074176;-0.630589640226809;5.76042677523073;-0.096095226347201;0.38868592507083;1.58078955881857;0.0768878109513189;-0.775320030771821;38.0473148501007;1.54832619945393;0.0101298369365169
0.403786607213479;-0.630670292829896;5.75694549222356;-0.0946988975671138;0.383210485163701;1.58244395048576;0.0759976621904797;-0.790623397336754;38.0720087619498;1.54795409408199;0.0100304470292451
0.428467416230223;-0.630771285892525;5.753401909381;-0.0933102046925532;0.377835721567211;1.58407563543189;0.0751209983898454;-0.80594504548595;38.0966897775959;1.54759928272169;0.00991187606066198
0.453138321036892;-0.630860914993091;5.74979573343806;-0.091929752748347;0.372564336959027;1.58568506049871;0.074258385230992;-0.821283667887842;38.1213608452127;1.5472177129962;0.00981217395073333
0.477810921333135;-0.630814272697761;5.74612667278275;-0.0905581411432014;0.367399014702222;1.58727268403427;0.0734104178491285;-0.836637954010517;38.1460334895964;1.54663728542444;0.0098789385592595
0.502470523541668;-0.630797360568078;5.742394438339;-0.089195963710774;0.362342419647101;1.58883897548221;0.0725776179646058;-0.852006590049112;38.1706930976043;1.5460862435789;0.00991631744155214
0.527124600661988;-0.630722549829933;5.73859874420268;-0.0878438086344774;0.357397198285202;1.59038441512851;0.0717605602560474;-0.867388258850706;38.1953472882278;1.54549154564897;0.0100020759081886
0.551775785471697;-0.63056177405753;5.73473930736454;-0.0865022580300744;0.352565977602178;1.59190949424102;0.0709598377692263;-0.882781639840141;38.2199989973242;1.54482979146105;0.0101611364301065
0.57641477041552;-0.630431992773338;5.73081584713838;-0.0851718874395608;0.347851363727731;1.5934147152946;0.0701760020644274;-0.898185408947044;38.244638324065;1.54419850627698;0.0102897279481713
0.601051797804061;-0.630198266816511;5.7268280855021;-0.0838532656543117;0.343255941803393;1.5949005918174;0.0694096489068152;-0.913598238530306;38.2692764600815;1.54365666898503;0.0105103395751195
0.625682214707808;-0.629928181563101;5.72277574748909;-0.0825469545459908;0.338782275781124;1.59636764823527;0.0686613376758164;-0.929018797300702;38.293908357753;1.54317539804561;0.0107616539609684
0.650301260556724;-0.629690273778489;5.71865856022249;-0.0812535084567022;0.334432906727237;1.59781642020794;0.0679316189119228;-0.944445750244234;38.3185285530939;1.542725612895;0.0109814825579996
0.674921157404434;-0.629302831905968;5.71447625193595;-0.0799734736252057;0.330210351431137;1.59924745491359;0.0672210864337476;-0.959877758543842;38.3431514983279;1.54219305613596;0.0112127646614868
0.699531601677117;-0.628927968298965;5.71022855350533;-0.0787073884079596;0.326117103599089;1.60066131045321;0.0665302705777936;-0.975313479495978;38.3677647973758;1.5416797796011;0.0114168516744871
0.724133108625403;-0.628559221203313;5.70591519883972;-0.0774557831147416;0.322155633524986;1.60205855570023;0.0658597310910124;-0.990751566425285;38.3923690677073;1.54120083703529;0.0116097563419412
0.748734514201183;-0.628050005063348;5.70153591930334;-0.0762191781410384;0.318328382658882;1.60343977203764;0.0652100560755995;-1.00619066859846;38.4169757427647;1.54076697115599;0.0119061113396853
0.773326019253535;-0.627574543393906;5.6970904496338;-0.0749980854811223;0.314637768884575;1.60480555133378;0.0645817482320179;-1.02162943112973;38.4415718437675;1.54036593053309;0.0121696410810395
0.797911708520092;-0.62705935418217;5.69257852795005;-0.0737930084432546;0.311086185531694;1.60615649594674;0.0639753612299107;-1.03706649488551;38.4661629302957;1.53990569646285;0.0124505586963629
0.822494593547138;-0.626452514452896;5.68799988687951;-0.0726044390564562;0.307675994082725;1.60749322130274;0.0633914625835116;-1.0525004963812;38.4907533042398;1.53932126499057;0.0127843697464569
0.847068481328061;-0.6258802631123;5.68335426603019;-0.0714328611944198;0.304409533572048;1.60881635208121;0.062830546238321;-1.06793006767798;38.515333854117;1.53877037081267;0.0130846435021631
0.87163919126326;-0.625222924524109;5.67864140609273;-0.0702787487411696;0.301289114909154;1.61012652396647;0.0622931525489505;-1.08335383627572;38.5399133553475;1.538013387091;0.0136262034078598
0.896205152572352;-0.62452202249082;5.67386104373562;-0.0691425641598414;0.298317017258555;1.61142438496032;0.0617798062133883;-1.09877042499358;38.5644893134916;1.53713322065072;0.0143139881276095
0.920763043761839;-0.623856344677195;5.66901292769755;-0.0680247621232702;0.295495497400736;1.61271059093035;0.0612910116499631;-1.11417845187005;38.5890562251132;1.53628712461913;0.0149677024386707
0.945319871142457;-0.623060851689849;5.66409680882177;-0.0669257867390209;0.29282678155213;1.61398580841595;0.0608273162075375;-1.12957653005198;38.6136259337011;1.53503300378604;0.0158810208705986
0.969870559724031;-0.622269064806483;5.65911243936026;-0.0658460711331724;0.290313064163978;1.61525071475646;0.0603892063822178;-1.1449632676789;38.638189386966;1.53372826386262;0.0168164981313338
0.994414593275747;-0.621498514405245;5.65405958227943;-0.064786039142135;0.287956511292659;1.6165059957236;0.0599771852371859;-1.16033726778768;38.6627455131041;1.53240866054401;0.0177810757614354
1.01895777776443;-0.62058291340078;5.64893801470502;-0.0637461054715421;0.285759259458879;1.61775234482613;0.059591786720384;-1.17569712823474;38.6873057702291;1.53050552421127;0.019507737541707
1.04349447742594;-0.619703000807389;5.64374751694962;-0.0627266729148672;0.283723408474794;1.61899046609997;0.0592334598991051;-1.19104144159452;38.7118582421301;1.52863680046704;0.0211999867334775
1.06802632111835;-0.618799264621432;5.63848787309758;-0.0617281321489363;0.281851020650088;1.62022107390065;0.0589027042983097;-1.20636879505688;38.7364067266871;1.52659089104301;0.0228976296637653
1.09255528842152;-0.617797629630664;5.63315889439977;-0.0607508656413197;0.280144126837693;1.62144488748256;0.0586000314672613;-1.22167777040573;38.7609561362444;1.52410508235241;0.0246502759347536
1.11707869507159;-0.61683199959743;5.62776038663715;-0.059795240914999;0.278604712496137;1.62266263867867;0.0583258521740577;-1.23696694389749;38.7854985467838;1.52165394418253;0.0263682516850089
1.14159775763663;-0.615798013131578;5.62229216380604;-0.058861612806617;0.277234721438035;1.62387506860661;0.0580806229783329;-1.25223488618033;38.8100394016402;1.51893722302552;0.0281095116561998
1.16611264353332;-0.61471239934837;5.6167540687144;-0.057950326347591;0.276036058282599;1.62508292315094;0.0578648008486801;-1.2674801623015;38.8345783133482;1.51600288829603;0.0298647450812355
1.19062287912672;-0.613663126718322;5.61114592088578;-0.0570617076013617;0.275010574350858;1.62628696437008;0.0576788079154105;-1.28270133150696;38.8591109981156;1.51310351109779;0.0315850209750268
1.21512781975849;-0.612501188985023;5.6054675583217;-0.0561960704217491;0.274160076478608;1.62748796115774;0.0575231078202175;-1.29789694720042;38.8836434707725;1.50989335362827;0.0322403570543228
1.23962844353021;-0.611333301203693;5.59971883543312;-0.0553537154226738;0.273486323356066;1.62868668973653;0.057398105486219;-1.31306555690309;38.9081719139982;1.5066197328043;0.0325668129626297
1.26412527182724;-0.61019967110566;5.59389957171026;-0.0545349222779749;0.272991018124172;1.62988394420664;0.0573042074464623;-1.32820570196357;38.9326949585443;1.50337808503865;0.0328502897258731
1.28861505427612;-0.608913768112989;5.58800958872172;-0.0537399554746297;0.272675813790121;1.63108052845995;0.0572418545897589;-1.34331591741547;38.9572184776821;1.49991670168925;0.0325075564435049
1.31310168878388;-0.607664824973471;5.58204871122723;-0.0529690642224622;0.272542311595827;1.63227725582577;0.0572114057765244;-1.35839473183379;38.9817369427336;1.49649082920369;0.0321293122973072
1.33758433299236;-0.606405466962241;5.57601674488459;-0.0522224795195949;0.272592059190813;1.63347495337285;0.0572132659247579;-1.373440667061;39.0062519554817;1.4931006901875;0.0311099578344159
1.36206095778763;-0.60503897237521;5.56991346165768;-0.0515004128829724;0.272826551508378;1.63467446447259;0.0572478505471723;-1.38845223782079;39.0307666953095;1.48974662133829;0.0282148602306477
1.38653534011581;-0.603709562857168;5.56373864610556;-0.0508030621804048;0.273247229551348;1.63587663941453;0.0573154539732119;-1.40342795156467;39.0552771567497;1.48642816891038;0.0252841462055682
1.41100563624801;-0.602324955458171;5.55749207852611;-0.0501306092862159;0.273855478339276;1.63708233865399;0.0574164141977887;-1.41836630821764;39.0797865943289;1.48309643413867;0.0223168336575242
1.43547199187114;-0.600878245057795;5.55117349407182;-0.0494832159727307;0.274652629673404;1.6382924405198;0.0575510807839836;-1.43326579965317;39.1042956850599;1.47974769487855;0.0193129927084636
1.45993700226693;-0.59946832676796;5.54478267059046;-0.048861033118653;0.275639951282699;1.6395078241617;0.0577197497960773;-1.44812490968138;39.128801288567;1.47643428341762;0.0162738239602174
1.48439832674509;-0.597958602553315;5.53831933430804;-0.0482641909048555;0.276818656216936;1.64072938751563;0.0579227574062783;-1.46294211344151;39.153309157965;1.47333234474324;0.0131740501764603
1.50885784886551;-0.596431254978672;5.53178317052082;-0.0476928009187006;0.278189902154119;1.6419580450037;0.0581603926348255;-1.47771587680841;39.1778163204482;1.4703347249922;0.0100294778419187
1.53331688845768;-0.594939910750247;5.52517396457671;-0.0471469679044319;0.279754760532999;1.64319470091393;0.0584329353268153;-1.49244465672574;39.2023207838248;1.46737167469265;0.00685033605588681
1.55777443197977;-0.593304809012801;5.51849144663723;-0.0466267752143658;0.281514244068329;1.644440278554;0.0587407008385491;-1.50712690051245;39.226832923528;1.46442039686585;0.00592358609381716
1.58223195548278;-0.591695339094247;5.51173534191867;-0.0461322895208145;0.283469293799414;1.64569571066565;0.0590839245920903;-1.52176104546913;39.2513433468071;1.46150131173752;0.00507919660071376
1.60668939947742;-0.590085894910016;5.50490552092856;-0.0456635700866493;0.285620732081001;1.64696191135629;0.059462874802474;-1.5363455195718;39.2758536890595;1.4586498676822;0.00439969284945901
1.63114572104908;-0.588360186623;5.49800206579725;-0.0452206682269069;0.287969230017267;1.64823976360857;0.0598778241339077;-1.55087874276617;39.3003708204967;1.45598155517675;0.00455069903881331
1.65560281429076;-0.586667500918429;5.4910250250788;-0.0448036080882348;0.290515376629029;1.64953016434111;0.060328905953814;-1.56535912652749;39.3248864195048;1.45334495629864;0.00466999160082451
1.68005525868224;-0.584931311714053;5.48397446759155;-0.0444123905977943;0.293259658083779;1.65083401397439;0.0608162830824104;-1.57978507378682;39.349400423455;1.45077986449774;0.005711308843518
1.70450118435624;-0.58312300446759;5.47685077240397;-0.0440470063389704;0.296202342295181;1.65215216202157;0.061340132836362;-1.59415498115661;39.3739131396888;1.44830109608555;0.00803078449240177
1.72894861293604;-0.581347269757169;5.46965411861841;-0.0437074063805046;0.299343671571809;1.6534855007467;0.0619005523120501;-1.60846723722805;39.3984249735232;1.4458536178329;0.0103189699817399
1.75338175919235;-0.579483446678352;5.46238457232101;-0.0433935118410173;0.302683829244735;1.65483494886834;0.0624976690596933;-1.6227202213925;39.4229291052657;1.4435178007306;0.0124420884246672
1.77780854741863;-0.577589518891784;5.45504230274384;-0.0431052244588626;0.306222842851392;1.65620141097613;0.0631315987215677;-1.6369123043539;39.4474292061943;1.44125594736864;0.0144632490491823
1.8022376491513;-0.575728759977605;5.44762730556628;-0.0428424158582311;0.309960708627992;1.65758582852768;0.0638024473917761;-1.65104184631907;39.4719290722184;1.43902597118442;0.0164525324959715
1.82664530661646;-0.573733546726252;5.44013948986331;-0.0426049346057934;0.313897349392717;1.65898916375069;0.0645103502021662;-1.66510719576798;39.4964181436352;1.43701420883227;0.018205275971571
1.85105293372745;-0.571751718269378;5.43257876660658;-0.0423926101704886;0.3180325679395;1.66041238290181;0.0652553823053818;-1.67910668889437;39.5209060979234;1.43505789098121;0.0199003293822937
1.87546018345872;-0.569779415938772;5.42494504051327;-0.0422052522822595;0.322366048663763;1.66185645739576;0.0660376287468233;-1.69303864892858;39.5453929069423;1.43313528516615;0.0212498909086904
1.8998461975955;-0.567672663631926;5.41723820116828;-0.0420426505338802;0.326897359962654;1.66332236512432;0.0668571807951031;-1.70690138532468;39.5698697549984;1.43125430372765;0.0203871065759539
1.92423600897607;-0.565600207440379;5.40945814107589;-0.0419045745212505;0.331625941798359;1.66481108665924;0.0677140433553685;-1.72069319304795;39.5943474586049;1.42940632001822;0.0194913245141393
1.94861904367453;-0.563490946375653;5.40160477415348;-0.0417907734318573;0.336551093041672;1.66632360121875;0.0686082444560731;-1.73441235197881;39.6188215543664;1.42768850906394;0.0183386509244391
1.97298722880173;-0.561290210692801;5.39367802186518;-0.0417009749824518;0.341671978617994;1.66786088877138;0.0695398060980023;-1.74805712613724;39.6432889139285;1.42617660905505;0.0167551205175226
1.99736010176955;-0.559123767472831;5.38567780418819;-0.0416348848082328;0.3469876344922;1.6694239313033;0.0705086791983406;-1.76162576275719;39.6677578822952;1.42469773430739;0.0151385648493718
2.02171860906524;-0.55687209706576;5.37760394183982;-0.0415921862347063;0.352497030093591;1.67101373177494;0.0715148388921398;-1.77511649033259;39.6922202390356;1.42320531023022;0.0128926508782253
2.04606927989186;-0.554573595909895;5.36945618898205;-0.0415725420064646;0.358199046541081;1.67263130806412;0.0725582302722648;-1.78852751683425;39.7166791490128;1.42171441937498;0.0102077539863191
2.07042554743572;-0.552309219975685;5.36123439552329;-0.0415755937887869;0.364092369843802;1.67427766048015;0.0736387737868374;-1.80185702941922;39.7411404483862;1.42025643268005;0.00748995293409824
2.09476370113442;-0.54990810206292;5.3529380623147;-0.0416009633396891;0.370175802836374;1.67595386099887;0.0747564103198484;-1.81510318960574;39.7655967582611;1.41902859938499;0.00555485879377043
2.11910309574212;-0.547505604722352;5.34456659751329;-0.0416482563475773;0.376448082274363;1.67766100391643;0.07591100100523;-1.82826413073098;39.7900544385137;1.4178736942081;0.00375453299683715
2.14344757319699;-0.545122717968067;5.33611982403266;-0.0417170545873473;0.382907525077552;1.67940010136412;0.0771024059611423;-1.84133796052337;39.8145152588563;1.41673785295792;0.00198552566584287
2.1677797817557;-0.542578531438665;5.32759763718677;-0.0418069104131465;0.389552308200873;1.6811721502332;0.0783304957237072;-1.85432276026412;39.8389801164778;1.41544811413997;0.00110012961834946
2.19211866500287;-0.540065207112396;5.31899993895125;-0.0419173456901163;0.396380536888478;1.68297814508611;0.0795950412611618;-1.8672165831916;39.8634484232621;1.41418820629713;0.000184902595750908
2.21645509520451;-0.537521677725341;5.31032693328006;-0.0420478443483213;0.403390043782282;1.68481901480204;0.0808958509706286;-1.88001745599662;39.8879174113225;1.4128613527464;-9.99771176957154e-09
2.24077681036195;-0.534866497411984;5.30157949015049;-0.0421978362504125;0.410578153046308;1.68669554012818;0.0822327320379582;-1.89272340572485;39.9123836290665;1.41133819982034;0.00156417510472243
2.26510580224817;-0.532240381340185;5.29275822003698;-0.0423667280364649;0.41794225734165;1.68860854716332;0.0836053745271462;-1.90533246561398;39.9368539443858;1.40984318108491;0.00310022601652776
2.28941422714729;-0.529533185526324;5.28386341425587;-0.0425539286497323;0.42547967279379;1.69055892264943;0.0850135074036884;-1.91784265950286;39.9613126530649;1.40809443208364;0.00519004362238937
2.31370617956908;-0.526759767182688;5.27489565867868;-0.0427588310631844;0.43318716725977;1.69254747948027;0.0864568591307957;-1.93025200505079;39.9857624138361;1.40612869096663;0.00775860719304711
2.33800647653883;-0.524016067932322;5.26585522130731;-0.042980820171961;0.441061513744771;1.6945750898247;0.0879351129372567;-1.94255851012943;40.0102171131472;1.40419178004196;0.0102983405713829
2.36227260620649;-0.521135634525902;5.25674222216808;-0.0432192698490712;0.449099359312845;1.69664264951145;0.0894479892723848;-1.95476017094484;40.0346536011448;1.40159646606643;0.0144916086561065
2.38653509823416;-0.518235840025352;5.24755682486284;-0.0434735353235394;0.457297084877536;1.6987510347694;0.0909951495701841;-1.96685497228927;40.059088766942;1.39882430969263;0.0191609518068513
2.41080683744522;-0.515365431846616;5.23829906804905;-0.0437429552714002;0.465650977688646;1.70090114016087;0.0925762547960931;-1.97884088581396;40.0835296459655;1.3960775322989;0.0238054497509295
2.43502468020736;-0.512304033798862;5.22897000259685;-0.0440268088661513;0.474156281060518;1.70309361018843;0.094190996807193;-1.99071588183409;40.107940218799;1.39224810241066;0.0296817478996236
2.45925319008637;-0.509274745770808;5.21957068866137;-0.0443243354221015;0.482808162145959;1.70532906395794;0.0958389751894262;-2.00247792968551;40.1323573700848;1.3884499776776;0.0355267408931331
2.48347043736506;-0.506221710944692;5.21010093272196;-0.044634788601375;0.491602813349527;1.70760840106983;0.0975198426726715;-2.01412498261101;40.1567663046664;1.38440814875245;0.0416164696590344
2.50762874838241;-0.503025511487557;5.20055985375077;-0.0449574374911604;0.500536852130736;1.70993268150391;0.0992332623368774;-2.02565496875272;40.1811351306985;1.3795215974701;0.0485542182191957
2.53180013478356;-0.499866059871663;5.19094677062036;-0.0452915378969287;0.509606497726373;1.7123029152487;0.100978756409754;-2.03706579273707;40.205512129182;1.37467102524871;0.0554559877184111
2.55596030169001;-0.496615664088744;5.18125904107336;-0.0456364172753466;0.518809522881291;1.71472060229933;0.102755906979553;-2.04835531011907;40.2298899620983;1.36944969263975;0.0631473189485881
2.58010685049355;-0.493259562451452;5.17149105410182;-0.0459915463053629;0.528145961550126;1.71718802025347;0.104564310765587;-2.05952128760489;40.2542686256654;1.36381108601588;0.0717224936955677
2.60426746076066;-0.489938432348284;5.16163982188171;-0.0463563234371036;0.53761283590944;1.7197068303583;0.106403485164872;-2.07056143315808;40.2786564298643;1.35820696314999;0.080263184684562
2.6284784233976;-0.486459323111212;5.15170315469543;-0.0467300944372315;0.547206148932015;1.72227850934996;0.108273000279392;-2.08147340419836;40.3031160887517;1.35194413583622;0.0893405086990918
2.65271559631218;-0.482923481034276;5.14167799255054;-0.0471122093057046;0.55692250090517;1.72490477633446;0.110172380091927;-2.09225479444343;40.3276098171344;1.34541791124236;0.0986308338257657
2.67696305479595;-0.479404687632465;5.13156346005574;-0.0475018916879451;0.566756243818297;1.72758679070541;0.112101126535406;-2.10290316058494;40.3521112691307;1.33890866923011;0.107904176370834
2.70125883415425;-0.475704244791802;5.12136332886826;-0.0478980893035693;0.57669755467028;1.73032444872281;0.114058796203842;-2.11341608339805;40.3766872364941;1.33200331759157;0.117924544162843
2.725563500694;-0.471994111453379;5.11108164586421;-0.0482996224357348;0.586736979197815;1.73311750170566;0.116044873945265;-2.12379117306012;40.4012734502123;1.32507520927249;0.12798906798484
2.7498671667812;-0.468252632530932;5.10071950938466;-0.0487053601073619;0.596868318305917;1.73596644658088;0.118058892548986;-2.13402603070911;40.4258634247915;1.31817141806827;0.13807297076327
2.77414359918243;-0.46436321849603;5.09028127543181;-0.049113994406688;0.607082554732072;1.73887083856573;0.120100419274329;-2.14411829328767;40.4504494515479;1.31137810203432;0.148249273943468
2.79842560882563;-0.460471143290832;5.07977058301824;-0.0495241952440668;0.617371883636424;1.74183036307885;0.12216889755438;-2.15406562547561;40.4750414063647;1.30458210411962;0.158428259004418
2.82268420090814;-0.456500073652996;5.06918894299029;-0.0499347074929292;0.627730829283088;1.74484525538802;0.124263839258362;-2.16386569132945;40.499622876701;1.29847303343735;0.168378985873982
2.84690746350992;-0.452418299821225;5.05853975788712;-0.0503442065150554;0.638152271535157;1.74791517183289;0.126384789426028;-2.17351618125117;40.5241876345604;1.29334676046768;0.178001764665195
2.87113669244908;-0.448333948469539;5.04782513720061;-0.0507514263478256;0.648630589872704;1.75104009283006;0.128531204909451;-2.18301479483229;40.5487587041535;1.28821787236852;0.1876271585859
2.89528995252379;-0.444129149702441;5.03704864031968;-0.0511550622499366;0.659158972125803;1.75421953180777;0.130702609813348;-2.19235926226658;40.5732752354112;1.28356285648829;0.196645935415633
2.91940675389077;-0.439863416510666;5.02621564496721;-0.0515537454191587;0.669729290372125;1.75745239968781;0.132898519722379;-2.2015473721282;40.5977663886678;1.27917166221457;0.205328342440724
2.94353263710383;-0.435603396723963;5.01532823226618;-0.0519462589159904;0.680336932609492;1.7607385292145;0.135118432349886;-2.21057692545762;40.6222654908838;1.27478617742609;0.214005039980583
2.96748121340617;-0.431158291803438;5.00438700276621;-0.0523315057201111;0.690978625046281;1.76407817712344;0.137361903247682;-2.21944571435562;40.6466231029315;1.27138972403947;0.220467379366219
2.99142089407083;-0.426712867363819;4.99339257090038;-0.0527084561419893;0.701650882722623;1.76747158594816;0.139628410017071;-2.22815152180388;40.6709720271125;1.2681510840151;0.226606874698574
3.01535728883214;-0.422257910499817;4.98234446657086;-0.0530761824191064;0.712351025760176;1.7709193282494;0.141917471440594;-2.23669210495476;40.695319463011;1.26501075549577;0.232667033659196
3.039157442598;-0.417554822565812;4.97123652643285;-0.0534340387798024;0.723081137162377;1.77442378895798;0.144228650639496;-2.24506510767269;40.7195798495576;1.2624425733411;0.238299573276603
3.06298064487993;-0.412892224814546;4.96006331068611;-0.0537814437161102;0.733841536900433;1.77798720460916;0.146561379964188;-2.25326806722595;40.7438550382233;1.25991529788553;0.243891206194898
3.08679406551817;-0.408147145864737;4.9488241455226;-0.0541176889669234;0.744627467046411;1.7816103346539;0.148915183868379;-2.26129848388617;40.7681366110047;1.25748215441875;0.249223144127024
3.11056998038187;-0.403215218855892;4.93751677421033;-0.0544421087167656;0.755435531596353;1.78529445601947;0.151289625366093;-2.26915379501195;40.7924186626401;1.25518867631927;0.25410902653091
3.13437002679894;-0.398320044937371;4.92613983233359;-0.0547540057945778;0.766261280621494;1.78904057112443;0.153684125877352;-2.27683138684529;40.8167169123126;1.25293300898103;0.25895709817356
3.15812000124664;-0.393265078476376;4.91469368359285;-0.0550526129639252;0.777098663120199;1.79284911152425;0.156098192794844;-2.2843286201648;40.8409988803586;1.25059179529608;0.264342938424807
3.18184331018359;-0.388108907028762;4.90317877752585;-0.0553371349494025;0.787941744414647;1.79672046288093;0.15853135032983;-2.29164283091608;40.8652760608151;1.2482025211587;0.270097009992807
3.20559359219385;-0.382990042749494;4.89159546606084;-0.0556067621011096;0.798784856524871;1.80065502730815;0.160983074011853;-2.29877132792073;40.8895717120119;1.24585232374737;0.275812004834761
3.22927346617011;-0.377600835273693;4.87993899790856;-0.0558608210359249;0.80962682076989;1.80465495420331;0.163452918108576;-2.30571130906013;40.9138570983326;1.24352454911177;0.282337213850549
3.25296026273683;-0.372180964620632;4.86820360722488;-0.0560986937346556;0.820466595363093;1.8087228057327;0.165940378672236;-2.31245984066043;40.9381560557072;1.2412321939574;0.289009561012385
3.27667507709946;-0.366774692926357;4.85638839471616;-0.0563196529909053;0.83129825270768;1.81285950112905;0.168444980247327;-2.31901393335058;40.9624792996086;1.23894821695599;0.295715608495787
3.3004064104895;-0.361031111761436;4.84448945340407;-0.0565230076844822;0.842118464284166;1.81706702819012;0.170966315109018;-2.32537049008909;40.9868957880757;1.23619521753801;0.303614333730874
3.32415830835167;-0.355301701332368;4.83250328460601;-0.0567080463143931;0.852923136158576;1.82134727051917;0.173503863382208;-2.33152630933467;41.011328937605;1.23345886821037;0.311496408875628
3.34792998016329;-0.349494553042597;4.8204319823851;-0.0568739220113887;0.863703310137602;1.82570011914558;0.176057209321047;-2.33747817652573;41.0357996415585;1.23038322653215;0.319161925768414
3.37171704631717;-0.343471883284474;4.80828093039711;-0.0570196720575486;0.874448075778614;1.83012421631843;0.178625980495826;-2.3432229204328;41.0603373078539;1.2264467274286;0.326325155406269
3.39551493089526;-0.337439700486642;4.79605417837321;-0.0571443096695436;0.885148773692533;1.8346186098035;0.181209621223504;-2.34875739219172;41.0848877974559;1.22250246036424;0.333496153004931
3.41928030741914;-0.331261093188892;4.78375545128144;-0.0572468500347648;0.895797814452955;1.83918240543608;0.183807669143466;-2.35407846090792;41.1094432104938;1.21808228253294;0.340140694055285
3.44301594651651;-0.324945703912525;4.77139105406668;-0.0573262978811594;0.90638626809526;1.84381368317206;0.186419720258716;-2.35918306016044;41.13400465803;1.21322639919407;0.346311444056036
3.46675941914176;-0.318613403815481;4.75896436604618;-0.0573817186823509;0.916908492228851;1.84851154755645;0.189045307170051;-2.3640681388805;41.1585780281046;1.20835505365826;0.352497656253719
3.49041975379162;-0.312069094792878;4.74647948080148;-0.0574122388437586;0.927358706160781;1.85327478796584;0.191684047620436;-2.3687306750919;41.1831267432711;1.20251452494091;0.357343835629896
3.51405969485694;-0.30544665663248;4.73394148528546;-0.0574170490311404;0.937730874782007;1.8581017605189;0.194335523780433;-2.37316769533621;41.2076767636532;1.19635644008344;0.361774059462098
3.53770764139383;-0.298807079877406;4.72135215446109;-0.0573954296150483;0.948022019987614;1.86299205405824;0.196999329385029;-2.37737621643074;41.2322391201138;1.19018273283533;0.366219905684926
3.56118201059716;-0.291903510788283;4.70871750777467;-0.0573467474626556;0.958226033742371;1.86794357471686;0.199675131144795;-2.38135332358765;41.256707574819;1.18258617664516;0.369020199985868
3.5846702253178;-0.284994387105252;4.69604347533116;-0.0572704437664173;0.968337600017581;1.87295419492151;0.202362493298634;-2.38509617171586;41.28119087976;1.1749790566326;0.371811242864221
3.60811257671095;-0.27801173010327;4.68333045010557;-0.0571660343490888;0.978355959519863;1.87802394094916;0.205061063636088;-2.3886018845849;41.3056510788116;1.16724772322959;0.374617222060385
3.63137001446581;-0.270798436642315;4.67057796810819;-0.057033141700105;0.988280547598901;1.883153199034;0.207770542940302;-2.39186753773795;41.3300014384286;1.15910886917558;0.377461207533361
3.65465651611718;-0.26360582546109;4.65778577593439;-0.0568714824895955;0.998110174183107;1.8883422932439;0.210490463418178;-2.39489016103537;41.3543734472658;1.15099534909126;0.380279859036659
3.67786156981192;-0.256241541669233;4.64495117096653;-0.0566808235402503;1.00784495528286;1.89359257268728;0.213220449362073;-2.39766669013348;41.3787190257708;1.14286449759582;0.383324459699499
3.7009722026917;-0.248680925266002;4.63206779088141;-0.0564609541888941;1.01748673913301;1.8989069527091;0.215960187964747;-2.40019389218768;41.4030349520847;1.13471637274951;0.386628307540279
3.72412058371375;-0.241151797569834;4.61913264689512;-0.0562117595820994;1.02703389530025;1.90428703602967;0.218709282559555;-2.40246842622404;41.4273770002279;1.12660650717268;0.389893896111578
3.74717993719808;-0.23334237928104;4.60614454746119;-0.055933161128705;1.03648313783052;1.90973371497292;0.221467418366276;-2.40448687534461;41.4517228581328;1.11790986977389;0.39416123004543
3.77022203829914;-0.225426133687472;4.59310155861714;-0.0556250592549543;1.04583155473988;1.91524821786685;0.224234254696997;-2.40624572981583;41.4760868760168;1.10897807443448;0.398843533601185
3.79330172607164;-0.217535145244168;4.58000383147557;-0.055287389777307;1.05507471304126;1.92083091176453;0.227009427773347;-2.40774142656527;41.5004782615102;1.10007950182584;0.403492614426172
3.81623370223541;-0.20926486218259;4.56685338943321;-0.0549201149431551;1.06420721570651;1.9264813592003;0.229792648917759;-2.40897038639491;41.524855979055;1.09123254899636;0.408854145436444
3.83919055281518;-0.200987964507743;4.5536523222285;-0.0545231854439875;1.07322413176722;1.93219907361927;0.232583555295842;-2.40992901595992;41.5492593399641;1.08241853633152;0.414238190752458
3.86214845784451;-0.192658704959431;4.54040180450662;-0.0540965281244835;1.08212153755938;1.93798395114124;0.235381832576277;-2.41061368957104;41.5736815013746;1.07362367113449;0.419711207949691
3.88496002878537;-0.183984786792843;4.52710310866552;-0.0536400865647353;1.09089570676702;1.94383584110362;0.238187229208734;-2.41102075149615;41.5980865136702;1.06480432439702;0.425747935657187
3.90781215983694;-0.175331513977354;4.51375749930803;-0.0531538225555905;1.09954317152553;1.94975459314421;0.240999376982962;-2.41114651630976;41.6225221234236;1.05601620382955;0.431753437194683
3.93061181657787;-0.166517597697864;4.5003659934944;-0.0526377122631602;1.10806083956905;1.95574016659117;0.243817981280866;-2.41098726432756;41.6469661302082;1.04777903803136;0.437662118544768
3.95331439931004;-0.15745449404307;4.48692943172502;-0.0520917518044868;1.11644589748311;1.96179260415262;0.246642796171857;-2.41053923857386;41.6714109069625;1.04034778611401;0.44344127543056
3.9760589623837;-0.148408825279022;4.47344885657709;-0.0515159724796313;1.12469557235179;1.96791186386025;0.249473477455642;-2.40979865011693;41.6958882285643;1.03294624423181;0.449190722281192
3.99869103436859;-0.139092087212636;4.45992552174012;-0.0509104409246764;1.13280716904225;1.97409781292936;0.252309741493055;-2.40876168416421;41.7203629561528;1.0257036513114;0.455486676575084
4.02127775691018;-0.129626621986245;4.44636068952954;-0.0502752511592498;1.14077821442902;1.98035031943602;0.255151313239581;-2.40742450229024;41.7448528533988;1.01856423006707;0.462082568273207
4.04390748907574;-0.120174933118245;4.43275572508484;-0.049610529654109;1.14860641004581;1.98666921001983;0.257997890902262;-2.40578324726975;41.769377110785;1.01145259347427;0.468650675319807
4.0663568134427;-0.110339802611408;4.41911201717934;-0.0489164321407228;1.15628969088747;1.99305430711035;0.260849232289436;-2.40383404678678;41.7938863326539;1.00495451152775;0.476558005138456
4.08881734722449;-0.100458208876657;4.4054309859719;-0.0481931443646053;1.16382622745749;1.99950542673768;0.26370505851434;-2.40157301799784;41.8184244962466;0.998570817879134;0.484640085208918
4.11129340985912;-0.0905385375877795;4.39171414152076;-0.0474408849405222;1.17121440818669;2.00602235205923;0.266565116899579;-2.39899627423792;41.8429922244695;0.992222443316896;0.492991294283679
4.13357234217182;-0.080218198638323;4.37796294608128;-0.0466598978655203;1.17845292448265;2.0126048999687;0.269429199793043;-2.39609992948649;41.8675454365002;0.985976641834951;0.503815963805816
4.1558966561741;-0.0699066387040158;4.36417891986004;-0.0458504577960209;1.18554072226044;2.01925287288554;0.272297024245377;-2.39288010628499;41.8921361514949;0.979756976528564;0.514614497152395
4.17816941768144;-0.0594450943932925;4.35036370526498;-0.0450128725216936;1.19247699606731;2.02596602866558;0.275168358721535;-2.38933294641564;41.9167434637116;0.973511330014451;0.526967162830282
4.20030061935408;-0.0486853403219227;4.33651893138307;-0.0441474739892025;1.19926128037368;2.03274414739034;0.278042996256986;-2.38545461980712;41.9413516411157;0.967191852668244;0.54235548557633
4.22247786415714;-0.0379305973673308;4.32264630625324;-0.0432546228045336;1.20589342205652;2.03958698846694;0.280920644854092;-2.38124133721165;41.9659990483439;0.960896730449201;0.557719453195212
4.24452946035542;-0.0269129153615466;4.30874760687461;-0.0423347061485464;1.21237361409192;2.04649429687515;0.283801058798945;-2.37668936450252;41.9906498538414;0.954479094684047;0.57463865121625
4.26650093195454;-0.0157009758091853;4.2948246242492;-0.0413881328847474;1.21870244507315;2.05346583235429;0.286683998627611;-2.37179503772588;42.0153166970272;0.947977079475191;0.592701212243235
4.28851897352937;-0.00449029619969511;4.28087924116127;-0.0404153371766137;1.22488088944985;2.06050133277413;0.289569205416122;-2.36655478242936;42.0400244588056;0.941497739411525;0.610741098125034
4.31033003004517;0.00709697011814684;4.26691335395979;-0.0394167716110515;1.23091036990124;2.06760055547767;0.292456462761813;-2.3609651337693;42.0647223722206;0.934468028392733;0.62988661802524
4.33212893739438;0.018773435361315;4.25292888783154;-0.0383929068668551;1.23679277078565;2.07476327245387;0.29534549406513;-2.35502276001932;42.0894515493641;0.927326128138565;0.649274879039432
4.353960320428;0.0304729529671444;4.23892788265225;-0.0373442362728201;1.24253042939938;2.08198922879341;0.29823603296299;-2.34872449168326;42.1142202392239;0.920172816956777;0.668674466157841
4.37552502920431;0.0426219002194732;4.2249123277346;-0.0362712626777952;1.24812622205336;2.08927823024829;0.301127845602244;-2.34206735027012;42.1389716752216;0.912336546858699;0.688755181146798
4.39713782523718;0.054774896018003;4.21088426692057;-0.0351745058149146;1.25358352570925;2.09663009251104;0.304020609771758;-2.33504858397427;42.1637670025886;0.904521624737505;0.708814548158869
4.4187022026022;0.0670642007343711;4.19684587622383;-0.0340545079130025;1.2589061987307;2.10404460266227;0.306914057786205;-2.32766571008985;42.1885873446804;0.896464944518353;0.729155605118603
4.44006652730479;0.0796977258379493;4.18279928804778;-0.0329118211902546;1.26409863483291;2.11152161393652;0.309807938646124;-2.31991655801417;42.2134075043604;0.887751273288369;0.750256893251986
4.46147890493702;0.0923392347294169;4.16874672345784;-0.0317470213430597;1.26916567102296;2.11906097865289;0.312701879868146;-2.31179932114535;42.2382730963082;0.87905725691628;0.771338526527473
4.48275456400842;0.105230144569015;4.1546905003661;-0.030560713021287;1.27411252187305;2.12666254484856;0.315595558993457;-2.30331261475009;42.2631493746757;0.869884848026311;0.793332823237508
4.50390362181365;0.118358900498127;4.14063293602082;-0.0293535302321753;1.27894469511251;2.13432620968991;0.318488674018851;-2.29445553706885;42.2880420820073;0.860260140950004;0.816190796613078
4.52510030645568;0.131499727361008;4.12657643652224;-0.0281261569025803;1.28366777303442;2.14205187105866;0.321380876874961;-2.28522773832124;42.3129816243137;0.850653205401518;0.839030998460831
4.54606405299206;0.14500225650316;4.112523392989;-0.0268793372443363;1.28828716760124;2.14983948255488;0.324271864346849;-2.27562949182531;42.3379174812686;0.840149049395048;0.863427257837537
4.5669813067171;0.158636366299818;4.09847620662976;-0.0256139060244071;1.29280769757483;2.15768903638743;0.327161291242695;-2.26566176923459;42.3628858703505;0.829354370728685;0.888335826840165
4.58794569152271;0.172286481695419;4.08443741681547;-0.0243308392059289;1.29723297083309;2.16560048391284;0.330048808918101;-2.25532632015757;42.3879024864404;0.818575813161145;0.913228274743973
4.60857288594471;0.186410723700795;4.0704094577706;-0.0230312880226697;1.30156463755839;2.17357385927417;0.332934109009806;-2.24462574247473;42.4129019936746;0.80678589585056;0.939906226301231
4.62924010353556;0.200561516605029;4.05639483411247;-0.0217166732164491;1.30580117872319;2.18160916184209;0.335816809876051;-2.23356354827023;42.4379495249455;0.794993111453206;0.96660063545312
4.64986527514675;0.214832516214539;4.04239625615286;-0.0203888045747949;1.30993629129323;2.18970624756437;0.338696567058179;-2.22214421464791;42.4630305762361;0.782889669335218;0.993693426176869
4.67021929127403;0.229484923436648;4.02841645385037;-0.0190500106297966;1.31395677685246;2.19786489107399;0.341573057457534;-2.21037220960719;42.4881100301758;0.769630964344293;1.02225730412117
4.69061633290236;0.244161689437326;4.01445816484921;-0.0176968255732672;1.31790756336839;2.20608496151316;0.344445852422509;-2.19825243751628;42.5132386347417;0.756382471734643;1.05081096968419
4.71086940444451;0.259065821601981;4.00052411562941;-0.0163268993028907;1.32182903074314;2.21436661203879;0.347314566885924;-2.18578978793949;42.5383846098167;0.742738045495543;1.08080378238288
4.73093912989864;0.274241151087409;3.98661690925157;-0.0149388989168126;1.32575610083201;2.22271031732389;0.350178832223379;-2.17298904437505;42.5635457803935;0.72861163785733;1.11254340033731
4.75105058115545;0.289444459981056;3.97273908785246;-0.0135323774132059;1.3297178938677;2.23111680441896;0.353038219296039;-2.15985481615869;42.5887571086602;0.714493849907061;1.14427439860381
4.77090566499897;0.304986921984096;3.95889312349422;-0.0121076270650502;1.33373768705334;2.23958702445781;0.355892338563599;-2.14639149020323;42.6139720343898;0.700067528172873;1.17935990538758
4.79067047117162;0.320698697189006;3.94508155225669;-0.0106655463041209;1.33783306594375;2.24812203642097;0.358740769076326;-2.13260320474941;42.6392209441312;0.685509535866359;1.21596819740964
4.81048154085176;0.336438479179231;3.93130712884337;-0.0092075144823219;1.34201624917122;2.25672287516545;0.36158307344531;-2.11849384346636;42.6645234977369;0.670965468961395;1.25256256403014
4.8298950963615;0.352636084571945;3.91757413360957;-0.0077354000766179;1.34629418711726;2.26538968751968;0.364418850217533;-2.10406707659904;42.6898068629795;0.65761788223347;1.28803948091053
4.84930850122959;0.368905600455629;3.9038877058029;-0.00625137667233896;1.35066931393514;2.27412208386144;0.36724763005049;-2.08932640539059;42.7151362418835;0.644375994472019;1.32341747354943
4.86868391888595;0.38527426645251;3.89025217771271;-0.00475763791498895;1.35514071493321;2.2829201607618;0.370068963822488;-2.07427517546374;42.7405003905165;0.631069196122097;1.35765940704905
4.88768789998262;0.402016567783634;3.87667370124889;-0.00325659160597823;1.35970396536455;2.29178278450041;0.372882425889182;-2.05891665797699;42.7658273712166;0.617395764658823;1.3857610818254
4.90669165138272;0.418817463873551;3.86315847440686;-0.00175059578499462;1.36435234492018;2.30070868366496;0.375687498956449;-2.04325410845585;42.7911929517678;0.60368414560146;1.41390094419584
4.92554085808954;0.43579404472013;3.84971069622147;-0.000241671708665787;1.36907820176117;2.30969779847992;0.378483704764198;-2.02729077365625;42.8165601922704;0.589982554193542;1.44105963106514
4.94413624271507;0.453016405110059;3.83633386135235;0.0012683971623883;1.37387314566901;2.31875046004695;0.381270579814101;-2.01102991600441;42.8419057644039;0.57630560103457;1.46667697864997
4.96269749163063;0.470314210256691;3.82303138209219;0.00277802057801488;1.37872834768346;2.32786698155997;0.384047588065796;-1.99447485471036;42.8672776784861;0.562554703334382;1.49236827077601
4.98101117265794;0.48785959970677;3.80980584746292;0.00428589654840268;1.38363523583992;2.33704817327471;0.386814229491234;-1.9776289890921;42.8926396895208;0.548927518581078;1.52222444991621
4.9991549078427;0.505585959982634;3.79665877369741;0.00579104086717948;1.38858594183181;2.3462955502005;0.389569988720668;-1.9604957984668;42.9180053942239;0.535338307105584;1.55461888100048
5.01725056997245;0.52339165987788;3.78359264007894;0.00729254608150346;1.39357279215599;2.35560992421475;0.392314326824514;-1.94307888416217;42.9433923187457;0.52166281845788;1.58709958925695
5.03501015893525;0.54151437563646;3.77060981521234;0.0087896884197127;1.39858886953003;2.36499214660906;0.39504673851195;-1.92538199433524;42.9687662389511;0.506897572884943;1.62589782167826
5.05266997159072;0.55975524433957;3.7577124080975;0.0102819256738321;1.40362817529149;2.37444322703586;0.397766662819763;-1.90740902950902;42.9941551789462;0.491878629369856;1.66580725073286
5.07024316302329;0.578101096383809;3.74490317189496;0.011768770865855;1.40868531989479;2.38396367738541;0.400473549394171;-1.88916407175328;43.0195596538346;0.476601810312364;1.70562518598598
5.08745794891799;0.59677667138895;3.73218368194516;0.0132499803170388;1.41375623496835;2.39355486467426;0.403166872555026;-1.87065136738727;43.044958983652;0.459615609608912;1.74376386982692
5.10461555562108;0.615529052826179;3.71955553537411;0.0147253919775848;1.41883766393709;2.40321815225345;0.405846031130219;-1.85187531305794;43.0703762076811;0.44253907555744;1.78199288701588
5.12160358614522;0.63445661835804;3.70702093652315;0.016194835396287;1.42392685121111;2.41295444972782;0.408510463281773;-1.83284047262706;43.0958093733914;0.424500022900925;1.81762074140143
5.13830886082389;0.653660834973275;3.69458068008016;0.0176583481233613;1.42902227024455;2.42276578230003;0.411159618659577;-1.81355153697294;43.121262627366;0.404587821178658;1.84781591450452
5.15496182597168;0.672934179034533;3.68223616966649;0.0191159218651104;1.43412270496717;2.4326537492475;0.413792867105151;-1.79401330289983;43.1467338471938;0.384595007278789;1.87809169978521
5.17134926418081;0.69247037815133;3.66998978118184;0.0205674444035324;1.43922698529693;2.4426192015113;0.416409615681792;-1.77423068672317;43.1722330865352;0.364749749976929;1.90295341143871
5.18752603692689;0.712221051907539;3.65784360148071;0.0220128362855859;1.44433440315589;2.45266323714516;0.419009267905903;-1.75420870947964;43.1977630119229;0.345011709758992;1.92360925028515
5.20366119339421;0.732030277660562;3.64580014931977;0.0234519556191167;1.44944431306933;2.46278661258062;0.421591202593918;-1.73395248081;43.2233119590472;0.325209524651651;1.94432923402099
5.21940369077533;0.752192295023348;3.63386281552434;0.0248845378103303;1.45455584984748;2.47298934132804;0.424154835531729;-1.71346720735934;43.2488918958715;0.307777290961737;1.95983125588836
5.23502304858853;0.772481378585015;3.62203518349805;0.0263102712497378;1.45966813392814;2.48327123131675;0.426699533622312;-1.69275820221742;43.274496802633;0.290912501689946;1.97404018791177
5.25059308813105;0.792832558530293;3.61032032941332;0.0277288783879828;1.46478050889752;2.49363248914784;0.429224671610038;-1.67183086479023;43.3001209446971;0.274084773098326;1.98818695640529
5.26565355999155;0.813596519736387;3.59872164225928;0.0291400152954761;1.46989213268379;2.50407300920348;0.431729659503796;-1.65069067208395;43.3257716736854;0.25994118577752;1.99887420886313
5.28068637841714;0.834405122278266;3.58724251194824;0.0305433091714226;1.47500207029251;2.51459263448086;0.434213848279018;-1.62934318105617;43.3514423489699;0.245755763937528;2.00960329584016
5.2955488225313;0.855359499922072;3.57588579714745;0.0319384244270445;1.48010950304739;2.52519164865777;0.436676634906268;-1.60779401224559;43.3771323895982;0.232120810962634;2.02030787035431
5.30999436155799;0.876636723886398;3.56465415054486;0.0333250249732164;1.48521356779399;2.53587049950867;0.439117432090602;-1.58604882721949;43.4028499683606;0.220086005163632;2.03086572267142
5.32441572419814;0.897953634650908;3.55355028145443;0.0347027442389202;1.49031322734291;2.54662955532199;0.441535567562881;-1.56411331701977;43.4285868365644;0.208016580637535;2.04145819371562
5.33852731395157;0.919505870285861;3.54257675791604;0.0360712122931953;1.49540735760382;2.55746929244254;0.443930410206569;-1.54199319282746;43.4543479667072;0.197184009941645;2.05388630840456
5.35233327940164;0.941290859217221;3.53173581349941;0.0374300828462143;1.50049484269907;2.5683904978009;0.44630134223905;-1.51969415895948;43.4801392525369;0.187593026745736;2.06814320520817
5.36612043132138;0.963110331646216;3.52102997247572;0.0387789577270193;1.50557428888047;2.57939365002976;0.448647720166734;-1.49722190269476;43.5059496174149;0.177976517860437;2.08242562770118
5.37943857708556;0.985261341431091;3.51046144440911;0.0401174655505932;1.51064432120074;2.590479527754;0.450968942589767;-1.4745820818455;43.531796091857;0.168412316249165;2.09999362895986
5.39258263032918;1.00754999613859;3.5000321936661;0.0414452554972551;1.51570356644579;2.60164916071238;0.453264381062564;-1.45178028789805;43.5576717612076;0.158860590925053;2.11875446959574
5.40571595436899;1.02986779003806;3.4897447544371;0.0427618955236233;1.52075026782207;2.61290295807667;0.455533423928476;-1.42882203195043;43.5835670913827;0.149295143420158;2.1375290324124
5.41819521925414;1.05262252876694;3.47960187065751;0.0440669197101178;1.5257824685159;2.62424105408792;0.457775505587392;-1.40571274780384;43.6095191661878;0.139763504572854;2.1576077103323
5.43065658211315;1.07541352135012;3.46960623496984;0.0453598630772252;1.53079815333158;2.63566358125899;0.459990017761601;-1.38245777919226;43.635494441109;0.130236440814978;2.17772450814379
5.44296836234927;1.0983125207689;3.459760906861;0.0466402083720298;1.53579504823874;2.647170180864;0.462176390904186;-1.35906234681055;43.6614933662207;0.120887657061973;2.19759750882856
5.45469207044237;1.12156503079043;3.45007061499149;0.0479072165414201;1.54076995275125;2.65875839469068;0.4643340730914;-1.33553160191265;43.6875341909725;0.112233884245286;2.21651887508738
5.46642623661364;1.14483872019969;3.44053956736456;0.0491602128892981;1.54571986898316;2.67042614426849;0.466462454443861;-1.31187068691852;43.7135986356137;0.103593652146822;2.23542670062798
5.47781683108883;1.16828987263012;3.43117114476961;0.0503986277597437;1.55064218080873;2.68217215762702;0.468560966443462;-1.28808470014039;43.739669734417;0.0951540969411225;2.25270086128156
5.4887620003001;1.19196362553493;3.42196987175204;0.0516217353927726;1.55553361576577;2.69399351756116;0.470629035937371;-1.26417873960804;43.7657512087937;0.0869669271206409;2.26788340487008
5.49971144114625;1.21566208579002;3.41293927505289;0.0528289383850542;1.56039139022649;2.70588831718389;0.472666059685242;-1.24015797209793;43.7918569030635;0.0787876062701375;2.28305809948863
5.51012403342135;1.239591362535;3.40408139482433;0.054019833300021;1.56521349361841;2.71785643444579;0.474671481300597;-1.21602760304196;43.8179534998421;0.0710718057078142;2.29353141411564
5.52027194809277;1.26364760761162;3.39539811890066;0.055194031062701;1.56999796668451;2.72989787683803;0.476644715076932;-1.19179283855456;43.8440625614752;0.0635805698066965;2.30171587317468
5.5304144762743;1.28773190666938;3.38689155174463;0.0563511068177673;1.57474269117699;2.74201227008846;0.478585173288874;-1.16745893742061;43.8701953825824;0.0560880246012554;2.30990164153804
5.53982328861682;1.31211961111181;3.37856204891079;0.0574908682579618;1.57944650288765;2.75420169766873;0.480492311353592;-1.14303119042814;43.8963351201034;0.0512653908705971;2.31370796003997
5.54915142073399;1.33656374392362;3.37040978448116;0.0586131412349147;1.58410831013394;2.76646862692726;0.482365544349978;-1.11851481548851;43.9224986381718;0.046717068229629;2.3170641210967
5.55835720855158;1.36108151357629;3.36243636336215;0.0597175474975556;1.58872614911091;2.77881345157381;0.484204315975867;-1.09391502433783;43.9486877114292;0.0422815371727261;2.32053463621533
5.56685699333773;1.38590323220391;3.35464133880449;0.0608039893942655;1.59329922567671;2.79123979792171;0.486008102443846;-1.06923700135447;43.9749244043809;0.0385445532941787;2.32469088073861
5.57535921485001;1.41075153927664;3.34702465304271;0.0618723093310218;1.5978264822512;2.80375091550189;0.487776334298342;-1.04448577097012;44.001187042006;0.0348183767319085;2.32883631794561
5.58353674208766;1.43576103224569;3.33958792380798;0.0629221093184665;1.60230580791185;2.8163474408758;0.4895084884256;-1.0196662444312;44.0274995236504;0.0315337176835622;2.33412447153911
5.59118096185231;1.46102084166745;3.33233191969031;0.0639531097289214;1.60673557635702;2.82903147123818;0.49120406670836;-0.994783228197976;44.0538906598108;0.0289876510129955;2.34131109441553
5.59884789125131;1.48630608449151;3.32525785612809;0.0649649648086885;1.61111385403769;2.84180441963092;0.492862555866026;-0.969841348360518;44.0803127208788;0.0264769706929216;2.34846233094145
5.60594234116783;1.51182665727796;3.31836814389322;0.0659571555885962;1.61543792223834;2.85466551851102;0.494483490025502;-0.944845072266959;44.106801036321;0.024761546162281;2.35489894309211
5.61269059799214;1.53750853014878;3.31166537193337;0.0669291375633528;1.61970492095211;2.86761347617362;0.49606639205761;-0.919798775326813;44.1333547095946;0.0235824523482565;2.36085081414333
5.61948024461378;1.56321949548323;3.30515158150798;0.0678804464817417;1.62391232867712;2.88064785965589;0.497610811854566;-0.894706737538638;44.1599470588642;0.0224615197494157;2.36674452397937
5.62542184703431;1.58920091953327;3.29882898072016;0.0688105929681732;1.6280575000937;2.89376774575625;0.499116339664171;-0.869573132739806;44.1865992076517;0.0212809113485825;2.36986955580732
5.63125150276063;1.61526073677212;3.29269976936022;0.0697190882331905;1.63213778267003;2.90697202666532;0.500582492760739;-0.844402063698724;44.2133031204813;0.0201504796774796;2.37242215359806
5.63704666636982;1.6413771550883;3.28676559335614;0.0706055251514589;1.63615089172131;2.92026060987799;0.502008817280272;-0.819197555678463;44.240054778877;0.0191154940525299;2.37479542992938
5.64186921407727;1.6677601305508;3.28102817266801;0.0714694833489768;1.64009448011775;2.93363312798175;0.503394897736236;-0.79396354607394;44.2668748899999;0.0184165838761467;2.37584730992914
5.64675736874304;1.69418827073867;3.27548912854668;0.0723105553769654;1.64396625710388;2.94708931544617;0.504740262474599;-0.768703893026681;44.2937512857744;0.0178075595682639;2.3768093040604
5.65133973837302;1.72072307495815;3.27015005262589;0.0731283361134296;1.6477639382244;2.96062885602054;0.50604448919945;-0.743422359924561;44.3206788542943;0.0172395882253826;2.37899542165124
5.65517614666373;1.74743842435437;3.26501296795283;0.0739223516629653;1.651484904069;2.97425015273786;0.507307176990274;-0.718122648567791;44.3476682581768;0.0166594825469195;2.38397147007993
5.65908391360548;1.7742134651596;3.26007958825454;0.0746921751680438;1.65512674716008;2.98795214538179;0.508527905219582;-0.692808445926584;44.374726962;0.0161803090790804;2.38884658629799
5.66239337993671;1.80110822318084;3.25535122331133;0.075437441579612;1.65868735148856;3.00173470324367;0.509706301514983;-0.667483414740339;44.4018245740059;0.0154620499504571;2.39343006311571
5.6652207517269;1.82811903995671;3.2508292409338;0.0761577741126976;1.66216453857943;3.01559740852788;0.510841960711019;-0.64215119636126;44.4289829659711;0.014566818858439;2.3977515455586
5.66811818970073;1.85520555993748;3.24651486173119;0.0768528176763071;1.66555622896914;3.0295401610287;0.511934488552487;-0.616815440299726;44.4562240142527;0.0137774704876085;2.40196714528031
5.67011316550286;1.88241632744325;3.24240893892095;0.0775222751386066;1.66886062749203;3.04356400958584;0.51298353614238;-0.591479802849962;44.4835078152472;0.0127591724063993;2.39993223076675
5.67190849428179;1.90972722908067;3.23851225590553;0.0781658587555927;1.67207598512134;3.05767035600355;0.513988669941332;-0.566147921020253;44.5108776627746;0.0117607770819319;2.39606677065658
5.67375323799984;1.93713180184212;3.23482585318221;0.0787832363122796;1.67520031938709;3.07185978429787;0.514949466216716;-0.540823413075044;44.5383442549844;0.0108658799210256;2.39197922276629
5.67440148208863;1.96463531976806;3.23135091851496;0.0793740505992726;1.67823150431982;3.08613228772068;0.515865553191656;-0.51550990610999;44.5658554112433;0.00939879082214297;2.38117926193555
5.67512226249408;1.99224698474654;3.2280886046928;0.079937951466764;1.68116743540482;3.10048790188552;0.516736514885282;-0.490211061553419;44.5934764823174;0.00805738139185246;2.37025362143621
5.67558401375721;2.01995061092194;3.22503996165611;0.0804746082741501;1.68400610048972;3.11492704287093;0.517561970455609;-0.464930585114016;44.6211839563541;0.0066473980151398;2.35982776781215
5.67513101953346;2.0477094618538;3.22220602841765;0.0809836939899416;1.68674549896064;3.12945016405035;0.518341568061904;-0.439672234265407;44.6489465032262;0.00478491565798217;2.35114525489514
5.67474364428319;2.07559695034947;3.21958783840426;0.081464884684854;1.68938364009204;3.14405773977712;0.519074936316635;-0.414439830926604;44.6768366820384;0.0030543679897157;2.34233080728924
5.67377620690605;2.10355149041869;3.21718640569795;0.0819178625628039;1.69191856146583;3.15875035729428;0.519761740750376;-0.389237274244805;44.7048079574037;0.00173978492163565;2.3332701572767
5.6721865363296;2.13157779842599;3.21500272059377;0.0823423173440578;1.69434833954933;3.17352879376546;0.520401644829321;-0.364068548712256;44.7328793127871;0.000864549599959713;2.32395066420219
5.67065546401953;2.15975567168444;3.21303779666139;0.0827379374597083;1.69667103970831;3.18839374670581;0.520994333284927;-0.338937704929424;44.7610987515446;0.000131569976240059;2.31448891542973
5.66820423866235;2.18792079007759;3.21129301261642;0.0831043384305502;1.69888426522141;3.20334285050446;0.5215395338342;-0.313848877964114;44.7893703344478;-9.99691499026234e-09;2.29838034398253
5.66542164271352;2.21618583411436;3.2097697538712;0.0834411344492807;1.70098555384775;3.21837234150242;0.52203693884548;-0.288806202079028;44.8177720166975;0.000193844898031509;2.27958398628827
5.66268246393908;2.24462422186574;3.20846897429325;0.0837480367964821;1.70297301807396;3.23348119749697;0.522486285444604;-0.263813648898444;44.8463420184171;0.000534756781610024;2.26064057160538
5.65871736386608;2.27287898733696;3.20739161862567;0.0840247576423231;1.70484475483593;3.24866760581859;0.522887357364319;-0.238875018488448;44.8748736463136;0.00146267714105275;2.23813934755805
5.65471653358424;2.30129866937508;3.20653855184058;0.0842710258713494;1.70659893818346;3.26392942959425;0.523239903966105;-0.213993980612843;44.9035735586844;0.0025534723608065;2.21533024439706
5.65049154390908;2.32982907302638;3.20591045008105;0.0844866219965783;1.70823408855927;3.27926648848386;0.523543720332153;-0.189174100244034;44.9324150993898;0.00429422504591484;2.1928635970295
5.64522770082532;2.35821944789182;3.20550794656952;0.084671344059522;1.7097488681639;3.29467955725479;0.523798609129246;-0.164418856070351;44.9612893340811;0.00838044313275921;2.17234741555806
5.6399687942591;2.38680870042592;3.20533170211929;0.0848249865699918;1.71114192425232;3.31016925149927;0.524004345645292;-0.139731656453213;44.9903582428795;0.0126094014926607;2.15168849381355
5.63416144532207;2.41538556429489;3.205382380114;0.0849473050015725;1.71241147418499;3.3257311633336;0.524160745123066;-0.11511588355986;45.019519217662;0.0176358358014579;2.13100348334897
5.62759295188096;2.44387302231095;3.20566033375925;0.0850380642537459;1.7135554687785;3.34135469677423;0.524267602285238;-0.090574988757835;45.048754134633;0.0236990321511252;2.11033877677008
5.62099860255343;2.47256891124829;3.20616556311644;0.0850971396356923;1.71457258030195;3.3570327026489;0.524324739378874;-0.0661125398348586;45.0781979707445;0.0298968278953633;2.08953947079661
5.61360678877331;2.50098492501161;3.20689759183495;0.0851244622133705;1.71546158654345;3.37275442900852;0.524332028726222;-0.0417322669313055;45.1075596592034;0.0370540766560738;2.06721582440175
5.60576021491782;2.52934191427581;3.20785513164085;0.0851200542692512;1.71622141605655;3.38850330715896;0.524289277904636;-0.0174381232186758;45.1369822281157;0.0447528715631006;2.0440548071414
5.59784141348888;2.55789187379803;3.20903681833432;0.0850840531593249;1.71685205253967;3.4042710807082;0.524196335804276;0.00676569700965943;45.166610046206;0.052547742353171;2.02079771399801
5.5889569268329;2.58588925016465;3.21044098933739;0.085016649353089;1.7173538030568;3.42004996146356;0.524053106815772;0.0308747140579946;45.1959832854988;0.0642747996018946;1.99647532205001
5.57986078722898;2.61396371085113;3.21206556224036;0.0849180881830334;1.7177272025199;3.43583117233533;0.523859437880208;0.0548841360750911;45.2254945562022;0.0765331222133589;1.97197424064114
5.57054234625734;2.64209732982442;3.21390845960265;0.0847886451067764;1.7179731224342;3.45160904091941;0.523615214820395;0.0787888324418162;45.2551312540391;0.0892076290722102;1.9468717156265
5.56033339466997;2.66964415692057;3.21596669184325;0.0846286774142607;1.71809249947525;3.46737265232396;0.523320356324039;0.102583320505398;45.2845089730721;0.104469064804446;1.9178819923698
5.54998460694178;2.69732465411126;3.21823687451571;0.0844386112248267;1.71808660162753;3.48311142233091;0.522974766978394;0.126261814127763;45.3140607468288;0.119744824905684;1.8888779447441
5.53923858683776;2.72479396644121;3.22071551056316;0.0842189130878169;1.71795699765772;3.49881675332807;0.522578393023721;0.149818236938918;45.3435571884439;0.135965929515399;1.85672205578664
5.52789126521555;2.75176349953295;3.22339764942129;0.0839702033777875;1.71770555126014;3.51447356151252;0.522131174600053;0.173246309185369;45.3728166727727;0.153843837573966;1.81897062171146
5.51637150825826;2.77881819605956;3.2262783078226;0.0836931503136115;1.71733453317621;3.53006983482586;0.521633087178955;0.19653971884363;45.4022217982528;0.171682065004649;1.78125886826417
5.50437327891173;2.80538987786418;3.22935360331174;0.0833883400191674;1.7168463360739;3.5456015010684;0.521084154375865;0.219692174971224;45.4313767597753;0.191550580156777;1.74155479371857
5.49198686734512;2.83162843840119;3.23261982209823;0.0830563354330522;1.71624332297608;3.56106600696717;0.520484342143375;0.242697409503493;45.4603920187014;0.21276975495721;1.70052607093912
5.47941073607346;2.85790326144884;3.23607283206167;0.0826977341275989;1.71552788428665;3.5764593411963;0.519833666074294;0.265549307546748;45.4895214780845;0.233903382873594;1.65958289504373
5.46626213939593;2.88355667682994;3.23971062308453;0.0823129087106017;1.7147019650323;3.5917870568729;0.519132194767718;0.288241941295959;45.518348259301;0.25886800821407;1.62751065128666
5.45284344746335;2.9090846327589;3.24353216410415;0.0819020953468197;1.71376702968077;3.60705772683627;0.518379925869307;0.310769401799947;45.5471881245415;0.284544181075454;1.59737269397334
5.4392051368393;2.9345755743794;3.2475343124977;0.0814657270580431;1.71272474971611;3.62227061988075;0.517576892347056;0.333125937371492;45.5760981854439;0.310270946532374;1.56803729215392
5.42493808938855;2.9594460285322;3.25171735139722;0.0810038628491755;1.71157587591794;3.6374375143823;0.516723167551118;0.355305948598052;45.6047702647673;0.338280004671787;1.54935243522374
5.41048534215813;2.98430375078392;3.25608196140678;0.0805164838185414;1.7103207314136;3.65257001279665;0.515818804700923;0.377303709010805;45.6335241907262;0.366174307593156;1.5307823335116
5.39568879534367;3.00899810585711;3.26062664633301;0.0800037919144206;1.70895998664287;3.66767104211011;0.51486389008681;0.399113504285216;45.6623121911797;0.393967494854784;1.51333025991923
5.38033238200373;3.03332474476315;3.26535436854335;0.0794654883363609;1.70749295232926;3.68275743054762;0.513858517534865;0.420729465347391;45.6910803122712;0.421680730953602;1.49837631589996
5.36480362640596;3.05763347932135;3.27026703914832;0.078901362000834;1.70591893446095;3.6978409026058;0.512802830699171;0.442145213526303;45.7199257075057;0.449290666375918;1.48352567255719
5.34874021520234;3.08172101028159;3.2753642344889;0.078311461730473;1.70423780719738;3.71292505743418;0.511697017390008;0.463353939899398;45.7488781223835;0.475242022607215;1.46804023017787
5.33218820930451;3.10561487425303;3.28064736594013;0.0776956386930561;1.70244888041498;3.72801843773173;0.51054121327162;0.48434828633244;45.7779450388819;0.499723736820093;1.45199273975653
5.3154763603415;3.12949490879399;3.28611623616778;0.0770539349705876;1.70055195741899;3.74312438260893;0.509335622260053;0.505120125241667;45.8070919417267;0.524123334298309;1.43602736606986
5.29806245519637;3.15302263962869;3.29176773870816;0.07638675446101;1.69854793034298;3.75823824086854;0.508080494461188;0.525660650435824;45.8363630573637;0.54581867893475;1.41897095040188
5.28032472302764;3.17643329086581;3.29759812990505;0.0756946146541201;1.69643817949958;3.77335425775062;0.506775980717096;0.54596052590823;45.8657345696474;0.566634558478334;1.40162627045185
5.26243245229118;3.19982836645777;3.30360468311717;0.0749779458392859;1.69422399426708;3.78846987551452;0.505422264749779;0.566009745937524;45.89518729302;0.587380465319736;1.384351563204
5.24373520730857;3.2226600954149;3.30978135972774;0.074237595794904;1.69190807355825;3.80357479282542;0.504019573961211;0.585797713626336;45.9246978812403;0.605209135991915;1.36445152045252
5.22488413546456;3.24547130370312;3.31612163487985;0.0734745052222389;1.68949361691242;3.8186585389624;0.502568096466661;0.605313519036883;45.9542903487488;0.622968992875693;1.34461572959862
5.20574855798934;3.2681090636927;3.32262152220143;0.0726893335074829;1.6869831386009;3.83371749508519;0.501068050055155;0.624545790622536;45.9839321857812;0.640447172016397;1.32210748527179
5.18602702864125;3.29022685760454;3.32927404928142;0.0718831055615869;1.68438041439656;3.84874172261301;0.499519660250022;0.643482769359766;46.0135655373863;0.657151336123877;1.29068252890756
5.16615431976662;3.31231264874232;3.33607268891392;0.0710568059244648;1.68168923326351;3.86372314285103;0.497923178523909;0.662112515589987;46.0432759182017;0.673786747310143;1.25932632546455
5.14590888853;3.33403457269214;3.34301268931172;0.070211206576242;1.67891279682576;3.87865821716213;0.496278890196371;0.680422802510527;46.072969679601;0.689951167891871;1.22188387256035
5.12526190214123;3.35534271259911;3.35008813355737;0.0693472137373211;1.67605477943378;3.89354134669337;0.49458703777775;0.698401133027798;46.1026401172997;0.705586970239106;1.17751920518634
5.10446781345337;3.37660589908331;3.35729376725389;0.0684656475814557;1.67311860626451;3.9083688139618;0.492847934053694;0.716034783091834;46.1323809515823;0.721149589815058;1.1332277205836
5.08322179217109;3.39732492682262;3.36462522060226;0.0675672102880792;1.67010731419657;3.92313906930886;0.491061932813065;0.733310709588374;46.1620570620213;0.737444340947465;1.10010417358549
5.06170310342395;3.41778137106089;3.37207803820557;0.0666526017371266;1.66702390615105;3.93785064132478;0.489229285503207;0.750215481521428;46.1917474657954;0.754004549366322;1.07175272663941
5.04004384559982;3.43818242405646;3.379647677292;0.0657225211497041;1.66387134948762;3.95250213248941;0.487350284452224;0.766735240900297;46.2215019009744;0.770489655657324;1.04347638182119
5.01786249493405;3.45786474966438;3.38732945411807;0.0647776750892131;1.66065260026256;3.9670921173256;0.48542526747415;0.782855667149982;46.2511566857265;0.786339968807944;1.02838484284066
4.99551931394146;3.47743995753923;3.39511859175224;0.0638187729472462;1.6573705888616;3.98161923930254;0.483454518041185;0.798561944838078;46.280862013535;0.802075085349468;1.01425095610203
4.97297898196824;3.49682859591;3.40301020989653;0.0628465291541328;1.65402822940497;3.99608219317441;0.481438347594567;0.813838733091456;46.310593913295;0.817690814118075;0.999898399639824
4.95000043754584;3.51556150103306;3.41099903027497;0.0618617003646248;1.65062855031601;4.01047919659332;0.47937707805089;0.8286701829337;46.3402407552536;0.833022016983383;0.984198713188421
4.92689334026239;3.53422254628824;3.4190797306267;0.0608650429154137;1.6471745550468;4.02480865381902;0.477271043348487;0.843039977605904;46.369942145034;0.848273907385495;0.968578339200214
4.90352464608833;3.5525213387652;3.42724710470874;0.0598572929407296;1.64366915535893;4.03906942682827;0.475120610482262;0.856931377785068;46.3996228066424;0.862888189070967;0.948809242562622
4.87983472674031;3.57032152451964;3.43549571368939;0.0588392091002929;1.64011531962926;4.05326021110635;0.472926105919357;0.870327337106294;46.4292548651535;0.876605055855635;0.922939866544341
4.85602448162006;3.58804193578576;3.443820116761;0.0578115444846826;1.63651597866968;4.06737993766861;0.470687912017094;0.883210672461496;46.4589355111729;0.890241402431951;0.897151010734417
4.83190351821019;3.60522759179823;3.45221478770969;0.0567750569190928;1.63287406303752;4.08142761900508;0.468406443033631;0.895564299297886;46.4885525273697;0.90315062984063;0.868602491593608
4.80755977170819;3.62207440746307;3.4606740392735;0.0557305186746363;1.62919253959678;4.09540221517601;0.466081989754571;0.907371556422229;46.5181571417363;0.915615149373327;0.838543605655196
4.78310435778491;3.63883454792521;3.46919223824534;0.0546786904786646;1.62547432346135;4.10930297808462;0.463714861297014;0.918616587789334;46.5478045628463;0.927998242942565;0.808566145680248
4.75830644392764;3.65489012406635;3.47776344323711;0.0536203669410518;1.62172244117483;4.12312883896213;0.461305404019275;0.929284822789973;46.5773463647022;0.938847946002148;0.783824291190499
4.73336920025542;3.67076582443403;3.48638160900973;0.05255635265847;1.6179399526049;4.1368787281265;0.458853870324756;0.939363521960684;46.6069082317632;0.949406795167681;0.759900689986147
4.70830366143671;3.68647161574475;3.4950409194197;0.0514874222445437;1.6141298143077;4.15055207234971;0.456360511978257;0.948842313303089;46.6364878382002;0.959802644850431;0.736379040491939
4.6829329909614;3.70146029298672;3.50373518754785;0.0504143957803174;1.61029515343947;4.16414780260021;0.453825608241745;0.957713772604803;46.6659553010335;0.969464566344966;0.715526611939766
4.65746501632211;3.71635048642606;3.51245828639427;0.0493380875936079;1.60643909436617;4.1776649991069;0.451249431941571;0.965973941099359;46.6954567517248;0.979040601449562;0.694760069777534
4.63183590028639;3.73090317802377;3.52120435794722;0.048259281961316;1.60256467881501;4.19110315958471;0.448632263726583;0.973622686019574;46.7249293223882;0.988469642257857;0.673886055732469
4.60598849227396;3.74490123550707;3.52996728055944;0.047178800402399;1.59867511514949;4.20446132318817;0.445974372110062;0.980663912301292;46.7543237795913;0.997693804887297;0.652732740440534
4.58005285244204;3.75879560715676;3.5387412248024;0.0460974344463951;1.59477354543929;4.21773887379899;0.443276066251484;0.987108196882378;46.7837467464205;1.0068306439963;0.631666748669039
4.55394104659399;3.77219004298118;3.54752058100982;0.045013969415781;1.59084236512894;4.23093527703282;0.44053766397993;0.992975674965604;46.8130935914928;1.01561753742963;0.611734044886581
4.5276811408744;3.78519028804647;3.55629970069972;0.0439207480455719;1.58679357256393;4.2440493042506;0.437759418813038;0.998274548775739;46.8423952812079;1.0241241329236;0.592650944887605
4.50134215935916;3.79808236276905;3.56507325224217;0.042814038589682;1.58256721115197;4.2570795770441;0.434941614954661;1.00301295750373;46.8717201433204;1.03254186285608;0.573656710450125
4.47482636074573;3.81032114692237;3.57383608588704;0.0416925223174019;1.57812229553973;4.27002448010944;0.43208454801131;1.00719897248863;46.900924174098;1.04199288053315;0.559184430629251
4.44821439803098;3.82232368443305;3.58258315668547;0.0405563288964091;1.57343071818347;4.28288213360222;0.429188451136874;1.01084059927458;46.9301176231273;1.0516091062669;0.545818431359708
4.42152774263089;3.83418314960697;3.59130966740309;0.0394064056595911;1.56847307781525;4.29565066728053;0.426253557570279;1.01394577184204;46.959320782043;1.06112904212773;0.53284806232127
4.3946790305256;3.84531140128514;3.6000108384526;0.0382441653330109;1.56323603974615;4.30832793037244;0.423280114381862;1.01652236162795;46.9883843559306;1.07043609094541;0.525978551940953
4.36776618934516;3.85632459524317;3.60868206084269;0.0370712313495721;1.55771038227493;4.32091175257598;0.420268387617187;1.01857817715681;47.0174634113067;1.07964992497629;0.519202256347426
4.34077301485328;3.86704361938186;3.61731894643066;0.0358892935401447;1.55188972353545;4.33340004328823;0.417218625022291;1.02012096079706;47.0465069811223;1.08920831627503;0.512883269375494
4.31367273804848;3.87719201083357;3.62591702392258;0.0347000661838502;1.54576984537085;4.34579037345742;0.41413105910887;1.02115840343419;47.0754451022077;1.09977821101922;0.507584117592553
4.28651743099215;3.88722374893525;3.63447207946545;0.0335051967411184;1.53934787909942;4.35808048579867;0.411006035090617;1.02169813859034;47.1043941345;1.11025450659269;0.502378564980334
4.25928855637341;3.89682099199149;3.64298114425359;0.0323061277249247;1.53262133313169;4.37026971921489;0.407843893136573;1.02174768008867;47.1332648582056;1.1204472271981;0.495725126181005
4.23199055420088;3.90600470783473;3.65144218228585;0.0311041546613199;1.52558818565553;4.38235855595016;0.404644878741433;1.02131438024533;47.1620662741309;1.1303678097233;0.487730703667625
4.20464634816117;3.91507110308504;3.65985243253628;0.0299006398532544;1.51824786771851;4.39434626183412;0.401409330478046;1.02040548305071;47.1908743481168;1.14019474823534;0.479829925167408
4.17719534915245;3.92358872487447;3.66820817820191;0.0286970044134907;1.51060104004573;4.40623058452374;0.398137590454642;1.0190281875813;47.219616429244;1.14976500798814;0.46963677691144
4.14968314996745;3.93184791146388;3.67650574661973;0.0274945769247681;1.50264854452207;4.41800919481936;0.394829871497486;1.01718965313178;47.2483415970784;1.15918917260868;0.458750639935288
4.12213380074592;3.93999263476014;3.68474188958591;0.0262945615262781;1.49439109583522;4.42968023062795;0.391486418183595;1.01489698310578;47.2770696871664;1.16852386008733;0.447953980101036
4.09455813626937;3.94743522451496;3.69290367360614;0.0250993236884503;1.48583785170411;4.44122801529384;0.388107470966151;1.01215775971555;47.3056320647562;1.17632499447116;0.436411116251983
4.06695016421387;3.95475386676542;3.70097839328288;0.0239108385751934;1.47699591316929;4.45263715445328;0.384693186267673;1.00898002157093;47.3341936236318;1.18401459062912;0.42494975579187
4.0393858885951;3.96181890321781;3.70896177525034;0.0227297958357931;1.46786360579183;4.46390406852287;0.38124371455758;1.00537180243569;47.3626489224435;1.19135882362227;0.414011890307161
4.01205056028879;3.96827801737921;3.71684389472532;0.0215577307887011;1.45844627764167;4.47501707500228;0.377759185182396;1.00134143802103;47.3907370040683;1.19771005460127;0.404692293730923
3.98468770859709;3.97461195911349;3.72461689001101;0.0203957917293527;1.44874704511886;4.48596729459777;0.374239755941303;0.996897453298702;47.4188233792456;1.20395426962075;0.395479713114197
3.95746465160282;3.98058228392185;3.73228191035468;0.019243971621627;1.43876000103045;4.49675838721792;0.370685599833085;0.992048088606671;47.4466934278718;1.20950755375477;0.38776235128724
3.9304134529201;3.98613842433933;3.73984351442065;0.0181021390660264;1.42847813001526;4.50739861766121;0.367096819228372;0.986801134992508;47.4743093299304;1.21424912318943;0.381814630621517
3.90333889463582;3.99156082180946;3.74730345097126;0.0169708247409225;1.41790039758082;4.51789212747439;0.36347359426951;0.981164098077206;47.5019215391976;1.2188701905888;0.375987411991084
3.8763401756574;3.99656075064491;3.75466814774994;0.015850037346128;1.4070210903923;4.528249488602;0.359816129549236;0.975143968768296;47.5293793270698;1.22262724450743;0.371374197119481
3.8493646399408;4.00129523720203;3.76194738088236;0.0147395870753792;1.39583209805887;4.53848582285747;0.356124491290115;0.968747069183437;47.5567671873396;1.22592709753796;0.367374643183346
3.82237104648792;4.00589397042345;3.76914285192445;0.0136405769129698;1.38433823954566;4.54860478687727;0.352398783883239;0.961979487800158;47.5841497079456;1.22910289261599;0.363499147199725
3.79529347758099;4.01003693423819;3.77626252076272;0.012553147357572;1.37253474972538;4.55861875023924;0.348639142580608;0.954846770372714;47.6115423873889;1.23137273176828;0.359998062676989
3.76819693459228;4.01402049879002;3.78331478280063;0.0114775508795552;1.36041738692022;4.56854059727804;0.344845615707083;0.947353915069197;47.6389301844612;1.2334584966155;0.356638398897526
3.74104329400862;4.01781986154199;3.79029832795994;0.0104153642089993;1.34799733832974;4.57836951805357;0.341018252664163;0.93950588006176;47.666348341844;1.2353402498064;0.353401400019501
3.7136411942349;4.02121594118633;3.79721193410238;0.00936775751658027;1.33528314059347;4.58810482252152;0.337157100462029;0.931307583529508;47.6939600862467;1.23666296896904;0.350297554440951
3.68623589226378;4.02449443199104;3.80405420827606;0.00833565766409186;1.32228182043206;4.59774556830082;0.333262221504196;0.922763916403634;47.721560794174;1.23788424152549;0.347295155468583
3.65878207370426;4.02749680680622;3.81081924636808;0.00732033938944613;1.30900656365892;4.60728445817213;0.329333673022539;0.91387997149009;47.7491782960166;1.23910680526417;0.34431073442909
3.63125743448678;4.03014304504146;3.81749579343519;0.00632333259939954;1.29547725732912;4.6167066752124;0.325371459161818;0.90466130813646;47.7768298482488;1.24038989509948;0.341295285600264
3.60373782733189;4.03268678235196;3.8240767149743;0.0053451462460334;1.28170290317618;4.62600321446522;0.321375676718777;0.895113739690016;47.8044667687984;1.24158787868993;0.338364943016306
3.5763113352748;4.03486377360508;3.83055775961997;0.00438583058465882;1.26768633313373;4.63516909525151;0.317346432260671;0.885243187579896;47.8319795250666;1.24259719533355;0.33559964273222
3.54894256863131;4.0367840615241;3.83693324683481;0.00344567632467184;1.25343369169584;4.6441972594387;0.313283723753099;0.875055751891885;47.8594155760448;1.24345964827915;0.33296732268193
3.52158229083344;4.03860585599376;3.8432005677057;0.00252459591987523;1.23894508600726;4.65308492884631;0.309187622546698;0.864557558702812;47.8868364392017;1.24423864773368;0.330418456122715
3.49433070009458;4.04000046254773;3.84936008003939;0.00162232613758967;1.22421583817979;4.66183344358033;0.305058238261693;0.853754616204386;47.9141236912663;1.24539394915163;0.328281906171874
3.46710426872876;4.04124442758519;3.85541231472232;0.000738857300446873;1.20924299124849;4.67044430513232;0.300895657590036;0.842652811047265;47.9413785259554;1.24653535578461;0.326282800634759
3.43989777418371;4.04235673449433;3.8613566255376;-0.000125511529770949;1.19402774421325;4.67891727484576;0.296700042266801;0.831257970768301;47.968607748715;1.24754810267124;0.324406882245496
3.41278158971627;4.04305324607339;3.86719256681108;-0.000970468720396794;1.17857151511963;4.68725234492209;0.292471527681522;0.819575857493943;47.9957328770733;1.24806558002047;0.322976586763022
3.38567794849978;4.04365452810741;3.87291968453796;-0.00179567928810194;1.1628763290133;4.69544944637982;0.288210254971623;0.807612171866622;48.0228431870545;1.24849946381012;0.321629884840123
3.35862483504502;4.04405211467924;3.87853714379356;-0.0026007677662818;1.14694558147254;4.70350792288435;0.28391641816772;0.795372574940712;48.0498992219206;1.24854476639373;0.320566131922992
3.33165850720438;4.04413621608045;3.8840440191716;-0.00338538834746346;1.13078307831779;4.71142695077636;0.279590074016756;0.782862695403862;48.0768656809068;1.24789535377814;0.319986484721057
3.30470691260381;4.04412934191879;3.88943951984148;-0.00414925431739016;1.11439239231145;4.71920586410947;0.275231256398809;0.770088125610111;48.103817276384;1.24716498915258;0.319487789529094
3.27783514777939;4.04385906706728;3.89472310201465;-0.00489213658020091;1.09777659646788;4.72684431802353;0.270840042033699;0.75705441212163;48.1306904003795;1.24552526411122;0.319457309852588
3.2510273136521;4.04336778055977;3.89989430512554;-0.00561382998982749;1.08093878642787;4.73434205487639;0.266416395813467;0.743767054291229;48.1575027358434;1.24317601455986;0.319801867466612
3.22423577873686;4.04278947773887;3.90495264348897;-0.00631414284603265;1.06388237491071;4.74169875051644;0.261960368010228;0.730231508047621;48.1843005114463;1.24074824190112;0.320224948188018
3.19755363415489;4.04189899350437;3.90989769111395;-0.00699291255510178;1.04661077692875;4.74891413984834;0.257472081244378;0.71645318540545;48.210997511309;1.23686582247917;0.321079578136425
3.17091036371139;4.04086704164705;3.91472907189036;-0.00765000283329022;1.02912742933679;4.75598800485272;0.252951530438331;0.702437454375112;48.2376607591337;1.23256770759296;0.32209969258772
3.14428886659221;4.03974198455552;3.91944638001597;-0.00828529593549005;1.01143603637866;4.76292006075892;0.248398770555831;0.688189642668798;48.2643060187932;1.22812403355587;0.323205002062723
3.11779739581802;4.0382881216577;3.92404953469332;-0.00889872767189251;0.993539324245731;4.76971047730042;0.243813907554291;0.673715023970749;48.2908373538728;1.2218610864601;0.324611429573544
3.09132256585466;4.03675042908587;3.92853844661052;-0.00949023165188274;0.975440309357205;4.77635939119797;0.23919700261824;0.659018820611486;48.3173568018315;1.21552011281217;0.32609588363654
3.06489359181804;4.03506921731494;3.93291269636415;-0.0100597247464771;0.957143405862989;4.78286643461835;0.2345481604148;0.64410622187476;48.3438391948814;1.20887844013013;0.327558969902594
3.03855683040898;4.03314101723315;3.93717181367999;-0.0106071662559691;0.938653203074267;4.78923115007038;0.22986746827733;0.628982388313551;48.3702464468602;1.20156097881984;0.328840114626571
3.01223711650632;4.03113365158015;3.94131539732881;-0.0111325662932332;0.919973997169393;4.79545316920428;0.225155070599385;0.613652450051387;48.3966425991704;1.19416908306098;0.330195693799119
2.98600148394809;4.02894241963483;3.94534256452404;-0.0116359373136574;0.901112106736792;4.80153138993179;0.220411169739592;0.59812153221005;48.4229695798778;1.18725705301116;0.331607616515317
2.95984645492689;4.02657130145384;3.94925197418183;-0.0121173475624763;0.882075624409186;4.8074640086678;0.215635870883231;0.582394778908812;48.4492318673739;1.18080799747141;0.333076439446671
2.93370782619178;4.02412593482518;3.95304297773669;-0.0125770253687663;0.862869247924751;4.81325025369556;0.210829392880771;0.566477319840215;48.4754846335158;1.17428828541965;0.334615918890036
2.9077271274954;4.02147344369123;3.95671507439665;-0.0130152246153069;0.843497212414823;4.81888955811498;0.205992025172996;0.550374264245983;48.5016003838203;1.16910114292992;0.336189109149784
2.88180894370269;4.01869852291631;3.96026769445756;-0.0134322014866399;0.823964387911345;4.82438122938445;0.201123880724196;0.534090705775614;48.5276666922743;1.16432681915362;0.337823335892411
2.85590440361281;4.01584941949131;3.96370075604975;-0.0138282574872336;0.8042734210991;4.82972530584462;0.196225132973661;0.5176316992228;48.5537274402988;1.15948060960647;0.339529448405881
2.83019240998712;4.01279226285783;3.96701490364706;-0.0142036894864127;0.784423615610314;4.83492293258806;0.191296038302735;0.501002225175808;48.5796205440697;1.15743503290036;0.342710686849615
2.80449438305064;4.00965138456882;3.97021073856529;-0.0145586818902926;0.764415271497904;4.83997517333636;0.186336797106731;0.484207193928716;48.6055098025537;1.15537710148558;0.346003855688538
2.77883778548252;4.00641108817348;3.97328844811102;-0.0148933382567893;0.744251567235355;4.84488243332134;0.18134766625795;0.467251468392684;48.6313702070266;1.15401696075793;0.349607171552604
2.75330531550382;4.00301173728876;3.97624878733514;-0.0152077902567277;0.723932319522008;4.8496460173288;0.176328914393053;0.450139836038406;48.6571279749744;1.15545702765905;0.354156784362229
2.72777968488516;3.99952980314747;3.97909226043373;-0.0155020946360199;0.703459261289992;4.85426683293559;0.17128085002703;0.432877023420186;48.6828899951561;1.15681525382661;0.35878823790541
2.7023126132883;3.99593610086059;3.98181907379988;-0.0157762924084607;0.682836116781269;4.85874531584416;0.166203839482895;0.415467713165612;48.7086093736837;1.15824448553508;0.364812627817172
2.67691415065777;3.99222149128654;3.98442976649304;-0.0160304651058035;0.662064022430546;4.86308245883458;0.161098170421349;0.397916527310804;48.7342780360619;1.15977872449219;0.372544929310603
2.65151994222907;3.98842390132279;3.98692448676663;-0.0162646657455919;0.641146922042928;4.86727862735104;0.155964208640957;0.380228049398695;48.7599546306813;1.16123037009651;0.380359824156834
2.62618197084954;3.98451307248179;3.98930332553824;-0.0164789918204057;0.620088815064013;4.87133411073847;0.150802383000574;0.362406828531187;48.7855926371532;1.16229322271664;0.388790642993181
2.60087079768208;3.98050501315692;3.99156646653421;-0.016673578208743;0.59889251898391;4.8752493780726;0.145612991971713;0.344457375012803;48.8112191864072;1.16313011982591;0.397553564842078
2.57556204946193;3.97641637917043;3.99371371852102;-0.0168485770220987;0.577563780705301;4.87902427787028;0.140396392271448;0.326384182174635;48.8368560673475;1.16388664776551;0.406396855860653
2.55030904777607;3.9722197440787;3.99574486502633;-0.0170042188141812;0.556108034358946;4.88265863467405;0.135153034901143;0.308191728617893;48.8624554001559;1.16006720968806;0.415885316572759
2.52506168024661;3.96794152219267;3.9976596818506;-0.017140794570977;0.534530323324094;4.88615227820304;0.129883362489435;0.289884479414316;48.8880626793881;1.15575794997676;0.425504375604307
2.49982394596577;3.96358456031546;3.99945781497419;-0.0172586477031411;0.512836678159731;4.8895048195159;0.124587864376514;0.271466894595469;48.9136737384921;1.1509879400253;0.434844184141164
2.47463526842406;3.95913790465911;4.00113890571717;-0.0173581853276886;0.491032821969233;4.89271587223817;0.119267056440707;0.252943430314186;48.9392518975898;1.14398033381575;0.442261789149848
2.44944547196307;3.95461732107635;4.00270260343384;-0.0174398625594879;0.469124120817495;4.89578507364516;0.113921541230353;0.234318539233055;48.9648441136266;1.13689880445605;0.449753317308677
2.42427750533485;3.95002432445812;4.00414855853893;-0.0175041695626743;0.447115755148044;4.89871206932868;0.108551945765599;0.215596671358376;48.9904277443724;1.12879764032808;0.45694482136231
2.39914327971425;3.94535917674632;4.00547642402538;-0.0175516238336348;0.425012767000659;4.90149651397913;0.103158832951176;0.196782274804629;49.0159912515793;1.11911620282321;0.46361557608855
2.37400572335412;3.94062512896079;4.00668586527237;-0.0175827631875061;0.402819960773233;4.90413809002968;0.0977429038363658;0.177879795904631;49.0415706954395;1.10936579783558;0.470355298297561
2.34890218924609;3.93583200453103;4.00777658764327;-0.0175981324321223;0.380541425710754;4.90663656948183;0.0923048987307777;0.158893677222644;49.067127719259;1.09907539648863;0.475930248446955
2.32381599270701;3.93097687912493;4.00874830758749;-0.0175982697857588;0.358180981306145;4.90899175818148;0.0868454402063089;0.139828357395379;49.0926794217366;1.08842884891847;0.480818918672049
2.29872381009263;3.92605692358074;4.00960070719344;-0.0175837140425312;0.335743119731406;4.91120338969405;0.081365243398714;0.120688274554095;49.1182493961385;1.07771734220955;0.485772548035905
2.27366694526145;3.92109913360605;4.01033353224167;-0.0175549906403124;0.313230558705471;4.91327137620253;0.075865069742096;0.101477861279258;49.1437920302352;1.06817006246658;0.49059118443779
2.24860880433447;3.91608199811133;4.01094650413884;-0.0175125930328919;0.29064613379296;4.91519560712115;0.0703456069624886;0.0822015463234144;49.1693475007903;1.05876663986951;0.49544007727591
2.22354480684817;3.91100776113728;4.01143925780033;-0.0174570255773339;0.267995080018208;4.91697574659197;0.0648075606171546;0.0628637633808176;49.1949199830879;1.04944129832797;0.500334224966222
2.19849768656531;3.90591273970517;4.01181144130809;-0.0173888190566545;0.245281805926499;4.91861151840784;0.0592516586865101;0.0434689501924124;49.2204800589457;1.04146239927469;0.505127864471018
2.17344057064322;3.90076035731517;4.01206269029443;-0.0173085212319416;0.222510899237677;4.92010262453631;0.0536786723774717;0.0240215504285367;49.2460614213532;1.03342592477864;0.509979079418579
2.14838402103298;3.89556954547786;4.01219261864193;-0.0172167345453831;0.199689188457086;4.92144861901269;0.0480893556715798;0.00452602012407198;49.2716499970444;1.0261963334636;0.515207990612671
2.12333819916409;3.89035993652809;4.0122008726184;-0.017114163991278;0.176825322587334;4.92264898305343;0.0424844430741703;-0.0150131682738182;49.2972318894392;1.02070510780442;0.521160632608338
2.09828053025849;3.88510206664246;4.01208716562806;-0.0170015803117915;0.153925604682069;4.92370338575783;0.0368648147850785;-0.034591531263056;49.3228352479438;1.01516535117985;0.527161805569394
2.07325262308475;3.8798317780539;4.01185126278678;-0.016879785084061;0.130996154373953;4.92461156040187;0.0312313503367984;-0.0542045753929157;49.3484120358442;1.01083293948974;0.533198594386756
2.04824171276633;3.87454189576113;4.01149301238114;-0.0167496303911939;0.108044474765017;4.92537325663506;0.0255848430862512;-0.0738477964803224;49.3739762391298;1.0074408226298;0.539273347405574
2.02321385469737;3.86920737378463;4.01101227590446;-0.0166119556831056;0.085074413693971;4.92598842466108;0.0199261839060247;-0.0935166861253696;49.3995662919676;1.0040036878117;0.545393118382555
1.99824639820441;3.8639034435993;4.01040879611429;-0.0164674657951975;0.0620849097427722;4.92645714753086;0.0142562714638718;-0.113206736754183;49.4250908989016;1.00200901836226;0.551074981604945
1.97327499386607;3.85856739630663;4.00968223486322;-0.0163167237025171;0.0390755355521941;4.92677941135424;0.00857594209315559;-0.132913437892586;49.4506260596675;1.00034744633305;0.556683870815718
1.94827972503469;3.85318459449067;4.00883229826635;-0.0161602525850049;0.0160497262921235;4.92695507355219;0.0028860566268527;-0.152632270133263;49.4761943607323;0.998690717888398;0.562307253918124
1.92329533445023;3.84788420102705;4.00785825823499;-0.0159984045346083;-0.00699755276739856;4.92698394351944;-0.00281251747584038;-0.172358705119073;49.5017347981551;0.998857387136468;0.566752945305737
1.89828244561057;3.84252893207264;4.00675928595825;-0.0158313945667296;-0.0300677864091268;4.92686557524627;-0.00851886380070022;-0.19208819544124;49.5273145462711;0.998968447322612;0.571254245755277
1.87323369789815;3.83715846826474;4.00553496435086;-0.0156595653664558;-0.0531516238914128;4.92659945784262;-0.0142320947550337;-0.211816167538775;49.5529325407959;0.999135039962871;0.575264131905797
1.84813828303579;3.83184221730381;4.0041848282812;-0.0154834032031288;-0.0762417417378626;4.92618510441813;-0.0199513636199376;-0.231538020815035;49.5785848773638;0.999554589171477;0.577804990371854
1.82301782066374;3.82648813468358;4.00270846852619;-0.0153035074143495;-0.0993306018497164;4.92562206590344;-0.0256756721214629;-0.251249126723598;49.6042695776831;0.999935392702485;0.580384594515508
1.79787425166968;3.82115421863302;4.001105817488;-0.0151206493941507;-0.122407077801099;4.92491008392134;-0.0314040510041517;-0.270944831643764;49.6299726849309;0.999352304511151;0.582138187423134
1.77270797277201;3.81584685237222;3.99937709421099;-0.0149357882745337;-0.145459138962321;4.92404914794433;-0.0371356486924588;-0.290620462448478;49.655692516388;0.997806114673526;0.583054891775686
1.7475173469368;3.81051773890768;3.99752233193015;-0.0147499388233674;-0.168479921806538;4.92303926007696;-0.0428694970013813;-0.310271326976536;49.6814406635114;0.996237092837699;0.583994428126439
1.72233581202501;3.80526008939658;3.99554152318295;-0.0145640957780217;-0.191464183934246;4.92188044529474;-0.0486046461377355;-0.329892714168049;49.7071652155754;0.993195935320851;0.58419008116384
1.69713713662877;3.80001459045006;3.99343471499916;-0.0143792246106061;-0.214406751096306;4.92057278850561;-0.054340268404501;-0.349479894996852;49.7329040675491;0.989604477549562;0.584129976829706
1.67190841326061;3.79474996323581;3.99120177494031;-0.0141962187676662;-0.237304653879021;4.91911627449631;-0.0600755142082384;-0.369028119075261;49.7586762382472;0.985992374230288;0.584090518043557
1.64669273395403;3.7896171457381;3.98884228097444;-0.0140158516887045;-0.26015712510356;4.91751067202368;-0.0658095366888823;-0.388532607633216;49.7844090246948;0.980380230679109;0.585908372238469
1.62144149224384;3.78446496289045;3.98635579097493;-0.0138388039418673;-0.282962361160432;4.91575568905442;-0.0715414822581299;-0.407988550229072;49.8101805243796;0.974676217356652;0.587813373938491
1.59615929994456;3.77932954879791;3.98374201146506;-0.0136657266734871;-0.305716468096459;4.91385110677425;-0.0772705396136832;-0.427391105075693;49.8359790073846;0.968903352336673;0.589891662809219
1.57086174854736;3.77432386034717;3.98100035807322;-0.0134972206180558;-0.328417429299368;4.91179646540153;-0.0829959346529343;-0.446735390474346;49.8617670477049;0.962929563415932;0.592581619495668
1.54552290837802;3.76929621812152;3.97813039262491;-0.0133338727673265;-0.351061221663212;4.90959137830114;-0.088716754931978;-0.466016484850547;49.8875998564464;0.956931120451241;0.595296230226068
1.52014900882465;3.76433758503967;3.97513195228521;-0.0131763136862391;-0.373641639565667;4.90723565977363;-0.0944321442686119;-0.485229430586106;49.9134537308289;0.952287756144601;0.600150981299059
1.49474260099145;3.75947723725216;3.97200485277151;-0.0130252126371237;-0.39615302764422;4.9047291106367;-0.100141354906686;-0.504369231827758;49.9393208632483;0.949397081118176;0.607747411424503
1.46929635148585;3.75460813786595;3.96874910701296;-0.0128812848424728;-0.418588779382671;4.90207169500661;-0.105843495517515;-0.523430857502524;49.9652287721321;0.946494519657791;0.615355727983907
1.44381928414346;3.74986029392243;3.9653649347907;-0.01274529991571;-0.440941688410258;4.89926356264416;-0.111537717839637;-0.542409245207922;49.9911444620222;0.94665637593634;0.623355188145591
1.41831011019386;3.74517733999431;3.96185266910769;-0.0126180704399987;-0.463204783401183;4.89630497918508;-0.117223301645216;-0.561299303251669;50.0170799206278;0.948316616247593;0.631541205730804
1.39276567819836;3.74050434672657;3.95821268960368;-0.0125004296984026;-0.485371697755278;4.89319626849199;-0.122899477546411;-0.580095911106857;50.0430482642803;0.949983545119221;0.639720534755635
1.36720217708959;3.73600171539127;3.95444552006476;-0.0123932216425757;-0.507436026903783;4.88993789373397;-0.12856550562994;-0.598793922412135;50.0690052725417;0.955829359124487;0.649452409832286
1.34160939938949;3.73153894050451;3.95055176785341;-0.0122972901430891;-0.529391719143439;4.88653040603992;-0.134220674141959;-0.617388166561462;50.0949842376884;0.962123207757778;0.659323912576532
1.31598935221019;3.72712731419604;3.94653202286267;-0.0122134599746148;-0.551233505706135;4.88297435122023;-0.139864308170847;-0.635873447522987;50.1209813387606;0.968742920766512;0.669021004243343
1.29035863621753;3.72288442065231;3.94238702772852;-0.0121425340434134;-0.572955885802911;4.87927041623512;-0.14549577793815;-0.654244547181024;50.1469608643128;0.977211052495431;0.677786619484089
1.26470268797231;3.71868462633664;3.93811757518014;-0.0120852900415019;-0.594553713525748;4.87541933863383;-0.151114339673483;-0.672496225990528;50.1729582863515;0.985719276942979;0.686512142006211
1.23903089022305;3.71458566265835;3.93372440950745;-0.0120424679018274;-0.616022543385836;4.87142181217506;-0.156719323481496;-0.690623220715997;50.1989552612315;0.993751595906572;0.694734295214352
1.21335171709292;3.71062841379196;3.92920826100715;-0.0120147619321337;-0.637358269137447;4.86727851093824;-0.162310154437395;-0.708620242859837;50.224937558113;1.00097247873946;0.702145733404404
1.18765280723234;3.70673158636851;3.92456985363699;-0.0120028197969331;-0.658556986100881;4.86299009205932;-0.167886076207274;-0.72648197711528;50.2509302346199;1.00825103919882;0.709499493967987
1.16194161153576;3.70297633217703;3.91980954324859;-0.0120072272561964;-0.679616333431898;4.85855685097529;-0.173446386060736;-0.744203068764722;50.2769142204225;1.01308407592709;0.715389282833789
1.13621562447421;3.69933647090752;3.91492723074501;-0.0120284868865359;-0.700535252155403;4.85397861937085;-0.178990523791384;-0.76177810735802;50.3028964258784;1.01638443029172;0.720322944655681
1.11047112802978;3.6957653214053;3.90992310760372;-0.0120670385295184;-0.721310722953719;4.84925545896972;-0.184517850544016;-0.779201632128066;50.328887428282;1.01975059014313;0.725190800990784
1.08468907018924;3.69238938911556;3.90479658209606;-0.0121232695967641;-0.741942168295884;4.84438664677337;-0.190027766022013;-0.79646810461028;50.3548895709883;1.02163385476178;0.728942374118544
1.05887867111771;3.68909897028165;3.89954659613393;-0.0121974929037166;-0.762429417517313;4.83937094967277;-0.195519725623476;-0.813571889253645;50.3809088629912;1.02329259718417;0.732443577050386
1.03304016519095;3.68588848050416;3.89417297801705;-0.0122899895919255;-0.782767908660686;4.83420792741515;-0.200993195855714;-0.830507275941024;50.4069460600972;1.02493387569301;0.735819540695803
1.00713288018668;3.68292637027783;3.88867482866588;-0.0124010587529438;-0.802955322270984;4.82889639976293;-0.206447682829469;-0.847268452636669;50.4330221317585;1.02574615914405;0.738384227856682
0.981190680059544;3.68001601350883;3.88305119479244;-0.0125309876823496;-0.822988630574188;4.82343507916932;-0.21188260962555;-0.863849498100127;50.459127072363;1.02660417133225;0.740903186280395
0.955197794243841;3.67724002089351;3.8773014829324;-0.0126800729605127;-0.842862990915606;4.81782298183101;-0.21729747134687;-0.880244387977857;50.4852677733487;1.02732093977124;0.743307400453012
0.929128082467286;3.67468890434048;3.87142378789637;-0.0128486351086001;-0.862577225891099;4.81205778796344;-0.222691839731769;-0.896446946119214;50.5114620106497;1.02766810493912;0.745523744723693
0.903013338652394;3.67217876101511;3.86541651209936;-0.0130369632897951;-0.882127804391202;4.80613740715433;-0.228065094229593;-0.912450846999764;50.5376971143093;1.0280475715407;0.747707787560686
0.876789431221257;3.66988456576362;3.85927711280332;-0.0132453617220112;-0.901512968926866;4.80005874472462;-0.233416669885156;-0.92824957625175;50.5640211841468;1.02808593044551;0.750414469210382
0.850453777767911;3.66776020530266;3.85300086526994;-0.0134741236136083;-0.920735213660202;4.79381643198592;-0.238746140851867;-0.943836346440367;50.5904423792406;1.02783222121906;0.753562074869206
0.824054253194202;3.6656518235637;3.84658472968512;-0.0137234536016312;-0.939789383495013;4.78740666031941;-0.244052978970023;-0.959204141214204;50.6169259622926;1.0275805662322;0.756707626288436
0.797431335526367;3.66391125970805;3.84002582319261;-0.0139936314106568;-0.958668968602778;4.78082570728774;-0.249336694054191;-0.974345709696965;50.6436057169333;1.02614684984952;0.759726736109336
0.770674863937986;3.66225623386686;3.83332063477182;-0.0142850319404061;-0.977368370817887;4.77406914698631;-0.254596864409909;-0.989253533135501;50.6704133255994;1.0243539619388;0.762744847738325
0.743822255437614;3.66059586304966;3.82646717700956;-0.0145980653659274;-0.995877393283179;4.7671340265869;-0.259833053386095;-1.00391986637599;50.6973172177811;1.02246654695979;0.765801545069099
0.716746327027837;3.6595032179715;3.81947005949172;-0.0149331587591791;-1.01417151514755;4.76002411257481;-0.265044852596065;-1.01833696555502;50.7244151839874;1.0177295317438;0.768798402671512
0.689554246336301;3.65838431432498;3.81233488805715;-0.0152910723384558;-1.03223020039396;4.75274432287597;-0.270231791956385;-1.03249712740746;50.7516302753469;1.01293234636367;0.771855430438075
0.66228155921711;3.65740307270769;3.80506506401929;-0.0156728030870642;-1.05004308096264;4.74529741057276;-0.275393457030995;-1.04639261288268;50.7789206087602;1.00772250681765;0.774871401885705
0.635000066132019;3.65688014294756;3.79767568466703;-0.0160789810900118;-1.06757835807908;4.73769826246831;-0.280529488383587;-1.06001608299584;50.8062071131257;1.00141807900394;0.777645687522471
0.607609157914389;3.65637424738468;3.79018025563481;-0.0165105854822599;-1.08481846654825;4.72996039562097;-0.285639335833865;-1.07336056366723;50.8336026927565;0.995093160618995;0.780440463730467
0.580344966705117;3.6561336204135;3.78258692077544;-0.0169686982823254;-1.10176305055657;4.72209190606692;-0.290722495667787;-1.0864192630998;50.860867945802;0.990129618417596;0.782277349205329
0.553243935548294;3.65619911122814;3.77491005882917;-0.0174537696461104;-1.11840133330119;4.71410742099821;-0.295778584449714;-1.09918582197312;50.8879690560894;0.986630800045887;0.78307244172417
0.526075391408758;3.6563525538824;3.76716010206269;-0.0179662409231904;-1.13473488937124;4.70601756117846;-0.300807080206683;-1.11165418350489;50.9151380335326;0.983192012952256;0.783807502964932
0.499177600960439;3.65680843280915;3.75933797497509;-0.0185065836844221;-1.15078297664492;4.69782294445111;-0.305807495962264;-1.12381823475289;50.9420396869502;0.983611717215593;0.783380401452974
0.472370263998747;3.65745915069298;3.75144222723556;-0.0190747585993403;-1.16656324683901;4.68952148453809;-0.310779456631123;-1.13567170717427;50.9688549204703;0.985580965092594;0.782437290892215
0.44553273262615;3.65823670831157;3.74347542994504;-0.0196700759915954;-1.18208098158811;4.6811151594377;-0.315722556011905;-1.14720832818794;50.9957037134791;0.987659576614195;0.781384816686855
0.418843620403769;3.65941040357534;3.73543168223941;-0.0202921730324214;-1.19735349913165;4.67259684457552;-0.320636407715602;-1.15842147550966;51.0224186207743;0.994318981337483;0.777739300203398
0.39214132794509;3.6607240075048;3.72730349508676;-0.0209404591225976;-1.21239405865962;4.6639574655026;-0.325520623256841;-1.16930409188403;51.0491532047028;1.00129022891973;0.773870372391289
0.365438434314604;3.66222660871733;3.71909261972944;-0.0216136381703986;-1.22719591861506;4.65519761013793;-0.33037484874314;-1.17984904501233;51.0758983414317;1.00854727849542;0.769691390858327
0.338794492527251;3.66410592153001;3.71079863586341;-0.02231080816104;-1.24175678675121;4.64631551025135;-0.335198760398983;-1.19004903253941;51.1026084790317;1.0166364107513;0.764578192878876
0.312136923979792;3.66611987929582;3.70242150267004;-0.0230311642663279;-1.25607342703841;4.63730973084387;-0.33999191412638;-1.19989658923952;51.1293420157739;1.02484594591081;0.759344591995799
0.285505304988613;3.66839928638085;3.69396187579408;-0.0237739723062637;-1.27014155089745;4.62817952181921;-0.344753914585013;-1.20938410855318;51.1560710042836;1.03219435556961;0.754266882085057
0.25891441041486;3.67098927060606;3.68541768811129;-0.0245387950721042;-1.28396091196469;4.61892110875802;-0.349484433524783;-1.21850371711762;51.1827877348568;1.03834247943301;0.749440523116143
0.232316588467466;3.67371875942608;3.67678855309154;-0.0253250824496583;-1.29752772813217;4.60953242844016;-0.354183009291462;-1.22724733483115;51.2095252411272;1.04461654841642;0.744488219027223
0.205676865458862;3.67681274546215;3.66806849890665;-0.0261327566615678;-1.31084529454981;4.6000051996341;-0.358849213122624;-1.2356064158972;51.2363440328891;1.04890785652194;0.740025446915545
0.179007109804273;3.68015202249427;3.659246723883;-0.0269619889902616;-1.32391965277832;4.59032559879031;-0.363482679034407;-1.24357170665337;51.2632220283086;1.05222992168924;0.735765278289093
0.152326307580422;3.68361869535479;3.65032021910263;-0.0278122117167685;-1.33674236658023;4.58048810870497;-0.368082977913896;-1.25113356326212;51.2901271027005;1.05566261565004;0.731394480869147
0.125376518416375;3.68764735407895;3.64127760714601;-0.0286836835795416;-1.34931494838375;4.57047778110898;-0.372649699987456;-1.25828154572982;51.3173763453891;1.05629414744621;0.729599454626852
0.0983660798934776;3.69182695058555;3.63210533580127;-0.0295767366939923;-1.3616368766403;4.56027690225357;-0.377182412138098;-1.26500427361874;51.3447082464601;1.05665778332722;0.728045932096228
0.071272662050679;3.69619379258785;3.62280077556164;-0.0304907929437667;-1.37369135711747;4.54987963102253;-0.381680673671778;-1.27128989320907;51.3721513257239;1.05662436907687;0.726521844216163
0.0437798993872089;3.70124212612132;3.61335231023276;-0.0314263354901369;-1.38547302833231;4.53926987470418;-0.386144083744443;-1.277125622868;51.4001037436933;1.05350219259064;0.725621303907277
0.0162291711878183;3.70635706981459;3.60374940472178;-0.0323837386846531;-1.39697229319916;4.52843239494732;-0.390572152685359;-1.28249775600933;51.4281252581652;1.05040069912979;0.724700080573013
-0.011571167634399;3.71186854631904;3.59399607272008;-0.0333622610326061;-1.40816420442582;4.51736816660408;-0.394964425787745;-1.28739233093389;51.4564666627156;1.04652604314333;0.724142577055949
-0.0397821635107205;3.71801842220459;3.58410398258769;-0.0343610052385509;-1.4190233717606;4.50608691866495;-0.39932051790793;-1.29179550797147;51.485340201843;1.04126549438586;0.72425654828702
-0.0680798961926118;3.72422086176907;3.57408143016281;-0.035379792033654;-1.42953595135995;4.49459463200298;-0.403639923342718;-1.29569341661693;51.5143097018644;1.03598253824783;0.724392926898644
-0.0963829133430092;3.73103039732164;3.56396946972361;-0.0364157362612788;-1.4396670727276;4.4829351731698;-0.407922159578812;-1.2990738579057;51.543420362356;1.03201832384386;0.724191346973365
-0.124708505009788;3.73829876152601;3.5538386089739;-0.0374641360651759;-1.44937948902101;4.47118747433998;-0.412166816375272;-1.30192796992627;51.5726636224595;1.02895987693114;0.723741460626496
-0.153101227300962;3.74567835021755;3.54372204784406;-0.0385243117112168;-1.45869032095812;4.45938829804315;-0.416373411993718;-1.30424847018402;51.6019996925501;1.02593027672631;0.723262727571739
-0.180277139397157;3.75335878672621;3.53367121677213;-0.0395930927078071;-1.46760638492177;4.44759625301606;-0.420541479383234;-1.30603075182779;51.6302400768113;1.02868355067174;0.721157526293635
-0.207186954028836;3.76127160150398;3.52374852434275;-0.040665953832204;-1.47613601004657;4.43588387767637;-0.424670573102434;-1.30727366264526;51.6582891545362;1.03274179004419;0.718576177176184
-0.233975123797312;3.76937836686964;3.51397040254611;-0.0417424264580316;-1.4843270069992;4.42427022612547;-0.42876023274505;-1.30797716588098;51.6862771105931;1.03716275729692;0.715660015279334
-0.259410659870424;3.77745589542944;3.50431460089261;-0.042824509200107;-1.49224076432461;4.41272803548942;-0.432810019971377;-1.30814022789971;51.7129644289851;1.04426723755175;0.710441413818616
-0.284761860328575;3.7857782433302;3.49475908573785;-0.0439127773681626;-1.49991745112043;4.40122936461178;-0.436819454870942;-1.30776077994666;51.7396467234751;1.05162306915325;0.704971461011237
-0.30991685527557;3.79435768804614;3.48529629369541;-0.0450057476886865;-1.50737418165277;4.38976302941677;-0.44078809262208;-1.30683651561947;51.7662245458543;1.06004542070848;0.698355477622042
-0.33472761308054;3.80320842597472;3.47588521542721;-0.0461054261648208;-1.51464315911003;4.37827659795318;-0.444715519167938;-1.30536294108448;51.7925667034109;1.07060172272861;0.689421973754873
-0.359450257387019;3.81228059964542;3.46649772825089;-0.0472119734321886;-1.52173402746489;4.36673210781314;-0.448601195092185;-1.30333406664935;51.818901347449;1.08139180890168;0.680254685734759
-0.384049232649466;3.8216910713511;3.45713195269634;-0.0483229703360471;-1.5286349676766;4.3551231931458;-0.452444603617086;-1.30074397249029;51.8452388978607;1.09393133036369;0.670700452149106
-0.40852876553384;3.83142041423259;3.4477805516723;-0.0494373677551241;-1.53534138085467;4.34343651257527;-0.456245298280313;-1.29758656031622;51.8715810246378;1.10801250429831;0.660783265667565
-0.432916397903676;3.84136468233063;3.43844227413388;-0.0505539209391964;-1.54184666889858;4.33166601455569;-0.460002760771036;-1.29385602242495;51.8979181672431;1.12232280108627;0.650636956332693
-0.45715734595446;3.85170128546411;3.42912118254495;-0.0516713042309362;-1.54814462917403;4.31981220190769;-0.463716488253135;-1.28954731293979;51.9242709455927;1.13652881252152;0.640099292463213
-0.481285897248623;3.86230593791094;3.41982139332819;-0.0527886388389803;-1.55423325737483;4.30787559708523;-0.467386014176254;-1.28465633730849;51.9506270765886;1.15086606053042;0.629282432218783
-0.505314232858814;3.87312745899851;3.41054716297161;-0.0539053187546234;-1.5601136596206;4.29585682580437;-0.471010854905593;-1.27918018273618;51.9769798037879;1.16542197533721;0.618239417492531
-0.529167187438277;3.88440079810113;3.40130279789998;-0.0550208998252722;-1.56578923952973;4.28375648725695;-0.474590539022697;-1.273117380992;52.0033625939492;1.17668280275309;0.608666300944956
-0.552915124670974;3.89588970029726;3.3920926721751;-0.0561349943960164;-1.57126480364174;4.27157517260104;-0.47812456003915;-1.26646820966847;52.0297436363183;1.18817842563506;0.59885838893129
-0.57653598437133;3.90765283380871;3.38292123369564;-0.0572471665036158;-1.57654551056925;4.25931348260268;-0.481612429798777;-1.25923502486461;52.0561314426499;1.19900887703682;0.588692671360213
-0.599985619201199;3.91981764414126;3.37379294970582;-0.0583568087775482;-1.58163544831277;4.24697198057504;-0.485053693445493;-1.25142260487728;52.0825486337208;1.20719070755862;0.577902163643967
-0.623321389774299;3.93219832681579;3.3647123081156;-0.0594629576246759;-1.58653545249845;4.234551240902;-0.488447812125117;-1.24303847446567;52.1089652855096;1.21561136093263;0.56687283307551
-0.64649978176482;3.94491321850109;3.35568376400277;-0.0605640195566962;-1.59123976390589;4.22205185558831;-0.491794270564202;-1.2340931431522;52.1354021220419;1.2233870636599;0.555325421393012
-0.669513123569838;3.95797586635443;3.34671169432488;-0.0616573409412613;-1.59573077879861;4.20947449778888;-0.495092617724801;-1.22461454366076;52.1618642963663;1.23041406219571;0.543226359050607
-0.692403318348303;3.9712542061717;3.33780035040867;-0.062746433898563;-1.6000521239137;4.19681979350386;-0.498342351439559;-1.21462780551819;52.1883270121245;1.23768384982057;0.530884507619152
-0.71510271798964;3.98493005351654;3.32894877007481;-0.063836426737046;-1.60426570413409;4.18408055398666;-0.501542989312672;-1.20415525533148;52.2148277959747;1.24511427766438;0.516163391283041
-0.7376449726192;3.9988980798508;3.32015398136271;-0.0649310768392553;-1.60842376606922;4.17124595586579;-0.504694089612577;-1.19321941104971;52.2413468269423;1.25275660916715;0.500306948865788
-0.760052498804973;4.01308428328472;3.31141825602973;-0.066032157136528;-1.61256574856874;4.15831220299353;-0.507795203010143;-1.18184380226479;52.2678674905395;1.26064931924054;0.484200127877917
-0.782424171419709;4.0278475751553;3.30271911210445;-0.0671435172715555;-1.61673320708974;4.14523791748814;-0.510845896462023;-1.17005179165708;52.2946713432931;1.26982786729266;0.467184606904327
-0.804657993936658;4.0428515735697;3.29403346992174;-0.0682683888993485;-1.62095991653385;4.13197866734998;-0.513845723678583;-1.15786491346308;52.3214941476232;1.27932505525834;0.449874535130901
-0.826859934436854;4.05822053821801;3.28535958003173;-0.069406729431122;-1.6252625511239;4.11852084120546;-0.5167942635584;-1.14530442807021;52.3484965778164;1.28955918565698;0.432322371096147
-0.849468981527094;4.07448745867157;3.27666982155489;-0.0705615030068808;-1.62966486033151;4.1048092265824;-0.519691119471748;-1.13239033347087;52.3763494360426;1.30231894997193;0.414600577509815
-0.871919411560561;4.09094880930202;3.26794440234955;-0.0717344566489819;-1.63418246868703;4.09079814066339;-0.522535844134971;-1.11913925368979;52.4041882196595;1.31530681617635;0.396650682034006
-0.894580134997957;4.10813930933748;3.25919319706429;-0.0729232096860226;-1.63881186651661;4.07648788445229;-0.525328038302455;-1.10556539315857;52.4326315260456;1.33109968617409;0.380595912633807
-0.917614664647517;4.12627331858785;3.25042782992354;-0.0741250277879518;-1.64354503644786;4.06188178896461;-0.528067336118096;-1.09168142509897;52.4619475941255;1.35082712948656;0.367442196527168
-0.940485924209722;4.14453652284245;3.24165911114912;-0.075337274338978;-1.64837176921445;4.04698214184906;-0.530753319141643;-1.07749744213262;52.4912159925034;1.37070403051609;0.354139022703473
-0.963366804353363;4.16374253254986;3.23291851461616;-0.0765545123923472;-1.65326855933045;4.03182744930029;-0.533385614937722;-1.06302122275187;52.5210891490998;1.39484884997622;0.341870215987161
-0.986183401351156;4.18348937178385;3.22424812304106;-0.0777699298906811;-1.65820460945642;4.01647784538314;-0.535963869149847;-1.04826081002902;52.5512642175884;1.42138271833872;0.330164667603581
-1.00884415162655;4.20329886921006;3.21566656677004;-0.0789801664804306;-1.6631622764619;4.00095537942166;-0.538487713876364;-1.03322410493225;52.5813628187407;1.44798726394128;0.318388441979934
-1.03097133421182;4.22398690723268;3.20720098282047;-0.0801808355840436;-1.66811950177511;3.98529970284564;-0.540956821165084;-1.01791844457828;52.6116548494812;1.47227159543347;0.311040604252457
-1.05289493283653;4.24482737678621;3.19887966291064;-0.0813675456123456;-1.67305432518541;3.96955583837934;-0.543370838214445;-1.00235249229622;52.6419033097374;1.49626685131298;0.304277320317936
-1.07459648742648;4.26578857571364;3.19070963983834;-0.0825390754402398;-1.67795854027263;3.95373120717326;-0.545729447098255;-0.986535792209646;52.6720749741279;1.51990890122098;0.297517953374436
-1.09558102399707;4.2874826424228;3.18269854353898;-0.0836942034936955;-1.68282459938926;3.93783523526041;-0.548032365140435;-0.97047793941145;52.7022574741149;1.54041795255908;0.291099466690009
-1.11641177536178;4.30920284803867;3.17485309173033;-0.0848318909029372;-1.6876463168731;3.92187647279202;-0.550279217076728;-0.95418892055527;52.732352117067;1.56097232688086;0.284635657021911
-1.13686490016035;4.33121825652805;3.16717502822796;-0.0859518447378116;-1.69242120170545;3.90585399271342;-0.552469678284239;-0.937679016744064;52.7624022173161;1.58281705594424;0.2785447126292
-1.15673889818398;4.35376989598547;3.15966407987945;-0.087054066559475;-1.69714844098128;3.88976267480325;-0.554603478961556;-0.920958357946108;52.7924613630069;1.6070678648702;0.27320072393661
-1.1764518756045;4.37634069593717;3.1523211671756;-0.0881383675444104;-1.70182668409228;3.87359979995574;-0.556680236793556;-0.904036803345696;52.8224287200682;1.6313696229406;0.267805786099563
-1.19565119751841;4.39941082028463;3.1451468037199;-0.0892045987897233;-1.70645493041941;3.8573616951999;-0.5586995996185;-0.886923989222999;52.8524427934232;1.65639752693761;0.261948166719005
-1.21443028463223;4.42284253513414;3.13813998080833;-0.0902528155163183;-1.71103317838121;3.84104100641868;-0.56066132139857;-0.869629000565723;52.8824711029597;1.68196438123547;0.255742754134871
-1.23304261931761;4.44628074243843;3.13130216543712;-0.0912826771528512;-1.71555971658659;3.82463584351756;-0.562565180290055;-0.852160210193684;52.9124004959385;1.70758055531264;0.249488021771424
-1.2509900903292;4.47045047295729;3.12463585441752;-0.092293668042271;-1.72003203662793;3.80814689009623;-0.5644110001644;-0.834525403150883;52.9425051066994;1.7299753618488;0.24256735900285
-1.26865743769897;4.49477760808236;3.1181433613895;-0.0932852849914862;-1.72444764595836;3.79157462955309;-0.56619864484364;-0.81673175263964;52.9725707792593;1.75165844550449;0.235468323510522
-1.28612457241191;4.51913180818806;3.1118275492263;-0.0942569276566821;-1.72880356614515;3.77492123818346;-0.56792801938034;-0.798785682221429;53.0025412290035;1.77321449472986;0.228308138803593
-1.30274286268417;4.54429187035898;3.10569325004888;-0.0952076813675218;-1.73309533077139;3.75819468853814;-0.569599058231591;-0.780693026450449;53.0326941111214;1.79156843126044;0.220612706535668
-1.31920091305641;4.56941949990867;3.09974480862221;-0.0961367020668735;-1.7373187366451;3.74140262700634;-0.571211680391388;-0.762459309700232;53.0627318405436;1.80994293019501;0.212896711863746
-1.33526827192425;4.59473773763242;3.09398483186464;-0.0970434136684357;-1.74147077939388;3.72454863532447;-0.572765836294521;-0.744089640063251;53.0927180570843;1.82791235609217;0.204927288877454
-1.35058921906369;4.62059050261537;3.08841685220962;-0.0979270863637108;-1.74554771120108;3.70763967934568;-0.574261501893469;-0.725588737854218;53.1227696274012;1.84481456480335;0.196349063103386
-1.3657556504491;4.646394166949;3.08304365905112;-0.0987871043076245;-1.74954628716928;3.69068136032007;-0.575698638881031;-0.706961106146686;53.152700376373;1.86172884025885;0.187758770585004
-1.38030998080654;4.67253461111954;3.07786701654368;-0.0996230114101158;-1.75346399759146;3.67367673536359;-0.5770772412929;-0.688210989413372;53.1826194564656;1.8789897548899;0.17972310952949
-1.39428293867046;4.69898178525558;3.07288875857107;-0.100434333570901;-1.75729822959002;3.65662961155592;-0.578397323452317;-0.669342381921108;53.2125309353867;1.89657305039374;0.172209814437322
-1.4081076930427;4.72536587077578;3.06811033451512;-0.101220654419819;-1.76104662691153;3.63954303816198;-0.579658914312381;-0.65035911529797;53.2423175733673;1.91416290741705;0.164689957825676
-1.42108334462819;4.75222267011398;3.06353249304312;-0.101981668819193;-1.76470735638753;3.62241796113442;-0.580862070040803;-0.631264845998232;53.2721446618065;1.92969091563524;0.156867965085187
-1.43368142214545;4.77918670687461;3.05915582977014;-0.102717092117025;-1.76827867112469;3.60525494388382;-0.582006824611215;-0.612062993147335;53.3019065642249;1.94453328140264;0.148944888559736
-1.44613833350542;4.80607490763557;3.05498126121562;-0.103426581242858;-1.77175851509717;3.58805603219381;-0.583093229071223;-0.592756856149304;53.3315401597002;1.9593775895467;0.141019869657623
-1.45750258507423;4.83358684433521;3.0510085329462;-0.104109992723015;-1.77514581706466;3.5708185774429;-0.584121360603424;-0.573349573622113;53.3613067999991;1.96994823561455;0.134759966855882
-1.46871766269244;4.8610229645717;3.04723750557486;-0.104767160438729;-1.77843938943715;3.55354005239504;-0.585091262977981;-0.553843951985191;53.3909466154441;1.98044484058191;0.128532698798629
-1.47958284396092;4.88853042371981;3.04366883424055;-0.105397777756763;-1.78163731132006;3.53622137500798;-0.58600300499197;-0.534242609507153;53.4205221538632;1.99068018759527;0.122225841741426
-1.48953629762222;4.91651881382098;3.04030192322781;-0.106001765666151;-1.78473883538052;3.5188572064651;-0.586856684341053;-0.514547888988892;53.4502277294382;1.99999208706996;0.11562251932026
-1.49936938130531;4.94440373614223;3.03713675088635;-0.106578942885394;-1.7877426894947;3.50144429118696;-0.58765238401813;-0.494761664114809;53.479795590835;2.00928351372058;0.109039669723163
-1.50861237140035;4.97254034669535;3.03417419381814;-0.107128967247598;-1.7906467359779;3.48398396248811;-0.588390220171036;-0.474885454951329;53.5094114939837;2.01707329832614;0.102520176143584
-1.51717232938;5.00099390305507;3.03141473495488;-0.107651579810107;-1.79344927580744;3.46647533582454;-0.589070324129501;-0.454920436080975;53.5391247528109;2.02303582709061;0.0960864326550201
-1.52563692384013;5.02932338372513;3.02885917822364;-0.108146467942436;-1.79614831718512;3.44891945091014;-0.589692833231163;-0.434867330906649;53.5686917755628;2.02894936431761;0.0897016807039154
-1.53320363176306;5.05804865065505;3.02650923853776;-0.108613147005552;-1.7987408832555;3.43132436929139;-0.590257914904502;-0.414726544633445;53.5983969271191;2.03100475775863;0.0829419842693184
-1.5403274807835;5.08687492832716;3.024366574273;-0.109051150716677;-1.80122404957562;3.4136999677036;-0.590765720617854;-0.39449840788687;53.6280904198287;2.03124617778496;0.0760614676156963
-1.54739081176864;5.11556091509495;3.02243194582626;-0.109460204162703;-1.80359597621826;3.39605099498157;-0.591216422058942;-0.374183097533282;53.6576332105136;2.03140404984318;0.0692644989301673
-1.55318605226577;5.14466472329016;3.02070664236479;-0.109839914881329;-1.80585409614028;3.3783891197351;-0.591610218568196;-0.35378072166229;53.6873083931395;2.03447268132137;0.0617030453046904
-1.55884025744631;5.17367146493818;3.01919157844498;-0.110189965427255;-1.80799622166219;3.36072622198502;-0.591947273910979;-0.333291556404524;53.7168610765584;2.03769609979842;0.0541723188436618
-1.56424937238794;5.20260767627966;3.01788662217596;-0.110510274545743;-1.81002160898903;3.3430653640715;-0.592227776781028;-0.312715941859562;53.7462985161762;2.04432480222442;0.0468630182409777
-1.56845176937037;5.23179863801561;3.01679173368429;-0.110800724733386;-1.81192927807463;3.32541232969117;-0.592451933969119;-0.292054270734344;53.7757904199375;2.07006766375674;0.0402945090273052
-1.57264390575035;5.26085028253351;3.01590665216571;-0.111061241395934;-1.81371849561753;3.30777195337645;-0.592619918609242;-0.271307062740476;53.80514296764;2.09569420063213;0.0338423244705622
-1.57627047318753;5.28991330772787;3.01523081145592;-0.111291828883401;-1.81538906479238;3.29014471328315;-0.59273193237487;-0.250474925457401;53.8344313855697;2.11828287327657;0.0273246546446958
-1.5790156540935;5.31907516060078;3.01476363573923;-0.111492493833024;-1.81694083066659;3.27253008630654;-0.592788181699914;-0.229558523479159;53.8637221636609;2.1361520773594;0.0206398941185337
-1.58177169546055;5.34810920226009;3.01450460911962;-0.11166322360541;-1.81837350654403;3.2549281135965;-0.592788858338074;-0.208558599450109;53.8928867198737;2.15389739257185;0.0140790224627612
-1.58362466034901;5.37722529659947;3.01445324665661;-0.111803997659835;-1.81968673923293;3.23733898405612;-0.592734181524861;-0.187476006066388;53.9220617165053;2.15164275080448;0.0098390299841217
-1.58494570403879;5.40634624036371;3.01460909254476;-0.111914795747779;-1.82088017819897;3.21976233306991;-0.592624351305194;-0.166311724037473;53.9512126088099;2.13719093591431;0.00706516646245897
-1.58630182313512;5.43535333253873;3.01497172094751;-0.11199558954042;-1.82195338881456;3.20219840706982;-0.592459569804688;-0.145066876876708;53.9802513838435;2.12260113049078;0.00442929347413901
-1.58637841349946;5.46444777599868;3.01554052081554;-0.112046333552425;-1.82290555615073;3.18465376330959;-0.592240065005912;-0.123742839414465;54.0093459281143;2.11604869732559;0.00266843844735934
-1.58628598352993;5.49347296039387;3.01631464946656;-0.112067030678768;-1.82373606078189;3.16713555406118;-0.591966033025063;-0.102341278543197;54.0383712596796;2.11071987691403;0.00118184132467108
-1.58611011784827;5.52240594172927;3.01729334406882;-0.112057732753014;-1.82444478375865;3.14964543668687;-0.591637684398287;-0.0808640856212429;54.0673047754994;2.10528865690792;-9.99335919571465e-09
-1.58456358824087;5.55127297124198;3.01847540156377;-0.112018514140213;-1.8250314333391;3.13219105414467;-0.591255249948787;-0.0593133489307635;54.0962132024146;2.10021346709632;0.000504651875273265
-1.5830801498151;5.5800629925058;3.01985944423609;-0.111949499590701;-1.8254960129725;3.11477913616296;-0.590818930439605;-0.037691212228115;54.1250414162673;2.0949888448511;0.00115874617752332
-1.58116547409231;5.60874882012567;3.02144455041873;-0.111850817314435;-1.82583893344876;3.09740905941614;-0.590328947449456;-0.0159997830177596;54.1537910717324;2.09331176824132;0.00201406513258556
-1.5782798400288;5.63730077174324;3.0232298912436;-0.111722581230563;-1.82606057191841;3.08007973414711;-0.589785535548052;0.00575883850577816;54.1824884727492;2.09920351338582;0.00312291124715133
-1.57545656384423;5.6658004325473;3.02521465618818;-0.111564896268592;-1.82616124070762;3.06279044135732;-0.589188920479806;0.0275825424972783;54.2111276339513;2.10495578282379;0.00437123306823897
-1.57185609428533;5.69416896527615;3.02739809882238;-0.11137785848085;-1.82614120892341;3.04554033053964;-0.588539350117943;0.0494692026235895;54.2397237356128;2.11358919377906;0.0052758508103114
-1.56765288610342;5.72243195623284;3.02977959548475;-0.111161550876442;-1.82600070289943;3.02832803738278;-0.587837064420691;0.0714166624176478;54.2682975630924;2.12447947193101;0.00593544893416939
-1.56351398569868;5.75066540393174;3.03235848273525;-0.110916058124977;-1.82573990658611;3.01115292505977;-0.587082320175446;0.0934226928443318;54.2968327705654;2.1352320041566;0.0067327929843943
-1.55825987176122;5.77866525705509;3.03513369690845;-0.110641507139294;-1.82535903907643;2.99401709615744;-0.586275395312871;0.115484958332783;54.3253213206899;2.13540247437191;0.00644834751876364
-1.55275704966011;5.80659442289673;3.03810401722024;-0.11033805517079;-1.82485842887646;2.97692324651175;-0.58541652896903;0.137601052947968;54.3537874295861;2.13269290041615;0.00597638715895052
-1.54727813329541;5.83450582976463;3.04126855571137;-0.110005840312938;-1.82423845530384;2.95987186980724;-0.584505985135577;0.159768539849762;54.3822315002841;2.13032355724933;0.00560861755996106
-1.5404642618042;5.86204989905391;3.04462680733094;-0.109644966089619;-1.82349946441326;2.94286152680244;-0.583544051083321;0.18198492399909;54.410605865435;2.145658793599;0.00428999876440417
-1.53370188500014;5.88959774888846;3.04817829930809;-0.109255532189879;-1.82264178256987;2.92589095403662;-0.582530983286882;0.20424759083786;54.4389715801368;2.16087197624597;0.0030934336715488
-1.52662918857879;5.91705225857901;3.05192256056151;-0.108837639371856;-1.82166573041521;2.90895915978184;-0.581467073175525;0.226553796701256;54.4673224731918;2.17607096154861;0.00202302850969352
-1.51857618304092;5.94422812278511;3.05585994862682;-0.10839129715953;-1.82057141718591;2.89206181247019;-0.580352629176556;0.248900623162958;54.4956664054092;2.19145728786569;0.00108439232596244
-1.51057085779503;5.97142611753748;3.0599906927723;-0.107916521940109;-1.81935890705205;2.87519578848578;-0.579187971951785;0.271284793494388;54.5240180570514;2.20672140948816;0.000267960836842274
-1.50192905205574;5.99842866704635;3.0643141700953;-0.107413427580092;-1.81802847179592;2.85836175908607;-0.577973462519543;0.293702585927242;54.552369749883;2.22081554494393;-9.912189763428e-09
-1.49263249634011;6.02523655553154;3.0688296267787;-0.106882155038464;-1.81658048587349;2.84156082238598;-0.576709432717507;0.316149850592967;54.5807438372376;2.23371080748381;0.000293456544114695
-1.48338101875394;6.05208596988126;3.07353641383673;-0.10632284490621;-1.81501536618577;2.82479357726115;-0.575396264238369;0.338621912393497;54.6091424443945;2.24647833677407;0.000714656250040774
-1.47319851291197;6.07856308754213;3.07843243114871;-0.105735821588612;-1.81333407324071;2.80806550808012;-0.57403437579476;0.361113483468535;54.6375100524157;2.27437010508998;0.00220159563517891
-1.4626894954003;6.10493533049457;3.08351474791619;-0.105121533753469;-1.8115380297653;2.79138416582312;-0.572624076535076;0.383618848966467;54.665899040552;2.30784160492927;0.0041642700614162
-1.45221475121358;6.1313651510882;3.08878184312;-0.104480284442919;-1.80962837857452;2.77475176350309;-0.571165700511579;0.40613186691677;54.6943288784409;2.34118800754849;0.0062520417077406
-1.44057717942821;6.15715833882181;3.09422994666215;-0.103812659542095;-1.8076071502258;2.75817707479634;-0.569659622672832;0.42864588413138;54.7226259032054;2.37960878186819;0.0109179753896108
-1.42890748846519;6.18298318678978;3.09985474736002;-0.103119336461208;-1.80547678701476;2.74166948348342;-0.568106131354344;0.451154110752767;54.7509650009282;2.41812947042973;0.0157868793328661
-1.41703454005596;6.20870988471146;3.10565433115412;-0.102400716975881;-1.80323903304762;2.72523056041329;-0.566505533297941;0.473649714291788;54.779299253872;2.45656011048397;0.020742232382805
-1.40428645493468;6.23383816639222;3.11162589732631;-0.10165731011452;-1.8008959872073;2.70886408968091;-0.564858154139715;0.496125721839757;54.8074762695849;2.49495818074514;0.0257153991294609
-1.39152601156278;6.2590218653378;3.11776660539803;-0.100889633202986;-1.79844981392393;2.69257353425454;-0.563164277847186;0.518575223665983;54.8357083011737;2.53328007715991;0.030764739722512
-1.37832729241023;6.28391227053925;3.12407504980884;-0.100098025231823;-1.79590214411477;2.67635828270546;-0.561424222842218;0.540991467294612;54.8638816655159;2.56246320694259;0.0361174615774226
-1.36454577519669;6.30839131135533;3.13055073383509;-0.0992827021704841;-1.79325419184362;2.6602154514691;-0.559638331862441;0.563367737874032;54.891973544342;2.57957139884621;0.0418361459652904
-1.35073167685465;6.33291846970301;3.13719247785711;-0.0984439547733179;-1.79050735683718;2.64414400313163;-0.557806975866428;0.585697345846601;54.9201233366968;2.59662663953543;0.0476077815675517
-1.33626991478606;6.35697951217671;3.1440002029525;-0.0975819301151674;-1.78766253923866;2.62814034334407;-0.55593056118004;0.60797369149902;54.9481960338784;2.60023960565232;0.0525852561875026
-1.32145796259541;6.38082457884548;3.15097504726305;-0.096696612048857;-1.78472004861204;2.61219833821303;-0.554009459695087;0.630190022671527;54.9762670355017;2.59703920290413;0.0571783148984124
-1.3066019303666;6.40471241546395;3.15811613725212;-0.095788229703324;-1.78168092397146;2.5963167674939;-0.552044066490821;0.652339384129033;55.004397631512;2.59379805362514;0.0618121201401113
-1.29088880788386;6.42799147213537;3.16542453020734;-0.0948567689586574;-1.7785453757758;2.58049026736337;-0.550034808935033;0.674414652156297;55.0324835122649;2.58956421322679;0.0653038651916791
-1.27503678034838;6.45123928592922;3.17290186279993;-0.0939021360753258;-1.77531329463112;2.56471260221674;-0.547982076092538;0.696408149486368;55.0606215225567;2.5851824066657;0.0687017194174038
-1.259016655783;6.47443489071394;3.18054695547688;-0.0929245935409659;-1.77198571189892;2.54898372989225;-0.54588628339616;0.718311561458316;55.0888116001093;2.58220956051755;0.0720684124565749
-1.2421588189314;6.4970479158709;3.18835948202743;-0.0919243050119667;-1.76856333519124;2.53330182226065;-0.5437478706208;0.740115981281015;55.1170168402264;2.5887061382304;0.0750018490408855
-1.22525353714276;6.51970882016178;3.19633899942117;-0.0909014548083985;-1.76504694507646;2.51766532525817;-0.541567267038396;0.761811658895167;55.1452888252227;2.59515409439443;0.0779839071740072
-1.20797751301419;6.54213479801132;3.20448284398748;-0.0898565188518854;-1.76143832833971;2.50207694655276;-0.539344937440902;0.783387892177038;55.1735975781483;2.5946137832685;0.0808052803130269
-1.19009456184676;6.56412024438697;3.21278649400579;-0.0887902261976299;-1.75774019287591;2.48654257540481;-0.537081357382896;0.80483320468989;55.2019376521565;2.58202547683283;0.0833142651142265
-1.17216089210728;6.58615791910355;3.22124616377068;-0.0877032279627777;-1.75395506040076;2.47106624183631;-0.534777039451645;0.826135340200486;55.2303502482582;2.56938223345415;0.0858781868584171
-1.15370827823401;6.60771263951469;3.22985515700063;-0.0865965597861013;-1.7500868517904;2.45565679138276;-0.532432533821573;0.847281214959769;55.2587246192778;2.5500678761998;0.0893329149457583
-1.13488827502159;6.62895930864564;3.23860323055454;-0.0854717300876296;-1.74614123566997;2.4403285799538;-0.530048351605652;0.868257480183344;55.2871079501267;2.52630634873435;0.0933915996922719
-1.1160069833068;6.65025164135059;3.24748419373051;-0.0843297437094166;-1.74212226194139;2.425087973816;-0.527625060455271;0.889050712155067;55.3155661055279;2.502499263701;0.0974958420066907
-1.0965879894143;6.67074869293328;3.25648991567161;-0.0831718541382605;-1.73803492013195;2.40994407061803;-0.525163270603352;0.90964735117554;55.3438013042589;2.50395468984626;0.101492083813318
-1.07700092650431;6.69110513926704;3.26561076122761;-0.0819995092544445;-1.73388495548673;2.39490776460722;-0.522663537431619;0.93003419597876;55.3720508695791;2.51039152490734;0.105475751940428
-1.05730669606814;6.71141743719632;3.27484180020345;-0.0808135497735757;-1.72967604059917;2.37998157632533;-0.520126471960503;0.950198597479517;55.4003431328261;2.51580699968773;0.109717804208943
-1.03713033363837;6.73086152033454;3.28418150745652;-0.0796143609295845;-1.7254102325769;2.36516235602968;-0.517552708060696;0.970128144674501;55.4283638032318;2.50767155650548;0.117251265650928
-1.01686707863688;6.75030354254548;3.29362822804025;-0.0784023212610824;-1.721089507745;2.35044721073651;-0.514942847981633;0.98981043290112;55.4564456787195;2.49955156610536;0.124769274310784
-0.996383846949399;6.76948876729894;3.30317931022294;-0.0771779187230002;-1.71671616691134;2.33583481177082;-0.512297533182112;1.00923318514378;55.4845105255782;2.48963582302332;0.132336099938341
-0.975507638988984;6.78808289498742;3.31283589566755;-0.075941140225189;-1.71229066779604;2.3213180868155;-0.509617340632017;1.02838403684019;55.512466878046;2.47558130655917;0.140028465207082
-0.95454434301686;6.80666236078529;3.32259771356452;-0.074692136328386;-1.70781396444782;2.30689230383651;-0.506902785287765;1.04725021391993;55.5404785957253;2.46155288800677;0.147694732564074
-0.933261573959135;6.82480183113477;3.3324619500957;-0.0734313736062891;-1.70328807160143;2.29255654927745;-0.504154420430896;1.06581862994106;55.5684427986163;2.45156392486741;0.156705113059336
-0.911692747881815;6.84255598087429;3.34242687584911;-0.0721591764899403;-1.6987144542476;2.27830828792099;-0.501372739495636;1.08407584118253;55.5963788701247;2.44505914049632;0.166864665600495
-0.890039095491923;6.86028661763621;3.35248953994575;-0.0708760216229365;-1.6940950860457;2.26414670614655;-0.498558191594535;1.10200796101326;55.6243655837904;2.43858573693213;0.176992837334756
-0.86799244379254;6.87739843335832;3.3626464074543;-0.0695824588039372;-1.6894321828386;2.25007171569047;-0.495711296094589;1.11960068936659;55.6522738099695;2.43021515446759;0.188189414991059
-0.845771163234079;6.89430453892568;3.37289406765111;-0.0682790208998822;-1.68472788926054;2.2360829384865;-0.492832609967;1.13683928548595;55.6801951587033;2.4213099887593;0.199675372246632
-0.823465993809658;6.91117477163451;3.38322849816627;-0.0669663167193657;-1.679984617583;2.22218070884509;-0.489922714368002;1.15370858507932;55.7081616625016;2.41241327779224;0.211133041342256
-0.800715937477548;6.92726012245343;3.39364563019229;-0.0656449587555938;-1.67520479312474;2.2083652788641;-0.486982200529901;1.17019305627748;55.7360238873604;2.39906283468852;0.223752795692197
-0.77788579048598;6.94330694653599;3.40414132837663;-0.0643155646272817;-1.67039086060071;2.19463684633765;-0.484011636068235;1.18627686655614;55.7639293738244;2.38575345717368;0.236331484453256
-0.754898789096021;6.95913566876043;3.41471107720845;-0.0629787959568212;-1.66554542499786;2.18099596008227;-0.481011595350669;1.20194401421154;55.791839061751;2.37302143742645;0.249453007867823
-0.731586383600285;6.97435602201616;3.425349924613;-0.0616353649802734;-1.66067127678765;2.16744357250006;-0.477982640532709;1.2171785482643;55.8196801717006;2.36203189895924;0.264374856786029
-0.708198157519929;6.98953115229242;3.43605294884275;-0.0602859749824756;-1.65577117675244;2.15398043396463;-0.47492531592775;1.2319648034943;55.8475601591125;2.35108671162812;0.279252354568137
-0.684602633170698;7.00430915657807;3.44681409902795;-0.0589314663272446;-1.65084838620105;2.14060854788164;-0.471840171082835;1.2462877338208;55.8754014626018;2.33938621560771;0.294163932515416
-0.660786942844188;7.01864847734726;3.45762562703637;-0.0575728884726205;-1.64590693484591;2.12733181579256;-0.46872772744346;1.2601334643686;55.9032008011883;2.32684788475533;0.309114387004059
-0.636899695576702;7.03293498660396;3.46848110682531;-0.0562111197795602;-1.64095024311727;2.11415230053105;-0.46558851068777;1.27348966502732;55.931034322862;2.31435875305728;0.324015642338368
-0.61281643202415;7.04663115348344;3.47937158810042;-0.0548473504890156;-1.63598288000943;2.1010749465119;-0.462423051672907;1.28634607795842;55.9587397116976;2.29846735646569;0.339661748174653
-0.588611627375262;7.06004380336953;3.49028631057663;-0.053482993769787;-1.6310102502804;2.08810663013902;-0.459231823986066;1.29869526728006;55.9864122928035;2.28121703780447;0.355574518255939
-0.564338511254388;7.07339044975083;3.5012185622998;-0.0521189513448793;-1.62603591791229;2.07524922814563;-0.456015298915489;1.31053288667406;56.0141127826158;2.26402834964346;0.371425657837005
-0.539951736381682;7.08597114795743;3.51216195946273;-0.0507560785894018;-1.62106329419687;2.06250418921926;-0.452773952899974;1.32185785699095;56.0415534232071;2.24916256940021;0.387970604467082
-0.515493908874612;7.09842532361947;3.52311010690279;-0.049395228227707;-1.61609579742439;2.04987297514423;-0.449508218293926;1.33267257595714;56.0689995853757;2.23451542542581;0.4044785390758
-0.490962697160323;7.11067952463607;3.53405938717366;-0.0480369041352344;-1.61113558590192;2.03735390691008;-0.446218523751537;1.34298285323706;56.0964212153551;2.22050877807844;0.420986850636247
-0.466332256597825;7.12231221351603;3.54501227837376;-0.046680850808655;-1.60618204637169;2.02493855100793;-0.442905285844001;1.35280361375843;56.1236604894438;2.2091766929792;0.437788973824366
-0.441638735159614;7.13384730879023;3.55597030541991;-0.0453225265151854;-1.60118926885051;2.01262008181424;-0.439568896060385;1.36214809747544;56.1509153683466;2.19794011819026;0.454495586702175
-0.416823287241436;7.1450573496344;3.56693276086685;-0.0439560672805795;-1.59608921730614;2.00039483840822;-0.436209741693051;1.37102318786233;56.1781453421091;2.18554203070984;0.472177628672135
-0.391862270149446;7.15584393719883;3.5779040532819;-0.0425779000949557;-1.5908331516358;1.98825405797318;-0.432828174479426;1.37943533271024;56.2053373049943;2.17144405929983;0.491293645987705
-0.366846720434266;7.16653241597284;3.58888525064187;-0.0411867171565375;-1.5853888725324;1.97619321807575;-0.4294245376013;1.38739070583652;56.2325406376221;2.15743933347132;0.510316417721786
-0.341639749598165;7.17678225060353;3.59987601353026;-0.0397824661381027;-1.57973460048139;1.96420972562992;-0.425999170245531;1.39489528024182;56.2597518575265;2.14098145138681;0.530438128857409
-0.316307777243518;7.18674985388472;3.6108780505551;-0.0383654885509493;-1.57385432839078;1.95229907080072;-0.422552358853823;1.40195475792221;56.2869743103651;2.12321593117639;0.551124876556091
-0.290930513417075;7.19662408267641;3.62188966736029;-0.0369369200503562;-1.5677383990487;1.94046070136667;-0.419084390751242;1.40857472092957;56.3142049165564;2.10553522409276;0.571726811127985
-0.265276016830365;7.20595274108136;3.63291462523364;-0.035497409841134;-1.56137761688563;1.92868843000663;-0.415595556466728;1.41476042594158;56.3415028480303;2.08797249954129;0.593615884505046
-0.23955124521556;7.21513406495902;3.6439577673528;-0.0340476546726895;-1.55476527981174;1.91697520698691;-0.412086129215655;1.4205167806432;56.3688169576219;2.0704881737858;0.615618021263
-0.213743033920072;7.22417430593917;3.65501778835845;-0.0325891723565738;-1.54789986626984;1.90532073352812;-0.40855640937746;1.42584859792669;56.3961627018475;2.05331039722049;0.63776784759118
-0.187531564042876;7.23269104488505;3.66610086585252;-0.0311225018897026;-1.54077657967242;1.89371700435435;-0.405006682987629;1.43076032084859;56.423723108147;2.03802058373394;0.661544989085287
-0.161294157170487;7.24114464039345;3.67721212088154;-0.0296483927206514;-1.53339291583444;1.88215738240954;-0.401437241844664;1.43525608193999;56.4512887533672;2.02277441923565;0.685278481591124
-0.134850239507597;7.24933933988178;3.6883490678887;-0.028168496180048;-1.52575142336784;1.870643311591;-0.397848402656373;1.43934000038066;56.4789732956438;2.00824970731082;0.709042644498759
-0.108045175027383;7.25711341574035;3.69951071272034;-0.0266840905529862;-1.51785298841144;1.85917475782499;-0.394240416194129;1.44301613142624;56.5068829308482;1.99502063856144;0.732914376869733
-0.0812254267982311;7.26485350247658;3.71069538620558;-0.0251964329004237;-1.50969861892756;1.8477524598333;-0.390613553997853;1.44628849654968;56.5347972253541;1.98179688540268;0.756780793650083
-0.0541048666422233;7.27216794495094;3.72189117939932;-0.0237078849495495;-1.50129505435434;1.83638760363329;-0.386968109510199;1.44916145146394;56.5628868293365;1.96858807287062;0.78005102346058
-0.0267686885064797;7.27918306654658;3.73308003810532;-0.0222211898277745;-1.49265041383806;1.82509742564068;-0.383304254855474;1.45163988967418;56.5911087811837;1.95537113918215;0.80291432377557
0.000575490472344911;7.28619264033371;3.74425308343699;-0.0207376525998259;-1.48376416262585;1.81388972587219;-0.379622189466716;1.45372890297032;56.6193371047029;1.94212311556268;0.825808714021557
0.0280169812424286;7.29249488755517;3.75537134787069;-0.0192620808995828;-1.4746555546947;1.80280221606369;-0.37592214908037;1.45543480637993;56.6474929874937;1.92496181408299;0.847776638824252
0.0554876601396343;7.298633429308;3.76638818654842;-0.0177993699141403;-1.46534296055791;1.79187956266642;-0.372204250454757;1.45676534669063;56.6756411649466;1.90690720244451;0.869558611380449
0.0829267066053603;7.30471707295911;3.77729202696972;-0.016349691908196;-1.45581500627171;1.78113118131275;-0.368468628759599;1.45772846595965;56.7037465379387;1.88871812814774;0.891691792902691
0.109631617113418;7.30989373346284;3.78804495493119;-0.0149168366307276;-1.4460841880208;1.7705922493838;-0.364715439973452;1.45833316744904;56.7309485610108;1.86861884581118;0.919647340998986
0.136355412481416;7.31499769597204;3.79861140715098;-0.013503964444995;-1.43615960823007;1.76029510222434;-0.360944780159486;1.45858939468907;56.7581553923618;1.84857667331129;0.947545779258608
0.162801008462194;7.31986113122703;3.80899625166281;-0.0121093911558564;-1.42601833185544;1.75023249373445;-0.35715676536365;1.45850668073431;56.785044470986;1.83056765169311;0.979821808203204
0.188532015101937;7.32420982199767;3.81921815540043;-0.0107308266438811;-1.4156343727724;1.74038423413257;-0.353351491581849;1.45809372237328;56.8111403674855;1.81755470567625;1.02301289410436
0.21428741534806;7.32841438763108;3.8292903835518;-0.00936759004218343;-1.4049948015898;1.73073583655601;-0.349529070477552;1.45735858657806;56.8372367084935;1.80468355917572;1.06606218048918
0.239873421622821;7.3323464236526;3.83923230338305;-0.00801871961234202;-1.39408555211352;1.72126739186684;-0.345689646029867;1.45630854416455;56.8631230876217;1.79423296087095;1.10913962129447
0.265306574041073;7.33600442553736;3.84908112178815;-0.00668161236271231;-1.3828796028412;1.7119426178582;-0.341833281964056;1.45494954522654;56.8888179551971;1.78603027590029;1.1522173164607
0.290763208825747;7.33949905299205;3.85885411254026;-0.00535683146445849;-1.37137605332971;1.70274476328885;-0.337960098036631;1.45328688759771;56.9145133375762;1.77799089428819;1.19513170826836
0.316241962424646;7.34270274462689;3.86856060892825;-0.00404578302784232;-1.35958239999013;1.69366484217963;-0.334070253463599;1.45132548643384;56.9401927169504;1.77133585252492;1.21906956044178
0.341741437050437;7.34570421019766;3.87821301725081;-0.00274920009514577;-1.34750125707342;1.68469120261204;-0.330163776250749;1.4490697970849;56.9658682306115;1.7652367477575;1.23675659244077
0.367260108153769;7.34854738424953;3.88781358224427;-0.00146885290563538;-1.33514586680792;1.6758218068509;-0.326240724557625;1.44652413939166;56.9915447999612;1.75929543812089;1.25428582930896
0.392809035261847;7.35106908157215;3.8973618036028;-0.00020636728670483;-1.32252975091578;1.66705715389821;-0.322301195557605;1.44369278587949;57.017217872114;1.75463667368452;1.26359213585988
0.418374560566925;7.3534343922629;3.90685721295767;0.00103705207653253;-1.30966362814036;1.6583976866826;-0.318345224441235;1.44057996377678;57.0428925829943;1.75014372519466;1.27265908891115
0.443957633703855;7.35561070881794;3.91629890312879;0.00226044076861208;-1.29655669326372;1.64984422919035;-0.314372876562314;1.43718987057825;57.068568057379;1.74591846913298;1.28041985615873
0.469563198512819;7.35750935381724;3.92568600228839;0.00346305264351516;-1.28321646531905;1.64139755633338;-0.310384205385164;1.43352667506345;57.0942439176765;1.74224640714002;1.28402030605018
0.495181229096436;7.35925958115821;3.9350176635736;0.004644288210633;-1.26964922996424;1.63305841070017;-0.306379270658302;1.42959451849875;57.1199216665406;1.73872163334748;1.28747346774121
0.520814980457116;7.36078998858092;3.94429306053602;0.0058036452843186;-1.25586036226148;1.62482751186477;-0.302358169490654;1.42539751586302;57.1456010620884;1.73514697008365;1.29085488627532
0.546464143859154;7.36208889843512;3.95351139940065;0.00694068659197021;-1.24185454583125;1.6167055493523;-0.298320930408071;1.42093975663344;57.1712830937455;1.73148419289888;1.29418020622388
0.572122031351366;7.36324582120023;3.96267190084224;0.00805501448502132;-1.22763597600004;1.60869320154655;-0.294267653091899;1.41622530601315;57.1969670510116;1.72796197905155;1.29736496283501
0.597793586565235;7.36415369035141;3.97177380934327;0.00914625691207808;-1.21320847610615;1.60079112921832;-0.290198485670273;1.41125820581852;57.2226546545101;1.72306248284497;1.30040175916058
0.623474337880809;7.36487506102391;3.98081639591558;0.0102140575562422;-1.19857559294839;1.59299997450844;-0.286113429438785;1.40604247522992;57.248345535456;1.71762301209703;1.30329804374377
0.649160327919217;7.36546107867296;3.98979893659677;0.0112580673726727;-1.18374070280537;1.58532038015873;-0.282012528587326;1.40058211207125;57.2740382095274;1.71231724386397;1.3060606258121
0.674857780687256;7.36577039925148;3.99872073908214;0.0122779441964946;-1.16870702339945;1.57775296687764;-0.27789588827343;1.39488109329707;57.299737523876;1.70387759924247;1.31512185943483
0.700558991305352;7.36593703922677;4.00758113106861;0.0132733491911727;-1.15347767686379;1.57029834361853;-0.273763542363559;1.38894337575136;57.3254392747135;1.69530423504704;1.3245718049743
0.72626333140041;7.36595083454479;4.01637943953612;0.0142439444638649;-1.13805575246239;1.56295712467035;-0.26961556760762;1.38277289741944;57.3511436185105;1.68648139540029;1.33430158928521
0.751974620288265;7.36571034753698;4.0251150262235;0.0151893972023851;-1.12244426916231;1.555729899475;-0.265452051766945;1.37637357767998;57.3768560320549;1.67579870418396;1.34605136400237
0.777686027960672;7.36534566292852;4.03378726523214;0.016109377465882;-1.10664623463758;1.54861725111505;-0.261273095154528;1.36974931810918;57.4025700258979;1.66523834063973;1.35767881104743
0.803398921461804;7.36480061594481;4.04239553453346;0.0170035587899566;-1.09066467030351;1.54161976246934;-0.257078847706287;1.36290400344758;57.428288695545;1.6545927203133;1.37065294180069
0.829113806380388;7.36404563488003;4.05093924274864;0.0178716219801129;-1.07450257311664;1.53473799370268;-0.252869397787264;1.35584150182804;57.4540146610815;1.6437484558002;1.38577102364009
0.854825999494108;7.36317361304329;4.05941780240865;0.0187132533684172;-1.05816297304825;1.52797250341747;-0.248644914470615;1.34856566564836;57.4797416371339;1.63301928227726;1.40077401448934
0.880537974005809;7.36209527472611;4.06783063983004;0.0195281473551275;-1.04164891749723;1.52132383976121;-0.24440562592174;1.34108033214119;57.5054762140066;1.62319229958536;1.412889841644
0.90624763454607;7.36085016423341;4.07617720493598;0.0203160081519098;-1.02496345802523;1.51479253206175;-0.24015160764049;1.33338932366145;57.5312160070367;1.61394454110169;1.42324769043241
0.931952035562639;7.35949535703397;4.08445694312116;0.0210765483971964;-1.00810970651816;1.50837911214466;-0.235883005179117;1.32549644862814;57.5569560873429;1.60480449370076;1.43349782813807
0.957654483357586;7.35790993563657;4.09266910296593;0.0218094790977087;-0.99109118174205;1.50208425913003;-0.231600040740794;1.31740550699947;57.582707386022;1.59773953196743;1.44167585310704
0.983350865974361;7.35619995858153;4.1008129327276;0.0225145336281663;-0.973911383324588;1.49590864177628;-0.227302823267997;1.30912029075552;57.6084606013769;1.59109383935416;1.44943508663038
1.00903924041411;7.354374506085;4.10888780078684;0.0231914729307433;-0.956573579298108;1.48985282776186;-0.222991514538611;1.30064458150607;57.6342137537698;1.58481141078755;1.45662415320386
1.0347157765433;7.35232202503332;4.11689222568152;0.0238400254363601;-0.939082726064426;1.48391800124502;-0.21866631427129;1.29198217063897;57.659972192893;1.58110967763362;1.45928123149884
1.06038379709825;7.35017255330682;4.1248249268909;0.0244599901032579;-0.921443139153836;1.47810515913219;-0.214327409734757;1.28313685413614;57.6857300559237;1.57750305945619;1.46184319481732
1.08603210950333;7.34788383267372;4.13268528103477;0.0250512348205825;-0.90365771754171;1.47241479248271;-0.20997504221412;1.27411241732728;57.7114802825512;1.57507287560958;1.46434069673734
1.11165077111167;7.34541102309207;4.14047215414131;0.0256136011213867;-0.885730570260261;1.4668477439846;-0.205609418333006;1.26491264661906;57.7372180099145;1.57493124021929;1.46680354382253
1.1372610454348;7.34284563182832;4.14818478856557;0.0261469773217856;-0.867664983912512;1.46140456109327;-0.201230832995007;1.25554132085891;57.7629564516553;1.57488063595199;1.46917535978473
1.16284027072133;7.34012529555952;4.15582336257791;0.026651294095173;-0.849462384840343;1.45608512722881;-0.196839648516858;1.24600219105473;57.7886799233431;1.57656040256506;1.47167156049056
1.18839523064519;7.33726391469504;4.16338830236492;0.0271264481509519;-0.831124107461951;1.4508891749324;-0.192436089803844;1.23629897627653;57.8143945782535;1.57959364808051;1.47424176559995
1.21394302664573;7.33431141244628;4.17087966732653;0.0275722858084731;-0.812652724666209;1.44581670802698;-0.188020485794124;1.22643537294571;57.840112415449;1.58271683001165;1.47672203429364
1.23947091800937;7.33119326661762;4.17829808841427;0.0279886676346573;-0.794049736208298;1.44086736067119;-0.183593247992914;1.21641504391631;57.8658300372458;1.58608976960742;1.48096431473359
1.26498898863844;7.32796666312362;4.1856443141915;0.0283754278702853;-0.775316749826467;1.436040721523;-0.179154627678533;1.20624161780812;57.8915512910787;1.58959145871421;1.48558079752863
1.29049985111505;7.32464976712659;4.1929182266379;0.0287323613193205;-0.756457709656503;1.43133696793514;-0.174704932719775;1.19591870852202;57.9172768795726;1.59314784270875;1.49017194855589
1.31600136705596;7.32116179327599;4.20011986537891;0.0290593066425278;-0.737476115705383;1.42675617263049;-0.170244538962441;1.18544991282352;57.9430158243231;1.59592272352346;1.49635274557346
1.34149541634069;7.31759064950229;4.20724921771538;0.0293561274661256;-0.718375602744044;1.42229844235814;-0.165773790057143;1.17483881230551;57.9687587770827;1.59877981180504;1.50245133512417
1.36698116984742;7.31391609824709;4.21430591463822;0.0296227115999229;-0.699160662752699;1.41796409908151;-0.161293081683575;1.16408898114934;57.9945080675337;1.60118770285752;1.50826934721321
1.39245799177532;7.31010130437084;4.22128963181106;0.0298589936152908;-0.679835533116395;1.41375342011302;-0.156802796041131;1.15320398559703;58.0202689120048;1.60224523137411;1.51346699960045
1.41792653688939;7.30621093195596;4.22820003396147;0.0300649437809523;-0.660404391546855;1.40966667340457;-0.15230339527125;1.14218738451909;58.0460328749716;1.60337742974828;1.51858998213011
1.4433859348095;7.30220648553161;4.23503677178643;0.0302405635715771;-0.640871385961056;1.4057041185709;-0.147795406659456;1.13104272999652;58.0718052736497;1.60322550054003;1.52268886125704
1.46883624902261;7.29809121794948;4.24179952181815;0.0303858821324626;-0.621240546988394;1.40186598351809;-0.143279239502924;1.11977356713131;58.0975861565054;1.60181658709179;1.52578663468607
1.49427763919515;7.29390808784358;4.24848794531082;0.0305009517908485;-0.601515924077057;1.39815248831548;-0.13875542005688;1.10838343461476;58.1233691530611;1.6004746867045;1.52881739505415
1.51970941730867;7.28960210548543;4.25510171929053;0.0305858465987508;-0.581701507788129;1.39456382722174;-0.134224556829009;1.09687586470464;58.1491628891628;1.59870194185903;1.52832314464857
1.54513196834383;7.28521305056762;4.26164053707501;0.0306406594955443;-0.561801244822807;1.39110016903907;-0.129687080971477;1.08525438320294;58.1749615306814;1.59681802033102;1.52655584872299
1.57054510375513;7.28076393796111;4.26810406705151;0.0306655013975469;-0.541819165175399;1.38776167866999;-0.125143487397142;1.07352251013958;58.2007611828965;1.5949933696724;1.524729281928
1.59594858690522;7.27618505208841;4.27449201310774;0.0306605006369487;-0.521759205647546;1.38454848495999;-0.120594360167354;1.0616837593958;58.22657403148;1.59322471894601;1.52071434126798
1.621342647209;7.27154914424009;4.28080408590032;0.0306258007409632;-0.501625311426774;1.38146069647816;-0.116040238498601;1.04974163884218;58.2523877863461;1.59151057439668;1.51659267200438
1.64672702573348;7.26684608455044;4.28703997063614;0.0305615615411172;-0.481421533111493;1.37849841641827;-0.111481715793079;1.03769965098141;58.2782041657111;1.58994787338452;1.51201305237762
1.67210202570034;7.26203781542871;4.29319939024495;0.0304679583054899;-0.461151829425773;1.37566171155576;-0.106919389801112;1.0255612925532;58.3040307039086;1.58880684256269;1.5058683228717
1.69746736029494;7.25718218912824;4.29928206521479;0.0303451807769568;-0.440820205764028;1.37295063202707;-0.102353916879275;1.01333005480267;58.329856607685;1.58771250450131;1.49967690060533
1.72282316653526;7.25225236660183;4.30528770867926;0.0301934342426173;-0.420430726273292;1.37036521253791;-0.0977860102445089;1.00100942380051;58.3556872108571;1.58703847263228;1.49404833441506
1.74816978239394;7.24724370091044;4.3112160629911;0.0300129381194539;-0.399987396088751;1.36790545627223;-0.0932162944803939;0.988602880213402;58.3815239611848;1.58687226337831;1.48912995481382
1.77350661306648;7.24219563838018;4.31706685930898;0.0298039266587775;-0.379494300905922;1.36557135231753;-0.0886455135002261;0.976113899679991;58.4073587811733;1.58674484896239;1.48417278037454
1.79883451859341;7.23706814913933;4.32283984120214;0.0295666487633692;-0.358955523453012;1.36336286521209;-0.0840744805432882;0.963545952832151;58.4332004905652;1.58717795541957;1.47951892176024
1.82415327296814;7.23188643494088;4.32853477217176;0.0293013666629193;-0.338375123066842;1.36127993259959;-0.0795038281672637;0.950902505231339;58.459044048469;1.58788947335224;1.474989691264
1.84946224116636;7.22667330981395;4.3341513963709;0.029008358240895;-0.317757272065392;1.3593224795125;-0.0749342499944298;0.938187017828428;58.4848843376478;1.58863186076543;1.47042959128722
1.87476335717733;7.22137732025877;4.33968948944064;0.028687914632109;-0.297106072481326;1.35749039956674;-0.0703665246759718;0.925402946748663;58.5107337859354;1.58986044765785;1.47103980625125
1.90005516486386;7.21604995778242;4.34514883804276;0.0283403397810228;-0.276425638986484;1.3557835632402;-0.0658013537684332;0.912553743374218;58.5365805715577;1.5911564683064;1.47209454101809
1.92533771285586;7.21069069361456;4.35052920782852;0.0279659537240746;-0.255720211008734;1.35420182716174;-0.061239476057517;0.899642854795794;58.562424892895;1.59251942659931;1.47325610009653
1.95061313702523;7.20526364280502;4.35583040238029;0.0275650885549057;-0.234993930857411;1.35274501567172;-0.0566816544166757;0.886673723566169;58.5882763908677;1.59414777487174;1.4751211841455
1.97587926619559;7.19981802341209;4.36105222813474;0.0271380894365812;-0.214250985727762;1.35141293225099;-0.0521286859003682;0.873649787890229;58.6141227069268;1.59579425569475;1.47696813564389
2.00113728972907;7.19433682730236;4.36619448365336;0.0266853166433661;-0.193495643190947;1.35020536129595;-0.0475814020279566;0.860574481909396;58.6399686207936;1.59722029844264;1.47936824231974
2.02638835402439;7.18881088695068;4.37125699954101;0.0262071416950711;-0.172732095379596;1.34912205825513;-0.0430405773268333;0.847451235580863;58.6658172622437;1.59828590508065;1.48265571975058
2.05163038698089;7.1832743305275;4.37623960193154;0.0257039499204793;-0.151964609231336;1.34816275866449;-0.0385070874844856;0.834283474939694;58.6916593535833;1.5993617425812;1.48593296631889
2.07686593856853;7.17770025578897;4.38114212745781;0.0251761396579594;-0.131197461646614;1.34732717424688;-0.0339818534539719;0.821074622207371;58.7175031801793;1.59942330605834;1.48775786606987
2.10209442168812;7.17210266156775;4.38596443625172;0.0246241198793655;-0.110434890139509;1.34661499123797;-0.0294656636899363;0.807828095811671;58.7433451890327;1.59886883910582;1.48869922999191
2.12731421502742;7.16650235309066;4.39070637748347;0.0240483142368227;-0.0896812366382281;1.34602587583669;-0.024959382216277;0.794547310690587;58.7691793027415;1.59831674803126;1.48963821803598
2.15252962566671;7.1608642938079;4.39536782776913;0.0234491566677762;-0.0689407816533151;1.34555946834069;-0.0204639252399677;0.781235678297309;58.7950173492269;1.5962807437233;1.48944938298594
2.1777375516378;7.15522210439661;4.39994867936189;0.0228270913131246;-0.0482178027972891;1.34521538597742;-0.0159801102582711;0.767896606731517;58.8208489932535;1.59399406812724;1.48907431054604
2.20293771402371;7.14958130634506;4.40444881090458;0.0221825774186719;-0.0275166987762917;1.34499322464313;-0.011508786851764;0.75453350104007;58.8466727572498;1.5915400735444;1.48833817850129
2.22813503444735;7.14391152719043;4.40886813785648;0.0215160821045609;-0.00684176260529848;1.34489255525758;-0.00705082551411607;0.741149763224588;58.8725000945534;1.58746747651673;1.48396561671095
2.25332463207233;7.13825156159183;4.41320658440707;0.0208280827629989;0.0138026820412459;1.34491292669674;-0.00260710251121744;0.727748792444782;58.8983177443125;1.58338480404512;1.47960313036454
2.27850854141055;7.13259238480346;4.41746406913914;0.0201190704492423;0.0344122202485352;1.34505386481168;0.00182149692929955;0.714333985260982;58.9241296712355;1.57895415502672;1.47504056617344
2.30368943559015;7.12692368375538;4.42164054404157;0.019389543119827;0.0549825293469954;1.34531487297683;0.00623414095853189;0.700908735735987;58.9499407464409;1.57381530067666;1.47005276952797
2.32886309786725;7.12127246034726;4.42573596408624;0.0186400097066439;0.075509227638757;1.34569543199952;0.0106299128960618;0.687476435665017;58.9757409324567;1.56865874183861;1.46508267737049
2.35403360052712;7.11562307194738;4.42975029438815;0.017870989501649;0.0959879132441897;1.34619499976936;0.0150078782921974;0.674040474771969;59.0015376336691;1.5638550115491;1.45923541467938
2.37920055019494;7.10998173363842;4.43368352607528;0.0170830082583704;0.116414239664104;1.34681301363343;0.0193672342977555;0.660604240906713;59.0273291061648;1.55932140673478;1.45270672348504
2.40436079399793;7.10436541176226;4.43753564845181;0.0162766034938957;0.136783774291002;1.3475488868434;0.0237071142291198;0.647171120270039;59.053108573569;1.55476258983324;1.44620324437792
2.42952085041317;7.09875359817257;4.44130667484754;0.0154523193735681;0.157092133522615;1.34840201234886;0.0280266189317681;0.633744497634052;59.0788868762785;1.55081859085667;1.4396292979688
2.45467643240382;7.09316551134468;4.44499663807927;0.014610706268283;0.177334953158408;1.34937176338651;0.032324960059103;0.620327756601574;59.1046556562202;1.54701065217881;1.43305984257722
2.47982611475975;7.08760908653979;4.44860556601777;0.0137523269314739;0.197507761184429;1.35045748686068;0.0366013342182952;0.606924279798581;59.1304118278926;1.54318844377067;1.42651907469657
2.50497849956877;7.08206290822411;4.4521335210153;0.0128777470898092;0.217606192765435;1.35165851391703;0.0408549209519312;0.593537449181036;59.1561684300654;1.53994219577097;1.41988377607022
2.53012534602469;7.07655351329852;4.45558057935979;0.0119875386593612;0.237625868815452;1.35297415566095;0.0450849104138222;0.580170646320824;59.1819117266516;1.53665901882658;1.41328540638856
2.55526915087831;7.07107796232813;4.45894681617078;0.0110822846776417;0.257562315699389;1.3544036964669;0.0492905112889423;0.566827252582066;59.2076448294755;1.5333813820669;1.40690803460469
2.58041488897131;7.06562829951068;4.4622323395429;0.0101625700034056;0.277411161981097;1.35594640729066;0.0534709705061748;0.553510649506003;59.2333743255659;1.53018833006392;1.40107996312401
2.60555564813972;7.06022254064808;4.46543726733495;0.0092289863511309;0.297167996509659;1.3576015371424;0.0576254481850772;0.540224219072957;59.2590896906313;1.52695125072764;1.39529591897664
2.63069662887158;7.05485438657938;4.46856172866473;0.00828213251662636;0.316828380655177;1.35936831276336;0.0617531160085371;0.526971343950741;59.2847973935677;1.52331638792155;1.38971607374448
2.65583835276428;7.04952582834738;4.47160587965399;0.00732260894245588;0.336387942430188;1.36124594758899;0.0658532546917342;0.513755407916164;59.3104975844839;1.51927803498355;1.38434412921147
2.68097565082048;7.04424811015444;4.47456988295789;0.00635102360023145;0.35584224692945;1.36323363037411;0.0699250582074028;0.500579796063439;59.3361829511912;1.51518873838344;1.37902312834057
2.70611681689453;7.03901332164886;4.47745392291563;0.00536798734922376;0.375186894638395;1.36533053405322;0.0739677195925486;0.487447895184408;59.361863318055;1.51052009191091;1.37514722682561
2.73125711022121;7.03382989180555;4.48025820584532;0.00437411265240713;0.394417519313369;1.36753581734249;0.0779805630326783;0.474363094192719;59.3875324102379;1.50560313981935;1.37183740966287
2.75639351395279;7.02870404121475;4.48298294228595;0.0033700201296513;0.413529671175134;1.36984861083081;0.0819628901790748;0.461328784251599;59.4131861260864;1.50062852263463;1.36858525759328
2.78153778951844;7.0236279967123;4.48562837290866;0.00235632903823484;0.432518993658233;1.37226803743031;0.0859139947924656;0.448348359338589;59.4388376527761;1.49489312822011;1.36630243593441
2.80667915050853;7.01861311910799;4.4881947562836;0.00133366028443347;0.451381132737325;1.37479320399263;0.0898332055677756;0.435425216640547;59.4644742873021;1.4890711115703;1.3641136839361
2.83181967151521;7.0136609401162;4.49068235681134;0.000302642019444631;0.470111654053209;1.37742318849545;0.0937198696804294;0.422562756651698;59.490097906743;1.48304716632962;1.36232007536684
2.85696732345502;7.00876952812553;4.49309146933654;-0.00073610057563192;0.488706222591078;1.38015706438694;0.0975733729642239;0.409764383823427;59.515716851088;1.47640401850569;1.36192093609749
2.88211212962181;7.00394599733698;4.49542240385073;-0.0017819401760476;0.507160483777506;1.38299388601282;0.101393045624888;0.397033506885364;59.5413201267853;1.46969293569745;1.36158973181245
2.90725988761441;6.99919144657434;4.49767548400107;-0.00283424604083379;0.525470054166971;1.38593268548907;0.105178240481713;0.384373539083505;59.5669133970923;1.46242935062504;1.36219837677765
2.93241277299523;6.99450735341853;4.49985106007091;-0.00389239050363442;0.543630622257121;1.38897248910544;0.108928409550243;0.371787898809098;59.59249871264;1.45446335184581;1.36401571450106
2.95756324727321;6.98989731018051;4.50194949566634;-0.00495574326466178;0.561637838913393;1.39211230037996;0.112642936886038;0.359280009817837;59.6180682033479;1.44642326420837;1.36590714108268
2.98272076418904;6.98536405669552;4.50397117512807;-0.00602367479654863;0.57948737977552;1.39535110952239;0.116321216288818;0.346853301672096;59.643630891871;1.43654103488785;1.36862772661531
3.00788097151302;6.98090897706642;4.50591650598136;-0.00709555852964058;0.597174963791262;1.39868789830328;0.119962761268097;0.334511210305546;59.6691824821755;1.42570082288554;1.37180145229582
3.03303914979155;6.97653388850112;4.50778590804755;-0.00817076489514544;0.614696257478403;1.40212162165796;0.123567067091389;0.322257178116867;59.6947182479609;1.41478059535435;1.37505519350521
3.05820872468494;6.97224492293685;4.50957982721526;-0.00924866909965429;0.632046999419075;1.40565123098036;0.127133627201176;0.31009465464662;59.7202506337861;1.39787606097631;1.38045045059163
3.08337813298116;6.96803986732107;4.51129872999246;-0.0103286491826441;0.649222946539785;1.40927566595415;0.130661977955794;0.298027097046632;59.7457688940464;1.38024186653282;1.38615465221439
3.10854791629025;6.96392157859742;4.5129430960472;-0.0114100808386937;0.666219803052941;1.41299383780725;0.134151670961719;0.286057970098312;59.7712733700034;1.35902195555165;1.39196214289651
3.13372951352572;6.95989794380271;4.5145134324443;-0.0124923466894464;0.683033361563808;1.41680465919262;0.137602282605526;0.274190747004215;59.7967743989295;1.31533809758482;1.39796985274936
3.15890976253394;6.95596322565924;4.51601026535468;-0.0135748319274242;0.699659415275443;1.42070702717054;0.14101334956625;0.26242890972666;59.822260217476;1.27156532943319;1.40406647278697
3.18409447841497;6.95212397686764;4.51743413800591;-0.0146569222763935;0.716093736377607;1.42469981606458;0.14438443659768;0.250775949115006;59.847735887149;1.21860642816343;1.4102307360724
3.2092880971659;6.94838497061085;4.51878561924591;-0.0157380106405903;0.732332169877901;1.42878189994696;0.147715180369191;0.239235365627638;59.8732054492488;1.15001656223998;1.41644769381991
3.23448055916177;6.944740196699;4.5200652963895;-0.0168174922419732;0.748370549806524;1.43295213312272;0.151005142613453;0.227810669509447;59.8986602035844;1.08133248563371;1.42275886225025
3.25968177428367;6.9412011117449;4.52127377804161;-0.0178947665850628;0.764204732459166;1.43720935699895;0.154253902523818;0.216505381135282;59.9241087077827;1.03922728927439;1.42772211085656
3.2848885746486;6.93776586710922;4.5224116965094;-0.0189692401628701;0.779830625488264;1.44155240874265;0.157461140855955;0.205323031578405;59.9495485130167;1.01457152005461;1.43183298613433
3.31009432791266;6.93442993036533;4.52347970253975;-0.0200403217049834;0.795244117919963;1.44598010158863;0.160626491303689;0.194267162601096;59.9749740606326;0.989816480172687;1.43604313207424
3.33531327018715;6.93121141976749;4.52447847106176;-0.0211074275937347;0.810441157792615;1.45049124563861;0.163749594029895;0.18334132720582;60.0003975509499;0.971181937915685;1.43902587917675
3.3605341000324;6.92809835245044;4.52540869952988;-0.0221699810650547;0.825417727748914;1.45508464250386;0.166830153173438;0.172549090011941;60.0258097811984;0.953654668381355;1.44185258469471
3.38575514899848;6.92509105906038;4.52627110457877;-0.0232274080407439;0.840169792273662;1.4597590672898;0.169867860834344;0.161894027072673;60.0512094883716;0.936116204070846;1.44467476252549
3.41099143784202;6.92221108489332;4.52706642824398;-0.0242791443824395;0.854693396507978;1.46451329850766;0.172862429735201;0.151379726524368;60.0766095774619;0.919681289799912;1.44618867109383
3.43622680921433;6.91943788888034;4.52779543464086;-0.0253246327107178;0.868984609827161;1.46934610188662;0.175813565423813;0.141009788728116;60.1019968692518;0.903139670093363;1.4478092850978
3.46146654731311;6.91678156403378;4.52845890890205;-0.0263633202123998;0.88303950327547;1.47425622013482;0.17872098630047;0.130787826052052;60.1273760032202;0.886339030043135;1.4488379459587
3.48671768296084;6.9142539997829;4.52905766106139;-0.0273946643533179;0.896854224397531;1.4792423978128;0.18158447248011;0.120717463344464;60.1527533244449;0.869086356326423;1.44838381437163
3.51196775030166;6.91183764360978;4.52959252347355;-0.0284181293128633;0.910424942600942;1.48430336269491;0.184403731696994;0.110802337790128;60.1781187473247;0.851722563783798;1.44804080161048
3.53722640341635;6.90955077508656;4.5300643516264;-0.0294331867693001;0.923747864044335;1.48943782881007;0.18717848266353;0.101046098786017;60.2034807134317;0.834529654302335;1.44742727799333
3.56249226621376;6.90739210495951;4.53047402532112;-0.030439318442519;0.936819261314529;1.4946445073714;0.189908582729396;0.0914524080802642;60.22883862501;0.817464774026099;1.44660074905132
3.58775680624944;6.9053488275734;4.53082244728776;-0.031436012877165;0.949635431688446;1.49992208930929;0.192593857483787;0.0820249392842866;60.2541856557176;0.800284606351423;1.44588950750774
3.61303416949609;6.90344917506083;4.53111054465264;-0.0324227685213959;0.962192739560593;1.50526926015483;0.195234133656955;0.0727673777509633;60.2795343001068;0.784093646381284;1.44435721990606
3.6383142483391;6.90167515044979;4.53133926877564;-0.0333990936930236;0.974487612238082;1.51068469822663;0.197829387815168;0.0636834202940879;60.3048765484212;0.768107971189859;1.44266875551261
3.66359279779007;6.90002077300113;4.53150959480669;-0.0343645038093407;0.986516510589006;1.51616705892692;0.200379649009949;0.0547767742815709;60.330209176139;0.752014886448282;1.44109821264763
3.68888805881905;6.89852503459357;4.53162252290437;-0.0353185259846893;0.998275988894793;1.52171499908257;0.20288492132265;0.0460511573723669;60.3555486209614;0.737202041132584;1.43949558319526
3.71418143423281;6.89715066820548;4.53167907777268;-0.0362606970866023;1.00976266831076;1.52732716444114;0.205345199823278;0.0375102967045392;60.3808793083345;0.722267964666522;1.43801418489326
3.73947722608021;6.89590943903672;4.53168030888216;-0.0371905636434892;1.02097324143784;1.53300218862678;0.207760521254769;0.0291579278759017;60.4062055345641;0.707420249389755;1.43667343724688
3.76478500577525;6.89482408320541;4.53162729031453;-0.0381076890927801;1.0319045524912;1.53873873500348;0.210130930680897;0.0209977951392481;60.4315365769898;0.69310087557829;1.4355122625623
3.79009033684854;6.89386359889409;4.53152112041963;-0.0390116454133917;1.04255349641652;1.54453544577862;0.212456390937156;0.0130336497141647;60.4568601294824;0.678656783458673;1.43447580618586
3.81540286199328;6.8930511383037;4.53136291210776;-0.0399020738707846;1.05291764376571;1.55039131887358;0.214736895179701;0.00526926076008382;60.4821856901161;0.664114080604464;1.43415069402945
3.84072340878319;6.89238940768686;4.53115377699859;-0.0407787004736183;1.06299521309672;1.55630580938697;0.216972505163241;-0.00229156983577989;60.5075148823091;0.64947475403072;1.43459305673236
3.86604086154205;6.89185535330118;4.53089484823584;-0.0416412022197252;1.07278361172654;1.56227798692024;0.219163254444789;-0.00964502161208629;60.5328379671979;0.634707917196947;1.43516292969531
3.89139695609245;6.89148606666551;4.5305872195277;-0.0424894182350925;1.08228178816631;1.56830799102973;0.221309208284231;-0.0167872193491726;60.5581967507544;0.61910476498461;1.43665374995148
3.91676681252169;6.89125870102104;4.53023193766104;-0.0433232870699123;1.09148918148992;1.57439663029822;0.223410484638579;-0.0237142097608296;60.5835676259931;0.603088232106217;1.43859218445336
3.94213313992871;6.89115930188532;4.52983012853529;-0.0441425299828758;1.10040265517035;1.58054322355511;0.225467209252834;-0.0304220148054019;60.6089341481495;0.586943981340566;1.4406583368425
3.96760801646464;6.89125447259098;4.52938291606144;-0.044946882896161;1.10901953528314;1.58674734374563;0.227479528914189;-0.0369066247789611;60.6344092024572;0.570497706092788;1.44394135734649
3.99308580954092;6.89147747063221;4.5288914332895;-0.0457360708237998;1.11733725413975;1.59300860945952;0.229447584310723;-0.0431639991579218;60.659887971426;0.553918035193171;1.44740926230482
4.01857756087149;6.89184318099641;4.52835692748745;-0.0465096501046316;1.1253519406905;1.59932545525674;0.231371542893183;-0.0491901132255276;60.6853823459029;0.537343929277317;1.45142994218726
4.04414568516204;6.89241242272352;4.52778080619339;-0.0472669937441067;1.13305876655501;1.60569495340139;0.233251602047204;-0.0549810139608004;60.7109568061295;0.521233480565127;1.45750508169117
4.06970948473041;6.89310476553828;4.52716451690865;-0.0480074984775374;1.14045411312367;1.61211437803358;0.235087909445927;-0.0605328204695056;60.7365299793183;0.505000659952477;1.46370259309553
4.09528810246035;6.8939650199751;4.52650948223305;-0.0487306657740043;1.14753594499467;1.61858177290584;0.236880645922777;-0.0658417036342713;60.7621230589038;0.489215475538371;1.47049094732409
4.12088901251072;6.8950108387249;4.52581723712677;-0.049435941234561;1.15430205836066;1.62509449297836;0.238630048567812;-0.0709039210434484;60.7877453213384;0.47410777771741;1.47805817923039
4.14648400879998;6.89618113035331;4.52508931666964;-0.0501228440616607;1.16075133709945;1.63165032287916;0.240336318324569;-0.0757158112303618;60.8133670585461;0.458876419998634;1.48574907103451
4.17210356892322;6.89755010444193;4.52432719156138;-0.0507910175098516;1.1668839575556;1.63824794779717;0.241999686085399;-0.0802737702670457;60.8390231679738;0.444659557052099;1.49418910433926
4.19773271637679;6.89908315844775;4.52353234319011;-0.0514401431175365;1.17270046054404;1.64488618724963;0.243620434281308;-0.0845742581795297;60.864698125691;0.430929463082067;1.50308783887674
4.22335413238305;6.90074134855944;4.52270631004576;-0.0520698961193469;1.17820146959204;1.65156360388669;0.245198840458807;-0.0886138220332951;60.8903731437555;0.417075119999196;1.51211082252705
4.24902212364716;6.90263535351803;4.52185059377293;-0.0526800152599312;1.18338837894464;1.65827927255929;0.246735207588352;-0.0923890907108703;60.916110918141;0.405866049866536;1.5208180020631
4.27468816593642;6.90466748543181;4.52096670773249;-0.0532702563521136;1.18826295898328;1.66503235409978;0.248229860060449;-0.095896787833539;60.9418572826787;0.394891369620307;1.52959123904609
4.30035359627955;6.9068410041406;4.5200562559835;-0.0538403362398125;1.19282704232178;1.67182150386855;0.249683148611269;-0.0991337703800906;60.9676145825814;0.384087129428177;1.53822112086824
4.32607532433107;6.90926115548347;4.51912073869417;-0.0543900560650938;1.19708357977567;1.67864633964559;0.251095449681944;-0.102097011245058;60.9934499154896;0.375305786332008;1.54502576845935
4.35178572380842;6.91180369996518;4.51816169547982;-0.0549192025589891;1.20103583996087;1.68550634093654;0.252467114135854;-0.104783627860966;61.0192857273353;0.366403258975229;1.55195160031108
4.3775223632018;6.91452530168746;4.51718073826359;-0.0554275307129436;1.20468743607345;1.69240063762722;0.253798531099904;-0.107190922560045;61.0451658688187;0.358114166211484;1.5583877617416
4.40331545203181;6.91747015111084;4.51617932354905;-0.0559148809502946;1.20804319901608;1.69932961319953;0.255090122050364;-0.109316361190352;61.071126523077;0.351039376051591;1.56383422822539
4.42909447281416;6.92053462381748;4.51515902693023;-0.0563810323482513;1.21110814817441;1.70629296636525;0.256342253324008;-0.11115763373556;61.0970870489859;0.343846456820066;1.56939882378081
4.45494758030983;6.92382870650331;4.51412148116581;-0.0568257406899034;1.21388792057328;1.71329017587129;0.257555320495515;-0.112712700461839;61.1231491699265;0.338058684877086;1.57404389352067
4.48084617838453;6.92731518014663;4.51306823946297;-0.0572488000733649;1.21638917553567;1.72032142716893;0.258729766015172;-0.113979804548805;61.1492813891338;0.333215450195487;1.57808187755512
4.50672739120881;6.93091590260396;4.51200103267728;-0.0576499402696546;1.2186189846794;1.72738588881749;0.259866013767053;-0.114957559966903;61.1754118766813;0.328259959378773;1.58223211772467
4.53273157706732;6.93481300265275;4.51092169658028;-0.0580288752040381;1.22058520110273;1.73448222486415;0.260964513661258;-0.115645023274144;61.2017064592214;0.324267127181059;1.58668396852789
4.55874568021872;6.93885587556675;4.50983208855845;-0.0583853483122115;1.22229664038223;1.74160914264189;0.262025738172472;-0.116041747606142;61.2280328411256;0.320398341080078;1.59128039907878
4.58474757624775;6.94302027769031;4.50873413237618;-0.0587191316449259;1.223762924905;1.74876508452897;0.263050176268621;-0.116147853667679;61.2543661060609;0.316438347208243;1.5960765727244
4.61086875869505;6.9475304556927;4.50763001349587;-0.0590299932359465;1.2249941844072;1.75594694059709;0.264038343327254;-0.115964156262839;61.2808738007562;0.312573008605327;1.60249348404139
4.63696586444717;6.95213738420676;4.50652191553539;-0.0593178092653749;1.22600127072844;1.76315173544347;0.264990736268437;-0.11549222406448;61.3073744180881;0.308614342111344;1.60900372324945
4.66306567966057;6.95692408250401;4.5054118713288;-0.0595826219960871;1.22679544662845;1.77037754687654;0.265907891008624;-0.114734404485608;61.3339095426358;0.30451244271456;1.61595835452255
4.689205488603;6.96200387483618;4.50430210682197;-0.0598245842275162;1.22738757661491;1.77762121821323;0.266790374068548;-0.113693939473235;61.3605383597647;0.300200903484754;1.62384492540735
4.71531733515114;6.96717361408895;4.5031947511708;-0.0600440742214439;1.22778770070132;1.78488018338798;0.267638695444085;-0.112375005651956;61.3871570512069;0.295803082077687;1.63181777846942
4.74143528254804;6.97259029690083;4.50209174538182;-0.0602417544587182;1.22800406047628;1.79215300805883;0.268453395587082;-0.110782730393571;61.4138307766481;0.290849884956625;1.63986042206839
4.76755377007182;6.97823375935553;4.50099502857409;-0.0604185955524646;1.22804177161989;1.79943810851165;0.269235057383125;-0.108923249792108;61.4405520052689;0.285395974353009;1.64797143396243
4.79364042588043;6.98396160017627;4.49990647426725;-0.0605759762913997;1.22790124769827;1.80673409493769;0.269984237717067;-0.106803739970488;61.4672600896582;0.279861337857609;1.65616317174824
4.81974602772475;6.99001673120144;4.49882787846302;-0.060715797977377;1.2275760830921;1.81403976729568;0.270701518425313;-0.10443108846937;61.4940587287913;0.273895072941616;1.66309442065103
4.84583297788672;6.99622640011832;4.49776099410716;-0.0608393780422888;1.22706355019893;1.82135389126054;0.271387499028841;-0.10180623704247;61.5208745628602;0.267744754979298;1.66968627420296
4.87188418233811;7.00251387705753;4.49670758712192;-0.0609417512755461;1.2264259857937;1.82867534439466;0.272042784023941;-0.0989354777669313;61.54767377217;0.26152022534193;1.67635233942994
4.89795418765458;7.0092172517692;4.49566944982353;-0.0610196206164585;1.22571914824102;1.83600300913951;0.272667998701948;-0.0958250585512474;61.5745918034822;0.25485548998612;1.68142840647806
4.92398581184566;7.01599190574001;4.49464834123104;-0.0610711958995584;1.22499135852026;1.84333606934091;0.27326374743485;-0.09248111406315;61.6014905282559;0.248123189023161;1.6865689517137
4.9499874744044;7.02292054497846;4.49364594422919;-0.0610960014397346;1.2242830336265;1.85067422079504;0.273830663740276;-0.0889096054125053;61.6283994951167;0.241405864409692;1.6919747207713
4.97597919444138;7.03019226740938;4.49266392690677;-0.0610946643880204;1.22362666575554;1.85801714320187;0.274369403181751;-0.085116294896554;61.6553892609103;0.234893287537898;1.69809698722819
5.00192882776224;7.03752781256753;4.49170389670083;-0.0610687070332491;1.22304700470433;1.8653647532906;0.274880561210351;-0.0811067252576522;61.6823557900205;0.22832030856862;1.70427965578257
5.02784861763161;7.04510267046146;4.49076738880162;-0.0610203385531494;1.22256151272825;1.87271723783851;0.275364759053801;-0.0768862102858896;61.7093597523036;0.221817650237272;1.71151146336989
5.05373868319384;7.0529378434397;4.48985589708106;-0.0609522597922875;1.22218103002276;1.88007476971028;0.275822651588527;-0.0724598450317109;61.7364094367826;0.215406431296176;1.71992462046709
5.07958325272558;7.06082978001815;4.48897085144643;-0.060867483690113;1.22191052777925;1.88743764787339;0.276254853822134;-0.0678325193563564;61.7634321020331;0.208941377764999;1.72839161215438
5.10539270253583;7.0690546511977;4.48811363137366;-0.0607691767286118;1.22174996207418;1.89480616651787;0.27666200008429;-0.0630089420054991;61.7905204058823;0.202696861584795;1.73837642215058
5.13115900763698;7.07744824502313;4.487285570758;-0.0606605229976515;1.2216951507696;1.90218055574503;0.277044741871625;-0.0579936703982799;61.8176193891819;0.196519405866146;1.74902969581223
5.15687668752712;7.08589125864815;4.48648794178583;-0.060544608646009;1.22173864502794;1.90956111899172;0.277403723817963;-0.0527911393000454;61.8446875168971;0.190294824088715;1.75973009553266
5.18254729054682;7.09476864362769;4.48572196647013;-0.0604243326245937;1.22187057391263;1.91694814433627;0.277739604210369;-0.0474056935110886;61.8718497668678;0.184790206014851;1.77167858450075
5.20816731315147;7.10371454830407;4.48498882419323;-0.0603023402879181;1.22207942246848;1.92434184721799;0.278053020989826;-0.0418416217168198;61.8989867300129;0.179296032721841;1.78374802704198
5.23373511843222;7.11277623810527;4.48428965135844;-0.0601809769790712;1.22235273130246;1.93174239007155;0.278344628934376;-0.0361031883883588;61.9261128592784;0.173799141787229;1.79595494062652
5.25924605709185;7.12223357673992;4.48362553981526;-0.0600622602978922;1.22267770864826;1.93914992528941;0.278615088083854;-0.0301946626856098;61.9533203811308;0.168444476102623;1.80866769979437
5.28470371294307;7.13172532349332;4.48299754790531;-0.0599478713286279;1.22304173953972;1.9465645039841;0.278864982207589;-0.0241203471361822;61.9804899504661;0.163056623947536;1.8214136454327
5.31010081900886;7.14143344740309;4.48240673083542;-0.059839163648679;1.22343277739084;1.953985712902;0.279094903714202;-0.0178846103530721;62.0076792988652;0.15771605534493;1.83439814890933
5.33543298915396;7.15143799558292;4.48185413851987;-0.0597371774056524;1.22383965499157;1.96141261726859;0.279305468269418;-0.0114919147311285;62.0349154848783;0.15246310350737;1.84771175634152
5.36070999287215;7.16146760281335;4.48134075276508;-0.0596426505358328;1.22425236468534;1.96884454825291;0.279497234708943;-0.00494682503625867;62.0621096007523;0.147185438497885;1.86105007694565
5.38589328292172;7.17181682329204;4.48086755782737;-0.0595560619747201;1.2246621523348;1.97628011734087;0.279670768202375;0.00174596717082017;62.0893365077055;0.142351013816388;1.87495247541882
5.41099916819859;7.18235068969641;4.48043552116592;-0.0594776616467253;1.22506160308367;1.98371730252799;0.279826664726244;0.00858162867823956;62.1165627416896;0.137757878220497;1.88917633555947
5.43604901157739;7.19290124619668;4.4800454882797;-0.0594074875898215;1.2254447618242;1.99115519759367;0.279965514195605;0.0155552032613688;62.1437437809591;0.133147223282872;1.90341771504187
5.46094780790873;7.20386886197811;4.47969827611828;-0.0593454221317733;1.22580700170509;1.9985925659818;0.280087909808891;0.0226616054624818;62.1709511081832;0.1286944588563;1.91861708254172
5.48577688306156;7.21490604971143;4.47939465716278;-0.0592912253410822;1.22614495149256;2.00602805074076;0.280194434078979;0.0298956224562247;62.1981228303591;0.12425166360955;1.93396401459786
5.51053599302434;7.22600583015915;4.47913531452043;-0.0592445613587057;1.22645643308584;2.01346137471367;0.280285665657475;0.0372519363117568;62.2252561798047;0.119817273736907;1.94946801048953
5.53513010276906;7.23752305625184;4.47892085979222;-0.0592050334367229;1.22674031102403;2.02089360846962;0.280362178079664;0.04472514663562;62.2524134390737;0.115550375967024;1.96612974411455
5.55966697542558;7.24905072042875;4.47875190140995;-0.0591722236268268;1.22699625582634;2.02832560916361;0.280424506027381;0.0523097681389187;62.2795233110973;0.111269492657253;1.98280546327945
5.58412000919659;7.26075255832371;4.47862904005677;-0.0591457136167784;1.22722459414098;2.03575798740652;0.280473180410185;0.0600002300723973;62.3066320526898;0.107249812561288;1.99994752038372
5.60846440328302;7.27277344613461;4.47855284094941;-0.0591250955290985;1.22742622716893;2.04319318783836;0.280508728258908;0.0677909008412314;62.3337825824673;0.103738525844539;2.01795822620905
5.6327502539727;7.28479872125753;4.47852389146384;-0.0591099983145521;1.22760238609384;2.05063256155284;0.280531632749473;0.0756760722358357;62.3608825785098;0.100217971114528;2.03597820004764
5.65695351862641;7.29712919203585;4.47854277318405;-0.0591000929782456;1.22775452967644;2.05807638898457;0.280542369696522;0.0836499480231769;62.3880457618562;0.0967085019094202;2.05444942194831
5.68107983552749;7.30967430029596;4.4786100482073;-0.0590950943965403;1.22788428365126;2.06552550528516;0.280541409314094;0.0917066520133083;62.4152387555948;0.093211729806427;2.07324222145812
5.70514752308792;7.32221054051734;4.47872625085648;-0.0590947670728607;1.22799331514726;2.0729799000547;0.280529193471832;0.0998402206873833;62.4423756475207;0.0897182480236731;2.09203173064768
5.72910410620001;7.33518860289301;4.47889185338361;-0.059098923611307;1.22808325828463;2.08043821982438;0.280506153298467;0.10804459451369;62.4696217110425;0.0861233428272306;2.1102071165105
5.75299106862277;7.34824742481566;4.47910726421805;-0.0591074216586059;1.22815567905963;2.087898990055;0.280472697813656;0.116313623415834;62.4968452266823;0.0825207697645604;2.12822782430875
5.77681541235935;7.36130975826581;4.47937285317997;-0.0591201628936003;1.2282120325127;2.09536145809104;0.280429221131441;0.124641077868495;62.5240155028981;0.078915855714478;2.1460552692185
5.80046494234957;7.37489057900573;4.47968888023439;-0.0591370866431286;1.22825360265377;2.10282348223044;0.280376104665199;0.133020644392316;62.5512870807903;0.0749213523656539;2.16053787282017
5.82406085283443;7.38843369578938;4.48005553377589;-0.059158165753572;1.22828150018249;2.11028310127424;0.280313687762756;0.141445933969249;62.578493385277;0.070958800779153;2.17498852465952
5.84755467302619;7.40210306984538;4.48047300414633;-0.0591834059354175;1.22829665318757;2.11773978136678;0.280242302443997;0.149910494805109;62.6056744701392;0.0667900741212518;2.18701656841007
5.87087193155452;7.4161454840904;4.48094140256385;-0.0592128364370992;1.22829978944307;2.12519251735583;0.280162269096113;0.158407812795183;62.6328936535051;0.0620566082873608;2.19299683585653
5.89413979659951;7.43014083576228;4.48146079734325;-0.0592465060767586;1.22829144758727;2.13264054601014;0.280073854892638;0.16693131500939;62.6600462484487;0.057363963175124;2.19893628258133
5.91725797435569;7.44439617237113;4.48203123954861;-0.0592844795357439;1.22827198866404;2.14008359981853;0.279977316566486;0.175474372614367;62.6872062330694;0.0523554522767313;2.20076195540135
5.94023524567406;7.45888457574857;4.48265273458587;-0.059326830641596;1.22824161169513;2.14752140678701;0.279872901992345;0.184030301416632;62.7143699741532;0.0470618004254199;2.19876973705521
5.96316823577781;7.47331713200563;4.48332524533296;-0.0593736378092106;1.22820037468601;2.15495372865599;0.279760823812132;0.192592362374375;62.7414664815889;0.0418176434147791;2.19672802386839
5.98589073459937;7.48815058328663;4.48404867774616;-0.0594249788634588;1.22814821789344;2.16238020500144;0.279641282172988;0.201153762397352;62.7686021265895;0.0364900415293763;2.19467159818475
6.00851808716721;7.50307113878798;4.48482288732652;-0.0594809278069806;1.22808498740053;2.16980044851003;0.279514454045602;0.209707655736135;62.7957060019711;0.0311751234840044;2.192570433101
6.03110748204138;7.51792737384296;4.48564770018217;-0.0595415534038948;1.228010456723;2.17721424142875;0.279380496774742;0.218247145485354;62.8227428006127;0.0259185742029667;2.19041089925291
6.0534109156067;7.53332758453373;4.48652282919682;-0.0596069108027667;1.22792435411135;2.18462078639375;0.279239554200101;0.226765287898856;62.8498464837226;0.0214578365918139;2.19183391858094
6.07567897109306;7.5486629196054;4.48744793590449;-0.059677043846146;1.22782638027117;2.19201932857408;0.279091729813637;0.235255096363205;62.87688421286;0.0170726231897532;2.19323236422054
6.09785061723648;7.56406391698296;4.48842265345929;-0.0597519857013059;1.2277162240955;2.19940931993928;0.278937118523885;0.243709545588444;62.9038800016599;0.0129071709240416;2.19459896939734
6.11976401634176;7.57987109144026;4.48944635255808;-0.059831740175688;1.22759360105401;2.20678868951605;0.27877580640697;0.252121587083368;62.9308996949349;0.00934174365232657;2.19601972155757
6.14165336817118;7.59560020219008;4.49051840305201;-0.059916300295051;1.22745824626493;2.21415592347802;0.27860783856795;0.260484154582783;62.9578542613104;0.00585068388581803;2.1973661062126
6.16335145904347;7.61152084588241;4.49163818219082;-0.0600056497319879;1.22730992180723;2.22151001618759;0.27843326054001;0.26879016965309;62.9847666012882;0.00329146829331289;2.19685695619263
6.18482954138559;7.62768352415469;4.49280481521533;-0.0600997429032619;1.22714845403108;2.22884874842274;0.278252100944813;0.277032561332043;63.0116467089894;0.00182133321949138;2.19416488975364
6.20629025185225;7.64377022127292;4.49401753731987;-0.0601985337011122;1.22697369914698;2.23617106377882;0.278064345578319;0.285204264346557;63.0384672965651;0.000424128109552252;2.19139989335077
6.22745531173074;7.6601555827503;4.49527568119034;-0.0603019766569252;1.22678554203075;2.2434768122343;0.277869973192195;0.293298216900112;63.0652336902408;-9.99854388172849e-09;2.18553874913564
6.24848116678572;7.67663701027575;4.49657851058608;-0.0604100150707272;1.22658391562256;2.25076568265295;0.277668915722146;0.301307415359577;63.0919493042909;4.24328071179647e-05;2.17826823987465
6.26949309275761;7.69305081865149;4.49792531564139;-0.0605225896676046;1.22636878695563;2.25803773595868;0.277461061580177;0.3092249826473;63.1186122774642;0.000149144168863163;2.17093346205756
6.29012626794131;7.70987630303977;4.49931550827286;-0.0606396478605165;1.2261401386709;2.2652938475169;0.27724629347657;0.317044177761523;63.145236042094;0.000788306527551103;2.16038403034689
6.3107176570657;7.72667860729538;4.50074848343118;-0.0607611335901466;1.22589798365722;2.27253489697578;0.277024448330203;0.324758389048013;63.1718127750454;0.00152119948362039;2.14953010226964
6.33123506592353;7.74350178178349;4.50222349736153;-0.0608869775483212;1.22564238158369;2.27976116834976;0.276795359311562;0.33236113523624;63.198345458025;0.00241197362692983;2.13812592852106
6.35141948823135;7.76068552206864;4.50373985727962;-0.0610171133767068;1.22537340716942;2.28697331909803;0.276558863189204;0.339846050873891;63.2248537932064;0.0038836028021966;2.12410833072049
6.37159324616498;7.77781405358009;4.50529682547498;-0.061151470241439;1.22509116158778;2.29417189174552;0.276314740584527;0.347206879377282;63.2513182429627;0.00540651899526762;2.11003944590212
6.39160447202218;7.79507987346467;4.50689354217795;-0.0612899664017662;1.22479578361419;2.30135697702634;0.276062781059845;0.354437471289705;63.2777484850462;0.00714709496749161;2.09519034564618
6.41137404283018;7.81258508638839;4.50852911554874;-0.0614325169311781;1.22448743303251;2.30852865262793;0.275802774483766;0.361531774249566;63.304154325488;0.00919053843716203;2.0791819854691
6.43113538114151;7.83003922089271;4.51020262569219;-0.0615790343285474;1.22416628751331;2.31568699883026;0.275534455555008;0.368483822441637;63.3305201613964;0.0112813425133768;2.06312626468547
6.45064047894723;7.84773414552408;4.51191307737312;-0.0617294245747133;1.22383254920818;2.32283189824161;0.27525756303388;0.375287729652413;63.3568556735069;0.0136083328892317;2.04805943261389
6.46999292329154;7.8655516032534;4.51365941673521;-0.0618835885931696;1.22348644052639;2.32996311955237;0.274971826160652;0.38193768019189;63.3831611653677;0.0160898644965464;2.03355408437388
6.48933860268747;7.88332281779353;4.51544061028228;-0.0620414292825722;1.2231281876054;2.337080640434;0.274676948520407;0.38842791293511;63.4094303750535;0.0186138807737165;2.01900625146402
6.50833110774157;7.90142484538782;4.51725555055824;-0.0622028434010674;1.2227580363854;2.34418425880627;0.274372637703172;0.394752714448823;63.4356677272685;0.0218753866018542;2.00743411695097
6.52726250253632;7.91954418210366;4.51910308934851;-0.0623677244314345;1.22237624545404;2.35127373268796;0.274058570313092;0.400906409126408;63.4618728426451;0.0252813516299607;1.99629312512484
6.54614668784173;7.93766393672732;4.52098212002747;-0.0625359699613628;1.22198306838425;2.35834909136652;0.273734421687535;0.406883343186884;63.4880441621049;0.028929517854158;1.98503094194353
6.56466267831223;7.95610913730298;4.52289145861965;-0.0627074712265542;1.22157877608629;2.36541017447243;0.273399871251508;0.412677881871728;63.5141797188692;0.034459232222527;1.97297086216367
6.58316962175122;7.97452084928029;4.52482990037874;-0.0628821180414516;1.22116364506661;2.37245684976831;0.273054548274401;0.418284402871168;63.5402852373163;0.0400167872807907;1.96088294169392
6.60153474947921;7.99302485136977;4.52679626907231;-0.0630598032532236;1.2207379463172;2.37948918636423;0.272698094355823;0.423697288249033;63.5663558339683;0.0459703388665741;1.94723215002222
6.61962614455423;8.01174759397732;4.5287893463245;-0.0632404164489705;1.2203019591325;2.38650719252587;0.272330156555979;0.428910927008973;63.5923911881335;0.0526788493731858;1.93051121405053
6.6377057271759;8.0304442614466;4.53080789556333;-0.0634238460292622;1.21985596587382;2.39351090193364;0.271950330417916;0.433919718953745;63.618399584513;0.0594060710547362;1.9137715669039
6.65555365345637;8.04931232577357;4.53285070764242;-0.0636099833228384;1.21940024171325;2.40050052773598;0.271558223237253;0.438718078691792;63.6443717296682;0.066756948209352;1.89569814764336
6.67322166026822;8.06830775842164;4.53491657544737;-0.063798720320496;1.21893505945016;2.40747636677563;0.271153445629813;0.44330044782221;63.6703136826823;0.0745777826869552;1.87661857454513
6.69087405196875;8.0872843508641;4.53700422959366;-0.063989943751216;1.21846070357462;2.41443858076209;0.270735587401608;0.447661318288864;63.6962312055863;0.0824078661097593;1.8575297525017
6.70821449827215;8.10650348543863;4.53911260905864;-0.0641835597614025;1.21797740984866;2.42138809430823;0.270304250476413;0.451795232554538;63.7221168427582;0.0898642419240386;1.83998073264294
6.72546393870561;8.12577248280171;4.54124068822014;-0.0643794783878208;1.2174854019175;2.42832599703071;0.269859019012551;0.455696810369524;63.7479787346968;0.0972297670853502;1.82280603357576
6.74268068398746;8.14504141312233;4.54338717440123;-0.0645775855830811;1.21698496053342;2.43525256228479;0.269399479242259;0.45936081149932;63.7738187810165;0.104513282515467;1.8056475423652
6.75955743309392;8.16461005805303;4.54555119097431;-0.0647778057804157;1.21647626844118;2.44216946271143;0.268925230067784;0.462782128472368;63.7996597663852;0.109762712948358;1.78890563452918
6.77641384315533;8.18416673807315;4.54773180732712;-0.0649800590077999;1.21595951573986;2.44907823033817;0.268435837039993;0.465955842044073;63.8254784087501;0.115011297782694;1.77216457229172
6.79316190376098;8.20380702926653;4.54992760684228;-0.0651842203982477;1.21543500322374;2.45597890601812;0.267930886921028;0.468877327377708;63.8512900063801;0.119776323565102;1.75392331071818
6.80965666265894;8.22368775880411;4.55213726714468;-0.065390173223577;1.2149030103494;2.46287189395647;0.267409978105757;0.471542296807444;63.877122553255;0.123261331466988;1.73169848110938
6.8261359056075;8.24355070515929;4.55435939914427;-0.0655977939289899;1.21436383363238;2.4697574474515;0.266872663503535;0.473946867535946;63.9029315068577;0.126752682140459;1.70946730872901
6.8424196667411;8.26357430305411;4.55659229290287;-0.0658069280868716;1.2138178499716;2.47663488419911;0.26631851682694;0.47608765868386;63.9287405236796;0.129064667232332;1.68258243788804
6.85851571642557;8.28375063655979;4.5588340526317;-0.0660174024413616;1.21326548812003;2.48350301197324;0.265747127060968;0.477961867385248;63.9545507396643;0.130239107568074;1.65119485646917
6.87460054259077;8.30390512430072;4.56108296859634;-0.0662290595959854;1.21270713967956;2.4903612595776;0.265158068779866;0.479567297080738;63.980336879524;0.131425280489088;1.61979554246499
6.89038718615119;8.32427650774259;4.56333713056239;-0.0664417218038399;1.21214325412297;2.49720847777481;0.264550937589732;0.480902424632041;64.0061091781844;0.132857422259054;1.58485281814341
6.9060626948917;8.3447102663221;4.56559451338131;-0.0666551987277593;1.21157432020796;2.50404319214864;0.26392532231776;0.481966439787995;64.031863014092;0.134380015177891;1.54867958761618
6.92172633265655;8.36512421377966;4.56785348063987;-0.0668693350558083;1.21100074011169;2.51086511079959;0.263280818555541;0.482759209471087;64.0575939060087;0.135911514652273;1.51249745053337
6.9369896027421;8.38579105226931;4.57011240842568;-0.0670839752862128;1.21042292188203;2.51767396406008;0.262617043812219;0.483281270860971;64.0832860376225;0.137739903274902;1.48056376784805
6.95222528713214;8.40645230105353;4.57236968527707;-0.0672989637086826;1.20984127979583;2.52446949185534;0.261933593850323;0.483533798554648;64.108957291588;0.139572205881242;1.4487294253128
6.96736581026011;8.42715507287987;4.57462394118578;-0.0675141662879987;1.20925617510792;2.53125212107047;0.261230088916644;0.483518517815952;64.134605687286;0.142420770108143;1.41859427675243
6.98220320001545;8.44804563155239;4.57687419494741;-0.0677294850742931;1.20866787522504;2.53802339918661;0.260506170594006;0.483237577160242;64.1602291838546;0.1490413458466;1.39475240393544
6.99701558325826;8.46893057967322;4.5791193571252;-0.0679448109468466;1.20807668127783;2.54478449574581;0.25976145050074;0.482690683742482;64.1858336318147;0.15564948860143;1.37092296410208
7.01165810826419;8.48993144699187;4.58135810579084;-0.0681621688674508;1.2074601836966;2.55153581818737;0.258995569685453;0.48187621533994;64.2114351936164;0.163328887866849;1.34981849246161
7.02609741370762;8.51107564983708;4.58358927810321;-0.0683859796601256;1.20676658266159;2.55827808705525;0.258208193385866;0.480796431488535;64.2370393115595;0.172337628079694;1.33207963099101
7.04051432693957;8.53221075418469;4.58581155870519;-0.0686188260618502;1.20595421215845;2.56501127425758;0.257398981697007;0.479453565103497;64.2626232913696;0.181337720196419;1.31434941761654
7.05466962329705;8.5535281292416;4.58802325064043;-0.0688618814544131;1.20498975383355;2.57173393348315;0.256567623577359;0.477849870451231;64.2882124080852;0.191582734880059;1.29782529379421
7.06869295101139;8.57492343120926;4.59022259941915;-0.0691152951275879;1.20384665747674;2.57844419804622;0.25571381033638;0.475987632705913;64.3137938987859;0.202407144838976;1.28186594080825
7.0826973478611;8.59630596706729;4.59240810960233;-0.0693785029424476;1.20250378440703;2.58514076714718;0.254837248020611;0.473869140839085;64.3393543363965;0.213227392943426;1.26591074967677
7.09634078677777;8.61789830986049;4.59457813355455;-0.0696503959197073;1.20094462662379;2.59182167130542;0.253937670956539;0.47149670923117;64.3648959239112;0.224581234558734;1.24807240975333
7.10992970127433;8.63950243751911;4.59673105570824;-0.0699295093660263;1.19915641231047;2.59848484877434;0.253014796752311;0.468872677723289;64.3904184028089;0.235973124028944;1.23007303042383
7.12344194008342;8.66112981600534;4.59886559701418;-0.0702141878208705;1.1971291955077;2.60512910711008;0.252068370771327;0.465999376413249;64.415919855666;0.247085696113377;1.21157804983184
7.13663137026508;8.68292880518654;4.60098058390162;-0.0705026505457574;1.19485545560099;2.61175343557748;0.251098165242079;0.462879117696364;64.4413984152375;0.256679922499371;1.19024998941936
7.14979003094853;8.70472547154626;4.60307486317017;-0.0707930527659118;1.19232972336332;2.61835675716902;0.250103931930016;0.459514198170057;64.466859071462;0.266252604049489;1.16894347384275
7.16279213870511;8.72659656297773;4.60514736199717;-0.0710835472225868;1.18954814783195;2.6249381316432;0.249085457866003;0.455906893395558;64.4923031168659;0.275374083425894;1.14750376803189
7.1755613847531;8.74858946319559;4.60719717832227;-0.0713723325282046;1.18650806463204;2.63149706130474;0.248042551939283;0.452059441953439;64.5177342258591;0.283787222005444;1.12584218759
7.18829510212569;8.77058310826386;4.60922332270858;-0.0716576446354261;1.18320809054688;2.63803268485593;0.246975015959875;0.447974059461773;64.5431481586818;0.292172444223422;1.10420852350968
7.20080699478451;8.79270184890288;4.61122486592852;-0.0719377980944199;1.17964771531476;2.64454425727458;0.245882686278442;0.443652935066583;64.5685604813887;0.299887482553415;1.08405198581363
7.21316975469262;8.81489638311061;4.61320099228962;-0.0722112023673525;1.17582703542506;2.65103133864772;0.244765406208138;0.439098221406407;64.5939658977648;0.307182396173437;1.06480913447869
7.22549786586734;8.83708942652881;4.61515070187913;-0.0724763314620592;1.17174715797267;2.65749282932701;0.243623035462578;0.434312059436431;64.6193531682227;0.314450894089347;1.04559269884787
7.23753172229332;8.85946974847286;4.61707295754785;-0.0727317560091486;1.16740983848989;2.66392744604338;0.242455468555526;0.429296585786052;64.6447636485566;0.322093928496491;1.02774436940715
7.249493616997;8.88187388700467;4.61896674480304;-0.0729761534374804;1.16281727526951;2.67033392398393;0.241262590085794;0.424053932873585;64.6701611356026;0.329787588506139;1.0101406216955
7.26139862008947;8.90428865407421;4.62083099908357;-0.0732082992181056;1.15797220830242;2.67671077516502;0.240044314470517;0.418586237599629;64.6955412632897;0.337514178231272;0.99239823086311
7.27296770526106;8.92689934103496;4.62266451949264;-0.0734270620765716;1.15287809297327;2.6830559862851;0.238800586269701;0.412895660482973;64.7209398242046;0.345713755271377;0.973112102134059
7.28451665515593;8.94949484858852;4.62446616611189;-0.0736314284331781;1.14753855751528;2.68936768872421;0.237531336143204;0.406984381037436;64.7463157026185;0.353905953491876;0.953833352224613
7.29593080664311;8.9721427309235;4.62623494921857;-0.0738204987740929;1.14195710524006;2.69564448299015;0.236236533295832;0.400854582036806;64.771677276474;0.362506084318891;0.932980046508251
7.30708582269057;8.99491650218539;4.62796984585238;-0.0739934580621662;1.13613761507363;2.70188480566775;0.23491616750461;0.394508456062767;64.797036279619;0.371962520383051;0.908842662493669
7.31822191382432;9.01767424325326;4.62966989158588;-0.0741495812182621;1.13008402336672;2.70808725747692;0.233570223704927;0.387948200648341;64.8223725639609;0.381412384747332;0.884711850178969
7.32914375634788;9.04052699784913;4.63133420697092;-0.0742882245381065;1.12380019972549;2.7142507115002;0.232198724673291;0.381176009838832;64.8477011058993;0.391544786093239;0.859831997700514
7.33989297236267;9.06345122375077;4.63296193265574;-0.07440881126855;1.11729014474171;2.7203740872533;0.230801697604081;0.37419407366944;64.8730203827082;0.40221365102081;0.834363268955347
7.35062437592648;9.08635873722237;4.63455221249332;-0.0745108270012731;1.11055802907036;2.72645629143509;0.22937919220036;0.367004579691124;64.8983169673769;0.412876593556237;0.808900462602321
7.36106027641065;9.10940364445881;4.63610420019101;-0.0745938174458766;1.1036081468976;2.7324962449863;0.227931295651536;0.359609713566133;64.9236147097357;0.423445188572675;0.787271221791443
7.3714075160925;9.13247108223023;4.63761706237082;-0.0746573851061786;1.09644488546598;2.73849289773721;0.226458071370457;0.352011659170625;64.948896562009;0.433985981786976;0.766640251938769
7.38172920480759;9.15552568651276;4.63908997335485;-0.0747011856694718;1.08907273330604;2.74444521071313;0.224959613508973;0.344212599302515;64.9741562539421;0.444515334238855;0.746173815408694
7.39169408903691;9.17874358388892;4.64052211166164;-0.0747249252667683;1.08149628457224;2.75035214354994;0.223436051126949;0.336214716808237;64.9994222325749;0.454781379514608;0.731161353152307
7.40164432626918;9.20194300283812;4.64191266912561;-0.0747283576994662;1.07372018282415;2.75621269324485;0.221887490922486;0.328020194398825;65.0246654546466;0.465044082462967;0.716152233223312
7.41148881333783;9.22517034135269;4.64326085491899;-0.0747112804121907;1.06574908899108;2.76202591469131;0.220314079411859;0.319631213788274;65.0498928837688;0.475017636008185;0.701796230583941
7.42106251652071;9.24851001457674;4.64456588898913;-0.0746735308059867;1.05758770758087;2.76779089688293;0.218715985619099;0.311049955641022;65.0751197769354;0.484186894279354;0.689262624765514
7.43062295709806;9.2718307611057;4.64582700013666;-0.0746149835370694;1.04924078878365;2.77350675727785;0.217093371736086;0.30227859970986;65.1003241266136;0.493353629157623;0.676731542339987
7.43999879465377;9.2952169122726;4.64704342757515;-0.0745355478373455;1.04071311006322;2.77917265145583;0.215446443272768;0.293319324653837;65.1255197293306;0.502165409913545;0.664637279878809
7.44918891016219;9.31866931046054;4.64821442073019;-0.0744351647958191;1.03200946882931;2.78478777554012;0.213775410976051;0.284174307779832;65.1507084808642;0.510619393120669;0.652983320651261
7.45836730226602;9.34210233590347;4.64933923217423;-0.0743138060109908;1.02313472454705;2.79035133518821;0.212080515407174;0.27484572580928;65.1758749180976;0.51907183907869;0.641330898672815
7.46728433347081;9.36563488328933;4.65041712188554;-0.0741714717402846;1.01409376095153;2.79586256728916;0.210362041641654;0.26533575492175;65.2010402560046;0.527003453146602;0.629783566411878
7.47609948081779;9.38919125821257;4.65144735664127;-0.0740081890210121;1.00489148436889;2.80132073931314;0.208620235721285;0.255646570818107;65.2261919879981;0.534744694860246;0.618274982577252
7.48490506701285;9.41272752234944;4.65242920514366;-0.0738240111882188;0.995532859767365;2.80672512513778;0.206855376313929;0.245780349572496;65.2513215339104;0.542486105077163;0.606766230239354
7.49337267335344;9.43639468087913;4.65336194227717;-0.073619016149696;0.986022868979038;2.81207502805275;0.205067788193847;0.235739267721328;65.2764578572297;0.549708288762392;0.595239562088546
7.50182093416072;9.4600465304244;4.6542448492559;-0.0733933046333644;0.976366504297601;2.81736978370375;0.20325776415294;0.225525502253087;65.3015732528582;0.556914074511675;0.583711225407363
7.51019367011064;9.48370775227805;4.65507721221282;-0.0731469990155982;0.966568778023881;2.82260875389953;0.201425647418058;0.215141230797137;65.3266721796659;0.564045987000103;0.572349769288285
7.51828981439481;9.50746763824323;4.65585832505388;-0.072880240780868;0.956634684929836;2.82779134689308;0.199571805737446;0.204588631150318;65.351773568738;0.570880185427681;0.561653058834826
7.52637923328956;9.53120704889405;4.65658748496574;-0.0725931903569955;0.946569248639727;2.83291699200131;0.197696574991835;0.193869881627126;65.3768534075752;0.577716398033334;0.550954334203291
7.5343190390932;9.55498699636918;4.6572639904494;-0.0722860277056515;0.936377545224214;2.83798512550344;0.195800349330237;0.182987161860237;65.4019238367323;0.584445114917061;0.540678140983223
7.54206838294706;9.57882517594204;4.65788714188476;-0.0719589524513233;0.926064697811663;2.84299519153346;0.193883532543159;0.17194265356083;65.4269899719652;0.59103495086867;0.530946871046318
7.54981383445705;9.60264212767115;4.65845624203402;-0.0716121839480818;0.91563587382458;2.84794664201069;0.191946533483169;0.160738541269153;65.4520347160996;0.597629203654285;0.521211184275405
7.55733369112353;9.62652745310345;4.65897059935896;-0.071245958858659;0.905096231900011;2.85283896213532;0.189989821301013;0.149377012274683;65.4770758226106;0.604009635588998;0.511907460338448
7.56474574436438;9.65043314423901;4.65942952938737;-0.0708605279880541;0.894450888107318;2.85767168755553;0.188013831688359;0.137860255984088;65.5021042185223;0.610292507798543;0.502807972588788
7.57216180644828;9.67431413946258;4.65983235287457;-0.0704561551019449;0.883704939524559;2.86244439442053;0.186019030656184;0.126190463611813;65.5271102159969;0.616587901984509;0.493695962862708
7.57926094701941;9.698300790696;4.6601784216516;-0.0700330760493666;0.872862708548115;2.86715705517571;0.184005945622338;0.114369816496243;65.5521253560973;0.622468903104101;0.484573404653187
7.58632785563868;9.72227890699669;4.66046708825594;-0.0695915028494876;0.8619282739025;2.87180981625002;0.181975054881055;0.102400481630533;65.5771231811779;0.628314187714;0.475442618493363
7.59335339855429;9.74625484228011;4.6606976765199;-0.0691316688843526;0.850906401223993;2.87640258124669;0.179926892919397;0.0902846205433067;65.6021072506218;0.634161333668769;0.466164934118159
7.60011545918046;9.77033397720267;4.6608695175088;-0.0686537665275331;0.8398010300433;2.88093565389715;0.177862037572484;0.0780243776606599;65.6271178524244;0.63996989331064;0.456042673779539
7.60685436270953;9.79440541122466;4.66098191917775;-0.0681579793934869;0.828616274263945;2.88540932778988;0.175781013353113;0.065621881820482;65.6521147873695;0.645759092617491;0.445939773775937
7.61349615502911;9.81850688274392;4.66103415999168;-0.0676445517020945;0.817357473934244;2.88982343096637;0.173684420476457;0.0530792622496548;65.6771146740614;0.651627381328247;0.435545954385698
7.61998391031655;9.84266928487642;4.66102551268179;-0.067113774966218;0.806030331840012;2.89417764664083;0.17157288237362;0.0403986542549848;65.7021329203126;0.657630392566771;0.424665515633665
7.62642857377566;9.86683492878387;4.66095525043194;-0.0665659686051772;0.794640454393004;2.89847169229333;0.169446995427231;0.0275821991890625;65.7271431588673;0.663591538436568;0.41382694225036
7.63273122688832;9.89104458655319;4.66082265116822;-0.0660014994226316;0.783193755595287;2.90270516447437;0.167307432703438;0.0146320493025627;65.7521597726582;0.669477276161949;0.402227839011194
7.63892574304737;9.91528474377032;4.66062701015038;-0.0654208001458955;0.771696636506816;2.90687746280577;0.165154849099352;0.00155037492663886;65.7771789103803;0.675297501001188;0.390160738267323
7.64507489612215;9.9395291733656;4.66036762727517;-0.0648243045512791;0.760154808918056;2.91098823276369;0.16298991860457;-0.0116606423595346;65.8021909964576;0.681073289780682;0.378138073583196
7.65104452720842;9.963826174561;4.66004380597857;-0.0642124529090916;0.748573754402958;2.91503721601478;0.160813391410331;-0.0249988118221772;65.8272106040164;0.68663185283227;0.363972726910003
7.65694559458764;9.9881354616593;4.65965485910084;-0.0635857034813897;0.736959022930074;2.91902414786707;0.158625959517177;-0.0384619324459877;65.8522258800581;0.692115831649846;0.349449322714773
7.66279158550064;10.0124517960008;4.65920009731378;-0.0629445099483925;0.725315886802686;2.92294888223074;0.156428367809834;-0.0520477957304702;65.8772350728791;0.697544503900445;0.334882903380298
7.66845196213007;10.0368216153861;4.65867883260276;-0.0622893278984304;0.713649568538017;2.92681131837835;0.154221423777431;-0.0657541861770618;65.9022536252046;0.702772204714307;0.319382584664056
7.67407120402189;10.0611932073751;4.65809038012766;-0.0616206175874643;0.701965302505464;2.93061138047723;0.15200586975867;-0.0795788811335393;65.9272646302927;0.707960099353825;0.303922072122149
7.67960247665411;10.0855825871898;4.65743405972303;-0.0609388457084331;0.690268353893883;2.9343490104436;0.149782541375532;-0.0935196504166012;65.9522733652602;0.713056681733213;0.288939648970493
7.68498996819069;10.1100090534506;4.65670919843556;-0.0602444878909345;0.678564040111701;2.93802415964925;0.147552307981546;-0.107574255682453;65.9772869079731;0.718000541073521;0.274953377655102
7.69033953843866;10.134435605947;4.65591512746575;-0.0595380249852358;0.666857660605931;2.94163681078155;0.14531596916139;-0.121740450480664;66.0022923947449;0.722908063392186;0.261003443361355
7.69556924999354;10.1588890641012;4.65505118336743;-0.0588199436263626;0.655154514863391;2.94518697231944;0.143074416583971;-0.136015980138848;66.0272988238912;0.727693103614319;0.248671016047314
7.70069529708092;10.1833638866838;4.65411671222508;-0.0580907393804545;0.643459945881073;2.9486746643992;0.140828549806559;-0.1503985812168;66.0523046891869;0.732372716920182;0.237671648739761
7.70578742899843;10.2078368126695;4.65311106265473;-0.0573509102347262;0.631779240808829;2.95209994897413;0.13857927950411;-0.164885981893312;66.0773017672916;0.737020294549594;0.226704317108658
7.71072750977926;10.2323452334157;4.65203358099695;-0.0566009521348865;0.620117599209726;2.95546294085645;0.13632760571611;-0.179475902683153;66.1023031089674;0.741502811064175;0.222866643345937
7.71560354076093;10.256860911761;4.65088361624085;-0.0558413623229585;0.608480210134781;2.95876378588525;0.134074455106331;-0.194166056477364;66.1272989918857;0.745919213590432;0.221015658522281
7.72044709242367;10.281373619748;4.64966052539353;-0.0550726431536017;0.596872301823365;2.96200264569126;0.131820801774933;-0.208954148119155;66.1522856452344;0.750305061749553;0.219248185617221
7.72511307233651;10.3059307796436;4.64836364730804;-0.0542952845498247;0.585298909211298;2.96517976494928;0.129567701979531;-0.223837876004511;66.1772821544043;0.754503356934773;0.220463932404934
7.72975143917022;10.3304832165121;4.64699231990048;-0.0535097748889477;0.573765078452223;2.96829541575001;0.127316127920346;-0.23881493197397;66.2022688829431;0.758676272406753;0.221705058905884
7.73432609936322;10.3550431373256;4.64554590294277;-0.0527166157519703;0.562276033929789;2.97134984869506;0.125067158949609;-0.253882999740675;66.2272512212292;0.76278989397685;0.223882745903218
7.73876503442651;10.3796352662769;4.64402374227546;-0.0519163016634654;0.550836867443064;2.97434337573337;0.122821915366499;-0.269039755798292;66.2522407580567;0.766776301633259;0.228773551283819
7.74317906474424;10.4042217302824;4.64242518992526;-0.0511093308853357;0.539452714779864;2.97727632371119;0.120581397507882;-0.28428286892938;66.2772203072108;0.770740090315229;0.233686975638861
7.7474996541335;10.4288260574945;4.64074961905042;-0.050296213716034;0.528128833872885;2.98014901148577;0.118346713627649;-0.299609999050197;66.3022011080432;0.77461685502255;0.238197317989025
7.75172400254726;10.4534494223624;4.63899640791074;-0.0494774641898222;0.516870465198853;2.98296178434629;0.116119000734239;-0.31501879708368;66.3271842066688;0.778403951658109;0.242283127965494
7.75592604823387;10.4780663498733;4.63716494084882;-0.048653599719718;0.505682837034401;2.98571501272328;0.113899382312165;-0.330506904795935;66.3521571982404;0.782171048270349;0.246388937965284
7.76000711956189;10.5027094217481;4.63525482681004;-0.0478252445133041;0.494572335467964;2.98840878725015;0.111689086417103;-0.346071945973041;66.3771359118704;0.7858276253909;0.249827349514879
7.76403011995829;10.5273580357908;4.63326581898999;-0.0469930922128355;0.48354568784974;2.99104310432494;0.109489260461591;-0.361711523269078;66.402110673259;0.789431580645737;0.253019851837292
7.76803483944492;10.5519990202529;4.63119749664677;-0.0461577574434615;0.472608242875717;2.993618295754;0.10730108396345;-0.377423227293409;66.4270749656268;0.793019634543056;0.256228255517221
7.7718859788493;10.5766296042846;4.62905034675451;-0.0453202274079884;0.461769404344901;2.99613370353374;0.105125839134005;-0.393204608846942;66.4520048060687;0.796456248672457;0.255006051658966
7.77572692176306;10.6012459508799;4.62682510701057;-0.0444815905961454;0.451038326051227;2.99858865643904;0.102964708484228;-0.409053179571403;66.4769190060792;0.799886000793056;0.253586465323948
7.77952528335846;10.6258334909027;4.6245217226985;-0.0436425965037271;0.440419390003311;3.00098357549705;0.100818973653811;-0.424966442691808;66.5017982077381;0.803230063202767;0.251831327395565
7.78315698705363;10.6503414606716;4.62214054433116;-0.042804091435859;0.429918483586855;3.00331857129108;0.0986899674172861;-0.440941884929737;66.5265737976186;0.80621598959211;0.248661641659504
7.78681722426418;10.6748196689318;4.61968191867223;-0.041966871968316;0.419540900549356;3.00559390495506;0.0965788757203207;-0.456976981188311;66.551324151476;0.80923577993516;0.245458091969736
7.79037775370034;10.6992633244987;4.61714524927524;-0.0411313446711476;0.409287964391711;3.00781078035574;0.0944869997127517;-0.473069219353382;66.5760257641225;0.8119710970764;0.241655354112626
7.79380149644145;10.723666204085;4.6145290352799;-0.0402975399021089;0.399158402737444;3.00997109935327;0.0924156685347992;-0.489216116796993;66.6006676501392;0.814319971632328;0.237052121907904
7.7972727938055;10.7480314970232;4.6118321920374;-0.0394655755339899;0.389153791019938;3.01207627285762;0.09036613531212;-0.505415205699957;66.6252789769086;0.81672199792991;0.232395737961529
7.80060178460233;10.7724240186502;4.60905359263646;-0.0386355423572137;0.379276313968768;3.01412765775564;0.0883397622122893;-0.521664029808311;66.6498976139758;0.818980290222245;0.227796393131692
7.80387909771127;10.7968145170166;4.60619154861823;-0.0378073582032608;0.369527035181963;3.01612692201788;0.0863378538927939;-0.537960149637572;66.6745073110844;0.82118831861596;0.223202954703939
7.80720188129285;10.8211710216951;4.60324509922172;-0.0369811708318804;0.359910228413725;3.01807512333658;0.0843617158197272;-0.554301125527308;66.6990894226878;0.823446346753611;0.218559516532247
7.81033628469261;10.8455755415432;4.60021390103646;-0.0361573416298815;0.35043215433332;3.01997290978284;0.0824127610456858;-0.570684506901015;66.7236944033562;0.825615609137764;0.214524607929466
7.81348791858737;10.8699580163776;4.59709766714687;-0.035336284269801;0.34109888736209;3.02182094401129;0.0804923045809452;-0.587107832039121;66.7482797216429;0.827817054624545;0.210517692747246
7.81665006145275;10.8943178404348;4.59389596450423;-0.0345183973023086;0.331915786095333;3.02362001955663;0.078601739892242;-0.603568630351852;66.7728439268122;0.830038331659089;0.206559338815761
7.81962743041349;10.9187027958311;4.59060853029842;-0.0337041386361484;0.322888476607483;3.02537087144054;0.0767425256246977;-0.620064420575687;66.7974099760592;0.832115728660971;0.203198662381798
7.82265273437896;10.9430574408091;4.58723510446132;-0.0328939761766606;0.31402232910052;3.02707427880635;0.0749159719634073;-0.636592711293997;66.8219518015025;0.834244299491232;0.199786812119455
7.82563076199305;10.9674072637278;4.58377519663779;-0.0320883229875577;0.305321957942542;3.02873117190497;0.0731235021934293;-0.653151003316834;66.846483057578;0.83634279408385;0.196519809293743
7.8284912132207;10.9917714701818;4.58022821044896;-0.0312875632692016;0.296791710378263;3.03034254829908;0.0713665508264136;-0.669736790052525;66.8710146033376;0.838351102168453;0.193542045026446
7.83140155352303;11.0161071761064;4.57659359808929;-0.03049208816539;0.288436074127502;3.03190939616059;0.0696463852596537;-0.686347556415838;66.8955237172246;0.840411867022303;0.190511823989902
7.83420892187458;11.0404560272441;4.57287089505031;-0.0297023038117307;0.280259701459597;3.0334326860859;0.0679643595928521;-0.702980777753611;66.9200338757061;0.842465185705355;0.187588261019751
7.83696466860944;11.0648052275405;4.56905962558012;-0.0289186097151664;0.272267164749413;3.03491341550537;0.0663218153275091;-0.719633919560833;66.9445385221052;0.844531032136348;0.184718186422546
7.83977158589062;11.0891279710999;4.56515933841562;-0.0281414049343142;0.264463034978854;3.03635259438951;0.0647200630569283;-0.736304436991801;66.9690226932955;0.846650003589568;0.181794986803114
7.8424205533821;11.1134772212885;4.56116962359273;-0.0273710902150865;0.25685189855899;3.03775124129982;0.0631605122036816;-0.752989774389965;66.993515610915;0.848674788255397;0.178956308258383
7.84507988159653;11.1378117963451;4.55709008426752;-0.0266080608631379;0.249438289276427;3.03911039554061;0.0616445156950696;-0.769687365020728;67.0179950629052;0.850723753533324;0.176091541778844
7.84777458105133;11.162125974013;4.55292030661868;-0.0258526994618768;0.242226639927544;3.04043112694131;0.060173477671154;-0.786394630884488;67.0424581093389;0.852818980384217;0.173183378589128
7.8502930244443;11.1864715453659;4.54865986423473;-0.0251053755868232;0.235221305738709;3.0417145327929;0.0587488665466879;-0.803108982445012;67.066933595067;0.854865323300282;0.170362200041343
7.85286430292767;11.2107940485704;4.54430833692879;-0.0243664484352558;0.228426602587369;3.04296173134503;0.0573720436030117;-0.819827818285077;67.0913916333197;0.856965578980299;0.167487108729606
7.85541571153579;11.2351111895004;4.53986531921105;-0.0236362676224762;0.221846817543743;3.04417385970756;0.0560444484519864;-0.836548524763531;67.1158422576245;0.859042792873206;0.164623763551653
7.85785308042364;11.2594458542965;4.53533040363113;-0.0229151696836289;0.215486182013153;3.04535207878295;0.0547675282595552;-0.853268475691306;67.1402986816851;0.8609974197025;0.161857226586412
7.86034428012402;11.2837593613648;4.53070319177426;-0.0222034792494439;0.20934888883836;3.04649757023819;0.0535425933807193;-0.869985031995997;67.1647394816292;0.863006505449249;0.159036230703715
7.86276236950092;11.3080809769973;4.52598329693534;-0.0215015088453681;0.20343909300844;3.04761153618194;0.0523710264582366;-0.886695541398632;67.1891810066064;0.864933844772083;0.156269976593463
7.86512588253234;11.3324072967533;4.521170338068;-0.0208095573364873;0.197760901734982;3.0486952009068;0.051254202696947;-0.903397338093051;67.213621874568;0.866799190515023;0.15354265794521
7.86754400545236;11.3567143478241;4.51626394149511;-0.020127909580817;0.192318375922326;3.04974981059778;0.0501934697022446;-0.920087742426878;67.2380489097999;0.868719377727447;0.150760497827474
7.86983778825887;11.3810416779729;4.51126373334565;-0.0194568348007453;0.187115521774998;3.05077663501613;0.0491902487835961;-0.936764060561066;67.262484139116;0.87031127277271;0.14814116517149
7.87213388509378;11.4053624749512;4.50616934445645;-0.0187965867745675;0.182156297129938;3.05177696638797;0.0482458538391832;-0.953423584129598;67.2869130815068;0.871845962056719;0.145530767988527
7.87448307592236;11.4296662999283;4.50098041834917;-0.0181474043899963;0.177444617615925;3.05275211799726;0.0473616126011385;-0.970063589926452;67.3113301781005;0.873433050403187;0.142867784986052
7.87666279523732;11.4540006571468;4.4956965949285;-0.0175095090626476;0.172984340353377;3.05370342745083;0.0465388864692028;-0.986681339533698;67.3357619630851;0.874785826646038;0.140418321446987
7.87889714425226;11.4783190112242;4.49031752125277;-0.0168831056555735;0.16877927438709;3.0546322546241;0.0457788399289484;-1.00327407897788;67.3601827464581;0.876192931256915;0.137914529539898
7.88113262553957;11.5026328484941;4.48484285989448;-0.0162683829765551;0.164833184518217;3.05553998047154;0.0450826910257989;-1.01983903843194;67.3845991356132;0.877505430704646;0.135454131919712
7.88325537195172;11.5269660182807;4.47927227274124;-0.0156655114141004;0.161149777020175;3.05642800999276;0.0444516578118059;-1.0363734318421;67.409024720646;0.878408794672374;0.133243894869626
7.88543272508997;11.5512849985202;4.47360543159626;-0.0150746436792793;0.157732706811364;3.05729777054999;0.0438867152958132;-1.05287445660286;67.4334409788888;0.879366201394728;0.130979615064913
7.88756126239541;11.5756107366902;4.46784201901014;-0.0144959143923386;0.154585575485439;3.05815071197579;0.0433888991501793;-1.06933929324235;67.4578596645327;0.880354249689804;0.1288122326011
7.88963116722736;11.59994577638;4.46198172145672;-0.0139294389055062;0.151711925774003;3.05898830776819;0.0429592625091891;-1.08576510506703;67.4822825771911;0.881370316091959;0.126755892967073
7.8917553259102;11.6242683984101;4.45602423684168;-0.0133753135906322;0.149115244205768;3.05981205412805;0.0425987603712901;-1.10214903785282;67.5066977772215;0.882439854407486;0.124646081419675
7.89378273059454;11.6486078959294;4.44996927292046;-0.0128336151898845;0.146798958016016;3.06062347039262;0.0423084074851773;-1.11848821953066;67.531121567043;0.883683077661879;0.122765430945217
7.89580293575061;11.6729477613153;4.4438165458303;-0.0123044002088356;0.144766432757788;3.06142409939875;0.0420891086574852;-1.13477975986308;67.5555451268957;0.885027345946466;0.120945782684446
7.8978767022893;11.6972769271184;4.43756578140601;-0.0117877045760712;0.143020971137259;3.06221550745586;0.041941722503601;-1.15102075013134;67.5799625144778;0.886424217485952;0.119073531168776
7.89980776198924;11.7216318632328;4.43121671301115;-0.0112835430208718;0.141565810746163;3.06299928476424;0.0418671570626064;-1.16720826280458;67.6043938858004;0.888565311037597;0.117239562255439
7.90178037985375;11.7459792773039;4.4247690838479;-0.0107919088417921;0.140404123164844;3.06377704525378;0.0418661616262175;-1.18333935122728;67.6288210795234;0.89079575226877;0.115359270019465
7.90376854689773;11.7703241820697;4.41822264385824;-0.0103127732645061;0.139539011761047;3.06455042708994;0.0419395076034099;-1.19941104927793;67.653247032857;0.893181228282234;0.113453812376188
7.90564356949864;11.7946898317924;4.41157713829283;-0.00984608431905089;0.138973509571464;3.06532109410143;0.0420879898071653;-1.21542037091258;67.6776847208852;0.896081628846035;0.111614667439994
7.90756957433809;11.8190475826883;4.4048323252101;-0.00939176782980573;0.138710580823718;3.0660907338102;0.042312206735115;-1.23136430985714;67.7021184992125;0.899031867499817;0.10972568441382
7.90946428119243;11.843412166969;4.39798798524705;-0.00894972759052746;0.13875311830046;3.06686105651028;0.0426128012206913;-1.24723983940344;67.7265566431935;0.902787318614436;0.10753214986573
7.91129428914782;11.8677897966003;4.39104390918213;-0.00851984405987211;0.13910393980915;3.06763379685582;0.0429904408744825;-1.26304391209337;67.7510028648966;0.907646244731888;0.104934018668457
7.91317353440161;11.8921610451639;4.38399989924313;-0.00810197409631748;0.139765786284243;3.06841071382339;0.0434456826047168;-1.27877345941451;67.7754464595437;0.912553187642865;0.102287870677658
7.91497668801819;11.9165469795287;4.37685579416389;-0.0076959519325104;0.140741316786268;3.06919358806069;0.0439791321749678;-1.2944253917717;67.7998989677547;0.917713966061187;0.0994616669505488
7.91676090206546;11.9409385094813;4.36961145976929;-0.00730158794214086;0.142033104739351;3.06998422302919;0.044591352393828;-1.3099965983872;67.8243556673112;0.923031234078219;0.0965183310684855
7.91859227477491;11.9653250758751;4.36226674878148;-0.00691866621569877;0.143643642214121;3.07078444942926;0.0452828783995242;-1.32548394675251;67.848810902875;0.928394391476517;0.0935291058051591
7.92030430127727;11.9897326895462;4.354821402085;-0.00654694043349414;0.14557536392459;3.07159613606514;0.0460542948485931;-1.34088428086324;67.8732784863246;0.934194773497292;0.0900361161242985
7.92204031710784;12.0141395265199;4.34727515479686;-0.00618614041348168;0.147830629344358;3.07242117855718;0.0469060783349398;-1.35619442055651;67.8977469852982;0.940089034229806;0.0864407602788583
7.92379885996135;12.0385466711801;4.33962782600739;-0.00583597558710658;0.150411694128331;3.07326148972589;0.0478387230548669;-1.37141116193246;67.9222173997499;0.945917981547422;0.0827613560711991
7.92544093691268;12.0629791587964;4.33187900065901;-0.00549612130520036;0.153320808260627;3.07411903499575;0.0488527447000349;-1.38653127384368;67.9467050061627;0.951004170684744;0.0787460182222773
7.92712464372877;12.0874088921113;4.32402830355549;-0.0051662329582349;0.156560129700644;3.07499580315111;0.0499485162806233;-1.40155149756964;67.9711926916083;0.956130740229349;0.0746902999660727
7.92878741220729;12.1118489028056;4.31607563899914;-0.00484595260856791;0.160131622362966;3.07589377929948;0.0511264774947272;-1.41646854967983;67.9956891999666;0.961049779610381;0.0705829631835004
7.93037752930313;12.1363098056183;4.30802094463249;-0.00453489552616518;0.16403714537787;3.07681497154385;0.0523870758626768;-1.43127912195177;68.0202017322469;0.965560266904351;0.0664161507519208
7.9320048033845;12.1607691080727;4.2998641665568;-0.00423264929903607;0.168278460426014;3.07776141372724;0.053730622068399;-1.44597988095818;68.0447151060966;0.970106724512163;0.0622133680064985
7.93357030795548;12.1852437465369;4.29160550299607;-0.00393878098508561;0.172857107119453;3.07873513637726;0.0551574956168824;-1.46056747100956;68.0692397617009;0.973333471290818;0.0579516912095143
7.93510231137376;12.2097289302047;4.28324535553604;-0.00365283152402972;0.177774418803496;3.07973816990781;0.0566680598734352;-1.4750385166971;68.0937728262001;0.975656306412163;0.0536403654637601
7.93666720828673;12.234213469126;4.27478389883718;-0.00337430269205135;0.183031754769556;3.08077259525384;0.0582626358082616;-1.48938961946796;68.1183073233121;0.978010900713944;0.0492972805375718
7.93813058547634;12.2587129291502;4.266221498311;-0.00310267322495368;0.188630252011358;3.08184049366464;0.0599416050723489;-1.50361735993779;68.1428504489133;0.979842472882898;0.0451855539673039
7.93959601674385;12.283215515615;4.25755862276648;-0.00283739413168594;0.194570875176398;3.08294395518679;0.0617052450271539;-1.51771829908999;68.1673968179373;0.981586367693517;0.0411000121772794
7.94108094196808;12.3077189954735;4.24879542259134;-0.00257787974929998;0.200854683488817;3.08408513253965;0.0635538445120048;-1.53168897318569;68.1919452502313;0.983289522485586;0.0370075717650073
7.94244442476495;12.3322343543429;4.23993210125019;-0.00232352308168738;0.207482570230714;3.08526619555371;0.0654877146411105;-1.54552589386226;68.2164984965714;0.983954032116667;0.0332156719357681
7.94383449058619;12.3567503347559;4.23096887705374;-0.00207369431384572;0.214455287864778;3.08648933550763;0.0675068690140583;-1.55922554761942;68.2410538540031;0.984644035033546;0.0293982788207329
7.94520334590144;12.3812709165024;4.22190577960831;-0.00182773761612367;0.221773591704108;3.08775679366838;0.069611228432571;-1.5727843920275;68.26561261403;0.985306297483887;0.0258231347496246
7.94648485211758;12.4058015109363;4.21274261534423;-0.00158497497099445;0.229438253153305;3.08907086968832;0.0721275157204629;-1.58619885104162;68.2901766593293;0.985867166105109;0.0228610827952725
7.94778881580752;12.4303333457876;4.20347930322227;-0.00134471544053196;0.23744978585553;3.09043387579664;0.0747408291188268;-1.59946531534001;68.3147431251409;0.986449431977296;0.0198776335899545
7.94903187006791;12.4548772779698;4.19411564430105;-0.00110624821631509;0.245808635686834;3.09184817012585;0.077451530440114;-1.61258013888658;68.3393185150841;0.986965278656018;0.0171437089899699
7.95022104161867;12.4794322357759;4.18465111640232;-0.000868841763644184;0.254515337705425;3.09331619169949;0.0802563751755507;-1.62553963177915;68.3639022512085;0.987422294610145;0.0146309033820586
7.95142691231839;12.5039889187803;4.17508558507659;-0.000631759090512572;0.263569886730375;3.09484035262295;0.0831501228537596;-1.63834006445906;68.3884885238891;0.987895026085195;0.0121023822532255
7.9525344866238;12.5285712133215;4.16541944472121;-0.000394249511256843;0.272971646904475;3.0964230063896;0.08612666962063;-1.65097767456859;68.413095757089;0.988746438739673;0.0104535973916984
7.95361818712223;12.5531627192634;4.15565317365859;-0.00015553323093936;0.282719785365785;3.09806651198782;0.0891797944200375;-1.66344866651575;68.4377111297504;0.989720020579434;0.00906945355332178
7.95471055007787;12.5777562297588;4.14578710792866;8.51988669827516e-05;0.292813463871434;3.09977327169626;0.0923036172987492;-1.67574920688333;68.4623288878797;0.990701412993731;0.00767749914040797
7.95567437442689;12.6023636614693;4.13582425999205;0.000328743654581414;0.303249164994132;3.10154522537219;0.0954928457485049;-1.68787546909441;68.4869551879015;0.991683651473347;0.00669468146024613
7.95664203971025;12.6269732136695;4.12576773170723;0.000575967734565269;0.314023447140489;3.10338426299837;0.0987428763587331;-1.69982363463984;68.5115837574011;0.992668974264463;0.00570892477144869
7.9575793686235;12.6515745490853;4.1156188297178;0.000827810487070338;0.325134703521767;3.10529258142649;0.102049811520902;-1.71158985983287;68.5362029428005;0.993658485007076;0.00482875110283443
7.95841234471724;12.6761443377138;4.10538172038364;0.00108517360407694;0.336578219709682;3.10727181734223;0.1054104209683;-1.72317032510575;68.5607868473403;0.99465809743693;0.00429701606190658
7.95924965829312;12.7007165639732;4.09505980526442;0.00134902206723571;0.348350226403328;3.10932369917896;0.108822074472972;-1.73456121999631;68.585373335446;0.995661065983283;0.00376192490447955
7.9600127053438;12.7252503158463;4.08465476156499;0.00162035828710171;0.360448682158089;3.11145026623772;0.112282666913136;-1.74575870851789;68.6099189505691;0.996462302839095;0.00327604439356971
7.96069506299636;12.7497406129906;4.07416949767198;0.00190013756434246;0.372869847921037;3.1136532860409;0.115790540469823;-1.75675894772645;68.6344187519189;0.997038435930835;0.00284268967902535
7.96138764621415;12.7742339740043;4.0636059319314;0.00218932737049597;0.385610873176318;3.11593470296429;0.119344412768182;-1.76755806426148;68.6589219028441;0.997623400791999;0.00240050319505666
7.96194857399939;12.7986572233729;4.05296524647412;0.00248887786766576;0.398669328645861;3.11829660893256;0.122943312976893;-1.77815213357633;68.6833515927664;0.997982370522037;0.0020585825125988
7.96246677931666;12.8230534924482;4.0422488252212;0.00279969726305571;0.412042060031569;3.1207410468592;0.126586524207463;-1.78853717554079;68.7077533648648;0.998257618937992;0.00174749422374748
7.96300299081267;12.8474538569492;4.03145765941526;0.00312267466103174;0.425725941480166;3.12327014373379;0.130273538221514;-1.79870913716857;68.7321596204266;0.998548906015223;0.0014203672736193
7.96333216987911;12.871759320091;4.02059244161922;0.00345867714051693;0.439717739785104;3.12588609865856;0.134004014979852;-1.80866387527905;68.7564673125713;0.998264250190231;0.0010912402365095
7.96367370265722;12.8960636072935;4.00965386437212;0.00380854834701111;0.454013780999863;3.12859111640328;0.1377777466317;-1.81839714325813;68.7807739993274;0.997965338782882;0.0007385924387249
7.96399310227829;12.920355142345;3.99864276940666;0.00417311781805938;0.468609870863619;3.13138736819798;0.141594634341529;-1.82790457918021;68.8050676341167;0.997653626028555;0.000407118754761931
7.96411164406324;12.9445656045101;3.98755994621428;0.00455321980635285;0.483501681549728;3.13427703991747;0.145454665834938;-1.83718168812568;68.8292783864883;0.997194952707542;0.000262523224417693
7.96426465073678;12.9687833142752;3.97640621349459;0.00494970247971596;0.498684787071861;3.13726231272859;0.149357894643968;-1.8462238243653;68.8534965795941;0.996767412393018;8.67946875853787e-05
7.96432278493194;12.9929633209872;3.96518242247504;0.00536344392125126;0.514154865329954;3.14034536326257;0.153304428587526;-1.85502617200908;68.8776766561899;0.996480633648926;-9.99932625589395e-09
7.96423245099927;13.017086431582;3.95388933058887;0.00579537542250291;0.529908133181833;3.14352840228647;0.157294417084978;-1.86358374305005;68.901799935921;0.996388025912632;5.21270587514333e-05
7.96418298983685;13.0412193260378;3.94252778943624;0.00624634212312284;0.54593980709071;3.14681362378751;0.161328040975401;-1.8718914398207;68.925932881063;0.996332245424957;6.74368682112847e-05
7.96394775134464;13.0652907787944;3.93109843902164;0.0067170086878752;0.562243321476182;3.15020328639856;0.165405506309468;-1.8799440989953;68.9500054832273;0.996226617588806;0.000333307396193389
7.96363244699182;13.0893343611106;3.91960173518717;0.00720792248280468;0.578810691417751;3.1536997035289;0.169527036010247;-1.88773648444761;68.9740511328843;0.996114012068988;0.000717672186689056
7.96336330865169;13.1133908560188;3.90803851107521;0.00771954509826951;0.595632114321895;3.15730506611818;0.173692867013408;-1.89526329268912;68.9981091332733;0.99604288709102;0.00106055643533554
7.96280193455191;13.1373632449465;3.89640957164981;0.00825230928156172;0.612696894686809;3.16102155438485;0.177903246145721;-1.90251914930508;69.022088094297;0.997014405576246;0.00172942843004315
7.96224529250251;13.1613377641922;3.88471569976899;0.00880663932503284;0.629993647431259;3.16485133389823;0.182158423147738;-1.90949860535158;69.046069074749;0.998172271644356;0.00240292271298528
7.96169205005529;13.1853152395881;3.87295799586736;0.00938295339668206;0.647510023293579;3.16879643932914;0.18645865251242;-1.91619614178285;69.0700529318943;0.999341916594694;0.00307960164654028
7.96081950108326;13.2092032103018;3.86113782318136;0.00998168017799998;0.665233014811521;3.1728587800819;0.190804190882444;-1.92260617295509;69.0939568329677;1.00029386397678;0.00409231005814681
7.9600035867466;13.2331113056758;3.84925653706079;0.0106032740265298;0.683149487320247;3.17704022646091;0.195195291261976;-1.92872304372097;69.1178788466918;1.00129668792919;0.00505414189942724
7.95908559810985;13.2569931351999;3.83731544868669;0.0112482110197805;0.701246285170148;3.18134262448068;0.199632205894811;-1.93454102543857;69.1417783128899;1.00274759158204;0.00609982357418784
7.95793026775829;13.2808093279356;3.82531609783011;0.0119169720751598;0.719509904460915;3.18576769765074;0.204115184526986;-1.94005431872294;69.1656225118626;1.00500110563986;0.00734414320196811
7.95683536684401;13.3046507177669;3.81325993723561;0.0126100550261955;0.73792703094078;3.19031715986717;0.208644471678762;-1.94525704826678;69.1894890297716;1.0073090060671;0.00853407646033261
7.95551654110082;13.3284302007453;3.80114821892053;0.0133279690372271;0.756484683388687;3.19499276607413;0.213220308162502;-1.95014325432896;69.2133050561416;1.00953965705021;0.00991496168729686
7.9540578331572;13.3521756740687;3.78898218293834;0.014071215563076;0.775169915643219;3.19979624822801;0.217842928443158;-1.95470688869871;69.2370952922106;1.01173377870587;0.0114141646770403
7.9526634712588;13.3759523804013;3.77676314135315;0.0148402807618382;0.793969731886485;3.20472928427713;0.222512561599324;-1.95894181271877;69.260912848952;1.01398615542766;0.01285511260066
7.95090510019535;13.3996287662444;3.76449200545931;0.0156356552679172;0.812871771051576;3.20979369517785;0.227229431350832;-1.96284178224044;69.284654439366;1.01611720032439;0.0146372961240559
7.94911990780516;13.4233118256725;3.75216959849652;0.0164578055695293;0.831863760439533;3.21499133261853;0.231993752050059;-1.96640044027421;69.308404686012;1.01827115075431;0.0164460624279917
7.94737379953435;13.4470241782936;3.73979723677088;0.0173071439236166;0.850932748540776;3.22032383300794;0.236805732918802;-1.96961132567864;69.3321812408702;1.02047574019401;0.0182284746203699
7.94516526495207;13.4706132029267;3.72737581725523;0.0181840874620399;0.870066543610908;3.22579300437617;0.241665577102187;-1.97246785640868;69.3558734275177;1.02253399100017;0.0206095996371611
7.94302959503184;13.4942465529276;3.71490629518724;0.0190890167690849;0.889252913849887;3.23140063282996;0.246573476518681;-1.9749633255494;69.3796030781319;1.02465964490985;0.0229233215504279
7.94079503785429;13.5178718863256;3.70239016127456;0.020022251017839;0.908479004356849;3.23714826256611;0.251529617078847;-1.97709091133651;69.4033338519066;1.02675050787378;0.0254613221974876
7.93820980564743;13.5414121078881;3.68982869730944;0.0209841017290945;0.927732545993182;3.24303752773355;0.256534178449562;-1.978843665718;69.4270156055743;1.02865834840949;0.0286563506913982
7.93569777808873;13.5650045772414;3.67722332865509;0.0219748389318169;0.947001280701784;3.24906999726564;0.261587331051236;-1.98021451293847;69.4507414331182;1.03063531154399;0.0317822565865259
7.93293351921165;13.5885432501206;3.66457565104264;0.022994689377777;0.966272978748526;3.25524716000148;0.266689238977413;-1.98119624901086;69.4744418602884;1.03218582174036;0.0354952980793455
7.92994440982786;13.6120408148046;3.65188716043574;0.0240438529195452;0.98553584401572;3.26157055786534;0.271840058289048;-1.98178153281712;69.4981287832837;1.03335086979028;0.0397420011250156
7.92702791400753;13.6355991858339;3.63915956957504;0.0251224739436736;1.00477803748759;3.26804163415;0.277039937528314;-1.98196288681856;69.5218669970629;1.03458650494649;0.0439181170643862
7.92369138663543;13.6590481702252;3.62639459428928;0.0262306580234406;1.02398803068644;3.27466184056383;0.282289018781616;-1.98173269109208;69.5455521671887;1.03551522047817;0.0488639672858238
7.92026920386919;13.6825091717441;3.61359392468466;0.0273684691745639;1.04315461661066;3.28143265871831;0.287587434492969;-1.98108317616717;69.5692614465357;1.03639498745115;0.0540091011961591
7.91691802432445;13.706040116431;3.60075955126604;0.0285359028312197;1.06226646450634;3.28835543045507;0.292935311424553;-1.98000642648226;69.593029823893;1.03734658011722;0.0590824094134068
7.91296562403015;13.7293936508311;3.58789337038913;0.0297329200352997;1.08131273134341;3.29543156810105;0.298332769892932;-1.97849437096417;69.6167154532294;1.03812065968876;0.0645608072710793
7.90907952439044;13.7528229476429;3.57499731923323;0.0309594300527717;1.10028281589039;3.3026624901373;0.303779918580535;-1.97653877783662;69.6404648473165;1.03896870410344;0.0699676784223814
7.90510463148634;13.7762692161768;3.56207359554801;0.0322152726309478;1.11916608564514;3.31004949972765;0.309276860292781;-1.97413125711846;69.6642456648333;1.0397224532112;0.075186135005067
7.90065115867422;13.7995817846084;3.54912418891499;0.0335002599015761;1.13795254775369;3.31759405389003;0.314823692231809;-1.97126324697132;69.6879798019983;1.03996852611482;0.0799326350842126
7.89626811270589;13.822983288215;3.53615123970499;0.0348141382389837;1.15663228409802;3.32529756778789;0.320420502362301;-1.96792601248521;69.7117882346012;1.0402927433146;0.0846009908671905
7.89161566307269;13.8463336434001;3.52315704900495;0.0361565918597121;1.17519549910052;3.33316140875458;0.326067372887063;-1.96411064533404;69.7355975683773;1.04035440073798;0.0890122741736858
7.88663340854;13.8696127150176;3.51014372148964;0.0375272761326423;1.19363299739013;3.34118711815876;0.331764379136799;-1.9598080506442;69.759403828806;1.0400944715592;0.0931314648886366
7.88171703117638;13.8929915719696;3.49711370281841;0.038925764003633;1.21193543537187;3.34937609130175;0.337511589253401;-1.95500895421328;69.7832940301188;1.03991389486024;0.0971713031237592
7.87633840020522;13.9162369942837;3.48406951463807;0.0403515802628562;1.23009378485996;3.35772973890187;0.343309065813117;-1.94970390104473;69.8071536053389;1.03970314369267;0.0996178718319252
7.87079060767731;13.9394865119174;3.47101362581284;0.0418042127879217;1.24809948523702;3.3662495778912;0.349156863274619;-1.94388324987985;69.8310558661553;1.03952580336094;0.10131193758426
7.86530249637315;13.9628468323254;3.45794896338835;0.0432830625206384;1.26594381340366;3.37493690347195;0.355055030921467;-1.93753718947813;69.8550521978593;1.03942867370184;0.102925792663966
7.85914845507045;13.9859737028379;3.44487793295067;0.0447875483629656;1.28361918242579;3.38379344213826;0.361003612723538;-1.93065571782212;69.8789838581456;1.03928125961616;0.105404883700455
7.85299602624283;14.0091943510564;3.43180301569573;0.0463170316502936;1.30111819041458;3.39282098020817;0.367002643026007;-1.92322864687894;69.9030057415889;1.03920814523516;0.107873361556017
7.84676623727483;14.032471688102;3.41872740804625;0.0478707617544213;1.31843298514907;3.40202091926784;0.373052151542705;-1.91524563814996;69.9271023116876;1.03914745904716;0.110488642169416
7.83991299488429;14.0555358471657;3.40565325848191;0.0494480750010184;1.33555751520271;3.41139551829209;0.379152163407678;-1.90669616822177;69.9511631172556;1.03880972431201;0.114204919001213
7.83310834031837;14.0787314988496;3.39258323533328;0.0510482027362023;1.35248532706255;3.4209468220771;0.385302695377679;-1.89756956552687;69.9753362755268;1.03855648617324;0.117836699236623
7.82602190140843;14.1018894600833;3.37952151728999;0.05267019824629;1.36920887294185;3.43067590205055;0.3915037597036;-1.88785510135765;69.9995542189762;1.03821862958362;0.123326315951894
7.81847974011286;14.1249240107315;3.36647244504295;0.0543131241887861;1.38572164943743;3.44058380591328;0.397755363573944;-1.87754203442262;70.023792096783;1.03770839118485;0.131687582190286
7.8109705881286;14.1480961341491;3.35344052647777;0.0559760410304817;1.40201815318385;3.45067156311867;0.404057507970375;-1.86661966904116;70.0481505587049;1.03727696010252;0.139970041112252
7.80298137610651;14.1711065525753;3.34043142079362;0.0576578973711799;1.41809290683487;3.46093941327678;0.410410189733029;-1.85507747771038;70.072508449929;1.03671415682309;0.150755487541268
7.7947201500699;14.1940860671791;3.32745123011546;0.0593576366386983;1.43394166719118;3.47138732054004;0.416813399815236;-1.84290521516875;70.0969278263963;1.03610851385668;0.162971234229479
7.78647911133257;14.2172124274201;3.31450508284633;0.0610743524936189;1.44956288599021;3.48201613310477;0.423267125102257;-1.83009299126101;70.1214786564733;1.03558083475215;0.175109017055801
7.77754243384948;14.2400165812994;3.30159461720714;0.0628075324036379;1.46495954265868;3.49282979488859;0.429771348627742;-1.81663124791688;70.1459713827117;1.03525520545647;0.189265238705883
7.76851483187709;14.2629108078666;3.28872167349723;0.0645565518410079;1.48013412913595;3.50383245993218;0.436326046191786;-1.80251095826305;70.1705812020422;1.03503933412912;0.203658199622819
7.75941196888759;14.2859146075572;3.27589102461074;0.0663204386341125;1.49508680354966;3.51502610930165;0.442931190476077;-1.78772402928621;70.1953205818811;1.03493589715864;0.21797052068368
7.74950701137509;14.3085770108711;3.263103174677;0.0680988509566712;1.50982379267397;3.52641679259818;0.4495867504748;-1.77226341166039;70.2200530040691;1.03513081284347;0.232272566598353
7.73959519132838;14.3313948190448;3.25036152644952;0.0698911019399149;1.52434902611425;3.53800846522622;0.456292687247761;-1.75612368005405;70.2449306355176;1.03539813987225;0.246502201169085
7.72939326968516;14.3542000680062;3.23767606140883;0.0716958843392158;1.53866296370946;3.54979934350434;0.463048958304107;-1.73930194705812;70.2699138015581;1.03499652372028;0.259909032380141
7.71861296672371;14.3768029124693;3.22505825348617;0.07351209574449;1.55277032893698;3.56178621242952;0.469855518041998;-1.72179866742302;70.2949558364148;1.03317215920361;0.271766691843106
7.70776862084379;14.3995025320831;3.21251992445467;0.075338924412266;1.56668106530462;3.57396542885086;0.476712315665978;-1.70361856296448;70.320112795058;1.0313491951364;0.283622950856611
7.69649379561357;14.42203747668;3.20007445201393;0.0771756096418657;1.58040859954896;3.58633168795638;0.483619297488691;-1.68477182471964;70.3453109182412;1.0277538408168;0.294372727444571
7.68485891554443;14.4444439758945;3.18773576537606;0.0790215132093404;1.59397035029488;3.59887887545725;0.490576406509389;-1.66527549851839;70.3705581288054;1.02278507755136;0.304308797991448
7.67312208046878;14.4668998722227;3.17551457397;0.0808764566518315;1.60738940049559;3.61160389980078;0.497583582762915;-1.64515493477427;70.3958962537852;1.0177651515847;0.314296031239547
7.66081338823008;14.4890209471688;3.16342010360727;0.0827401593059238;1.62068888513024;3.62450508231913;0.504640763696067;-1.62444561235873;70.4212111873503;1.01202195596463;0.324506220669161
7.64828190515373;14.511091504615;3.15146038331024;0.0846118277880777;1.63388714564091;3.63758185599996;0.511747882281328;-1.60319522480627;70.4465912498812;1.00605763118981;0.334813922838267
7.63561851850316;14.5331822453442;3.13964229080753;0.0864895313711059;1.64699033163864;3.65083461336735;0.518904869377557;-1.58146589691767;70.4720542070431;1.00003832798965;0.345273103575859
7.62226309401498;14.5548152714035;3.12797111214535;0.0883691997072185;1.65998043838057;3.66426497513893;0.526111653371177;-1.55933623445871;70.4974777233172;0.994087764154889;0.35828024410227
7.60879992578583;14.576492649748;3.11645083796884;0.0902427685212601;1.67279421857137;3.67787503939959;0.533368157341547;-1.53690266595202;70.5229956705438;0.988087068128416;0.37133751682039
7.59505624007535;14.5980627768001;3.10508461477268;0.0920951129340361;1.68528850617148;3.69166604746136;0.540674302302092;-1.51427895517661;70.5485722081897;0.981994721029336;0.386009352934779
7.5807407601009;14.619284288553;3.09387171071638;0.0938994994208952;1.69718624913087;3.70564077430234;0.548030007436257;-1.49159179217228;70.5741707536167;0.975754583975334;0.404959904072097
7.56632881249396;14.6405736111537;3.0828095280378;0.0956089568972308;1.70797996706657;3.71979907176753;0.555435188509365;-1.46914593437589;70.5998794970831;0.969495370254205;0.423929531876527
7.55143669785864;14.6616077168323;3.07189280937229;0.0972074434409058;1.71743564609224;3.73413708112338;0.562889759690256;-1.44887995442179;70.6256517433959;0.964116844071762;0.448951267207145
7.53607494832524;14.6824222749421;3.06110503180604;0.0992747646957372;1.73136857031399;3.74867624644246;0.570393632328061;-1.42911855685387;70.6515212075967;0.959639622947904;0.479922065231845
7.5206317219375;14.7033550308021;3.05044972987994;0.101596942863091;1.74811895842709;3.76345439006401;0.577946715555874;-1.40984799439617;70.6775341564714;0.955200470327184;0.510854794753406
7.50445057804236;14.723777846983;3.03993080401999;0.104042878313247;1.7665781346188;3.77849348632182;0.585548916707901;-1.39105421995172;70.7035902658992;0.952697322354362;0.545979882505718
7.48794961334768;14.7441158571883;3.02955194687195;0.106534299387751;1.78600712538212;3.79380529255056;0.593200138154465;-1.3727227773472;70.7297802734396;0.950928934422405;0.582553217953593
7.47135591978604;14.7645938152132;3.01931395980718;0.109026676023941;1.80591891185608;3.80939872787203;0.600900280778911;-1.35483885724139;70.7561373869175;0.949221389694021;0.619065710197875
7.45388329218475;14.7842466475536;3.00922040201311;0.111495184411785;1.82598624730307;3.8252737147139;0.608649243841926;-1.33738713486387;70.7824342790208;0.947101035195286;0.642701811298466
7.43627290528053;14.8039880018;2.99927539907399;0.113927246131299;1.84599232854247;3.84142560994584;0.616446920051793;-1.32035173486135;70.8088888966593;0.94500355214665;0.665931222389573
7.41839448188837;14.8236360862868;2.98947862271852;0.116318343671394;1.86580187390496;3.85785452466422;0.62429320055127;-1.30371641634797;70.8354536335673;0.94243159479409;0.689659051925388
7.39982778449194;14.8426037741615;2.97982832036017;0.11866780700826;1.88532777436555;3.87456173717277;0.632187975798219;-1.28746462410265;70.8619959664625;0.93793361449676;0.71540546859921
7.38112083489245;14.8616526510089;2.97032279042917;0.120976583922313;1.90451191377128;3.89154780619537;0.640131131912975;-1.27157948039776;70.8886944621592;0.933440983017589;0.741146536454871
7.36195631631664;14.8803469431183;2.96096063097107;0.123246182084924;1.92331479304656;3.90881237829579;0.648122553734062;-1.25604377060043;70.9154667487577;0.928371841942;0.775871638747291
7.34224105409863;14.8985638535788;2.95173930173259;0.125478410673939;1.94171131420004;3.92635705528986;0.656162123928217;-1.24083998254337;70.9423097625797;0.922564322948575;0.822103955515089
7.32237068328982;14.9168468703014;2.94265703815326;0.127674629374602;1.95968247657408;3.94418203984371;0.664249722248393;-1.22595027357414;70.9693116206002;0.91675574840365;0.868337327834434
7.30188577170009;14.9344624339923;2.93371681958177;0.129834961837463;1.97720772012199;3.96227794277019;0.672385227070607;-1.21135631637364;70.996329016607;0.910563154586098;0.911661101749419
7.28101178970289;14.9517699598984;2.92492386486958;0.13195911244713;1.99427099925099;3.98062983005883;0.680568512469187;-1.19703926173372;71.0234449450884;0.904171188041334;0.953576075694581
7.25996547436757;14.9691115231567;2.91628012189316;0.134047443297394;2.01086800683003;3.9992285883347;0.688799450757184;-1.18297988326384;71.050715390729;0.897755928926335;0.995514342209977
7.23832676472377;14.9854062871807;2.90779362284762;0.136098783782475;2.02698771483191;4.01805102277524;0.69707791299384;-1.16915844492169;71.0778032679003;0.888257213063573;1.02071917285222
7.21646076653435;15.0015623236738;2.89947369182186;0.138111888718181;2.04262402551221;4.03706911600643;0.705403763878673;-1.15555475132168;71.1049903860261;0.878363310435735;1.04427854307987
7.19437521066551;15.0175191433246;2.89132207028771;0.140087092646388;2.05778672795639;4.05627066882258;0.713776866480169;-1.14214842207048;71.1322372550463;0.867215171008789;1.0668494509789
7.1719086853098;15.0324657321927;2.88333970361983;0.142024312489265;2.07248368338215;4.07564503506008;0.722197083561523;-1.12891895006861;71.1592214222625;0.848882317022716;1.08295239462413
7.14925505933061;15.0472914737461;2.87552728201459;0.143923116196334;2.08672061798797;4.09518196898442;0.730664272939782;-1.115845742311;71.1862951989221;0.830385879764288;1.09921892154172
7.12632519833614;15.0616488636568;2.86788222223329;0.145783465270222;2.10050583651337;4.11487949837888;0.739178291165813;-1.10290820687063;71.2133490927319;0.808156924893996;1.11474480560953
7.10306362784359;15.0752930716452;2.86039646372776;0.147606010266302;2.11385078348327;4.13475087999601;0.747738994000393;-1.09008583073665;71.2403169453237;0.779770107513038;1.12892656375671
7.07962890591041;15.0887699340907;2.85306484683037;0.149390223958061;2.12675589315831;4.15480345344081;0.756346234701369;-1.07735808868316;71.2673504803026;0.751185809675375;1.14330580236059
7.05578933641484;15.101567771216;2.84588361109625;0.151135211693318;2.13921762561096;4.17504192445295;0.764999865789467;-1.06470439558467;71.2944080062209;0.717828762826038;1.15757906003861
7.03163302921073;15.1138598481737;2.83884651024337;0.152840632107092;2.15123511760173;4.1954792815271;0.773699737034007;-1.05210409611441;71.3215119235333;0.68128449769468;1.17184799093973
7.00732182782997;15.1259707603784;2.83195125714588;0.154505233589376;2.16280017412015;4.21611845275498;0.78244569728144;-1.0395363931432;71.3486727170969;0.644543608711062;1.18631354569312
6.98249692025294;15.137158851619;2.82519677011046;0.156127771242422;2.17390488197162;4.23695942777518;0.791237594962677;-1.02698032892698;71.3759022859847;0.600578675535586;1.20011659843451
6.95745796926915;15.1480188740744;2.81858186391665;0.157707250872781;2.18454344364612;4.2580030812261;0.80007527388676;-1.01441477720224;71.4031949434973;0.555043771886206;1.21393825642602
6.93225448050297;15.1586241718644;2.8121068885455;0.159242506873604;2.19470944375313;4.27924593419295;0.808958578680237;-1.00181844118339;71.4305388310629;0.50880106964012;1.22767717103851
6.90652296048244;15.1681486601936;2.80577224040658;0.160732552137483;2.20439837330192;4.30068466377418;0.817887354428923;-0.989169859512705;71.4579765241238;0.45525891729054;1.23784863422927
6.88067034508254;15.1774832177111;2.79957852783458;0.162176466249748;2.21360672154261;4.32231560652969;0.826861440720744;-0.976447412326381;71.4854627331578;0.401537735354491;1.2481991270065
6.85458065679078;15.1863115951929;2.79352679542246;0.163573323314883;2.22233145709825;4.3441339488925;0.835880678396439;-0.963629332604418;71.5130056466588;0.348721627972573;1.25689888171213
6.82809827566483;15.1942250124996;2.78761809456423;0.164922273269322;2.23057046498016;4.3661352200757;0.844944909646482;-0.950693713394744;71.5406450873834;0.298249184145056;1.26152626926207
6.801517687733;15.2019415487608;2.7818537279391;0.166222466576042;2.23832196690016;4.38831444537871;0.854053974586779;-0.937618517958982;71.5683231036901;0.247605270031511;1.26632512709809
6.77464388731305;15.2088635713845;2.77625001360449;0.167470422413674;2.24557199055988;4.41060716155148;0.863207715710813;-0.924382046217855;71.5960740594613;0.204867120018259;1.26978265487839
6.74751157977459;15.2150694508887;2.77083492520507;0.168661794276267;2.2523106314973;4.43289480003175;0.872405975496422;-0.910963630316917;71.6239070444392;0.168964050209891;1.27209490792922
6.72030646801205;15.2210760388583;2.76562053688582;0.169796547046577;2.25855870989376;4.45511508072389;0.881648598135204;-0.897343519024208;71.6517673603931;0.132900405058288;1.27456773632327
6.69393393654259;15.2257112489046;2.76060851314961;0.170876139418146;2.26434347257254;4.47724678383699;0.890935430538505;-0.883502662516859;71.6785441336916;0.106856994997684;1.2762613855776
6.66776718318945;15.2296598542894;2.75580065049181;0.171901155532881;2.26968366499738;4.49926763365376;0.900266310017056;-0.869422795479388;71.7050071355154;0.0835408767495713;1.27799795090838
