# ICRA 2026 Track 2, optimal raceline, from the team's own optimiser.
# Copied from racelines-20260830T165029Z-1-001.zip:
#   ICRA_T2_SECOND_MAP_GOOD_01062026_0928_gimped_ev12/car_21/
#   v26_2026-06-02_13_21_10/v26_optimal_raceline.csv
# the newest of 41 T2 runs in that archive. Vendored rather than referenced:
# this repo must not depend on another, so the data is copied in.
# lap 73.79 m, 2717 points, half-width 0.66 m median
#   (0.59-3.76 m full width), peak 8.80 m/s,
#   |kappa| up to 0.95 1/m.
# Columns are the optimiser's own, semicolon separated:
# x;y;vx_mps;vy_mps;dpsi_rad;psi_rad;kappa_radpm;ax_mps2;s_m;w_left_m;w_right_m
x;y;vx_mps;vy_mps;dpsi_rad;psi_rad;kappa_radpm;ax_mps2;s_m;w_left_m;w_right_m
9.24363238728259;9.01052323881814;5.56224421589974;-0.25578432605593;1.76207050926403;4.64614469667413;0.332848519418444;4.3765341249679;0;0.332258056684107;1.13759844282225
9.21835629274341;9.01328920659912;5.58015049748429;-0.25803482882348;1.75776558222239;4.65417487547243;0.328604758525495;4.46847659619898;0.0254269843457513;0.339336034304193;1.13202095590011
9.19305128366713;9.01589485118125;5.59844009039184;-0.260340965675615;1.75329856579574;4.6621749391418;0.324381977907129;4.55895186574722;0.0508657906864372;0.346251803305181;1.12660567759707
9.16765869809315;9.01830020948788;5.61710280953149;-0.262700513384619;1.7486741427077;4.67014321678767;0.320180242989773;4.64797382100487;0.0763720477759235;0.353475361869598;1.12149924175941
9.14209800146501;9.02045170592977;5.63612924645707;-0.265111308516421;1.74389731217939;4.67807840985597;0.31599962021871;4.73554471889798;0.102023132529894;0.361772793543816;1.11692238623253
9.1165407034903;9.02248995546052;5.65550850048651;-0.267571230505352;1.73897122192511;4.68597865300899;0.311840175744119;4.8213648963096;0.127661579068595;0.36996229445356;1.11245346147012
9.09092020048327;9.02428042687009;5.67522113992439;-0.270083381082286;1.7338347958082;4.69383914622225;0.307701976779706;4.90543533662825;0.153344568812815;0.378776481124665;1.10879877588393
9.06526068522758;9.02586419395131;5.69524384217035;-0.272648300938191;1.72843513934479;4.70165353355255;0.303585090697693;4.98775837859371;0.179052914565205;0.388085540560182;1.10580071380884
9.0396225824053;9.02736253200457;5.71555951391471;-0.275265545053479;1.72272447160746;4.70941790293409;0.299489585699087;5.06833714137456;0.204734762887472;0.397317822446389;1.10287942928306
9.01392573591279;9.02851347008877;5.73615027729536;-0.277933049294882;1.71666154697026;4.71712796747146;0.29541553048425;5.14717558639815;0.230457371194818;0.407148299077451;1.10205906977127
8.98824269544339;9.02953973488594;5.75699822488156;-0.28064747036575;1.71021093498828;4.72477938394995;0.291362992072957;5.22427851398045;0.256160907667193;0.417051371242807;1.10170591238968
8.96258592780715;9.03046053086313;5.77809113697419;-0.283405136104471;1.70334083552128;4.7323698245013;0.287332038005786;5.29965109183616;0.28183419321407;0.426982144962369;1.10051061495791
8.93691260093505;9.03101534741288;5.79941596869538;-0.286201383969061;1.69602457319398;4.73989653538231;0.28332273607658;5.37329893744035;0.307513514351625;0.437540369434982;1.09218324340954
8.91126847328557;9.03149793235433;5.82096113578567;-0.289031024686459;1.68823938026173;4.74735717448407;0.279335151875891;5.44522801346213;0.333162182370232;0.448034929423829;1.08391953634495
8.88563876942825;9.03179841170267;5.84271857903514;-0.291888744219833;1.67996521536483;4.75475049330435;0.275369350897965;5.51544436574888;0.358793647557622;0.458494551421726;1.07489984710876
8.86001103338643;9.03185039466676;5.86468153747335;-0.294768920013626;1.67118511146753;4.76207552414664;0.271425398860167;5.5839540472239;0.384421436320175;0.468930863358343;1.06466189945054
8.83440839215377;9.03182266320445;5.88684260600622;-0.297665467639629;1.66188552823294;4.76933093554107;0.267503360806273;5.65076319392138;0.410024092571472;0.479294381370851;1.05449674571644
8.80879967348166;9.03154188394954;5.9091944515074;-0.300572024722447;1.65205573802272;4.77651530056648;0.263603301594931;5.71587804218183;0.435634350458057;0.48925839596881;1.04365780688878
8.78320074828809;9.03109519823869;5.93172984017484;-0.303482028187464;1.64168751922622;4.78362712322705;0.259725285130293;5.77930494220027;0.46123717255231;0.498986513221038;1.03251889340841
8.75762855691777;9.03057072442946;5.95444031825313;-0.30638861299942;1.63077548696766;4.79066444616077;0.25586937501981;5.84105046789071;0.486814741714708;0.508643299920496;1.02145131048081
8.73203924378908;9.02972674145298;5.97731699495194;-0.309284778097069;1.61931652296854;4.79762513377554;0.25203563441204;5.90112146369588;0.512417969121864;0.517437022866541;1.01044696802315
8.70647878130619;9.02879850786579;6.00035043948964;-0.312163427068616;1.60730963571437;4.80450686587666;0.248224124573428;5.9595250960348;0.537995280550778;0.526121091413313;0.999505595182005
8.68094121820777;9.02774091080708;6.02353101660246;-0.315017456773393;1.59475562423724;4.81130726087568;0.244434906304097;6.01626887778922;0.563554733607222;0.534436432441077;0.988855437992621
8.65540633096604;9.02640418471259;6.04684833878222;-0.317839732137116;1.58165721540983;4.81802373445057;0.240668039869263;6.07136072976112;0.589124585055739;0.541621139685196;0.979065391549182
8.62991276515126;9.02501508109773;6.07029229962201;-0.32062324773346;1.56801837136712;4.82465381806794;0.236923583949385;6.12480896630129;0.614655967838604;0.548760680741693;0.969320511293364
8.60443945125851;9.02341839300492;6.09385397186209;-0.323361248195016;1.55384365449364;4.83119540971166;0.233201596493371;6.17662221849589;0.640179273532512;0.555123362052538;0.961013837617333
8.57898986309462;9.02161970731407;6.11752522839692;-0.326047185491409;1.53913832437411;4.83764665264171;0.229502134178992;6.22680938572299;0.665692344847546;0.56071624140745;0.95413672041587
8.55358804006;9.01978181169008;6.14129844263675;-0.32867468973522;1.52390840745686;4.84400584587195;0.225825252451671;6.27537960869862;0.69116056963466;0.566276864227469;0.947291859749299
8.52819617839389;9.01766024425016;6.1651669671083;-0.331237623524336;1.50816029937194;4.85027156595954;0.222171005886616;6.32234221059518;0.716640908864594;0.571029481954567;0.943072097283484
8.50284167058454;9.01543239352345;6.18912499290471;-0.333730059463706;1.49190076238939;4.85644261673451;0.218539447235579;6.36770664908181;0.742093106905532;0.575531007390408;0.939620460762422
8.47753359145512;9.01315305432186;6.21316613498491;-0.336146138602529;1.47513777511195;4.86251766253772;0.214930628486937;6.41148256284869;0.767503621587786;0.579939221106953;0.936247428581814
8.45223310546298;9.01055085068508;6.23728371189943;-0.338480122611607;1.45788026941219;4.86849531692499;0.211344600782021;6.45367979722994;0.79293757635706;0.583229817847133;0.933745746435605
8.42698212107007;9.00791827187305;6.26147110718889;-0.34072644298163;1.44013781406642;4.87437424272189;0.207781413052106;6.49430840465125;0.818325421559293;0.586495356206924;0.931269122669784
8.40176862124738;9.00515418749903;6.28572200098236;-0.342879726662224;1.42192039231917;4.88015321103794;0.204241113271789;6.5333786294338;0.8436899782425;0.589437154439029;0.92864818182939
8.37658060014114;9.00215828068102;6.31003020457364;-0.344934781917838;1.40323847178066;4.88583106156264;0.200723748477051;6.57090090296031;0.86905554279192;0.591758925748416;0.47571493211468
8.35144380502471;8.99913947044306;6.33438967299812;-0.346886602005078;1.38410294786935;4.8914067073917;0.197229364095399;6.60688583751572;0.894372961380277;0.5940621714;0.472800208057775
8.32633562770586;8.99591142975747;6.35879448113445;-0.348730365082281;1.36452511933483;4.89687913104111;0.193758004504337;6.64134422116131;0.919687795271546;0.596000407546326;0.467752722590081
8.30126448125398;8.99254523208247;6.38323878643546;-0.350461433440772;1.34451667816326;4.902247377843;0.190309712564831;6.67428701444125;0.944983914958151;0.597702908393157;0.461358213106984
8.27624531084214;8.98916271445969;6.40771688241214;-0.352075358879167;1.32408963094175;4.90751056936081;0.186884530009643;6.70572534328053;0.970230703141296;0.599392454876125;0.45497665798775
8.25125446397094;8.9854959195297;6.43222261388554;-0.353567851163614;1.30325673992465;4.91266778185331;0.183482497475189;6.73567052708011;0.995489123764899;0.600579728435911;0.444147065820756
8.22631367374807;8.98178532153601;6.45674977401021;-0.354934816653278;1.28203115620893;4.91771814013347;0.18010365346761;6.7641340811913;1.02070442773712;0.601698574359955;0.43277404231757
8.20142217437743;8.97801459770832;6.48129355901145;-0.356172426077521;1.26042516980177;4.92266111184268;0.1767480354136;6.7911276317448;1.04587991381195;0.602765994533797;0.421037432605638
8.17656418516661;8.97397821993023;6.50585330674571;-0.357277170849331;1.2384478750425;4.92749701443595;0.173415679596699;6.81666267086821;1.07106347934927;0.603601250382773;0.407475684229002
8.15176009792651;8.96993747499608;6.53042834199349;-0.358245585182574;1.21610883972206;4.93222613773879;0.170106620095951;6.84075056483881;1.09619454306406;0.604433765188405;0.393916676895711
8.12697612200799;8.9657564238233;6.55501872078743;-0.359074274798619;1.19341741076616;4.93684888670916;0.16682088965875;6.86340251825855;1.12132871604109;0.605158877326933;0.380270745219159
8.10220031944793;8.96139706024104;6.57963063346371;-0.359760006782333;1.17037786913685;4.94136675150032;0.163558519539502;6.88462922722333;1.14648511569083;0.605746025727421;0.36652115372187
8.07747333406118;8.95702527135029;6.6042668419856;-0.360299347232442;1.14699824916459;4.94578048565949;0.160319539174134;6.90444109329597;1.17159559845047;0.606321477306111;0.352783259046381
8.05270925001835;8.95245374682138;6.62892746918949;-0.360688814148665;1.12328946397126;4.95009032012879;0.157103976634633;6.92284838452895;1.1967781061691;0.607363640754509;0.339704628610197
8.02795392890059;8.94778773735968;6.65361386386531;-0.360924995618563;1.09926159215788;4.95429667377172;0.153911858207392;6.93986117254725;1.2219693262257;0.608566094539143;0.326895708475736
8.00323907709105;8.94309574272991;6.6783248656369;-0.361004520907236;1.07492742436442;4.95839951686246;0.150743208800865;6.95548948055015;1.24712561199235;0.609744071326845;0.314112870833409
7.97846566500365;8.93816273871414;6.70305564777246;-0.360924178969887;1.05030345182735;4.9623982414572;0.147598051915946;6.96974348964233;1.27238539178299;0.611502038030354;0.301806679725558
7.95372677139828;8.93319589334358;6.72780098469922;-0.360681010878057;1.02540655982451;4.96629224766255;0.144476408762808;6.98263355747948;1.29761795823495;0.613226303330048;0.289534190021521
7.92899999793763;8.92814397200743;6.75255780918978;-0.36027225848268;1.00025152191528;4.97008133843914;0.141378298924953;6.99417009647016;1.32285553408845;0.61511503441174;0.277092861673242
7.9042465061049;8.92292242127196;6.77732185626864;-0.359695373402724;0.974854394103684;4.97376518158005;0.138303740481751;7.00436363776874;1.34815375438151;0.617477767527503;0.264166252570097
7.87952334171793;8.9176631281677;6.80208910432425;-0.358948011560546;0.949231023455098;4.97734354057341;0.135252749469227;7.01322481529954;1.3734301271684;0.619802696859378;0.251277447250843
7.85478791270144;8.91227692154287;6.82685607783088;-0.358028006117309;0.923396754241552;4.98081631134385;0.132225340181844;7.02076433403623;1.39874519521956;0.622892179616536;0.239146441584367
7.83004580209744;8.90677964654591;6.85161873824241;-0.356933399646972;0.897367569393063;4.98418336226578;0.129221525028429;7.02699299779254;1.42409064983243;0.626578921269804;0.2276277684315
7.80533036509476;8.90124178681608;6.87637353358548;-0.355662405422236;0.871158988798336;4.98744468210709;0.126241314520154;7.03192168081221;1.44941890908214;0.630224905802152;0.216149852399553
7.78058606461012;8.89554675554702;6.90111647347911;-0.354213445953356;0.844787037151283;4.99060025364813;0.123284717324111;7.03556134827516;1.47481012385477;0.633947404786649;0.207565123990151
7.7558545789506;8.88978596551096;6.9258432646236;-0.352585161714565;0.818268073045628;4.9936500790503;0.120351739834343;7.03792306885661;1.50020368770009;0.637650146513947;0.199586488530259
7.73113987454146;8.8839694968893;6.95055046903748;-0.350776329253533;0.791617566612713;4.99659432144052;0.117442386484701;7.03901796745481;1.52559360540886;0.6412955522642;0.192048952334475
7.70639225025725;8.878001872154;6.97523475646021;-0.34878588771281;0.764850924834142;4.99943320242306;0.114556659752431;7.03885721748665;1.55105057798404;0.644778453443947;0.187686003932723
7.68166557267037;8.8719900805049;6.99989275927422;-0.346612948275923;0.737983642339257;5.0021669838795;0.111694559669874;7.03745204065848;1.57649758612484;0.648216969045385;0.18336744110928
7.65693530010397;8.86589404810308;7.02452045379616;-0.344256860527608;0.711031941115754;5.00479590368776;0.108856084132762;7.03481373748462;1.60196811796562;0.651219170282615;0.181750877623036
7.63218557937507;8.85969022260896;7.04911258444706;-0.341717306547118;0.684013326542619;5.00732013071712;0.106041228917452;7.03095374497588;1.62748352756296;0.653565148168255;0.184321081516823
7.60745425321608;8.85344280315065;7.07366449454748;-0.338994138251005;0.656944557504161;5.00973996576918;0.103249987478161;7.02588360205218;1.65299173689781;0.655867308507191;0.186935102957314
7.58271541016614;8.84709367308704;7.09816887572168;-0.33608775778172;0.629845139349163;5.012055527623;0.100482351046533;7.01961507443794;1.67853232827731;0.657198305302057;0.189795350942317
7.55798088909698;8.84067491960695;7.12261623668637;-0.332999173137593;0.602736629260169;5.01426684642077;0.0977383084748742;7.01216025177784;1.70408613286212;0.658028903500776;0.192796910586484
7.53326350538504;8.83421830305162;7.14700067189671;-0.329729271356929;0.575636314281553;5.01637439190281;0.0950178463700264;7.00353136411777;1.72963289302669;0.658821384873617;0.195836587056528
7.50856425060881;8.82764485410804;7.1713132971889;-0.326279625300254;0.548564512531814;5.01837847112544;0.0923209489756318;6.99374091759025;1.75519191134733;0.658761491277661;0.199235325008524
7.48388261558069;8.82103624102405;7.19554467418738;-0.322652244681117;0.521541741639712;5.02027947091046;0.0896475977405826;6.98280171008641;1.78074297540649;0.658624627185759;0.202683200807371
7.45922247364029;8.81437930191002;7.21968980077546;-0.318848767479953;0.494583317241269;5.02207822768107;0.0869977716945822;6.97072661234992;1.80628583035437;0.658277918451774;0.204762854646176
7.43459371016196;8.80762728586252;7.24374270629087;-0.31487118301152;0.467705511808361;5.02377556719629;0.0843714474113422;6.95752860867304;1.8318233656931;0.657278827584094;0.202041928648847
7.40998369737425;8.8008541324517;7.26769774802037;-0.31072164275774;0.440924068968459;5.02537240625372;0.0817685986455748;6.94322077606408;1.85734841880838;0.656258128456476;0.199342610911454
7.38540182013126;8.79401482094795;7.29155045884308;-0.306402284456969;0.414253305851637;5.02686979654799;0.0791891966028275;6.92781622531209;1.88286399974699;0.655013778805863;0.19400177898627
7.36084867725213;8.78711289062051;7.31529631215751;-0.30191542099232;0.387707525059764;5.02826883059321;0.0766332098058645;6.91132810034736;1.90836877317253;0.653550677703534;0.186040754875877
7.33631533325511;8.78019830195223;7.33893093327231;-0.297263502113528;0.361300765353274;5.02957065344262;0.0741006040859306;6.89376956799574;1.9338579180018;0.652074278008823;0.178093029357867
7.31181749189713;8.77319708191395;7.36244902977965;-0.292449335867757;0.335047948171094;5.0307764063145;0.0715913426515745;6.87515385586728;1.95933656225979;0.650576992820864;0.165435377377234
7.28734466251151;8.76616803833573;7.38584501665886;-0.287475993821035;0.308964112077859;5.03188727164318;0.0691053857181644;6.8554942608698;1.98479882515534;0.64906982462489;0.151454497677151
7.26289459257038;8.75912989826229;7.40911316721056;-0.282346788609676;0.283064212231695;5.03290448371576;0.0666426909543705;6.83480415058617;2.01024172860246;0.647561345115566;0.137478913846303
7.23849921323331;8.7520020495943;7.432227510063;-0.277070005802121;0.257384629546068;5.0338285636849;0.0642032135157349;6.81309784359142;2.03565709323949;0.646102125871384;0.123518770085375
7.21412574933166;8.74489119795344;7.45516257705806;-0.271654749004274;0.231959231943512;5.03466040371624;0.0617869056739492;6.79039055395478;2.06104665711175;0.644658862883641;0.109542670068009
7.1898688525886;8.73777122586672;7.47789727075595;-0.2661098908341;0.206815363238516;5.03540136430859;0.0593937174884199;6.76669817067877;2.08632690715242;0.643446352991189;0.0980591235169234
7.16582754144286;8.73063358074623;7.50037797856913;-0.260453354122552;0.182013564433369;5.03605218206991;0.0570235966512097;6.74203862372573;2.11140539633086;0.642690736823429;0.0915040337901828
7.14181705186447;8.7235704804109;7.52256627892339;-0.254700776590295;0.157594202498731;5.03661466195047;0.0546764885792116;6.71643116997355;2.13643320079191;0.642007231286257;0.0848768334328532
7.11820736770727;8.71647451417815;7.54446692897422;-0.248857095824721;0.133549329060243;5.0370919406408;0.0523523362015549;6.68989452553372;2.16108619093061;0.641358648378299;0.080651173264814
7.09487617066949;8.70940757325986;7.56609267029551;-0.242924561442585;0.109863614330131;5.03748713663363;0.0500510777457293;6.66244654379259;2.18546418119147;0.640777464308578;0.077891954116661
7.0715926689555;8.70245184520123;7.58744618362178;-0.236907657606887;0.0865339243155097;5.03780298606818;0.0477726477481084;6.63410465675567;2.20976446112588;0.640300572221193;0.0750284429861716
7.04838978770162;8.69530157056423;7.60862002398669;-0.230784082466017;0.063463051844877;5.03804299060791;0.0455169775638907;6.60488216644312;2.23404408480225;0.639613746591014;0.0756848716469533
7.02523911620076;8.6881714704195;7.62972094574884;-0.224524025793762;0.0405465616561172;5.03820943110409;0.0432839921934559;6.57478778183044;2.25826787309011;0.638938399232692;0.076732255914175
7.00201744493653;8.6810476776192;7.65076702472697;-0.218121678825017;0.017781535377324;5.03830287777587;0.041073612111259;6.54382937458013;2.28255767424543;0.638526683930315;0.0783399864222536
6.97825005238802;8.67373986141147;7.67179917746773;-0.211563649811485;-0.00485742213958532;5.03832365151473;0.0388857569399634;6.51201307578714;2.30742317496995;0.63922514016413;0.0828733232721363
6.95451182175297;8.66641696134122;7.69285161499802;-0.204837649938061;-0.0273853849188651;5.03827156009651;0.0367203451149426;6.47934359748599;2.33226524531688;0.639905191164592;0.0874250653553704
6.93060620057361;8.65903126346152;7.71390049347169;-0.197949923688155;-0.0497548712189157;5.03814641072098;0.0345772930269339;6.44582659927643;2.35728578202458;0.641082258466334;0.0922730279812431
6.90647787293727;8.65157433109252;7.73489232984713;-0.1909180297702;-0.0718906684748089;5.0379486946608;0.0324565153365875;6.41146983682378;2.38254012887581;0.642881839174491;0.0974783336361609
6.88236614061122;8.64411068449387;7.75579620832698;-0.183753821954216;-0.0937457469123593;5.03767932701166;0.0303579252492506;6.37628220303723;2.40778060542267;0.644673249858109;0.102691809315618
6.85823642522398;8.63658889625563;7.77658461706321;-0.176469210961286;-0.115279684192702;5.03733959018804;0.0282814336255722;6.34027355563398;2.43305550330516;0.646847134681863;0.108031925888729
6.83410831027995;8.62905654786206;7.7972199521432;-0.169080841468364;-0.136444901039193;5.03693135336699;0.0262269481937113;6.30345507660604;2.45833201815738;0.649176649716803;0.113409335985652
6.80999434126091;8.62154001863475;7.81768986135735;-0.161597311881434;-0.157222407404172;5.03645635357666;0.024194374402144;6.26583824763207;2.48359031805021;0.651520946798221;0.118763938323727
6.78589177228455;8.61396326157374;7.83798824939366;-0.154025270002915;-0.17760053298837;5.03591629575272;0.0221836157027005;6.2274345942587;2.50885573074864;0.653900424536981;0.121443481108269
6.76180283824491;8.60640743439502;7.85810906534427;-0.146371537609199;-0.197568261103265;5.03531294109232;0.0201945731148315;6.18825567695419;2.53410186446295;0.656299483443043;0.124103442725509
6.73772668065701;8.59885204954443;7.87804981803856;-0.138641719266158;-0.217118556325536;5.03464798221342;0.0182271462785314;6.14831294840233;2.55933567520247;0.658632377429409;0.126006245942832
6.71366193803724;8.59126416323324;7.89780812292141;-0.130841440165879;-0.236244733297167;5.03392311586828;0.016281233951228;6.10761774628631;2.58456834957573;0.660764367708671;0.126002016147395
6.68961023653467;8.5837012524071;7.91738166965763;-0.12297635510241;-0.254940422270556;5.03314004278357;0.0143567339761106;6.0661812872931;2.60978108376568;0.66291994989827;0.125974194441621
6.66556997414153;8.5761214675227;7.93676822719943;-0.115052143251133;-0.273199572108448;5.03230046650429;0.0124535441688554;6.02401466088798;2.63498797478431;0.664872446781563;0.119599697016856
6.64154117769378;8.56853507470469;7.95596566347283;-0.107074496420991;-0.291016464871418;5.03140609147642;0.0105715627573149;5.98112882232596;2.66018591943693;0.666670976578943;0.108206307348914
6.61752479443071;8.56097743234799;7.97497191441232;-0.0990491279346082;-0.30838568213656;5.03045862339232;0.00871068928329055;5.93753458680954;2.68536338203804;0.668496844856663;0.096785579200632
6.59351845081252;8.55338583011532;7.99378492099258;-0.0909817964580851;-0.325302046520672;5.02945977191149;0.0068708256545755;5.89324262593477;2.71054148677953;0.669526386974397;0.0825557298066187
6.56952361534852;8.54581283468869;8.01240269661708;-0.0828782748670871;-0.341760681868917;5.0284112470709;0.00505187673746508;5.84826346156967;2.73570301274034;0.670424472831098;0.0677530471295622
6.54554039379854;8.53826392720487;8.03082217563436;-0.0747448579723417;-0.357756039471624;5.02731482861299;0.00325375246990042;5.80260750178299;2.76084622097068;0.671238337432479;0.0531668088217482
6.52156755138481;8.53068562810391;8.04903084536804;-0.0665921610643047;-0.373275129505637;5.02617291844337;0.00147636981684557;5.75628537985602;2.78598837264187;0.671194305151072;0.0404616943882137
6.4976055309963;8.52314907220479;8.06701755154868;-0.0584304513860623;-0.388307386644158;5.02498795739681;-0.000280345474586106;5.70930789237304;2.81110765001843;0.671190588669979;0.0277162641543649
6.47371606400535;8.51563672485991;8.08476490011547;-0.0502730842357713;-0.4028384687718;5.02376293456307;-0.00201645535319638;5.66168621371758;2.83615045329085;0.670957479522533;0.0170412991565054
6.4499342556322;8.50815324907851;8.10223107423224;-0.042145133237244;-0.416836894755698;5.02250280966392;-0.00373200589915057;5.61343275965476;2.86108189567328;0.670360769515015;0.00958207515875154
6.42616341308834;8.50074973454652;8.11939061630801;-0.0340646733514298;-0.430287868911249;5.02121174601191;-0.00542702250280415;5.56456056982249;2.88597898350841;0.669842045664126;0.00204486500436785
6.40281663503886;8.49339710314952;8.13621865802117;-0.0260497958053841;-0.443179502719389;5.01989410808733;-0.00710150528937118;5.51508327193239;2.91045618174987;0.66884987691804;-9.99804472545662e-09
6.37969079756467;8.4861471720352;8.15267898337936;-0.0181242886114312;-0.455494023065583;5.01855542593681;-0.00875542479376435;5.46501543607572;2.934691813783;0.667698770042625;0.000584583006129735
6.35658222529664;8.47903198434309;8.16876046057743;-0.0103000682465586;-0.467234929245144;5.01719943140366;-0.0103887109688032;5.41437172672601;2.95887097853616;0.666677385210551;0.00103945396696292
6.33417680296349;8.47190371634124;8.18448920242023;-0.00257058992508158;-0.478432461311133;5.01582662172934;-0.0120012457126009;5.36316567974682;2.98238300002801;0.665651179829474;0.00263704884833027
6.31183526313082;8.46491560636328;8.19989282770257;0.00507214975689368;-0.489115251185835;5.01443701109748;-0.0135928576009399;5.31140967361912;3.00579193172424;0.664755751705926;0.00416626302030898
6.28956372910746;8.45801542788562;8.21498522635096;0.0126299189552946;-0.49930029940774;5.01303155962326;-0.015163301031123;5.25911543970684;3.02910788529207;0.663938283013245;0.00601645168818843
6.26747208624381;8.4510510017886;8.22981647331694;0.0201231561869795;-0.509026358992992;5.01160753150504;-0.0167122360783464;5.20629279481322;3.05227130289992;0.663046401765208;0.00930773374340665
6.24540761259222;8.44421025089765;8.24442496239115;0.027567149401307;-0.518320226244209;5.01016280165144;-0.0182392118117518;5.15295008523979;3.07537188450026;0.662266050375842;0.0124874859399544
6.22333474579981;8.43735901199896;8.25881633038298;0.0349608924615487;-0.527185594753514;5.00869819088733;-0.0197436378710154;5.09909536883252;3.09848358982208;0.662437889170013;0.0154781909436706
6.20125220223774;8.43049404555626;8.27300107664419;0.0423059636112584;-0.535628676461469;5.00721393796347;-0.0212247546245625;5.04473625023098;3.12160860862056;0.663544383930403;0.0182857926104901
6.17919259141029;8.42374301594549;8.2869844967138;0.0496013387243309;-0.543652004176472;5.00571072858989;-0.0226816006447735;4.98988007380637;3.14467813030316;0.66475319312612;0.0209910798419832
6.15718373834491;8.41691411370067;8.30076178610305;0.0568407336455193;-0.551252447950726;5.00419030996021;-0.0241129774731216;4.93453428697119;3.16772207786262;0.666215359731871;0.0236240774309766
6.13520321167518;8.41014983602907;8.31432688345267;0.0640171473169543;-0.558426992452651;5.00265461403261;-0.0255174173926513;4.87870648655917;3.19071988221645;0.66782610011742;0.026159066097572
6.11324465694763;8.40349001483962;8.32767912005811;0.0711264007646455;-0.565176137254261;5.00110499551234;-0.0268931477345715;4.8224042297364;3.21366615302454;0.669586590918012;0.0286006719590863
6.09135292083982;8.3967124726182;8.34082138872909;0.0781662327109897;-0.571502345254774;4.9995423807484;-0.0282380703562604;4.76563491170769;3.23658302864878;0.672119239747364;0.0311595320096268
6.06947784874077;8.39005439053873;8.35375641913222;0.0851343359657994;-0.577407929182371;4.99796767867831;-0.0295497684135941;4.70840577627401;3.2594489166988;0.674759210663012;0.0336110699738698
6.04761847390033;8.38342842299545;8.36648630624151;0.0920280986624393;-0.582894867646137;4.99638184281626;-0.0308255408176444;4.65072394281887;3.2822904515487;0.677258359010999;0.0362149230532484
6.02577376554763;8.37674906443197;8.37901594982144;0.0988464612842677;-0.587966222605501;4.994785439711;-0.032062502666078;4.59259631126596;3.30513350550026;0.679376502782129;0.0392223412886121
6.00394206820869;8.37018586164402;8.39134869102094;0.105587552645697;-0.592624162745149;4.99317918568124;-0.0332577808532478;4.53402962226718;3.32793040527929;0.68159888021817;0.0421255258590647
5.98210612565184;8.36358177484304;8.40348194692458;0.112246292506635;-0.596868697910103;4.99156455057729;-0.0344088320347675;4.47503067126245;3.35074317253407;0.683453589714694;0.0456269715528937
5.96027018241706;8.35699610652759;8.41541135646387;0.118816650203506;-0.600699776674281;4.98994326552473;-0.0355139330577718;4.41560637353314;3.37355061526915;0.685118451909357;0.0494623860638969
5.93844288628248;8.35052749585673;8.42713574940816;0.125294386877001;-0.604118926222548;4.98831665210531;-0.0365728759396186;4.35576365237902;3.39631624244166;0.68688903100908;0.0531920836698394
5.91671760438689;8.34397349262818;8.43864776740362;0.131671907862979;-0.607126452653505;4.9866869142378;-0.037500718671885;4.29550966111105;3.41900859427576;0.686648212510444;0.0584844634153777
5.89500940874655;8.33751942565484;8.44993944864119;0.137941372423172;-0.609723569112024;4.98505640333244;-0.0383914550968177;4.23485180458609;3.44165590622344;0.686266799026283;0.0638638282302095
5.87333513364825;8.33114788175196;8.46101570365323;0.144102161649411;-0.61191502453514;4.98342563487064;-0.0392452012184997;4.17379728111155;3.46424729335977;0.685803739010437;0.0693213430771285
5.85180762920224;8.32469597992226;8.47190399068676;0.150166160527518;-0.613708676912291;4.98179167966118;-0.0400620547838646;4.11235228337632;3.48672084414492;0.684509705539234;0.0755928975663197
5.83028446904816;8.31836019505464;8.48262621606761;0.156142023945351;-0.615108592055945;4.98015220406999;-0.0408421660302874;4.05052220801628;3.50915716721504;0.683318889817512;0.0817612343060312
5.80855389398837;8.31197387777694;8.49320293070673;0.162037452419473;-0.616116201338296;4.97850488786588;-0.0415856730375102;3.98831171394509;3.53180673544052;0.681235849000929;0.0891113705465402
5.78656747375917;8.305479368346;8.50367875086974;0.167873131304399;-0.616731747987879;4.97684341048392;-0.0422927193924524;3.92572387184197;3.55473229600604;0.678017791822097;0.0979518090738387
5.76458500945893;8.29906095930087;8.5140759031482;0.173656691765454;-0.616949583213794;4.97516468454441;-0.0429634518127944;3.86276098621543;3.577632617213;0.674866929152546;0.106725053091856
5.74195374220518;8.29247447194638;8.52438745323252;0.179379194344159;-0.616761896227146;4.97347023838984;-0.0435980036402474;3.7994256547017;3.60120285423306;0.671495852918743;0.116588429831245
5.71907840887786;8.28585051149508;8.5346052241755;0.185030892823648;-0.616161846503105;4.97176188745207;-0.0441965608430965;3.73572081562095;3.62501792775587;0.668066978269911;0.126836317320913
5.69620195916844;8.27927421131815;8.5447244937282;0.190603847051361;-0.615143313658974;4.97004094862666;-0.0447592960702675;3.67164962616044;3.64882086193056;0.664683499047674;0.137047385436017
5.67295514990397;8.27259221926562;8.55470528751484;0.196070981193104;-0.613706006709359;4.96831488886729;-0.0452863655765175;3.60721673265371;3.67300894078706;0.661413705408538;0.148915363029104
5.64970488611692;8.26596393180782;8.56450973775185;0.201407250526198;-0.611854804330609;4.96659115053096;-0.0457780003814354;3.54242817907906;3.69718556091459;0.658196132525456;0.160731119866138
5.62645999536309;8.25936724217367;8.57413270686444;0.206606053896294;-0.609592275845143;4.9648716493968;-0.0462344265301258;3.47729021227176;3.72134836829052;0.655374412033614;0.172733676765873
5.60323387799892;8.25277002502108;8.58355796252469;0.211655142448928;-0.60692498186629;4.96316035145621;-0.0466558517380845;3.41180968107935;3.74549326013068;0.653478919353203;0.185288803717801
5.58000204172918;8.2462356752915;8.59277459148192;0.216545649811955;-0.60386022162046;4.96146036739712;-0.0470425063460851;3.34599383741209;3.76962655544757;0.651644987260719;0.197782370081803
5.55679745788082;8.23971811894991;8.60178278480707;0.221274923190897;-0.600402835399;4.95977280931366;-0.0473946058800807;3.27984993084481;3.79372907092296;0.650325812868624;0.209778016219587
5.53361267587492;8.23322845039895;8.61058239011997;0.22584024874901;-0.596557947925914;4.95809884268942;-0.0477123822752533;3.21338522231146;3.81780499073015;0.649424707112335;0.221368798432996
5.51042126689398;8.22680363679833;8.61917381161078;0.230239323512765;-0.592330603895002;4.95643951641521;-0.0479960578095035;3.14660696494089;3.84186989630495;0.648587130646052;0.232896051356399
5.48727391057784;8.22037144086897;8.62755784467329;0.234470149884481;-0.587725741863504;4.95479578907708;-0.0482458382685858;3.07952239106118;3.86589432655627;0.64829276950175;0.24318356292405
5.46412917971892;8.21399137160488;8.6357352930136;0.238530830763293;-0.582748338729902;4.95316860073765;-0.0484619846945528;3.01213871317874;3.88990232210663;0.648155620028838;0.253179500224145
5.4409841604493;8.20766708545062;8.64370690301764;0.242419538602257;-0.577403449728907;4.95155888598545;-0.0486447346928856;2.9444631272356;3.91389583190307;0.647989871748741;0.262798892907619
5.41788631788635;8.20132992045112;8.65147281460628;0.246134264738177;-0.571696618287483;4.94996768639595;-0.0487943036604272;2.87650283562517;3.93784724086568;0.647177896535349;0.269981211471168
5.39478027578909;8.19506053147584;8.65903330204326;0.249673198950781;-0.565633437225255;4.94839600306031;-0.0489109594352459;2.80826504279825;3.96178871992449;0.646432306811507;0.277097144545166
5.37169964074014;8.18882414930481;8.66638791221583;0.253034343725568;-0.559220259535244;4.94684497565888;-0.0489949475142209;2.73975698210368;3.98569704853287;0.645487013197399;0.28389796093076
5.34866225475365;8.18260348752416;8.67353424823858;0.256215054333789;-0.552465525054422;4.94531614767595;-0.0490465046803467;2.67098598611796;4.0095595250615;0.64420014476472;0.290248551110665
5.32561538261327;8.17645360943126;8.68047147159864;0.259213669463717;-0.545376782809819;4.94381072887554;-0.0490658775232433;2.60195942788463;4.03341281238238;0.64298262068069;0.296529796941921
5.30268324399876;8.17032445611196;8.68719880737831;0.26202879783029;-0.537961912428509;4.94232990636718;-0.0490532896210056;2.53268471747332;4.05714990364999;0.640388038647248;0.302377007015192
5.27980138891495;8.16424578180234;8.69371468142315;0.264658994590643;-0.530230138690989;4.94087503459815;-0.0490089950994273;2.46316932976682;4.08082540941943;0.637160235262889;0.307973047599798
5.25690838485598;8.15824343674767;8.70001968972106;0.267103954374116;-0.52218858793842;4.93944697472099;-0.0489332205826577;2.39342072303635;4.10449221699881;0.634006936637766;0.313494583425169
5.23419994581479;8.15222938240161;8.7061185239901;0.269364980616899;-0.513839045221577;4.93804563505961;-0.0488261673868881;2.3234461888662;4.12798353567965;0.630951259707378;0.31996340681165
5.21148958240665;8.146290822016;8.71201575322984;0.271443124253262;-0.505182653044656;4.93667090832082;-0.04868810756065;2.25325285987143;4.1514575022295;0.627974556179694;0.326408478816627
5.18877987915341;8.14040082372105;8.71771401120084;0.27333859635746;-0.49622267430616;4.93532309844376;-0.0485192855059689;2.18284778387224;4.17491859132963;0.625086734495093;0.332948317961097
5.16610248148941;8.13448400931355;8.72321987581486;0.275052678306122;-0.486955422945412;4.93400154157807;-0.0483199210189159;2.11223778119487;4.19835516653899;0.622314410587109;0.339995523492462
5.14341179694765;8.12864545242432;8.72853815249885;0.276585636122023;-0.477378737089418;4.93270594880151;-0.0480902784145183;2.04142951584085;4.22178497472264;0.619618030194988;0.346966785507964
5.1206875466895;8.12280715889398;8.73367031838674;0.277936526375376;-0.46749548699375;4.93143680439209;-0.0478305943615113;1.97042962252709;4.24524722570462;0.618177825337415;0.354265154474383
5.097929979994;8.11696904003146;8.73861873111629;0.279104543951348;-0.457306421729116;4.9301943525811;-0.047541110433316;1.89924467592299;4.26874170322069;0.617966223396523;0.361883244469877
5.07515833983916;8.11120560205563;8.74338449868591;0.280088464555417;-0.446814290625789;4.92897912604447;-0.0472220635053559;1.82788123943334;4.29223137781705;0.617827508293177;0.369428447627825
5.05233643330317;8.10540063126523;8.74796631633994;0.28088666067103;-0.43602706414737;4.9277922551097;-0.0468736595988192;1.7563459554257;4.31577998932208;0.618982684347005;0.376153829571386
5.02949005510905;8.09963613229721;8.75236266076413;0.281497799156943;-0.424953784388519;4.92663492036491;-0.0464961554461415;1.68464555148757;4.33934238404208;0.620546602509134;0.382601523609886
5.00663199482338;8.09393636279073;8.75657287212092;0.281920992988008;-0.413601898630745;4.92550806856279;-0.0460897725556526;1.61278680620198;4.36290036129927;0.622400836530337;0.388901585358516
4.98380736353955;8.08819896470124;8.76058866709638;0.282155415289656;-0.402000799306413;4.92441467956067;-0.0456546998336995;1.54077682803867;4.3864350491043;0.627692830932864;0.393950584876592
4.96096678431164;8.08253454083967;8.76440340590892;0.28220204830699;-0.390179118837876;4.92335731736519;-0.0451912021027566;1.46862297994687;4.40996753212564;0.633056652113734;0.398927757616325
4.93827464348792;8.07693621018883;8.76801600685891;0.282063217891513;-0.378151484860554;4.92233702787573;-0.0446995173036064;1.39633266064356;4.43334004934651;0.638836869491892;0.402524871758817
4.91588557749714;8.07140341596428;8.77142058163124;0.281742569355438;-0.365950947445239;4.92135621108458;-0.0441798612985922;1.3239134759976;4.45640261832463;0.645365224973665;0.403495609238617
4.89347619428024;8.06595612604793;8.77461500034485;0.281245067648287;-0.353601521119516;4.92041621471043;-0.043632482903141;1.25137308498674;4.47946456584852;0.651976499935709;0.404383427238147
4.8714387273564;8.06056200173179;8.77760543589898;0.280574818320664;-0.341096817145019;4.91951594951668;-0.0430576049594681;1.17871888342581;4.50215259188777;0.658463617009139;0.404477695093914
4.84962052503496;8.05524441122803;8.78039920363691;0.279734530685612;-0.328422681961502;4.91865392411678;-0.0424554614526573;1.10595796775979;4.52460945545562;0.664913930513425;0.404039049902362
4.82777553061788;8.05002791070437;8.78300026577831;0.27872675892838;-0.315576618632028;4.91782960979772;-0.0418262682534088;1.03309726871785;4.5470686553255;0.671460278835219;0.403504369893302
4.80603136060259;8.0447188731017;8.78541706263806;0.277550991347978;-0.302530451179935;4.91704100239981;-0.0411702130939326;0.96014338819161;4.56945156867297;0.676239831558724;0.401324792519621
4.78427282673461;8.03949019419505;8.78765732886994;0.276204323341464;-0.289251536297756;4.91628620716062;-0.0404875423985475;0.887102640331737;4.59182952387878;0.680898692809747;0.398865234361725
4.76247692971902;8.03432192849117;8.78972174943905;0.27468608642017;-0.275742000475133;4.91556558544042;-0.0397784791304525;0.81398133175759;4.6142297939017;0.685457626528841;0.39637769028903
4.74061708038371;8.02905185531968;8.79160965496673;0.272996664802729;-0.262012447459875;4.91487994529091;-0.0390432175746427;0.740785813459885;4.63671593817313;0.689165636833829;0.394128651814697
4.7187262173387;8.02387937696792;8.79332066054058;0.271136693340784;-0.248072603627205;4.91422998851951;-0.0382820023615494;0.667522467435387;4.65920959099242;0.692967545824672;0.39178571465451
4.69690912319687;8.01872740472686;8.7948541996176;0.269107572065338;-0.233935047087449;4.9136164837275;-0.0374950564268982;0.594197711255827;4.6816267365459;0.695667846908839;0.389535815831326
4.67518722556984;8.01358052485832;8.79620906530051;0.266912667104639;-0.21962142078306;4.91304047474884;-0.0366825875093514;0.520818018915639;4.70395006982972;0.697005590653676;0.387418960625831
4.65343036346725;8.0085327140158;8.79738525640983;0.264554947625859;-0.205145750433879;4.91250254588587;-0.035844810461213;0.447389867505436;4.72628482845507;0.698438544737822;0.385206895081028
4.6318189407069;8.00344236443094;8.79838431909401;0.262034597371051;-0.19050414806564;4.91200257692898;-0.0349819197086077;0.373919673336379;4.74848764928088;0.699057672598437;0.384171696364288
4.61023619389821;7.99840257819949;8.79920763710228;0.259350758974285;-0.175689503721214;4.9115404291312;-0.0340941334373839;0.300413800864405;4.77065100654161;0.699437257685609;0.383511312137139
4.58861338503143;7.9934651081096;8.79985574774709;0.2565037622608;-0.160703403962839;4.91111631778433;-0.0331816524609994;0.226878599911582;4.79283037700557;0.699909106642697;0.382756426160528
4.567008016283;7.98837839639706;8.80032934049169;0.253491790491651;-0.145537826673126;4.91073024748984;-0.0322446600507247;0.153320399706432;4.8150264711395;0.699259782028044;0.38277751745976
4.54535974009304;7.98339577453743;8.80062861051986;0.250312478865122;-0.130184994187866;4.91038235299227;-0.0312833943878479;0.0797455323867513;4.83724075444086;0.69871170676454;0.382697359407843
4.5236818823876;7.97844500132317;8.80075314788716;0.246966045815198;-0.11465101892686;4.91007315900803;-0.0302980755179867;0.00616036270500594;4.85947675385883;0.698129607602747;0.382785395895209
4.5019954285483;7.97341636759063;8.80070252339067;0.243453146708115;-0.0989433703329386;4.90980320025408;-0.0292889020294572;-0.0674287116376265;4.88173859199813;0.697308030832722;0.383450631811398
4.48026349614163;7.96848855787408;8.80047632173359;0.23977448805043;-0.0830689822690456;4.90957297855383;-0.0282561024278223;-0.141015261759811;4.9040222226433;0.69658573969609;0.384016582094195
4.45853616326718;7.96352582453729;8.80007412333316;0.235930850286504;-0.0670344752419026;4.90938297196176;-0.0271998871706169;-0.214592828449283;4.92630911825506;0.695764972415607;0.38507516622025
4.43680108689556;7.95855733936199;8.79949553127508;0.231923361917224;-0.0508472853811242;4.90923364793596;-0.0261204640458514;-0.288154923706228;4.94860484407454;0.694889069757884;0.386495807069905
4.4150175275573;7.95368746899299;8.79874011867217;0.22775303677536;-0.0345137727343669;4.9091254424106;-0.0250180348666559;-0.36169503098791;4.97092611408443;0.694111406893669;0.387818208126053
4.39325477959055;7.94871106783916;8.79780734923366;0.223420553429056;-0.0180386527154529;4.90905877173163;-0.0238927857609476;-0.43520660215497;4.9932505797557;0.693689763425041;0.389444127964432
4.37145489985069;7.9437931128785;8.79669660877065;0.218926595304947;-0.00142653086712087;4.90903405432851;-0.0227449372361032;-0.508683054638913;5.01559830978959;0.693415075910345;0.841048615906467
4.34961323034828;7.93894302394213;8.79540727586724;0.214272131450499;0.0153171078426704;4.90905171041068;-0.0215746866800733;-0.582117770997137;5.03797199722245;0.69323149287929;0.842614864978602
4.32779149260462;7.93397391123638;8.79393869396234;0.209458247210933;0.0321866284196038;4.90911215476267;-0.0203822173155122;-0.655504097886593;5.06035235287726;0.693097017640001;0.844527154772531
4.3059164499243;7.92909976485378;8.79229016539941;0.204486115967677;0.0491763613778379;4.90921579600512;-0.0191677680242168;-0.728835344874711;5.08276384089623;0.693059343183648;0.846342643783525
4.28402197510134;7.92422409209211;8.79046096503023;0.199357037324593;0.0662804828612365;4.90936303524481;-0.0179315595802428;-0.802104783727961;5.105194628057;0.693233312748651;0.848101472573352
4.26212544651476;7.91929574705173;8.78845034612035;0.194072444235843;0.0834930155128441;4.9095542643405;-0.0166737947552605;-0.875305647959894;5.12763892686495;0.693679148183108;0.849824932804208
4.24017288175498;7.91445987665649;8.78625751823522;0.188633838349868;0.100808048047479;4.90978986742916;-0.0153946901516127;-0.948431131630948;5.15011782234519;0.694220674637556;0.851452702015074
4.21822407388479;7.90955318959367;8.78388162966664;0.183042751170704;0.118219836195367;4.91007022379304;-0.0140944453921518;-1.02147438745804;5.17260839247703;0.694764096312335;0.853111883538657
4.1962468166106;7.90465866688858;8.78132178420827;0.177300790950534;0.135722634513571;4.91039570694029;-0.0127732751450752;-1.09442852542475;5.19512408011491;0.695357268551278;0.854737440617298
4.17421085914449;7.89985409866199;8.77857705465884;0.171409672993406;0.153310606340284;4.91076668283647;-0.0114313773579696;-1.16728661184853;5.21767773386086;0.696045051298211;0.85626838718795
4.15220267664166;7.89490967757096;8.77564647089133;0.165371191393563;0.170977914272315;4.91118351125248;-0.0100689326245084;-1.24004166802033;5.24023449331348;0.696854986910913;0.857832095308195
4.1301385114437;7.89004183890783;8.77252902389741;0.159187227582788;0.188718693582251;4.91164654528934;-0.00868616654563215;-1.31268666895597;5.26282925463403;0.697760191605121;0.859308400916984
4.1080347425137;7.88520627279361;8.769223677311;0.152859772121992;0.206526994493746;4.91215612951131;-0.00728327121743328;-1.38521454254215;5.28545577227497;0.698719765853065;0.860843596722565
4.08594153490694;7.880272428328;8.76572935836916;0.146390904802169;0.224396844931867;4.91271260108101;-0.0058603994539357;-1.45761816835069;5.30809318916751;0.699641247982281;0.862796991297306
4.06378543976973;7.87542404083944;8.76204496001098;0.139782797609052;0.242322243427853;4.91331628941726;-0.00441770908662163;-1.52989037649943;5.33077356422984;0.700655347183636;0.86465776879991
4.04161470985994;7.8705389518052;8.75816935348943;0.133037735843636;0.260297106789644;4.91396751397778;-0.00295532499024021;-1.60202394694711;5.35347610504812;0.701700888226949;0.866735301728824
4.01942712217555;7.86561975051386;8.75410138924394;0.126158116583777;0.27831528338191;4.91466658378684;-0.00147340099485082;-1.67401160881376;5.3762024683427;0.702779199933483;0.869020967137439
3.99717431175929;7.86078309212069;8.74983987720706;0.119146412903516;0.296370649327121;4.9154138007531;2.78901753226682e-05;-1.74584603896397;5.39897483835186;0.703948767754884;0.871215376431185
3.9749344030007;7.85584156471695;8.74538363975165;0.112005259777077;0.314456893372321;4.91620945022681;0.00154837722361979;-1.81751986248437;5.4217571173132;0.705070823662143;0.874206479647527
3.95264933323962;7.85092959328052;8.74073149053922;0.10473741377564;0.33256763762767;4.91705380409086;0.00308777083724374;-1.88902565241903;5.44457710411531;0.706245349145986;0.877349880092413
3.93030347131223;7.84608219475797;8.73588216141431;0.0973456362764704;0.350696721004636;4.9179471343507;0.00464572383874676;-1.96035592679196;5.46744268562365;0.707498855669142;0.880387122951193
3.90798786858858;7.84109251839335;8.73083429115403;0.0898326809474243;0.368838197981793;4.91888971650631;0.00622193373577364;-2.03150314507385;5.49030932060003;0.708681848324371;0.883092314581268
3.88560326667651;7.83618046017074;8.72558649002334;0.0822013941394558;0.386986078688654;4.91988181828462;0.00781610615191475;-2.102459706892;5.51322653506306;0.709953843374038;0.885708503816905
3.86318424794629;7.83126410258888;8.72013736874572;0.0744547551295741;0.405134242447708;4.9209236939332;0.00942796231124866;-2.17321795177675;5.53617828821393;0.711254525615443;0.888098644599025
3.84076298108571;7.82626709074051;8.714485466252;0.066595770348049;0.423276688796327;4.92201559801432;0.0110572502920118;-2.24377015622998;5.55914964723003;0.712527704592345;0.890135099853704
3.81827068289387;7.82134455953597;8.70862931762101;0.0586275695168175;0.4414073101929;4.92315777261417;0.0127037323706071;-2.31410853320621;5.58217430339271;0.713888402589081;0.892084036088549
3.79577309916836;7.81634986997569;8.70256780487688;0.0505538738989047;0.459518892003002;4.92435037669543;0.0143671761858151;-2.38422524461663;5.60521965427505;0.71521607831637;0.892214263222755
3.77324426938069;7.81133743608185;8.69630002063478;0.0423787816131812;0.477603709417283;4.92559350882736;0.0160473233666429;-2.45411240920404;5.62829935672421;0.716555833108874;0.891192768251827
3.75064286770887;7.80639542229108;8.68982474117319;0.0341060650059418;0.495655071071776;4.92688731216671;0.0177439098573796;-2.52376209100798;5.65143475941877;0.717980637417863;0.890086223764415
3.72808192051321;7.80132044313801;8.68313972711177;0.0257383095163181;0.513668981686039;4.92823212203583;0.0194566662343838;-2.59316626129557;5.67455945945508;0.719630507230838;0.88753857665693
3.70545919047163;7.79629200207933;8.6762425707877;0.0172780424761608;0.531641498909416;4.92962830319329;0.0211852780869662;-2.66231679082293;5.69773429783672;0.721382240115229;0.884749301441506
3.68277569517489;7.7912890691782;8.66913087050789;0.00872795729272015;0.549568269477938;4.93107621427173;0.0229294332967133;-2.73120544844898;5.72096295032649;0.723201579145116;0.881694144010981
3.66008569763437;7.78615021621541;8.66179862524188;8.66327487526741e-05;0.567453123304335;4.93257695509576;0.0246888165905195;-2.79982376511497;5.74422759728624;0.725022943797782;0.877700958354149
3.63731735957587;7.78108245225066;8.6542403377567;-0.0086464078155696;0.585297106979381;4.93413154363189;0.0264630675698516;-2.86816304727215;5.76755310798908;0.726933581258903;0.873618499888863
3.6144686581643;7.77595669107378;8.64645250831077;-0.017469021421592;0.603095528303302;4.93574059274762;0.0282518263886414;-2.93621444704179;5.79096969578145;0.729306333983301;0.869844125477438
3.59154055603175;7.77074509914138;8.63842965185558;-0.0263810429501219;0.620847457895763;4.93740512565912;0.0300547232739288;-3.00396888549587;5.81448264025616;0.732218585276784;0.866461395801988
3.5685350036016;7.76560109556456;8.63016772545403;-0.0353803783093865;0.63854785254994;4.93912586750932;0.03187136740936;-3.07141710240771;5.83805627415962;0.735218164462712;0.862991338234093
3.54543747934915;7.76032253258184;8.62166515440142;-0.044462004904051;0.656186150215662;4.94090301329873;0.0337013650620542;-3.13854974615166;5.86174928692193;0.738413691822813;0.860959483743188
3.52226115691747;7.75503097354339;8.61292065198535;-0.0536204512411523;0.673751509640013;4.94273667050209;0.0355442863793134;-3.20535738421595;5.8855220132804;0.741730578538645;0.85940887252082
3.49901221271072;7.7497955840151;8.60393245032552;-0.062850620886974;0.691234359591752;4.94462702179309;0.0373997005098517;-3.27183048495135;5.90935314229775;0.745134570367224;0.857798770860267
3.47569917956851;7.74437225857729;8.59470144423348;-0.0721445878709925;0.708620472722641;4.94657365944567;0.0392671751210768;-3.33795951715038;5.93328868016708;0.749630201799252;0.858326508856062
3.45231898796158;7.73899790530856;8.5852286871354;-0.0814942824821646;0.725896316023704;4.948576104656;0.0411462247791529;-3.40373495769434;5.95727861623689;0.754194527513406;0.858785552569731
3.42888370659023;7.73360902443514;8.57551346540138;-0.0908933900109257;0.743052338219729;4.95063422241286;0.0430363757554768;-3.46914722641089;5.9813254964924;0.758906551974741;0.859998291049648
3.40541322792218;7.72810996508778;8.56555760462609;-0.100333142021953;0.76007519771177;4.9527473119624;0.0449371748811444;-3.53418678184822;6.00543157503315;0.763882646648002;0.863193301207752
3.38188015012948;7.72265012382049;8.55536211799546;-0.109805634300317;0.776953924645871;4.95491481478207;0.0468481661060612;-3.59884409241673;6.02958971273168;0.768917587007918;0.866329465679202
3.3583307728223;7.71712046593915;8.54492798614691;-0.119303073432272;0.793678387364897;4.95713615509537;0.0487689138366726;-3.66310963610761;6.0537795925958;0.774162468702913;0.869584584561147
3.33475651940753;7.71154146330583;8.53425814118121;-0.128816014968297;0.810236252281603;4.95941031659382;0.0506989597394266;-3.72697397528986;6.07800500682232;0.779578397215831;0.872922648184108
3.31112310718156;7.70599285086739;8.52335330693878;-0.138337155111257;0.826619551662177;4.9617367321772;0.0526378687284975;-3.79042767501344;6.10228102942559;0.78504437563726;0.876210661898558
3.28754088256126;7.70033611041455;8.51221605087449;-0.147857718264248;0.842818273643876;4.96411442483928;0.0545852020941246;-3.85346137329532;6.12653221559438;0.790104045913579;0.879627745580808
3.26392094996149;7.69467892821839;8.50084975731392;-0.157368458112107;0.858822232337157;4.96654222443214;0.0565403806786367;-3.91606581374403;6.1508201740598;0.79512368487544;0.883032891509388
3.24026391647435;7.68902764909037;8.48925458796372;-0.166863038081762;0.874626538335003;4.96901963821698;0.0585028090257108;-3.97823172462233;6.17514284227681;0.800144061529606;0.886309994228848
3.21670110897022;7.68326880901597;8.4774322455813;-0.176333993494664;0.890224606358317;4.97154583910902;0.0604719075870678;-4.03994987693898;6.19939918446765;0.804891455503302;0.888926679400335
3.19307810776569;7.67753148086638;8.46538420309255;-0.185774231262292;0.905610711296434;4.97412004365414;0.0624470044772753;-4.10121107602432;6.22370891750208;0.80968179664108;0.891500417407741
3.16947083186928;7.6717548554828;8.45311012715866;-0.195178225345135;0.920781768900997;4.97674185375872;0.0644274324144438;-4.16200609247127;6.24801268009291;0.81403638481777;0.89428075709754
3.14591589305305;7.66590787839892;8.44061021010749;-0.204540145452897;0.93573417357947;4.97941076132635;0.0664125373746263;-4.22232568094209;6.27228246137862;0.817710548399415;0.897394784452502
3.12229705023399;7.66008117072801;8.42788432554294;-0.213854509853782;0.950464858156874;4.98212632888964;0.0684016535909298;-4.28216056696716;6.29660940648879;0.821428441802047;0.900465081986476
3.09875164966382;7.6541680122668;8.41493146928688;-0.223116561048416;0.964971812054148;4.98488831075775;0.0703941282631461;-4.34150141199931;6.32088596577954;0.824988318408852;0.904054162043038
3.07520425409661;7.6482245910502;8.40175044125185;-0.23232172669488;0.979253167460575;4.98769650864194;0.0723892515836211;-4.40033880402878;6.3451718483815;0.828497502268671;0.907867001382447
3.05158782929079;7.642301667162;8.38834043054412;-0.24146520424719;0.993306571897686;4.99055064649598;0.0743863241058621;-4.45866327061681;6.36951967267845;0.832053240356277;0.911633286494071
3.02808833313375;7.63623507413254;8.37468938986205;-0.250549702518182;1.00714062766763;4.99345285458034;0.0763846620979587;-4.51646484387349;6.39378961026838;0.835270206381241;0.917129166422658
3.00451876844565;7.63019088714341;8.36078460242075;-0.259577815879364;1.02076262226615;4.99640542515286;0.0783834870740258;-4.57373302528105;6.41812182299033;0.838528602375243;0.922651153903669
2.98087727515519;7.62411120197038;8.34661930009353;-0.268547779952069;1.03417250177855;4.99940939656658;0.0803820371304665;-4.63045700617454;6.44253253327919;0.841876549539828;0.928005319600347
2.9571816865437;7.61784797981174;8.33216919182738;-0.277468303071065;1.04738481790583;5.00246953789851;0.0823795743499011;-4.68662498374098;6.46704189621364;0.845385738694026;0.93293852298082
2.93340236871943;7.61162564785007;8.31741551369398;-0.286343541813489;1.06040584358625;5.00558946016959;0.0843753074995169;-4.74222435814182;6.49162183460309;0.848968182878813;0.937798471330704
2.90945490752095;7.60525467998971;8.30235469839599;-0.295167804750003;1.07322693448901;5.00876955308683;0.0863684692490954;-4.79724230942777;6.51640227304414;0.852543766592042;0.941494793272284
2.88535531724027;7.59873699730017;8.28698055840519;-0.303936686669852;1.08584155920474;5.01201074520272;0.0883582905695359;-4.851665692559;6.54136765786669;0.856106154175466;0.944077426772138
2.86119266660185;7.59224565468429;8.27129029468913;-0.312643577906333;1.09824027579703;5.0153132348762;0.0903440128533964;-4.90548116468031;6.5663870746231;0.859721306010826;0.946607296020056
2.83688401970141;7.58556866868443;8.25529752718946;-0.321272906276536;1.11040188024543;5.01867373987228;0.0923249086566349;-4.95867582388336;6.59159605032964;0.863543783162166;0.946417136132095
2.81251157598628;7.5788401305318;8.23901965709716;-0.329807853251957;1.12230516542454;5.02208815865401;0.094300196781412;-5.01123736618253;6.61688022004744;0.867433005138227;0.945481680436557
2.78810481948291;7.57209939842224;8.22246184792164;-0.338238748789388;1.13394019571058;5.0255549448;0.096269139059273;-5.06315361748318;6.64220071041369;0.871317183556321;0.944214596859536
2.76368536353218;7.56520843355488;8.20563722346651;-0.346552362812523;1.14529301378833;5.02907087718497;0.0982310199437729;-5.11441284946579;6.66757383055555;0.874916307922567;0.938409316762263
2.73924276935784;7.55830043183114;8.18855813044393;-0.354736612727084;1.15635228673075;5.03263289458722;0.100185011804195;-5.16500375776199;6.6929738482285;0.878512172588251;0.93260729636555
2.71479218706909;7.55132928254639;8.17122678093738;-0.36278484115399;1.16711458244442;5.03624005556616;0.10213030174897;-5.21491507056409;6.71839879457278;0.88186862149873;0.926522329350916
2.69034941737694;7.5442517094107;8.15364760497975;-0.370689641223522;1.17757563643558;5.03989096443294;0.104066101842702;-5.26413563762955;6.74384562211011;0.884767812040429;0.919894591691599
2.66589066942089;7.53714900065594;8.13582400075486;-0.378444406910892;1.18773242488066;5.04358444935489;0.105991573856771;-5.31265439243018;6.76931479609029;0.887653432133996;0.913280424480415
2.6414508663022;7.5299494941565;8.11776055065556;-0.386042342886103;1.19758181035187;5.04731910379892;0.10790591210847;-5.3604604015498;6.79479296066931;0.889284439883088;0.906302839249385
2.61702004803237;7.52267681601621;8.09946379845511;-0.393476229955014;1.20712028843318;5.05109312807667;0.109808349055401;-5.40754294597954;6.8202832868474;0.890138965764612;0.899114172326242
2.59257962497546;7.51537107986126;8.08093711971415;-0.400740543426254;1.21634664550547;5.0549053910354;0.111698154208392;-5.45389139970154;6.8457922668342;0.890970080412413;0.891948916636823
2.5682188782443;7.50795689086294;8.06218751725077;-0.40782870525077;1.22525839404715;5.05875403012184;0.11357463815258;-5.49949537724569;6.87125628418815;0.890416625440559;0.886842878003084
2.54385960319027;7.50049707411749;8.04322249204442;-0.414734441422345;1.23385356839252;5.06263709854897;0.115437107036782;-5.54434475888481;6.89673221689009;0.889682607681567;0.881993326175901
2.51951642860445;7.49298603218039;8.02404412460669;-0.42145385868516;1.24213315110441;5.06655377894976;0.117284919068902;-5.58842947919865;6.92220781109114;0.888560067606593;0.877420862353359
2.49527478434327;7.48537553630215;8.00465425786082;-0.42798337195405;1.2500983149161;5.07050331959296;0.119117467624585;-5.6317395200089;6.9476160177181;0.885732779108946;0.874034019886483
2.47102070997799;7.47772805174264;7.98505465950455;-0.434319631407513;1.25775032180013;5.07448500078406;0.120934118659317;-5.67426490989491;6.97304718252438;0.882880346432727;0.870672321598178
2.44681106166983;7.4699974163559;7.96524450664547;-0.440460280260452;1.26509138618634;5.07849864503114;0.122734281770773;-5.71599562255665;6.99846115101983;0.879747221512418;0.868413967083689
2.42265429443424;7.46217573238415;7.94522039516924;-0.44640378562131;1.27212436587427;5.08254461076511;0.124517403417422;-5.75692147409245;7.02385264848312;0.876285035100445;0.867471546607131
2.39848099900368;7.45431956160205;7.92498139758617;-0.452147862298984;1.27885090007601;5.08662276633489;0.126282948956008;-5.79703222346137;7.04927050896213;0.872802181596235;0.866549793222809
2.37436174290368;7.44633346268401;7.90452660338514;-0.457690275068822;1.28527243651627;5.09073298766828;0.128030429191084;-5.83631757526473;7.07467752159145;0.869627424656746;0.866092145300395
2.35025165089694;7.43827804330161;7.88385430915389;-0.463029041879301;1.29139046783186;5.09487531997436;0.129759358220745;-5.87476715000689;7.10009771667331;0.86655226684478;0.865816860383395
2.32612664352623;7.43018589225899;7.86296580384611;-0.468161471265964;1.2972054684087;5.09904921811376;0.131469298820086;-5.91237060813432;7.12554371614539;0.863464268100081;0.865565552962816
2.30207321211497;7.42192462314936;7.84186591490805;-0.47308421268962;1.30271707334599;5.10325344206164;0.133159859640933;-5.94911779850207;7.1509762962339;0.861171358770118;0.86557786891015
2.27800734776502;7.41362420227571;7.82055938809014;-0.477794244848045;1.30792524135942;5.10748678318136;0.134830621261006;-5.98499876150466;7.17643337410214;0.858852190312;0.865616443985638
2.2539641258078;7.40525155762217;7.79905037237904;-0.482288972374131;1.31283032159511;5.11174816642325;0.136481217048701;-6.02000371129155;7.20189270835461;0.857156051312333;0.865598151991373
2.22999342157746;7.3967579437379;7.777347302334;-0.486565248230423;1.31743200200398;5.11603568370792;0.138111335461924;-6.05412321768644;7.22732371576905;0.857037315478629;0.865400235069951
2.20601117146197;7.38822124344412;7.75545649846271;-0.490620767780372;1.32173083096017;5.12034786393501;0.139720668428897;-6.0873481281919;7.25278002289533;0.856888790954661;0.865232106838791
2.18210836144441;7.37958264455708;7.73338151687423;-0.494454052906225;1.32572808340368;5.12468379707478;0.14130896176662;-6.11966946217446;7.27819595721746;0.857147111069122;0.865142300382732
2.15825894961861;7.37085635227565;7.71112697196343;-0.498063690110464;1.32942489787195;5.12904237928933;0.142875992483489;-6.15107846088338;7.303591677751;0.857713275941065;0.865116443328024
2.13439174827433;7.36208828278837;7.68869566611289;-0.501448802774196;1.33282273653612;5.13342287542421;0.144421582294707;-6.18156651990408;7.32901848137517;0.858254403944573;0.865115623141752
2.11065509647424;7.35317359004572;7.6660877200927;-0.504609064775043;1.33592331407168;5.13782508421392;0.145945602596438;-6.21112508496871;7.35437396175663;0.859511216300615;0.865397181258105
2.08691963515644;7.34420142571923;7.64330301854488;-0.507544249251413;1.3387280903227;5.1422488568107;0.147447903462846;-6.2397456476214;7.37974859193463;0.860887724658914;0.86574346240741
2.06317914591066;7.33517294722526;7.62034234181837;-0.510254085438246;1.34123812993098;5.14669387583826;0.148928391920873;-6.26741978774878;7.40514788825451;0.862298882584655;0.866167394694919
2.03956628993185;7.32597185576186;7.59720273547122;-0.512738779069737;1.34345454954695;5.1511605502041;0.15038702360733;-6.29413902505436;7.43049008728289;0.864061332096923;0.867048721117287
2.01591783322915;7.31673782496517;7.57388216602218;-0.514998389179852;1.3453778876328;5.15564910946377;0.15182371436889;-6.31989486201251;7.45587742328282;0.865816656049666;0.867937173099178
1.99230085303663;7.30739461272271;7.55038079746998;-0.517032771313994;1.34700808671603;5.1601593590366;0.153238430081527;-6.34467888025421;7.48127540289581;0.867547615189693;0.869151153465772
1.96874682919093;7.29790474291532;7.52669615514824;-0.518842035305009;1.34834485710999;5.16469160892632;0.154631184256019;-6.36848263716314;7.50666929326899;0.86924747159463;0.870848304056917
1.94515443268662;7.28838283268909;7.50282820786789;-0.520426100453351;1.34938728839458;5.16924569654875;0.156002000549891;-6.39129777253511;7.53211075445291;0.870943250755319;0.872549531892309
1.92162707233953;7.27869053615379;7.47877890380666;-0.521784840103121;1.35013399682299;5.17382107849426;0.157350950379756;-6.41311609655525;7.55755632964841;0.872444530560714;0.874758649480754
1.89811219718359;7.26889891191166;7.45454994210222;-0.522918270225871;1.35058323627064;5.17841725581137;0.158678110236672;-6.43392958535831;7.58302837822913;0.873849410792472;0.877213193648621
1.87456211294505;7.2590720918762;7.43014432263211;-0.523826484554827;1.35073282927721;5.18303347847136;0.159983598367491;-6.45373044038682;7.60854646710059;0.875246638260257;0.879675390580462
1.85112391510565;7.24902027983515;7.40556605226958;-0.524509719662928;1.35058018509584;5.18766880162859;0.161267578858696;-6.47251113505517;7.63404917368769;0.876136158816671;0.882896591598803
1.82765991072074;7.23892185634457;7.38081917705548;-0.524968410793835;1.35012226735131;5.19232226767828;0.16253018429089;-6.49026442034539;7.65959399035898;0.876991710580943;0.886163434700334
1.80420105572087;7.22873898991385;7.35590741264078;-0.525203189928057;1.34935550319118;5.19699297321479;0.163771597638951;-6.50698331378366;7.68516758311891;0.877719415509993;0.889652476563357
1.78083205588717;7.21836678409556;7.33083459031815;-0.525214866746285;1.34827569903968;5.20167998220055;0.164992056536825;-6.52266110541506;7.71073500001551;0.878053788422926;0.893844572683222
1.75743334315574;7.20795358964117;7.30560457523142;-0.525004426476355;1.34687795010102;5.20638233842045;0.166191797173589;-6.53729135860604;7.73634621584438;0.878373915713145;0.898050914425801
1.73408701860305;7.1973991802295;7.2802211994618;-0.524573023090408;1.34515653686975;5.21109907457806;0.167371107454189;-6.55086790595651;7.76196742635732;0.878091128477252;0.902400504126027
1.71079052580762;7.18670700173515;7.25468834898726;-0.523921973079171;1.34310482114337;5.21582919230236;0.16853028804294;-6.56338484633926;7.78760039843476;0.877230451788059;0.906888799176479
1.68746744298843;7.17597089351325;7.22901004092231;-0.523052752727998;1.34071513767225;5.22057164377499;0.169669665788795;-6.57483654223609;7.81327587724126;0.876352082766117;0.911394786559681
1.6642452017169;7.16503834085158;7.20319043063;-0.521966995268048;1.33797867295469;5.22532532603;0.170789606638524;-6.58521761392095;7.8389428442879;0.874976648015363;0.915878216313397
1.6410322650474;7.15401952962392;7.17723375158352;-0.520666483831542;1.33488532470184;5.23008908709842;0.171890418611389;-6.59448935667904;7.86463826469102;0.873453566995827;0.920370568217058
1.61780681762362;7.14294127647378;7.15114440711342;-0.519152805801881;1.33142719358043;5.23486173164758;0.172972443868833;-6.60147982718757;7.89037052267382;0.871857630096136;0.924862480471381
1.59471025899369;7.13163806062122;7.12493100257099;-0.517416032702638;1.32772169633824;5.23964224081491;0.174036070176335;-6.60638402601747;7.91608459876369;0.869519993866662;0.92907828064266
1.57159235714394;7.12028649544171;7.09860139655043;-0.515451991229291;1.32385521361349;5.2444299476277;0.175081624851962;-6.61007838217721;7.9418391210454;0.867159230520843;0.933317207930285
1.54851080076921;7.10882065441284;7.07216028265212;-0.513268125017382;1.31981066485434;5.24922430266332;0.176109472872132;-6.61254676737647;7.96761165982565;0.864769059256667;0.937057966465186
1.52551746105708;7.09718129049461;7.04561246046161;-0.510871401649366;1.31557215012179;5.25402468868494;0.177120020598166;-6.61377311328924;7.99338312589838;0.862343786226826;0.939832491513034
1.50250583783479;7.08549124489785;7.01896283818297;-0.508268355571388;1.31112498658142;5.2588304234718;0.17811367248419;-6.61374143210956;8.0191938207627;0.859892402791609;0.942633126966257
1.47958042070357;7.07363318863526;6.99221643017827;-0.505465129776752;1.30645574309429;5.26364076370176;0.179090870491258;-6.61243583847938;8.04500444355579;0.857498091131134;0.944495191074407
1.45670129766367;7.06165249807572;6.96537835615349;-0.502467516694596;1.30155227404941;5.26845490866682;0.180052037744107;-6.60984057352552;8.0708306166629;0.85512678662938;0.945800725017683
1.43380680747965;7.04961913237195;6.93845385635079;-0.499281000051727;1.29640375532555;5.2732720012669;0.18099763132136;-6.60594003199256;8.0966948694251;0.852726720927095;0.947135020161488
1.41104939181554;7.03736506908179;6.91144828409298;-0.495910793400443;1.29100071558098;5.27809113322759;0.181928139706752;-6.60071879159681;8.12254176546366;0.850957644453894;0.947623362898664
1.38829512377492;7.02503876011749;6.88436711247873;-0.492361879134831;1.28533506945098;5.28291134793299;0.182843963812622;-6.5941616454892;8.14842022381704;0.849230942904533;0.948045670997714
1.36555871845352;7.01262515402967;6.85721593852333;-0.488639046217267;1.2794001498118;5.28773164388731;0.183745531229981;-6.58625363793258;8.17432469723463;0.847527693724455;0.948383517508035
1.34295053476909;7.00000532334347;6.83000048675848;-0.484746926714105;1.27319073948006;5.29255097844735;0.184633305720243;-6.57698010340312;8.20021658971196;0.846043283623704;0.948222205660372
1.32033165187747;6.98733015564257;6.80272659563132;-0.480690028507182;1.26670309844002;5.29736827476728;0.185507695508095;-6.56632670848788;8.22614483183345;0.844526271364844;0.948093495970818
1.29778147977364;6.97451593281575;6.7754001818187;-0.476472762655931;1.25993498455516;5.3021824327615;0.186369135134732;-6.55427949566343;8.2520815735056;0.842893733528304;0.949162920973889
1.27531580977437;6.96154644366383;6.74802723863519;-0.472099473706851;1.25288568092401;5.30699233416219;0.187218052783157;-6.5408249308898;8.27802215903056;0.841129410540778;0.951652377023178
1.2528420889492;6.94852043792331;6.72061387034453;-0.467574474607735;1.24555603210374;5.31179684147766;0.188054858270408;-6.52594995715666;8.30399801230394;0.839330559825284;0.954176360800435
1.23048865219074;6.93530450115437;6.69316640512003;-0.462902094926306;1.23794850244454;5.31659478353074;0.18887998134812;-6.50964205846006;8.32996601414457;0.836706661356719;0.959679071255242
1.20817481337035;6.92198333320042;6.66569134042973;-0.458086701106375;1.23006719067811;5.32138497069476;0.189693788973633;-6.4918893259061;8.35595372121079;0.833761692140367;0.96628125490664
1.18585748599518;6.90860257330672;6.6381951892964;-0.453132695017313;1.22191781258663;5.32616622735884;0.19049665480813;-6.47268052084375;8.38197501703754;0.830753913721883;0.972975982847482
1.16371101920925;6.89498807171348;6.61068485604817;-0.4480446057661;1.21350783541346;5.33093733252205;0.191288984680751;-6.45200516329412;8.40797156766897;0.825579823923271;0.984202698558006
1.14156111121259;6.88131545938098;6.58316737951227;-0.442827069015492;1.20484642812884;5.33569707091872;0.192071117940694;-6.42985361269856;8.43400152641376;0.820368059555573;0.995467088837617
1.11945991004818;6.86753423015056;6.55564915540628;-0.437484694003048;1.19594423747916;5.34044437310898;0.192843404421802;-6.40621711264156;8.46004735855656;0.814528571676786;1.00780756707985
1.09748249163028;6.85357167403779;6.52813553483765;-0.432021983332537;1.1868132651486;5.34517838869551;0.193606210245023;-6.38108781911086;8.48608502153767;0.807209216660205;1.02272398131757
1.07550393063596;6.83955089447667;6.50063214075841;-0.426443595784054;1.17746730723604;5.34989826450635;0.194359870433495;-6.35445890611702;8.51215491610751;0.799851168758825;1.03767908844009
1.05361919183761;6.82536765994957;6.47314583875113;-0.420754571840197;1.16792230496661;5.35460298633564;0.195104727925733;-6.32632473212753;8.53823375683946;0.791101448361033;1.05324724806653
1.03180431102071;6.81104731535601;6.44568377737424;-0.414960168632817;1.15819603995903;5.35929155259918;0.195841095230033;-6.2966809624391;8.56432899192815;0.781286267578604;1.06928915026733
1.0099870723609;6.79666973003424;6.41825304001272;-0.409065799976129;1.14830802087887;5.36396304119073;0.196569286077113;-6.26552468025442;8.59045765171819;0.771434766548461;1.08536737271584
0.988338508618517;6.78208506087863;6.39087034699747;-0.403079188807419;1.13828292503291;5.36861497383351;0.19728961760196;-6.23285504103285;8.61656077196246;0.760997531035376;1.10147006899396
0.966724570701085;6.76741261370722;6.36355543060522;-0.397009064277593;1.12814817010127;5.3732444686699;0.198002319626626;-6.19867356922755;8.64268438232352;0.750417870392743;1.11761308348803
0.945147281461669;6.75266760465541;6.33632030820066;-0.390862751179709;1.11792992453519;5.37785006153072;0.19870761693065;-6.16298386490062;8.66881854966934;0.73987436987118;1.13390816572435
0.923803474680406;6.73778252470351;6.30918560634797;-0.384649785531001;1.10765907139307;5.38242894585346;0.199405738869015;-6.12579221576406;8.69484015017911;0.72984895327689;1.15101502014782
0.902487826415351;6.72282706017776;6.2821713195222;-0.378379877141017;1.09736759311895;5.38697855055322;0.200096843547592;-6.0871076971407;8.72087902074104;0.71975626561983;1.16818914563405
0.88128545753744;6.70778948243014;6.25528552035424;-0.372060190303389;1.08708427484079;5.39149843220228;0.200781084448876;-6.04694165145326;8.74687265824237;0.709935643279498;1.18574771384067
0.860246483847144;6.69266402411877;6.2285330292707;-0.365697221032022;1.07683805335091;5.39598880042018;0.201458606991939;-6.00530765757857;8.77278439116531;0.700546090641923;1.20385229338174
0.83925427501028;6.67746401495776;6.20191987906471;-0.359297833688431;1.0666596630237;5.40044977058384;0.202129543115807;-5.96222175434816;8.79870181986388;0.691072498225346;1.2220409127018
0.818403789248726;6.66215346925853;6.17544871622429;-0.352868158019615;1.05657981114689;5.40488213910071;0.202794023344582;-5.91770242185044;8.82456986126831;0.682439173105845;1.2397241745441
0.797648890838157;6.64675230132182;6.1491186511541;-0.346413518080292;1.04662913362882;5.40928740759253;0.203452110234686;-5.87177057231142;8.85041481787202;0.674154744933269;1.25721631542113
0.776946423202706;6.63127773392699;6.12293425454228;-0.33994064294246;1.03684146450991;5.4136662849147;0.204103870410266;-5.82445003669455;8.87626156626043;0.665782845341838;1.27479592771702
0.75640802063849;6.61567242002023;6.09690030121739;-0.333456420056483;1.02725156883076;5.41801957691226;0.204749365399602;-5.77576777087588;8.90205598042355;0.65876939979551;1.28948737711401
0.735930543851478;6.59999143799467;6.07102113350409;-0.32696774048554;1.01789470526654;5.42234829669437;0.205388542771973;-5.72575403710295;8.92784784450602;0.651729952597521;1.30413717422497
0.71553367710069;6.58422467889901;6.04530243268938;-0.320481946481961;1.00880700647689;5.42665337180016;0.206021350771945;-5.67444268400007;8.95362812506364;0.644771624698177;1.31800024799967
0.695273161643229;6.5683433966493;6.01974661786008;-0.314005674741617;1.00002357967991;5.43093641496366;0.206647750117827;-5.62187120316044;8.97937115543105;0.638277969309115;1.3291082336398
0.675071062137182;6.55239041207133;5.99435672895186;-0.307545833239425;0.991579623605191;5.43519907444303;0.207267642375335;-5.56808099796759;9.00511261112798;0.63169353918634;1.34030699401364
0.654962962163337;6.53632530552445;5.96913460729457;-0.301109148978437;0.983509424527633;5.43944333916771;0.207880940591014;-5.51311757466637;9.03085019712435;0.625047708662705;1.34985709071553
0.634945113423342;6.52015192244072;5.94407777262471;-0.294701379812499;0.97584506205551;5.44367206329681;0.208487544109212;-5.45703061636404;9.05658524304524;0.618341592163907;1.35784647117981
0.614982203659652;6.5039109411908;5.91918756511105;-0.28832941051181;0.968618493092318;5.44788759445886;0.20908734968846;-5.3998744508208;9.08232018501513;0.611550178245373;1.36592114906383
0.595111792946314;6.4875040478519;5.89446456214432;-0.282000101941843;0.961859366677632;5.4520925411877;0.209680271722075;-5.34170831121211;9.10808875833518;0.604362680693544;1.37244248384779
0.575300067289053;6.47100737424422;5.86990785965136;-0.27572012749281;0.95559414146244;5.4562898883405;0.210266164557803;-5.28259658802116;9.13386946262418;0.597015265833445;1.37860937068181
0.555539664145163;6.45443812682303;5.84552075190516;-0.269497440634194;0.949846594396249;5.4604820152504;0.210844908210084;-5.22260930388107;9.15965731814793;0.589452950611305;1.38484397122763
0.535877359956289;6.43766758867724;5.8213059050711;-0.263340047999244;0.944635323891769;5.46467149686379;0.211416404563538;-5.16182238092955;9.18550025056117;0.579942694352234;1.39104421115738
0.516255095910461;6.42083913713514;5.79726589839785;-0.257256161933673;0.939972637550855;5.46886098554705;0.211980478704431;-5.1003179258287;9.21135039616209;0.570365510644637;1.39731137853566
0.496697219050712;6.40389507914923;5.77340457174598;-0.251254551046766;0.935863293521852;5.47305294156114;0.212536978782599;-5.03818453583692;9.2372272516181;0.559486466148597;1.40362334436868
0.477222147408261;6.38678506169234;5.74972527279774;-0.245344106271335;0.932302388187638;5.47724989357983;0.213085767409279;-4.97551752170168;9.26315081450698;0.546219670538524;1.4099576726394
0.457780365999816;6.36962151648576;5.72623120250502;-0.239533946462156;0.92927344262936;5.48145432603708;0.213626678306385;-4.91241910867184;9.28908477194491;0.532894520743312;1.41635035509525
0.43842797102805;6.35229145294771;5.70292805954979;-0.233834076257554;0.926746371693389;5.48566813681963;0.214159570270741;-4.84899861888583;9.31506257580466;0.517644298913438;1.42268267651211
0.419138964676213;6.33484154253438;5.67982280148316;-0.228255061651304;0.924674503711294;5.48989276446904;0.214684281694605;-4.78537251119196;9.34107344160098;0.501219400967391;1.42899792385949
0.399878126106854;6.31734133569442;5.65691943185912;-0.222807030935699;0.922991186644756;5.49412985862382;0.215200674947596;-4.7216642783219;9.36709722191508;0.484742834135541;1.43536484009268
0.380772539724279;6.29965014007809;5.63422823348924;-0.217501884653388;0.92160709675759;5.49837946153691;0.215708642628758;-4.65800424249911;9.39313569025247;0.467060250848403;1.44090150347564
0.361708970210331;6.28189355949556;5.61175999089521;-0.212351858503217;0.920405828006914;5.50264091040876;0.216208008110382;-4.59452905231445;9.4191878655282;0.449201958646985;1.44639462571882
0.342706518940932;6.26406825742408;5.58951756656975;-0.207367670139914;0.919239320459031;5.50691429226312;0.216698621294569;-4.53138107723089;9.44524231904742;0.231502313090151;1.45180911110595
0.323881237419409;6.24610775647253;5.56750620431959;-0.202560996793459;0.917923643098243;5.51119833822895;0.217180365978799;-4.45880935131535;9.47126098194149;0.214702453368902;1.45668659891386
0.305089098685595;6.22809597642621;5.54577546249241;-0.197680259550229;0.919055612605418;5.51549752042779;0.217653075535866;-4.38581669728918;9.49729113174183;0.197846884202513;1.46161979616691
0.28640766354893;6.20998700157551;5.52432742397095;-0.192798213701827;0.922315611368096;5.51982269727235;0.218116610590499;-4.3123747084562;9.5233090292147;0.182122308582829;1.46645532508889
0.267852554265641;6.19177232825271;5.50316280917504;-0.187974625159421;0.927407462620464;5.5241837379304;0.218570854289774;-4.23845525494837;9.54931030619817;0.167741681822422;1.47116691065215
0.249335272957833;6.17350529763304;5.48228400356167;-0.18325833379846;0.934057274268689;5.52858900548391;0.219015695189468;-4.16403051783845;9.57532134452216;0.153301100040305;1.47593845123711
0.230962782486765;6.15509479197446;5.46169046224744;-0.178687519964695;0.942013926942357;5.53304641500994;0.219451055227541;-4.08907292122607;9.60133086440842;0.140813700834137;1.48092656337802
0.212666660740847;6.13660002404949;5.44138023963906;-0.174291331411975;0.951048173016411;5.53756325918819;0.219876843173694;-4.01355509150974;9.62734633118379;0.128987126638853;1.4860302930361
0.1944112181512;6.11805129160199;5.42135640879136;-0.170092355559458;0.960948789841426;5.54214487047209;0.220293001141328;-3.93745000544517;9.65337163924254;0.117148765475017;1.49120984200491
0.17630583174769;6.09928548590855;5.40161528669329;-0.16610513698076;0.971526886228293;5.54679736029153;0.22069950453641;-3.86073081539869;9.6794476910937;0.108575583568955;1.4975246628107
0.158235316455641;6.08047120306923;5.38215375714309;-0.162338797373941;0.982611533592801;5.55152612846306;0.221096290675521;-3.78337087392255;9.70553448395288;0.0999479456395777;1.50389393963981
0.140226549593291;6.06153901931158;5.36297727646982;-0.158799241703829;0.994044034226263;5.55633392470568;0.22148332897448;-3.70534405748094;9.73166384035016;0.0920029918378607;1.51026059362958
0.122314038861311;6.04239090687676;5.34409037418955;-0.155487856072406;1.00568227305733;5.56122311134927;0.221860620174395;-3.62662482365858;9.75788421888556;0.0857928949318577;1.51653955005851
0.10443052455044;6.02319781455527;5.32549843631878;-0.15240252467153;1.01739889882397;5.56619528908936;0.222228159101923;-3.5471883455943;9.78411768752714;0.0795362558782747;1.52286504863502
0.0866622442158446;6.00383359527259;5.30721339510119;-0.149539041989597;1.02907717430061;5.57124975446536;0.222585972906796;-3.46701090463955;9.81039856982733;0.0742186926508311;1.52842311003367
0.0689873624805217;5.98432917909629;5.28925106102508;-0.146890962487197;1.04061228659863;5.57638406999921;0.222934084656723;-3.38607024474981;9.83672011413491;0.0695988161080169;1.5334129042989
0.0513416470374878;5.9647798463357;5.27162232405185;-0.144448817313678;1.05191635365476;5.58159656840385;0.223272543593978;-3.30434558506669;9.86305540765674;0.0649332210602441;1.53844841706909
0.0339035637739097;5.94505854750204;5.25433858059194;-0.142201553671078;1.06291408052154;5.58688494315702;0.223601431725578;-3.22181786337195;9.88938061184577;0.0613986593044952;1.54124196843971
0.0165302507025391;5.92526820420087;5.23741199413669;-0.140136993981591;1.07354191174104;5.59224619339641;0.22392078843047;-3.13847001736643;9.91571480435387;0.0580257171483745;1.54367480072031
-0.000783550665733768;5.90541162288308;5.2208502558929;-0.138241651114914;1.08375034882395;5.59767835968265;0.224230701331528;-3.0542870274355;9.94205966228574;0.0547872905142702;1.54576813555655
-0.0178885432306889;5.8853727760711;5.20465700500647;-0.136501316354348;1.09350226361966;5.6031806432245;0.224531289656805;-2.96925596581496;9.96840612603708;0.0527842334718139;1.54520301784396
-0.0349576787310732;5.86528755760814;5.18883671198394;-0.134901949008726;1.10276877829409;5.60875193732744;0.224822610705067;-2.88336630426504;9.99476464244897;0.050729736581424;1.5446893399793
-0.0519205751943542;5.84507355049036;5.17339573200787;-0.133429942912895;1.11152798938769;5.61439045159222;0.225104750870071;-2.79661031610111;10.0211530099654;0.048739172220454;1.5437244314068
-0.0687450871296909;5.82469211080028;5.15833803376434;-0.132071881017623;1.11976660024935;5.62009527830748;0.225377799853682;-2.70898327431627;10.0475815416254;0.046869431160363;1.54206685088971
-0.0855346049707817;5.80426605746815;5.1436696926819;-0.13081511657683;1.12747652474174;5.62586480351401;0.225641814921426;-2.62048393189118;10.0740222595442;0.0449507795345492;1.54045818093834
-0.102168311634128;5.78363631586949;5.12940062842655;-0.129647963818988;1.13465363424877;5.63169590835019;0.225896877251478;-2.5311151528075;10.1005225696516;0.0431283049868036;1.53962031991679
-0.118711968694202;5.76288863518841;5.11554125203273;-0.128559473522877;1.14129906241156;5.63758517396258;0.226143047355107;-2.440884382217;10.1270585611079;0.0413271186512981;1.53916601099128
-0.135221501824428;5.74209783381977;5.10210084965612;-0.127539420837156;1.14741907027477;5.64352957134961;0.226380399699303;-2.34980403759644;10.1536070470483;0.0394796431197362;1.53875799126183
-0.151478242459421;5.72107785878357;5.08909257588527;-0.126578766140639;1.15302194324788;5.64952423597585;0.226609037116616;-2.25789222841506;10.1801799837809;0.0377738278074282;1.53975064052296
-0.167689856278472;5.70000676491183;5.0765293254812;-0.125669395914619;1.15811916723254;5.6555641326859;0.226829017856385;-2.16517322035162;10.2067658337686;0.0360285488871619;1.54084770834739
-0.183804838695147;5.67885589963119;5.06441970502347;-0.124803931863858;1.16272562957237;5.66164605039231;0.227040420635431;-2.07167763291335;10.2333562786767;0.0342363860736931;1.54228445742428
-0.199690412082739;5.6575446581046;5.05277308384865;-0.123976166360922;1.16685602816856;5.66776627302555;0.227243344103938;-1.97744294835641;10.2599367312172;0.0323994761175452;1.54470608007814
-0.215535341983869;5.63618955046143;5.0415980753262;-0.123180983384734;1.17052411406811;5.67392128431451;0.22743784948929;-1.88251389744919;10.2865281288116;0.0305111493534145;1.54717911953998
-0.231210333605331;5.61471070099176;5.03090198546461;-0.122414350235283;1.17374120788225;5.68010808494017;0.227624011537316;-1.78694277581592;10.3131184717367;0.0285133311033727;1.55003143197282
-0.246721785380244;5.59311295152477;5.02069192458299;-0.121673419189757;1.176514012706;5.68632357064064;0.227801901939678;-1.69074887580722;10.3397092204701;0.026408492619626;1.55324444884526
-0.262189012567693;5.57147160324001;5.01097456718853;-0.120954600171971;1.17886319187473;5.69256479143593;0.227971584002243;-1.59385818054554;10.3663096541592;0.0242496062732249;1.55651151358036
-0.277405911063359;5.54967790738399;5.0017570178214;-0.120249583846812;1.18086818971299;5.6988289131404;0.228133132280071;-1.49629828142475;10.3928900826526;0.0219315069399315;1.55946821996096
-0.292522130448191;5.52781224743834;4.99304614446189;-0.119552265108571;1.1826045420391;5.70511341949659;0.228286589401707;-1.39809881224132;10.4194721663435;0.0195295995720273;1.56238636491985
-0.307571919329779;5.50589362079791;4.98484807529835;-0.118858592540519;1.18414218005416;5.711416439066;0.228432012793263;-1.29929100335442;10.4460601775362;0.0170966630906735;1.5652120185818
-0.322337583293303;5.48380723202242;4.97716766659793;-0.118166354678553;1.18554413382652;5.71773721311644;0.228569469145668;-1.19990724123178;10.4726277028524;0.014950659608656;1.5661386687463
-0.337052254755884;5.46167781948481;4.97000967505291;-0.117475072980836;1.18686538645598;5.72407523990753;0.228698970939145;-1.09998083585951;10.4992027372928;0.0127452157933577;1.56712475924409
-0.351632304108459;5.43945053119672;4.963379071599;-0.11678581838813;1.18815227779002;5.73042990348591;0.228820542999749;-0.999545763811858;10.5257852537983;0.0106447838234517;1.56709202299924
-0.366005684887542;5.41707814724526;4.95727992505815;-0.116100870068033;1.18944249018536;5.73680144964512;0.228934214375411;-0.898636352038844;10.5523769374361;0.00879202313817995;1.56510752311418
-0.380326521776039;5.39466442628998;4.95171647451649;-0.115423586811136;1.19076492693413;5.74318995655745;0.229039983014836;-0.797287233536719;10.5789750812858;0.00687966405401663;1.56318262162801
-0.394445256005555;5.37210352502841;4.94669348590109;-0.114758238069637;1.19213986902013;5.74959467753101;0.229137852569818;-0.695533237088723;10.6055896059289;0.00526716113216252;1.55969233583144
-0.408422165637864;5.3494392763221;4.9422153886471;-0.114109693324625;1.19357959688381;5.7560147555955;0.229227799450555;-0.593409123928022;10.632217076186;0.00380944155425045;1.5552942701792
-0.422345499086407;5.32673565335831;4.93828591144501;-0.113483156309753;1.19508917395704;5.76244966626638;0.229309798379705;-0.490949479722745;10.6588500202591;0.0022926130526324;1.55095531345066
-0.435978032274332;5.30386743475309;4.93490884756056;-0.112884089667364;1.1966669344716;5.76889791050848;0.229383830017215;-0.38818859233507;10.6854733443058;0.00177519485564864;1.5459536860268
-0.449530141001158;5.28094737963285;4.93208734935811;-0.112317941772526;1.19830555601501;5.77535781953743;0.229449813477667;-0.285160084585113;10.7121001837288;0.00130868776626758;1.54093655528481
-0.462977097358279;5.25796855034732;4.92982343190848;-0.111789878304324;1.19999341043585;5.78182882006338;0.229507670684042;-0.181896723449066;10.7387243687981;0.000921875705977682;1.53634689340116
-0.47614817761848;5.23485956046208;4.9281186417503;-0.111304760762513;1.20171531296379;5.78831041708446;0.229557335413738;-0.0784302850383881;10.7653232930007;0.0011016049110848;1.53345867783646
-0.489260412885817;5.21171306178335;4.92697414703307;-0.110867064370948;1.20345341783225;5.79480201421467;0.229598698265934;0.0252086962879854;10.7919257574503;0.00121842189997223;1.53063337448798
-0.502196343150153;5.18846998448119;4.92639070404538;-0.110480778584682;1.20518823810689;5.80130334807281;0.229631656513892;0.128991179975392;10.8185261133554;0.00137835941588893;1.52997205054309
-0.514935482317205;5.1651207983755;4.92636881903808;-0.110149369666852;1.20689948948764;5.80781460465028;0.229656106807155;0.232889755405709;10.8451244245521;0.00159942426808751;1.53183381706402
-0.527614312297867;5.14173613854419;4.92690886737843;-0.109875822149396;1.20856647493244;5.81433538714004;0.229671940913713;0.336878922566594;10.8717250832865;0.00175728103632861;1.5337587916689
-0.540050372676259;5.11820853250228;4.92801096753053;-0.109662606665628;1.21016873240374;5.82086485341572;0.229679057243657;0.440935427325976;10.8983371828616;0.00190340687235785;1.53593225071622
-0.552361596360798;5.09460893368125;4.92967498661486;-0.109511662069057;1.21168667638341;5.82740213089979;0.229677313754278;0.545038521292979;10.9249549831675;0.00200546599490031;1.53823359256924
-0.564608160173363;5.07097425076586;4.93190047761592;-0.109424423019803;1.21310193409462;5.83394600950793;0.229666584236854;0.649170227775943;10.9515740846123;0.00204124608256451;1.5405544415785
-0.576542158569897;5.04717138350462;4.93468644698281;-0.109401840600001;1.21439759304349;5.84049454880206;0.229646748561256;0.753315687002537;10.9782010785768;0.00175436774500642;1.54039910539221
-0.588415678096764;5.02333750807737;4.93803148695781;-0.109444394272846;1.21555864012054;5.8470457310966;0.229617616909683;0.857463367666162;11.0048287725031;0.00140644607534696;1.54030481253802
-0.60015075623023;4.99943812183019;4.94193404182969;-0.109552144213626;1.21657220497134;5.85359787896948;0.229579014770331;0.96160510540467;11.0314538118794;0.00104920787163748;1.53919153260324
-0.611638449784867;4.97542464955029;4.94639205764354;-0.109724781538537;1.21742746776528;5.86014891440162;0.229530773499455;1.06573620125263;11.0580736156755;0.000754740199966353;1.53555011468944
-0.623064947454611;4.95138251436504;4.95140326089732;-0.109961681386984;1.21811577119895;5.86669685745872;0.229472682844993;1.16985526495035;11.0846929528811;0.000399548518145332;1.53196942078579
-0.634277856510846;4.92724845373602;4.95696504549996;-0.110261952518799;1.21863052471353;5.87323962293658;0.229404546910599;1.27396395446932;11.1113046460243;0.000212683512813006;1.52681791235698
-0.645315390859123;4.90303941224398;4.96307424953329;-0.110624472099974;1.21896708896441;5.87977479828657;0.22932614920196;1.37806658968953;11.1379111274612;0.000136413955045767;1.52050736793869
-0.656291349106286;4.87880415823658;4.96972781084784;-0.111047967457846;1.21912271464617;5.88630038277895;0.229237278259482;1.48216942066483;11.164515999125;-9.99740074059119e-09;1.51425697791508
-0.666970296916135;4.85447289142297;4.97692198822833;-0.111531017887023;1.21909629376374;5.89281395155496;0.229137743649868;1.58628019231002;11.1910876093713;0.00114049477678962;1.50781560405718
-0.677544846618571;4.83010400947911;4.98465259259607;-0.11207210159161;1.21888822469898;5.89931297201137;0.229027296959744;1.69040765708696;11.2176519371174;0.00245541511703817;1.50139126612511
-0.688021649599393;4.80570246965909;4.99291608516974;-0.112669708574951;1.21850020122622;5.90579569982936;0.228905714843978;1.79456046057826;11.2442075117918;0.00398506332933157;1.49527000552448
-0.698198055906162;4.78122046411273;5.00170916250192;-0.113322354130214;1.21793493888935;5.91226068740973;0.228772800389005;1.89870226065501;11.2707202981579;0.00733138913431319;1.4908589548287
-0.708309579741476;4.75671481462846;5.01102820180225;-0.11403078710812;1.21717244830641;5.91870644289832;0.22862829934228;2.00276634663372;11.2972301033423;0.0106147558213533;1.48651086325087
-0.718251496934736;4.73215575517636;5.02086897505089;-0.11479841430299;1.21616052661032;5.92513120334723;0.228471982310485;2.10675385181151;11.3237251805954;0.0144793914602809;1.48239354605451
-0.727974906731719;4.70752968411712;5.03122722796589;-0.115626387245019;1.21486093762772;5.93153303948502;0.228303637197294;2.21066247085686;11.3502013599629;0.0192235047519687;1.47858524792921
-0.737633212638435;4.68288223809446;5.0420985557766;-0.116514075188579;1.21324807796682;5.93790985040814;0.228123044359299;2.31448614760143;11.3766735995437;0.0239050042149721;1.4748395636326
-0.747048504271958;4.65817469807739;5.05347768478788;-0.117459413049429;1.21130787723515;5.9442590405033;0.227930012568027;2.41821475475699;11.4031142926178;0.0295389289699283;1.47073893522494
-0.756315851149911;4.63342868147908;5.06535879756598;-0.118459269902608;1.20903668488636;5.9505778377657;0.227724329555744;2.52183376207984;11.4295386952722;0.0355790165775372;1.4665084210481
-0.76551776126907;4.60866332103654;5.0777365311371;-0.119509822997808;1.20644010023115;5.9568638920428;0.227505813220582;2.62532388868151;11.455958351358;0.0415564943073936;1.46234051674901
-0.774410104678938;4.58383993294445;5.09060615106892;-0.120606817873304;1.20353200016759;5.96311535010241;0.227274314698824;2.72866074447496;11.4823264071773;0.0489692349577571;1.45724682232421
-0.783225719387473;4.55899620588052;5.10396280820941;-0.121745711489742;1.2003338326128;5.96933049242632;0.227029630351305;2.83181447248868;11.5086878532134;0.0563772668902207;1.45217812486974
-0.791917999715602;4.53412151479983;5.11780152884096;-0.122921846444626;1.196873812347;5.97550777446437;0.226771590859169;2.93474938944209;11.5350375399983;0.063854759869949;1.44697328043979
-0.800363222657819;4.50918778328898;5.13211896585353;-0.124130744656183;1.19318573859463;5.98164661713082;0.226500064548172;3.03742359287725;11.5613626754699;0.0716907090514736;1.44119833572985
-0.808741497347926;4.48423730718688;5.14691112019953;-0.125368038976413;1.18930881760547;5.9877463868162;0.226214894910137;3.13978859855363;11.5876822830754;0.0794627137640018;1.4354873354889
-0.81693760331637;4.45923175898951;5.16217365723645;-0.126629615799766;1.18528680581182;5.99380659502967;0.225915962651317;3.24178898101454;11.6139967960615;0.0876606284183064;1.43021112104833
-0.824959644163996;4.43417456354557;5.17790372148612;-0.127911861923091;1.18116677525655;5.99982763555204;0.225603162454354;3.34336197251818;11.6403067976365;0.0962518488503651;1.42534414266996
-0.832916078884633;4.40910323036866;5.19409648384354;-0.129211472963957;1.17699916919809;6.00580944749361;0.225276410599999;3.44443715725366;11.6666103449397;0.104781098735211;1.42053913483881
-0.840639223494083;4.38393257381852;5.21074897495049;-0.130525851650419;1.17283588628318;6.01175300223276;0.224935663625941;3.54493607321835;11.6929392057928;0.114470674942033;1.41670290639081
-0.848255457430933;4.35872798610364;5.22785904986453;-0.131853093656742;1.16872964907994;6.01765986230146;0.224580849324415;3.64477183295052;11.7192693835601;0.124415267846445;1.41315939982532
-0.855794127792311;4.33350139593819;5.245419768865;-0.133191642370236;1.16473409750184;6.02353027718039;0.224211939484903;3.74384899984719;11.7455983106593;0.134607096579006;1.40969374861222
-0.863083208558672;4.30812297195515;5.26341625112445;-0.134540173207259;1.1609026090179;6.02936236963197;0.223828949340044;3.84206376740438;11.7720027629786;0.148603960528635;1.40653503568126
-0.870316750377864;4.28273846786841;5.28183317738112;-0.135898257267142;1.15728464348858;6.03515477629322;0.223431850913715;3.9393039719274;11.7983977847626;0.162551521149598;1.40342562607895
-0.877398375906564;4.25734411544137;5.30065095768629;-0.137266132929005;1.15392460519867;6.04090542880299;0.223020659032587;4.03544942333854;11.8247610651981;0.177631073754607;1.40008378178458
-0.884247138718727;4.23193645888957;5.31983029898025;-0.138643664352691;1.1508616324451;6.04660704248462;0.222595426810381;4.13037347961131;11.8510755966116;0.19484431553891;1.39627042733674
-0.891044131437936;4.20652489925107;5.3393403904948;-0.140032410981665;1.14812188867514;6.05225579017343;0.222156205619892;4.22394326255463;11.8773804720776;0.212011734346784;1.39250289586532
-0.897584115723425;4.1812740320122;5.35916025350278;-0.141435658575714;1.14571730104491;6.05785126257043;0.221703088798239;4.31601963832518;11.9034645225831;0.230054534329892;1.38734254283377
-0.903941977653331;4.15611044566392;5.37926335071731;-0.1428573039118;1.14364567823617;6.06339182150329;0.221236169526602;4.40645831101351;11.9294188764804;0.248582137022725;1.38139228349359
-0.910233586121371;4.13093537934048;5.39963069089987;-0.144302774509695;1.14188673129062;6.06887815432124;0.220755577032481;4.49511000165643;11.9553682175415;0.267045463002072;1.37550630086691
-0.916263951820268;4.10594140585451;5.42026814938771;-0.145780270952049;1.14039911306795;6.07431752668284;0.220261485246884;4.58181877838389;11.9810793828414;0.284750120260094;1.36831169299467
-0.922191495949469;4.08094771719858;5.44118394559454;-0.147299246994592;1.13912017793744;6.0797173154902;0.219754027614;4.66642199093275;12.0067663494204;0.302299873384048;1.36105991320323
-0.928013100116264;4.05593698452893;5.4623693349033;-0.148869056810895;1.13796276682756;6.08508000972492;0.219233377874979;4.74875237482725;12.032445676198;0.319386380663592;1.35386092773736
-0.933652067523853;4.0309170401999;5.48382947777807;-0.150501219260479;1.13680871528847;6.09041111084299;0.21869975753096;4.82863723658964;12.0580932017638;0.334717141639683;1.34660738068238
-0.939202148700206;4.00587614102461;5.50556564134508;-0.152208147623814;1.13550490640572;6.09571439966911;0.218153367342502;4.90589954975526;12.0837417891045;0.349957727241029;1.33944400900215
-0.944616429614874;3.98080197314855;5.527563816138;-0.154002178485605;1.13385798055103;6.10098912560408;0.217594448233669;4.9883814655326;12.1093938520332;0.564280161697564;1.33242719543088
-0.949886930140033;3.9556927248082;5.54984817477087;-0.15561135429878;1.13467909588541;6.10624105889719;0.21702326320684;5.06892413290086;12.135050284521;0.577550550886251;1.32556640086965
-0.955068151527779;3.93056364313681;5.57240764856992;-0.157116085544605;1.13762187270129;6.11148120095805;0.21644009091008;5.14754651688234;12.1607079500563;0.590730664358677;1.31879588202468
-0.960083814185663;3.90539450758062;5.59523292606452;-0.158582943343142;1.14237789390347;6.11671930863401;0.215845242310347;5.22426673966597;12.1863719765631;0.603027639231395;1.31324220392017
-0.964981839828694;3.88019858947296;5.61831607119152;-0.160066661950899;1.14867306134339;6.12196397541726;0.215238990434543;5.29910203486376;12.2120395620453;0.614955007936337;1.30817503984395
-0.969786581200184;3.85498180021213;5.64164607849792;-0.161611606190656;1.15626272281741;6.12722178747503;0.214621628751566;5.37206906167734;12.2377100119882;0.626782564672207;1.30319993363663
-0.97441615816908;3.82966625472312;5.66523179571255;-0.163254936590327;1.16493602924642;6.13250264198434;0.21399347806202;5.44318239706601;12.2634453928154;0.638130046499677;1.2982916956924
-0.978951264698126;3.8043325306263;5.68908164808935;-0.165026861189387;1.17450730889201;6.13781529018243;0.213354794990903;5.51245470334941;12.2891818410521;0.649382848311263;1.29347813776405
-0.983378562797351;3.77890129254215;5.71318831933513;-0.166950508740405;1.1848060746406;6.14316407608696;0.212705851502689;5.57989803930556;12.3149955745859;0.660592146577273;1.28851867828973
-0.98768268498164;3.7532678854552;5.73755692103886;-0.169044919316421;1.1956854742928;6.14855533102001;0.212046953980896;5.64552297856257;12.3409878239434;0.671833139964891;1.2830776589366
-0.991902654234917;3.72762685715139;5.76218697677002;-0.171324511749772;1.20701259873478;6.15399346805727;0.211378392606776;5.70933910695708;12.3669737907904;0.682993336468605;1.27771743646738
-0.995971427552836;3.70180142531822;5.78705417148585;-0.173797608728052;1.21865806240118;6.15947701949387;0.210700477372253;5.77135680276405;12.3931177737632;0.694124175963804;1.2706598359822
-0.999918874473313;3.67584709908805;5.81212610106336;-0.176467822602805;1.23050191826065;6.16500215457849;0.210013515017038;5.83158778550006;12.4193705714666;0.705228338941526;1.26234831376682
-1.0038049460139;3.64990056156542;5.83738196176687;-0.1793365937163;1.24244200605562;6.17056706846123;0.209317815941334;5.89004425445652;12.445606507917;0.716279238007732;1.25409005546296
-1.00743674473418;3.6238785230887;5.86278623130547;-0.182400799772531;1.25438073501745;6.17616622155901;0.208613700032593;5.94673990214124;12.471880762396;0.727723684712692;1.24239520802224
-1.01098203562338;3.59785402269667;5.88830027381141;-0.185654157491889;1.26623012092944;6.18179291631907;0.207901438757198;6.00169008197282;12.498145638336;0.739201575721485;1.23013871812962
-1.01444532004053;3.57184037436756;5.91390916738251;-0.189091259007392;1.27792310584951;6.18744527900041;0.207181311988757;6.05491016214973;12.5243888134173;0.750791173276365;1.21802545559682
-1.01765271544475;3.54582452933141;5.93960054462879;-0.19270570406358;1.28940208705485;6.19312167305991;0.206453605971045;6.10641537772966;12.5506016266624;0.763369793013562;1.20662956831625
-1.0208057851121;3.51982056684454;5.96536272143277;-0.196490159885557;1.30061706644874;6.19882032933484;0.205718547559532;6.15622081381328;12.5767960518965;0.775902281881312;1.19527981190513
-1.02381553554946;3.4938035153716;5.99118803741485;-0.200437117595126;1.31152616922276;6.20454012539464;0.204976367878974;6.2043411720301;12.6029866144151;0.788632039915081;1.18525002753761
-1.02664133102775;3.46776231236476;6.01707170940858;-0.204539000491611;1.32209415467742;6.21028037263144;0.204227300509416;6.25079062147225;12.6291806857697;0.801668611765755;1.17711612886139
-1.02941190474903;3.44173432349391;6.04300727156573;-0.208787612281518;1.33228979892192;6.21603983380016;0.203471556042857;6.29558294653647;12.6553557174489;0.814658158294524;1.16902925550708
-1.03197542896467;3.41567744582744;6.06898510849021;-0.213173937761341;1.3420849415839;6.22181641220967;0.202709344506457;6.33873178048725;12.6815383935942;0.826847783316218;1.16318994287481
-1.0344147230434;3.38961551248214;6.09499558700642;-0.217688704747261;1.35145537023788;6.22760786203103;0.201940838580589;6.38025063312619;12.7077142321729;0.838646003206724;1.15840537302558
-1.03679970158726;3.3635686467265;6.12103015002518;-0.222322663815627;1.36038075925461;6.2334120509547;0.201166209984922;6.42015284942676;12.7338700601725;0.850398152859595;1.15366687341399
-1.03891463034332;3.33749111605496;6.14707981054372;-0.227066401634413;1.36884372052868;6.23922664159371;0.200385624650666;6.4584516621642;12.7600332123062;0.860507433578223;1.15136261940028
-1.04096696055524;3.31142755028321;6.1731358840392;-0.231910523875601;1.37682972866354;6.24504926848091;0.199599173229504;6.49516019776209;12.7861774567978;0.870510104326027;1.14919481739039
-1.04291134815546;3.28536931614448;6.19919143930536;-0.236845983781064;1.38432720789732;6.25087787691947;0.198806946088666;6.53029139399013;12.8123081324409;0.880078524220705;1.14684776960505
-1.0446329583285;3.25929336070997;6.22524103594896;-0.24186409561538;1.3913270497271;6.25671067897032;0.198009028830683;6.56385793588925;12.8384408589235;0.888382292256134;1.14383910389236
-1.04629924716778;3.23323402880365;6.2512790235797;-0.246956245082146;1.39782184378514;6.26254578346285;0.197205447288831;6.59587229460398;12.8645534095055;0.896638558917107;1.14087793955413
-1.04779842625608;3.20716149119653;6.27729924183768;-0.252113841416178;1.40380563688576;6.26838113583474;0.196396223492028;6.62634678219902;12.8906690131787;0.904028500968319;1.13661910068449
-1.04913932497535;3.18107886717534;6.30329616579058;-0.257328554278457;1.40927404516618;6.27421478189813;0.195581353582283;6.6552935370904;12.9167860820266;0.910613968650494;1.13116279840453
-1.05042605330921;3.15501493252347;6.32926398994887;-0.262592143889273;1.41422387948346;6.28004466902467;0.194760813822987;6.68272456285477;12.9428817590506;0.91715313576528;1.12575279669196
-1.0514809533949;3.12892848659014;6.35519144314061;-0.267895401606078;1.41865216759048;6.28586748422663;0.193934576071515;6.70865206581627;12.9689895256273;0.923132523672894;1.11785707015958
-1.05243907453952;3.10285174212487;6.38106657255553;-0.273229105847881;1.42255720729978;6.29167973031066;0.193102543765511;6.73308850763212;12.9950838659722;0.928937655467724;1.10936151937048
-1.05332879798166;3.07679677515725;6.4068826452661;-0.278585261566665;1.42593927310763;6.29747906039419;0.192264619249862;6.7560463187577;13.0211540196251;0.934685842181018;1.10066279600077
-1.05395072801674;3.05077172408641;6.43262836517158;-0.283955099504493;1.42879900668473;6.30326208684706;0.191420705494943;6.777538175542;13.0471865008785;0.940217953256446;1.08898317464015
-1.05451829842435;3.02476474615562;6.45829376836019;-0.289330299817591;1.43113823713852;6.30902570955333;0.190570626674826;6.79757693661304;13.0731996713362;0.945702343861144;1.07735127375026
-1.05495952835222;2.99878791231119;6.4838768046885;-0.294704385624102;1.43296027201473;6.31476860138906;0.189714209208715;6.81617521044532;13.0991802521694;0.951273833495648;1.06475814717153
-1.05521131188913;2.97284792665336;6.50937791132887;-0.300071593967191;1.43426893763214;6.32048999425334;0.188851283575084;6.83334523634477;13.1251214597526;0.957040414307069;1.05036877565078
-1.05539936150467;2.94692139462445;6.53479621543102;-0.305426067596872;1.43506822364209;6.32618882790921;0.187981646501066;6.84909897880686;13.1510486737508;0.962748387687217;1.03603801156131
-1.0554144268939;2.92100248266338;6.56013329728358;-0.31076263317321;1.43536240663263;6.33186459466326;0.187105099563348;6.86344801065198;13.1769675900902;0.968854184178587;1.02123441692396
-1.05529860696364;2.89509242696164;6.58539312367454;-0.316076768709019;1.43515584871042;6.33751732363824;0.186221415821302;6.87640340174971;13.2028779046526;0.975164578793782;1.00618236573367
-1.05511406214627;2.86919478701483;6.61057469523192;-0.321363046307554;1.43445298424279;6.34314593435489;0.18533037249803;6.88797601264628;13.228776202118;0.981410851636809;0.991194436315554
-1.05471189641878;2.84327386777699;6.63568013603093;-0.326616824365345;1.43325831018345;6.34875004731353;0.184431754711893;6.89817633975491;13.2547002409894;0.987980344730259;0.977826316744175
-1.05422574569838;2.81736322279945;6.66071158460987;-0.331833576287742;1.43157635120242;6.35432928752724;0.183525282975692;6.907014532166;13.2806154462881;0.99452432934779;0.964678433658179
-1.05364070636757;2.79145299510512;6.68566590647637;-0.337007793584044;1.42941207400518;6.3598821076311;0.18261069419737;6.91450069360567;13.3065322780812;1.00107454484693;0.952093656012187
-1.05285650382842;2.76549875657154;6.71054203073382;-0.342134520454189;1.42677049225905;6.36540742580123;0.181687738582633;6.92064478264138;13.3324983611798;1.00786786424104;0.941744378973968
-1.0520109454018;2.73956489935511;6.73533789317969;-0.347208712169573;1.42365688305485;6.37090394572203;0.180756114472558;6.925456678432;13.3584459992067;1.01460551555624;0.931450770014653
-1.05101403305852;2.71361362885761;6.76004689522744;-0.352224532529508;1.4200773193712;6.37636937674098;0.17981553614877;6.92894643393616;13.3844164107293;1.02147355477079;0.922237915665024
-1.04985744226099;2.68764373435123;6.78466066411772;-0.357175956302204;1.41603849906804;6.38180105457699;0.178865709433115;6.93112437698246;13.4104120473429;1.02850640410117;0.914255473389015
-1.04865259558199;2.66170227214502;6.80917315640009;-0.362057602409836;1.41154711832166;6.38719685092569;0.177906326353179;6.93200099159385;13.4363814739233;1.03549771861056;0.906314565933995
-1.04723389953701;2.6357578479389;6.83357712738042;-0.366864021033291;1.40661039964201;6.39255439569087;0.176937096312651;6.93158698756453;13.4623646578286;1.04251985926255;0.899102210256461
-1.04571351360808;2.60983280606878;6.8578648868369;-0.37158986028204;1.40123598445004;6.39787124821467;0.175957685595477;6.92989332859922;13.4883342432958;1.04952949558862;0.892165581736234
-1.04414641104256;2.58393842473566;6.88203276875209;-0.376230721430031;1.39543092159691;6.40314587532836;0.174967781621751;6.92693102537613;13.5142760010442;1.05650606172733;0.885228388183741
-1.04232304657729;2.55804980216225;6.90607820677145;-0.380782549622011;1.38920216826246;6.40837700462486;0.173967096556993;6.92271108470744;13.5402287549775;1.06357034964245;0.876595287834842
-1.04045725538511;2.53219197930463;6.92999883074646;-0.385241449683168;1.38255676666258;6.41356342619508;0.172955280370381;6.91724450623351;13.5661538042486;1.07059831705682;0.86799850798669
-1.03848569322706;2.50635607462631;6.95379280918914;-0.389603744327554;1.37550173189523;6.41870406669957;0.171932010137164;6.91054226105499;13.592064825608;1.07757906953737;0.859007898268496
-1.03632232128425;2.480529816427;6.97745877329114;-0.393865950290353;1.36804404435999;6.4237979717327;0.170896989054845;6.90261527431582;13.6179815343254;1.08449747393409;0.849042542807758
-1.03411885197565;2.45473563912962;7.00099512130324;-0.398024648634614;1.36019084632649;6.42884415578486;0.16984989782607;6.89347444354415;13.6438696563014;1.0913815098125;0.839111555865332
-1.03175159859063;2.42895656440268;7.02439985398879;-0.402076462268196;1.35194950420739;6.43384156891887;0.168790446603657;6.88313066475134;13.669757193503;1.09800155653843;0.82891431829793
-1.02925460633491;2.40319767166143;7.04767104063154;-0.406018142466903;1.34332745679586;6.43878919818153;0.167718337926242;6.87159483390537;13.6956368288478;1.1044195416507;0.818529269506024
-1.02672062025394;2.37747225015659;7.07080684428173;-0.409846571987759;1.33433219930216;6.44368607336857;0.166633297796641;6.85887784676386;13.7214867494871;1.11080587959594;0.808175867881142
-1.02396650903657;2.35175708385515;7.09380552348151;-0.413558763736064;1.32497127538052;6.44853126764131;0.165535083847401;6.84499059830461;13.7473489788286;1.11671414996045;0.798622254333055
-1.02114582246262;2.32607202290213;7.11666541059123;-0.417151855746423;1.31525227889222;6.45332389318099;0.164423394645266;6.8299439829553;13.7731884569369;1.12251596664577;0.789230019450317
-1.0182626857996;2.30041806371733;7.13938488815057;-0.42062310647346;1.30518285795884;6.4580630965189;0.163297963248251;6.81374889571376;13.7990039193358;1.12821629991743;0.780245046543782
-1.01516006155163;2.27477634234463;7.16196241405701;-0.423969897779334;1.29477069886097;6.46274806407066;0.162158562590411;6.79641623169561;13.8248326659601;1.13341313342706;0.773773105683296
-1.01202548215672;2.24916988932073;7.18439648927673;-0.427189729083352;1.28402353519486;6.46737801563168;0.161004916536118;6.77795688703039;13.8506302632212;1.13858261994756;0.76732851181194
-1.00877196382491;2.22358911866091;7.20668564975356;-0.430280215770332;1.27294914727124;6.47195220300576;0.159836785887043;6.75838175987769;13.8764171050031;1.14326794375265;0.761546306533086
-1.00536186130691;2.1980299154597;7.22882849753063;-0.433239092861859;1.26155534260249;6.47646991662063;0.158653958958281;6.73770174961864;13.902202792263;1.14726891815775;0.756704959772591
-1.00192308503543;2.17250695658057;7.25082367130987;-0.436064210052349;1.24984996595507;6.48093047963108;0.157456226689945;6.71592775727508;13.9279563670089;1.15124535919283;0.751888146382115
-0.9983098070174;2.14700508474213;7.2726698444273;-0.438753530976103;1.23784089638028;6.48533324771116;0.156243420148339;6.69307068578309;13.9537129437476;1.15467449935942;0.747807877292816
-0.994603402773052;2.12153298181797;7.29436569039667;-0.441305128852118;1.22553606208783;6.48967760236183;0.1550153562116;6.66914144172949;13.9794532906723;1.15784335138162;0.744073771249009
-0.990871781229462;2.09609799584591;7.31590987890704;-0.443717186644517;1.21294343973238;6.49396295050451;0.153771892907018;6.64415093703057;14.0051605563912;1.16099064021747;0.74036122839154
-0.986910111791968;2.07068123023878;7.33730110475045;-0.44598800063675;1.20007103477264;6.49818873055421;0.152512934161239;6.61811008895252;14.0308842186239;1.16334388922494;0.737369471722261
-0.982919044211372;2.04530188024759;7.35853813902803;-0.448115984859348;1.18692684734375;6.50235442254807;0.151238338581148;6.59102981743389;14.0565754627823;1.16565097200786;0.734421283897324
-0.978854125127873;2.01995585181514;7.37961999992729;-0.450099683799389;1.17351876286225;6.50645958090625;0.149948012375054;6.56292103397015;14.0822453814509;1.16767519269814;0.731441690139346
-0.974604559736712;1.99463237417408;7.40054651451836;-0.451937809544068;1.15985419016557;6.51050394061976;0.148641907651771;6.53379460333536;14.1079229460911;1.16885905737202;0.728326895655462
-0.970335126719099;1.96934715525477;7.42131761209223;-0.453629158601355;1.14594049843285;6.51448727606314;0.147319958163414;6.50366134006193;14.1335660807297;1.17002585641373;0.725229166803737
-0.965937287196506;1.9440849948185;7.44193342978532;-0.455172615542229;1.13178494259128;6.51840942012068;0.145982146251877;6.47253199978276;14.1592081895036;1.17094355018894;0.721838569026885
-0.961417980879649;1.91884504895409;7.46239506386911;-0.456567191430749;1.11739414747038;6.5222704032035;0.144628471627522;6.44041723460824;14.1848495427601;1.17162899245255;0.718183041747716
-0.956875835787689;1.89364084610986;7.48270299142703;-0.457811899282098;1.10277518564414;6.52607015140334;0.143258964060465;6.40732762481035;14.2104597540643;1.17229375776084;0.714548191423859
-0.952159964267706;1.86844465524341;7.50285750475864;-0.458905800125611;1.0879352761215;6.52980857183629;0.141873703705247;6.37327368905922;14.2360934716717;1.17250827617754;0.710341300657575
-0.947379492979535;1.84327414341043;7.52285902116615;-0.45984802303186;1.072881559959;6.53348561070545;0.140472738538789;6.33826587964324;14.2617139238861;1.1725900719109;0.706010679685261
-0.942558726814107;1.81813374489311;7.54270730367331;-0.460637733813228;1.05762167517704;6.53710111106586;0.13905617249065;6.30231461460147;14.2873123500883;1.17262359297933;0.7015656317488
-0.937552584966091;1.79299593978195;7.56240101430089;-0.461274151362686;1.04216410075068;6.54065473886499;0.137624163284379;6.26543033012748;14.3129437898062;1.17235874507376;0.695478105540237
-0.932516884350758;1.76788804621223;7.58193859606097;-0.461756610674576;1.02651748352835;6.54414614986251;0.136176818344321;6.22762349022959;14.3385516909344;1.17206564370986;0.689418832790003
-0.927396746725032;1.74280528997069;7.6013182753989;-0.462084571398732;1.01069063627706;6.54757499218974;0.134714301359603;6.18890459594351;14.3641517001137;1.17172079544376;0.683323618759259
-0.92214808848824;1.71774342534797;7.62053609951478;-0.462257622552272;0.994694115098094;6.5509405676327;0.133236827519741;6.14928428580538;14.3897572751249;1.17130567100975;0.677139523882896
-0.916874522919057;1.69271169132957;7.63958879598524;-0.462275563200362;0.978537887610042;6.55424234515548;0.131744615004008;6.10877330081143;14.4153384831062;1.1708666322944;0.670979343287874
-0.911474328396103;1.66771976553272;7.65847297407702;-0.462138379879438;0.962231994247949;6.55747981825257;0.13023793815312;6.06738248704309;14.4409071838147;1.17063274306168;0.665044417874496
-0.905996658485577;1.64276601809438;7.67718381533165;-0.461846280127638;0.945787658586352;6.56065228620783;0.12871707610295;6.02512285854401;14.4664550678536;1.17051390915806;0.659243847539617
-0.900505429844283;1.61784571795402;7.69571835098308;-0.461399655776121;0.929214456427475;6.56375941365337;0.127182360846274;5.98200550764849;14.4919731977043;1.1703821859843;0.653456166474886
-0.894837981882035;1.59298775482231;7.71407366289333;-0.460799062664129;0.912521893349172;6.56680091534292;0.125634178700078;5.93804159983892;14.5174690463362;1.17089135378403;0.648560482655216
-0.889151156224595;1.56816994069098;7.73224670300923;-0.460045225645549;0.895719563611148;6.56977652623313;0.124072857903697;5.89324237686526;14.5429300731088;1.17146125121071;0.643753793948473
-0.883425747029784;1.54339575718506;7.75023583381829;-0.459138954720439;0.878815747992422;6.57268624948118;0.122498786027888;5.84761908949892;14.5683572333677;1.17210356056478;0.639150016267124
-0.87754028176989;1.51868701191825;7.76804070021335;-0.458081081407035;0.861817532014387;6.57553032021482;0.120912408850557;5.80118293769478;14.5937572489973;1.17306150367465;0.635412678702861
-0.871662381708805;1.49401927296896;7.78566090705626;-0.456872494021107;0.844732046131318;6.57830898441022;0.119314128061837;5.7539450720464;14.6191156214609;1.17402674084587;0.631668047077237
-0.86569315143986;1.4693973278425;7.80309647436985;-0.455514101686018;0.827566027872169;6.58102256918739;0.117704401905624;5.70591657467074;14.64445081224;1.17573537515653;0.628025085791542
-0.859619832205103;1.44482267374419;7.82034926013335;-0.454006678169955;0.810324444259046;6.58367169377651;0.11608372238682;5.65710837668265;14.6697648168734;1.17829315191508;0.6244982007371
-0.85355869016393;1.42029005351064;7.83741988787149;-0.452351086939148;0.793013513013878;6.58625678759044;0.114452596649973;5.60753131536065;14.6950350938478;1.18086218746112;0.120960056895177
-0.847351998078233;1.39579035536133;7.85430848155924;-0.450548265113761;0.775639957894873;6.58877821302521;0.112811584040554;5.5571961571069;14.720308760698;1.18325550286635;0.117511407177287
-0.841104147763032;1.37132893679261;7.8710156366143;-0.448599130353278;0.758210020897879;6.59123641229341;0.111161214009972;5.50611357668162;14.7455554759686;1.18559642258066;0.114085594922651
-0.834865784470123;1.34690854924295;7.88754085448995;-0.446504765389189;0.740731066212349;6.59363167718597;0.109502067735508;5.45429420636012;14.7707600887339;1.18794376912315;0.110631549257496
-0.828438005949836;1.32252186002427;7.90388287264331;-0.444266431136634;0.723211223788339;6.59596420866692;0.107834774260861;5.40174866924798;14.7959796634281;1.19003113295019;0.106494760465035
-0.822026900695316;1.29817581415112;7.92004040972188;-0.441885493049381;0.705658594929956;6.59823422934281;0.106159884825227;5.34848757892405;14.821155688139;1.19213335194033;0.102343116509478
-0.815570828737318;1.27386959967247;7.93601252777533;-0.439363360500221;0.688080864495181;6.60044203271101;0.104478001434925;5.29452152320686;14.8463047025811;1.1936001763273;0.0981990168905011
-0.808987452759252;1.24960210721563;7.95179823437796;-0.436701535565389;0.670485733305177;6.60258792503519;0.102789771579701;5.23986106574099;14.8714493248572;1.19356783404684;0.0940926293897877
-0.802424731199525;1.22537469411579;7.96739655790726;-0.433901600789461;0.652880833352679;6.60467223556221;0.101095804705401;5.18451674426961;14.8965498599069;1.19355377887292;0.0899679547825238
-0.79576314542752;1.20118535963692;7.98280668994514;-0.430965188367625;0.635273568916986;6.60669533427623;0.0993967538907082;5.12849906278707;14.9216397109932;1.19294190687663;0.0859253320216143
-0.789036456234051;1.1770342253612;7.99802790628729;-0.427893985667411;0.617671206126372;6.60865761931934;0.0976932690577547;5.07181848733937;14.9467101245181;1.19190039758938;0.0819364096455597
-0.782333852409985;1.152922360134;8.01305938063879;-0.424689770171515;0.600081083979417;6.6105594922538;0.095986018489038;5.01448544999138;14.9717362497227;1.19088008901465;0.077926286556986
-0.775478911734464;1.12884795333913;8.0279001988237;-0.421354411317762;0.582510594589703;6.61240136076061;0.0942757076791907;4.95651035209684;14.9967675755803;1.18753568287515;0.0743951047021273
-0.768620482433346;1.10481188801312;8.04254944453254;-0.417889853789047;0.56496708057372;6.61418364968983;0.092562969066025;4.89790356382911;15.0217629849355;1.18382064788878;0.0709249135591731
-0.761761925892198;1.0808142531438;8.05700621008866;-0.414298113634002;0.547457821073069;6.6159068019498;0.0908484793893562;4.83867542329025;15.0467214760187;1.18006926731017;0.0675019857031423
-0.754753426749436;1.05685515311544;8.07126955576272;-0.410581287408349;0.529990078978804;6.61757127332201;0.0891329489075574;4.77883623740007;15.0716845995092;1.17595254625152;0.0645148340813816
-0.747774759791019;1.03293369466711;8.08533854914257;-0.406741541975452;0.51257105181067;6.61917753693249;0.0874169883773273;4.71839628111768;15.0966032264138;1.17186196709964;0.0615015405528476
-0.740742457251627;1.00905054465348;8.09921233545565;-0.402781092218018;0.495207785504067;6.62072609047412;0.0857012444701095;4.65736579374492;15.1215001767005;1.16754774640623;0.0586309538801876
-0.733621446058989;0.985205701117984;8.11289011647928;-0.398702201255562;0.477907201073213;6.62221745247184;0.0839863901160531;4.59575497625543;15.1463856215155;1.16290378793151;0.0559746433220357
-0.726533625577765;0.961397456056378;8.12637106457086;-0.394507203063455;0.460676201464442;6.62365215212989;0.0822730692414536;4.53357399234133;15.1712265098266;1.1582888673072;0.0532892949134704
-0.719338904603487;0.937626984818295;8.13965434686876;-0.390198495440421;0.443521639487869;6.6250307318644;0.0805619550851221;4.47083296845225;15.1960619545132;1.15431921232118;0.0507965317391432
-0.7121159670501;0.913892959504696;8.15273915388446;-0.38577852951364;0.426450280591199;6.62635374986656;0.0788536808786617;4.40754199267686;15.2208707187808;1.15065678121833;0.0483729759722596
-0.704929360752805;0.890194338478619;8.16562464391305;-0.381249827143219;0.409468873649191;6.62762177406528;0.0771489053973191;4.34371111600236;15.2456350469286;1.14702610350399;0.0459176668168568
-0.697583789917827;0.866535143504134;8.17830962596364;-0.376615100524657;0.392584558361044;6.62883535259873;0.0754483123316311;4.27935036669506;15.2704083171554;1.14385836775824;0.0435615336004724
-0.690270369316745;0.8429106042033;8.19079290225645;-0.371877143439039;0.375804408137759;6.62999504987892;0.073752481861837;4.21446975013902;15.2951389657127;1.14073872944126;0.0411759479567487
-0.682947087304471;0.819323362133975;8.20307371970765;-0.36703864940298;0.359134835398803;6.6311014861439;0.0720620327585098;4.14907923013056;15.319836909916;1.13827392610855;0.0387900805822745
-0.675512228407646;0.795779618075388;8.21515164249626;-0.362102231390776;0.342581774011466;6.63215531948846;0.0703776043439154;4.08318871600297;15.3445266853526;1.13774729734367;0.036474512499477
-0.668119258349643;0.772269288097627;8.22702615188471;-0.357070570369923;0.326151225266029;6.63315720774336;0.0686997382554655;4.016808066553;15.3691720017828;1.13725728078491;0.0341223322105544
-0.660661592857669;0.748791235227987;8.23869754407085;-0.351946020341024;0.309848038277679;6.63410788078026;0.0670289979398597;3.94994705731085;15.393806038016;1.13703502510188;0.0317229143138208
-0.653148376269099;0.725344879422758;8.25016711643839;-0.346730459790939;0.293675681017154;6.63500814151347;0.0653659283511458;3.88261534134113;15.4184267614833;1.13705905558172;0.0292777815037913
-0.645677137131253;0.701930468898572;8.26143506667763;-0.34142621814784;0.277639171580661;6.63585869534452;0.0637110368113684;3.81482249649429;15.4430042722289;1.1371194942368;0.0267962405185233
-0.638086930802025;0.67852210490541;8.27250136454174;-0.336035731345765;0.261743825075637;6.63666022906081;0.0620648520887131;3.74657803607405;15.4676124565779;1.1381084443324;0.0242813210679335
-0.630497271451296;0.655137588657763;8.28336615445076;-0.330561353534022;0.245994679370702;6.63741344134039;0.0604278424853831;3.67789140303923;15.492197788164;1.13935312331282;0.0217322336689342
-0.62293335906973;0.631781174651246;8.29402865549044;-0.325005922593874;0.230398061505531;6.63811896909083;0.0588005043159901;3.60877200864838;15.5167484469283;1.14061874345081;0.0191594784148211
-0.615236372645303;0.60843505940642;8.30448618861304;-0.319373366542669;0.214962946336046;6.63877734375741;0.0571833523444003;3.53922930885626;15.54133064978;1.14175467770809;0.0166848330873419
-0.607581903568561;0.585116887048435;8.3147362477878;-0.313667695997464;0.199697896019406;6.63938914305579;0.0555767888398015;3.4692727955064;15.5658730225048;1.14292761408468;0.0141731856405443
-0.599905507742789;0.561832319642725;8.32477707207782;-0.307892655507309;0.184610235068215;6.63995501899565;0.0539812482564385;3.39891196497049;15.5903903252142;1.14405918044445;0.0117651908446875
-0.592157093203712;0.538585695034251;8.3346051815796;-0.302053138100808;0.169709703156268;6.64047555965081;0.0523971960908389;3.32815638558543;15.6148942735401;1.1450881510612;0.00957178218970367
-0.584457380490797;0.515365494705263;8.34421814520524;-0.296153623700886;0.155004285370738;6.6409514513225;0.050825046732006;3.25701565316565;15.6393577826747;1.14616002753025;0.007335467682418
-0.576691824868114;0.492205362991466;8.35361446500725;-0.290198158354348;0.140500429127522;6.64138345467296;0.0492652395361835;3.18549935246779;15.6637851352764;1.14656411638029;0.00559259212232016
-0.568913124112389;0.469090799482349;8.36279221215813;-0.284191169879362;0.126205142432816;6.64177233294726;0.047718186989004;3.11361707361782;15.6881734774026;1.14660666301104;0.00411116424921165
-0.561189943735202;0.446001744516766;8.37175037691041;-0.278136591021498;0.112123920810804;6.64211890975971;0.0461843054468246;3.04137837489296;15.7125199755973;1.14669840273589;0.00258054328200052
-0.553348189900695;0.422989950950331;8.38048968771617;-0.27203719511757;0.0982595237954098;6.64242407855787;0.0446640280697063;2.96879271464674;15.7368312023525;1.1464710589637;0.00163116793617502
-0.545547772012138;0.400008354890341;8.3890109816642;-0.265895606036414;0.0846145710679402;6.6426887216409;0.0431576951401594;2.89586944934424;15.7611005302522;1.1462598161781;0.000690616425229718
-0.537768111115433;0.377054863725819;8.39731423414814;-0.25971501467723;0.071193064978829;6.64291368372968;0.0416656820678748;2.8226178696203;15.7853365753154;1.14600899223057;-9.98489557701987e-09
-0.529886221580443;0.354139916520086;8.40540071855221;-0.253497598522155;0.0579969385603967;6.64309983432998;0.0401883951724419;2.74904707099772;15.8095691770759;1.14542267633297;0.000535317029529081
-0.522062483175551;0.331248736720736;8.41327132836527;-0.247245720878419;0.0450287648363608;6.64324801246299;0.0387261557579998;2.67516596919599;15.8337604357293;1.14488750193723;0.00101950254208655
-0.51420549552112;0.308383756005616;8.42092558114081;-0.240962794931559;0.0322933288887254;6.64335902204606;0.0372793233782666;2.60098343374479;15.857937689463;1.14441519503224;0.00178075379028986
-0.506303344584774;0.285544609215091;8.42836303968055;-0.234652230512561;0.0197952614121655;6.64343367293207;0.0358482763627559;2.52650828778075;15.8821052424119;1.1440075235007;0.00286227242684933
-0.498460730262905;0.262727319120261;8.43558325590778;-0.228317478019852;0.00753913412419331;6.64347277980851;0.0344333815093317;2.45174931007588;15.9062327231481;1.14365230592456;0.00389133710800088
-0.490533903450844;0.239945481754125;8.44258551179243;-0.221962266241225;-0.00447010871151582;6.64347716303191;0.0330350332068212;2.37671524706899;15.9303542217973;1.14335204283317;0.00546096484229475
-0.482619299876335;0.217189051863161;8.44936903866973;-0.215590432045115;-0.0162275270582578;6.64344765395482;0.0316535628483578;2.30141481605165;15.9544477074548;1.14310642940812;0.00717776790776015
-0.474761909514944;0.194453166475615;8.45593335917503;-0.209205595809259;-0.027728766051867;6.64338509263225;0.0302893294951121;2.22585669505986;15.9785030409101;1.1429227226388;0.00885764505162473
-0.46677896066703;0.171757701985497;8.46227811775137;-0.202811293502795;-0.0389697541698921;6.64329032376383;0.0289427178787608;2.15004951967197;16.0025615442037;1.14307453091543;0.0111852290633557
-0.458859185901189;0.149081029449153;8.46840297888967;-0.196411066646555;-0.0499465221065784;6.64316419614651;0.0276139999940721;2.07400188387799;16.026581417427;1.14328224847168;0.0134569037954685
-0.45094504040353;0.126428998230794;8.47430762329753;-0.190008464748815;-0.0606551951815496;6.64300756257214;0.0263034839757339;1.99772234110539;16.0505761713802;1.14353663684536;0.0157328792822236
-0.442961144134576;0.103809358222807;8.47999176897395;-0.183607020468456;-0.0710920302468992;6.64282127899645;0.0250115107627357;1.92121940443441;16.0745634745576;1.1438253473225;0.0180919638899462
-0.435042082917014;0.081206666988394;8.48545514627679;-0.177210274103925;-0.0812533698346112;6.64260620485928;0.0237383591637573;1.84450154780376;16.0985132800183;1.14417156248638;0.0203935438109294
-0.427077479400985;0.0586338489721436;8.49069742735267;-0.170821859416765;-0.0911355131540846;6.6423632065783;0.0224843405423628;1.7675772099344;16.1224500095853;1.14457408862992;0.0225674116394292
-0.41909870832108;0.0360864809905498;8.49571826816429;-0.164445464688884;-0.100734794981379;6.64209315771212;0.0212497479739931;1.69045479651957;16.1463674632717;1.14503399384331;0.0246323182363325
-0.411186543988729;0.013554166493498;8.5005174161876;-0.158084697648949;-0.110047787972449;6.64179693340604;0.0200348790799165;1.61314267818878;16.1702485759137;1.14555314098561;0.0266379829043175
-0.403178697597698;-0.00893852594552082;8.50509467810662;-0.151743114024211;-0.119071239961963;6.64147541015882;0.0188400589481347;1.53564918981291;16.1941242291399;1.14591201809967;0.0278683552242022
-0.395211750050473;-0.0314132516771835;8.50944988223126;-0.145424261637395;-0.127802000956086;6.64112946730999;0.0176655204231389;1.45798263131471;16.2179692611158;1.14629497068731;0.0289204187480107
-0.38728703281153;-0.0538711485635562;8.51358294651696;-0.139131575294705;-0.136237157757743;6.64075998062716;0.0165115398167699;1.3801512658272;16.2417843461645;1.14669231453446;0.0298477995279561
-0.379265899968825;-0.0762934673589593;8.51749415960523;-0.132867904042292;-0.144374601360362;6.64036778986294;0.0153784231305908;1.30216330698262;16.2655981856752;1.1468564348992;0.0303099513718862
-0.371313013654929;-0.0987037271374646;8.52118371609488;-0.126636170220503;-0.152212084255938;6.6399537330054;0.014266354746813;1.22402692492116;16.2893777597686;1.14708141317812;0.0307112453016262
-0.363348641646503;-0.121100318191623;8.52465159614843;-0.120439604015878;-0.159746970203335;6.63951866512289;0.0131755564649241;1.14575025692039;16.3131482985159;1.14720800527988;0.0303501456524312
-0.355339131010659;-0.143483052207966;8.52789796075725;-0.11428107124465;-0.166977078616418;6.63906341363285;0.0121062850943428;1.06734140211192;16.3369209517686;1.14716979831433;0.0289368234852053
-0.347397249241709;-0.165855605539557;8.53092280366507;-0.108163682326188;-0.173899933240723;6.63858882036618;0.0110587685413356;0.988808430291857;16.3606613104138;1.14719203222578;0.0274630604409681
-0.339393091438621;-0.188215806442939;8.53372578052447;-0.102091230385835;-0.180512364258808;6.63809578267954;0.0100332718902158;0.910159397346713;16.3844109446547;1.14708259844115;0.0259589583018207
-0.331398930573899;-0.210566034747905;8.53630653234264;-0.0960676451312841;-0.186811227070585;6.63758521856905;0.00903003060135305;0.831402347138579;16.4081478213072;1.14694851722018;0.0244074554811592
-0.323472985002945;-0.232908150058296;8.53866489801915;-0.0900965038820054;-0.192793908605683;6.63705802517956;0.00804931865107985;0.752545304637817;16.4318541649674;1.14687572462394;0.0227946640357674
-0.315439515638977;-0.255216398677926;8.54080053272995;-0.0841819606777253;-0.198457382704465;6.63651515969535;0.00709143262034334;0.673596284962963;16.4555648078625;1.14659368069048;0.0210954997283992
-0.307470249874512;-0.277517127547613;8.54271318123962;-0.0783281564323088;-0.203798871603518;6.63595759238368;0.00615654317387645;0.594563290718761;16.4792466934493;1.14636609839255;0.0193327534934762
-0.299526424202876;-0.29980213747955;8.54440289384888;-0.0725384917606885;-0.20881645477485;6.63538623368895;0.00524485620351129;0.51545430011792;16.5029052232846;1.14616000589141;0.0177665769420087
-0.291517848849977;-0.322052470214457;8.54586971962126;-0.0668164392337305;-0.213508251352882;6.63480200634961;0.00435660378095314;0.436277268591585;16.5265529416945;1.14589099679289;0.0169246317100782
-0.283580367514833;-0.344297954413592;8.54711375456964;-0.0611653902720811;-0.217872559079723;6.63420583077365;0.00349191406535851;0.357040128215076;16.550172111392;1.14568634335433;0.0160183308181872
-0.275619152791472;-0.366519552393101;8.54813517728177;-0.0555884246616612;-0.221908003420791;6.6335985987902;0.0026509457991589;0.277750785405765;16.5737767795031;1.14549398077457;0.0153459565166781
-0.267643714335191;-0.388719772980434;8.54893418549324;-0.0500884604881295;-0.225613371779282;6.63298118611969;0.0018338749553457;0.198417121521588;16.5973661290638;1.14531925144873;0.0148779400664336
-0.259739988011459;-0.410916913485165;8.54951094527919;-0.0446685312414395;-0.228987415592315;6.63235448282326;0.00104087153020129;0.119046996023694;16.620928428111;1.14520961328232;0.0143448324567461
-0.251761645435477;-0.433088235185594;8.54986561841546;-0.0393316982674225;-0.232028936254107;6.63171938536715;0.000272139517537845;0.0396482482696332;16.6444915657671;1.14500363772524;0.014482431980591
-0.243819351884408;-0.455251997838626;8.5499983734691;-0.0340809711307073;-0.23473684100732;6.63107678792131;-0.000472162166812323;-0.0397713013681552;16.6680354057638;1.14482354706226;0.0147343699355423
-0.23593445798687;-0.477411572580767;8.54990938446076;-0.0289194288056577;-0.237110085930647;6.63042759767772;-0.0011918378471742;-0.119203850044701;16.6915559989649;1.14469028672206;0.0149458531911307
-0.227957648902615;-0.499537601692557;8.54959887108264;-0.0238505736209288;-0.239147569639453;6.62977278321279;-0.00188666030622594;-0.198641611682808;16.7150760042247;1.14441196271315;0.0153740893396057
-0.22005370184317;-0.521663709870685;8.54906712756935;-0.0188777931514873;-0.240848437432198;6.62911331042787;-0.00255648488208127;-0.278076819182124;16.7385714727714;1.1442002498154;0.0157357143769145
-0.212159855664496;-0.543770434874723;8.54831446544889;-0.0140040358587041;-0.242212152507454;6.62845009689035;-0.00320112988061819;-0.357501725404187;16.7620452900557;1.14384244854374;0.0161300373437843
-0.204227473100102;-0.565842696038682;8.54734124711319;-0.00923232747473219;-0.243238284717015;6.62778407822213;-0.00382037621238472;-0.436908603532959;16.7854996586474;1.14317275271798;0.0166342948799987
-0.196369355089784;-0.587916927385143;8.54614785736729;-0.00456554938600921;-0.243926580453869;6.62711617845098;-0.00441402456264117;-0.516289747218054;16.8089308709123;1.14257118401941;0.017070425289038
-0.18847130642442;-0.609961877657853;8.54473458246087;-6.1070237923022e-06;-0.244276958390123;6.62644725921093;-0.0049818456672903;-0.595637467300856;16.8323479374503;1.14175758359316;0.0173286114235996
-0.180582647641846;-0.631991825746413;8.54310161790721;0.00444378250223331;-0.244289377181697;6.62577815576239;-0.00552364470206223;-0.6749440874838;16.8557477141624;1.14085291504815;0.0174560864730455
-0.172768427313014;-0.654025477270486;8.5412492172034;0.00878165057613074;-0.243963822437431;6.62510974300315;-0.00603920937986008;-0.754201943749176;16.8791259912339;1.14001672368139;0.0175150843442506
-0.164861783353088;-0.676031590588921;8.53917757969456;0.0130051445084764;-0.243300342908256;6.62444288244987;-0.00652831135392835;-0.833403381314544;16.9025094050585;1.1381717606066;0.0174226846011455
-0.157013717693962;-0.698039602179659;8.53688686314219;0.0171119649732175;-0.242299039112905;6.62377843122649;-0.00699083681735566;-0.912540751745351;16.9258748647965;1.13629545830098;0.017254363148724
-0.149204855107752;-0.720045724683921;8.53437733535522;0.0210996177166124;-0.240960143520876;6.62311728379929;-0.00742664451668807;-0.991606414570808;16.9492254057444;1.13441263841167;0.0169394577649864
-0.141324623725997;-0.742027317028251;8.53164932123049;0.0249655922605524;-0.239284038585011;6.622460346566;-0.00783555605643026;-1.07059273794426;16.9725768178778;1.1322856623545;0.0162296502814956
-0.133518326490902;-0.764015543238883;8.52870315178755;0.0287074599193265;-0.237271236995008;6.62180852243851;-0.00821747816807434;-1.14949209795395;16.9959096352905;1.13022720438708;0.0154513247082692
-0.125701623373772;-0.785991452676211;8.52553912402422;0.0323229143618388;-0.234922348788182;6.62116270331495;-0.00857228668355014;-1.22829687664946;17.0192343312846;1.12784445416219;0.0143672890788308
-0.117864105664105;-0.807953240741328;8.52215753609965;0.0358097142673998;-0.232238099024531;6.62052377959496;-0.00889983086417125;-1.30699946100918;17.0425527107066;1.12508936593293;0.0129484959407484
-0.110100372936722;-0.829923414266788;8.51855868834047;0.0391656828084524;-0.229219328174286;6.61989264047973;-0.00919996719920829;-1.38559224192966;17.0658543001502;1.12240297839335;0.0114610021129982
-0.102276424838663;-0.851872493157574;8.51474285337496;0.0423887335088712;-0.225866965736982;6.61927016914673;-0.00947252177525114;-1.46406761225993;17.0891561504629;1.11979556568343;0.00979419148812821
-0.0944810815391939;-0.873821017906871;8.51071028813718;0.0454768522386403;-0.222182036869472;6.61865724594211;-0.00971735581214113;-1.54241796512976;17.1124478896815;1.11726021875501;0.00802170206449848
-0.0867543109663336;-0.89577850502842;8.50646127020108;0.048428070234405;-0.21816569465978;6.61805475404802;-0.00993430614263658;-1.62063569340013;17.1357252225223;1.11480140630271;0.00619142797519945
-0.0789278301404895;-0.917706501655338;8.50199592376545;0.0512405795161039;-0.213819054424852;6.61746355565456;-0.0101231800965533;-1.69871318354717;17.1590080668113;1.11269569484725;0.00468444565282378
-0.0711741880146116;-0.939645633998909;8.49731434993527;0.0539126213709268;-0.209143309256416;6.61688451357181;-0.0102838532044712;-1.77664281340458;17.1822770266979;1.11065836947281;0.00310907724942022
-0.0634385238003711;-0.961586286603777;8.49241664085781;0.0564424809817339;-0.204139744338657;6.61631849302857;-0.0104161773839878;-1.85441695033908;17.2055414359439;1.10892066325814;0.00175099265192125
-0.0556502995056087;-0.98351594643694;8.48730248600348;0.0588286688728588;-0.198809332647957;6.61576631942313;-0.0105199738247886;-1.93202793657191;17.228813015565;1.10777828176809;0.000976151591261076
-0.0479337100764913;-1.00545821313852;8.48197167055657;0.0610696387685465;-0.193153237945363;6.61522883999815;-0.010595088545108;-2.00946809004717;17.2520726118732;1.10670351680618;0.000133694002476425
-0.0401828215159696;-1.02740360602158;8.47642486761923;0.0631635377821271;-0.187173663839757;6.61470699295967;-0.0106413436221231;-2.08672973158756;17.2753465574405;1.10615635866011;-9.99552707270368e-09
-0.0324269988139276;-1.04935544246531;8.47066320809711;0.065108526149907;-0.180873417581718;6.6142017441245;-0.0106585718943841;-2.16380513809835;17.298628222094;1.10600571703921;0.000354915526985966
-0.0247415194740835;-1.07132133989338;8.4646873518564;0.0669031102301639;-0.174254952016448;6.61371400077834;-0.0106465932580775;-2.24068651758038;17.3218998194286;1.10592195241326;0.00064296405454245
-0.0169893258811661;-1.09323813410347;8.45850086800843;0.0685452017868353;-0.167324121658395;6.61324487645413;-0.0106052067078802;-2.31736615712514;17.3451472359292;1.10668822122286;0.00229402948776325
-0.00928683819915788;-1.11516018453225;8.45210822927086;0.0700330188956111;-0.160087967631633;6.61279548002409;-0.0105342726897333;-2.3938364572556;17.3683830834819;1.10764986439675;0.00410796451297191
-0.00163706734345637;-1.13707475831485;8.44551117039711;0.0713658539096601;-0.152550603119884;6.61236666692861;-0.0104336209193516;-2.47008984553586;17.3915944500555;1.10870722098753;0.00595091895623645
0.00605887101148661;-1.15885937809009;8.43871344118389;0.0725428727216468;-0.144718563096155;6.61195938546385;-0.0103030597985208;-2.54611884490389;17.414698500045;1.11000182756551;0.0083320116406379
0.0136784875208145;-1.18066238571832;8.43171863951708;0.0735636644607877;-0.136598310580821;6.61157451610758;-0.0101424722129673;-2.62191607213203;17.4377945970613;1.11136936967583;0.0106401687926932
0.0212839207248222;-1.20240666188449;8.42452779987567;0.0744284406982564;-0.128193451666867;6.61121276024494;-0.00995171370303942;-2.69747415428725;17.4608305724088;1.11264606182517;0.0130368575478392
0.0288981214456148;-1.22406210104919;8.41714177126816;0.0751374938269023;-0.119507498887237;6.61087480222722;-0.00973062423305895;-2.77278572175217;17.483785617563;1.11376777802114;0.0155852739921456
0.0364327689610863;-1.24573872284754;8.40956146639054;0.0756911639254538;-0.110544159051712;6.61056132270464;-0.0094790633155079;-2.84784340951364;17.5067344050206;1.11496551374897;0.0180576709046028
0.0440019651357936;-1.26731748286093;8.40178759029347;0.0760898611966718;-0.101307012046587;6.6102729871458;-0.00919686610944502;-2.92263984936451;17.5296021905375;1.11595285743258;0.0201871743783834
0.0515398045235438;-1.28886671912335;8.39382064068767;0.0763340473709906;-0.0917995125166808;6.61001044946496;-0.0088839033884004;-2.99716766189311;17.5524317460769;1.11689198243934;0.0221213679434897
0.0589958598508694;-1.31043999967797;8.38566140113583;0.076424220777949;-0.0820255713694021;6.60977436888663;-0.00854002339140447;-3.07141946518268;17.5752571528626;1.1179093810142;0.0239772879404835
0.066537024175239;-1.33186163189771;8.37731110453547;0.0763609546751857;-0.071989736284007;6.60956540769543;-0.00816505540431901;-3.14538788960277;17.5979674035509;1.11754337236991;0.0252553657174814
0.0739982420320884;-1.35330481426482;8.36877098413407;0.0761449261603238;-0.0616966423432908;6.60938421371843;-0.00775891911199994;-3.2190655777643;17.6206715847063;1.11721673141453;0.0264381340718728
0.0814202652915909;-1.37472718867581;8.360041953653;0.0757768978747016;-0.051150628751835;6.60923141510988;-0.00732150107011151;-3.29244517343278;17.6433432532525;1.11686247825968;0.0273690809275545
0.0888919542182058;-1.39603390574482;8.35112497336466;0.0752577150363833;-0.0403561807009646;6.60910763035759;-0.00685265882884962;-3.3655193227583;17.6659220558708;1.11626491864046;0.0277057586537713
0.0962766335520406;-1.41737070543661;8.34202094420538;0.0745883018040164;-0.0293177977480319;6.60901346623066;-0.0063523145406382;-3.43828067192308;17.6885006410778;1.11575086064606;0.0279589347551749
0.103675306445912;-1.43863498209069;8.33273033901749;0.0737696205740415;-0.0180395544662051;6.60894951656306;-0.00582035878445854;-3.51072185188839;17.7110152990191;1.11478645152122;0.0281015190563652
0.111075622026047;-1.45983935204011;8.32325328608253;0.0728026495331097;-0.00652521613246446;6.60891636925498;-0.0052566756885041;-3.58283546558078;17.733473927108;1.1134298473769;0.0281349584640733
0.118387036870669;-1.48107753594432;8.31359016120117;0.0716884359496305;0.00522104349866524;6.6089146105617;-0.00466114869823355;-3.65461409548048;17.7559353883824;1.1121589077217;0.0280827333826645
0.125774281141489;-1.50219789181784;8.30374094163006;0.0704280297860941;0.0171954258473704;6.6089448234444;-0.00403363603314362;-3.72605028884769;17.7783103925196;1.11089140632594;0.0278454379122941
0.133110567123914;-1.52331818418822;8.29370536431746;0.0690224838276915;0.0293943012011168;6.60900759215046;-0.00337405717105655;-3.79713654811023;17.8006685642209;1.10969157653136;0.0274967378453543
0.140374548069276;-1.5444603259117;8.28348376090764;0.0674729790226186;0.0418132064889545;6.60910349612489;-0.00268229549199625;-3.8678653505451;17.8230237778372;1.10857807938386;0.027077089797838
0.147743887896276;-1.56546838931236;8.27307672243463;0.0657808108508098;0.0544472801378657;6.60923310480396;-0.001958212585262;-3.93822915680935;17.8452868840296;1.10753991146947;0.0267502390227782
0.155021294717966;-1.58651729295149;8.26248478973062;0.0639473508152428;0.0672916477269035;6.60939697852819;-0.00120177599177084;-4.00822040879183;17.8675583230145;1.10659117941325;0.0263339523895565
0.162286228876939;-1.60753403431476;8.25170871136681;0.0619740938484661;0.0803411173850405;6.60959566383944;-0.000412921547597671;-4.07783153661569;17.8897952896661;1.10577569239508;0.0259041043478846
0.169598045925064;-1.62846384674348;8.24074990287629;0.0598627635893039;0.0935896542953754;6.60982967958224;0.000408442696968801;-4.14705498229275;17.9119655336171;1.1051280224843;0.0255176281483993
0.176817171179296;-1.64943878026913;8.22960939096305;0.0576151245213571;0.107031671603839;6.61009953425322;0.001262369256717;-4.21588318628777;17.9341480403699;1.10457125475277;0.0250402497696678
0.184085434824659;-1.67031678315685;8.21828809399777;0.0552330186710713;0.120661678850947;6.61040572368699;0.00214893759179166;-4.28430858372008;17.9562550225475;1.10462208972992;0.0245100435927817
0.191339610576025;-1.69116263334787;8.20678725796348;0.052718456984198;0.134473767279338;6.61074871886395;0.00306819374368906;-4.35232361614373;17.9783270078687;1.10505642370935;0.0239089337464429
0.198500198746509;-1.71205836708435;8.19510749716538;0.0500734071274556;0.148462757503535;6.61112899398846;0.0040202049949712;-4.41992070902418;18.0004155956762;1.10558337999497;0.0232152015939132
0.205776414063905;-1.73278756031086;8.18324883277309;0.0472997700082205;0.162624113550572;6.61154703387822;0.00500504926825877;-4.48709224992815;18.0223847276838;1.10611138673488;0.0226088658607888
0.212975759092733;-1.75355129362506;8.17121119766044;0.0443994791365544;0.176953317399046;6.61200332195459;0.00602267268977752;-4.55383058442211;18.0443611511869;1.10672632338543;0.0219235545786226
0.220127461080518;-1.77432427455653;8.15899444829789;0.0413745023055484;0.191445852324238;6.61249834052192;0.00707305227643093;-4.62012801231818;18.0663307569663;1.10754569309214;0.0211555974450147
0.227378154273909;-1.79496509229622;8.14659744285748;0.0382265993440194;0.206098263445757;6.6130326125224;0.00815619450235142;-4.68597675019224;18.0882080490462;1.10891175786537;0.020342528213485
0.234532172384466;-1.81566566738787;8.13401916348165;0.034957586839142;0.220906797226704;6.61360666130157;0.00927198842122365;-4.75136893396356;18.1101099618451;1.11037529935555;0.0194319822650069
0.24171043547542;-1.83631724769567;8.12125915316436;0.0315694692038899;0.235866915525971;6.61422098649577;0.0104203522756333;-4.81629663764937;18.1319735212582;1.11184075477741;0.018588058789493
0.2489256852105;-1.85690988744744;8.10831650939922;0.0280641840922609;0.250974488391916;6.61487610858761;0.0116012478973699;-4.88075185565382;18.1537936184323;1.11329846831816;0.0178281626178541
0.256044227147094;-1.87756785495346;8.09519058717581;0.0244437893906192;0.266224966328656;6.61557253574546;0.0128146314544223;-4.94472651054314;18.175643681608;1.11485529141389;0.0169691568912346
0.263262808096813;-1.89811306428575;8.08188095059279;0.0207104620560117;0.281613459518281;6.61631076274201;0.0140604928403195;-5.0082124592784;18.1974201261625;1.11622748392578;0.0162773512149662
0.27044922086377;-1.91866843831315;8.06838706000477;0.0168664160701855;0.297135109368169;6.61709128644931;0.0153387918949573;-5.0712014880279;18.2191955235151;1.1176062931967;0.015573153302084
0.277547072241929;-1.9392878004908;8.05470842914067;0.0129139475958105;0.312784908599719;6.61791459705536;0.0166495175560655;-5.13368531269616;18.241002347924;1.1190792388384;0.0147912543096972
0.284809502034474;-1.95974118080206;8.04084437233286;0.00885536259651069;0.328557989620462;6.61878119321031;0.0179926819924176;-5.19565557004085;18.2627068095079;1.1204356991129;0.01467624053562
0.291974753821061;-1.98027061909755;8.02679413715474;0.00469301319104317;0.344449465308737;6.6196915752973;0.0193682055234295;-5.25710381352018;18.2844507436021;1.12189495380888;0.0144584323400618
0.299128640572522;-2.00079970232639;8.01255708089685;0.000429351966731995;0.360454234139685;6.62064623374703;0.0207760333119273;-5.31802151565828;18.3061905999464;1.12323228099128;0.0142901180540481
0.306377453893867;-2.02123326044619;7.99813244414773;-0.00393313340706325;0.376567239944625;6.62164566338116;0.0222161458318378;-5.37840006194982;18.3278718266645;1.12416605485728;0.0143617460714311
0.313530064037969;-2.04174915485557;7.98351942764638;-0.00839189755778463;0.39278338262359;6.62269035884553;0.0236884873897185;-5.43823074749958;18.3495988088593;1.12520409610229;0.01432910670981
0.320752016879934;-2.06219540486459;7.96871734089062;-0.0129442901670088;0.409097359384965;6.62378080357008;0.0251930348239405;-5.49750477919398;18.3712830368207;1.12595194672494;0.0145430446745336
0.327995220294973;-2.08261961108306;7.95372550368398;-0.017587583597507;0.425503783511002;6.62491747581173;0.0267297612800725;-5.55621327417818;18.3929535743167;1.12652508320446;0.0149007232610474
0.335143561489675;-2.10313270309115;7.93854307960514;-0.0223190248530072;0.441997365279743;6.62610086149632;0.0282986682694137;-5.61434725193011;18.4146765051864;1.12720394497646;0.015152676555084
0.342444735882761;-2.12350035552131;7.92316934975246;-0.0271357504593589;0.458572614810934;6.62733143342901;0.0298997811976315;-5.6718976365678;18.4363132427647;1.1277597727981;0.0153805865054792
0.349690536821909;-2.14392468502882;7.907603568513;-0.0320348300275822;0.475224007195262;6.62860966178481;0.0315330377180857;-5.72885525366353;18.4579847647944;1.12838670699383;0.0155139618237511
0.356883869042758;-2.16440472038206;7.89184468325701;-0.0370133564369434;0.491946273120436;6.62993603818913;0.0331984366157041;-5.78521081616697;18.4796913508113;1.12898505463117;0.0155675962703459
0.364234473908532;-2.18473775441146;7.87589144529362;-0.042068413856498;0.508734260619497;6.63131106912962;0.0348960033374928;-5.84095491421219;18.5013122588573;1.12885911187527;0.0156825935202243
0.371491719341554;-2.20517265926938;7.85974254410513;-0.0471970355746443;0.525582784932118;6.63273526575884;0.0366256479659773;-5.8960780098249;18.5229975752679;1.12884297120286;0.0156877886866174
0.37878202839028;-2.22558837576643;7.84339648429623;-0.0523962426942346;0.542486750892125;6.63420915550225;0.0383873431257156;-5.95057042668509;18.544675907448;1.12886851661733;0.0153763135769777
0.386154232506821;-2.24594050777855;7.82685137425175;-0.0576631123239849;0.559441350096034;6.63573330343838;0.0401811059659389;-6.00442233135763;18.5663221235371;1.12891042152356;0.014666100738405
0.393435019384644;-2.26640220992132;7.81010547358338;-0.0629946018761176;0.576441488175612;6.6373082638253;0.0420069380205602;-6.05762373539723;18.588040574498;1.12906424524796;0.0138439690816493
0.400838584806849;-2.28676641961453;7.79315743370726;-0.0683874673669018;0.593481570787614;6.6389345547143;0.043864899643339;-6.11016450690831;18.6097088420196;1.12905460047137;0.0129719141265431
0.408244985739037;-2.30715476249398;7.77600588787839;-0.0738383909976315;0.610555943770981;6.64061269430081;0.0457550350006558;-6.16203436622776;18.6314007598726;1.12903822085913;0.0120134629872954
0.415562715017562;-2.32766041094403;7.75864928582059;-0.0793440337196126;0.627659054451883;6.64234321762617;0.0476774469716881;-6.21322287491199;18.6531730078077;1.12913554907506;0.0109413040198728
0.423091629258653;-2.34797757641863;7.74108500529681;-0.0849013195409776;0.644786277975817;6.64412676958231;0.0496322886251101;-6.26371938916987;18.6748403048835;1.12903918144665;0.00982164110129757
0.430540157322252;-2.36841099568651;7.72331029448697;-0.090507135916128;0.661932933898827;6.6459640165399;0.0516196285484557;-6.31351304949154;18.696588987448;1.12905152903283;0.00858682971388902
0.437983216937879;-2.38889181046075;7.70532173074308;-0.0961585010453799;0.679094780258891;6.64785570465864;0.0536396169675954;-6.36259274834582;18.7183803368844;1.12914266957802;0.00729467655273941
0.445580677710388;-2.4092687043355;7.68711114572421;-0.101853845713311;0.696271673394135;6.64980310656285;0.0556924550324772;-6.41094693369083;18.7401275025428;1.12923946819451;0.00606058328594439
0.453090661683073;-2.42978005022572;7.66867178674836;-0.107591063465947;0.713461528579395;6.65180738793753;0.0577782802614575;-6.45856365498053;18.761970468676;1.12945847589512;0.0047042809350295
0.460703423563519;-2.4502831869738;7.64999651353017;-0.113368054522501;0.73066208824075;6.65386979342678;0.0598973044965546;-6.5054305375437;18.7838412885043;1.12973838753661;0.00355216426934857
0.468397385494593;-2.47079825901852;7.6310736338708;-0.11918399833278;0.747874556850877;6.65599212059853;0.0620497634606934;-6.55153458737227;18.8057516794455;1.13008902243916;0.0025646739464229
0.476005498556789;-2.4914567917358;7.61189634100706;-0.125036410929676;0.765094941551101;6.6581756738915;0.0642359184094709;-6.59686237455153;18.8277666370516;1.1305671391493;0.00144970181589954
0.483839698158454;-2.51207221278209;7.59245704851133;-0.130922870384293;0.782319440249885;6.66042187869549;0.0664560946188955;-6.64139999009679;18.8498204409936;1.13093109371298;0.000929880868920652
0.491664810514713;-2.53279011250554;7.57274689773283;-0.136841146528252;0.799544786628429;6.66273234520635;0.0687105635212325;-6.68513298120049;18.8719668572351;1.131366513758;0.000453217211304313
0.499442274631429;-2.55363831195868;7.55276258194728;-0.142787130910174;0.816762451619686;6.66510805892597;0.0709996752190837;-6.72804656577144;18.89421851714;1.13191453111485;-9.97842075634026e-09
0.507497605260068;-2.57443423173821;7.53250606525478;-0.148754951099936;0.833959498113648;6.66754936423794;0.0733238416746475;-6.77012588241706;18.9165200558989;1.13241326681174;0.00105300906383199
0.515480403521173;-2.59537841403413;7.51197902495111;-0.154738655725523;0.851123640250519;6.67005660368711;0.0756833725217518;-6.81135598644545;18.938933976576;1.1330360028486;0.00198202776610912
0.523516672964033;-2.61637043085293;7.49118438443773;-0.160731787739776;0.868241985653889;6.6726299306626;0.0780786519735234;-6.85172186888454;18.9614116632159;1.13372915648908;0.00333514851955474
0.531704202693045;-2.63733357721735;7.47013419563125;-0.166725162249199;0.885295026096818;6.67526830380027;0.0805101359948057;-6.89120883791531;18.9839169770008;1.1344494629099;0.00552810281516913
0.539832770536109;-2.65844465974754;7.44883537876428;-0.172711035270615;0.902268592408017;6.6779712380531;0.0829782619313451;-6.92980231008558;19.0065389004552;1.13528475963251;0.00760606680898401
0.548088396894622;-2.67947271461337;7.42729252890523;-0.178682301740323;0.919151142461452;6.68073848896289;0.0854835317078918;-6.96748771418381;19.0291294838477;1.13611276687247;0.0111777536187618
0.556394172659445;-2.70052282390254;7.40551393682158;-0.184630842484595;0.935929025794982;6.68356928627208;0.0880264460471816;-7.00425064850459;19.0517589560497;1.1369855193492;0.0155371160940293
0.564650490404709;-2.72172614946235;7.38350113345508;-0.190550428286597;0.952594490637157;6.68646369278391;0.0906075564974072;-7.04007659546864;19.0745130281579;1.1379700983757;0.0197846520195211
0.573112773447095;-2.74271987320456;7.36125315408466;-0.196435506688122;0.969141866499852;6.6894220904911;0.0932274690768921;-7.07495081095362;19.0971481042756;1.13950679927742;0.0249208214263402
0.581550477138276;-2.76384370042573;7.33876901791878;-0.202280521552579;0.985565547147677;6.69244486575941;0.0958867088059757;-7.10885831740901;19.1198947726042;1.14119804676394;0.0300297033395305
0.590000259490213;-2.78505130578386;7.31604538312773;-0.208080514902417;1.00186160820726;6.69553273114009;0.0985858798063578;-7.14178379494684;19.1427237311179;1.14299004918303;0.0350714071238726
0.598638515416601;-2.80610071524154;7.29307458927896;-0.213831573164788;1.01802887619457;6.69868701467928;0.101325642786638;-7.17371138367915;19.1654766892545;1.14483845664039;0.0401938706149672
0.607232385058502;-2.82732604460954;7.26984991110222;-0.219529443447704;1.0340649926722;6.70190895824958;0.104106571490123;-7.20462471054342;19.1883757984556;1.14681063918351;0.0451925590203082
0.615936675251398;-2.848542742657;7.24636509138942;-0.225169649807963;1.0499668465956;6.70519977515918;0.106929307824757;-7.23450689641372;19.211308590344;1.14894534702491;0.0498609092687414
0.624768365336345;-2.86973697153181;7.22260984693858;-0.230748546778415;1.06573350572365;6.70856128591302;0.109794535343187;-7.26334036415784;19.2342692978104;1.15125063533296;0.0541728066439328
0.63355938334698;-2.891119527504;7.19857755463117;-0.236261455046725;1.08136101920663;6.71199484145145;0.112702931571997;-7.29110698347932;19.2573884608049;1.15368743435324;0.0583531933068965
0.642571294774734;-2.91240651709751;7.17426244432766;-0.24170335695458;1.09684455967646;6.71550170278993;0.115655228552219;-7.3177880945584;19.2805044828142;1.15645915978982;0.061770703393647
0.651632053869319;-2.93379459754571;7.14965775495316;-0.24706931114182;1.11217963843517;6.71908330468129;0.118652118136921;-7.34336444937375;19.3037326411706;1.15943262034727;0.0648455498063342
0.660669731925278;-2.95536826167475;7.12476000873223;-0.252353518175702;1.12735953252327;6.72274063100844;0.12169433658041;-7.36781634515151;19.3271228658082;1.16253401508411;0.0678122682770823
0.670014267721581;-2.97676549468789;7.09956800251691;-0.257549607683611;1.14237623996002;6.72647434248245;0.124782665409199;-7.39112371633404;19.3504715687671;1.16552772260416;0.0715255077514462
0.679332177999978;-2.99836479660219;7.07408048268533;-0.262651166543676;1.15722203295276;6.73028511179271;0.127917768847084;-7.41326612306537;19.3739950314192;1.1686574257552;0.0751027515948192
0.688729325314578;-3.0200402899268;7.04829664900377;-0.26765165002847;1.17188918923035;6.73417354937347;0.131100350788231;-7.43422276282805;19.3976198782656;1.17191911111004;0.0789801817387019
0.698337718091556;-3.04163625826558;7.02221916040632;-0.272543843356869;1.18636846294764;6.73813974275187;0.134331161743028;-7.45397262250713;19.4212568632731;1.17530794245023;0.0837020332262378
0.70793185311364;-3.06343981607897;6.99584898211399;-0.277320900176968;1.20065211607764;6.74218403026541;0.137610873703344;-7.47249439501986;19.4450779161496;1.1788314957719;0.0882891627322926
0.717696813581162;-3.08519149702917;6.96917941601406;-0.281977347098631;1.21473672870609;6.74630794294256;0.140940186696354;-7.48976611246186;19.4689209460974;1.18251320235812;0.0942436984362413
0.727581173606332;-3.10697581314381;6.94220094302452;-0.286508061009004;1.22862002820362;6.75051349813707;0.144319791168077;-7.5057649963563;19.4928428398705;1.18635158225801;0.101120973951619
0.73745841709635;-3.12898171353413;6.91490843113051;-0.290907027435597;1.24229720272303;6.75480208041465;0.147750367811874;-7.52046764700136;19.5169637766464;1.1903334513736;0.107854760251293
0.747654314866866;-3.15085989555276;6.88727761758493;-0.295171064291147;1.25577226312329;6.75917815568428;0.151232614832453;-7.5338491109328;19.5411011165949;1.19434748102026;0.116822315546415
0.757892969334143;-3.17291677234727;6.85928209968738;-0.299296741074115;1.26904845738989;6.76364666916905;0.15476712467167;-7.54588273699854;19.5654185148774;1.19850088838154;0.126008968544912
0.768192001169654;-3.1951650024269;6.83091675473292;-0.303277023875817;1.28211795782986;6.76820927304262;0.158354507155219;-7.55654116829718;19.5899349134388;1.20274346183453;0.135301429637098
0.778883910704176;-3.21737284755304;6.80217036295779;-0.307105534351036;1.29497572776803;6.77286864791096;0.161995379432981;-7.56579602952993;19.6145825363392;1.20672415525418;0.146041289886719
0.789578180115835;-3.2398077750867;6.77303492940114;-0.31077520126827;1.3076151194812;6.77762701500017;0.165690198853907;-7.573618064442;19.6394359741636;1.21085708184652;0.156628916963665
0.800454376645924;-3.2623363411427;6.7435193676763;-0.314276771516195;1.32002286212551;6.78248385792378;0.16943942030275;-7.57997796073467;19.6644525274734;1.21479267029364;0.167422825635438
0.811586577074856;-3.28489548915803;6.71364094753468;-0.317600332623065;1.33218411581383;6.78743724569158;0.173243496061636;-7.58484677963227;19.6896088595901;1.21838624238386;0.178571151948005
0.822744003692737;-3.30765735314132;6.68341101214455;-0.320737099488936;1.34408857223681;6.79248618329306;0.177102793860922;-7.58819568291896;19.7149582307998;1.22210539732987;0.689593895404796
0.83416142241422;-3.33036346701554;6.65284637167708;-0.323678190377961;1.35572574003544;6.79762873291589;0.181017667289406;-7.58999623117336;19.7403732865253;1.22552428607071;0.700312417104611
0.845719017257719;-3.35314809036259;6.62196864486863;-0.326414917709975;1.367085672604;6.80286210077267;0.184988381848075;-7.59022066212189;19.7659216144478;1.22886907681746;0.710841911284849
0.857323544215661;-3.37611789023196;6.59078576799268;-0.328940463007252;1.3781654856133;6.80818578452923;0.189015168316958;-7.58884122746218;19.7916563526815;1.23231735108097;0.721267921948331
0.869242500718932;-3.39886914503462;6.55931831041139;-0.331247562796083;1.38895954359186;6.81359712512771;0.193098231878681;-7.58583087584311;19.8173406108803;1.23527660028738;0.73046176049206
0.881230608040847;-3.42178936232038;6.52758518609554;-0.333329888597483;1.39946501036183;6.81909372053796;0.197237601707585;-7.58116321607626;19.843206632561;1.23831269280194;0.739533603717455
0.893336459998421;-3.44476734281722;6.49558783652359;-0.335182902069018;1.40968627204126;6.82467621248847;0.201433271578672;-7.57481164657112;19.8691785258176;1.24141713223782;0.748259078686948
0.905670166473638;-3.4675734607455;6.4633299206885;-0.336802307964006;1.41962765880528;6.8303449294437;0.205685207576141;-7.56674950329637;19.8951061043851;1.24454730215164;0.756133981929622
0.918079072505884;-3.49057659614546;6.4308127957186;-0.338184317845427;1.42929490177286;6.8361006809748;0.209993208182774;-7.55694997588116;19.9212427680426;1.24777980189402;0.763906555343721
0.930700622118199;-3.51350837804627;6.39802085509986;-0.339326050467087;1.43869881781924;6.84194739917291;0.214357021200019;-7.54538523454322;19.9474185227741;1.25115425556937;0.772054821756562
0.943521749758467;-3.53641789959962;6.36492893363542;-0.340224746201831;1.44785202993818;6.8478909153444;0.218776329190972;-7.5320259356408;19.9736716652864;1.25468154748434;0.780509680869962
0.956422596626057;-3.55955523079451;6.33152822018499;-0.340876970656008;1.45676198304077;6.85393432447365;0.223250726942159;-7.51684213926944;20.0001625683424;1.25833895807654;0.788834421306118
0.96970803363752;-3.58254950110314;6.29780380672713;-0.34127940099565;1.46543774219667;6.86008199247412;0.227779755126026;-7.49980303192572;20.0267189104025;1.26184135833355;0.799453600683791
0.983147279049448;-3.605677392711;6.26374266235166;-0.341428601416474;1.47388780346966;6.86633813590322;0.232362803783229;-7.48087709562777;20.0534679793109;1.26540537515907;0.810520735102683
0.99670686919137;-3.62898867784493;6.22935439749515;-0.341321202372447;1.48211586088635;6.8727029677996;0.236999219232858;-7.46003345828507;20.0804360808276;1.26893060633655;0.82167050826825
1.01069637313846;-3.65214165562459;6.1946567411378;-0.340954505709243;1.4901256860571;6.87917527509749;0.241688282857434;-7.43724248433263;20.1074872656584;1.27082250579371;0.834923350940734
1.02478316030281;-3.67546423305694;6.15967045901564;-0.340326678697784;1.49792273208876;6.8857533330937;0.246429036891965;-7.41247610932762;20.1347339203283;1.27280002583052;0.848090573033572
1.03908113050177;-3.69881474583007;6.1244191111106;-0.33943686651491;1.50551432031026;6.89243494168635;0.25122045288401;-7.38570818438273;20.1621141759622;1.27405377072021;0.861359089630282
1.0536712002621;-3.7220684014566;6.08893289045523;-0.338285427073027;1.51290900861417;6.89921668095125;0.256061446789108;-7.35691506349923;20.1895659998654;1.27396147672806;0.874881599095248
1.06837452077821;-3.74543567494063;6.0532381905166;-0.336873718394835;1.52011878037865;6.90609588760697;0.26095074597854;-7.32607562033522;20.217174279498;1.27390474013809;0.888368551158041
1.08334590448931;-3.76868431171239;6.01736020018202;-0.335204097632776;1.52715814720106;6.91307018539797;0.265886998658164;-7.29317143095105;20.2448264302638;1.27259045161704;0.901871438024583
1.09851983466822;-3.79188698600601;5.98132648668884;-0.333280066558762;1.53404328419209;6.92013679721966;0.270868759562148;-7.25818718463044;20.2725502873448;1.27056269091682;0.915391937279159
1.11381807962431;-3.81515440750448;5.9451600642149;-0.331105895301096;1.54079313035966;6.92729390675827;0.275894483458267;-7.22111071864147;20.3003964576726;1.26852718311104;0.928920183639296
1.1294137609563;-3.83817918387966;5.90888666804174;-0.328686953951265;1.54742774032885;6.93453924369237;0.280962566919351;-7.18193349692484;20.3282059093633;1.26466207390331;0.944852940419581
1.14515231705683;-3.86120670792104;5.87253068675262;-0.326029454023369;1.55396887459728;6.94187088621268;0.286071262246457;-7.14065087944046;20.3560980052258;1.26059800844321;0.961035666005552
1.16105255878204;-3.88419844116784;5.83611095699187;-0.323140033666819;1.56044034867202;6.94928813196407;0.291218751191417;-7.09726217608201;20.3840522085701;1.25617684294706;0.978434905601504
1.17721014430858;-3.90696884057562;5.79964322244006;-0.320025780717929;1.56686713801971;6.95679104125856;0.29640315435722;-7.05177087643226;20.4119727862725;1.25042514363968;1.00069096823524
1.19350057902491;-3.92974436081343;5.76314008907414;-0.316694110088222;1.57327501001557;6.96438047561817;0.301622444660036;-7.00418491584935;20.4399746180938;1.24461464434076;1.02300583086051
1.21000847577242;-3.95238557797845;5.72661200913236;-0.31315274619191;1.57968998979996;6.97205792107513;0.306874521559447;-6.95451704262839;20.4679948852186;1.23878350554805;1.04569047838891
1.22674615062605;-3.9748798155174;5.69006408809886;-0.30940931225677;1.58613849114445;6.97982618970015;0.312157200102534;-6.90278505615256;20.4960330820572;1.23293829537647;1.06877767241122
1.24362100942973;-3.9973789161235;5.65350313028868;-0.305471945233961;1.59264569823917;6.98768795759325;0.317468195644413;-6.84901250301853;20.5241572778276;1.22703490166;1.09192304997841
1.26078660655189;-4.01965418281397;5.61693595259211;-0.301349120654417;1.59923552218637;6.99564611282033;0.322805157948623;-6.7932293305725;20.5522792484323;1.22146525135739;1.10916160162729
1.27814490601089;-4.04186385280103;5.58036771097841;-0.297049439440709;1.60593038749472;7.00370412036988;0.328165618752382;-6.73547250757498;20.5804675438941;1.21597224585558;1.12447379598241
1.29565223282809;-4.06407265369412;5.5438071290531;-0.292582221851307;1.61274972289724;7.01186486495984;0.333547052595274;-6.67578698365229;20.6087471713561;1.21045239266676;1.13966823476607
1.31352258500763;-4.08597745491961;5.50725740905434;-0.287956417675327;1.61971083612601;7.02013265373383;0.338946881796413;-6.61422622049213;20.6370167628592;1.20581497528087;1.14903370404885
1.33154009954071;-4.10789929560354;5.47072117861878;-0.283181162972038;1.62682695556026;7.028512133847;0.344362392923233;-6.5508530598393;20.6653927726019;1.20113209019459;1.15844464103204
1.3497877913934;-4.12973394413313;5.43420366238128;-0.278266207374968;1.63410550983733;7.03700753760684;0.349790827754641;-6.48574079459809;20.6938485300925;1.19671323610857;1.16841786827167
1.36837588317241;-4.1513604207819;5.39769990891704;-0.273220221491099;1.64154905084792;7.04562563418652;0.355229386740744;-6.41897368571407;20.7223655714577;1.19295903972093;1.17960008235584
1.38711734848364;-4.17301774990149;5.36120770344166;-0.26805252769651;1.64915077564132;7.05437273896443;0.360675181877964;-6.35044676390002;20.7510061445422;1.1891743588319;1.19081278094139
1.40621362622627;-4.19449823341037;5.32472798485143;-0.26276882355362;1.65693873321653;7.06325489930645;0.366125294348634;-6.27990285607366;20.7797477345364;1.18575384286146;1.20767018938522
1.42561624590675;-4.21587601259687;5.28825789226821;-0.257367991042606;1.66500883150109;7.07228008463774;0.371576745693914;-6.2073703146534;20.8086176339719;1.18259771888073;1.22855051075567
1.44518293335074;-4.23730377838696;5.2518016343845;-0.251852436194193;1.67344540602284;7.08145534937162;0.377026530528617;-6.13288420011709;20.8376349461197;1.17943130612591;1.2494411209002
1.46524986589946;-4.25842810402166;5.21537025320155;-0.246227894794036;1.68231948058601;7.09078674316023;0.382471628968569;-6.05648575018226;20.8667711592476;1.177171213926;1.27303588958813
1.48554899148742;-4.27955690901365;5.17897649086616;-0.240502413078064;1.69168844105982;7.1002804815334;0.387908920800816;-5.9782206753671;20.8960710039576;1.17505995212542;1.29706366073926
1.50607806147576;-4.30067565501714;5.14263436127464;-0.234685942097798;1.70159526031468;7.10994297351886;0.393335277618199;-5.89813959896045;20.9255234087379;1.17296195005167;1.31989098061396
1.52710117662447;-4.32142887650218;5.10636912710958;-0.228791576819588;1.71206524189806;7.1197780168036;0.398747578952838;-5.81629891116112;20.9550643561256;1.17094680642726;1.33527414152359
1.54832043217536;-4.3422348337524;5.07020657307739;-0.222833499623661;1.72310843668422;7.1297894303435;0.404142634095618;-5.73275693841616;20.9847821060948;1.16892806743194;1.35066089780414
1.56986441467345;-4.36286209525179;5.03416604165936;-0.216825383272376;1.73472251275986;7.13998292486823;0.409517258380847;-5.64757320191333;21.0146087233828;1.16672850924174;1.36436842365074
1.59179092008592;-4.38321458716278;4.99827259121107;-0.210781951656086;1.74689036197631;7.150362658953;0.414868273891806;-5.56080948075791;21.0445251998897;1.16427460576655;1.37572319962885
1.61392758063588;-4.40359896114128;4.96254901873597;-0.20471728009959;1.759584018722;7.16093336485738;0.420192502683786;-5.47252784154944;21.0746176315429;1.16180241829011;1.3870962596082
1.63647526890431;-4.42361461380076;4.92701544421483;-0.198644359780185;1.77276692262061;7.17170046350881;0.425486791424162;-5.38279098137875;21.1047676663295;1.1574603624103;1.40261467421823
1.65932914437914;-4.44347468043768;4.89169334143568;-0.192575487389604;1.78639467375227;7.18266882704497;0.430747956544033;-5.29166270231963;21.135045081527;1.15227629762571;1.41997897550013
1.68240424973022;-4.46334358531237;4.85660295277118;-0.186521601360931;1.80041819495219;7.19384350665112;0.43597285246688;-5.19920727098509;21.1654955965946;1.14705871360322;1.43737679601993
1.7059608623576;-4.48264013739654;4.82176097949465;-0.180491725819753;1.81478701128784;7.20523049207677;0.441158371862013;-5.10548978399007;21.1959467200684;1.13786325144602;1.46066152017359
1.72975244632986;-4.50191520207379;4.7871841988962;-0.174493510089329;1.8294500169622;7.21683559892926;0.446301355716291;-5.01057642725717;21.2265664455116;1.12851114714561;1.48415895305973
1.75384555947203;-4.52102952628054;4.75288572388848;-0.168532566775981;1.84435901326142;7.22866575414002;0.451398688771158;-4.91453106537354;21.2573208840655;1.11647297916541;1.50733189266372
1.77839019859775;-4.53968524966276;4.71885761020494;-0.162609505023028;1.85947834537814;7.24073536276633;0.456447303137227;-4.81741621399886;21.2881506639013;1.09643300731943;1.52943004106593
1.80316661891515;-4.55832870611491;4.68509808502468;-0.156724777777539;1.87477449244661;7.25305730014848;0.461444130502644;-4.7192953849252;21.3191579126059;1.07635511990974;1.55156610503183
1.828439003572;-4.57665977555749;4.65160244154138;-0.150877229190838;1.89022084598345;7.2656461738974;0.466386160604201;-4.62022815750269;21.3503784432412;1.04938365195884;1.57283047072025
1.85419037190688;-4.59472138117928;4.61834391964453;-0.145060924062876;1.90580740317042;7.27852602927101;0.471270405848776;-4.52027289602999;21.3818324504383;1.01622669905391;1.59329573498309
1.88018500543548;-4.61278453078045;4.58531950807422;-0.139273326527623;1.92151958369335;7.29171326223016;0.476093936969935;-4.41949311457189;21.413486807892;0.983059517826697;1.61377122756821
1.90699603554899;-4.63034738943513;4.55255531315086;-0.13351638357482;1.93733486164177;7.30521331760283;0.480853893403765;-4.31795435183497;21.4455381002196;0.961271731172147;1.63667541182116
1.93421532342504;-4.64778419746805;4.52008039826652;-0.127792097563021;1.95323480425544;7.31903033058334;0.485547385507982;-4.21571985838819;21.4778635067423;0.942264148908056;1.6601731213243
1.96173845364308;-4.6651387253405;4.48792486768147;-0.122102382452936;1.96920567012471;7.33316782089852;0.4901715991605;-4.1128603735891;21.5104012130947;0.424077470263164;1.68352640335479
1.9898952588551;-4.68170874277051;4.45619745938571;-0.116462990253568;1.9851983119943;7.34759314419467;0.494723798504678;-4.00945437078287;21.5430718598189;0.415263238052708;1.70516360328909
2.01834612035036;-4.69818365538411;4.42500142763848;-0.110888831447634;2.0011685490761;7.36227183964954;0.499201218169472;-3.90557343441269;21.5759485121036;0.406372988889186;1.72687682017645
2.04700931298983;-4.71421990891844;4.39438495801647;-0.105385340731579;2.01710229908122;7.37719182224541;0.503601165202651;-3.80128823380643;21.6087926902742;0.398416389528658;1.74549812371551
2.07581127074173;-4.72952370461175;4.36443894916285;-0.0999661864104695;2.03296375036281;7.39231740962878;0.507921031384554;-3.6966721186662;21.6414080077334;0.392159803876659;1.75856489185202
2.10489354982608;-4.7446241434608;4.33522878441759;-0.0946411214183909;2.04872953242308;7.40762153801671;0.512158270804209;-3.59179312132897;21.6741769291403;0.385727939397782;1.77180693881541
2.13399642020305;-4.75898371302726;4.30677553475705;-0.0894125728705383;2.06439883173763;7.42309763578462;0.516310433543394;-3.48671629463855;21.7066295762175;0.379999108694181;1.78116360058822
2.16320844396104;-4.77280344876037;4.27909863057176;-0.0842834056853253;2.07996986702968;7.43873893165763;0.520375119568102;-3.38150757751909;21.7389456314806;0.374567053980938;1.78840583997494
2.19266619850093;-4.78636280493342;4.25221542556152;-0.0792568070802235;2.09543930029495;7.45453868498068;0.524350056758205;-3.27623290067071;21.7713742522092;0.368908195888695;1.79587488274067
2.22209557893881;-4.79897922912727;4.22612652528918;-0.0743334632214264;2.1108104803272;7.4704992209883;0.528233063751486;-3.17095865979666;21.803393974138;0.861784023608341;1.80099385834509
2.25171955013694;-4.81125037287748;4.20082978045248;-0.0695140749317476;2.12608541004853;7.48662458649929;0.532021918817933;-3.0657541059135;21.8354589182123;0.854297440435529;1.80611592495764
2.28150876615996;-4.82310018370321;4.17633082345028;-0.0648012795578035;2.14125809479301;7.50291376516637;0.535714512596987;-2.96069004436747;21.8675184785317;0.846286941797316;1.81166937908113
2.31129879473935;-4.83410495440669;4.15261118132644;-0.0601934176489153;2.15633474274452;7.51938192138974;0.539308813956609;-2.85583929748333;21.8992761670653;0.236872244847443;1.81823566206389
2.3412761310038;-4.84481145415745;4.12965796846336;-0.0556901697848282;2.17131567895966;7.53604181916289;0.542802753030509;-2.75127717745861;21.9311080665754;0.227199446352558;1.82506004659167
2.3714789917463;-4.85492961495296;4.10745247988223;-0.0512902490598298;2.18620297907897;7.55291192409923;0.546194369092018;-2.64707861336325;21.9629606955865;0.216618163034471;1.83237041112491
2.40190667595939;-4.86443270270577;4.0859444461228;-0.0469861813257356;2.20101928627113;7.57003806207204;0.54948177389783;-2.54331896519437;21.9948378448224;0.205055843605784;1.84018190127255
2.43249997148049;-4.87365234166169;4.06511478903656;-0.0427768158352681;2.21576464280229;7.58744626661422;0.552663148698527;-2.44007233223484;22.0267901760882;0.193259472987547;1.84822744260974
2.46375169114824;-4.88210948113069;4.044939716271;-0.0386600519355815;2.23044127218797;7.60516988050429;0.55573679238209;-2.33740898474091;22.0591659878956;0.181680394470746;1.85421271867022
2.49533932691604;-4.89013432284854;4.02538585771327;-0.0346317870204007;2.24505797618063;7.6232555206226;0.5587009912751;-2.23539450881973;22.0917570421589;0.170051921065875;1.85961685353045
2.52710665143651;-4.89786671012263;4.00645843275157;-0.0306958635141321;2.25959297939879;7.64171865824255;0.561554156292573;-2.13408772713849;22.1244518845679;0.158266105306513;1.865167522013
2.55990617485281;-4.90456964898585;3.98816467436277;-0.0268563979644799;2.27402140305347;7.66057378939895;0.564294808156932;-2.03354045825568;22.1579293116754;0.148393375070651;1.86833270830065
2.59287010829008;-4.91098911862661;3.97051294528552;-0.0231175483026272;2.28831658798565;7.67983511792197;0.566921370007044;-1.93379717131104;22.1915124994056;0.138332390737791;1.8716861486853
2.62623444113665;-4.91684270692827;3.95352291817322;-0.0194856559140643;2.30244195595149;7.6995046115498;0.569432370580148;-1.83489516454581;22.2253864304191;0.128603803280906;1.8761968699081
2.66032681701241;-4.92175843407772;3.93721626831532;-0.01596721643722;2.31635916932674;7.71958027620755;0.571826471735341;-1.73686584038911;22.2598313787608;0.119919872117069;1.8831394524023
2.69457279905248;-4.92634459444009;3.92161276982643;-0.0125680351083436;2.33003217969891;7.74006034837786;0.574102353200549;-1.63973584013798;22.2943830813636;0.111031921882425;1.89028605396731
2.72939400880043;-4.93001545500655;3.90672566988815;-0.00929224517718413;2.34343208846246;7.76095006950162;0.576258814391311;-1.54352723293698;22.3293972480053;0.102730792308313;1.89872635354057
2.7646745796154;-4.93290821744917;3.8925659359073;-0.00614331174612345;2.35653363655752;7.78225755609818;0.578294725352064;-1.44825650524543;22.364796213408;0.0948070669310751;1.90816628121379
2.80008874604768;-4.93542834255012;3.87914783152243;-0.0031253394665108;2.36930977264143;7.80398574744903;0.580209071956116;-1.35393462409079;22.4002999345456;0.0866678487377051;1.91782170170313
2.83637623743595;-4.93660900591449;3.86647572884602;-0.000240112293114032;2.38174475517564;7.82615396038223;0.582000958593416;-1.26056532544969;22.4366066281052;0.079711264453547;1.92563887615155
2.87291413428696;-4.93723357079499;3.85455390013409;0.00251058990474028;2.39382432252964;7.84878515942982;0.58366944619041;-1.1681405815599;22.4731498626033;0.0727921024926105;1.93330702847412
2.90969847616391;-4.93727716461571;3.84339799730248;0.00512229332440219;2.40552290803777;7.87188346224674;0.585213703664994;-1.07663992360073;22.5099342303122;0.0659174110670663;1.9423188639992
2.94749370979899;-4.93576146247598;3.83301983877869;0.00759147472317028;2.41681991240224;7.89546136394619;0.58663302059227;-0.986029290939306;22.5477598438368;0.0605389370784426;1.95898943185653
2.98538312931326;-4.93380797523975;3.82343328669737;0.0099141420585378;2.4276932101353;7.919528964446;0.587926671579845;-0.896257864689802;22.5856995884789;0.0549660334487809;1.97585442935491
3.0237431813063;-4.93079602142572;3.81465984747019;0.0120844764488931;2.43811208592244;7.94407753494625;0.589094039408431;-0.807258412242658;22.6241777050477;0.0495138361585454;1.98990822283258
3.06273824579374;-4.92642740175093;3.80672278829106;0.0140963447644364;2.44804411388427;7.96908903732922;0.590134594225549;-0.718949852921903;22.6634167148752;0.0443347036757432;1.99980153478146
3.1017831135228;-4.92156057426914;3.79964230702011;0.0159445561705246;2.45746176717052;7.99454931796268;0.591047885018504;-0.631237122333456;22.7027637313532;0.038952038525318;2.00989837939795
3.14129109451256;-4.91510003424086;3.7934424120755;0.0176230022426871;2.46633266165407;8.02042329575506;0.591833565703003;-0.54401384966307;22.7427964572077;0.0339057599349931;2.00674016830445
3.18100873461739;-4.90760425959813;3.7881468062268;0.0191257266182267;2.47462458775346;8.04666105439376;0.592491258487648;-0.457168658477723;22.7832152346879;0.0289011242247463;1.99763609823115
3.22071534495853;-4.89955542572268;3.78377029918773;0.0204493783004618;2.48232011164553;8.0732387734003;0.593020683267041;-0.370583670381358;22.8237294128425;0.0236781569416894;1.98875035973066
3.26047760497391;-4.88945299412941;3.78032883115213;0.0215901234500937;2.48939908294304;8.10011329188954;0.593421660091188;-0.284136779886986;22.8647549712863;0.0207247534429102;2.00618811398782
3.30018572954563;-4.8787167294712;3.77783536554459;0.0225448659167898;2.49584515047731;8.12723869816461;0.593693915270418;-0.197704833134893;22.9058889297125;0.0176410432851928;2.02483191736274
3.33979261082431;-4.86702734208776;3.77629763275107;0.0233122936877144;2.50165431929106;8.15460393781673;0.593837267015361;-0.11115966440216;22.9471847748065;0.0145566493458558;2.0360672431761
3.37923306272918;-4.85358067881351;3.77572372696868;0.0238911069001564;2.50682512754716;8.1822129671626;0.593851653415398;-0.024364733372351;22.9888544520271;0.0119705838100308;2.02347405462507
3.41854366034142;-4.83954522288607;3.77612408698498;0.0242792234839792;2.511352432043;8.21006492254791;0.593737015964626;0.0628243609575057;23.0305955242189;0.00915685444210956;2.01110852990614
3.45778227592617;-4.82401778409989;3.77751135038161;0.0244740818328296;2.51522930380277;8.23816224709373;0.593493403607051;0.150558900020946;23.0727946984794;0.00660016602507718;2.00405774545385
3.49691740873666;-4.80705372637193;3.77990205447171;0.0244725827950623;2.51844846564686;8.2665237558608;0.593120927372266;0.238996879784565;23.1154483955606;0.00428070350708731;2.00194994177065
3.53584910925426;-4.78949864507688;3.78331490176357;0.0242708023323147;2.5209963436347;8.29514970031199;0.592619782935988;0.328295834670767;23.1581550482562;0.00174946531680387;2.00005391375975
3.57468065642403;-4.7698277027736;3.78776688802997;0.0238648620508075;2.52285529744992;8.3240128818941;0.591990275013579;0.418603425934487;23.2016847510659;0.000990485025750831;1.99657498226479
3.61329014590977;-4.74917156838804;3.79327402050817;0.0232514452474;2.52400947963599;8.35308275371313;0.591232681630475;0.510051121819819;23.2454725183772;0.000555613628942742;1.99282061160355
3.65159558431411;-4.72779947693747;3.79985247664741;0.0224276663583524;2.52444589307364;8.38233310215776;0.590347389376579;0.602747332168826;23.2893367738059;-9.99622751240992e-09;1.98933367877109
3.68927551091136;-4.70417537739766;3.80750182225242;0.0213931972769053;2.52415304645099;8.41167596086763;0.589334900533428;0.696770573830681;23.3338100798157;8.96092036969387e-05;1.98706979718666
3.72662965112541;-4.67998223044066;3.81621564610706;0.0201496728858061;2.52312895489584;8.44102840380294;0.588195686609602;0.792180059112575;23.3783144633168;1.87669329499984e-05;1.9849663770729
3.76325730532645;-4.65475704118334;3.82599317677766;0.0186987015657221;2.52137881329211;8.47034629779671;0.586930325157275;0.889017058366253;23.4227879973043;-9.9648701512578e-09;1.98039302268432
3.79881560091989;-4.62810963931556;3.83681311923468;0.0170451685400176;2.51891416676421;8.49953920720636;0.585539485424213;0.98729567484958;23.4672230781731;0.000216334920956851;1.97109792170915
3.83399491013256;-4.60094474210734;3.84865595913795;0.0151943088551549;2.51575253192334;8.52854311561219;0.584023879194253;1.08701193319858;23.5116698490008;0.000282113439457388;1.9619533871013
3.86784261257543;-4.57267539064164;3.86150541131527;0.0131510245973577;2.5119136673348;8.55731581942688;0.582384325430208;1.18814297057895;23.5557699985806;0.00141437592457394;1.94777723756927
3.90073420424497;-4.54357730299531;3.87533394345116;0.0109219406797023;2.50742106032759;8.58580106624385;0.580621665431299;1.2906448321867;23.5996853205904;0.00311901078486942;1.93067422561412
3.93321902635283;-4.51403534339802;3.89012182573029;0.00851249551839414;2.50229712140645;8.61396987326887;0.578736848284388;1.39445734599206;23.6435942154094;0.00468583023379754;1.91370902907034
3.96375651818349;-4.4834798269524;3.90584110781167;0.00592931461806724;2.4965661510726;8.6417851779217;0.576730936456469;1.49950234260074;23.6867934977248;0.00718506562370813;1.89488958702256
3.99371960346983;-4.45247134345281;3.92245828999654;0.00317994192059973;2.4902543206002;8.66920895135837;0.574604941191504;1.6056893148392;23.7299132441158;0.609655922343014;1.87600145527947
4.02293592289453;-4.42103615678024;3.93994984723884;0.000270316269108499;2.48338445931244;8.6962269018545;0.572359970730279;1.71292053846388;23.7728290253841;0.6120924605105;1.85719531174256
4.05025472631531;-4.38899054428576;3.95828580471821;-0.0027926574976729;2.47598086461453;8.72281921425025;0.56999725239915;1.82109184680231;23.814938861533;0.614813847061139;1.83831841319708
4.07716468050324;-4.35663252120344;3.97743520698227;-0.00600189647174632;2.46806797452358;8.7489694867736;0.567518022724421;1.93009806038478;23.8570243375573;0.617402002394577;1.8195747458688
4.102861052898;-4.32390321568298;3.99737575586455;-0.00935174925669882;2.4596666871153;8.77467652633636;0.564923622342088;2.03983598070246;23.898635766205;0.62034097285293;1.8029964476822
4.12721402102737;-4.29081676215046;4.01808930121293;-0.0128373295088951;2.4507955384681;8.79994564783322;0.562215472052753;2.15020373976355;23.939718371576;0.623709514485326;1.78894954771892
4.15117398248582;-4.25748977109528;4.03955375471698;-0.0164531486652401;2.4414739591555;8.82477796639015;0.559395086981905;2.26110071831323;23.9807642981203;0.626956473551006;1.77502423032236
4.17356827674788;-4.22381871873571;4.06175419104753;-0.0201949171913404;2.43171810901962;8.84918340538824;0.556464093224912;2.37242738122591;24.0212024506807;0.630874758663355;1.76004822825692
4.19516368733654;-4.18990516752376;4.08468097368975;-0.0240592744305653;2.4215414010005;8.87317703046522;0.553424111229346;2.4840822195829;24.0614080561891;0.634954926105474;1.74477476361267
4.21636599560819;-4.15581007441441;4.10831238726051;-0.0280408551846659;2.41096195088834;8.8967607443946;0.550276871330364;2.59595999681494;24.1015579409982;0.638933383820485;1.72945382797816
4.23576506043259;-4.12136965600398;4.13263384981236;-0.0321354291595956;2.39999499446916;8.91994394869296;0.547024211925715;2.70795064245211;24.1410859834029;0.643178639867884;1.70336307020553
4.25480533823201;-4.08678429723085;4.15763111383973;-0.0363388156471037;2.38865562084881;8.94273607842703;0.543667931812349;2.81993637338686;24.1805660951067;0.647318459783643;1.67737774856454
4.27308840478194;-4.05203295800287;4.1832767048941;-0.0406445971684671;2.37696486824127;8.9651347937836;0.540209912059304;2.93179089043254;24.2198334619729;0.651636630166523;1.64807348266184
4.29004516051827;-4.01707734091035;4.20954084576801;-0.0450459054737663;2.36494535909049;8.98713710853016;0.536652129878548;3.04337920662891;24.2586848034095;0.656523211439688;1.61056223260406
4.30667217208457;-3.98202569536631;4.23639372697872;-0.0495358419286194;2.35262025112121;9.00874139930995;0.532996602698105;3.15455714494727;24.2974801042714;0.66132636250172;1.5731344127574
4.3221862611496;-3.94691675023321;4.2637918092193;-0.0541052265830439;2.34001928959225;9.02993668659921;0.529245439806048;3.26517261954521;24.3358640200159;0.667565036931991;1.53945717984799
4.33679621756759;-3.91175949815664;4.2916786205925;-0.0587427294916453;2.32717864455872;9.05070470934363;0.525400796322574;3.37506690761716;24.3739360990255;0.674876749622303;1.5086402916496
4.35111361800929;-3.87654850949377;4.32001122112164;-0.063439322453396;2.31412886352568;9.07104004519701;0.521464917001334;3.48407430118824;24.4119466459569;0.682127241628669;1.47788462413514
4.3639171845867;-3.84164716940283;4.34873175767919;-0.0681836591268488;2.30090721870036;9.09092867605298;0.517440141902411;3.59202396598142;24.4491223753679;0.690942499357897;1.46325549118
4.3762301712179;-3.80677643107578;4.3777759788915;-0.072963499143439;2.28755378133157;9.11035490468258;0.513328797488432;3.69873904552792;24.4861031545817;0.699988022312343;1.4516148946016
4.38811673513432;-3.77196192166294;4.40710908198925;-0.0777716747696842;2.27409480195412;9.12932476904661;0.50913328316895;3.80403053827193;24.5228909306411;0.709258030720411;1.44188019652035
4.39854869850629;-3.73768985658022;4.43673108561751;-0.0826070562666934;2.26053956963246;9.1478665902398;0.504856102764991;3.90769311076493;24.558715507468;0.72043691597622;1.44533577913959
4.40873685387179;-3.70340405471779;4.46663880356639;-0.0874683399082004;2.24689723066945;9.16600512922569;0.500499801012477;4.00950642870315;24.5944830167341;0.731539117720286;1.44886804527058
4.41826035784652;-3.66918566952691;4.49682752093103;-0.0923542564015225;2.23317608299955;9.18376301402703;0.496067002007016;4.10923305109977;24.6300019555278;0.743316022686174;1.45137876415909
4.42691298155028;-3.63507526534788;4.52733645737656;-0.0972708960760336;2.21936310422754;9.20118692940425;0.491560385664625;4.2066183919408;24.6651926868389;0.756130142419122;1.4523337686606
4.43533901494804;-3.60096991580774;4.55817688106096;-0.10222004358252;2.2054564052077;9.21830501069236;0.486982701371989;4.30141052916813;24.7003234839559;0.768870193057874;1.4533628422563
4.44290513739251;-3.56681066763904;4.58927372976477;-0.107189686983045;2.19149189047657;9.2350974279149;0.482336766756695;4.39338238251142;24.7353106308001;0.780402891964884;1.4389795991028
4.44996792796208;-3.53264171281174;4.62053036575386;-0.112164346229947;2.1775147242013;9.25153547180582;0.4776253762514;4.48233740768349;24.7702018973953;0.791343231042553;1.417291557357
4.45684819400459;-3.49850291932651;4.65189219248777;-0.117135253502764;2.16355115556771;9.26761486219791;0.472851380028212;4.56813214728535;24.8050271078246;0.80224897359877;1.39563811213266
4.46240115081765;-3.46534815601496;4.68314047748771;-0.122067590325079;2.14970057894469;9.28325007923551;0.468017695764059;4.65071492174481;24.8386436760553;0.810532992028804;1.36369768124494
4.46776189900212;-3.43227467836411;4.71404703647831;-0.126925102049863;2.13606664177572;9.29835732369038;0.46312720256841;4.73009918142434;24.8721487882775;0.81867095217473;1.33130074063051
4.47270115340192;-3.39976480311224;4.74455849248684;-0.131699292271302;2.12267544322689;9.31294181800162;0.458182805936563;4.80633962961375;24.9050317355742;0.826322555158479;1.29932572393017
4.47655704381069;-3.36900231260626;4.77459027257608;-0.136377029334676;2.10956647021512;9.32699335755179;0.453187465896381;4.87954332382156;24.9360349404565;0.832387086659955;1.2687261073338
4.4802923397116;-3.33826496624924;4.80407337792966;-0.140947879475676;2.09677162352137;9.34050886189452;0.448144159446369;4.94983861452578;24.9669984172726;0.838387864935555;1.23819024396331
4.48347597850943;-3.30847297446511;4.83306397963302;-0.145421098742579;2.08426743067435;9.35354085981167;0.443055888528528;5.01733990573435;24.9969600315559;0.843138782689284;1.20817270044582
4.48610947185468;-3.27957226650506;4.861697820786;-0.149818338606014;2.07199574356132;9.3661730744646;0.437925654280903;5.08199179170112;25.0259804762077;0.84664963149145;1.17869453234186
4.48859313901455;-3.25067837841431;4.89003219946806;-0.154155842959561;2.05986133325367;9.37845009510181;0.432756475785527;5.14372861667613;25.0549809136452;0.850036116601906;1.14934072792961
4.4905603265696;-3.22230126897505;4.91816855759308;-0.158459509701833;2.04770401801794;9.39043215609749;0.427551390112554;5.20261831505966;25.0834261270739;0.852849303491001;1.12083758116665
4.49225396304824;-3.19406005376038;4.94624209172026;-0.162754690074963;2.03538537463714;9.40218939274903;0.422313398156061;5.25871203233971;25.1117180807237;0.855384269396019;1.0926872254925
4.49374824406832;-3.16583167446193;4.97427141819353;-0.167045358488467;2.02284076771725;9.41373963399633;0.417045493821407;5.31205647027025;25.1399859825486;0.85772291861508;1.06506295067626
4.49475319649619;-3.13778183315218;5.00228507144562;-0.171334968750598;2.01001447242337;9.42510327862278;0.411750685276944;5.36269322775499;25.1680538204932;0.8593933580225;1.04278993532147
4.49557404239667;-3.10973245991054;5.03030927301807;-0.175625090280238;1.99686255396338;9.43629834041074;0.406431972675069;5.41065933386292;25.196115201914;0.860894007401165;1.02068670999544
4.49611048083224;-3.08175054955021;5.05832992609992;-0.179910213664385;1.9833667843372;9.44732575220604;0.401092341618694;5.4559913042304;25.224102253806;0.862419404563998;1.00097226012834
4.49626962734437;-3.05389478516518;5.08633469942814;-0.184184641252401;1.96951256284473;9.45818676669518;0.395734750790352;5.49872506389851;25.251958472808;0.864143629236383;0.985671375303563
4.49625243826908;-3.0260437365503;5.11431153936943;-0.188442392388412;1.95528899588381;9.46888239652804;0.390362146200587;5.53889600779465;25.2798095267273;0.865704005918557;0.970534338468996
4.49588980858805;-2.99831706369155;5.14224868069024;-0.192677317589721;1.94068831810486;9.47941345779011;0.384977446474157;5.57653905433053;25.3075385708525;0.86756498957185;0.957428217031796
4.49525020226508;-2.97066814099421;5.1701354275574;-0.196883300157438;1.92570503636274;9.4897808935252;0.379583504994654;5.61168862394251;25.3351948906108;0.869546343518465;0.94562398239998
4.49444135087765;-2.94302686484017;5.19796119783817;-0.201054176989764;1.91033603701691;9.49998543675509;0.374183151236002;5.64437870047896;25.362847998718;0.871369128686098;0.933978316547145
4.49324019054711;-2.91556539035979;5.22571659522472;-0.205183949674097;1.89457968243091;9.51002802775537;0.368779178950898;5.67464279361925;25.3903357299226;0.873754132145605;0.323623232532486
4.49184651977692;-2.88813061778601;5.2533929720099;-0.209266751519358;1.87843578688112;9.51990966268056;0.363374289164069;5.70251393844817;25.4178058785278;0.876062202731623;0.313554476687135
4.49024978160989;-2.86073856532412;5.28098151420444;-0.213296746634443;1.86190587850761;9.52963108407146;0.357971125400178;5.7280247708361;25.4452444300721;0.878461792061016;0.303857662969686
4.48830592218206;-2.83351222446929;5.30847477097311;-0.217268376508981;1.84499210434431;9.53919333927054;0.352572292584895;5.75120746799661;25.4725400748862;0.881864005905756;0.295335246909076
4.48619990902465;-2.8062938667374;5.33586564602603;-0.221176222942946;1.82769766951575;9.5485974300294;0.347180349173918;5.77209377399921;25.4998397871382;0.885111261497303;0.286967789101656
4.48384490322395;-2.7791706584998;5.36314728427658;-0.225015008426278;1.81002674071164;9.55784428820692;0.341797791574568;5.79071503157548;25.5270650415433;0.889022206888009;0.279436939782678
4.48122260961043;-2.75215865657841;5.39031415849447;-0.228779752919343;1.79198363874528;9.56693515217938;0.336427026857074;5.80710212159688;25.5542040295789;0.893768214188192;0.272887556905592
4.4784425354749;-2.72515431331844;5.41736048251629;-0.232465555263117;1.77357374752479;9.57587103625437;0.331070411433453;5.82128553232276;25.5813510987964;0.898362140792235;0.266490254724645
4.47537991117543;-2.69829191544135;5.44428680550683;-0.236068449433683;1.75479913619001;9.58465489333122;0.325730234579672;5.83329489342864;25.6083875202924;0.903746416120067;0.261839436552694
4.47211080473765;-2.67148441540351;5.47109634914192;-0.239584814040838;1.73566108932715;9.59329033324361;0.32040866140947;5.84315882030479;25.6353936143302;0.909325435531434;0.257937027766809
4.46868243860139;-2.64468335611382;5.49778581982911;-0.243010213348553;1.71616625839949;9.60177868181682;0.315107778986458;5.85090548983057;25.6624130605387;0.914756711822768;0.254193661435649
4.46495654736656;-2.61798883394507;5.52437168420186;-0.246342679137793;1.69630807603179;9.61012732982792;0.309829615826389;5.85656113220922;25.6893663493791;0.921167408892342;0.251472713151058
4.46106241790073;-2.59129774392745;5.55086959165337;-0.249579838149254;1.67608200211875;9.61834302352146;0.304576112590708;5.86015018256152;25.7163400130276;0.927413385292631;0.248916485535752
4.45697011754751;-2.56459881410337;5.57727872809965;-0.252717225512628;1.65549659386046;9.62642713917511;0.29934911314944;5.86169663162103;25.7433507474851;0.933692637822042;0.246194676931446
4.45262889904493;-2.53787414782046;5.60361240743829;-0.25575205704457;1.63455002078629;9.63438520245242;0.294150375357387;5.86122298439306;25.7704257168483;0.940305682116872;0.242802915090964
4.44811730185417;-2.51115608891731;5.62987753486321;-0.258680677686945;1.61324616384872;9.64222053940484;0.288981611922564;5.8587508170556;25.797522011443;0.946752176546865;0.239577703115319
4.44337353949618;-2.48438269233221;5.65607001304629;-0.26149830765356;1.59159775104105;9.64993306680762;0.283844446767612;5.85430165718422;25.8247124150078;0.952963087779913;0.235023345107308
4.43841383723301;-2.45757094350077;5.68218822636547;-0.264200666467878;1.56961521139665;9.65752340166534;0.278740364672394;5.84789682349054;25.8519790341957;0.958956807095051;0.229454320045628
4.43329162791872;-2.43077250013526;5.7082270165043;-0.266783322688705;1.54731165450343;9.6649911008311;0.273670790572684;5.83955771746791;25.8792626115834;0.964792712768446;0.224043108625691
4.42790359193581;-2.40389527660991;5.7341781951949;-0.269241839187251;1.52470229426713;9.67233487572378;0.268637049776122;5.82930606558015;25.9066745811622;0.969664115069085;0.212762648678023
4.42234145594202;-2.37701907115743;5.7600335418079;-0.27157210037139;1.50180185391945;9.67955348223045;0.263640270663234;5.8171639332276;25.9341203053526;0.974229795546833;0.200456010292047
4.41661341913716;-2.35015123511949;5.78578528605274;-0.273770328146863;1.4786242191929;9.68664585349999;0.258681472267251;5.80315370289736;25.9615919456203;0.978495152830007;0.18800580561008
4.41061445352769;-2.32321099949834;5.81142510676715;-0.275832975596285;1.45518337312471;9.69361082185893;0.253761609300903;5.78729812451441;25.9891920159772;0.981413373801703;0.173470687824848
4.40447636109024;-2.29629804275117;5.83694485380479;-0.277756780672598;1.4314927804513;9.70044732175438;0.248881550427248;5.76962031204156;26.0167960631379;0.984198797580056;0.159068367232962
4.39814165850833;-2.26937277198392;5.86233686995349;-0.279538767034117;1.40756515388586;9.70715447124913;0.244042083582902;5.750143717096;26.0444564800308;0.986263657438121;0.146377579917514
4.39158197615094;-2.24241663824931;5.88759306623987;-0.281176164015506;1.38341334535569;9.71373132443287;0.23924389659476;5.72889216786888;26.0721992733031;0.987289182289407;0.136260774569393
4.3848977019916;-2.21549557343315;5.91270578042032;-0.282666459763291;1.35904956365348;9.72017709893143;0.234487624952624;5.70588984641812;26.0999377529275;0.988197110462492;0.126261565899473
4.37797847579724;-2.18854445730632;5.93766919659552;-0.284007442476491;1.33448411110812;9.72649152420901;0.229773824074162;5.68116116889285;26.1277628917701;0.987431379837659;0.119111418544814
4.3708874447082;-2.16160143622086;5.96247801580827;-0.28519707268771;1.30972675511666;9.73267447868233;0.225102883799869;5.65473076132674;26.1556234213257;0.985790405590193;0.113414546994865
4.36368528664905;-2.13470105820457;5.98712568876516;-0.286233406258864;1.28478843690664;9.73872555167099;0.220475120164467;5.62662355572131;26.1834712474191;0.984045801744941;0.107821305042703
4.35619523670785;-2.10772845869316;6.01162974791231;-0.28711533117993;1.25965674002258;9.74465013378326;0.21589077741489;5.5968631843066;26.2114644961145;0.982172668713324;0.10413139533798
4.34857792184737;-2.08079845070848;6.03600666013527;-0.287841052379674;1.23432197170077;9.75045302410837;0.211349934433147;5.56547212136431;26.2394510788952;0.980188746225368;0.100648942539465
4.34080293944096;-2.05383129536625;6.06025872782909;-0.288408006632222;1.20878989414171;9.75613542357065;0.206852568072554;5.53247268512838;26.2675166773864;0.978152434851529;0.0968700473871457
4.33276329162591;-2.0266282260975;6.08442296067955;-0.288813883302916;1.18303157802427;9.76170636711107;0.202398594508535;5.49788480618112;26.2958829058038;0.976194321813576;0.0918199494225392
4.32460156605561;-1.99949667248261;6.10852039657415;-0.289055061543328;1.15703726436543;9.76717067034449;0.197987857230038;5.46172719032198;26.3242154836224;0.974125701518243;0.0868803587153131
4.31619360797468;-1.97208756192802;6.132540466261;-0.289127505405826;1.13083110423394;9.77252581373204;0.193620130068432;5.42401943157747;26.3528852080801;0.973220969691414;0.0776629224201408
4.3075622683426;-1.94443886800792;6.15647795244951;-0.289027741120489;1.10443030713805;9.77777058885178;0.189295102162048;5.38478167365552;26.3818498468545;0.973487649051443;0.0642087253509881
4.29886286546365;-1.91690863052074;6.18031936401582;-0.28875284324746;1.0778599668019;9.78290208705885;0.185012415790984;5.34403514461557;26.4107218676801;0.973705380769124;0.0508034759241802
4.28978521380631;-1.88904527152767;6.20401267823735;-0.288301662465181;1.0511845887442;9.78790955268371;0.180771657323342;5.30180453732141;26.4400266545585;0.975579952332775;0.0363920897682211
4.28062570920668;-1.86121058570857;6.22750144349335;-0.287675383387514;1.02446860042534;9.79278215780523;0.176572299175524;5.25811814612468;26.4693296622396;0.977960959850534;0.0216559524229246
4.27146817153593;-1.83352261741764;6.25076173649167;-0.2868759404925;0.99773646053738;9.79751649434659;0.172413752902076;5.21300573482187;26.4984927225089;0.980453122326481;0.00754062556878921
4.26185718488928;-1.80580182707632;6.27374182647;-0.285907395984151;0.971041887167199;9.80210399432935;0.168295397855628;5.16650014576366;26.5278323421634;0.983853667357372;0.00405396353954607
4.25234536767936;-1.77825151774554;6.29639837507636;-0.284775100949298;0.944425900503043;9.80653848700269;0.164216557394027;5.11863664568434;26.5569784261346;0.987377209065919;0.000444304832645293
4.24275146711131;-1.75085852175347;6.31872116491609;-0.283483490213445;0.917890258967383;9.81082067853307;0.160176513915709;5.06945084999942;26.5860028840543;0.991363729970033;-9.99399651924193e-09
4.23290689693972;-1.72361099824376;6.34068866436405;-0.282037739825292;0.891450692074414;9.81494922257935;0.156174506415682;5.01897850895746;26.614974302716;0.996147021078684;0.00588254438345504
4.22319749113006;-1.6965263656443;6.36228863685708;-0.280442687971465;0.865112184463653;9.81892469877077;0.152209765668191;4.96725474803853;26.6437466832957;1.00108344229632;0.0116119686519238
4.2132800149219;-1.66965144698894;6.38350503064626;-0.278703606198683;0.838884829548786;9.82274709481791;0.148281497398546;4.9143149262965;26.6723931069307;1.00454230196859;0.0185466130495521
4.20329856536085;-1.64295838505923;6.40431445103346;-0.276826788762454;0.812787844288061;9.82641527960548;0.144388825891203;4.86019501867693;26.700891333025;1.0071464036246;0.0261656909869419
4.19347860271222;-1.61641022647215;6.42471335130812;-0.274817013632007;0.786816469179803;9.82993177075347;0.140530893450534;4.8049304636733;26.7291974523419;1.00992317980326;0.0336120944016858
4.18335488928981;-1.59031611804236;6.44469381140095;-0.272679360953804;0.760972799407621;9.8332983084322;0.136706830054252;4.74855641253942;26.7571865943117;1.01125248779256;0.0384848743493422
4.17331861738915;-1.56437128545456;6.46424877247479;-0.270418859073355;0.735258946780032;9.83651680554587;0.132915648711805;4.69110767781437;26.7850049532078;1.01253581828984;0.0429224347935464
4.16335878371906;-1.53859690276764;6.48338977401127;-0.268038111559978;0.709654473415021;9.83959213793254;0.129156353473354;4.63261773123166;26.8126367662071;1.01322479704411;0.0462541932504536
4.15322054426058;-1.51321478269083;6.50214205282104;-0.265537048140205;0.684123264105307;9.84253100604576;0.125427962714467;4.5731180258475;26.8399687240388;1.01046788193102;0.0447887684635096
4.14316457969941;-1.48790892334749;6.5205256791644;-0.262915134235904;0.658638480698017;9.8453388305589;0.121729476953599;4.5126383562113;26.8671993858075;1.0077928285324;0.0432414819621007
4.13306121890372;-1.46274611856179;6.53855516777073;-0.260171815180352;0.63318249227499;9.84801982215618;0.118059904493416;4.45120721912184;26.8943147807714;1.00441725048859;0.0399651784522876
4.12286565952721;-1.43773247540471;6.5562527611983;-0.257304604183151;0.607728209436638;9.85057899407034;0.114418237444176;4.38885146851049;26.9213264777746;1.00014676340667;0.0345996008766172
4.11271968418805;-1.41278151389748;6.57363026003017;-0.254311965218782;0.582264443547209;9.85301949695871;0.110803500703259;4.32559692312689;26.9482614233976;0.995923779602222;0.0291865200234781
4.10243656362743;-1.38794549258435;6.59069521804096;-0.251192782014101;0.556786596217939;9.85534368328235;0.107214749921514;4.26146862495535;26.9751420953225;0.989510498068767;0.0262992184215785
4.0921238504234;-1.36318647535165;6.60745603963402;-0.247945585493511;0.531289049978206;9.85755386219733;0.103651011834587;4.19649082770886;27.0019630011229;0.982293167990833;0.0243422150350466
4.08184940681553;-1.33848357848832;6.62391460145797;-0.244570081874974;0.505776040379415;9.85965136118532;0.100111354182217;4.13068735308724;27.0287173896394;0.975112083430262;0.0223648179571203
4.07138187893217;-1.31385843191399;6.64008053093727;-0.241064328067917;0.480239921604972;9.86163839157248;0.0965948950553547;4.06408122527198;27.0554749490161;0.967959512540024;0.0239982775708846
4.0609491025065;-1.28928870846747;6.65596098571619;-0.237426631549021;0.454677038781945;9.8635166798182;0.0931007593308757;3.99669482683302;27.0821679094024;0.960838113105378;0.0256005657290556
4.0504838434061;-1.26475100579733;6.6715534614216;-0.233657532108185;0.429098885070729;9.86528673241782;0.0896280889385271;3.92855039096741;27.1088441254078;0.953739659789938;0.0283271185510322
4.03988720660377;-1.2402192000008;6.68685724988416;-0.229757443413257;0.403513568913279;9.86694928833247;0.0861760587014938;3.8596699174165;27.1355667414317;0.946656097897492;0.0339582730783346
4.02936055110788;-1.21575413462217;6.70186983376846;-0.225727502508481;0.37793176323067;9.86850490902213;0.0827439170782608;3.79007526349067;27.1622003649161;0.939637378269416;0.0395245853412667
4.01870763192328;-1.19133425100502;6.71658219911781;-0.221571068281013;0.352374482715331;9.86995358043685;0.07933094886994;3.71978844574598;27.1888427259795;0.933291025537777;0.0463388684371874
4.00799388152568;-1.16697172768586;6.73098368178452;-0.217292723973905;0.326864817380526;9.87129532827145;0.0759364509697705;3.64883169655015;27.2154569513121;0.927509232659513;0.0540975703344295
3.99739445813605;-1.14268204328816;6.74506964774559;-0.212895904708618;0.301414753550905;9.87253091570035;0.0725598183413548;3.57722716665453;27.2419585841738;0.921834673420636;0.0617490385922856
3.98659575078944;-1.11851666721929;6.75883591861298;-0.208384268263475;0.276035196024445;9.87366123499798;0.0692004957910815;3.50499689798225;27.2684270083979;0.916321584521398;0.0692851182979916
3.97585184459492;-1.09442651708633;6.77227947250203;-0.203761401484998;0.250734770596677;9.87468734833035;0.0658579086848841;3.43216276665233;27.2948044012513;0.910926894770859;0.0767117130955752
3.96518685882652;-1.07040688151545;6.78540138190493;-0.199029621350245;0.225514477518224;9.87561065210432;0.0625315296644988;3.35874630171146;27.321085284311;0.905736996113262;0.0839979593461784
3.95434762304919;-1.04650395936547;6.79820413388643;-0.194190646813275;0.200372757293401;9.87643258861978;0.059220868765622;3.28476863401352;27.34733102148;0.901387595816254;0.0909359768370513
3.94361292552577;-1.02265441967757;6.81068990237644;-0.18924617397475;0.175308784298988;9.87715450688786;0.0559254705327039;3.21025052364039;27.3734850703873;0.897134831408965;0.0977773584382054
3.93286304574421;-0.998877347719383;6.8228601386273;-0.184198083681888;0.15032324033868;9.87777765258712;0.0526449211732176;3.13521240335874;27.3995793047356;0.892900441300145;0.10437684348338
3.92203041805196;-0.975179967554411;6.83471650706824;-0.179048096371121;0.125416413580566;9.87830322976874;0.0493788096881219;3.05967438061166;27.4256352378297;0.888639532636577;0.110658533329601
3.91129821975664;-0.951528454463501;6.84626016999166;-0.17379808273098;0.100589648741846;9.87873236836072;0.0461267900994146;2.98365626948597;27.4516078031966;0.884470941815705;0.116847905333125
3.90047444288127;-0.927952765906304;6.85749218269102;-0.168449922283635;0.075844505114831;9.87906615149402;0.0428885675769345;2.90717760484729;27.4775494152667;0.880237060039196;0.123529826350097
3.8896525098986;-0.90443249153348;6.86841373776154;-0.163005386948278;0.0511822169460588;9.87930562269931;0.0396638410758806;2.8302576463738;27.5034399065724;0.876014054710855;0.130409849961458
3.87892535764294;-0.880950669368401;6.87902562193527;-0.15746641113074;0.0266048804260049;9.87945177358685;0.0364523835712112;2.75291540436876;27.529255943598;0.871877904226138;0.137203018729195
3.86804540591779;-0.857541728133041;6.88932889827142;-0.151834753836863;0.00211390288106926;9.87950555955566;0.0332540249840876;2.67516963781708;27.5550697360219;0.867462948935824;0.144570040497645
3.85723933691363;-0.834167459736646;6.89932454499071;-0.146112168986158;-0.0222891781320846;9.87946788872942;0.0300685788102706;2.59703886728335;27.5808209991053;0.863108214643526;0.151892557826022
3.84646731992291;-0.810831890784105;6.90901306020796;-0.140300651631059;-0.0466017540137805;9.87933963006123;0.0268958778335671;2.51854140221802;27.6065228497855;0.858757856092038;0.159306585111773
3.83559845854801;-0.787548549593798;6.91839517075158;-0.134402041340765;-0.0708218788384906;9.87912161393596;0.0237358096744569;2.43969534055043;27.6322181046893;0.854228103812175;0.167225925851684
3.82481009663246;-0.764291814049851;6.92747139476839;-0.128418275136103;-0.0949471828617641;9.87881463503454;0.0205883227254221;2.36051858500632;27.6578552749891;0.849772081777684;0.175071536346221
3.81399548622165;-0.741071666450765;6.93624207001187;-0.122351390073481;-0.118974940166413;9.87841945877334;0.0174533906137103;2.2810288576483;27.6834703301884;0.845387230041258;0.182306380790085
3.80315275460019;-0.717884494750352;6.94470765418908;-0.11620332033021;-0.142902874298833;9.87793680976917;0.014330998396032;2.20124370351466;27.7090673956545;0.841070149943018;0.188945011864207
3.79238437912715;-0.694718443207122;6.95286831775789;-0.109976183109343;-0.166728043870215;9.8773673919064;0.0112211945703023;2.1211805085666;27.7346138994159;0.836821396654419;0.195515316128688
3.78154263696244;-0.671581790174642;6.96072426252098;-0.103672058888774;-0.190447737749465;9.87671187439236;0.00812406569148774;2.04085650609122;27.7601647915082;0.832735484120418;0.201090060642485
3.77072849251878;-0.648464723208651;6.96827567961748;-0.0972930101448024;-0.214059365507182;9.87597089042637;0.00503967168886383;1.96028878483574;27.7856862433705;0.828738985285559;0.806344777967718
3.75997240858779;-0.625364082616084;6.97552243797997;-0.0908413528357138;-0.23755950082152;9.87514507080032;0.00196807445210867;1.87949430680655;27.8111682554048;0.8248310069397;0.811402058713884
3.74912854444658;-0.60228017120557;6.98246456961697;-0.0843192504043473;-0.260945396003784;9.87423499793092;-0.00109061788887824;1.79848990922901;27.8366723012706;0.821379082797317;0.814327453635827
3.7383453792716;-0.579208767708455;6.98910200204846;-0.0777289322399759;-0.284214134537861;9.87324122984123;-0.00413626283482977;1.71729231536892;27.8621392663531;0.817983540865488;0.817196466347216
3.72757588553136;-0.556146798097395;6.9954344225997;-0.0710728490819505;-0.307362146049285;9.87216432778741;-0.00716873041807666;1.63591814865507;27.8875918976073;0.814862873208367;0.81968025381039
3.71677154611231;-0.533089288770345;7.00146163733507;-0.0643533174761728;-0.330386463062267;9.87100480309167;-0.0101878947789102;1.55438393629155;27.9130552533691;0.812221546301331;0.821469466410764
3.70602195125036;-0.510040257603373;7.00718329240821;-0.0575728035645879;-0.353283712356421;9.86976316165165;-0.0131935839175021;1.47270612085196;27.9384877449386;0.809631568448096;0.823207329957336
3.69525469649799;-0.486988093029196;7.01259896153159;-0.0507338447030509;-0.376050424743776;9.86843989399253;-0.0161856214236962;1.3909010690285;27.9639305448328;0.8073134319366;0.825133229314111
3.6844926876122;-0.463934449378303;7.01770824121325;-0.0438389270981282;-0.398683427354348;9.86703545152009;-0.0191638596540902;1.30898507822611;27.9893724653743;0.805179829239559;0.827160257102581
3.67377958982152;-0.44088564768475;7.02251053873691;-0.0368907667000266;-0.421178932506404;9.86555030317417;-0.0221281146955669;1.22697438779505;28.0147893440926;0.803092670054939;0.829140841378631
3.66303051377587;-0.417815479984898;7.02700530999745;-0.0298919967556238;-0.443533576768722;9.8639848732696;-0.0250781908331326;1.14488518488654;28.0402407737879;0.801496302851257;0.832527694052821
3.65231396042304;-0.394744302968813;7.03119196684332;-0.0228452786740512;-0.465744020656558;9.86233956216261;-0.0280139507689783;1.0627336127355;28.065679400415;0.799993071579499;0.836044570319653
3.64162803764033;-0.371668143103516;7.03506975012201;-0.0157535325095442;-0.487806262669359;9.86061480224942;-0.0309352867239958;0.980535780366539;28.0911096599466;0.798586163852321;0.839849748234187
3.63092438798302;-0.348559925456761;7.03863796849521;-0.00861953910765702;-0.509716896308431;9.85881096578374;-0.0338420767304752;0.898307768667074;28.116576458701;0.797482802321448;0.845194448795053
3.6202568176959;-0.325450660654061;7.04189585124566;-0.0014461851459782;-0.531472312376599;9.85692842193481;-0.0367341684747461;0.816065638844873;28.1420290651599;0.7964147813644;0.850503808782096
3.60960450069354;-0.302317916327625;7.04484253787107;0.00576348108936907;-0.553068568451521;9.85496755468067;-0.0396114255056725;0.73382544017511;28.1674966075932;0.795436705697586;0.856184266645329
3.59895925324404;-0.279154705583461;7.04747719078375;0.013006503876082;-0.574502149786021;9.85292869570016;-0.0424737430109041;0.651603217454076;28.1929888735819;0.7945575342332;0.862328029389604
3.58834466043768;-0.255987599218205;7.04979888210424;0.0202797444799204;-0.595769139037868;9.85081219937523;-0.0453209859063002;0.569415018471524;28.2184718953373;0.793709096156119;0.868441058746576
3.57774289507844;-0.232772477406945;7.05180666914398;0.0275800662733053;-0.616865780909534;9.848618392569;-0.0481530186158866;0.487276901540848;28.2439932454082;0.792938169380023;0.874320430894952
3.56716021890952;-0.209534772208797;7.05349958965032;0.0349043547832231;-0.637788510939423;9.84634756646615;-0.0509697620852511;0.405204943845073;28.2695272223365;0.79221113071984;0.880097715197105
3.55660284773545;-0.186290045538259;7.05487659609117;0.0422492278308724;-0.658533148433295;9.84400006688832;-0.0537711530754431;0.323215247063393;28.2950571147;0.791507873168143;0.885840936261241
3.54606891765247;-0.162967177222959;7.05593664829397;0.049611411167408;-0.679095979485933;9.84157617928093;-0.0565571183223042;0.241323946137105;28.3206485169564;0.790463378180228;0.890326009491964
3.53555342226384;-0.13963549581026;7.05667866891267;0.0569875689756833;-0.699473244270599;9.83907618013809;-0.0593276063110807;0.159547216980114;28.346240371145;0.789438785603536;0.894791180311463
3.52506401712877;-0.116272098982059;7.0571015365899;0.0643741276669603;-0.719660684264807;9.83650039940195;-0.0620826128778798;0.0779012808413615;28.3718504459485;0.788306007162638;0.898697759821575
3.51460838135168;-0.092840733672449;7.05720412385984;0.0717676171251451;-0.739654487887313;9.83384910584266;-0.0648221502461773;-0.00359758614775416;28.3975087623347;0.786867115260347;0.90123188618586
3.50416632771969;-0.0693980383103114;7.05698527779623;0.0791644444350827;-0.759450651813541;9.83112258467614;-0.0675461999867281;-0.0849330469476653;28.4231718963969;0.78544384942663;0.903750386481573
3.49376386016648;-0.0458930576343447;7.05644381927709;0.0865610901263525;-0.779045500879728;9.82832106643451;-0.0702547626175774;-0.166088693362575;28.4488758931245;0.783808240901616;0.904935328729881
3.48339139684781;-0.0223350912904062;7.05557850925628;0.0939542191436837;-0.798435919430977;9.82544467851788;-0.0729478761062697;-0.247048031368833;28.4746162461439;0.782007306709695;0.905081805580971
3.47302738191474;0.0012366261891377;7.05438809183073;0.101340165658223;-0.817618001806304;9.82249364134022;-0.0756255425128989;-0.327794479129184;28.5003657834303;0.780217328320616;0.905217326629219
3.46272817610328;0.0249149925964017;7.0528713410852;0.108714952754092;-0.836587206146673;9.81946827290969;-0.0782877575760394;-0.408311367320827;28.5261870668234;0.778163123539304;0.904504704115857
3.45244231659283;0.0486272061477447;7.05102705123581;0.116074523433707;-0.855338999597516;9.81636890394606;-0.0809345912046259;-0.488581934358518;28.5520340778183;0.776062060905629;0.903627244087184
3.44217141655331;0.072367547567884;7.0488540859408;0.123414600117234;-0.873868520304304;9.81319594156547;-0.0835661630340288;-0.568589327182569;28.5779009523564;0.773992801732919;0.902476643334867
3.43199340299511;0.0962128254497724;7.0463518554205;0.130729392101096;-0.892167544479339;9.8099504553255;-0.0861825758457651;-0.648316654810211;28.6038275648859;0.772123701383084;0.899322401164729
3.42181610423955;0.12007721336257;7.04351998530658;0.138013165239519;-0.910228634051265;9.80663353718844;-0.0887839334181989;-0.727746994078876;28.6297714740056;0.770258473043296;0.89616428698454
3.41169084138479;0.143983445744389;7.04035791539116;0.145261150919404;-0.928047166188825;9.80324587774854;-0.0913704003419716;-0.80686335518326;28.6557335404598;0.768667048000867;0.892894402531272
3.40164484743601;0.167944306544951;7.03686553024847;0.152467878414226;-0.94561710417251;9.79978852361742;-0.0939421886855589;-0.88564871427448;28.6817151655961;0.767491637387661;0.889455711975622
3.3916036563331;0.191926187817021;7.03304271837688;0.159628271564469;-0.962933707249197;9.79626237736311;-0.0964995260196088;-0.96408600107284;28.7077143222769;0.766324216640273;0.886009031554156
3.38165390942915;0.215971392788914;7.02888885942369;0.166738412499137;-0.979995116938511;9.79266779327487;-0.0990426661062506;-1.04215804241665;28.7337367999758;0.765697013187588;0.882229061532643
3.37175082081809;0.240059094162506;7.02440316144283;0.173794652639486;-0.996799985281226;9.78900497670295;-0.101571882476316;-1.11984754017093;28.7597807728199;0.76533532536597;0.878283736770314
3.36185387138398;0.264169236576548;7.019585106751;0.180792884596393;-1.01334577747504;9.78527435707345;-0.104087466931788;-1.19713708772784;28.7858431705478;0.764982890800994;0.874329158751343
3.35209402055313;0.288385188442608;7.01443445332154;0.187728673447383;-1.02962921707962;9.78147654363159;-0.106589717571697;-1.2740091847993;28.8119519241186;0.765506948603354;0.871882208268815
3.34234573729656;0.312629447834453;7.00895105093042;0.194597584518888;-1.04564711062656;9.77761216317246;-0.109078919197731;-1.35044623618381;28.8380826175634;0.766082985311971;0.869504201087324
3.33264030327392;0.336911762445301;7.00313501188698;0.201394995340405;-1.06139592918981;9.77368197285648;-0.111555407207483;-1.42643056395489;28.8642326893115;0.766880969614287;0.867294381668644
3.32306462398362;0.361265115322144;6.99698753090342;0.208115263316754;-1.07687002988931;9.76968737565204;-0.114019544428101;-1.50194448276618;28.8904009798597;0.768402431403318;0.865669916078528
3.3134989784837;0.385644299049972;6.99050984142006;0.214753072766372;-1.09206485127704;9.76562967617788;-0.11647165774913;-1.57697029292305;28.9165896448326;0.769936844833359;0.864032498847401
3.30402740878201;0.410066281224659;6.98370192884425;0.22130462762191;-1.10697938088522;9.76150931543624;-0.118912118640714;-1.65149017723827;28.9427839924281;0.771864027124306;0.864638147960199
3.29464872044495;0.43453074125862;6.97656331293147;0.22776660897205;-1.12161350393962;9.75732643770633;-0.121341347700442;-1.7254861589643;28.9689845573014;0.774173910939797;0.867418622896835
3.2852845450235;0.459021601547741;6.96909392729401;0.234135321354135;-1.13596607881296;9.75308142418995;-0.123759768690561;-1.79894012512534;28.9952045881752;0.77650098463231;0.870181907956449
3.27605240249763;0.483615131557636;6.96129088389556;0.24040937360734;-1.15004079535026;9.74877307234336;-0.126167838845935;-1.87183361388542;29.0214738510877;0.778294301017571;0.873459164581334
3.266862010355;0.508256665036372;6.95314983511246;0.246588115146101;-1.16384231671484;9.744399489707;-0.128566044295349;-1.94414770264328;29.0477734419575;0.779949163612915;0.876869469521785
3.25769145169512;0.532937185798976;6.9446691725291;0.252668420965734;-1.17736937002477;9.73996035854458;-0.130954919463107;-2.01586319641011;29.0741026510464;0.781490673974662;0.880410845892547
3.24867880059663;0.557820570187881;6.93584358677077;0.258649538913784;-1.19062564912175;9.73545348402963;-0.133335023442461;-2.08696035742572;29.1005679244905;0.7811866416954;0.886060097362321
3.23966302281226;0.582733380287451;6.92666739312711;0.26453040624377;-1.20361363405686;9.73087661903572;-0.135706883250626;-2.15741886968995;29.1270619305317;0.78088117973614;0.891710778512093
3.23070763246116;0.607763909773938;6.91713729092653;0.270307978320698;-1.21633123030715;9.72622881034366;-0.138071078993258;-2.22721799576057;29.1536462571682;0.779407545545436;0.897287063718648
3.22186454563399;0.632997445897183;6.90724563437283;0.275981440195594;-1.22878107752495;9.72150706712285;-0.140428244172471;-2.29633626455232;29.1803844607338;0.775671385368891;0.902726048128212
3.21300226714518;0.658264254425;6.8969861545814;0.281548567469244;-1.24096246586247;9.71670919523757;-0.142778997475247;-2.36475155417976;29.2071604125039;0.771916520684134;0.908183737045989
3.20425599642377;0.683796300555732;6.8863530563129;0.287006407349252;-1.25287312380071;9.71183331588238;-0.145124003795513;-2.43244111205425;29.234148977326;0.765628964459537;0.913498109528559
3.19555945234618;0.709509995371558;6.87533789703305;0.292352872318655;-1.264512701717;9.7068764294519;-0.147463973666541;-2.49938136002052;29.2612934791629;0.757759593962329;0.918747385813848
3.18682168753705;0.735263809481274;6.86393522339476;0.297583898734297;-1.27587671018638;9.70183698249241;-0.149799639376601;-2.56554808373875;29.2884892044714;0.749847151983856;0.9240397335804
3.17830787858926;0.761436432892003;6.85214789552312;0.302691531526496;-1.28695303665367;9.69671708611742;-0.152131773068147;-2.63091698770098;29.3160117617472;0.739983292393742;0.928606941453182
3.16977046561964;0.787701737433943;6.83998030871588;0.307667580744277;-1.29773031265397;9.69151938319196;-0.154461156731279;-2.69546379477219;29.3436297566581;0.729841133414422;0.933144829973917
3.161249993457;0.814053749258988;6.82743660616105;0.312504454764144;-1.30819957575685;9.68624626461298;-0.156788628052243;-2.75916422676466;29.3713250084732;0.71994156572665;0.937560045176307
3.15301566735695;0.84063039248138;6.81454821157662;0.317185243639587;-1.31833365077275;9.68091130659354;-0.15911505880669;-2.82199586005974;29.3991480581136;0.711412724687875;0.941170814424023
3.14474811739297;0.867266005138284;6.80134457321748;0.321696192000665;-1.32811460819315;9.67552669783391;-0.161441266546724;-2.88393802299427;29.4270372718711;0.702843220299059;0.944822247021781
3.1366660209031;0.893805327946664;6.78784357325577;0.326029456100722;-1.33753844692838;9.67009946299929;-0.163768107955966;-2.94497104220964;29.454779945477;0.696250441102136;0.948291219577724
3.12883781947453;0.920210981075569;6.77408289843526;0.330172666749433;-1.34659208550695;9.66464420011097;-0.166096490027143;-3.0050776088275;29.4823215368393;0.692081117722015;0.95150619670115
3.12103175340525;0.946671919753443;6.76008862411281;0.334119280933537;-1.35527556838947;9.65917039689521;-0.168427311273731;-3.06424203517618;29.5099098666762;0.687928706354742;0.954704261811728
3.11350273076328;0.972822350430232;6.74586022720768;0.337871373471405;-1.36360679584682;9.65367689357231;-0.170761506893432;-3.1224484811071;29.5371225697122;0.68583861063606;0.95747811989501
3.10610878203257;0.998882875021946;6.73139268940897;0.341432074413055;-1.37160427904478;9.648160831082;-0.173100030979043;-3.17968065135639;29.5642117081228;0.684541204537721;0.960063422093129
3.09876697048148;1.02498605533041;6.71668965022311;0.344802247857949;-1.37928013034883;9.64262268936023;-0.175443871026237;-3.23592238220508;29.5913277221932;0.683296321299494;0.962602105500732
3.09171455821115;1.0510435857042;6.70172637910153;0.347988864330921;-1.3866589446728;9.63705233218504;-0.177794042627846;-3.29115572485768;29.6183227478093;0.682699978135717;0.965197566203378
3.08470107496273;1.07714003430444;6.68647546600485;0.350997997235792;-1.39376194302334;9.63143892537255;-0.180151527800402;-3.34536074321194;29.6453452121089;0.682139973823375;0.96775668805459
3.07779692120408;1.10330466661351;6.67093763922683;0.353829207302183;-1.40059459425283;9.62578218897557;-0.182517354160236;-3.39851740537716;29.6724054287191;0.681551160478276;0.970314715161225
3.07110350009603;1.12958242104388;6.65510614889017;0.356483315041932;-1.40716530616654;9.62007911974147;-0.184892585381719;-3.4506050882667;29.6995222549352;0.68083188091863;0.972928554812201
3.06444439928932;1.15589945775249;6.63897648780417;0.358960466037284;-1.41348084281844;9.61432756246535;-0.187278245354225;-3.50160273734766;29.7266687104068;0.680143141870562;0.975511853951599
3.05796842727374;1.18230596705759;6.62255528527564;0.361259081302419;-1.41954378032777;9.60852931730778;-0.189675392581252;-3.55148963748593;29.7538577145671;0.679234637819663;0.977950831081908
3.05164479890796;1.20879148384118;6.60585273062376;0.363377481128566;-1.42535657192139;9.60268734162142;-0.192085110713922;-3.6002456832055;29.7810876773839;0.678165202418379;0.98026900155759
3.04536216089645;1.23531700192478;6.58887558749032;0.365314859005054;-1.43092405858935;9.59680328547249;-0.19450847183833;-3.64785117926138;29.8083470730116;0.677131799582346;0.982551139468021
3.03935823145251;1.26186001830217;6.57163986220383;0.367069830293896;-1.43624934339558;9.59088189212263;-0.196946574683497;-3.69428750478222;29.8355606521069;0.675800833766441;0.984601353106304
3.03345191507777;1.28843771394965;6.55416494731823;0.368641440200447;-1.4413363871811;9.58492890240751;-0.199400521465139;-3.73953738982617;29.8627867146031;0.674454814461382;0.986566957650979
3.02763417022302;1.31503460477852;6.53645971964765;0.370030358137496;-1.44619369297;9.57894632462505;-0.201871454102143;-3.78358424715883;29.8900124516355;0.673128507456772;0.988315622334833
3.02211109098246;1.34152640412817;6.51853863889743;0.371237270982903;-1.45082918504955;9.57293795025442;-0.204360523829371;-3.82641259638891;29.9170738602663;0.671624157862656;0.988788926044908
3.01666074858166;1.36805256682484;6.50041576989513;0.372263464309407;-1.45525203939867;9.56690731328653;-0.206868790682973;-3.86800808650713;29.9441541767285;0.670187868460381;0.989194169563142
3.01137730899266;1.39454427460217;6.48209533194765;0.373111181576112;-1.45947450115942;9.56085457420389;-0.209397324535665;-3.90835687352064;29.9711676051457;0.668841885635501;0.989304444864501
3.00631203894875;1.42096344896372;6.46357769525769;0.373782939840965;-1.46350972099557;9.5547785778093;-0.211947202042477;-3.94744540364132;29.9980679719567;0.667600993818373;0.988999206430255
3.00132942778742;1.44741187054377;6.44486536156744;0.374281209133702;-1.46737034272475;9.54867883488286;-0.214519412385303;-3.98526060695307;30.024981637966;0.666438654967016;0.988615415030236
2.99656875594584;1.47384274195555;6.42595562647589;0.374608611854297;-1.47107003211986;9.54255312415532;-0.217114935313239;-4.0217895957142;30.0518378283133;0.666077745362154;0.986253186307888
2.99195832211946;1.50027820371775;6.40684091740474;0.374767701518044;-1.47462306860725;9.53639763627644;-0.219734737095394;-4.05701938929549;30.0786723161721;0.666143971690403;0.982897371188963
2.9874326415565;1.52673951519453;6.38752214849229;0.374760817955145;-1.47804197061123;9.53021128154876;-0.222379726203706;-4.09093755488737;30.1055178519207;0.666290859081428;0.979460895007262
2.98318610748969;1.55325015961432;6.36799736117206;0.374590308835069;-1.48133989327542;9.52399200785367;-0.225050799794214;-4.12353208407843;30.1323664518681;0.668659743825378;0.974782060684801
2.97903334789654;1.57978669446786;6.34826389560382;0.374258469130751;-1.48453015946693;9.51773750288569;-0.227748832409333;-4.15479142414486;30.1592259584583;0.671214391783911;0.969965988612076
2.97501434738426;1.60635607613874;6.32832593457965;0.373767731054256;-1.48762521792486;9.51144757501943;-0.230474680371121;-4.18470502804448;30.1860975867583;0.674503455359796;0.964476622367157
2.97124267379519;1.63297864328527;6.30818720819417;0.373120664028347;-1.49063801704437;9.50512182102106;-0.233229171000647;-4.21326341726827;30.2129859969592;0.680055840296952;0.956928014210962
2.96755827491502;1.65962417534017;6.28785171314065;0.372319990432214;-1.49358184717277;9.49875985215748;-0.236013016744973;-4.2404583000446;30.2398850522139;0.68569047885546;0.949297152433415
2.96407140033322;1.68631099699522;6.26732428475921;0.37136862356468;-1.49647023308604;9.49236147034883;-0.238826877826858;-4.26628273454835;30.266798705708;0.692716199101371;0.940178660952545
2.96077957080177;1.71303806327131;6.24660975391775;0.370269648224632;-1.49931700896464;9.48592640215962;-0.241671410959542;-4.29073124204801;30.2937277274762;0.701091966441662;0.929616657021359
2.95757867744973;1.73978616282146;6.22571304948404;0.369026326303579;-1.50213622084708;9.47945433056229;-0.244547175064339;-4.31379993359907;30.32066666858;0.709553100528867;0.918969286343258
2.95464165570103;1.76658313069603;6.20463478968751;0.367641801924487;-1.50494254599634;9.47294353199561;-0.247454676397328;-4.33548635467111;30.347624108815;0.719436217563676;0.907061319415221
2.95184331590547;1.79340767597992;6.1833742274445;0.366119199955553;-1.50775068389565;9.46639179553005;-0.250394451089253;-4.35578953826611;30.3745942207039;0.72976942411709;0.894747277122609
2.9491520158446;1.82025823905805;6.16193275841085;0.36446187321626;-1.51057479849425;9.45979750396348;-0.253367012257679;-4.37471029714305;30.4015793246249;0.740225351277954;0.882341499475366
2.94676019798439;1.84723256694686;6.14028038577038;0.362670648889885;-1.51343234601998;9.45314932212018;-0.256372794714881;-4.39224938859384;30.4286594863255;0.751296632957886;0.869779152975967
2.94445207872235;1.87422559463493;6.11838806001027;0.360745989854849;-1.51633927845892;9.44643615276073;-0.259412158186031;-4.40840783554226;30.4557510155975;0.76244453336497;0.857140187749417
2.94231349507197;1.90140869255148;6.09623838619336;0.358689076143724;-1.51930876758932;9.43965039951711;-0.262485423315781;-4.42318794576996;30.4830181084453;0.773574277539127;0.84570994655356
2.94041460005136;1.92894583972199;6.07377328157443;0.356496954352119;-1.52235760706113;9.43277190362858;-0.26559285143455;-4.43659113266917;30.5106206495709;0.784584346683944;0.836703032206982
2.93857492664176;1.95650529349606;6.05095361213464;0.354167913624761;-1.52549773276377;9.42578618997513;-0.268734608347652;-4.44861955075529;30.538241436862;0.79564206400545;0.827648469683714
2.93702244212298;1.98464772021646;6.02775487261483;0.351701465857677;-1.52873693313854;9.41868312389248;-0.271910801912104;-4.45927745153844;30.5664266526656;0.806465281428526;0.819857013417299
2.93565136550476;2.01316597783288;6.00413626352315;0.349095244092519;-1.53208255345283;9.41144742601837;-0.275121479086388;-4.46857074431866;30.5949778499884;0.817134929099353;0.812854517385512
2.93431050512749;2.04171514664399;5.98008130086419;0.346349439648258;-1.53553522592816;9.4040711011971;-0.278366612747246;-4.47650898904353;30.6235584893507;0.82781266117354;0.805843936950365
2.93345774111491;2.07120455592557;5.9555704133535;0.343464003287446;-1.53909210036107;9.39654506004784;-0.281646099137503;-4.48310578768529;30.6530602260155;0.83731167526844;0.803225079679692
2.93266223517346;2.10084155411684;5.93058124600173;0.340438683099503;-1.54274549598136;9.38885921468541;-0.284959724527042;-4.48837925207918;30.6827078986306;0.846639705526159;0.801150742037958
2.93198610126623;2.13071971319303;5.90511073503266;0.33727577184982;-1.546478440288;9.38100930129023;-0.288307218951394;-4.49193602798955;30.7125937070828;0.855622475067894;0.799007354124885
2.93186610550709;2.16159134353273;5.87916497553975;0.33397147942141;-1.55034555739065;9.37299298562644;-0.291688225702783;-4.49367557932055;30.743465570629;0.863081708737219;0.796416500272436
2.93172388389366;2.19252202030855;5.85274961927841;0.330522563910723;-1.5544111668717;9.3648071292145;-0.295102191560851;-4.49354841796102;30.774396574376;0.87045675096758;0.79390983785895
2.9319418833993;2.22390882335567;5.82591923920886;0.326934188632878;-1.55873023842066;9.35646319257244;-0.298548483567604;-4.49152763905654;30.8057841344803;0.877042424534471;0.790835985717002
2.93261110832631;2.25584550552232;5.79879576332129;0.323223236098709;-1.56334106110639;9.34799333418401;-0.302026446080422;-4.48761688775411;30.8377278275952;0.882678313166268;0.787062407319619
2.93327024294884;2.28785635775049;5.77145019469931;0.319402692958026;-1.56827847185207;9.33941383931825;-0.305535311891308;-4.4818264786684;30.8697454652161;0.88821697041572;0.783386060304583
2.93449905488129;2.31962298351631;5.74400840996009;0.315495538384485;-1.57355533360912;9.33075835213675;-0.309074249170132;-4.4742006112086;30.9015358488456;0.892501811400344;0.778234789841372
2.93597349367419;2.35133941238963;5.71664453691715;0.311534030832881;-1.57915886106805;9.32207645606288;-0.31264239080198;-4.4648056012144;30.9332865312041;0.896304978932742;0.772551607270808
2.93750069102335;2.38311380090231;5.68941572457409;0.307535343098123;-1.58508171556779;9.3133815273721;-0.31623880170981;-4.45368857796403;30.9650975999868;0.900073553058002;0.766864515986762
2.93957966160598;2.41377590597834;5.66234457520104;0.303511856284725;-1.59131271987366;9.30467632027716;-0.319862469531128;-4.44089255184486;30.9958301040562;0.903689371074156;0.75584147385826
2.94174603300752;2.44448473446325;5.6354538122838;0.299475660630969;-1.59783255295067;9.29596393573151;-0.32351227908763;-4.42645803120652;31.0266152516434;0.907332050197018;0.744791570623048
2.94413778652737;2.47508779003778;5.60872958421838;0.295432762092129;-1.60462463848539;9.28723585531673;-0.327187056024212;-4.41040800469856;31.0573116275761;0.911405508280224;0.733263743007595
2.94695792569989;2.50535261877253;5.58208964982507;0.291377888911267;-1.61168735070906;9.27846097196449;-0.330885571054686;-4.39274829621978;31.0877075655168;0.916521811697056;0.720574414880056
2.94986125978824;2.53565672592235;5.55547684307804;0.287308473365533;-1.61901322128526;9.26961575046098;-0.334606475983838;-4.37348804708896;31.1181504342872;0.921667484841153;0.707855717025249
2.95317303052037;2.56597635067252;5.52886608491998;0.283225920066112;-1.6265860451123;9.26068684589884;-0.338348360554029;-4.35263527709677;31.1486503928179;0.927586210381285;0.695106637495338
2.95681677213648;2.59631721819532;5.50220433085903;0.279126513276135;-1.63439751847488;9.25165110477408;-0.342109772605252;-4.33019347326451;31.1792092719695;0.934107578152594;0.682334316891138
2.96053749643231;2.62669650603816;5.47547301654621;0.275011000293989;-1.64243012210672;9.24249650374263;-0.345889169839111;-4.30616559422993;31.2098155608514;0.940648906776342;0.669542035434499
2.96487884847832;2.65727718182124;5.44862605013826;0.270875124447323;-1.65067534375814;9.23320112041696;-0.349684950091444;-4.28054447655856;31.2407028570901;0.946536736119418;0.660994864789896
2.96939095603748;2.68793192857757;5.42160630145545;0.266712180988081;-1.65912985542115;9.22373836186349;-0.353495465526144;-4.25332327117621;31.2716878956301;0.952297443197733;0.653263035028389
2.97406974021917;2.71871112232859;5.3944037629865;0.262522000135698;-1.66777748473857;9.21409733755568;-0.357319027941711;-4.22449355004477;31.3028206723996;0.95775451513363;0.645848815240752
2.97956619694723;2.7501609872345;5.36696007687364;0.258296287301786;-1.67661925912004;9.20424931468663;-0.361153894327486;-4.19403573294653;31.3347472293571;0.96088732496971;0.640864744965109
2.98510882846896;2.78166811383384;5.33922440801482;0.254027258672559;-1.68565652410029;9.19416699677677;-0.364998226410224;-4.16193554492666;31.3667381623028;0.963977600324414;0.635923209170842
2.99112506876975;2.81358789327551;5.31120608423276;0.249715742786693;-1.69487367542249;9.18384401258522;-0.368850149106928;-4.12818733897949;31.399219964392;0.967244629797979;0.631752328050328
2.99784704701447;2.84611981990309;5.28291607898512;0.245362192086511;-1.70425711757034;9.17327425808631;-0.372707765264912;-4.0927855838104;31.4324391040802;0.970786817105237;0.628762751748966
3.00461483093316;2.87872475606233;5.2543651003233;0.240966442769434;-1.71379641450378;9.16245116771761;-0.376569109173004;-4.05572867701604;31.4657390254182;0.974250986229821;0.625851193630278
3.01218896637941;2.91176836539727;5.22559127526214;0.236532046119212;-1.72347539463381;9.15137836064418;-0.380432179590721;-4.01702323373355;31.4996395806591;0.981249903392417;0.62351925668658
3.02019283354218;2.94507053511652;5.19664708563514;0.232064369288085;-1.73327653494038;9.14006522552541;-0.38429494542231;-3.97667770922607;31.5338900755105;0.989923623281527;0.621522345414069
3.02826198236305;2.97845484252694;5.16755782482734;0.227564336968663;-1.74319498971877;9.12851077646463;-0.388155334161474;-3.93469909129138;31.5682357177955;0.998506832413502;0.619615944898694
3.03747326007361;3.01217531364381;5.13835257802887;0.223033341711342;-1.75322810762092;9.11671543526279;-0.392011244936887;-3.89109737859508;31.6031916587699;1.01313511247801;0.217256095464218
3.04681966753637;3.04599899234117;5.10906187255706;0.218473022488821;-1.76337580572996;9.1046801657081;-0.395860538313622;-3.84588382073918;31.6382829194067;1.02798735347241;0.214970953382403
3.0565226104347;3.0799563480926;5.07970547317223;0.213883496708667;-1.77364424222258;9.09240138975811;-0.399701062188887;-3.79907258046138;31.6735993335865;1.04289930144036;0.212654376985342
3.06724860840191;3.11415631163259;5.05032110192992;0.209267944022441;-1.78403521451958;9.07988290340898;-0.403530656243336;-3.75068326720734;31.7094418298518;1.05825121236311;0.209994257123307
3.0780786003685;3.14845133132447;5.02094160186135;0.204629156115516;-1.79455319382179;9.06712656108435;-0.40734712423408;-3.70074012346575;31.745406216426;1.07349342305579;0.207443837491337
3.0895933954422;3.18275363202585;4.99161210379581;0.199972310917122;-1.80519841010702;9.05413976654196;-0.411148264769823;-3.64927848191152;31.7815896150917;1.08638812333831;0.204713831827119
3.10180218167455;3.21706129133847;4.96240756550098;0.195307851969111;-1.81595927661005;9.04094397997438;-0.414931877009924;-3.59634168600176;31.8180048584491;1.09698077772072;0.201801619109641
3.11415726592514;3.25145492321631;4.93337329562847;0.190642087114471;-1.82683300329753;9.02754852812528;-0.418695746835883;-3.54197321287301;31.8545503098841;1.10748573824814;0.198977100247158
3.12737344994206;3.28542787785455;4.90454285920156;0.18597995217356;-1.83781904150946;9.01395797455438;-0.422437658096345;-3.48622075672322;31.8910034190357;1.11357028382655;0.196386496674673
3.14095726782563;3.31933333896715;4.87595481993073;0.181327644197162;-1.84891252617462;9.00017980613183;-0.426155387210899;-3.42913528885882;31.9275287582066;1.11838200521768;0.193901058771022
3.15477868589548;3.3532754421235;4.8476279849412;0.176688542617668;-1.86011364705817;8.98621251664549;-0.429846722914575;-3.3707617884576;31.9641770591787;1.12353639280535;0.19153039308694
3.1696685912562;3.38681077970362;4.81953514160124;0.172058756295367;-1.87143892166884;8.97203137868311;-0.433509455962867;-3.31113867847187;32.0008694037244;1.1349105213538;0.190196942062348
3.18474702137526;3.42040848261481;4.79165240051544;0.167435059562917;-1.88290257875071;8.95761159886695;-0.437141348523753;-3.25030852337729;32.0376955451971;1.14623116544737;0.188916975492627
3.20041818607053;3.45399745186291;4.76398869320389;0.162819761703797;-1.89450401356725;8.94294404731345;-0.440740182358005;-3.18831659368229;32.0747604107446;1.16452763378008;0.187754220728412
3.2170769317931;3.48751198243292;4.7365358872213;0.158212409737184;-1.90624811714276;8.92800980279333;-0.444303758670713;-3.12520678747674;32.1121868394866;1.1966167485563;0.186781014878782
3.23394513750189;3.52108138702439;4.70929533301242;0.153614151383366;-1.91813449010998;8.91279392936036;-0.447829871400488;-3.06102803054477;32.1497559929035;1.22864725374889;0.185866418612787
3.2517575784847;3.55449738925464;4.68229444168958;0.149030521713963;-1.93014982904925;8.89729555494907;-0.451316340787419;-2.99583534728091;32.1876230268356;1.25463992092097;0.186691306496938
3.27026081286534;3.58782769647105;4.65556580484023;0.144467909102756;-1.94227677705982;8.88151727257197;-0.454761014058385;-2.92968612872796;32.2257449242396;1.27681969320879;0.188627079354954
3.28900915829628;3.62119080565616;4.62913372737128;0.139931222816007;-1.95450043903057;8.8654573924539;-0.458161775453029;-2.86263962503975;32.2640149844812;1.2989559421811;0.190606375528476
3.30898805079876;3.6541208050005;4.6030229997228;0.135425363674944;-1.96680490974286;8.84911492543463;-0.461516541913414;-2.79475828541267;32.3025317470976;1.30489697599584;0.192815716058126
3.3293536271587;3.68700976575902;4.57725895464938;0.13095523120597;-1.97917353684099;8.83248974259135;-0.464823238959893;-2.72610676634349;32.341215599546;1.30883849152056;0.195081156632221
3.3501849848827;3.71981136033614;4.55185908634309;0.12652427654372;-1.99159330273573;8.81557710864726;-0.468079853499484;-2.65674983315373;32.3800729035109;1.31343182110596;0.19780854593815
3.37223277621045;3.75215829486491;4.52682942733284;0.12213387715834;-2.00405710284773;8.79836453887047;-0.471284395573521;-2.58675262397619;32.4192191584511;1.3213295211635;0.202714772194487
3.39457483050768;3.78449179618299;4.50217860276938;0.11778582067776;-2.01655694579191;8.78084073236167;-0.474434846354753;-2.51618119267026;32.4585208466809;1.32920673572472;0.207641483947153
3.41776755986613;3.81658088228154;4.47791669474816;0.113482137052669;-2.02908437716476;8.76299494381448;-0.477529242704855;-2.44509966606392;32.4981139286742;1.3363557103342;0.213149509664229
3.44195544157511;3.84836270170175;4.45404262998651;0.10922288169782;-2.0416370876671;8.74480743526637;-0.480565658995813;-2.37356978369325;32.5380531032679;1.34260049239937;0.219379281538645
3.46646295767376;3.88010040790881;4.43056536086647;0.1050099350954;-2.05420763001402;8.72626489247352;-0.483542189955083;-2.30165227022945;32.5781517359206;1.34883082126944;0.225623506608155
3.49230232545658;3.91145207743708;4.40750622147526;0.100847452215536;-2.06678157719105;8.70736345380434;-0.486456985591889;-2.22940530277076;32.6187793141111;1.34811616449196;0.232469038724346
3.51887000295075;3.94260691728463;4.38488666572004;0.0967396596952981;-2.07934395181005;8.68809981250505;-0.489308194839669;-2.15688287983334;32.6597239783955;1.34473494685028;0.239554572054995
3.54579088438897;3.97367463597131;4.36272722485062;0.092690670260259;-2.0918798185539;8.66847036877887;-0.492094027335327;-2.08413819477588;32.7008328217483;1.34134528723991;0.246644928770313
3.57430576062173;4.00390667581222;4.3410768574095;0.0887098719357912;-2.10435697632406;8.64849838792118;-0.494812744406065;-2.01122505073501;32.7423909063951;1.33227200600666;0.254251999266748
3.60320008605142;4.03400958924369;4.31998220566956;0.084806272666159;-2.11674344304712;8.62820915402565;-0.497462543315581;-1.9381948450118;32.7841170066094;1.32321377819257;0.261844016344032
3.63273193683677;4.06367874944022;4.29946133542484;0.0809836333785755;-2.12902379309259;8.60760371789758;-0.500041678535867;-1.86509778172816;32.8259785555246;1.31722535207725;0.269114986811439
3.6633102419188;4.09243834573589;4.27953515105247;0.0772463632672793;-2.14118048187674;8.58668724977808;-0.502548487489922;-1.79198465983518;32.8679564916432;1.31917425022901;0.275585098218898
3.69428523657689;4.1210060563395;4.2602223739791;0.0735985905980017;-2.15319672290982;8.56546430176752;-0.504981302201539;-1.71890523124418;32.9100939379731;1.32117560819509;0.282002749812034
3.7262523998969;4.14885217341222;4.24152411178818;0.070041239756588;-2.16506647983115;8.54392077374708;-0.507338522166865;-1.64590621263554;32.9524885811106;1.32864832676024;0.287616261738211
3.75909655531678;4.17606131296812;4.22343166610531;0.066573524427145;-2.17678975101242;8.52202941670359;-0.509618617698945;-1.57303095616011;32.9951392062011;1.34051477543791;0.29257529555243
3.79234084727522;4.20302514176971;4.20595080852141;0.0631976143070707;-2.18835613755705;8.49977806428697;-0.5118201225666;-1.50031818476959;33.0379437738483;1.35244605738724;0.297469496094988
3.82709122502021;4.22900836583025;4.18909029208789;0.0599163593330927;-2.19975219454128;8.47715766915894;-0.51394163808597;-1.42780010535935;33.0813340571615;1.34003480067019;0.301408614114412
3.86247088674211;4.25456092128242;4.17285775993722;0.056732444687135;-2.21096438268375;8.45415719099806;-0.515981773515554;-1.35550142888871;33.1249763938736;1.32276820735737;0.305106602888346
3.8983900637659;4.27969117350484;4.15726904971628;0.0536501906326831;-2.22197252202493;8.43077706246604;-0.517939203204136;-1.2834390823143;33.1688137849322;1.30505709567324;0.308619629298261
3.93580727701258;4.30356878418635;4.14234801526494;0.0506754684255291;-2.23274988143335;8.40703174209009;-0.519812663499859;-1.21162217609166;33.2132005863377;1.28320836619548;0.311155720670362
3.9736338411531;4.32708318390856;4.12811610774119;0.0478135676158503;-2.24327125618676;8.38293551716108;-0.521600883686472;-1.14005192490309;33.2577401861223;1.26144386421972;0.313607584540458
4.01226115303282;4.34974371595491;4.11458994189883;0.0450687032471975;-2.25351533979379;8.3584976890204;-0.523302651967624;-1.06872150239447;33.3025237649841;1.24575504079137;0.316203668308384
4.05192065029027;4.37124706868237;4.10178981757994;0.0424457815767227;-2.26345818514286;8.33373729832871;-0.524916816899691;-0.997615782068514;33.3476377306848;1.23964900050534;0.319078219671463
4.09197743377308;4.39230614555825;4.08973169404845;0.0399487419887349;-2.2730797939464;8.30866900585251;-0.526442263899006;-0.926710916639116;33.3928929030063;1.23365643406081;0.321839297193041
4.132986681231;4.41201258988948;4.07843006373492;0.0375811868827621;-2.28236184750163;8.28330763720531;-0.527877941785163;-0.855973624676224;33.4383912801779;1.2300157136436;0.324096815086834
4.17466246388463;4.4307742290695;4.06790016687078;0.0353468664047843;-2.29128571266408;8.2576731545989;-0.529222832521899;-0.785360660225733;33.4840954371498;1.22763343535107;0.32603147706046
4.21670627956027;4.44901530092512;4.05815279376985;0.0332485618118206;-2.29983709845246;8.23177815357586;-0.530475987908523;-0.714818255523421;33.5299257670527;1.22539182825346;0.327825467839159
4.25971980362163;4.46535785174868;4.04920450252663;0.031290328741561;-2.30799642824194;8.20565416858027;-0.531636524523867;-0.644283010210573;33.5759392674585;1.22533633517228;0.332022450947035
4.30311244737382;4.48104578749798;4.04107022795228;0.0294758345481932;-2.3157456516021;8.17933542578697;-0.532703558391703;-0.573683556174974;33.6220807115178;1.22556674169751;0.336221161480743
4.34687980093815;4.49580184578116;4.03375967891925;0.0278075426708041;-2.32307212494107;8.15284621164371;-0.533676275662651;-0.502941759954452;33.6682686157145;1.22796195479112;0.340194945551941
4.39113629730685;4.50872204969539;4.02729144823265;0.0262900255781595;-2.32995303912975;8.12625284052497;-0.534553934863983;-0.431977715157201;33.7143725107779;1.23770016678933;0.343781775258714
4.43567566473044;4.52101133391081;4.02167663543356;0.0249260732622844;-2.33637306864501;8.09961140220626;-0.535335827411035;-0.360713512295546;33.7605762092989;1.24763199410011;0.347174989652919
4.48020562400321;4.53182744511109;4.01691939062583;0.0237168536571392;-2.34232446238096;8.07296247739289;-0.536021320257564;-0.289074753947472;33.8064009355319;1.2587818445661;0.351016935927998
4.52469222352973;4.54115125888152;4.01302530888297;0.022664146633251;-2.34779543054332;8.04637448509028;-0.53660982804048;-0.216994474980473;33.8518541096858;1.27119089242803;0.355298350809672
4.56938561870436;4.54981556259273;4.00999169757722;0.0217677280706955;-2.35278375720844;8.0198899247749;-0.537100840426664;-0.144413245364825;33.8973795940988;1.28383258684432;0.359347119136981
4.6135215535284;4.55660022782025;4.00781083447188;0.0210261525196952;-2.35729409127476;7.99352485598825;-0.537493921032118;-0.0712769694768022;33.9420339603471;1.29368096089257;0.363891423602434
4.65759033627667;4.56237251837044;4.0064746150268;0.0204380908523601;-2.36133055845342;7.96729517486541;-0.537788620476806;0.00246419077843436;33.9864791732627;1.3028952885382;0.368392587355296
4.7017467457622;4.5674211429496;4.0059744385692;0.0200022102149315;-2.3648971472852;7.94121358729022;-0.537984565319312;0.0768571742288567;34.0309232629574;1.31282811599521;0.372645754853031
4.74527688685286;4.57046797885026;4.00630201168133;0.0197167930920384;-2.36800254955601;7.91525349956292;-0.538081454481473;0.151950088415406;34.0745599034374;1.33190461453392;0.37680668817854
4.78888079821873;4.5728747957609;4.00745252421607;0.019581028837234;-2.37065155569122;7.8893895560043;-0.538078954614493;0.227793130331894;34.118230189148;1.35125254654644;0.380696188030244
4.83241258435103;4.57421121985414;4.00942293970347;0.0195948625401226;-2.37284326871879;7.86361783130141;-0.537976790163914;0.304437544951016;34.1617824845321;1.370142780945;0.38472003841944
4.87571873303645;4.5740237809406;4.01221538845166;0.0197586315172265;-2.37457855513938;7.83789925095665;-0.537774752248576;0.381937808540195;34.2050890388549;1.38780724772586;0.389302630940357
4.91902878848923;4.57321178132678;4.01583442897553;0.0200734450084585;-2.37585327195339;7.81221139362423;-0.537472649838638;0.460348823607192;34.248406705536;1.40573914330253;0.393617794665466
4.96234450267743;4.57097774913978;4.02028560473999;0.0205406956768979;-2.37666039662734;7.7865445879878;-0.537070366399102;0.539723182542756;34.2917799921931;1.42491976864715;0.7971191168903
5.00563538318518;4.5675991562778;4.02557938285973;0.0211622998441874;-2.37699257595223;7.76087476503446;-0.536567858237716;0.620109222698021;34.3352025119826;1.44500648481315;-9.98845017807781e-09
5.04886352826856;4.56360574462761;4.03172426895838;0.0219400321320077;-2.37684032469782;7.73520014002105;-0.535965170923156;0.701547122766035;34.3786147206796;1.46535002533051;0.00262403878145123
5.09214325176433;4.55779739392522;4.03872597566014;0.0228751104733148;-2.37619453112425;7.70953331483664;-0.535262427429898;0.784066532667954;34.4222824593863;1.48336865793754;0.00445041594368056
5.13533500722797;4.55122073795923;4.04658979156295;0.0239683701535979;-2.37504788059966;7.68388696984691;-0.534459765505069;0.867683303390179;34.4659720478912;1.50128026354801;0.00596116842555283
5.17838298512414;4.54383048398879;4.05531788747578;0.0252199331325713;-2.373395286214;7.65828131619402;-0.533557402389539;0.952395556467383;34.5096497796855;1.51686751318561;0.00705276158319135
5.22119576639685;4.53470208142238;4.06489654089192;0.0266272978003507;-2.37123670046685;7.63277488368841;-0.532555630198309;1.03818071112166;34.5534249093109;1.51902914545842;0.0069482284771103
5.2638425279085;4.52500304358427;4.07530956884557;0.0281869944300296;-2.3685774573913;7.6074181322309;-0.5314547611947;1.12499829895391;34.5971606795958;1.52140675385395;0.00662771924830219
5.3059443566911;4.51421847494932;4.0865417834793;0.0298953244486317;-2.3654265723373;7.58224750223366;-0.530255181843233;1.21279220929042;34.6406218220967;1.51732637994302;0.00562386699322381
5.34738133835495;4.50221752809533;4.09855889141998;0.031745496017056;-2.36180051448164;7.55733067966983;-0.528957337427461;1.30149279334225;34.6837616664961;1.50480371155014;0.00380043328366031
5.38860805911694;4.48970690792904;4.11133266264622;0.0337312960657209;-2.35771788698904;7.53270881476201;-0.527561728433089;1.39102297594643;34.7268448200683;1.49247500490978;0.00178303782157019
5.42870883395104;4.47599869075986;4.12484362717151;0.0358478487773782;-2.35319636035887;7.50839818801581;-0.526068931227152;1.48129993173464;34.7692239111423;1.48409319586229;-9.99403904078378e-09
5.46821650511003;4.46154247497111;4.13906845199045;0.0380898579233956;-2.34825465462291;7.4844174456564;-0.524479545451123;1.57223735103441;34.811293356769;1.47741923297768;0.798194349007548
5.5074845927802;4.44664356961889;4.15398679522878;0.0404526304275985;-2.34291021285299;7.46077603603408;-0.522794238302922;1.66374752599183;34.8532928816468;1.47092666262249;0.796207315479725
5.54539393492389;4.43041162444013;4.16959265216399;0.042933916550635;-2.33717476829377;7.43745924814844;-0.521013757893174;1.75573817160431;34.8945311438078;1.46821107358494;0.793769279265236
5.58303719787547;4.41376337948469;4.18588108722991;0.0455319226004064;-2.33105775177961;7.41445213583097;-0.519138869262082;1.84810743595669;34.9356915532535;1.46571786737182;0.791142448362847
5.62016406231669;4.39648947824017;4.20283620966107;0.0482432982826521;-2.32457079664889;7.39175561868529;-0.517170406284669;1.94074071502205;34.9766402006968;1.46191574577161;0.789377220091295
5.65632927433448;4.37819512745585;4.22044977196844;0.0510659426593078;-2.31772197690029;7.36935956783165;-0.515109278475716;2.0335085988108;35.0171692745934;1.45422175231362;0.790277562880318
5.69222121282371;4.35955019089439;4.23871047824888;0.0539973345302425;-2.31051956950668;7.34725772865986;-0.512956438160844;2.12626652279804;35.0576151014226;1.44669599028683;0.791009674238141
5.72734475956099;4.34011397561282;4.2575886064251;0.0570319864402182;-2.30297837478326;7.32546465217056;-0.510712908996175;2.21885845528134;35.0977577221626;1.43946882338905;0.791812644259997
5.7617817858871;4.3199873284852;4.2770445987272;0.0601626655499116;-2.29511763033222;7.30400244144108;-0.508379765441855;2.31112265102372;35.1376449470195;1.43250852048229;0.792657752400079
5.79594047110406;4.29957657722632;4.29704581251664;0.0633830727586337;-2.28695498817787;7.28288171268567;-0.505958150102584;2.4028990013019;35.17743708874;1.4256833590143;0.793367719101386
5.82872953808226;4.27843502204726;4.31752734640314;0.0666816078422;-2.27852176562475;7.26214315478714;-0.503449274604448;2.49404070997777;35.2164510384079;1.42193802444016;0.796194758447113
5.8610171308444;4.25696028543833;4.33841200936274;0.0700444322540566;-2.2698562124906;7.24183345064961;-0.500854360645454;2.58442197103178;35.2552280026882;1.41894993616191;0.799390106459906
5.89286666604795;4.2352578927563;4.35965968752676;0.0734634976409593;-2.26098357702549;7.22195834154262;-0.498174696653277;2.67393877675871;35.2937687180527;1.4164134663298;0.80254048107547
5.92287679994249;4.21320323242692;4.38123715925705;0.0769319660940313;-2.25192673047808;7.20251602042054;-0.495411640154109;2.76251058930635;35.3310113841578;1.41715312903192;0.806091689362184
5.95263896903554;4.19096494664196;4.40311177130884;0.0804432287177686;-2.24270826492648;7.18350388374314;-0.492566557681129;2.85007784025745;35.3681641507274;1.41801199269556;0.80952369668739
5.98166314355555;4.168463972405;4.42527940556111;0.0839954036046113;-2.23333867894746;7.1648953315003;-0.489640876175969;2.93659196498411;35.404888754853;1.41965020220125;0.813029791025457
6.009631607268;4.14564218836003;4.44778224222086;0.087594276819318;-2.22380817705053;7.14662864087035;-0.486636079143482;3.02200723772722;35.4409867989749;1.42252237125222;0.816713373119103
6.03735048209309;4.12265274367952;4.47063943563286;0.0912422544120802;-2.21411474750572;7.12866597510316;-0.483553689539756;3.10627940282214;35.4769986107634;1.42553429673204;0.820257198783897
6.06439705033554;4.09912407564708;4.49387104499058;0.094942022218802;-2.2042547820029;7.11097221034925;-0.480395289850964;3.18935630839215;35.5128471124486;1.42998604232605;0.823958740669046
6.09096290858964;4.07523401152715;4.51752289558104;0.0987004652252552;-2.19421284987873;7.09349622107217;-0.477162487895742;3.2711727977552;35.548574972564;1.43527519033474;0.827668096872938
6.11726649006931;4.05118975142043;4.54159791181474;0.102517731381269;-2.18399042436701;7.07622192428271;-0.473856952440955;3.35165047808231;35.5842120998716;1.44071245550806;0.831229335912214
6.14297213980262;4.02628661729469;4.56611529462447;0.106396503909658;-2.17358176924866;7.05912298259817;-0.470480411252692;3.43068837754595;35.6200024130513;1.44969695688851;0.834257918762551
6.16837917188391;4.00118737946056;4.5910978534111;0.110340022007338;-2.16297926894076;7.0421724142172;-0.467034594587214;3.50816414382946;35.6557164021737;1.45908008992767;0.837110159081332
6.19348177124006;3.97575735402469;4.61652859538588;0.114345200642383;-2.15219185391318;7.02537119678509;-0.46352129657641;3.58393741185115;35.691449113911;1.4689070889021;0.840040631326761
6.21819347413504;3.9494557620299;4.64238963189772;0.118408715056857;-2.14122910365147;7.00872022792498;-0.459942360944773;3.65784767391377;35.7275384752441;1.48000923948285;0.843675720378736
6.24262792093189;3.92305136899405;4.66866126723159;0.12252689063885;-2.13010172226375;6.99222080474512;-0.456299647078273;3.72972160176128;35.7635139413545;1.49122519917707;0.847197000317254
6.26659746854242;3.89615712526295;4.69528265672745;0.126689545877348;-2.11883820706143;6.97589860532305;-0.452595070087831;3.79938786342286;35.7995394817185;1.50113589805215;0.850725719243111
6.29010359046608;3.86877773772893;4.72215233516309;0.130880074830503;-2.10748489300412;6.95980106310734;-0.448830554491023;3.86668249908625;35.8356250554236;1.50963130168106;0.854298143802855
6.31336324106147;3.84136365311429;4.74920523084252;0.135087544723439;-2.09607351338963;6.94395039065266;-0.445008069985194;3.93145238954011;35.8715770147733;1.51817228821421;0.857824985458356
6.33557567371719;3.81373387125401;4.77635129641015;0.13929722116692;-2.08464672796414;6.92838106919667;-0.441129635905371;3.99357286632149;35.9070283477543;1.52705135047239;0.862048774187737
6.35732778741904;3.78604606216683;4.80348079812258;0.143491437146469;-2.07325568372462;6.91313601815451;-0.437197235796548;4.05294760730717;35.9422387045055;1.5360396485228;0.866483221572917
6.37882841315774;3.7583776522526;4.83054886497636;0.147662757482796;-2.06192413770276;6.8982196135628;-0.433212917991413;4.10950181807919;35.9772789358737;1.54523639511062;0.87100595040304
6.39892683605933;3.73079984833762;4.85752360287323;0.151805970732562;-2.05066997732082;6.88362890877933;-0.429178778418648;4.16318981212763;36.0114034413193;1.55922463057108;0.877608010758124
6.41884504316073;3.70323887556774;4.88437451994529;0.155916280758349;-2.03950991064518;6.86936046319018;-0.425096864296497;4.21399502781506;36.0454084732139;1.57323012866933;0.884192808475411
6.43825238701464;3.6757079753759;4.9110884994889;0.159991725845932;-2.02845272235115;6.85540216622702;-0.420969261907505;4.26192491350614;36.0790922298458;1.586161365673;0.891027191064681
6.45677478178731;3.64821089432315;4.93767140469195;0.164033373930184;-2.01749866953571;6.84173309012053;-0.416798058820555;4.30700960341352;36.1122459411695;1.59679448204114;0.898397397556957
6.47512907601685;3.62073076144294;4.9641217612403;0.168041254275796;-2.00665051568073;6.82833741275637;-0.412585314306193;4.34930348443471;36.1452919366876;1.60745926177145;0.905735940687071
6.49277526270872;3.59326719449015;4.99042772226271;0.172013868415168;-1.99591480753313;6.81520564270376;-0.408333109853086;4.38888093000646;36.1779360083475;1.61060795278728;0.915997436172624
6.50989594853166;3.56581865675006;5.01658297188832;0.175950583775754;-1.98529536412466;6.80232645513325;-0.404043474113809;4.42583029866667;36.210286280481;1.60868575286107;0.928220148640105
6.52686168232457;3.53839085822887;5.04257631721378;0.179850041102342;-1.97479764567056;6.78969185852361;-0.39971842956224;4.46013296002044;36.2425371758927;1.60680080787878;0.940405606163677
6.54292016098739;3.51103149907037;5.0683927619139;0.18371458197884;-1.96438264692729;6.77729629019811;-0.395360036021223;4.49165998947147;36.2742611300997;1.60116885733525;0.955904656896416
6.55872407884869;3.48369700210539;5.09401732268434;0.187552406884471;-1.95393754371795;6.7651347276925;-0.390970293770773;4.52047422142485;36.3058354637283;1.59503603335001;0.971841981601685
6.5742615475371;3.45640363137866;5.11943678134339;0.191367334208382;-1.94337125246913;6.75320257396168;-0.386551199864073;4.54663704377195;36.3372415303218;1.58946854228148;0.988276153480109
6.58896431888468;3.4292319871973;5.1446406848969;0.195160145265449;-1.93261009963338;6.7414950397147;-0.382104771120982;4.57020827710936;36.3681360238897;1.58688257817914;1.00768172653032
6.60353252865089;3.40207689708101;5.16961944710278;0.198929220807286;-1.92159533900345;6.73000790533273;-0.377632987852911;4.59124624903094;36.3989521179805;1.58434956850651;1.02703434515082
6.61764522378325;3.37500686879049;5.19436781071417;0.202671757656098;-1.91027900701549;6.71873582008929;-0.373137821663697;4.6098075137787;36.4294800493803;1.58353092221956;1.04663819200489
6.63119926340217;3.34803673553352;5.2188877769333;0.206384707897642;-1.89862051204129;6.70767094017475;-0.368621205491241;4.62594629501717;36.4596644837445;1.58498622319957;1.0665846332882
6.64462434086018;3.32107709187006;5.24317721510826;0.210063469497206;-1.88658987121684;6.69680803036858;-0.364085050168816;4.63971506168139;36.4897818390603;1.58650558878589;1.08646700996522
6.65747381482168;3.29420967234929;5.26724047194386;0.213703795333912;-1.87416104838502;6.68613959883317;-0.35953125416663;4.65116404707751;36.5195638338355;1.58886124887807;1.10353392332585
6.67000856940279;3.26737763374375;5.29108724162933;0.217301784376181;-1.86131126284154;6.67565642150928;-0.3549616395056;4.66034089657686;36.5491793427479;1.59161415227757;1.11938128451629
6.6824149579857;3.24054825466602;5.31471552135712;0.22085153275761;-1.84802854596937;6.6653549660906;-0.35037802660296;4.667291927488;36.5787383356158;1.59444401873043;1.13515168265338
6.69417481137117;3.21378536650172;5.33812941641835;0.224347981568909;-1.83430123377713;6.65522945646921;-0.345782220460427;4.67206166612563;36.6079709601053;1.59757899748221;1.14864394677168
6.70579631646641;3.18701727730681;5.36133344270938;0.227786092079071;-1.82012051270402;6.64527436055757;-0.341175930299737;4.67469292789418;36.6371529747688;1.60080684628543;1.16201160613399
6.71716559047327;3.16026536887618;5.38432302281725;0.231159573586526;-1.80548535056668;6.63548838361295;-0.336560842744818;4.67522775204815;36.6662205683418;1.60430088390297;1.17579603796744
6.72805878181296;3.13356074702437;5.40709663532817;0.234462778500514;-1.79039464184651;6.62586917238702;-0.331938600619635;4.67370719462213;36.6950614845168;1.60839169986032;1.19090854711689
6.7388262178093;3.10684748780449;5.42965223145521;0.237690172522336;-1.7748491883913;6.61641483210602;-0.327310786446558;4.67017144743366;36.7238631493312;1.61257487197284;1.20592870011117
6.74923436633618;3.08017412272886;5.45199088057101;0.240836848052475;-1.75884902866922;6.60712238179102;-0.322678949530307;4.6646596278393;36.7524952634728;1.61740525282446;1.2263082405575
6.75931733394761;3.0535268718493;5.4741183869193;0.243898668505933;-1.74239211036107;6.59798711587054;-0.318044545940666;4.65720943579517;36.7809863535764;1.62280844892906;1.25124296731401
6.76927402578557;3.02686437499356;5.49603527570529;0.246870878568068;-1.72548120833346;6.58900674215825;-0.313409007024968;4.64785768979979;36.8094472820739;1.62831253461336;1.27607680449082
6.77882770359874;3.00020358616286;5.51775649498354;0.249750699914553;-1.70810912626585;6.58017330291673;-0.308773734273935;4.63663915175296;36.8377681298866;1.6343109808753;1.33814118524452
6.78818440405724;2.97352070472962;5.53930037654085;0.252535579019262;-1.69026704876165;6.57147782099844;-0.304139989592908;4.62358634258385;36.8660439854007;1.64051397424922;1.40845970809341
6.79738553143821;2.94680096504867;5.56066821008582;0.255220708462663;-1.67196053909027;6.56291847580172;-0.299508992561373;4.60873107942535;36.8943035896742;1.6467759194038;1.47708897026613
6.80625913069485;2.91994470514225;5.58187577315513;0.257803126366226;-1.65318331679644;6.55448784599539;-0.294881939246029;4.59210331945764;36.9225878513745;1.65259641846834;1.53048252403051
6.81498787434918;2.89305894880037;5.60293583579194;0.260279311512815;-1.63393219219944;6.54617999978291;-0.290259942525768;4.57373150017181;36.9508550560445;1.65854476166159;1.58374823366615
6.82351411382743;2.86607242601286;5.62384480973981;0.262643905078454;-1.61421861451497;6.53799563074465;-0.285644070129367;4.55364395234875;36.979156454805;1.66404342408657;1.62825521181837
6.83179690154472;2.83893756749445;5.64460310445984;0.264892307240554;-1.59404997717265;6.52993392027966;-0.281035304795725;4.53186859969574;37.0075273046193;1.66869315772267;1.65804135277403
6.83993767788391;2.81178315114146;5.66520850483111;0.267019870454433;-1.57343590710441;6.52199513736068;-0.276434564273086;4.50843320272287;37.0358757537281;1.67346316705603;1.68770721803242
6.84782966157466;2.78448078752555;5.68565475895937;0.269021856998841;-1.55238959959516;6.51418112612278;-0.27184272216686;4.48336570181492;37.0642958604413;1.67736523058646;1.71302792763293
6.8555257549905;2.75709707463366;5.70593570137196;0.270893918506555;-1.53092371423273;6.50649368069323;-0.267260529553588;4.45669421825957;37.09274050116;1.68084617925291;1.73595263323029
6.86308805164791;2.72970742191566;5.72604542104078;0.272632076184017;-1.50905027873634;6.49893448186968;-0.262688698725409;4.42844704090204;37.1211549588663;1.68443350228613;1.75877096446086
6.87035065933071;2.7021251035474;5.74598267617765;0.27423299147923;-1.48677614821253;6.49150346604596;-0.258127909753783;4.39865227243562;37.1496774019055;1.68769924517539;1.77794498026213
6.87746884575064;2.67452977319043;5.76574629318115;0.275693444341531;-1.46410810053505;6.48420059465152;-0.253578708179989;4.3673378447332;37.1781760130194;1.69103152987486;1.79673942467059
6.88442645769932;2.64688457414013;5.78533445682451;0.277010284711964;-1.44105362473816;6.47702611011521;-0.249041594850517;4.33453158683639;37.2066832997117;1.69456621723098;1.81480785156292
6.89112952234279;2.61903495245015;5.80475922270036;0.278181163971288;-1.41760450133234;6.46997529671801;-0.24451702690021;4.30026020450063;37.2353282382505;1.69860759843756;1.83033361771707
6.89769724539087;2.59119618437804;5.82402737045736;0.279203040831147;-1.39375939551913;6.46304557078808;-0.240005374960149;4.26454973575543;37.2639312449772;1.70274789506092;1.84576046845442
6.90409684749926;2.56315624182749;5.84314014919033;0.280072471713598;-1.369523891206;6.45623646469488;-0.235506967864259;4.22742600220284;37.2926922130656;1.70708668916585;1.85957644977118
6.91032160661729;2.53491213694942;5.86210746135829;0.280786272483661;-1.34489299221812;6.44954455723359;-0.231022049914791;4.18891400809741;37.3216141266683;1.71162632114536;1.87167552034102
6.91641207576388;2.50670307164151;5.8809286218088;0.281340704107936;-1.3198754281067;6.44297030614256;-0.226550828053742;4.14903875774653;37.350473183825;1.71624959949713;1.8836909445386
6.92231186078627;2.47810892688526;5.89958835568847;0.281732055955851;-1.29449829165393;6.43651919739788;-0.222093479759379;4.10782630865913;37.3796696318564;1.71975735425513;1.89216122826011
6.9280773101467;2.44945373306844;5.91807041626168;0.281957473899717;-1.26878870142594;6.43019682474947;-0.217650057958426;4.0653038014206;37.4088990782933;1.72293288039378;1.89949225661382
6.93372978184039;2.42086565713585;5.93636293489821;0.28201491095162;-1.24276678613081;6.42400707792025;-0.213220590803536;4.02149911193242;37.4380406040216;1.72602327072035;1.90667113551073
6.93905248530576;2.3919454252693;5.95443301991552;0.281903306020741;-1.21648074699966;6.41796064457289;-0.208805088221269;3.97644226176172;37.4674465725211;1.72621103304522;1.91072661550553
6.94431201657974;2.36315068006262;5.97225173178659;0.281623143247284;-1.18997121969268;6.41206636998574;-0.204403455607375;3.93016503416488;37.4967177190778;1.72637162649313;1.91480926437728
6.94939555578688;2.33439951273197;5.98980623962678;0.281175629483253;-1.16325448534484;6.40632742149678;-0.200015572994053;3.88269979334326;37.5259148421166;1.7261463118242;1.9183159587151
6.95417775587204;2.30560157299657;6.0070683772941;0.280563139242995;-1.13636949794832;6.40075169363959;-0.195641283668566;3.83408045605495;37.5551071488199;1.7251071460284;1.92055102973783
6.9589395389632;2.27695393694434;6.02402074810214;0.279788682689732;-1.10933833487328;6.39534321988745;-0.191280387843359;3.78434168345379;37.5841478380264;1.7239951369967;1.92285894399646
6.96339712849569;2.24841017049608;6.04064825792579;0.278855737747907;-1.08217992789624;6.39010505948509;-0.186932670793853;3.73351866955893;37.6130375716266;1.7245796131838;1.924892929438
6.96765950948118;2.21998367734955;6.05692818071122;0.277768916068265;-1.05492598218543;6.38504239488161;-0.182597837643482;3.68164757038857;37.6417818476529;1.72629084296374;1.92677509903552
6.97193497940612;2.19170832993208;6.0728551553045;0.276532222564913;-1.02758053134264;6.38015477238539;-0.178275601041383;3.62876432686984;37.6703786117121;1.72790585548549;1.92875348589123
6.97574668557715;2.16371747287972;6.08842534089486;0.275149470603075;-1.00014677362663;6.3754412527998;-0.173965673392693;3.57490455460155;37.6986278096204;1.73257543508855;1.9312464215655
6.97950264706935;2.13586627215473;6.10363509670072;0.27362440428741;-0.972629243709094;6.37090082484375;-0.169667635443966;3.52010352075805;37.726731130217;1.73763405078737;1.93387794995081
6.98320689667149;2.10816093710169;6.11849214939953;0.271959340220429;-0.945014077929115;6.36652916050521;-0.165381055740341;3.46439544994852;37.7546830005572;1.74275128348567;1.93693848016791
6.98654761046761;2.08072180992824;6.13301616504983;0.27015428655012;-0.917267770127912;6.36231873360189;-0.161105529680106;3.40781285457305;37.7823247455945;1.74856108383729;1.94209042464579
6.98987355290737;2.05335134641356;6.14722302913985;0.268208486755399;-0.889365900226527;6.35826353886364;-0.156840611675572;3.35038684573833;37.8098965457918;1.75434948978281;1.94726376352977
6.993069048254;2.02606976038572;6.16112361101434;0.266121022338552;-0.861295038793382;6.35435932320778;-0.15258586200271;3.29214749603015;37.8373646386762;1.75966643195631;1.95225223233532
6.99608576376153;1.99886890287212;6.17473616276885;0.26388905293456;-0.833028070630303;6.35060007826815;-0.148340827634404;3.23312347362621;37.8647322695917;1.76437307798646;1.95696961356577
6.99906545874274;1.97171025898716;6.18807042838032;0.261510285869801;-0.804555983898746;6.34698248634893;-0.144105069003518;3.17334260409286;37.8920538822793;1.76909210428093;1.9616746145319
7.00187176766185;1.94457022103303;6.20113077264051;0.258983108242555;-0.775881227092805;6.34350485756366;-0.139878165862036;3.11283221513974;37.9193386221517;1.77231256924823;1.96589051083131
7.00458083131997;1.91745629614479;6.21392235163395;0.256305688200298;-0.747004469617568;6.34016539142833;-0.135659638931151;3.05161911930889;37.9465875477956;1.77491823342536;1.96988809886201
7.0072499875685;1.89037783902881;6.22644620753498;0.253477069838081;-0.717935333741996;6.33696343424852;-0.131449041288544;2.98972986172646;37.9737972378868;1.7775428048231;1.97386677967209
7.00971143318305;1.86330110690371;6.23870261159816;0.250496697694073;-0.688684862856396;6.33389853199055;-0.127245963074063;2.92719077046035;38.0009856202787;1.77772331451865;1.97553558903912
7.01213079767634;1.83625473929225;6.25069177607087;0.247364272440975;-0.659263886467411;6.33097023710336;-0.123049942153385;2.86402796610687;38.0281399813562;1.77788057499287;1.97714279514876
7.01447294482084;1.80923243316131;6.2624132795142;0.244079903171996;-0.62968441268045;6.32817824254241;-0.118860542306479;2.80026739986768;38.055263599881;1.77736706184369;1.97850799662485
7.01666518814906;1.78221690106779;6.27386707653357;0.240643833400478;-0.599957172878041;6.32552213294848;-0.114677360812986;2.73593483843628;38.0823679335771;1.77491246475162;1.97921924718424
7.01882174856109;1.75522908527399;6.28505294541682;0.237056561787266;-0.570093031645947;6.32300152191545;-0.110500008834503;2.67105587780785;38.1094417761956;1.77247753084879;1.97991083455439
7.0208708247258;1.72825412075454;6.29597056548554;0.233318815117447;-0.540102805757645;6.32061603110841;-0.106328139931494;2.60565595253533;38.1364944548791;1.768618245785;1.97996366258726
7.02282351892991;1.70129063928826;6.3066198428739;0.229431416201507;-0.5099964088861;6.31836522170471;-0.102161416180182;2.53976032973301;38.1635285508957;1.7635388664941;1.97946413642466
7.02474364807686;1.67435142829401;6.31700032388598;0.225395475990981;-0.479784478611903;6.31624872209141;-0.097999569934869;2.47339413086031;38.1905361051155;1.75847827055458;1.97894582691067
7.02653614186233;1.64741320879457;6.32711204160657;0.221212058437839;-0.449475993561394;6.31426605430138;-0.0938423801450135;2.40658231491571;38.2175338958357;1.75112017589956;1.97891776954905
7.02827517589372;1.62048991173218;6.33695501596992;0.216882325485287;-0.419079725524602;6.31241674903915;-0.0896895475297808;2.33934968644265;38.2445132984249;1.74325830721633;1.97898467065692
7.02997508003151;1.59358416148046;6.34652849839191;0.212407892832244;-0.388606528059001;6.31070047871095;-0.0855407970579541;2.27172093425713;38.2714726951297;1.73512065933506;1.97907237862705
7.03155794826131;1.56666740830362;6.35583233263307;0.207790229018222;-0.358065149842002;6.30911680068642;-0.0813959185438621;2.20372061177631;38.2984359492622;1.72413748100769;1.97952368723672
7.0331129513349;1.53976996185218;6.36486597072026;0.203031085787861;-0.327465368690705;6.30766534122499;-0.077254663620114;2.13537315928765;38.3253783073656;1.71317142594001;1.97995787258672
7.0346091798824;1.51287733103642;6.37362810799226;0.198132762738097;-0.296819244472444;6.30634583018279;-0.0731168001418951;2.06670293620641;38.3523125289444;1.70089017347703;1.98165044004667
7.03602595193866;1.48598016476858;6.38211754042879;0.193097700958721;-0.266138268030825;6.30515794705475;-0.0689821895093197;1.99773421762069;38.3792469826478;1.68636498454713;1.98549056856578
7.03742371777732;1.4591070404965;6.39033284731151;0.187928662253549;-0.235434507797292;6.30410136576377;-0.0648507887274926;1.9284912019196;38.4061564337288;1.67184708891659;1.98932340378553
7.03874423816546;1.4322307090814;6.39827242882167;0.182628738410782;-0.204720532146718;6.303175737201;-0.0607226107755906;1.85899801497396;38.4330651862906;1.65541008489452;1.99364686560889
7.04001957282236;1.40536734029866;6.40593469440874;0.177201246385051;-0.174008759226106;6.30238065825572;-0.0565976778456316;1.78927870679326;38.4599588112014;1.63793080642168;1.99823898961744
7.04128676448831;1.37853442996119;6.41331815018448;0.171649658519945;-0.143311157067913;6.3017156628668;-0.0524760593751687;1.71935724550028;38.4868216266141;1.62044648825629;2.00283615331856
7.04245638523368;1.35169272092423;6.42042130983709;0.165977657117978;-0.11263963932149;6.30118023188779;-0.0483578799307911;1.64925751392409;38.5136888065315;1.60173490610091;2.00852459405517
7.04361819857622;1.32488302120998;6.42724277731628;0.160189066787005;-0.0820057614962945;6.30077378557516;-0.0442432629308618;1.57900330382653;38.5405236683536;1.58291290812574;2.01431267516556
7.04476137757833;1.29810085814384;6.43378132725121;0.15428776641597;-0.0514203941454565;6.30049568353401;-0.040132331597007;1.5086183090031;38.5673302182385;1.56416780040606;2.01959947071639
7.04582691240766;1.27132174651178;6.44003584155026;0.14827771741394;-0.0208940197679464;6.30034523546394;-0.0360252825513701;1.43812612089991;38.5941305201822;1.54576848418183;2.02288970373734
7.04690243537446;1.24458329971236;6.44600533507023;0.142162919763481;0.00956337669738955;6.30032170591537;-0.0319224530891971;1.36755022464827;38.6208905890704;1.52734382131659;2.02620528339929
7.0479391797387;1.21786333295477;6.45168899544524;0.135947341870373;0.0399425120473172;6.30042432307403;-0.0278242242375248;1.2969139959957;38.6476306612917;1.50973354192907;2.0289491775837
7.04893591344493;1.19116065004676;6.4570862216663;0.129634832375542;0.0702350442500026;6.30065229418242;-0.0237309403190136;1.22624070025696;38.6743519403136;1.49299650403281;2.0310801797521
7.04995055537129;1.16450099818752;6.46219641700974;0.123229323107924;0.100432486255708;6.3010048097575;-0.0196430032298447;1.15555349483964;38.7010308933571;1.47622615772212;2.03324449033493
7.05090966375549;1.13784551718026;6.46701910173451;0.116734687786351;0.130526845148787;6.30148105205673;-0.0155608361341008;1.08487543170126;38.7277036239376;1.4613015761915;2.03170839216516
7.05186659323001;1.11121997945559;6.47155390589675;0.110154716423069;0.160510631156003;6.30208020650449;-0.0114847957626776;1.01422946187108;38.7543463522729;1.44693348530486;2.0290313328617
7.05284394364507;1.08463541782524;6.47580035159243;0.103493423634822;0.190375472906081;6.30280143623035;-0.00741525841569861;0.943638439072106;38.7809488734111;1.4326170818895;2.02637283201873
7.05375949513991;1.05804371543648;6.47975805815334;0.0967547702871415;0.220113436435375;6.3036439037014;-0.00335264171654599;0.873125124048217;38.8075563323366;1.4205298191613;2.02325097370674
7.05470218747967;1.0314936254421;6.48342667345651;0.08994275566394;0.249716567183916;6.30460676474357;0.000702639507845532;0.802712189038656;38.8341231527628;1.40840161014267;2.02017006168517
7.05564807340104;1.00496977471373;6.48680581302528;0.0830615480495192;0.279176373266657;6.30568914748758;0.00475014003958717;0.732422219889805;38.8606638640878;1.39686439533756;2.01646860084373
7.05656843130686;0.978452443250582;6.48989518194554;0.0761152675969839;0.308484781571665;6.30689018185176;0.00878938515700369;0.662277721212048;38.8871971625371;1.38665488389992;2.01137549592987
7.05752177642687;0.951976296562951;6.49269450440745;0.0691081221328387;0.337633531738756;6.30820897988631;0.0128198590878471;0.59230111954724;38.913690467547;1.37639932960307;2.00632843387523
7.05846555816931;0.92551206506761;6.49520350645405;0.0620444870304385;0.366613904228767;6.30964461602944;0.0168410143858981;0.522514763736462;38.9401715225225;1.36683984924576;2.0012486977158
7.05941587180714;0.899068079625641;6.49742196313555;0.0549288299712263;0.39541708743132;6.31119613546618;0.0208523541916472;0.452940925965433;38.966632578096;1.35773965512316;1.9961632380903
7.06040543004611;0.872665060854338;6.49934972129321;0.0477656586006278;0.424034388360061;6.3128625632569;0.0248533786391121;0.383601803963263;38.9930541341771;1.34858781855093;1.99112942091444
7.06137545465468;0.846266898484587;6.5009866014513;0.0405599618858955;0.452455581310019;6.31464279394568;0.0288435539433043;0.31451950712512;39.0194701127552;1.33914974763067;1.98591535292211
7.06238116079881;0.81990486999067;6.50233252306258;0.0333169382968854;0.480670164864956;6.31653563556857;0.0328224226915877;0.245716047528985;39.0458513180189;1.3296206861427;1.98072364904981
7.06342325644683;0.79358116132812;6.50338759900213;0.0260415123656756;0.508669148680429;6.31853993335786;0.0367895652971086;0.177213349014477;39.0721956457023;1.3196809987407;1.97556261434698
7.06445303058477;0.767277893841804;6.50415199740687;0.0187391746108537;0.536441799810156;6.32065434272797;0.0407444778838405;0.109033222289757;39.0985190633229;1.30768340804961;1.97029961366787
7.06553744270387;0.741019705226673;6.50462606467995;0.011415428811639;0.563977883963581;6.3228774648636;0.0446865670210163;0.0411973592828437;39.1247996344543;1.29561854542074;1.96510388492653
7.06664481495405;0.714799119502533;6.50481033374632;0.00407533480581397;0.591269175647633;6.3252079921093;0.0486152358122144;-0.0262726496938995;39.15104359355;1.28166337422293;1.95986743191866
7.06776671725495;0.688615038670411;6.50470546166159;-0.00327589297875545;0.618307063695086;6.32764453418231;0.0525299088214652;-0.0933553253346864;39.1772516982849;1.26519674002313;1.95455625473443
7.06895285481958;0.662480033715053;6.50431224198936;-0.0106331497207389;0.645083521812352;6.33018569960296;0.0564299740749085;-0.160029296163495;39.2034136058289;1.24865258439132;1.94932259898221
7.07014633379847;0.636379707728231;6.50363156119129;-0.0179917606068381;0.671592104965248;6.33283021622847;0.0603148154583086;-0.226273275477351;39.2295412044306;1.230361856442;1.94342037175302
7.071384380629;0.610324251343772;6.5026643697789;-0.0253472304626397;0.697826868213168;6.33557686103631;0.0641838634964656;-0.292066048724683;39.2556260576477;1.21129213721741;1.93728844041689
7.07269444653543;0.584320783728857;6.5014117240147;-0.0326948707544433;0.723781060826904;6.33842432419674;0.0680365564542139;-0.357386483082298;39.2816625051911;1.19213673959407;1.9312421874795
7.07399763277159;0.558335462378559;6.49987462576185;-0.0400307381460682;0.749450352024789;6.34137157444394;0.0718723095106823;-0.422213476199811;39.3076804839758;1.17388628923121;1.92453467725497
7.07537457721113;0.532401922045522;6.49805406610102;-0.0473510191192877;0.77483046449037;6.34441764545755;0.0756905352368925;-0.486525939000572;39.3336505530977;1.15556405665384;1.91790308617999
7.07680967381014;0.506508483011384;6.4959512203758;-0.0546512968973363;0.799914809431219;6.34756132702459;0.0794906838019109;-0.550302830846417;39.3595837304438;1.13762279643121;1.91101770216264
7.07826942266767;0.480631387508672;6.49356720124796;-0.0619276067401984;0.824698231394102;6.35080159920419;0.0832722306301303;-0.613523121567789;39.3855019660779;1.1209237809045;1.90324976999446
7.07980906105918;0.454806335314934;6.49090319261288;-0.069175889413766;0.849175066234195;6.35413740693641;0.0870346327162916;-0.676165791340282;39.4113728726562;1.10413188786923;1.89557471533486
7.08139488067458;0.42900692690294;6.48796079103591;-0.0763911938613382;0.873336711047868;6.35756727375662;0.0907773775473725;-0.738209898541934;39.4372209731331;1.08683736730043;1.88768665050651
7.08303477937244;0.403236845435388;6.48474195375432;-0.083568118421253;0.897173444440284;6.36108946008762;0.0945000029496851;-0.799634622659011;39.4630431799827;1.06909692028593;1.8796327112639
7.08476199063793;0.377519423040104;6.48124863309604;-0.0907017270745622;0.920677441474422;6.36470239365002;0.0982020381091173;-0.860419232587824;39.4888185378543;1.05125649890758;1.87167874638513
7.08651821530653;0.351847389931082;6.47748390434863;-0.0977852991931872;0.943835567941835;6.36840351455352;0.10188302356529;-0.920543261021896;39.5145505725395;1.03036345867105;1.86465943028235
7.08835780837124;0.326229932840053;6.473451584409;-0.104811537240351;0.966633839316116;6.37218979720548;0.105542529822622;-0.97998659159713;39.5402339954121;1.00869940716348;1.8579367301682
7.09028745840199;0.300674054603104;6.46915462108476;-0.111775394889676;0.989066139671282;6.37605926739877;0.109180146013317;-1.03872927387634;39.5658626212376;0.986711719847546;1.85133754531986
7.09222179142375;0.275218978176921;6.46459578151779;-0.11867250424715;1.01112838436787;6.3800102409721;0.112795474051408;-1.0967514712585;39.5913910869201;0.962604726898477;1.84494904042371
7.09426469388791;0.249826756886034;6.45977792932195;-0.125498646680552;1.03281667547376;6.38404105037982;0.116388082034567;-1.15403345769497;39.6168653553603;0.938374691155491;1.83868357832147
7.09637831627789;0.224485725503425;6.45470267765296;-0.132251540886459;1.05413263641736;6.38815113950055;0.119957547566623;-1.21055541131608;39.6422943795481;0.915814263152135;1.83394515650509
7.0985340174649;0.199186897638793;6.44936894169513;-0.138932235671307;1.07508682884514;6.39234208664874;0.123503508037162;-1.26629700965701;39.6676848844452;0.896149625224446;1.8316887218248
7.10079519982823;0.173948390425773;6.44377650825096;-0.145540127713057;1.09568291340225;6.39661465412211;0.127025590138514;-1.32123756582505;39.6930244817589;0.876365878494705;1.82955139594656
7.10313137622782;0.148676397216536;6.43792562122985;-0.152073727195479;1.11592084341229;6.40096919156751;0.130523424003493;-1.37535609309662;39.7184042248809;0.86144740465033;1.82766275645366
7.10555207809335;0.123408551811597;6.43181515682814;-0.158532740078602;1.1358034371016;6.40540701465586;0.133996702901864;-1.4286311089667;39.7437877590897;0.84909133331018;1.82595664356248
7.108072506576;0.0981933494649892;6.42544572329971;-0.164914679677701;1.15532620294699;6.40992812290227;0.137445111142512;-1.48104087097828;39.7691286152141;0.836624017855094;1.82436177478623
7.11067343661064;0.072900095820407;6.41881922013822;-0.17121568462862;1.1744806683391;6.41453161858656;0.14086832203133;-1.53256354025187;39.7945552452892;0.827890440414198;1.82384157934867
7.11337169287876;0.0476445998092324;6.41193770316464;-0.177431805689378;1.19325859397571;6.41921655214437;0.144266084062207;-1.58317718682433;39.8199544709793;0.819343468131147;1.82350433556386
7.11616809155771;0.0224120892782813;6.40480322444104;-0.18355916805905;1.21165241661205;6.42398203477845;0.147638178890279;-1.63285977394063;39.845341464367;0.810979665608034;1.82298436656326
7.11905696592682;-0.00287022452060814;6.39741808020725;-0.189593764179805;1.229654590249;6.42882707293866;0.150984376757513;-1.68158917536073;39.8707882910089;0.803633251786778;1.82144871666286
7.12204608911134;-0.0281083958181148;6.38978468442617;-0.195531588190941;1.24725797955206;6.43375065842903;0.154304454022093;-1.72934317629278;39.8962028566723;0.796177696355891;1.8200222083721
7.12514079738606;-0.0533616054075924;6.38190533284005;-0.201368824197291;1.26445635239734;6.43875192131367;0.157598201622904;-1.77609944475169;39.9216449834284;0.788569313075976;1.81609638805388
7.12834102639187;-0.078636308695141;6.37378232501112;-0.207101738703128;1.28124398743434;6.44383004773436;0.160865413547283;-1.821835519513;39.9471214842078;0.780806508172712;1.80950259530102
7.13164246286979;-0.103870192995494;6.36541818821357;-0.212726527655895;1.2976152126473;6.44898414078624;0.164105851058654;-1.86652882699452;39.9725704213114;0.772934696957058;1.80301780886056
7.13506514569838;-0.129151408891234;6.35681582082472;-0.218239252148086;1.31356425261979;6.4542131393778;0.167319263274584;-1.91015671654455;39.9980822741432;0.763988914545154;1.79154898813766
7.13859535734872;-0.154421937642966;6.34797833085831;-0.223635980451827;1.32908566202147;6.45951592510182;0.170505420632255;-1.95269647628629;40.023598191091;0.754634121521757;1.77860080216628
7.14222990625114;-0.179658411993674;6.33890886292225;-0.228912909546861;1.34417464857566;6.46489142953821;0.173664099464694;-1.99412532869502;40.049095045473;0.745156761257233;1.76554941219156
7.14600514422231;-0.204958724959859;6.32961079224158;-0.234066257706856;1.35882673945744;6.47033852012103;0.176795063801517;-2.03442045136621;40.0746754727159;0.735262063215627;1.74753479862221
7.1498829467839;-0.230223349582268;6.3200876693019;-0.239092315137196;1.37303791915346;6.47585603682654;0.179898062934933;-2.0735589924116;40.1002359619525;0.725258786889191;1.72962876333769
7.1538819562395;-0.255483823387105;6.3103429540294;-0.243987590989271;1.3868050093051;6.48144294796779;0.182972873594949;-2.11151805513701;40.1258110203781;0.715485706095928;1.71151878385841
7.15802187162516;-0.280778298604064;6.30037998114238;-0.248748815094186;1.40012561669463;6.48709836741654;0.186019294820011;-2.14827468033357;40.1514420440779;0.706332258278016;1.69284542427673
7.16226576103214;-0.306038675641751;6.29020235470091;-0.253372742418926;1.41299757135731;6.49282132962533;0.189037099159358;-2.18380587825438;40.1770564393545;0.697069509071406;1.67428136608375
7.1666573887114;-0.331327633696507;6.27981342559338;-0.257856399107054;1.42541960067607;6.49861108646562;0.192026070571008;-2.2180885996462;40.2027238855299;0.688671189892831;1.66020110857395
7.17118216935368;-0.356626795637519;6.26921619189969;-0.262197093842465;1.43739130651482;6.50446715841811;0.194986016617408;-2.25109969690695;40.2284244932033;0.680824534759853;1.64919310357193
7.175811521984;-0.381893474492052;6.25841445593338;-0.266391935894072;1.44891186584611;6.51038869431009;0.197916728536452;-2.28281602692594;40.254111765657;0.672868699348034;1.63829427884875
7.18062950385104;-0.407231086820219;6.24741260571292;-0.270437985209732;1.45998053880649;6.51637460353763;0.200817992862512;-2.31321453110765;40.2799033834381;0.66627087658063;1.63251781260977
7.18556332698289;-0.432553298346137;6.23621521725798;-0.274332437874699;1.4705972078557;6.52242378008954;0.203689608463821;-2.34227227131494;40.3057017750015;0.659777144916123;1.62757147945171
7.19061876799682;-0.457858532128884;6.22482733959586;-0.278072546203554;1.48076217091474;6.52853495223801;0.206531404643414;-2.36996650392149;40.3315070523812;0.653428100933984;1.62391021194265
7.19587202182265;-0.483211654472269;6.2132555938042;-0.281655319608208;1.49047540124783;6.53470610159941;0.209343202593055;-2.3962748906847;40.3573987013885;0.648385910672234;1.62692408734323
7.20123113109254;-0.508534756296673;6.20150665823917;-0.285078085300598;1.49973810141908;6.54093528487855;0.212124763236892;-2.42117553372383;40.383282664342;0.643234694886466;1.63004698826783
7.20674575606835;-0.533857304200107;6.18958488198747;-0.288339128566134;1.50855428067503;6.54722189383561;0.214875867905908;-2.444646727891;40.4091987311915;0.638731954128702;1.63310582158343
7.21243136336741;-0.559189984846884;6.1774931357348;-0.29143728690477;1.51692948599637;6.5535661862225;0.217596333118943;-2.46666681737708;40.4351616054374;0.635126309954115;1.63604279773058
7.21822355063923;-0.584492611222533;6.1652355464981;-0.294371188818917;1.5248687765248;6.55996784522817;0.220285955580588;-2.48721438553203;40.4611187303725;0.631411254026183;1.63908918563108
7.22423328131671;-0.60986739264977;6.15281763467857;-0.297139316897566;1.53237702940747;6.56642592123011;0.222944543137518;-2.50626846925853;40.4871954708762;0.62831113393101;1.64122657727671
7.23039383941515;-0.635256227367755;6.14024496644262;-0.299740381149826;1.53946000715908;6.57293954292527;0.225571914533065;-2.52380861931329;40.5133210408111;0.62540339863682;1.6430501459341
7.23666006984032;-0.660616247735595;6.12752365348657;-0.302173225792886;1.54612411506929;6.57950766099318;0.22816790352042;-2.53981502843084;40.5394437565351;0.622388172037805;1.64498120589631
7.24319508496751;-0.686005327599341;6.11467855415433;-0.304433751863955;1.55236837988759;6.58611967443065;0.230732342520115;-2.55427087180091;40.5656603886422;0.620070972275023;1.6414472366952
7.24984539050791;-0.711363741177869;6.10173579407749;-0.306518952856933;1.55819564823532;6.59276449619146;0.233265013342797;-2.567162559565;40.5918763323216;0.617650753386351;1.63794679384032
7.25662129328805;-0.736621957405415;6.08870833568433;-0.308429016063834;1.56361782508457;6.59943793730174;0.235765723939832;-2.57847824314226;40.6180276295262;0.615285204135822;1.6336247124896
7.26354769071196;-0.761654993262789;6.0756227594585;-0.310162988195611;1.56864346051816;6.60612894295663;0.238234301235887;-2.58820955985204;40.6440012289208;0.613275235945113;1.62680380553683
7.27060394975806;-0.786645626697036;6.06250136181433;-0.311721672039391;1.57328582577779;6.61282875954256;0.240670514903896;-2.59635121768017;40.6699689502527;0.611130101762417;1.62011806457604
7.27777537490416;-0.811436161951657;6.04934968612157;-0.313108558394441;1.57756538670931;6.61953726910879;0.243074153279585;-2.60289906208366;40.695775925605;0.608796622630818;1.61310229406197
7.28506818637363;-0.836046629262102;6.03617030367867;-0.314327538578563;1.58150307263815;6.62625593074467;0.245445026040324;-2.60784980983927;40.7214441978563;0.606277228403862;1.60583343005005
7.29249875507693;-0.860607467595741;6.02296880475521;-0.315382259647479;1.58511843315356;6.63298472434922;0.247782924571412;-2.61120151577998;40.7471044420271;0.603612029180824;1.59871037103421
7.30008353680083;-0.885029269669737;6.00974394295948;-0.316276915526412;1.58843240567324;6.63972717657332;0.250087653688861;-2.61295285409059;40.7726769532519;0.600572692801011;1.59150314985246
7.30781026930901;-0.909380120139993;5.99649207412159;-0.317015624050541;1.59146554579842;6.64648810791733;0.252359017329896;-2.61310294980773;40.7982242880224;0.597335953633547;1.58439230128567
7.31567953633042;-0.933673562875153;5.9832186333523;-0.317601845332647;1.59423577065062;6.65326778291535;0.254596852108783;-2.61165260941221;40.8237604726118;0.593908846420972;1.57762696989079
7.32372142635384;-0.957864541091998;5.96992868265077;-0.318039154093787;1.59676118047479;6.66006672476366;0.25680100514016;-2.60860441636403;40.8492531268917;0.589939698435141;1.57284285005101
7.331904341316;-0.982001672016822;5.95662747126279;-0.318331210305192;1.59905991364011;6.66688542907712;0.258971261576222;-2.60396290362859;40.8747396171672;0.585819946765675;1.56820933389486
7.34024120526709;-1.00606416023859;5.9433226405029;-0.318481754425855;1.60114983368495;6.67372322872915;0.261107438152885;-2.5977349971961;40.9002054106942;0.581532121958354;1.56444323795428
7.3487413112973;-1.03003767374896;5.9300217963852;-0.318494720445502;1.60304899598866;6.68057952817692;0.263209382996937;-2.58993017311323;40.9256412348907;0.577063733668566;1.56202202757565
7.35738579621986;-1.05395476054881;5.91673248157929;-0.318374232572502;1.6047755274788;6.68745381249872;0.265276902586364;-2.58056061717748;40.9510725966429;0.572440621098919;1.55975554147688
7.36619384058869;-1.07778065969375;5.90346217311579;-0.318124601651559;1.60634747871285;6.69434564241963;0.267309817802172;-2.56964138971268;40.9764744689295;0.567995987058747;1.56000303624996
7.3751582531746;-1.10153036976595;5.89021826895888;-0.317750321891176;1.60778265148908;6.70125465414589;0.269307945261516;-2.5571905932528;41.0018596894628;0.563571353983109;1.56166018963689
7.38427026803809;-1.12522125315519;5.87700806381732;-0.317256067220455;1.6090983972746;6.70818056382064;0.271271073297501;-2.54322954084646;41.0272424940879;0.558988063496015;1.56347600043527
7.39355302654334;-1.14880546692576;5.86383822797092;-0.316646662777878;1.61031141844167;6.71512343308775;0.273199003671167;-2.52778286827638;41.0525878041993;0.554835898707562;1.56859913737984
7.40298755956411;-1.17232567934646;5.85071527079421;-0.315927088934081;1.61143743197942;6.72208341932479;0.275091534363633;-2.5108787026819;41.0779296826939;0.55056581082552;1.57411699898935
7.41257797555753;-1.19577681359839;5.83764532253524;-0.315102464870049;1.61249086929849;6.72906088150272;0.276948478820136;-2.49254880784124;41.1032660552959;0.546348462030494;1.57998004140264
7.42233932372447;-1.21913593757686;5.82463154177498;-0.314177849445128;1.61348466088217;6.73605776570511;0.278769664279651;-2.47282845722272;41.1285827018171;0.542782630719785;1.5866984048638
7.43225405233962;-1.24243237482515;5.81167772962708;-0.313158436446522;1.61442949226508;6.74307568037473;0.280554874678133;-2.45175671290995;41.1539011897651;0.53905126431234;1.5935823034217
7.44234550626177;-1.26567669215173;5.79878737128659;-0.312049506033123;1.61533342859013;6.75011639478441;0.282303904020986;-2.42937659767011;41.1792415869649;0.535223940443517;1.59983730392375
7.45261548467616;-1.28886890876028;5.78596066077711;-0.31085614639326;1.61620151663029;6.75718346742169;0.284016583874108;-2.40573497864582;41.2046059589826;0.531303797089591;1.60542065958224
7.46304101625328;-1.31199657312038;5.7732007425923;-0.309583803041057;1.61703470639121;6.76427882218088;0.285692721557756;-2.38088307973766;41.2299748487379;0.527215444072681;1.61117222490371
7.47368497965149;-1.33512188217032;5.76051088995661;-0.308238082375085;1.61782935407749;6.77140424907852;0.287332130973588;-2.35484948604588;41.2554321438707;0.522483651935277;1.61287315139608
7.48450336699525;-1.35820103494547;5.74789351266066;-0.306824186095663;1.61858132107489;6.77856201298319;0.288934683630072;-2.32730228048135;41.2809210590602;0.517437515157448;1.61344199857374
7.49548201386762;-1.38121769347277;5.73535546294049;-0.305341277746254;1.61935086022412;6.7857528840417;0.290500284507677;-2.29825182378154;41.3064219856495;0.512181318173198;1.61400103722301
7.50671269796181;-1.40425358224495;5.72290391152497;-0.303790124627557;1.6201927279189;6.79297771039915;0.292028833903401;-2.26771133412174;41.3320497135384;0.505827068221475;1.61066412093269
7.51809776269952;-1.42722222384825;5.71054608425415;-0.302172943774312;1.62115556523454;6.80023753552842;0.293520223386001;-2.23569654569968;41.3576852005863;0.499305014947657;1.60749500796447
7.52967449345831;-1.45014932815717;5.6982897975361;-0.300493331555061;1.62228138515262;6.80753324681984;0.294974381953039;-2.20222565346415;41.3833692969701;0.491899081856067;1.60277032755231
7.54148303445494;-1.47306404479409;5.68614290593227;-0.298756044390039;1.62360524916091;6.81486585605805;0.29639125339156;-2.16731883971872;41.4091476964359;0.482805000840211;1.59454784031168
7.55344561998859;-1.49590902045698;5.67411320526201;-0.296966816880408;1.62515509689824;6.82223652184876;0.297770750989077;-2.13099787562488;41.434935219886;0.4735427121935;1.58649356070191
7.56563818403404;-1.51872895520067;5.66220844463629;-0.295132187473452;1.62695172535763;6.82964650860472;0.299112807229973;-2.09328574853464;41.4608081408596;0.463786510106404;1.5795522702511
7.5780348780768;-1.54150786915407;5.65043637817527;-0.293259328837735;1.62900890373623;6.83709712056652;0.300417376334523;-2.05420629221369;41.4867418437207;0.453643514830814;1.57341447613973
7.59058511661427;-1.56421403227484;5.6388046456039;-0.291355853172303;1.63133364613343;6.84458974453122;0.301684416439175;-2.01378378485007;41.5126855969383;0.443331881169236;1.56744532041435
7.60341047895227;-1.58690678840406;5.62732090186184;-0.289429661023366;1.63392656645451;6.85212573799435;0.302913903452929;-1.97204262700732;41.5387518797542;0.433133021746811;1.56415767058531
7.61640490438761;-1.60953324449044;5.61599277969083;-0.287488772625009;1.63678235783315;6.85970642356325;0.304105823405566;-1.92900691914339;41.5648442465963;0.422806683469128;1.56139478238994
7.62957519746332;-1.63209293551752;5.60482746633393;-0.285541101578388;1.639890477542;6.86733335268311;0.305260211582747;-1.88469975486527;41.5909669623613;0.412462234376784;1.55957398785199
7.64302633491887;-1.65462660599243;5.59383058856942;-0.283594113390183;1.64323619429924;6.87500908991155;0.306377106404638;-1.839142859134;41.6172100453341;0.402780381293237;1.56219020159815
7.65662912993428;-1.67708111516276;5.58300815739627;-0.281655039053205;1.6468008054018;6.88273590990568;0.307456478702218;-1.79235427151374;41.6434634453866;0.392929741630222;1.56497520192378
7.67046723977012;-1.69949582408066;5.57235538160133;-0.279728757596461;1.65056643233793;6.89052396865932;0.308498331902535;-1.7443432860057;41.6698056635867;0.384270430352653;1.56898690635932
7.68457409431134;-1.72187775460308;5.56185261724973;-0.277816942162376;1.6545196430016;6.89839519509512;0.309502693805981;-1.69511516556769;41.6962623103689;0.377227863551935;1.57457040464485
7.69885153396872;-1.74416639239262;5.5514942955595;-0.275923322512456;1.6586414265278;6.90636232783374;0.310469557679784;-1.64467016930086;41.7227317013268;0.369994030483916;1.58034516919767
7.71365162419772;-1.76687260334875;5.54125796665436;-0.274048057280522;1.66291950732511;6.91445246315162;0.311398943642848;-1.59299808952347;41.7498354775724;0.363620097899531;1.58556864298843
7.72877135043956;-1.78967712473669;5.53111135648578;-0.272189083567294;1.66734700546417;6.92270309728943;0.312290882627328;-1.54009169334902;41.7771969891783;0.357478672858686;1.59068618305668
7.74407276534883;-1.81236226470202;5.52105819587564;-0.270350622508222;1.67190110301772;6.93112502979372;0.313145427800856;-1.48595436942449;41.8045602651787;0.351129943479499;1.59601102746328
7.76044709056969;-1.83613087516359;5.51112568728988;-0.268540728548063;1.67654617080856;6.93970978361192;0.313962661897899;-1.43059391191901;41.8334231369989;0.345552772880623;1.59924747255403
7.77694614315104;-1.85979130370329;5.50134066251147;-0.266766707473553;1.68124497428452;6.9484483019262;0.314742641027927;-1.37402008239293;41.8622681472219;0.339856411375711;1.60258569656213
7.7937497040073;-1.88341190964302;5.49173168474531;-0.265035392177159;1.68595875755665;6.95732889017767;0.315485462619778;-1.31625338658044;41.8912559495258;0.334194508905334;1.60572372058105
7.81117911826728;-1.90714549687137;5.48235615017886;-0.26335790771888;1.69063398396964;6.96631074356049;0.316191268582652;-1.25731776792556;41.9207019618903;0.328886684536336;1.60804777483272
7.82865436803025;-1.93076515339142;5.47325588607885;-0.261741429168968;1.69522658611135;6.97536359843693;0.316860184511023;-1.1972326869072;41.9500834616547;0.323518220155471;1.61043246909625
7.84644423758717;-1.95420066366067;5.46444951521625;-0.260188030716077;1.69970796552078;6.98447737665481;0.317492369841339;-1.13601892081347;41.9795062861356;0.31815428243952;1.61590602325473
7.86449389754056;-1.97746542314733;5.45596109367111;-0.25870006079652;1.70405052990939;6.99363471839507;0.318088005578043;-1.07369741300949;42.0089518164994;0.312796970182553;1.6239788143046
7.8825656673508;-2.00062074486208;5.44780487176018;-0.25727755464312;1.70823615786461;7.00282688503502;0.31864727522232;-1.01029476612246;42.0383245553534;0.307400964555175;1.63209029872487
7.90107917809672;-2.0234882971051;5.44001030563855;-0.255922820583398;1.71224261135595;7.01202582430211;0.319170380072772;-0.945843185603462;42.0677469112368;0.302071520649923;1.64683294697786
7.91967414559539;-2.04622192956576;5.43260761485166;-0.254637960844785;1.71605121974336;7.02119816250427;0.319657502395246;-0.8803733789666;42.0971168084299;0.296760694908037;1.66302194998186
7.93825042617714;-2.06875636541142;5.42560445926663;-0.253420998632445;1.71965919543406;7.03033453830692;0.320108854775698;-0.813920234998452;42.1263209005941;0.291488170292207;1.67950432370533
7.95681010706584;-2.09022307331429;5.41902045177549;-0.252272173367946;1.72306014501717;7.03940739013909;0.320524664388244;-0.74652196249205;42.1546983793911;0.286533112369169;1.69870388510634
7.97536662256228;-2.11161521780868;5.41286944401597;-0.251190919352605;1.72625299187031;7.04839241908427;0.320905089097735;-0.678212443512702;42.1830174209257;0.2815608823742;1.71792061857928
7.9938598729451;-2.13258270366543;5.40713989265343;-0.250172504279038;1.72925203872941;7.05729999920507;0.321250311576988;-0.60902020359863;42.2109751707077;0.277293631873167;1.73603147921801
8.01228028470492;-2.15289493522515;5.40181127645954;-0.249210977227961;1.73207755432517;7.06615753432654;0.321560563094878;-0.538972908030531;42.2383959351088;0.274173516369509;1.75233086008613
8.03076716934882;-2.17311478231813;5.39687244601528;-0.248302444008604;1.73474524687551;7.0749817810792;0.32183606289401;-0.468097330680259;42.2657931451912;0.270956694506186;1.7687269473139
8.04945350183253;-2.1931122732852;5.39231324620117;-0.247443497778555;1.73727061905992;7.08379160672808;0.322077054994647;-0.396417444696261;42.293162446729;0.268424419279162;1.78401773387629
8.06829854442864;-2.21293493941405;5.38812132753183;-0.246630547454034;1.73967082171177;7.09261551808107;0.322283801210483;-0.323958310793748;42.3205133831464;0.266182145478115;1.79879590517891
8.08724273499539;-2.23264283761549;5.38429640483262;-0.245862557655077;1.74195592535232;7.10146249175559;0.322456576351657;-0.250746316886264;42.3478498717239;0.263802279959171;1.81371166819941
8.10655574047853;-2.2521823234698;5.38084069248379;-0.245139232020136;1.74413404549018;7.11033794333792;0.322595674248268;-0.176808254056198;42.3753231985745;0.26190309655964;1.82721912743108
8.12598828312212;-2.27159539942855;5.37775697093706;-0.244460613719335;1.74621234174828;7.11924753261299;0.322701380935716;-0.102171617200581;42.4027912023567;0.259907402118178;1.84075503497292
8.14559238384907;-2.29088035819424;5.37504941213434;-0.243827253825899;1.74819626905516;7.12819455743184;0.322774020407778;-0.0268622850337438;42.430290845989;0.257652466134731;1.85403768513772
8.16557039719159;-2.31002012132561;5.37271862912592;-0.24323898066438;1.75009367014027;7.13719752597553;0.322813933453485;0.0490936326836904;42.4579576410661;0.25481052406956;1.86597167807307
8.18566139343205;-2.32901533489954;5.3707686991914;-0.242696483896441;1.7519096606682;7.14626990968541;0.322821426689902;0.125668994661003;42.4856066242057;0.251804184074043;1.87807006893876
8.20619268032072;-2.34807759095393;5.36920595035344;-0.242201064984899;1.753647157712;7.15542207842546;0.322796835653997;0.202837464300638;42.5136227507615;0.147160471089817;1.88942921559437
8.22717078800672;-2.36719819853731;5.36803643357549;-0.24175377698693;1.75531014536993;7.16467706129579;0.322740493594673;0.280570034297713;42.5420072295561;0.14080492005814;1.89999722230466
8.24824279032391;-2.38614471419675;5.36727036989067;-0.241356905872341;1.75689796611927;7.17404364476119;0.322652703095259;0.358832529935054;42.5703444795513;0.1342912904983;1.9107233075431
8.27016679218239;-2.40535297168776;5.36691997153144;-0.241013930258285;1.75840379035509;7.18350599191299;0.322533779477712;0.437587871383012;42.5994927044257;0.125658045862972;1.92103673414563
8.29234029834338;-2.42452238413836;5.36699517881932;-0.240728108029784;1.75981931342079;7.1930451917297;0.322384006208345;0.516797825764939;42.6288036366725;0.116340924498478;1.93125520826189
8.3145374208159;-2.44352151705158;5.36750375737959;-0.240502020463212;1.76113721205618;7.20265183591584;0.322203683895502;0.596418798010809;42.6580214274431;0.106827409189789;1.94142491116153
8.33744267956335;-2.46224320999962;5.36844952458834;-0.240338407496587;1.76234568811765;7.21229080429084;0.321993140306889;0.676406365310927;42.6876044067577;0.0941193094563982;1.94930162552058
8.36026711917126;-2.48082969004155;5.36983182521264;-0.240239005644366;1.76343403645569;7.22193007144995;0.321752648455644;0.756717925402911;42.7170392888496;0.0814340001312526;1.95715554947139
8.38319182631576;-2.49916329375188;5.37165067840526;-0.240204512129647;1.76439615704765;7.23156498594334;0.321482519426047;0.837308381709595;42.7463933894604;0.0687133103240313;1.96394462170156
8.40641605273614;-2.51711349738775;5.37390429312822;-0.240235354556984;1.7652259109245;7.24118650306784;0.321183101661767;0.918132339285853;42.7757459788418;0.0558965510687766;1.96849744445635
8.42954017316401;-2.53494257873837;5.37659021258312;-0.240331620393738;1.76591819218695;7.25078811644985;0.320854706119239;0.99914359485582;42.804945312522;0.0431200051356386;1.97301005388902
8.45294204045467;-2.55243097548339;5.37970488234429;-0.240493102023704;1.76646868222888;7.26036310853764;0.320497668236847;1.0802952213388;42.8341598878809;0.0318840050555908;1.97597391031067
8.47648342980567;-2.56965893356537;5.38324265230041;-0.240719241072545;1.76687376336301;7.26990195906083;0.320112326803579;1.16154068177767;42.8633317844982;0.0217102332303362;1.97787002727787
8.49990036265977;-2.58678373068058;5.38719861245224;-0.241009296973168;1.76713118280366;7.27940036734744;0.319699016258905;1.24283246643191;42.8923423243162;0.0116015516789823;1.97970105397116
8.52357977753939;-2.60326698543737;5.39156479483645;-0.241362152226199;1.76723936318995;7.28884897633681;0.319258086737584;1.32412363835144;42.9211938819244;0.00658982200273661;1.98166753684334
8.54719291089395;-2.61958417204651;5.39633160322103;-0.241776369613147;1.76719781770947;7.29823799089939;0.318789852397031;1.4053682827787;42.9498963320926;0.00235177358931582;1.98359974494235
8.57073787242544;-2.63572229627434;5.40149297470805;-0.242250679285548;1.76700722055841;7.30756664034037;0.318294661560755;1.48651995968419;42.9784411086219;-9.99704291571035e-09;1.98583969032249
8.59445945639947;-2.65127071618569;5.40704448005695;-0.242783947675503;1.76666883094511;7.31683726603616;0.317772879009145;1.56753221653926;43.0068042344718;0.00772883263769658;1.99005637282976
8.6180814783006;-2.66673233534199;5.41298156972343;-0.243375059026102;1.76618429084406;7.32605172083184;0.317224792083177;1.64835959241048;43.0350365136153;0.0154952462987674;1.9942354843107
8.64176348129735;-2.68188502997876;5.41929769126655;-0.244022724700107;1.76555567200523;7.33520876116839;0.316650714502481;1.72895861844385;43.0631513036855;0.0267774469389857;1.99947597854891
8.66556058067506;-2.6966618879689;5.42598507379331;-0.244725533693912;1.76478548592973;7.344305864944;0.316050988587677;1.80928780568542;43.091163041776;0.0426729775075911;2.00612964586232
8.68926469223243;-2.71135869388687;5.43303655277662;-0.245482138813303;1.76387650293351;7.3533418540246;0.31542592825447;1.88930718455875;43.1190535600379;0.0585984056051355;2.01275341564679
8.7130338127475;-2.72554399327618;5.44044308203918;-0.246291003552896;1.76283191837;7.3623135766392;0.314775863383214;1.96897891731886;43.1467337661214;0.0729738923704923;2.02051582751245
8.73679334934099;-2.73947580559138;5.44819429766232;-0.247150445808279;1.76165531606356;7.37121695162446;0.314101103927776;2.04826728990673;43.1742766594611;0.0867150819755315;2.02874413426968
8.76048345733105;-2.75332996905227;5.45628269985801;-0.248059100435033;1.76035009871814;7.38005170683982;0.313401961824397;2.12713765828475;43.2017204030429;0.100462285841824;2.03696642676566
8.78422649196182;-2.7665747221839;5.4647079978356;-0.249016451439362;1.75891867998693;7.38882518663501;0.312678760234341;2.2055550770351;43.228907811507;0.109367028589557;2.04408576433525
8.8079427432143;-2.77971994270846;5.47347040041609;-0.250022130459784;1.75736322483832;7.39754432413425;0.311931762080611;2.28348536658648;43.2560234416142;0.118170242961939;2.05123052708195
8.83168276747351;-2.79267893090441;5.48256683602246;-0.251075470445086;1.75568623162491;7.40621211137521;0.311161251708278;2.36089569591509;43.2830701443132;0.125898318482458;2.05761912568685
8.85554730913189;-2.80528414592461;5.49200121327952;-0.252176665715514;1.75388886626961;7.41483761864585;0.310367548003367;2.43775245106308;43.3100591753123;0.130707916449174;2.06184785419114
8.87940204243141;-2.81778370988374;5.50177497136549;-0.253325706016562;1.75197244941465;7.4234267521911;0.309550933675928;2.51402293438004;43.3369903357025;0.135452538547636;2.0661415585637
8.90338722411998;-2.83002527891547;5.51188544874394;-0.254522151435539;1.74993881481004;7.43198134901475;0.308711712128549;2.58967566087399;43.3639188513131;0.138483239420671;2.06845942853778
8.9274808520709;-2.84203047890493;5.52233226672355;-0.255765855079901;1.74778920144101;7.44050496697802;0.307850201965576;2.66467929948104;43.3908377616667;0.140056895736233;2.06912503085112
8.95156291948734;-2.85392642734132;5.53311175832293;-0.257056303446569;1.74552530313461;7.44899826026181;0.30696671418151;2.73900348951755;43.4176977609268;0.141562106355871;2.06985907886038
8.97587524216966;-2.86550940507488;5.5442231061505;-0.258393328699993;1.7431481263118;7.45746403912674;0.306061572675787;2.81261768935384;43.4446283087746;0.140538956557908;2.06812167706045
9.00022030104973;-2.87693712644473;5.55566600668154;-0.259776837766634;1.74065843761012;7.46590527337692;0.305135087280796;2.88549174351149;43.4715220758514;0.138912689103805;2.06589249954193
9.02458053670725;-2.88823514737431;5.56743416543196;-0.261206018238462;1.73805812012017;7.47432042392364;0.304187586025158;2.95759699661799;43.4983747546417;0.13709973429018;2.06346220994445
9.04926549546423;-2.89923158195473;5.57952127546191;-0.262680032050542;1.7353490207631;7.48270812447662;0.303219410821137;3.02890540235077;43.525398240026;0.134080804882717;2.05867089125812
9.07388658279081;-2.91013252819255;5.59191992281036;-0.264197879772413;1.73253321414848;7.49106642157051;0.302230867893198;3.09938996881702;43.5523245945885;0.13103670400337;2.05390474404368
9.09860576904101;-2.92081319779533;5.6046173825332;-0.265757877365058;1.72961395853395;7.49939008160787;0.301222279999937;3.16902575770341;43.5792525516598;0.127537151951549;2.04829056855669
9.12351137478477;-2.93119523697668;5.61759580891024;-0.267357656701836;1.72659574327193;7.50767105842697;0.300193987006168;3.23778966803723;43.6062354339193;0.123313813764111;2.04123610867693
9.14830744687079;-2.94150920332205;5.63084091496116;-0.268995223405347;1.72348243088618;7.51590417060082;0.299146314894545;3.3056589504342;43.6330910309647;0.119113297612039;2.03415882676181
9.17323163050122;-2.95145749154464;5.64433974100469;-0.270668701603098;1.72027775214122;7.52408545434665;0.298079599802653;3.3726114970936;43.6599272633419;0.114566227266819;2.02731790911091
9.19816629560553;-2.96118835633243;5.65807809520544;-0.272376027073836;1.71698589199779;7.53221052694781;0.296994172097144;3.43862579656024;43.6866934220761;0.109854115659992;2.02058367772324
9.22298169031369;-2.97086606817325;5.67204623849381;-0.274115659066502;1.71361018184604;7.54027790463268;0.295890367958175;3.50367981733713;43.7133291484787;0.105177756008553;2.01381369438018
9.24798519573503;-2.9800621645183;5.68623668244742;-0.27588632658725;1.71015357507927;7.54828749246631;0.294768534578998;3.56775118712963;43.7399701595583;0.100610656746628;2.0085670444765
9.27289548438061;-2.98917680621535;5.70064202966392;-0.277686769811684;1.70661912848333;7.55623926978536;0.293628997475098;3.63081740394008;43.7664956034504;0.0960819348679758;2.0034020748401
9.29775761810908;-2.99814819287232;5.7152548049531;-0.279515723030203;1.70301002505949;7.56413319415893;0.29247209949892;3.69285575781446;43.7929268628241;0.0916001611345243;1.99845309910516
9.32276105968455;-3.00671233144485;5.73006785291632;-0.281371967800246;1.6993294612972;7.57196941507409;0.291298197379049;3.75384324057125;43.8193563266875;0.0872024277524227;1.99441333615411
9.34764685618582;-3.01523421066127;5.74507377127347;-0.283254265520863;1.69558076565287;7.57974796640278;0.290107628978462;3.81375662079198;43.8456607995559;0.0828402860814086;1.99033798149198
9.37256839542124;-3.02348969765623;5.76026475812259;-0.28516134019114;1.69176741988879;7.58746869962445;0.288900747407914;3.87257244841559;43.8719141076024;0.0788117497252799;1.98617901627117
9.39753362534271;-3.03146951294391;5.77563307283952;-0.287091937802829;1.68789293110155;7.59513152889376;0.287677907165267;3.93026700322585;43.8981236508464;0.0751333027981242;1.98193314141549
9.42237975148017;-3.03941509888292;5.79117106304244;-0.289044831752292;1.68396080955314;7.60273644060977;0.286439462202183;3.98681631873987;43.9242093235414;0.0714934521528843;1.9776486702779
9.44733871337928;-3.0469710101073;5.8068712570786;-0.291018836138262;1.67997453102351;7.61028353350076;0.285185778204587;4.04219622884021;43.9502869302857;0.0676572212500811;1.97141489323381
9.47225083349968;-3.0543871547481;5.82272632305072;-0.293012801979842;1.67593753320576;7.61777299206951;0.283917198038205;4.09638247733571;43.9762794855704;0.063787496880929;1.96455520167512
9.49705693038835;-3.06175593217787;5.83872885908422;-0.295025591683044;1.671853255642;7.62520498386749;0.282634085251981;4.14935084861197;44.002156914416;0.0599453986935797;1.95748684231694
9.52202340263775;-3.06865255429321;5.85487166624536;-0.297056113684377;1.66772506020626;7.632579785425;0.281336817042538;4.20107728467938;44.0280584227347;0.0558734111379114;1.94659391813263
9.54687322318794;-3.07552547943781;5.87114753786716;-0.299103296197752;1.66355627428381;7.6398976803765;0.280025728577416;4.25153809863385;44.053841182118;0.0518405808796469;1.93566183665093
9.57169496704983;-3.0822277912919;5.88754909789946;-0.30116606657126;1.65935022304331;7.6471588870038;0.27870118167967;4.30071017876652;44.0795518793574;0.147592862752379;1.92425797456783
9.59658879824004;-3.08859451472287;5.90406903410837;-0.303243379988254;1.65511016325185;7.65436366290561;0.277363561915535;4.34857117373143;44.1052469761382;0.142845136856633;1.91189886772555
9.62136656164638;-3.09494434765317;5.9206999967539;-0.30533420607128;1.65083930309814;7.66151225771337;0.276013249366866;4.39509970919937;44.1308254424265;0.138138194633669;1.89949897721049
9.646187648672;-3.10099896442321;5.93743480936916;-0.307437554507794;1.64654074399554;7.66860500099217;0.274650649471754;4.44027557183326;44.1563743121738;0.133175657419483;1.88838546761335
9.67100037455206;-3.10685270469156;5.9542665281342;-0.309552481631707;1.64221746213981;7.67564232039192;0.273276141886085;4.48407994631469;44.1818681867465;0.128055422035805;1.87812153528793
9.69569777877726;-3.11269616528652;5.97118812517284;-0.311678049552711;1.63787238656054;7.68262460330048;0.271890118431218;4.52649563150221;44.2072474658377;0.12297759315452;1.86781519646011
9.72050763856704;-3.11812173859182;5.98819308335125;-0.313813399626041;1.63350824608689;7.68955243836356;0.270492974290794;4.56750717755304;44.2326436464261;0.117735506609993;1.85896935238349
9.74523708452202;-3.12348183061179;6.00527513180382;-0.31595771814774;1.62912763668829;7.69642649596924;0.269084987116937;4.60710117537689;44.2579473237024;0.112505308083658;1.85029481044794
9.76989212308517;-3.12876539678876;6.02242756298308;-0.318110149157589;1.6247331949356;7.70324724986834;0.267666444588227;4.64526651684535;44.2831621407372;0.107423370014554;1.84151933126039
9.79464476096426;-3.13365556142725;6.03964373173442;-0.320269855391092;1.62032747034064;7.7100151792912;0.266237673907509;4.68199450965641;44.3083932087321;0.102968458884855;1.83237673320876
9.81928807689829;-3.13854252556285;6.05691701618053;-0.322436011895208;1.61591293649896;7.71673074984351;0.264798922132757;4.71727901827163;44.3335164139155;0.0985538209828191;1.82319386192948
9.84392201405367;-3.1432296681095;6.07424086973391;-0.324607811086017;1.61149197953937;7.72339443031903;0.263350465146858;4.75111655203503;44.3585923020359;0.0943567302543992;1.81323865146247
9.86857931587537;-3.14765587014382;6.09160892134695;-0.326784473925853;1.60706687501081;7.73000672684629;0.261892625661495;4.78350632480729;44.3836437251008;0.0904328512912279;1.80228027637534
9.89312926141981;-3.15208411956525;6.10901485536907;-0.328965233529656;1.60263982120968;7.73656813227052;0.260425721463393;4.81445021546999;44.4085898514368;0.0865499276589951;1.79128094595726
9.91773265240132;-3.15619120659758;6.12645317583434;-0.331149429788501;1.59821274904895;7.74307940813953;0.258950092919045;4.84395263211832;44.4335336885851;0.0847728484801168;1.77917549918302
9.94229707727668;-3.1601694437024;6.14391893325279;-0.333336474203135;1.59378739676471;7.74954147000635;0.257466053821068;4.87202055604083;44.4584181684856;0.0838803729294515;1.76659454829296
9.96675752944869;-3.16415314514615;6.16140662294181;-0.335525710760232;1.58936559192721;7.75595497524979;0.255973932262402;4.89866348795606;44.4832008962946;0.0830276288732263;1.75397386590846
9.99133336671911;-3.16770193231323;6.17891129094956;-0.33771655335867;1.5849489740601;7.76232073162096;0.254474069194853;4.92389317515609;44.5080316366762;0.0835089453737412;1.7400493051573
10.0158123863038;-3.17125070554037;6.19642817534203;-0.339908440117287;1.58053908991953;7.76863956042489;0.252966729601346;4.94772350768136;44.5327665551366;0.084043163534846;1.72607222563999
10.040246890613;-3.17469006716268;6.21395205926192;-0.342100751560233;1.57613755932492;7.77491206286045;0.251452200948654;4.97017028844417;44.5574419317134;0.0849572728621411;1.71139196139945
10.0647358633196;-3.17781434719466;6.23147813638131;-0.34429291829593;1.57174586011692;7.78113893267536;0.249930791893463;4.99125086207715;44.5821293963451;0.0868572250196848;1.69483057329158
10.0891291351483;-3.18094650263236;6.24900165884533;-0.346484376556916;1.56736542103516;7.78732082800685;0.248402752849077;5.01098373484636;44.6067229342809;0.0887918334070158;1.67823452895393
10.1135364638518;-3.18385266604036;6.26651869893398;-0.348674663328194;1.56299743551274;7.79345863843014;0.246868350907327;5.0293880452654;44.6313026714681;0.0919802735308948;1.65888960232914
10.1379433928472;-3.18656946592027;6.28402635238585;-0.350863441887852;1.55864281761272;7.79955354926404;0.245327849486841;5.04648325747897;44.6558603420534;0.0962269155562875;1.63722863060401
10.1622592299761;-3.18929459042389;6.30152102399336;-0.353050287355651;1.55430263417428;7.80560644203411;0.243781496493022;5.06228883871272;44.680328407748;0.100504778975167;1.6155364374854
10.1866548892142;-3.19168738098113;6.31899957612622;-0.355234830519223;1.54997782029072;7.81161829865792;0.2422295497713;5.07682367151639;44.7048411317156;0.10522377080574;1.5905713453009
10.2110020208814;-3.19401169803597;6.33645929186358;-0.357416753649615;1.54566919297497;7.81759018844828;0.240672216764275;5.09010573294028;44.7292989580743;0.11005845050276;1.56487277637333
10.2352829182173;-3.19630300291946;6.35389637987162;-0.359595603904687;1.54137782374561;7.82352276059317;0.239109720898878;5.10213063125291;44.7536877270778;0.114969712704342;1.53946239384089
10.2596515957917;-3.19824167780387;6.3713055481967;-0.361771049764488;1.53710191679095;7.82941613338453;0.237542297109074;5.11269082884748;44.7781333996403;0.120371318736235;1.51689005974286
10.2839398270979;-3.20018559511304;6.38868076413677;-0.363945790767602;1.53280660546867;7.83527034813128;0.235970100724726;5.12179859210691;44.8024992978279;0.125795118878684;1.49429553153426
10.3082080485496;-3.2019866287159;6.40601686637649;-0.36612156863428;1.52846027629926;7.84108556508908;0.234393302592918;5.12946616136263;44.8268342581621;0.131407507576966;1.47391938214303
10.3324972474574;-3.20354748743167;6.4233079147294;-0.368299099807503;1.52403470321276;7.84686152219976;0.232812094259917;5.13570582476882;44.8511735569095;0.13731699186676;1.45723100419488
10.3567083281237;-3.20511607578849;6.44054854001478;-0.370478369110102;1.51950445435486;7.85259800252848;0.231226636201534;5.14052988408614;44.8754353972449;0.143248607641225;1.44052049476206
10.380941319797;-3.20643638760327;6.45773499693688;-0.372658871303815;1.51484639561546;7.85829519226226;0.229637093631214;5.14395053556196;44.8997043302401;0.148886219657122;1.42571459457184
10.4051510254065;-3.20762915122607;6.47486404101613;-0.374839566447788;1.51003976046083;7.86395331340724;0.228043588194481;5.14597984466472;44.9239434005763;0.154377679836295;1.41190564001865
10.4292852657798;-3.20883064421363;6.49193196952293;-0.377018846107292;1.50506619542563;7.86957231766995;0.226446223865217;5.14662979841601;44.9481075298549;0.159889862593027;1.39807596288789
10.4534910913311;-3.20968525078371;6.50893687238249;-0.379194895244377;1.49990892688092;7.87515263733691;0.224845108531885;5.14591217547893;44.9723284370016;0.164839016504718;1.3844840473646
10.4776356352216;-3.21052042142269;6.5258771973833;-0.381365573726008;1.49455298164547;7.88069471763313;0.223240280577576;5.14383853349763;44.9964874210381;0.169762576279515;1.37089406195126
10.5017429429266;-3.21128575453896;6.5427499082229;-0.383528242468744;1.48898558265266;7.88619842475187;0.221631777349585;5.14042034266988;45.0206068741738;0.174482400096702;1.35721377323959
10.525910462801;-3.21176770420137;6.55955327333572;-0.385680172752674;1.48319511797794;7.89166396720669;0.220019669215322;5.13566889516771;45.0447791991004;0.178387739546081;1.34324213155321
10.5500105896875;-3.21225325331348;6.57628536188849;-0.387818396208067;1.47717148766222;7.89709141042946;0.218404007645893;5.12959533467392;45.0688842167084;0.182304975410529;1.32925859345176
10.5741216877839;-3.21257328770136;6.59294015973372;-0.389939262744077;1.47090736846009;7.90247943085847;0.21678485083926;5.12221098972992;45.0929974386712;0.185908892784235;1.31536176396848
10.5982499225522;-3.21271977066073;6.60950853959432;-0.39203862976369;1.46439785937541;7.90782565358482;0.215162260567632;5.11352762394831;45.1171261180857;0.189183194646523;1.30155667177691
10.6223138381319;-3.21287200381229;6.62598416579714;-0.394112650471459;1.45763819120992;7.91312856830584;0.213536294842856;5.10355722102623;45.1411905151893;0.192469916634309;1.28773915945984
10.6463508507784;-3.21276127787452;6.64235112322973;-0.396156277308798;1.45062861531522;7.91838355834254;0.211907011305556;5.09231273415266;45.1652277828627;0.195532891440986;1.27418298571565
10.67033128682;-3.21258741460553;6.65858919928968;-0.398164038459094;1.44337240949895;7.92358463658949;0.210274438734968;5.07980841227019;45.1892088491689;0.19854867279117;1.26068551198916
10.6942383758834;-3.21242034414076;6.67469044503373;-0.400132090454289;1.43586864501916;7.92872974723858;0.208638609234279;5.06605884352095;45.2131165219964;0.201598538137314;1.24711558163492
10.7179748147377;-3.21188445505184;6.69064345465569;-0.402056251353929;1.42811902092886;7.93381571458951;0.206999551590565;5.05107922485685;45.2368590093682;0.204767778261546;1.23258118149575
10.7416317105984;-3.21139755875875;6.70643719692258;-0.403932518777949;1.42012608560113;7.93883947859681;0.20535724787199;5.03488533307639;45.2605209152458;0.207989709870533;1.21799408987182
10.7651916907994;-3.21081262448639;6.72207271661864;-0.405758406381751;1.41188728706359;7.94380180018245;0.203711675629008;5.01749260200145;45.284088155542;0.211432908721618;1.20224514530988
10.7886320264603;-3.20996655493478;6.73756075414982;-0.407532495578083;1.40339569742009;7.94870645801791;0.202062795690018;4.9989153964844;45.3075437555041;0.21528478319875;1.18410080623394
10.8119896575206;-3.20917757215197;6.75290817743507;-0.409252809771681;1.39464694320962;7.95355593410731;0.200410518141283;4.97916732934796;45.330914708043;0.219194071311469;1.16589905352242
10.8353366274637;-3.20817858245446;6.76812624279909;-0.410917756305904;1.38563457436703;7.95835403254325;0.198754743296917;4.95826094573457;45.3542830410161;0.223321347098087;1.14511847877284
10.8586530151433;-3.20704942868028;6.7832357283346;-0.412526554005747;1.37634678189289;7.96310747137533;0.197095380102805;4.93620702322706;45.3776267537172;0.227603780365851;1.12260330387049
10.8818934496349;-3.20596423862552;6.79824420443225;-0.414076781899174;1.36677983787661;7.96781872899496;0.195432355408309;4.91301559858646;45.400892510374;0.231927910190149;1.10004643241161
10.9053159215109;-3.20457290314501;6.81316148071065;-0.415566137217063;1.3569287652574;7.97249093232119;0.193765602154642;4.88869581405346;45.4243562697318;0.237689586851711;1.07838160178976
10.9287092097626;-3.20315701432686;6.82799910439053;-0.41699232418879;1.34678754191079;7.97712769052462;0.192095067387565;4.86325580330135;45.4477923674525;0.243669261018376;1.05682548984482
10.9520840635349;-3.20171211321618;6.84275585051709;-0.418351743286691;1.33635885141821;7.98172858093506;0.19042076264318;4.83670366808844;45.4712118364493;0.249772701786322;1.03610442219135
10.9756484211693;-3.20000665566371;6.85742051243153;-0.419640071384923;1.3256525763006;7.98629008314679;0.188742681217899;4.80904823112488;45.4948378292578;0.256462774212127;1.02002864714881
10.9991572259904;-3.19831581800758;6.8719832032212;-0.420853431845934;1.31467796325657;7.99080912757639;0.187060741652985;4.78029893225052;45.5184073612026;0.263165075176528;1.00394064356769
11.0226501354424;-3.19649829129578;6.88643515119404;-0.421988345852636;1.30344372416605;7.9952830267419;0.185374875694741;4.75046574123522;45.5419704721574;0.270053729902475;0.990013728483685
11.0461399859462;-3.1945145222781;6.90075804359948;-0.42304098922836;1.29196620233882;7.9997061949294;0.183685030570181;4.71955986630576;45.565543940638;0.277187306179374;0.978919903446973
11.0695748195279;-3.19255729342127;6.91494065225386;-0.424008543470197;1.28025650605035;8.00407530303213;0.181991187954588;4.6875932144855;45.5890603640438;0.284344104074426;0.967802856792105
11.0929547387345;-3.19037581909555;6.92898124582292;-0.42488909053883;1.2683183046642;8.00838997504701;0.180293364199856;4.6545776799682;45.6125418344479;0.291462102456162;0.957299109459161
11.1162789372459;-3.18812293767388;6.94287815993857;-0.425680803198281;1.25615543957734;8.01264985569638;0.178591540055227;4.62052514250871;45.6359745831322;0.298581345826587;0.947028244709896
11.1395475569668;-3.18590358323013;6.9566297869539;-0.426381945169299;1.24377191396647;8.01685460823568;0.176885774185067;4.58544746638085;45.6593488039291;0.305729171349465;0.936728797808179
11.1628512300019;-3.18336857556547;6.97024399822974;-0.426991223455791;1.23116347327153;8.02100677332817;0.175176119362929;4.54935580072627;45.6827899523819;0.312541896607687;0.92610802461659
11.186103315392;-3.18085555219106;6.9837288514597;-0.427507122893893;1.21832578063224;8.02510889806874;0.173462407306265;4.51226057695963;45.7061774439419;0.319370968876911;0.915463139175325
11.2093461014456;-3.17828246774261;6.99708398749705;-0.427927691116443;1.20526248673269;8.02916094045996;0.171744446336563;4.47417214258556;45.7295622224765;0.32618131713953;0.904829652572131
11.2326576758198;-3.17549399837807;7.01031167282727;-0.428251080257975;1.19197479990295;8.03316364815926;0.170022090400639;4.43510057025207;45.7530399792092;0.332900794965936;0.894266842779698
11.2559212367824;-3.17272414314551;7.02341317518311;-0.428475395373946;1.17846499171139;8.03711745406567;0.168295120586269;4.39505573686086;45.7764678550555;0.339633215768862;0.883691090010744
11.2792157833747;-3.16980666922679;7.03638574284055;-0.428598733689437;1.16473949647754;8.04102158058302;0.166563344667999;4.3540476246511;45.7999443870611;0.346426874752317;0.873901781104352
11.3025309456642;-3.16676657666024;7.04922553540489;-0.428619353136681;1.15080596167856;8.04487494284609;0.164826616378622;4.3120864020542;45.8234569146878;0.353272332360266;0.464771102730057
11.3258015201176;-3.16374285152244;7.0619299890384;-0.428535688611871;1.13667074118458;8.04867686037268;0.163084833612487;4.26918232886269;45.8469231148298;0.36012838180682;0.455629832517157
11.3491136368845;-3.16049790242312;7.07448687186839;-0.428346547164266;1.12235088672389;8.05242380496223;0.161337928798595;4.22534646986481;45.8704599897882;0.367074850153319;0.450424119291314
11.3724014195648;-3.15722404620192;7.08688166282713;-0.428051367443615;1.10786612371904;8.05611165444564;0.159585786217675;4.18059085553466;45.8939767701104;0.374055481799237;0.446056875191126
11.3956334901361;-3.15394691252775;7.09910827057945;-0.427649893437333;1.0932265706069;8.05973886711837;0.157828332382435;4.13492785010853;45.9174388396727;0.381067117652759;0.441913958230149
11.4187036990261;-3.15044257129128;7.11114164955487;-0.427143120351409;1.07846491047912;8.06329837642072;0.156065501058131;4.08837154729031;45.9407736836989;0.38820879189935;0.439948251339446
11.441727502564;-3.14699359367932;7.12295937369585;-0.426533037135366;1.06361088293341;8.06678405314315;0.154297110494782;4.04093755882874;45.9640543833431;0.395398081141353;0.437934929453329
11.4645582794349;-3.14347002024377;7.13455961999918;-0.425821202079282;1.0486689677633;8.07019592911308;0.152523003038335;3.99264147820225;45.9871554643196;0.402706043717006;0.436615284591696
11.487095416601;-3.13979857918107;7.14593923975722;-0.425009325743064;1.0336456589594;8.0735336525006;0.150743074785771;3.94349898056891;46.009989693694;0.410187209366134;0.436462329311815
11.5095799022977;-3.1362127604583;7.15709620821653;-0.424099139077893;1.01854630832124;8.07679720985164;0.148957235919118;3.89352574071309;46.0327583166862;0.417741346106965;0.436236402940231
11.5318987806902;-3.13244160101609;7.16804518711841;-0.423090753368232;1.00335421531117;8.07999142034495;0.147165447042771;3.84273619910999;46.0553935541763;0.425522707348985;0.435539114708646
11.5541047948053;-3.12861090733661;7.17880860077559;-0.42198264580961;0.988042107903717;8.08312323138342;0.145367676769101;3.79114299896418;46.07792755686;0.433453152435676;0.434564351777727
11.5762587408913;-3.12486226694139;7.1893936867034;-0.420774020576266;0.972604017384501;8.08619505835886;0.143563997572596;3.7387581309046;46.1003964160209;0.441449587511211;0.433523598857963
11.5984649247996;-3.12082335159394;7.19980997328353;-0.419463423156782;0.957030632952006;8.08920992381943;0.141754507775608;3.68559276856034;46.1229669153719;0.450073012732895;0.430400871339058
11.6206305685983;-3.11682858940249;7.21006749879026;-0.41804884222971;0.941311792040762;8.09217092994876;0.139939140696114;3.63165723745474;46.1454896569896;0.458791596626867;0.427078877250825
11.6427615232926;-3.11282530446397;7.22016510273998;-0.4165295468567;0.925454192925368;8.09507791560167;0.138117890630548;3.57696185836734;46.1679797758417;0.468128826332394;0.423295718339452
11.6648926255291;-3.10859637693222;7.23009747705336;-0.41490565458097;0.909470937709681;8.09792955710907;0.136290811370722;3.52151725792485;46.1905112985215;0.479629139544822;0.417938158625061
11.6869799005453;-3.10444131529186;7.23986031678484;-0.413177468942604;0.89337352844322;8.10072486441179;0.134457864066717;3.46533429104829;46.2129860010752;0.491187036165107;0.412523015502813
11.7090209336128;-3.10017628900144;7.24945200816371;-0.411345061013759;0.877169075155024;8.10346364906017;0.132619084006881;3.40842383680135;46.2354358916749;0.502637913283836;0.406055962731228
11.7310166676065;-3.09579471694795;7.25887017202227;-0.409408804971757;0.860865953455714;8.10614552591119;0.130774529805904;3.35079685598276;46.2578637869747;0.513975725379261;0.398490508020385
11.7529718836527;-3.09149180235664;7.26811322427607;-0.407369076509217;0.844471172287694;8.10877035835983;0.128924290240621;3.29246433038626;46.2802366854373;0.525374869006092;0.390863721778138
11.7748942787155;-3.08697758082987;7.27718149754756;-0.405225906724015;0.827988363986498;8.11133856506704;0.127068520485453;3.23343711699801;46.3026190356553;0.536455184463667;0.38351811837521
11.7967806369999;-3.08245395422748;7.28607562154227;-0.402979241560265;0.811420591896386;8.11385064979201;0.12520724429828;3.17372592589596;46.3249679926017;0.547481015738871;0.376215549562921
11.8186310291833;-3.07799326433542;7.29479509820278;-0.400629311773361;0.794772955299801;8.11630680192446;0.123340548080895;3.11334140714052;46.347269055197;0.558399657810392;0.368891265315254
11.8404651101313;-3.07325371304975;7.30333945249388;-0.398176388502821;0.778050473098636;8.11870722672442;0.121468593340433;3.05229414905847;46.3696116252648;0.565766298846108;0.362360618715311
11.8622650299364;-3.06859378620456;7.3117081671116;-0.395620798139265;0.761258205698331;8.12105212696194;0.119591369654488;2.9905946814959;46.3919040325308;0.573194448778931;0.355768463218262
11.884034575143;-3.06389526093884;7.31989987808002;-0.392963193638783;0.744402855401689;8.12334148123393;0.117708946472976;2.92825354146704;46.4141748483707;0.57982596119235;0.349478726821372
11.9057780473845;-3.05902764445726;7.32791227038583;-0.390204675284898;0.727493038505407;8.12557502345149;0.11582147660505;2.86528134711694;46.4364565061934;0.58471621431359;0.343892064782489
11.9274912418312;-3.05424242418426;7.33574353648475;-0.387346339695191;0.710536307623505;8.12775265231334;0.113929056795471;2.80168875758105;46.4586907398466;0.589670405710586;0.338241464467851
11.9491555063056;-3.04932143636526;7.34339334483542;-0.38438883785627;0.693537039119309;8.1298746909691;0.112031862196921;2.73748635628266;46.4809068708403;0.592422279093181;0.333041034302802
11.9707786339876;-3.04433872573848;7.3508616639033;-0.38133270237309;0.676498906153147;8.13194155092562;0.110130035966405;2.67268462695321;46.5030966670526;0.593730386185778;0.328118084635462
11.9923750537273;-3.03944099989058;7.35814792692222;-0.378178680092496;0.659426737288929;8.13395350158951;0.108223750311972;2.60729399619825;46.5252414873059;0.595104382973063;0.323129245273435
12.0139676520166;-3.0342970964573;7.36525758778789;-0.37492470372791;0.642311290830707;8.13591245593618;0.106313251297148;2.54132434773939;46.5474383349067;0.594332479031855;0.31843361297619
12.0355388015031;-3.02918612480632;7.37219657277172;-0.37156786316362;0.625141889000562;8.13782040530416;0.104398643808601;2.47478498166041;46.5696067024918;0.593313975401517;0.313727705495584
12.057117883932;-3.02409423817281;7.37896551975627;-0.368107327576223;0.607920471161928;8.13967785823602;0.102480105353771;2.40768504412507;46.591778398592;0.59204552232499;0.309020494321303
12.0788448329103;-3.01875455054683;7.38557081138754;-0.364538932800109;0.590634214709666;8.1414868708537;0.100557891114576;2.34003305000624;46.614151877889;0.589159698998486;0.304572475461495
12.1005508308462;-3.01347736433136;7.39201701101772;-0.360858723081519;0.573274489338443;8.14324894993793;0.0986321163150079;2.27183702840814;46.6364901643216;0.586319805569548;0.300078526704121
12.1223705016548;-3.00810709514427;7.39830319809288;-0.357065428781604;0.555846832260546;8.1449640892379;0.0967029743778998;2.20310497842129;46.6589609859652;0.583076919985138;0.295481754310992
12.1443465369463;-3.00258763783497;7.40443014032423;-0.353156624172054;0.538351837318508;8.14663275013886;0.0947707081928253;2.13384472168724;46.6816195502648;0.579288129121868;0.29077117440655
12.1663048482715;-2.99711442002092;7.41039686802464;-0.349130764763119;0.520794622473497;8.14825492686404;0.0928355307739293;2.06406404649637;46.704249697182;0.575532163617605;0.286027769143102
12.1884820247046;-2.99145719506703;7.41620029439044;-0.344987734769589;0.503186165258133;8.14983006522781;0.0908977184549792;1.99377088778731;46.7271370593875;0.571251038388091;0.281229810014783
12.2107393064249;-2.98574203806805;7.42183720974817;-0.340727686463478;0.485537593091559;8.15135761776653;0.088957484886709;1.92297333528048;46.7501163894277;0.566768572651971;0.27639852980452
12.2329814842909;-2.98005920000488;7.4273044518752;-0.336350910936216;0.467859664753125;8.1528370901158;0.0870151010739467;1.85167962655373;46.7730730687319;0.562308037986702;0.271545318523408
12.2555114429982;-2.97413223503936;7.43259667680239;-0.331859740125871;0.450169946837232;8.15426745018774;0.0850709101125546;1.77989834250573;46.7963695910702;0.558487372854985;0.266529579970708
12.2780312562007;-2.9682234256059;7.43770865408221;-0.327256943960736;0.432485620803037;8.15564776196134;0.0831251347212759;1.70763839796948;46.8196516875307;0.554686258623513;0.26149925854672
12.3006008078772;-2.96227358825106;7.44263671978147;-0.322544312636797;0.414818482051809;8.15697756685308;0.0811781023236754;1.63490889632687;46.8429923222141;0.550949526600866;0.2565624623706
12.323330348782;-2.95617106932794;7.44737566944711;-0.317725470605652;0.39718572993368;8.15825604434098;0.0792302313415014;1.56171927574656;46.8665268238437;0.547363587549844;0.251907142056206
12.3460482418437;-2.95008285705018;7.4519210411821;-0.312803819801581;0.379601940166562;8.15948263238761;0.0772818935854322;1.48807924037567;46.8900463687777;0.54378570753764;0.247243762702992
12.3688624424954;-2.94389781647043;7.45626932001259;-0.307782112023258;0.362078113290949;8.1606570707502;0.0753335472761102;1.41399866863258;46.9136841029827;0.541421480810749;0.243135784226092
12.3917559011173;-2.93763063217817;7.46041652595451;-0.302663924930654;0.344627109756232;8.16177901620762;0.0733855964725425;1.3394876609589;46.9374198997173;0.540067165215326;0.239492139063119
12.4146389115991;-2.93137218218967;7.46435937041246;-0.297452303359999;0.327258990397649;8.16284835260456;0.071438440930228;1.2645564704211;46.961143313573;0.538716570734085;0.235844772785964
12.4376539868849;-2.92497830644179;7.46809313244126;-0.292152562934517;0.309990207458597;8.16386462020765;0.0694925213408578;1.18921565788542;46.9850300324245;0.53834336634195;0.233459068896237
12.4606903060159;-2.91855951556892;7.47161297713518;-0.286770942333831;0.292838347367466;8.16482738108904;0.0675480706658319;1.11347611564856;47.0089438960892;0.538181054769617;0.231342998371692
12.4837218685053;-2.91213376233615;7.47491579422201;-0.281311728561545;0.275813355786832;8.16573670799355;0.0656053730370323;1.0373488848312;47.0328550477828;0.538187965738295;0.2294458139816
12.5067834548836;-2.90559646628116;7.4779960688478;-0.275783916597621;0.258938224572392;8.16659205627743;0.0636648080958137;0.960845449679273;47.0568253003053;0.53968125834523;0.229511971840667
12.5298373254894;-2.89907026651761;7.48084922550075;-0.270196339088015;0.242232823956687;8.16739318721908;0.0617265907776251;0.883977656652896;47.0807851048384;0.541181983675951;0.229570696975949
12.5528498805815;-2.89251347977143;7.48347313523252;-0.264554148941135;0.225704561187047;8.16814056683567;0.0597910060167222;0.80675743151838;47.1047135219256;0.54378311372444;0.22986691540832
12.5757997966445;-2.88590225760032;7.4858649123601;-0.258864751477566;0.209366700607363;8.16883445653468;0.0578584339603897;0.729196898287427;47.1285967148842;0.548185614105071;0.230554552402801
12.5987433074381;-2.87931154762079;7.48802261327978;-0.253134326176999;0.193228027261451;8.16947539209015;0.0559292423181783;0.651308275840781;47.1524680815306;0.552604701311722;0.23122560257126
12.6216033836143;-2.87266469390426;7.48994516532281;-0.247367331200315;0.177292245874479;8.1700641583583;0.0540038612001497;0.573103767130193;47.176274881969;0.55763020859717;0.231542808781788
12.6444172307484;-2.86600307008011;7.49163151336146;-0.241568427580138;0.161563768618439;8.17060153498553;0.0520826827159996;0.494595568673206;47.200041431004;0.562984982948817;0.231662752397052
12.6672257708504;-2.85936992540887;7.49308086169694;-0.235741696925691;0.146045602597981;8.17108837004407;0.050166143616693;0.415795838729406;47.2237949172705;0.568363897066227;0.231758556246553
12.6899096365061;-2.85265042781865;7.49429146588311;-0.229896088338815;0.13075319152541;8.17152517482601;0.0482547354689726;0.336716924015472;47.2474530957496;0.574561262569721;0.229712565695915
12.7125813821935;-2.84596158986478;7.49526216981161;-0.224041050914999;0.115701745925397;8.17191260187119;0.0463488227160501;0.257371337190412;47.2710909595636;0.580848164650058;0.227484442844879
12.7351730795292;-2.83929562705299;7.49599277687689;-0.218184149857475;0.100900481099856;8.1722515788254;0.0444488146769379;0.177771631675988;47.294645573734;0.586983051996262;0.224750219669513
12.7574770423475;-2.83261259269775;7.49648257694615;-0.212344956919747;0.0863865625545859;8.1725425856443;0.0425551769480374;0.097930855124055;47.3179292526871;0.592464214159756;0.220230333438691
12.7797814862114;-2.82599740178997;7.49673294899424;-0.206540014057008;0.0721857804987378;8.17278668094531;0.0406682980608333;0.0178623066750522;47.3411940107307;0.598006886796931;0.215648936734187
12.8016924289147;-2.81942753885668;7.49674689719702;-0.200775532772081;0.0582973133596271;8.17298557297259;0.0387886113627725;-0.0624209287758009;47.3640687240427;0.60282385384605;0.209119456059011
12.8231951075193;-2.81292119063584;7.49652787931306;-0.195059628017904;0.0447252814315164;8.17314093691119;0.0369165510476022;-0.142905920986919;47.3865342032129;0.606898873517258;0.200552528186392
12.8447028105971;-2.80651841745911;7.49607982261355;-0.189398011137177;0.0314683745113095;8.17325456019933;0.0350525557211227;-0.223579994771127;47.4089747200526;0.611065824992125;0.191893668510114
12.865775978178;-2.80006165759949;7.49540482357257;-0.183777487171279;0.0184838852993295;8.17332842475595;0.0331971084041718;-0.304431311201063;47.4310148684137;0.613516252868861;0.183451369187358
12.886722367166;-2.79366706257241;7.49450226595654;-0.178179237627045;0.0057220759931413;8.17336405053768;0.0313506014804087;-0.385448895041625;47.4529156003009;0.615514949511883;0.175008235082536
12.9076787712852;-2.78736698543498;7.49337210389033;-0.172599596274154;-0.00682795415361639;8.17336242887512;0.0295134709152794;-0.466622062876525;47.4747985124824;0.617567472168496;0.166505378892367
12.9286952821022;-2.78083937144331;7.49201113464281;-0.167024548829746;-0.0191975766420297;8.17332429471702;0.0276862061057678;-0.547940637656734;47.4968054084777;0.618869287656778;0.158631301636065
12.9497195778011;-2.77440889733425;7.49041438355496;-0.161440590770304;-0.0314130278090108;8.17324998907706;0.0258691816103403;-0.629394818318933;47.5187911312746;0.620253496237911;0.150674831286911
12.9707794473311;-2.76797104037178;7.48858025090932;-0.155850369723819;-0.0434633766875806;8.17313985028109;0.0240628184645841;-0.710974721052262;47.540813031894;0.621488731842129;0.143933502598603
12.9919048736661;-2.76141001667401;7.48650804239544;-0.150258855496956;-0.0553335580612813;8.17299432585841;0.0222675835905646;-0.792670341362888;47.5629338517205;0.622322323674023;0.139818506396778
13.0130417338334;-2.75494359370341;7.4841970297449;-0.144670153522256;-0.0670113708657072;8.17281392591449;0.0204839091262339;-0.874471592737287;47.5850377311033;0.62323779848246;0.13562162721841
13.0341441508317;-2.74840173331207;7.48164677707219;-0.139088559636236;-0.0784850484983793;8.17259923368553;0.018712279484378;-0.956368318764549;47.6071308961221;0.624410591793291;0.132339137037458
13.0552296776501;-2.74184384027212;7.47885785692164;-0.133519941306149;-0.0897405484965236;8.17235097139552;0.0169531595953955;-1.03835028586922;47.6292126850518;0.625783471526475;0.129631680246798
13.0763310301378;-2.73538396367109;7.4758301106794;-0.127968033669469;-0.100769007442834;8.17206984425131;0.0152070608159451;-1.12040723569965;47.6512806954404;0.627242355154919;0.126838219560878
13.0973804932496;-2.72877055863423;7.47256267458424;-0.122435109647571;-0.111564801493249;8.17175651312996;0.0134745562681993;-1.20252891000179;47.6733446258127;0.628868406976021;0.12620541163304
13.118439027585;-2.72222162369584;7.46905466808072;-0.116923479515894;-0.122122331270215;8.17141164782194;0.0117561172434873;-1.28470504816371;47.6953979796888;0.630592877400052;0.125792378338846
13.1395043324449;-2.71572726203511;7.46530522341257;-0.11143553507437;-0.132435936175501;8.17103593026026;0.0100522779697568;-1.36692538430195;47.7174416591053;0.632656225295948;0.125559988548652
13.1605209137275;-2.70909358426849;7.46131341482515;-0.10597364143481;-0.142500093793179;8.17063004762965;0.00836364625629532;-1.44917964520247;47.7394803153602;0.636148551747726;0.126674972872787
13.1815601130182;-2.70256008093028;7.45707830875803;-0.100540216746596;-0.152309258786882;8.17019469738654;0.00669075744490486;-1.53145754729165;47.7615106256772;0.639730432596482;0.127700402799944
13.2025876784158;-2.69600222051365;7.4525979945293;-0.0951365586308087;-0.161859863879169;8.16973048429675;0.00503421687829599;-1.61374879544424;47.7835370652395;0.643575946777269;0.129080958000588
13.2235943969017;-2.68938319139305;7.44786898614217;-0.089762433881137;-0.171150684326912;8.16923784992716;0.00339466857652384;-1.69604307048029;47.8055619095761;0.647736975132088;0.130948030727947
13.2446278050678;-2.68286503806677;7.44288853041999;-0.0844189235822791;-0.180177782170638;8.1687173139313;0.0017727668161149;-1.77833000774473;47.8275821407707;0.651989287217382;0.132723819724829
13.265710715944;-2.67621980495867;7.43765355466354;-0.0791071122307494;-0.188936962313693;8.16816937187722;0.000169241737961001;-1.86059918168159;47.8496875304772;0.656891000936507;0.134976609439356
13.2868307362696;-2.66958105784084;7.43216005879185;-0.0738275355503877;-0.197424621918397;8.16759443295283;-0.00141521145412213;-1.94284008575979;47.8718263701452;0.662106759595858;0.13736788678452
13.3079803294437;-2.66303992256969;7.42640549341306;-0.0685824943352137;-0.205634093683611;8.16699307450448;-0.00297981811623892;-2.02504212486402;47.8939643859114;0.667412513155405;0.13966916922949
13.3291789111108;-2.65630453375936;7.42039360647567;-0.0633799131427207;-0.213550465893823;8.16636656448025;-0.00452371576659585;-2.10719466524231;47.9162072572891;0.672775757702731;0.141577665265848
13.3504086221397;-2.64966101004791;7.41412891258963;-0.0582276640947339;-0.221160226790999;8.16571628816632;-0.00604612662673268;-2.18928707200015;47.938452190143;0.678226956651757;0.143395261151833
13.371620248794;-2.64305144973584;7.40760924758213;-0.0531277050798353;-0.228459289415131;8.16504295832966;-0.0075461762330433;-2.27130866027151;47.9606697371012;0.68335735551339;0.144932936086104
13.3927293663698;-2.63637354305238;7.40082864905261;-0.0480793399492713;-0.235446918833544;8.16434690546586;-0.00902290248489577;-2.35324863760118;47.9828099557655;0.68746597440062;0.145861184248636
13.4138750234265;-2.62979561462236;7.39378195696317;-0.0430830190687349;-0.242120070206266;8.16362855711016;-0.0104753773060579;-2.4350960887733;48.0049551122289;0.691668992939238;0.146695032759778
13.4351515380251;-2.62311445458671;7.3864499392163;-0.0381301849165555;-0.248486302708084;8.16288692120211;-0.011902579440933;-2.51683974633091;48.0272559636227;0.695392883401997;0.146489091103332
13.4565429189543;-2.6163624093372;7.37879653358232;-0.0332033873243429;-0.254560937162593;8.1621193322592;-0.0133034635090338;-2.59846764519462;48.0496876664807;0.698735624534875;0.145406529431644
13.4779731751084;-2.60970763814407;7.37080105729155;-0.0282979684799033;-0.260339635283619;8.16132473768864;-0.0146769332496005;-2.67996723869078;48.0721274048584;0.702173258476001;0.144229074951709
13.5001204687803;-2.60270879301336;7.3624463360669;-0.0234130386918444;-0.265811936288043;8.16050251959902;-0.0160218047301845;-2.76132539142957;48.095354252474;0.703449609412911;0.142456517961951
13.5224416771538;-2.59568967681262;7.35371183419438;-0.0185471654021169;-0.27096668991659;8.15965182772806;-0.0173369667093061;-2.84252826613315;48.1187530630312;0.704322029724788;0.14050302429355
13.5448543655022;-2.58870568528848;7.34459048858765;-0.0137075488539622;-0.275782924352739;8.15877323676762;-0.0186212049191403;-2.92356152158997;48.1422286830786;0.705057828236971;0.13837195871374
13.5678352746073;-2.5814819542673;7.33510491620976;-0.00891652032476318;-0.28022687555398;8.15787027124857;-0.0198732143283785;-3.0044108982641;48.1663181926868;0.704041228786764;0.135252016985685
13.5908347366097;-2.57430155377457;7.32527721192391;-0.00419391070198728;-0.284271811807744;8.15694643877083;-0.0210917963296525;-3.0850623040619;48.1904124534896;0.703070392023237;0.132086312570951
13.6138884170738;-2.567117481132;7.31511290454407;0.000450044645367344;-0.287902565827506;8.1560037080561;-0.0222756421601258;-3.16550154592077;48.21455956683;0.701413414823543;0.128983480626281
13.6370171551394;-2.55989678000839;7.3046344226006;0.00499858097692875;-0.291101232732742;8.15504563403427;-0.0234233389117996;-3.24571473078071;48.238789239738;0.698607955551156;0.126015186070506
13.6601619757145;-2.55271233590132;7.29385614143525;0.00944021301376418;-0.293856796796743;8.15407500912683;-0.0245334612618154;-3.32568815953014;48.2630234914612;0.695841115520349;0.123008272273152
13.68332260668;-2.54550867368045;7.28277962579691;0.0137696940258068;-0.296163691086105;8.15309346034265;-0.0256044629200934;-3.40540807299013;48.2872785440505;0.691565720313429;0.120171620485012
13.7064991683142;-2.53831213131821;7.27140816546821;0.0179814538803011;-0.298016610846739;8.15210277838469;-0.0266347552480464;-3.48486069789796;48.3115466966615;0.686526458598855;0.117404944950304
13.7296920753665;-2.53115167266771;7.259742465775;0.0220712315847571;-0.299411254244388;8.15110453607316;-0.0276226221698595;-3.56403219184085;48.3358197909353;0.681525824458465;0.11459964184141
13.752901420407;-2.52395101092714;7.2477818277297;0.0260354446338195;-0.300343674947533;8.15010020129215;-0.0285662255828041;-3.64290860820084;48.3601204746029;0.676091178421165;0.112213028445256
13.7761272777819;-2.51678125942044;7.23552558437016;0.0298706204615922;-0.300809962846515;8.14909126422761;-0.0294637985661376;-3.72147589306046;48.3844277942303;0.6706631951863;0.10981871167689
13.7993700265093;-2.50963103831919;7.2229730882773;0.0335734019691534;-0.300806247641097;8.14807923683106;-0.0303134288432556;-3.79971988171334;48.4087455044473;0.665193552608554;0.107406455611797
13.8226300336592;-2.50245526759597;7.2101237327907;0.037140542854529;-0.300328701659273;8.14706565505193;-0.0311130810377943;-3.87762629563868;48.4330872303123;0.659466685071556;0.105032856585483
13.8459069351294;-2.49531585315689;7.19697693758975;0.0405689143102258;-0.299373544329361;8.14605207813877;-0.0318607783967244;-3.95518073904401;48.4574344145558;0.653779040288607;0.102620034805119
13.8692014946661;-2.48817551980318;7.18353214609862;0.0438555076670498;-0.297937045406467;8.14504008895684;-0.0325544040952675;-4.03236869525505;48.4817987504674;0.648886940006478;0.0999883657637861
13.892513709399;-2.48103292726706;7.16978883941804;0.0469974333366733;-0.296015530417319;8.14403129554132;-0.0331917490470343;-4.10917552340985;48.5061806286536;0.644814585706013;0.0971321743609863
13.9158431068145;-2.47392676704397;7.15574651730827;0.0499919280203378;-0.29360538298595;8.14302733016192;-0.0337705389714914;-4.185586454561;48.5305682955548;0.640781699443445;0.0942365149202913
13.9391910400345;-2.46680022975175;7.14140759030706;0.0528358039413084;-0.290703631737106;8.14203005002894;-0.0342883562653179;-4.26158667191121;48.5549796355308;0.638756726803086;0.0910030104960238
13.9625563019108;-2.45969224285531;7.12677553722279;0.0555259845708222;-0.287307862561957;8.14104138859496;-0.0347427842459274;-4.3371613442993;48.5794021444164;0.637358551232498;0.0876417588489251
13.9859355944718;-2.4526173362248;7.11185259109421;0.0580599476916037;-0.283415708887676;8.14006319454692;-0.0351312744458522;-4.41229559272457;48.6038284749735;0.636129716858681;0.0842233894796111
14.0092724299327;-2.44553124558481;7.09667103860697;0.0604309686939631;-0.2790335905105;8.13909921433675;-0.0354511444573942;-4.48697540450729;48.6282174185728;0.637547413736594;0.0803959225253235
14.0326246563706;-2.43847508122757;7.08126328892942;0.0626341816777692;-0.274170334352212;8.13815298473718;-0.0356997409158559;-4.56118770162438;48.652612416729;0.638997858615418;0.0765357075701243
14.0558220453125;-2.43148911538744;7.06564733775569;0.0646682586489255;-0.268832023132026;8.13722696578323;-0.0358742526735952;-4.63491995265521;48.6768389016668;0.642319558260615;0.0727268904157558
14.0786853448251;-2.42461896044615;7.0498752292478;0.0665290158076638;-0.263037928313324;8.13632541240961;-0.0359717710193683;-4.70816127625908;48.7007120977981;0.649484441979197;0.0690572103385865
14.1015701358523;-2.41778497412395;7.03398500514665;0.068216173621629;-0.256804797305343;8.13545141862454;-0.0359893444652532;-4.78090208806349;48.7245955026937;0.656688582543442;0.0653482734157546
14.123961240233;-2.41108542783265;7.01796922586941;0.0697350830164442;-0.25013261635761;8.13460540509089;-0.0359238769198811;-4.85313269379312;48.7479673976939;0.664711424044355;0.061886821726944
14.146048206849;-2.40450673768738;7.00181124591303;0.0710912064535764;-0.243016603861964;8.13378738807584;-0.0357722551452015;-4.9248429620698;48.7710132923027;0.673305708489987;0.0585545161992211
14.1681759900045;-2.39799563900196;6.98550635324523;0.0722882542276884;-0.235456215687979;8.13299808639389;-0.0355312315848243;-4.99602267569707;48.7940791370405;0.681971359674524;0.0551508439325948
14.1900955638362;-2.3914184639193;6.96900005987213;0.0733323725299054;-0.227426818950179;8.13223600029723;-0.0351974413503136;-5.06665985761959;48.8169642184044;0.690807305636146;0.0528969751082539
14.2120329749738;-2.3849094244006;6.95222736791811;0.0742277332052576;-0.218896044836771;8.13149963867727;-0.0347675338763303;-5.13674031402235;48.8398469106165;0.699747875127986;0.0507161098234948
14.2340305919946;-2.37844706652448;6.93518107339894;0.0749736582565261;-0.209858779953781;8.1307904343585;-0.0342378998884421;-5.20624947452866;48.8627741264073;0.708546930131422;0.0485733417832056
14.2561169924618;-2.3718522328127;6.91786770295658;0.0755689505736548;-0.200317117605208;8.13011043116675;-0.0336048285301248;-5.27517284489509;48.885824092075;0.716195963016436;0.047034817236883
14.2782544028122;-2.36533743934043;6.90029293257955;0.0760128660091355;-0.190272998832192;8.1294616065181;-0.032864791820281;-5.34349598416298;48.9089002154714;0.723931668302926;0.045409620289085
14.3002841273553;-2.35886137662825;6.88247486339782;0.0763049312138937;-0.179735770242043;8.12884632547578;-0.0320140989968402;-5.41120494244527;48.9318621002307;0.73103110731411;0.0440170762142246
14.3221629197886;-2.35241144736845;6.86445598940239;0.0764455122881787;-0.168729799005516;8.12826756768407;-0.0310489212612173;-5.47828714407308;48.95467181627;0.73728526137955;0.0429501730600544
14.3440969373733;-2.34603797449135;6.84626154000543;0.0764365735400098;-0.157269916306186;8.12772744215119;-0.0299656125467399;-5.5447308409453;48.9775130571277;0.743622602513659;0.0418000828372164
14.3657167049145;-2.33968430982511;6.82789450570047;0.0762806783324566;-0.145357497093175;8.12722725469358;-0.0287604933110011;-5.61052435253591;49.0000471069908;0.747341796675623;0.0407097387872495
14.3872541234492;-2.3333933941251;6.80935826145347;0.0759804588228665;-0.132994256710735;8.12676830734901;-0.0274298116301515;-5.67565607798358;49.0224844869065;0.750076821403474;0.0395841070494943
14.4088596698174;-2.32718948213575;6.79065471789713;0.0755385751897581;-0.120181041976783;8.12635185439527;-0.0259697931955141;-5.74011444171555;49.0449631024742;0.752906637115726;0.0383636843273381
14.4301095324805;-2.32091710923556;6.77177587065344;0.0749573345139209;-0.106912035390467;8.12597896257597;-0.0243765713364503;-5.80388752661949;49.0671193504643;0.754310998768163;0.0371687810761563
14.451436377652;-2.31474159906824;6.75271313694168;0.0742387107523126;-0.0931810156641634;8.12565078409549;-0.02264633544632;-5.86696303369214;49.0893223063665;0.755811534987963;0.0358677660923947
14.4727241443484;-2.30861259875861;6.73346715487691;0.0733848603655299;-0.0789883779866756;8.12536869741377;-0.020775175863146;-5.92932860577459;49.1114748153828;0.756881516182553;0.0344016636514342
14.493774980695;-2.30244801805896;6.71403910758003;0.0723980117218768;-0.0643350245513415;8.12513409724663;-0.0187591367857371;-5.99097184306207;49.1334097137434;0.756614974852983;0.0326683181691625
14.5149184887647;-2.29638692989234;6.69442972676953;0.0712804262595693;-0.0492216402340908;8.1249483793958;-0.016594435019367;-6.05188028196157;49.1554048205461;0.756463150635828;0.0308202555744763
14.535895439869;-2.29031454233837;6.67463870766178;0.0700343437197458;-0.0336482474366507;8.12481294326476;-0.0142772874904471;-6.11204135080651;49.1772430065568;0.756273186860141;0.0289617560571839
14.5567605786997;-2.28425582253174;6.65466530302102;0.0686619941549145;-0.0176146622647801;8.12472920715281;-0.0118039903755818;-6.17144234646746;49.198969996779;0.756077533411025;0.0270689896596646
14.5777331673816;-2.27830612222806;6.63450873940808;0.0671656234678151;-0.00112082937103228;8.12469861428801;-0.0091709732700302;-6.23007042622645;49.2207701896617;0.756005210987074;0.0250528922369814
14.5984194521032;-2.27226516599617;6.614167262176;0.0655474183940076;0.0158339375714073;8.12472263567038;-0.00637469817337299;-6.28791256234285;49.2423204919283;0.755701163899761;0.0231674831003614
14.6191431726222;-2.26629684602732;6.59363857761308;0.0638095229179769;0.0332505877383692;8.12480278112134;-0.00341178466140712;-6.3449555121319;49.2638865169537;0.755453796107186;0.0212041910201469
14.6399376681977;-2.26041452184187;6.57292105908286;0.06195414809864;0.0511293167520043;8.12494059717682;-0.000278907606495972;-6.4011858346533;49.2854969955246;0.755337670303584;0.0191792734097272
14.6604090036749;-2.25441042369755;6.55201256858675;0.0599834859596447;0.0694705537201913;8.125137670841;0.00302719275397266;-6.45658986153496;49.3068306490033;0.755348253364345;0.0176249397137145
14.6810199091986;-2.24852602898881;6.53091064424086;0.0578997234867939;0.0882747871638962;8.12539563431739;0.00650958019355595;-6.51115367423397;49.3282650962225;0.755500633677424;0.0159288087653817
14.7015737440052;-2.24264730028191;6.50960978350705;0.0557047465083097;0.107544923893406;8.12571621454142;0.0101712608688562;-6.56486297063577;49.3496431124183;0.756227046495048;0.0143736092033748
14.7219580424105;-2.23670893369958;6.48809879647624;0.0533997651968858;0.127288591224488;8.12610132800784;0.0140150720384643;-6.61770281799567;49.3708747826103;0.757799598913391;0.0131279275080721
14.742503363414;-2.23089573501661;6.46636924997233;0.0509861728048042;0.147510464006935;8.12655297541501;0.0180436249291705;-6.66965774154058;49.3922266793425;0.759526808146435;0.0117275889980678
14.7628984208215;-2.22497306112537;6.44441016838104;0.0484650163046163;0.168217096118248;8.12707333620801;0.0222594057711139;-6.72071159856407;49.4134642976807;0.761318284420737;0.0107991250721086
14.7833079398899;-2.21905870420489;6.42220619513634;0.0458367314401062;0.189418534755375;8.12766485889208;0.0266646101843325;-6.77084737054521;49.4347134879332;0.763226579091167;0.0100299892546079
14.8039001656431;-2.21327274264091;6.39974905636551;0.0431025395788956;0.211117510359549;8.12832997064401;0.0312612410214122;-6.82004742736275;49.4561031375959;0.76530252850782;0.0090931986908841
14.8242432857096;-2.2072532464286;6.37703450703415;0.0402642690108176;0.233312454190383;8.12907107660493;0.0360511314367543;-6.86829367488177;49.4773181527665;0.767924837381829;0.00918705937035735
14.8447556064172;-2.2013377806905;6.35405792724816;0.0373238836845325;0.256001779584832;8.12989066338052;0.0410357065409895;-6.91556752168695;49.4986664088009;0.770746571238352;0.00918600285486793
14.8653566881457;-2.19546613065188;6.33081593836539;0.0342837078262372;0.279182300684983;8.13079124015286;0.0462162356853049;-6.96184991358073;49.5200879130095;0.773858493640498;0.00923461707460482
14.8857565818153;-2.18942283445255;6.30731197938982;0.0311472436469977;0.302843864176708;8.13177507726316;0.0515937983601193;-7.00712161105645;49.5413641225093;0.777566130078498;0.00992383085503967
14.9063748760258;-2.18350035272403;6.28354708810478;0.0279180099618343;0.32697861971198;8.13284452887428;0.0571690216717761;-7.0513630769974;49.5628161584495;0.781453185648107;0.0104336255038663
14.9269244531463;-2.17751552867906;6.25951842219103;0.0245992632133256;0.351582366816838;8.13400214489627;0.0629423580127596;-7.09455429342312;49.584219504886;0.785435910019039;0.0114216527940237
14.9474102881547;-2.17146234066551;6.23522632054788;0.0211949477457973;0.376647364821876;8.13525035888468;0.0689140542099833;-7.1366748824306;49.6055809308946;0.789515998290824;0.012901599975338
14.9681392616162;-2.16552309795372;6.21066694362575;0.0177086693826915;0.402169827179071;8.13659185111275;0.0750840667595376;-7.1777039030232;49.6271439767081;0.793783686939202;0.014193946780061
14.9886238467245;-2.15941034617797;6.18583085007877;0.0141434065545403;0.428151107913375;8.13802970243987;0.0814521625340728;-7.21761957317181;49.6485211599026;0.798473874579951;0.0157791400322177
15.0092300953519;-2.15332629476316;6.16070738061544;0.0105020942296061;0.454592928231206;8.1395672119598;0.0880177323206439;-7.2563991772166;49.6700068100932;0.803433186932333;0.0173075175461335
15.0300799087249;-2.14733245982475;6.13528610799257;0.00678785952285334;0.481495802573607;8.14120782204918;0.0947799623035562;-7.29401903455418;49.6917010668207;0.808613521136963;0.0186584121816371
15.0505994016889;-2.14105951428883;6.10954531977943;0.00300230386481654;0.508870749805309;8.14295591800257;0.101737795636639;-7.33045393190402;49.7131579873172;0.814337948364657;0.0203123904062036
15.0714264801426;-2.13489952198266;6.08346298164162;-0.00085292018091961;0.536727240452887;8.14481622099375;0.108889549952224;-7.36567703830733;49.734876935315;0.820287531892329;0.0217412123307916
15.0923600533947;-2.12869897140129;6.05702282169805;-0.00477509284153192;0.565066872192413;8.14679332930809;0.116233283659671;-7.39966010153748;49.7567095099825;0.826415274560776;0.0228998574171818
15.1131963678568;-2.1222987296969;6.03019816645304;-0.00876277338217337;0.593900369260757;8.14889291395682;0.123766904357801;-7.43237288209072;49.7785066449832;0.832677528838657;0.0237342394007177
15.1343788389346;-2.11600604387116;6.00296629585123;-0.0128136276156756;0.623231858571086;8.15112070415847;0.131487859959468;-7.46378324556773;49.8006040424739;0.839189616931896;0.0243187875688933
15.1555359663266;-2.10951451339417;5.97531434549663;-0.01692338274812;0.653053076690805;8.15348190352136;0.139393375764757;-7.49385754426888;49.822734654924;0.8458556318494;0.0244751370410652
15.1768132819835;-2.10292233670919;5.94722910526114;-0.021087237345459;0.683354755100152;8.1559819401676;0.14748051548535;-7.52256051520509;49.8450097745648;0.852716269262746;0.024257266454719
15.1984682379948;-2.09642021242745;5.91869584540905;-0.0253000054677394;0.714127757882651;8.15862658566776;0.155746108127591;-7.54985511003603;49.8676198329465;0.859841536822411;0.0237747657220546
15.2198902442927;-2.08959916761195;5.88971827772744;-0.0295530579093029;0.745342451316477;8.16142002209159;0.164186777974033;-7.5757033142071;49.8901015812371;0.867347401617712;0.0231183991177032
15.2416294124113;-2.08279360703314;5.86030095165832;-0.0338368693505065;0.776968780807213;8.1643662943772;0.172798814142943;-7.6000661162296;49.9128811133938;0.875136238139504;0.0222067204573884
15.2636460935587;-2.07598883124917;5.83042134754024;-0.0381452298114208;0.809004781676912;8.16747225232135;0.181578283594812;-7.6229020338716;49.9359254016714;0.883226795002117;0.0210356792041994
15.2854097349958;-2.06892102121254;5.80002006475461;-0.0424767587304894;0.841483126530817;8.17074914924681;0.19052103652278;-7.64416502705471;49.9588079283526;0.891760628332345;0.0196445879916392
15.3076480567741;-2.06192092929603;5.76904333236021;-0.0468286150505738;0.874423419436569;8.17420852778448;0.199622547098261;-7.6638045055554;49.9821219636609;0.900620291916739;0.0179276665249136
15.330101220257;-2.05469708343605;5.73741770173342;-0.0511998252064587;0.907858031119078;8.17786508948515;0.208878072409134;-7.68176396702872;50.0057085806161;0.909866916279943;0.0159966591311618
15.352724914574;-2.04718192754988;5.7050060959254;-0.0555970925551527;0.941872415591833;8.18174243835416;0.218282658581799;-7.69797712828777;50.0295478153468;0.919556573107497;0.0138452501868721
15.3759069856515;-2.0397545990976;5.67172814701861;-0.0600175970655129;0.976476763816381;8.18585924675733;0.227831060419774;-7.71237036541215;50.0538906505839;0.929665446066646;0.0112746251109874
15.3994299983817;-2.03173348654662;5.63754189522946;-0.0644510464290542;1.01163230033833;8.19023048070465;0.237517829596055;-7.72486428107428;50.078743625747;0.939633141627403;0.00920781410867982
15.4233980911993;-2.02351958651698;5.60240117710494;-0.0688850982405016;1.04729838860983;8.19487231897626;0.247337268880158;-7.73537293790186;50.104080113803;0.949790300301345;0.00709611238011737
15.4478954993123;-2.01536269754462;5.56629515633218;-0.0733001472661421;1.08339494654317;8.19979676926171;0.257283472152546;-7.74380528127543;50.1298998318875;0.960353308258505;0.00457856136833562
15.4725868350723;-2.00649563509066;5.52928688306085;-0.0776649071467758;1.11977447866195;8.20500540333936;0.267350371687775;-7.75006894425299;50.1561350535975;0.970003293761403;0.00315673705131653
15.4977100573837;-1.99762267416099;5.49144032706135;-0.0819461530598589;1.15630336432673;8.210498510587;0.277531674006693;-7.75407001038165;50.1827791098759;0.979956810420343;0.00143277316664786
15.5231429496228;-1.98859428597957;5.45277478844697;-0.0861145423563479;1.1929025566103;8.21628202936958;0.28782096596948;-7.75570993597734;50.2097669553031;0.990064100345247;5.28622868069539e-05
15.5486577004446;-1.97915761065341;5.41334280094127;-0.0901363154599627;1.22947139832494;8.22235641231511;0.298211671400339;-7.75488704230746;50.2369708769085;1.00004704210137;0.000144774705793438
15.5745393896019;-1.96965898357076;5.37318300063942;-0.0939790816972197;1.26593442585864;8.22872351602542;0.3086969706783;-7.75149513293982;50.2645405296101;1.01026668098124;-9.99896365705411e-09
15.6005285292035;-1.95985078522507;5.33231145370357;-0.0976129087569069;1.30224524227104;8.23538840894426;0.319269942910366;-7.74542488684425;50.2923188688697;1.02038131274815;0.00124624960171441
15.6266453386979;-1.94976017629548;5.29075241299939;-0.101007779189844;1.33835513146179;8.24235471380483;0.329923497540565;-7.73656622611916;50.3203172282277;1.03042623710573;0.00362711501133811
15.653080753018;-1.93956462821752;5.24852323595483;-0.104135389556611;1.37422465013462;8.24962709966784;0.340650375905646;-7.72480652658303;50.3486506066158;1.04065576316051;0.00582337872374467
15.6794397515373;-1.92894458042165;5.20564582688221;-0.106968403841829;1.4098131993412;8.25720943716968;0.351443230001831;-7.71003100225699;50.3770685977152;1.05039623698201;0.00957704343730278
15.7060005103719;-1.91812808415893;5.16214492887829;-0.109480865843859;1.44508112067058;8.26510505766418;0.362294491517979;-7.69212303267544;50.4057473442233;1.06014445074906;0.013550905754568
15.732783190561;-1.90713409057119;5.11803879987117;-0.11164893574075;1.47999679731131;8.27331849547237;0.373196549613378;-7.67096385877805;50.4346986801703;1.06994920322722;0.017544316207637
15.7593934031448;-1.89568777418529;5.07335095967255;-0.11345032478128;1.5145268042428;8.28185342317894;0.384141728571662;-7.64643316936873;50.4636662753856;1.07918789273479;0.0227785869227374
15.7862432111969;-1.88407281811571;5.02810527092645;-0.114864727933977;1.54864030493929;8.29071355827963;0.395122034041465;-7.6184094116466;50.4929206664566;1.08852832704421;0.0279111128359885
15.8131353468058;-1.87216006161151;4.98232344910917;-0.115873984686195;1.58231062034325;8.29990321844561;0.406129472431196;-7.58676998631077;50.5223332611252;1.09772037866966;0.0330918837894915
15.8399374505926;-1.85986274343977;4.93603021398145;-0.116461990518415;1.61551134331627;8.30942636354705;0.417156083640495;-7.55139194513709;50.5518218487756;1.10659787679981;0.0384228497006433
15.8669369903116;-1.8473628782873;4.88925232416363;-0.116614841876199;1.64821756724071;8.3192867932537;0.428193751007087;-7.51215276139908;50.5815745255269;1.11553381290581;0.0436953776359498
15.8937951720938;-1.83445356766013;4.84201896514842;-0.116320936030499;1.68040605970317;8.32948808090385;0.43923439473061;-7.46893131053364;50.6113740595755;1.12345733860074;0.0482564469375506
15.9206494482045;-1.82121735538722;4.79436235649921;-0.115571078700902;1.71205540865317;8.340033449564;0.450269924941208;-7.42160912340533;50.641313155433;1.13085429647819;0.0524396415256207
15.9476526802125;-1.80774656282834;4.74631762714519;-0.114358589449011;1.74314672675992;8.350925798941;0.461292265802824;-7.37007190113835;50.6714899145539;1.13826218540893;0.0566119050603994
15.9743208996651;-1.7937637412809;4.69792313870747;-0.112679403011915;1.77366406139044;8.36216763227975;0.472293406419761;-7.3142113877771;50.701601593803;1.14507703459599;0.0593066302648827
16.0010682875892;-1.7795072523536;4.64922032323073;-0.110532148967939;1.8035951160355;8.3737610892217;0.483265224214402;-7.2539276277058;50.7319111671634;1.15182629950483;0.0619185151530958
16.0278031961365;-1.76492925682405;4.60025332992051;-0.107918197660631;1.83293198995563;8.38570802882006;0.494199661776574;-7.18913167016022;50.7623623295172;1.15797069640358;0.0644198189507741
16.054212974665;-1.74986244989173;4.55106936066841;-0.104841713411431;1.86167143355756;8.39800994683708;0.505088741702315;-7.11974887932314;50.7927676756435;1.16193772173992;0.0664104768274023
16.0806765806404;-1.73451419301215;4.50171825991075;-0.101309650542341;1.88981547015063;8.41066806721037;0.515924396164005;-7.04572289484702;50.8233600183205;1.16582719447104;0.0684786873092563
16.1069250241729;-1.71874942794484;4.45225194779476;-0.0973317026024086;1.91737188032081;8.42368347892368;0.52669865542115;-6.96702035765051;50.8539787806322;1.16893548063782;0.0710296298013562
16.1329244266579;-1.7025542644617;4.40272425350217;-0.0929202477685;1.94435421628378;8.43705717014006;0.537403644280296;-6.88363658990256;50.8846096841419;1.1712080552583;0.0741020685849406
16.1589158050868;-1.68605556506684;4.35319108853137;-0.0880903083654697;1.97078141146637;8.45078995338792;0.5480315491517;-6.79560243348666;50.9153953761816;1.17334820628419;0.077306930963121
16.1844875368276;-1.66905502204298;4.30370432432947;-0.0828588744172839;1.99667985932679;8.4648841588497;0.558574665350158;-6.70299186132596;50.9461025728515;1.17249481210551;0.0820347878714664
16.2098923633123;-1.65168109528905;4.25431362813112;-0.0772449059618594;2.02208033562576;8.47934320618088;0.569025235424679;-6.60593136601805;50.9768801383753;1.17059800753049;0.0873514346192949
16.2352114633703;-1.63397733596829;4.20507368264792;-0.0712700469516939;2.04701259499058;8.49416942850969;0.579375601923063;-6.50461182255218;51.007774796843;1.16837616662406;0.492918727152488
16.2599731941132;-1.61567685963594;4.15601919068294;-0.0649556314637358;2.07151378338437;8.50937153892968;0.589618217028893;-6.39930033394809;51.0385652295027;1.16252847553323;0.50034193818148
16.2846484033939;-1.59705113079264;4.10718208325307;-0.0583246284661671;2.09561334839768;8.52495968287863;0.599745405136463;-6.29035623047033;51.069480981604;1.15648579759774;0.507960136055138
16.3090616595107;-1.57798232211097;4.05860660585317;-0.0514038511690089;2.1193210445199;8.54094025292882;0.609749638960735;-6.17825070014944;51.1004588210827;1.14967368444154;0.516321657874129
16.3330240643595;-1.55832812126061;4.01031769085773;-0.0442200678830222;2.14263345275372;8.55732565676414;0.619623571497328;-6.06358670061188;51.1314505047608;1.14143863826825;0.526049750952351
16.3568677995851;-1.53833581820714;3.96234318992347;-0.0368038124261346;2.16550918835321;8.5741266611434;0.629359856593101;-5.94712271501694;51.1625666724375;1.1329870225606;0.53599441356494
16.3802625691549;-1.51775584554003;3.91471477693291;-0.0291907066643606;2.18785181333022;8.59135090888751;0.638951332719001;-5.82979697512438;51.1937251466974;1.12462151344852;0.546381162165782
16.4032997472984;-1.49665518356891;3.8674522477017;-0.0214208099243914;2.2094910593225;8.60900716623565;0.648390970520007;-5.71270011630831;51.2249653373568;0.766239627460649;0.557146863942182
16.4261784064746;-1.47520269819632;3.82057544670487;-0.013473661761982;2.23087473552065;8.62710265904229;0.657671869428944;-5.59677545305986;51.2563284075886;0.757614277041838;0.568156030149525
16.4483844151907;-1.45300915660598;3.77409169916629;-0.00532636918362879;2.25254992863602;8.64565125591085;0.666787322089452;-5.48274579576147;51.2877236319296;0.754415921725973;0.577805994659688
16.4703321554243;-1.43039502944508;3.72800187301786;0.00302730645544022;2.27495817404295;8.66467211469303;0.675730653610831;-5.37109743719878;51.3192371536086;0.751811675923516;0.587471976051985
16.4919849154887;-1.40734565813424;3.6823109914591;0.0115787057238044;2.29842242704218;8.68418521421777;0.684495384055657;-5.2620150288484;51.3508617569457;0.749264520812036;0.596955888944881
16.5129000690535;-1.38349892156591;3.63700132722535;0.020313294886925;2.32316272080687;8.70422308727298;0.693075243676796;-5.15522807925245;51.3825810017916;0.748373010636655;0.604054417236007
16.5335852742836;-1.35928194272996;3.59206119033397;0.0291962788531953;2.34915291537139;8.72481933518993;0.701463984024029;-5.04968824458071;51.4144297031679;0.747196989989292;0.611437455999116
16.5537458271982;-1.33443337621746;3.54749638123501;0.0381284639461357;2.37562593836758;8.74600161827224;0.709655566350332;-4.9451553348185;51.446428127372;0.747067343804817;0.617689743295025
16.5732707120991;-1.30884567202179;3.5032946514322;0.0470451524608732;2.40196700135939;8.76780209115021;0.717644136950109;-4.84138053953702;51.4786143315036;0.748477934479852;0.622286377329989
16.5925135443558;-1.28288123255753;3.45945911176282;0.0559011409472467;2.42767409674981;8.79024286261001;0.725423931199667;-4.73810514384677;51.5109321084994;0.749576968239609;0.627194568280229
16.6109525412647;-1.25603557617208;3.41600055810909;0.064665948670928;2.45234852062972;8.81334002467816;0.732989385714016;-4.63505962182933;51.543500281211;0.750535493211846;0.63023295559489
16.6288545020913;-1.22858514048705;3.37292732041714;0.0733205935315408;2.47568485918367;8.83710973866505;0.740335050307749;-4.53196282588818;51.5762723214394;0.751245722928531;0.632649885309875
16.6464057777765;-1.20075483977007;3.33026424063692;0.0818498514553945;2.49744754629667;8.86155858508319;0.747455629364949;-4.42852118701343;51.609174797276;0.751607311333087;0.635415456336986
16.6627823927296;-1.17181673307394;3.28805302789243;0.0902396339443873;2.51746390828298;8.88668286253525;0.754346046415396;-4.32442836391264;51.6424254745094;0.751926887963964;0.639678889634852
16.6787339081557;-1.14247642409222;3.24634044865516;0.0984773219385795;2.53562154773763;8.91247530034638;0.76100133156703;-4.21936510366558;51.6758216505709;0.751881345339816;0.644346109437419
16.6940085931977;-1.11260701963817;3.20517678751419;0.106550484717652;2.5518580583402;8.93892650489131;0.767416722291049;-4.11299920511051;51.7093700831062;0.751086452863825;0.651260990775212
16.7080990404212;-1.08189756613444;3.16463805788549;0.114441985256132;2.56614698008403;8.96601063974089;0.773587672982208;-4.00498665325898;51.743157821081;0.748827515134629;0.664119069976361
16.7216796319062;-1.0508297272712;3.12479797934451;0.122135308710068;2.57850401939026;8.99370307088449;0.779509747442863;-3.8949726474783;51.7770642080415;0.746127959594076;0.677417766988868
16.7341709288527;-1.01918251697231;3.08572308191355;0.129615051434985;2.58897658071048;9.02198504035744;0.785178716327508;-3.78259289517395;51.8110874121691;0.740766889407661;0.691733406293113
16.7455944182537;-0.986993107248876;3.04749342419531;0.136863270939052;2.59763203807316;9.05082976337085;0.790590555069787;-3.66747751256508;51.845243732352;0.732949290079562;0.707028330695563
16.7564102193156;-0.95449666090452;3.01018472675883;0.143863603134587;2.60456052500691;9.08021570696885;0.795741409912491;-3.5492569103784;51.8794928283638;0.724629092252992;0.722825853596486
16.7657166472205;-0.921402630916943;2.97386380783394;0.150602518348629;2.60987086930033;9.11013192991057;0.800627634072743;-3.4275724976299;51.9138705016586;0.706181533932382;0.726938490247864
16.7741491221555;-0.887968533140388;2.938602577737;0.157067606719504;2.6136896137837;9.14056848063551;0.805245737445262;-3.30209896527634;51.9483515910796;0.684841733951088;0.728578971481893
16.7818079633681;-0.854264603866894;2.90448327641013;0.163248264382661;2.61617164226438;9.17151208573337;0.809592429207497;-3.17258746346027;51.9829147607432;0.658344896874708;0.729824672524923
16.7877106419663;-0.819947168630118;2.87157561734193;0.169141554357434;2.61751673531515;9.2029672507328;0.8136646300191;-3.03894393445036;52.0177361331438;0.577082123577111;0.720547976589005
16.7928901409575;-0.78544769895169;2.83995764769173;0.174750966799988;2.6179939039094;9.23493848329381;0.817459399750801;-2.90138081878329;52.0526222423837;0.495257870677994;0.711832760254608
16.7968938044704;-0.750611422167561;2.80972206170187;0.180090121720478;2.6179939041309;9.26742104103714;0.820974003119161;-2.76056497765836;52.0876878309529;0.425448541780095;0.706172835114621
16.799344046846;-0.715313376268624;2.78094700455804;0.185183584688417;2.61799390405114;9.3004267242459;0.824205925977367;-2.61708382989518;52.1230708174292;0.378045580159744;0.705618368674334
16.8010092569123;-0.679928991557691;2.75371489731203;0.190008601960132;2.61799390404282;9.33396147766623;0.827152836016013;-2.47117695756346;52.1584943633547;0.330049111147477;0.705657409625961
16.8010442457669;-0.644149032859855;2.72808129639363;0.194552932090402;2.61799390404013;9.36806507127633;0.829812611038105;-2.32306224318799;52.1942743391601;0.293914581036249;0.713554345145131
16.7997673699472;-0.608152079595426;2.70408734502;0.198810818248026;2.61799390402546;9.40280555644194;0.832183323769386;-2.17293000114214;52.2302939318311;0.264514253810827;0.726333168617789
16.7976432082609;-0.572183631131959;2.68181627534073;0.202771977442723;2.61799390400941;9.43820103002774;0.834263249294431;-2.02095032514535;52.2663250482132;0.234481672913743;0.73974424576211
16.7932968970615;-0.535132504147262;2.66123524628051;0.206448368551486;2.61799390402842;9.47447764521334;0.836050870442169;-1.86730169881532;52.3036302279055;0.209278923730529;0.749776334113946
16.7879022320143;-0.49808082074963;2.64233849790916;0.209847647093825;2.61799390402643;9.51188889664354;0.837544839831692;-1.71217502935957;52.3410725789744;0.184015313408813;0.760022960421456
16.7811746477554;-0.460630001883741;2.62524385903591;0.212956594983086;2.61799390401642;9.55051207171307;0.838744014780936;-1.55575255810328;52.3791228644357;0.158479745535114;0.768936628667311
16.7716291431917;-0.420759475301416;2.6099785939164;0.21577959446084;2.61799390402713;9.59069591916234;0.839647478649436;-1.39820751965108;52.4201201271167;0.134204422286903;0.769138152948523
16.7610053400996;-0.381232399184851;2.596656426459;0.218306300505878;2.61799390401625;9.63271731233761;0.840254532173066;-1.23968427941193;52.4610500054266;0.109255539328582;0.770013236939851
16.7477099938257;-0.340007399172716;2.58548929295448;0.22051031972385;2.6179939039864;9.67666230100456;0.84056470364028;-1.08023726217894;52.5043659015681;0.085576593366947;0.774228107503792
16.7312535069323;-0.296793433321119;2.57667889415312;0.22236987285499;2.61799390396263;9.72274657953074;0.840577743475352;-0.91978681683218;52.5506072554139;0.0636697656362895;0.782290081282765
16.7135008105824;-0.254311408542905;2.57048586144979;0.22385398909207;2.61799390374766;9.77104634931585;0.840293657053535;-0.758031389204996;52.5966494171458;0.0411087004513375;0.791006292516033
16.6909025953886;-0.208983480739614;2.56722401802435;0.224918677521723;2.61796938516937;9.82110404160422;0.839712668311193;-0.594412630015135;52.6472982114936;0.0256974744309194;0.805710602252569
16.665679088165;-0.1633285469992;2.56713051412588;0.225536005308807;2.61791851626032;9.87231412000045;0.838835150622269;-0.428287907471834;52.6994575662778;0.0129219337983616;0.822720336985072
16.6392841986188;-0.118810474425415;2.57036328040364;0.22570047116701;2.61790621006717;9.924439357579;0.837661706384975;-0.259081408868354;52.7512122663527;-9.99821991864991e-09;0.839876647986304
16.6085728503561;-0.0772429676874902;2.57688175779926;0.225414580657339;2.61794787145389;9.97593089004293;0.836193171228522;-0.0865054458313044;52.8028944153842;0.00810815734179116;0.836080321930867
16.5771924723322;-0.0367005974602158;2.58636237356533;0.224715220388118;2.6179874699927;10.0253034595799;0.834430543909728;0.0893869825625634;52.8541624552197;0.0164221996408247;0.832078120916408
16.5459681624189;0.000350526959892739;2.5985324610464;0.223644977627033;2.6179939036988;10.0724152775099;0.832375043196539;0.268258286191266;52.9026159726395;0.0292271636014123;0.826337451545105
16.5162556267367;0.0303681683467468;2.61297546550882;0.222261191675901;2.61799390396607;10.1167979077641;0.830028138308034;0.449407333462457;52.944852136896;0.0528590590419955;0.816736330684531
16.4862831918438;0.0597548740878252;2.6292281344814;0.220623851668772;2.6179939040425;10.1581424135788;0.827391525464998;0.631919303920086;52.9868274311501;0.0764510149538712;0.807175149352665
16.4574698848026;0.085546159838838;2.64708460981874;0.218763297011397;2.6179939040401;10.1968708395944;0.824467123502898;0.814919387616667;53.0254977955567;0.105255957656786;0.803527007140076
16.4295496895778;0.108417300495354;2.66656403885834;0.216679858586205;2.61799390402593;10.233694106411;0.821257061159058;0.997673509918877;53.0615897112211;0.138064911676249;0.804833954968695
16.4014226708115;0.130774359115071;2.6875869409676;0.214380332492357;2.61799390403716;10.2689311721273;0.817763712155749;1.17954260721154;53.0975197439904;0.170602232838007;0.806412535655018
16.3730747373069;0.151043026823346;2.71016246145752;0.2118604110284;2.61799390400435;10.3029472297802;0.813989689911854;1.3599774696674;53.1323683339856;0.209558552339847;0.806317176992476
16.344512310347;0.170449865898238;2.73440894091201;0.209101312687589;2.61799390395375;10.3361636789711;0.809937798439333;1.53849233459295;53.1669000243108;0.249566678720263;0.806164158965776
16.3157546015359;0.189175674378541;2.76024779054762;0.206105652269977;2.61799390397333;10.3686545765473;0.805611062731247;1.7145915341754;53.2012171005165;0.288083549820545;0.806541705260987
16.2866689901458;0.206042811042888;2.78759702656011;0.20287740222755;2.61799390400797;10.4004775777747;0.801012770711928;1.88772181028462;53.2348396091853;0.315975872188375;0.808983961690631
16.2574393948436;0.222390531282091;2.81637569309953;0.199420889482466;2.61799390411361;10.4316839179508;0.796146492643397;2.0572864644048;53.2683301630558;0.343517160428562;0.811777252247942
16.2280141715526;0.237751877672508;2.84650225105089;0.195738985416466;2.6179763343636;10.4623187659016;0.791016014369723;2.22300394707538;53.301523757749;0.366187155397929;0.81688268114241
16.1983378602116;0.251804762055538;2.8779795951089;0.191794926062627;2.61762439829897;10.4924996975662;0.785625306928166;2.3849000631098;53.3343592113667;0.380912666006976;0.825654311128267
16.168546636231;0.265318556845602;2.9107763314036;0.187570965678728;2.61674082996926;10.5222897250665;0.779978607800507;2.54298697367379;53.367072200773;0.395252004148054;0.834812113582093
16.1380050143285;0.277957447320769;2.9449336712315;0.183048247880855;2.61519813754383;10.5518015809808;0.774080365372393;2.69725689197419;53.400125675944;0.405838515087277;0.844044722380042
16.1070136682918;0.289813510117576;2.98058138770942;0.178201437594737;2.61292335167559;10.5812029417704;0.767935183605398;2.847674558055;53.4333074443448;0.414164477073529;0.85353034006083
16.0759449481475;0.301042028498637;3.01770190092306;0.173026688803264;2.60987436278003;10.6105218963977;0.761547896908513;2.99419499547035;53.4663429554872;0.422052939831652;0.863453456969743
16.0429646925331;0.311603502548183;3.05628025967126;0.167519760753628;2.60600478444865;10.6397838219512;0.754923566191922;3.13676385555187;53.5009730290431;0.425314733505932;0.861958276657064
16.0098813166577;0.321502576639581;3.09630083716164;0.161676775106719;2.60126603766768;10.6690095461316;0.748067459456201;3.27531800934777;53.5355056430071;0.427869063394843;0.8597879517012
15.9764961170261;0.330660816223161;3.1376272853939;0.155510962874003;2.59560731432719;10.6981313520477;0.74098502462779;3.40979795119374;53.5701242060436;0.429188475585926;0.853898995552262
15.9416695234993;0.338789666009451;3.18000915344167;0.149051601478079;2.58895871609183;10.7270087954659;0.733681946507203;3.54015909960069;53.6058868935199;0.776554044981832;0.831859447110795
15.9071506378577;0.346375402267173;3.22322412822209;0.142324557972416;2.58122315979871;10.7555308857542;0.726164291215818;3.66636925088271;53.6412294579502;0.773827268327144;0.809912244719935
15.8723336668345;0.35287595274883;3.26708461934769;0.135353246897249;2.5722990815117;10.7836160068993;0.718438334140142;3.78840573651011;53.6766480777396;0.770178999439369;0.788325663631205
15.8372253560215;0.358293419609749;3.31133292571491;0.128175142034449;2.56210326095914;10.811142869553;0.710510416092669;3.9062628163053;53.7121719068595;0.765610911828346;0.767040303201428
15.8025880465183;0.363354085076103;3.35579847242409;0.120817255918264;2.55054757302744;10.8380497193832;0.702387117621353;4.01994425027652;53.747176957132;0.761158745613205;0.745639021375769
15.7677766192433;0.36692639151458;3.40035429510094;0.113303653217913;2.53756206525213;10.8643023719729;0.694075173574912;4.12946005023119;53.7821711972611;0.755619431986338;0.729914294598104
15.7332639412417;0.369862356115672;3.44487020744424;0.105662337699871;2.52310442960564;10.8898646973239;0.68558128375941;4.23482761105846;53.8168085301691;0.749869933190538;0.715917157349064
15.6992605420571;0.372556892224748;3.48927114838563;0.0979147923155235;2.50714116664666;10.9147317288399;0.676912278298551;4.33606732614621;53.8509185240265;0.744314728095812;0.701836909947479
15.6651030924539;0.373458559565545;3.53351305738725;0.0900797086785711;2.48965481761432;10.9389137625725;0.668075178882191;4.43320034692239;53.8850878723871;0.737857444352063;0.692543491433514
15.6314808187545;0.374250909530087;3.57755677120327;0.0821767234159707;2.47064759696491;10.9624212953433;0.659077119731511;4.52624867873645;53.9187194811382;0.731668401561666;0.682981831966198
15.5981707524915;0.374459816691574;3.62136054386864;0.0742269362066098;2.45013792915143;10.9852613768542;0.649925382226961;4.6152359061578;53.952030202485;0.725557150031986;0.673490681590664
15.5648942906038;0.373461617171696;3.66489117507449;0.0662504557108954;2.42815185519001;11.0074438116921;0.64062738094124;4.70018682596002;53.9853216325841;0.719280890279115;0.664502998735492
15.5321477823347;0.372486658422742;3.70811954183306;0.0582669664200583;2.40472296121153;11.0289788738898;0.631190701852;4.78112743301382;54.0180826513165;0.713345531538706;0.655174414867858
15.499617688871;0.370508226659785;3.75091767860569;0.0503132644628295;2.37993595763902;11.0498273959272;0.621623067755873;4.85809448948494;54.0506728518835;0.707412819214516;0.644553153462482
15.4673807083676;0.367900176508364;3.79310609442284;0.0424331215669324;2.35389459882373;11.0699278996053;0.611932241651527;4.93114079922505;54.0830151591229;0.701640213901077;0.632840409186663
15.4356328645109;0.365495928999027;3.83462563642682;0.0346469593141769;2.32663409818681;11.0892786718749;0.602126149073008;5.00032440924519;54.1148539090298;0.696323108009009;0.620672165489474
15.4050189839015;0.361564244180213;3.87532040790818;0.0269925874714908;2.29825840455152;11.10783387985;0.592212823407569;5.06571790613413;54.1457192266449;0.691063358123262;0.605350421700549
15.3748784564959;0.357581099779984;3.91502698253609;0.0195070073775063;2.26887785804369;11.1255475010417;0.582200229118724;5.12740945332402;54.1761218060026;0.686127345117876;0.589193141274134
15.3452706902003;0.35364562001502;3.95377277347399;0.0121917721055364;2.23848419018194;11.1424598530508;0.572096340339286;5.18548514991069;54.2059899801349;0.681940680218984;0.573219169863495
15.3171856966996;0.348706892007729;3.99166458786414;0.00503675288188916;2.20703939417159;11.1586424510706;0.56190921866935;5.24002154550611;54.234505903656;0.680447410708334;0.560475693891783
15.2892888461357;0.343852028370319;4.02878926979539;-0.00196191639913924;2.17454350839221;11.1741538740874;0.551646995777476;5.29108739780175;54.2628220469726;0.679087549795772;0.147598809321978
15.2618432624171;0.338734346193465;4.06524363613269;-0.00880871647132495;2.14099996036185;11.1890531431946;0.541317764164912;5.33874266142955;54.2907406919347;0.678928143414739;0.136327318941745
15.2349249037364;0.333159027540173;4.10121129941779;-0.0155221610671649;2.10634649076832;11.2034301236282;0.530929680074549;5.38303025520747;54.3182303665808;0.680361679683683;0.12746388915047
15.2081352134512;0.327560937836685;4.13679253269467;-0.0221033246933167;2.07060597615555;11.2173362186178;0.520491140440583;5.42398376679187;54.345598708034;0.681793336088369;0.118602339223452
15.1815919906577;0.321461244524008;4.17203042013448;-0.0285434294329876;2.03385201181033;11.2307978754435;0.510010551154886;5.46163280753162;54.3728337761407;0.683624938566834;0.110788877674249
15.1552199125312;0.315107954927879;4.20698167775139;-0.0348373732192955;1.99613677166831;11.2438452077703;0.499496298220116;5.49600176190851;54.3999603460198;0.685615377290316;0.103470235666265
15.1289646609993;0.308717893504345;4.24165789518341;-0.0409732249428328;1.95755203358047;11.2564902207385;0.488956799678059;5.52711406447977;54.426982024687;0.6875807721073;0.096176637564779
15.1029700177166;0.301694513471113;4.27605860439282;-0.0469389839328528;1.91819195326338;11.2687403116275;0.478400418030459;5.55499340102934;54.4539087650484;0.690588804178992;0.0887302119391226
15.0770873016879;0.294607678323207;4.3101837935335;-0.0527245635368139;1.87814081227455;11.2806030386433;0.467835548299813;5.57966373618264;54.4807441562592;0.693599277575693;0.0813131001717552
15.0513471835473;0.287352819141618;4.34402972556313;-0.0583207481562065;1.8374796035245;11.2920846722961;0.457270480318091;5.60114973195622;54.5074871303578;0.696636842021394;0.0734584254640099
15.0258186367181;0.279644092766102;4.37759882294855;-0.063720510073338;1.79627623844988;11.3031935632622;0.446713331755021;5.61947623429262;54.5341541730424;0.69982077476842;0.0641674390090293
15.0003873017607;0.271893216626128;4.41089130995353;-0.0689173212190151;1.75459706467444;11.3139372182125;0.436172268169696;5.63466854410633;54.5607404266079;0.7029637221293;0.054917437940197
14.97510866;0.26385449835436;4.44391738160174;-0.0739067750033662;1.71249339362028;11.3243261699881;0.425655312827436;5.64675154310732;54.5872664651497;0.706371838638521;0.0448204420349794
14.9499737740923;0.255537945741925;4.47669860504584;-0.0786861827669054;1.67000197250499;11.3343740186326;0.415170181754781;5.65574868913654;54.6137415012583;0.710018141875482;0.0339408462199668
14.924930308158;0.247176192625174;4.50923726584432;-0.0832501692657631;1.62718342446856;11.3440879670214;0.404724493441425;5.66168390439067;54.6401440409313;0.713616750431477;0.02310894508592
14.899926486276;0.238419268069078;4.54155119871601;-0.0875958359725541;1.58407699779088;11.3534795827807;0.394325733341134;5.66458019313869;54.6666369614269;0.716673719168799;0.0157380209993286
14.8750136678328;0.22955518385318;4.57365749190134;-0.0917200498090663;1.54072350790698;11.3625596612128;0.383981154680548;5.66445980182842;54.6930797394915;0.719581540589282;0.00928416683538441
14.8501934894523;0.220649902641506;4.60553922455746;-0.0956159605558722;1.49720647003594;11.3713292456122;0.373697805747993;5.66134750796801;54.7194491400971;0.722343365401191;0.00324463550934775
14.8253278053473;0.211172686327921;4.63717698132572;-0.099277977624962;1.45360662382038;11.3797892239922;0.363482592782327;5.65527093872421;54.7460596619835;0.723161680863543;0.00283915968623034
14.8005980523866;0.201811607367238;4.66854743944806;-0.102701575891228;1.41000415739709;11.3879400232058;0.35334236024949;5.64626101156488;54.7725018721937;0.724087623587715;0.00232605660129274
14.7759750373451;0.192263957544656;4.69961553421189;-0.105882652344352;1.36648880219765;11.3957797663359;0.343283726243434;5.63435308863857;54.7989111600839;0.724100381054624;0.00375793108041696
14.7514558590199;0.182296821725093;4.73033703126916;-0.108818203931455;1.32315511614971;11.4033052763823;0.333313031026729;5.6195878587313;54.8253787610744;0.722324227801534;0.00893301222905252
14.7270785121041;0.172587240784652;4.76068111629675;-0.111508283232828;1.2800723461878;11.4105176304064;0.323436465437416;5.60201009211135;54.8516186354013;0.720790427682553;0.013865740243579
14.7029079370816;0.162435858687326;4.79061689635348;-0.11395415145193;1.23730559803103;11.4174185520021;0.313659975948005;5.5816686379524;54.8778344179646;0.718244845783661;0.0205256162659991
14.6789102795847;0.152176093400267;4.82011368817669;-0.116158217102889;1.19491587266529;11.4240104353422;0.303989253605945;5.55861637231612;54.9039332752017;0.715237454541727;0.0280790978290872
14.6550196484137;0.142267013359997;4.84916492849293;-0.11812524035463;1.15292857824719;11.4303013891718;0.29442976099653;5.53290794787459;54.9297973840205;0.712559761954271;0.0353028807376981
14.6315014066676;0.131583801593732;4.87776357328986;-0.119859864301893;1.11137099176664;11.4362993155559;0.284986738961581;5.50459982028451;54.9556283481619;0.709402920649198;0.0382185582889312
14.6080816128367;0.121113070700965;4.90590965388591;-0.121367064650866;1.07026141752501;11.4420134443418;0.27566529361833;5.4737495849712;54.9812822552426;0.706472468124108;0.0403814507155653
14.5847746798152;0.110790603623891;4.93361772837111;-0.122652111691683;1.0295998388566;11.4474555453091;0.266470191729493;5.44041466784722;55.006772772174;0.703857566390253;0.0408198060858464
14.5617773718739;0.0999252247426237;4.96090665654783;-0.123719652786168;0.989383865886763;11.4526375698017;0.257405951000798;5.40465197480617;55.0322076425448;0.701545070253438;0.0344862011003826
14.5388051791836;0.0892910332373735;4.9877925920744;-0.124573523692661;0.949618330581047;11.4575702921788;0.248477093453842;5.3665181781538;55.0575218216934;0.699447942989191;0.0279372272423461
14.515960134656;0.0785546771615857;5.01428809633638;-0.125217031373563;0.910315346733044;11.4622632836613;0.239687811222387;5.32607007397251;55.0827639571272;0.69729297367003;0.0213511789560272
14.4932537612037;0.0676177389356564;5.04040513638516;-0.12565325111308;0.87148907809006;11.4667255587836;0.231041954543962;5.28336466855831;55.1079670524354;0.694996349958474;0.0147936154140929
14.4705552786765;0.0568422712481092;5.06614956545262;-0.125885127035334;0.833163061483329;11.4709647269737;0.222543221360644;5.23845972991003;55.1330933695734;0.692849820356134;0.0080859577629445
14.4480179054271;0.045770151884939;5.09152365234601;-0.125915799917061;0.79536544807374;11.4749875928841;0.214194990211026;5.19141409127342;55.1582036268436;0.690599923987087;0.00467783653048267
14.4255368881231;0.0346788885270654;5.11652762643509;-0.125748753670521;0.758126266805712;11.4788005050965;0.206000344204442;5.14228779923861;55.1832717791867;0.688395892013193;0.00238540954233144
14.4030532617431;0.0237262213343731;5.14116053380785;-0.125387862963391;0.72147604947662;11.4824095440879;0.197962068790643;5.09114217006459;55.2082812648638;0.686320007453955;-9.99935415198216e-09
14.3807706097688;0.0123578173268896;5.16541891773131;-0.124837453670656;0.685447716623663;11.4858203784671;0.190082609308274;5.03803514501733;55.2332964040535;0.68362057285598;0.00149176990934006
14.3584747971567;0.00112998105757969;5.18929790934877;-0.124102526939358;0.650072867010863;11.4890384819963;0.182364176738123;4.98301995696717;55.2582597284981;0.681055595493794;0.00284909258224635
14.3362322374896;-0.0101058292869748;5.21279328500056;-0.123188805288128;0.615377154232432;11.4920694217858;0.174808630286618;4.92614844130338;55.2831790963601;0.678513224078252;0.00515528506017101
14.3141417082735;-0.0215577649223147;5.23589672530937;-0.122102822865523;0.581387573823323;11.4949182527775;0.167417472388814;4.86747142039983;55.3080615864052;0.675838164847256;0.0099977552788969
14.2920113477977;-0.0328237715671798;5.25860159290389;-0.120851634319363;0.548124240781564;11.497590281321;0.160191996566639;4.80703862247826;55.3328945435491;0.67334750917616;0.0146558219377224
14.2700445425869;-0.0442952249611072;5.28090691335015;-0.119442309564931;0.515595806842503;11.5000914335406;0.153133180815982;4.74489830514318;55.3576762863074;0.670944158470626;0.0196474051687741
14.2481750818039;-0.0558475746946546;5.30281397831954;-0.117881830994309;0.483805631753325;11.5024277340401;0.146241692107178;4.68109715805283;55.3824094644151;0.668687780789682;0.024815555354895
14.2262219646499;-0.0671557878396132;5.32432465887812;-0.116177087239041;0.452754774530067;11.5046050761201;0.139517963083085;4.61568033746931;55.4071038977414;0.666683895704755;0.0297312129450004
14.2045183240748;-0.0789259938931645;5.34544709510115;-0.114334269601593;0.422434609291723;11.5066297354409;0.132962144765283;4.54869108019661;55.4317936884403;0.664576583079964;0.0340479370532389
14.1827750204053;-0.0905873359380996;5.36619096960289;-0.11235904682596;0.392834538511109;11.5085077909077;0.126574122019494;4.48017068481635;55.4564667132397;0.662659039846415;0.0380444896845285
14.1609612722397;-0.10210122497223;5.38655952170093;-0.110257413069839;0.363952962368411;11.510244438477;0.120353427325182;4.41015907216775;55.4811326664896;0.660939468369575;0.0417912393246954
14.139339098463;-0.114038809427997;5.40655564683834;-0.108035292070056;0.335787918342376;11.5118446438588;0.114299392528133;4.33869487733775;55.5058313369288;0.659034806138508;0.0453466845457022
14.1176006807302;-0.12577182817828;5.42618120281519;-0.105698633038612;0.308338022523757;11.5133131053159;0.108411379267096;4.26581558635732;55.5305340196682;0.657361906387634;0.0486703672865166
14.0958800340757;-0.137566498039109;5.44543579752268;-0.103253614680597;0.281603939330709;11.5146542031089;0.102688487886041;4.19155775205374;55.5552504257219;0.655762318261484;0.0521940218767939
14.0742459758421;-0.149565386399779;5.46431794262995;-0.100706571529294;0.255586536320673;11.5158721309694;0.0971295565448724;4.11595711824722;55.5799891766514;0.654149332708804;0.0561432312375063
14.0524821049654;-0.161380090637382;5.48282636242644;-0.0980638245646755;0.230285098772348;11.5169709979537;0.0917334149392434;4.03904864674085;55.6047531285121;0.652758116736474;0.0598706710178679
14.030822221876;-0.173428968768348;5.50096022421525;-0.0953316107663524;0.20569719238131;11.517954833546;0.0864986711775173;3.96086652746323;55.6295387291637;0.651217581745581;0.0651769504682659
14.0091413892536;-0.185505819384578;5.51871827712873;-0.092516186682963;0.181819938280144;11.518827535707;0.0814235993686579;3.88144424787787;55.654356239595;0.649713387713301;0.0711303793149652
13.9873209362833;-0.197417374003861;5.53609908882474;-0.0896237910903466;0.1586497135619;11.5195928912779;0.076506298974158;3.80081464330291;55.6792161933616;0.64842145038573;0.0768715514569537
13.9656803007252;-0.209695299296405;5.55310067254219;-0.0866607057673239;0.136182655873933;11.5202545668357;0.0717446676104771;3.71900997071681;55.7040972013164;0.646694891161836;0.0829644734597424
13.943917091868;-0.221851574781409;5.56972065751422;-0.0836332334765515;0.114414415144325;11.5208161278346;0.0671363672468183;3.63606196794022;55.7290253439153;0.645134607170412;0.0888871534375247
13.9220860121155;-0.23397768584811;5.58595673875405;-0.0805476112396483;0.0933395973660618;11.5212810594397;0.0626788921861528;3.5520018801891;55.7539981013273;0.643621881275595;0.0942291357801119
13.9003605304376;-0.246343150507928;5.60180595633647;-0.0774101399230115;0.0729527159712634;11.5216527490898;0.0583696118146304;3.46686053429539;55.7789961266572;0.641804403285111;0.0981121389421231
13.8784960804769;-0.258580241096668;5.6172653155915;-0.0742270674565594;0.0532473800198163;11.5219345124609;0.0542058471776664;3.38066836844207;55.8040520752156;0.640170993578704;0.101811073820059
13.8566453779524;-0.270914065765126;5.63233189069253;-0.0710045531632538;0.0342162226962024;11.522129594588;0.0501848131437914;3.29345545403242;55.8291434369117;0.63821289329041;0.104234053760523
13.8348065303672;-0.283343132818814;5.64700229065645;-0.0677487733449252;0.0158515969501492;11.5222411647144;0.0463035573318628;3.2052515524389;55.8542714486053;0.635942241133045;0.105431357725938
13.8128304798974;-0.295659945216235;5.66127336074029;-0.0644657640700433;-0.00185528387421155;11.5222723278221;0.0425590953895882;3.11608612311516;55.8794637224583;0.633843103084968;0.106457147582065
13.790942161336;-0.30816834020841;5.67514164521845;-0.0611615300346739;-0.0189136333135495;11.5222261209844;0.0389483616152402;3.02598836714551;55.9046740067631;0.631350829721709;0.105273677697274
13.7689840806063;-0.320657572447433;5.68860343811861;-0.0578420341758082;-0.0353331634874006;11.52210552074;0.0354681086464825;2.93498726587475;55.9299354048093;0.628865656883458;0.103382089312418
13.7469116513817;-0.333071342290447;5.70165552904098;-0.0545130044358121;-0.0511249399681411;11.5219134370997;0.0321150151106867;2.84311156901141;55.9552591844164;0.626483276169871;0.101430948305016
13.7249572996172;-0.345697107568622;5.71429414866274;-0.0511801859892575;-0.0663000634529237;11.5216527241345;0.0288857125389441;2.75038985268656;55.9805851298136;0.623477925595699;0.100718217942212
13.7028824580638;-0.358239328652083;5.72651557793054;-0.0478491889996567;-0.0808704175281822;11.5213261787808;0.0257767797794443;2.65685053532934;56.0059742207645;0.620613170860828;0.0998648917401085
13.680767952135;-0.370793482511642;5.73831658299084;-0.0445253547490049;-0.0948491107449833;11.5209365248313;0.0227847254482154;2.5625218643945;56.031403694837;0.617703643164613;0.0999360418539959
13.6586950062675;-0.383449227123844;5.74969348386297;-0.0412140027418665;-0.108249332119401;11.5204864385143;0.0199059647689921;2.46743196472574;56.0568474133341;0.614573534793293;0.101908974295497
13.6365112855186;-0.396033729063087;5.76064291167665;-0.03792021600281;-0.121085231797043;11.5199785271621;0.017136908500301;2.37160883539554;56.0823520630146;0.611569195376499;0.103756137782472
13.6143540525388;-0.408688845310766;5.77116136924888;-0.034648961205156;-0.133371359688078;11.5194153459468;0.0144739180160306;2.2750803754429;56.1078686250981;0.60841046292138;0.107997000407774
13.5921799640389;-0.421365876000843;5.78124497221771;-0.0314051764653613;-0.145122372086193;11.5187994215422;0.0119132480611115;2.17787442563804;56.1334106944723;0.605195249765294;0.113658723527221
13.5699086546548;-0.433984005183078;5.79089058671707;-0.0281934081198528;-0.156354302883034;11.5181331888023;0.00945114067104979;2.08001873362873;56.159008124143;0.602088207414493;0.119212275841384
13.5477232034006;-0.446691902942877;5.80009461378563;-0.0250181961285804;-0.167083093328381;11.5174190651156;0.00708381503120534;1.9815410002945;56.1845753866641;0.599026786753989;0.128719947008426
13.5254815975611;-0.459370415559964;5.80885351037878;-0.0218839152427068;-0.177325192758136;11.516659428757;0.00480742173288417;1.8824688898221;56.2101768263209;0.596043468896555;0.13859745918044
13.5031919267784;-0.472021870286401;5.81716490578596;-0.0187943628870155;-0.187098748362226;11.5158565150316;0.00261801925812932;1.78282996477426;56.2358066669427;0.593161166760124;0.148368233231488
13.4809607944673;-0.484708449987054;5.8250267763478;-0.0157530196194073;-0.196422524860989;11.5150124628878;0.000511633822788788;1.68265167780762;56.2614030055155;0.59044101889669;0.157950279200777
13.4586750133684;-0.497362429349923;5.83243740109519;-0.0127630558636358;-0.205315802074818;11.5141293112131;-0.00151564269619044;1.58196136624876;56.2870307099173;0.587781495367298;0.167471700836024
13.4363847649728;-0.510012139777125;5.83939540069409;-0.00982730662242595;-0.213798378831906;11.5132089854802;-0.00346781089193981;1.48078624382575;56.3126601919142;0.58533494819181;0.176549253246543
13.4141070067229;-0.52266490370349;5.84589981953573;-0.00694822181121805;-0.22189063475092;11.5122532731916;-0.00534900275668913;1.3791533866226;56.3382803196972;0.583125446946664;0.185113297834579
13.3917865340378;-0.535290896085631;5.8519497051613;-0.00412803766211745;-0.229613001032847;11.5112638722303;-0.00716334573128577;1.2770897479809;56.3639244064331;0.580964343142073;0.19362894498206
13.3694891184603;-0.547917013950502;5.85754385062814;-0.00136891454670302;-0.236985635600038;11.5102424441213;-0.00891504656126249;1.17462219082246;56.3895484887342;0.579462832740545;0.201011739686447
13.3471815601345;-0.560529605058669;5.86268116070822;0.00132721004787972;-0.244028870462179;11.5091905696806;-0.0106084267035114;1.07177749333391;56.4151747372486;0.578224043013115;0.207959424578175
13.3248427851783;-0.573120488191006;5.86736084121969;0.00395871832265425;-0.250763436780612;11.5081097094309;-0.0122479118637321;0.968582340612822;56.4408174985;0.577035112850336;0.214857918826674
13.3025489946004;-0.585691096132271;5.87158188646099;0.00652402150590115;-0.257209720317617;11.5070013221306;-0.0138379892288822;0.865063353621399;56.4664111165002;0.577002715799729;0.220660703655322
13.2802365768071;-0.598246505484084;5.87534351807085;0.00902177067844951;-0.263388328206769;11.5058667872874;-0.0153831167870183;0.761247085165419;56.4920135049001;0.576994046381621;0.22643976085147
13.2579223342994;-0.610776346201234;5.8786454363247;0.0114510323617385;-0.269320462541648;11.5047073191471;-0.0168879384869886;0.657159996029293;56.5176049551734;0.577193953086292;0.232094180946684
13.2356370949911;-0.623266317782604;5.88148734137529;0.0138109712205519;-0.275027104676557;11.5035241069392;-0.0183572351985487;0.552828468574292;56.5431516042908;0.57786815142901;0.237481082694917
13.213347447177;-0.635747713069975;5.88386922365513;0.0161010391109991;-0.280529474236646;11.5023182266401;-0.0197957034887054;0.448278796574543;56.5686979078981;0.578551706715835;0.242858627499039
13.1910758005177;-0.648179665575911;5.88579132331201;0.0183209604651433;-0.285848957408336;11.5010906398811;-0.021208229238895;0.343537177707429;56.59420437155;0.579574298959762;0.248038555604744
13.1688262183917;-0.660574820892819;5.88725402489315;0.020470618298759;-0.291006821017175;11.4998422516454;-0.0225998330545133;0.238629715564666;56.6196736428414;0.580850053719418;0.253073497419857
13.1465866572032;-0.67296815353122;5.8882579738625;0.022550190405609;-0.296024524551674;11.4985738299166;-0.0239753949186113;0.13358240949301;56.6451332731557;0.582120662122803;0.258113585591239
13.1243744578993;-0.685268093660629;5.88880395763009;0.0245599469691302;-0.3009232270056;11.4972861212963;-0.025339915804183;0.0284211583087689;56.6705236320564;0.583715306375564;0.262125521411609
13.1021884155321;-0.697555339624212;5.88889300763865;0.0265003286598103;-0.305723976753872;11.495979808812;-0.0266986173805839;-0.0768282459365664;56.6958849587032;0.585352601798976;0.265965140082598
13.080028136278;-0.709830042780187;5.88852641335237;0.0283720320000988;-0.310447902580646;11.4946554503392;-0.028056731376947;-0.182140129002878;56.721217671037;0.586954432881109;0.669700744127653
13.0579047704607;-0.721980161490993;5.88770600096624;0.0301752599870113;-0.315114364651402;11.4933140264957;-0.0294195836752453;-0.287488931942675;56.7464578909206;0.58842358688071;0.672569075513363
13.0358249081196;-0.734147346805388;5.88643431088234;0.0319105037766247;-0.319742888082817;11.4919564325199;-0.0307926660658296;-0.392849256046188;56.7716682205392;0.589852074612313;0.67547807316707
13.0138142943797;-0.74623234921778;5.88471449478028;0.0335785858958591;-0.324353202598988;11.4905834259118;-0.0321815738834634;-0.498195904068186;56.7967782663479;0.591096439767513;0.677507824711732
12.9919028132258;-0.758192520025387;5.88255146089031;0.0351797068195904;-0.328962606199408;11.4891964296735;-0.0335920717827316;-0.603503943628382;56.8217414130266;0.592069871549498;0.678215740025375
12.9700691972246;-0.770192592078363;5.87995069691556;0.0367148003698107;-0.333589594982366;11.4877964401142;-0.0350299922150683;-0.708748773795423;56.8466554355233;0.592964385215295;0.679002573455206
12.9483675654699;-0.781956373407362;5.87691752476456;0.0381855544539785;-0.338253936640429;11.4863838968798;-0.0365012119764419;-0.81390614805028;56.8713403979898;0.593315853391354;0.678848188007948
12.9267996205174;-0.793645307741346;5.87345788478627;0.0395937244089578;-0.342974647133974;11.4849592468909;-0.0380117483149829;-0.918952203587136;56.8958721617938;0.593338936473736;0.678318005688376
12.9053492285335;-0.805400940668392;5.86957764702466;0.040941393516115;-0.347770855463183;11.4835226657541;-0.0395676284878507;-1.02386346720402;56.9203326242134;0.593240509159499;0.677909333765423
12.8839660027547;-0.816783909387403;5.86527987798538;0.0422316697343804;-0.352664409250835;11.4820732106338;-0.0411748978154929;-1.12861674562427;56.944556874905;0.591847471316369;0.675855000174171
12.8627186814147;-0.82822771732889;5.8605665133911;0.0434677612985537;-0.357676943881593;11.4806096710013;-0.0428396949586804;-1.23318905012258;56.9686900347545;0.590258523566538;0.673861639387235
12.8415694385008;-0.839651373161913;5.85544157935975;0.0446521575716029;-0.362826761160765;11.4791315479179;-0.0445682350439484;-1.33755765244541;56.9927273055735;0.588146300941967;0.671893278735526
12.8204339672174;-0.850823112542389;5.84990790820168;0.045787593326326;-0.368132688690534;11.4776379598419;-0.0463667828911316;-1.44170002402478;57.0166337044482;0.584641298314909;0.669686348265329
12.7994431833511;-0.862088558859796;5.84396823545956;0.0468767403904183;-0.373612874595826;11.4761279947502;-0.0482415721465558;-1.54559381490387;57.04045645173;0.580983903117074;0.667631810365906
12.7785193235848;-0.873195732638873;5.83762906441844;0.0479215677084338;-0.379281597986974;11.4746016375813;-0.0501988765070501;-1.64921700628722;57.0641456310504;0.576791858594814;0.665413101850013
12.7576751103331;-0.884166747628283;5.83090026753488;0.048923631208773;-0.385150303872246;11.4730595046399;-0.0522450257365671;-1.75254806969182;57.0877007662863;0.572071750989387;0.663056034797909
12.7369865874012;-0.895253784644205;5.82378982870449;0.0498849296785523;-0.39123221681665;11.47150158337;-0.0543862650314166;-1.85556590168698;57.1111728213923;0.207179385280225;0.660871225849538
12.716427496866;-0.905938998051744;5.81629962436326;0.050808300757307;-0.39754523134346;11.4699264434433;-0.0566288125265;-1.958249548984;57.1343428448968;0.202058600216152;0.658489121818202
12.6960344324124;-0.916624368610534;5.80842954331416;0.0516966933467987;-0.404107870231818;11.4683322708422;-0.0589788337476907;-2.06057809418903;57.1573657513551;0.196729360628724;0.656202077158157
12.6757859890492;-0.927414918796395;5.80017987473012;0.0525528640340939;-0.410937334149194;11.4667173731971;-0.0614423521096684;-2.16253064761152;57.1803099321412;0.191236492411041;0.654110475842659
12.6553322096004;-0.937791547390157;5.79151559220465;0.0533829796168317;-0.418077636141612;11.4650733207505;-0.0640253133815589;-2.26408465572127;57.2032453090666;0.186013327857425;0.652189499053216
12.6350275332938;-0.948299783659233;5.78239744305495;0.0541930078098963;-0.425572532945434;11.4633913598725;-0.0667335256242811;-2.36521555341962;57.2261080059636;0.180619073038835;0.650439612528746
12.6145381221767;-0.95890439427676;5.77281216349475;0.0549861440278378;-0.433442377835778;11.4616678222949;-0.0695726508546849;-2.4658978635255;57.2491790643329;0.175377217623576;0.648927311557944
12.5935386459473;-0.969549153100889;5.76273071600529;0.0557666986266351;-0.441719238196919;11.4598962486084;-0.072548269766258;-2.56610438592814;57.2727224050544;0.170604430785997;0.647684758011314
12.5726184940219;-0.980264338973226;5.75212883563875;0.0565383630862488;-0.450429795346382;11.4580711038202;-0.075665765896086;-2.66580632886228;57.2962270421472;0.165739809919462;0.646534038493646
12.5513971690772;-0.991054206303021;5.74101766493249;0.0573020253980064;-0.459572065903643;11.4561928917279;-0.0789303480000499;-2.76497496369704;57.3200338871587;0.161047931989447;0.645788978751527
12.530003360562;-1.00189937128406;5.72942517307898;0.0580572811667503;-0.469132678897434;11.4542647160603;-0.0823471415030497;-2.86358249299778;57.3440195630143;0.156446536894138;0.645303262600531
12.5086563627406;-1.01278654754021;5.71736058044019;0.0588048757856497;-0.479115674179106;11.4522863179039;-0.0859210086282639;-2.96160120311787;57.3679825537045;0.151789675168011;0.644873013080353
12.4872783821241;-1.02346017148554;5.70485042059258;0.0595443387512827;-0.489512388289496;11.450260124413;-0.0896565695084409;-3.05900435384217;57.391876994551;0.146435815148167;0.646217818328635
12.4659456551813;-1.03416014234818;5.69192860988142;0.0602746181458216;-0.500310218703749;11.4481895947576;-0.0935583602391175;-3.1557666229731;57.4157427569582;0.140941938009531;0.647821920751667
12.4446625301824;-1.04484926314143;5.67860129522978;0.0609961986724522;-0.511520619950967;11.4460736008556;-0.0976306781469162;-3.25186277956698;57.4395593207962;0.135228004018159;0.649476661711057
12.4234175858363;-1.05528885978173;5.66487591315623;0.0617094811884976;-0.523153680752415;11.4439111438525;-0.101877508070031;-3.34726774824088;57.4632306713763;0.128745141507289;0.651115942830527
12.4022339447616;-1.0657977950336;5.65075945066637;0.0624148655735408;-0.535219535190557;11.4417010848849;-0.10630253225479;-3.44195658632902;57.4868777508854;0.122178963718135;0.65283853922828
12.3810943657326;-1.07618718826467;5.63626064323352;0.0631126239449551;-0.54772646963727;11.4394424988635;-0.110909125794733;-3.53590457224578;57.5104323957188;0.115592675584804;0.655822520829118
12.3599998267635;-1.08642693266151;5.62139648150099;0.0638025456282741;-0.560675591549677;11.4371357036396;-0.115700418608086;-3.62908763827554;57.5338808911851;0.108991882133914;0.660307729506022
12.338971942361;-1.09675069169437;5.60617874494069;0.0644845835822965;-0.574072395424784;11.4347801743389;-0.12067915086243;-3.72148211811516;57.5573063457808;0.102294821220673;0.664889205645278
12.3181320670814;-1.10675040413702;5.5906638982246;0.0651564294436602;-0.587884312437372;11.4323823422073;-0.125847735733799;-3.81306712018117;57.5804211603075;0.0961735949171096;0.669128049050522
12.297419657446;-1.11671600210419;5.57493289643879;0.065814285924382;-0.602059910015941;11.4299525819054;-0.131208547184411;-3.90382595403598;57.6034063088985;0.0901716748159263;0.67333274690405
12.2768008267075;-1.12679487505395;5.55901845299072;0.0664562435061901;-0.616592060094863;11.4274939664555;-0.136763722411766;-3.99374371715267;57.6263566871298;0.0840511513008112;0.677673335898348
12.2571920099094;-1.1359201836486;5.54298690791773;0.0670789756955835;-0.631443191856101;11.4250149192344;-0.142514995239865;-4.08280914964975;57.6479848389965;0.0793316905590287;0.682355085622765
12.2377238891381;-1.14528396085221;5.52690688465582;0.0676789642889585;-0.646574057849922;11.4225244660034;-0.148463885971106;-4.17101487348496;57.6695878029109;0.0743780385553311;0.687271026609097
12.2185636427698;-1.15446082987378;5.51076250776399;0.0682562149739677;-0.662021795311046;11.4200186499456;-0.1546116831601;-4.2583529009684;57.6908323308164;0.0698993367244012;0.691340315501986
12.1999853506361;-1.16286756529262;5.49445284635811;0.0688147001182989;-0.677897924123203;11.4174800496153;-0.160959253386362;-4.3448099013864;57.7112241463072;0.0669139004487582;0.692994542401198
12.1815599361567;-1.17161584197383;5.47789943549328;0.0693584237417845;-0.694285894703227;11.4148942984291;-0.167506968817802;-4.43036818188199;57.7316209167287;0.0636316152760607;0.694945618197464
12.1628804250517;-1.18013907984778;5.46102514624369;0.0698918466487583;-0.711262956107489;11.4122468263417;-0.17425487053651;-4.51500556432057;57.7521530797657;0.0614218360003155;0.69668815680722
12.1440189219258;-1.18856284730156;5.44368762550406;0.0704222097968137;-0.728965048670837;11.4095122039239;-0.181202714537321;-4.5986915683766;57.7728101889121;0.0599746357168064;0.698331708911276
12.125260168283;-1.19732539145421;5.42581511121537;0.0709550537613089;-0.747450240361503;11.4066753983302;-0.188349853066098;-4.68139100019084;57.793514609171;0.0582438963663556;0.700258800082273
12.1058311198395;-1.20581418537721;5.40739277596463;0.0714938908871253;-0.76671541292948;11.4037300320545;-0.195695312502055;-4.76306693910557;57.8147171454741;0.0571989625033239;0.703154777723062
12.0863256809116;-1.21448671252128;5.38840633673684;0.0720415283349585;-0.786756018158414;11.4006696414347;-0.203237848120865;-4.84368067734173;57.8360636879303;0.0560844135252104;0.706428869987306
12.0668073546229;-1.22336204594705;5.36884769178073;0.0725998415480226;-0.807560376031487;11.3974886010375;-0.210975922191612;-4.92319197303386;57.8575051572021;0.0547823248330858;0.709930235075112
12.0468495260077;-1.23184765288251;5.34874066132291;0.0731687779449352;-0.829084119193245;11.3941864585957;-0.218907664485288;-5.00156079240398;57.8791920299157;0.0536631286925927;0.713539635421922
12.0269184158482;-1.24059979147132;5.32810688721705;0.0737471958060858;-0.851287822397476;11.3907625495098;-0.227030799998954;-5.07874717160568;57.9009601047517;0.0523250542583798;0.717367914062452
12.0068447007612;-1.2493159424131;5.30694357889763;0.0743337730074531;-0.87415950483056;11.3872122047575;-0.235342782696832;-5.15470976573427;57.9228444673112;0.0509051652883905;0.720986160503715
11.9865365547716;-1.25783022335988;5.28525758995643;0.074926207147885;-0.897677200675864;11.3835323241838;-0.243840810022403;-5.22940631749619;57.9448652250996;0.0494814333672526;0.724166054942081
11.9662267191782;-1.26659207314395;5.26305048007844;0.0755216450718682;-0.921825267125762;11.3797188944914;-0.252521689837723;-5.30279325926548;57.9669844347028;0.0478574968712973;0.727546153955264
11.9456997352998;-1.2750866732325;5.24033162955708;0.0761163605230789;-0.946580260616011;11.3757692294975;-0.261381952155014;-5.37482607450376;57.9891996389064;0.0462471530476151;0.730916931400187
11.9250545493217;-1.28356754080555;5.21711921210681;0.0767056968462694;-0.971910810395704;11.3716822425195;-0.270417841933254;-5.44545973802557;58.0115188866281;0.0445519419209557;0.734374630301322
11.9043826514753;-1.29227542893253;5.19341519455477;0.0772848588425775;-0.997804237031398;11.3674540487888;-0.279625240472698;-5.51464763931295;58.0339499961906;0.0426763194118359;0.738012740584917
11.8835902790931;-1.30045918698604;5.16926952062617;0.077847212308632;-1.02419853936032;11.3630894828321;-0.288999734724672;-5.5823444335968;58.0562949429383;0.0408836862431601;0.741509905360598
11.8627483608269;-1.30882212167346;5.14473563939812;0.0783853190229089;-1.05103411319963;11.3585945222878;-0.298536551202148;-5.64850629244118;58.0787521073541;0.038937102778426;0.745158133770427
11.8419230514652;-1.31718841149644;5.11982454335774;0.078892449453055;-1.0783008176248;11.3539676962674;-0.308230600058671;-5.71308822313529;58.1011951088337;0.0368801153613686;0.748627999691913
11.821263017685;-1.3250726600587;5.09458869866826;0.079360906288519;-1.10594584305252;11.3492154531008;-0.318076556182723;-5.77604663449977;58.1233084163925;0.0348365231888152;0.75111184662313
11.8005248261787;-1.33320340038497;5.06906597016907;0.0797832361031388;-1.13393654858744;11.3443419386462;-0.328068697909054;-5.83733841310993;58.1455835488322;0.0326092488977815;0.753779375672827
11.7799406979588;-1.34101745215556;5.04324297166336;0.0801532541361104;-1.16229559050845;11.339341594019;-0.338201028008097;-5.89691745822561;58.167600945128;0.0301613512448342;0.756039603997404
11.7594817629638;-1.34857355369079;5.01709864804193;0.0804654110682413;-1.19104911316743;11.3342070303835;-0.348467515422745;-5.95473387463803;58.1894106377334;0.0274626122443735;0.757935843229307
11.7388968958131;-1.35645343907564;4.9906143436264;0.0807144827944492;-1.22021570053822;11.3289309421757;-0.35886191534886;-6.01073378263466;58.211452174642;0.0245211224937263;0.760074833211396
11.71837610281;-1.36367690246781;4.96371757955339;0.0808961414171631;-1.24986484644173;11.3234946578971;-0.369377763102659;-6.06485512054449;58.233207205528;0.0213042803696085;0.763139860484848
11.6977435021995;-1.37101401718146;4.93631784752885;0.0810064153974349;-1.28007275107936;11.3178746858513;-0.380008613267552;-6.1170255734986;58.2551055493072;0.0177825458876691;0.766690383100879
11.6769202708602;-1.37867054523259;4.90837509270504;0.0810407937320763;-1.31084979317092;11.3120568100032;-0.390747858776504;-6.16716528775031;58.2772917924594;0.0139944079222225;0.770568113263774
11.6558507896786;-1.38550203199617;4.87978950606805;0.0809944010602597;-1.34226126444015;11.306013376398;-0.401588624090123;-6.21518155674837;58.2994411095745;0.0105922286399467;0.775007928630635
11.6345521095311;-1.392762859879;4.85046791572345;0.080861646388091;-1.37434977858383;11.2997166163634;-0.412523909772277;-6.26096792711851;58.321943407181;0.00683760972246297;0.779800183632704
11.6129162709359;-1.40001532002556;4.82037686011655;0.0806358575713742;-1.40708292779253;11.2931504194415;-0.423546555151887;-6.30440732688447;58.3447624275344;0.00367319486300335;0.784744332249669
11.5908530511433;-1.40682795362757;4.78945589451812;0.0803086371336461;-1.44045123010891;11.2862919706576;-0.434649216817806;-6.34536852490153;58.3678535003595;0.00200829024516869;0.789643500484169
11.568519130381;-1.41403089905957;4.75766557629107;0.079870054152855;-1.47441562849052;11.2791221156989;-0.445824381910549;-6.38370604848356;58.3913202095347;-9.99949900659658e-09;0.794886064345504
11.5457263951403;-1.42089292688802;4.7250169898546;0.0793087906468482;-1.50888397494207;11.271632563258;-0.457064400017156;-6.41926877164238;58.4151234909402;0.00089452576741636;0.799380879660669
11.5225527535669;-1.42762648815653;4.69153573788239;0.0786120243845908;-1.54375473510047;11.2638183823891;-0.468361546601302;-6.45190480248698;58.4392555963422;0.00352071689320776;0.803492751111913
11.4990995720492;-1.43464451674335;4.65723325072374;0.0777654929895809;-1.57894472393673;11.2556713938154;-0.479707973276604;-6.48145850229359;58.4637362917683;0.00587838286611631;0.807873147716041
11.4753582836791;-1.44102917785858;4.62217913196182;0.0767553346834948;-1.6143194950616;11.2471974953147;-0.491095678082448;-6.50777618485041;58.4883210974627;0.0134573970686339;0.810745007212033
11.4513320804878;-1.4475138189521;4.58644474318526;0.0755672654066239;-1.6497587788107;11.2384038785009;-0.502516501250346;-6.53070719834742;58.5132070173753;0.0214975932307148;0.813610057484912
11.4270643784233;-1.45402562345921;4.55004073992721;0.0741852276265245;-1.68521124710955;11.2292832170356;-0.513962156331294;-6.55009895144718;58.538333198172;0.0297910977100487;0.816297618187392
11.402731993743;-1.45989245892949;4.51300207096265;0.0725944381551521;-1.72060509436341;11.2198341170492;-0.525424218153715;-6.56579986458954;58.5633628746116;0.0401512809055155;0.817297951295032
11.3780564733559;-1.46594953606199;4.47534553177709;0.0707799807034514;-1.75589011994181;11.2100505029985;-0.536893972884332;-6.57765836351895;58.588770934155;0.0503003802413622;0.818509368262292
11.3532128849307;-1.47169016456572;4.43705480653976;0.0687260965054187;-1.79104493028036;11.1999171381019;-0.548362604074412;-6.58552023489015;58.6142691439247;0.0579961867214893;0.82059304714092
11.328192301372;-1.47700294169091;4.3981099585754;0.0664173881812815;-1.82604457289319;11.1894167848583;-0.559821453753606;-6.5892289970994;58.6398475567448;0.0626344128739465;0.823747542624419
11.3027269295541;-1.48253549709516;4.35847750981849;0.0638380562402258;-1.86086786878757;11.1785273026643;-0.571261867006017;-6.58862544577668;58.6659069951718;0.0669951084825832;0.827179568651735
11.2771547843359;-1.48735768826728;4.31809474931324;0.0609705651436997;-1.89550611067364;11.1672167940278;-0.582675183410281;-6.58354571432896;58.6919298339632;0.0664353651455828;0.833058828426672
11.2511452623382;-1.49208976342348;4.27688060217887;0.0577958206589858;-1.92994748268647;11.1554458699071;-0.594052899632676;-6.57382087050414;58.7183663195433;0.0636985433299738;0.840152704985654
11.2245153402878;-1.4971045870908;4.23476908907251;0.0542952110147673;-1.96414898726673;11.1431768542015;-0.605386516229998;-6.5592810371561;58.7454643121779;0.0605474156237005;0.847660887435299
11.1977617340457;-1.5007681674554;4.19164065135653;0.050444865020622;-1.9980887769247;11.1303534791434;-0.616667473059149;-6.5397527925211;58.77246759472;0.0597478021246939;0.862955616313945
11.1702185748519;-1.50474937735774;4.14740880268714;0.0462224907171876;-2.0316934292957;11.1169256533276;-0.627887245177271;-6.51506803993259;58.8002969973485;0.0584172037663463;0.878827644960082
11.1420467757965;-1.50852523305267;4.10207483095213;0.0416128541359044;-2.06481601779495;11.1028673333057;-0.639037303110676;-6.48508163667148;58.8287207083703;0.0640591691675084;0.896361031223429
11.1136123270066;-1.51122480673119;4.05572480933284;0.0366089619215742;-2.09726824164226;11.0881781163594;-0.650109131756622;-6.44969129738645;58.8572830187816;0.089135359570532;0.917355592125568
11.0844512237361;-1.51401451453805;4.00850950541179;0.0312120306246904;-2.1288594668047;11.0728792889609;-0.661094222763707;-6.40885750172344;58.8865772573551;0.113838543526485;0.938723159474777
11.0550946690344;-1.51619480520301;3.96061534551252;0.0254305661396839;-2.15942947282476;11.0570062401565;-0.671984083767503;-6.36262194314527;58.9160146650422;0.150480276618418;0.951475430839179
11.0256654501016;-1.51776788650054;3.91229451672481;0.0192861793093511;-2.18883678200928;11.0406200113862;-0.682770336726509;-6.31113039832997;58.9454858969771;0.196945740295576;0.957102548613427
10.9958520977607;-1.51910512285005;3.86375686102957;0.0128024373432726;-2.21701761798009;11.0237720879917;-0.693444621710407;-6.25464383483304;58.9753292241853;0.243440723058049;0.962700147302359
10.966277572456;-1.51963726361695;3.81512274626877;0.00599949515405443;-2.24397440755917;11.0064864132594;-0.703998610171808;-6.19354613415008;59.0049085365639;0.267927485106282;0.953431367101603
10.9366067678596;-1.51973540137037;3.76645639702144;-0.00110156522417642;-2.26971544229484;10.9887688606344;-0.714424154179979;-6.12835787628481;59.0345795034579;0.287944671594563;0.940880937307032
10.9067944945635;-1.51940690557416;3.71783688880133;-0.00846866923670748;-2.29419294146105;10.9706325947198;-0.724713165967027;-6.05975707041189;59.0643935865155;0.308215917510036;0.927444076621365
10.8772074573307;-1.51810702422201;3.66927867559085;-0.0160697344239645;-2.31731677833435;10.9520693943319;-0.734857599241531;-5.98874985083949;59.0940091645741;0.329067617989462;0.907773863436138
10.8474785221656;-1.5164304577667;3.62077180784182;-0.0238887580379997;-2.33913883856538;10.9330639082257;-0.744849540551264;-5.9170339893534;59.123785337282;0.710159972557706;0.887862996162092
10.8177834574305;-1.51410727306598;3.57234958214315;-0.0319818955355088;-2.36055081984453;10.9136181507692;-0.754681145173069;-5.84509261971713;59.1535711402219;0.736728050951288;0.868793238736494
10.7882483555225;-1.51095372406672;3.52403641077069;-0.040379243959726;-2.38230954475552;10.8937248558292;-0.764344672621044;-5.77292070672921;59.1832741218232;0.772263692922846;0.851277953902414
10.7586388254769;-1.50737097538111;3.47585951488039;-0.0490880239163945;-2.40501292588435;10.8733714579122;-0.773832491335369;-5.69865375566848;59.2130996202711;0.808104327024497;0.833457676938252
10.7292590165356;-1.50291998698777;3.42786719984529;-0.058001511446344;-2.42810384151862;10.8525471046711;-0.783137047421732;-5.62171992081241;59.2428146748917;0.834786261953861;0.816670542534365
10.700005861697;-1.49777963595015;3.38011118886652;-0.0670244825738429;-2.4509913562027;10.83124550468;-0.792250946475192;-5.54177639725856;59.2725160263222;0.856701299694212;0.800267345306853
10.6707527826728;-1.49216327917847;3.33264468991917;-0.0760850233562561;-2.47320538270631;10.8094646869231;-0.801166888969854;-5.45847428570435;59.3023033742368;0.878987051880488;0.783493433633416
10.6419357615656;-1.48547855423873;3.28550777318892;-0.0851309009231656;-2.49438528323681;10.7871990628759;-0.809877664466582;-5.37145737095829;59.3318855691014;0.880523373340892;0.567660173367895
10.6131996356647;-1.47825179864258;3.23874010913498;-0.0941220157801624;-2.51425585986206;10.7644438399429;-0.818376258402709;-5.28036144469321;59.3615164808026;0.880720232342932;0.551532842797885
10.5846053038188;-1.47038966161623;3.19238621934752;-0.103025697024043;-2.53261193076644;10.74119664515;-0.8266557607366;-5.18481406315471;59.3911719864016;0.880481358330992;0.535217216179672
10.5563861252245;-1.46148268707333;3.14644076373647;-0.111823727962107;-2.5493195924696;10.7174284533595;-0.834709376461057;-5.08442858528233;59.4207634756519;0.877194300256534;0.519416536331757
10.5282612226286;-1.45207750243056;3.10091280997346;-0.120497591402811;-2.56427328441807;10.6931135862955;-0.842530500577056;-4.97880376942244;59.4504192953875;0.874327692253944;0.503195406411975
10.5003185182178;-1.44174237881771;3.05582735520957;-0.129027652710936;-2.57739560519713;10.6682304274366;-0.850112637499294;-4.86752478941894;59.4802120715234;0.873737994824087;0.485716179112295
10.4725601793511;-1.43042521598459;3.01116712268608;-0.137403038442019;-2.58864496540676;10.6427280173407;-0.85744942893422;-4.75015836081892;59.5101887883421;0.875635823379655;0.466893516412971
10.4449192318321;-1.4186131914959;2.96696568746878;-0.14560396144817;-2.59798768804694;10.6165762483724;-0.864534668493659;-4.6262629919534;59.5402478286173;0.877942380831399;0.447662124817484
10.417461241224;-1.40540512042483;2.92327738908122;-0.153608998270933;-2.60542281848092;10.5897498988161;-0.871362270564649;-4.49540373821846;59.5707173935905;0.885464144406115;0.421480689321112
10.3901461495327;-1.39138646790467;2.88015682258466;-0.161399664200859;-2.61099270017348;10.5622154024517;-0.877926338906466;-4.35717800392785;59.6014197852333;0.895023046982508;0.392667631429143
10.3629879485347;-1.37683275531508;2.83770842303749;-0.168953382278749;-2.61479279626809;10.5339615271134;-0.884221126672891;-4.21127701233923;59.6322317704271;0.905056372949465;0.363064733738387
10.336174262562;-1.36041956980909;2.79601596978207;-0.176258704744274;-2.61700285483261;10.5049534846;-0.890241030919096;-4.05758740124782;59.6636700657673;0.918833543123016;0.314175110193319
10.3095317074377;-1.34349472887429;2.75517984876927;-0.183311890386858;-2.61791338255488;10.4751551488208;-0.895980676859303;-3.89639995711754;59.6952339055879;0.932994528582816;0.264901671362001
10.2831342592782;-1.32555157468516;2.71531003531257;-0.190124919728018;-2.61799390414632;10.4445242234551;-0.901434843809227;-3.72881571734337;59.7271522710157;0.948633773326627;0.219153079002803
10.2570442650662;-1.30588519183921;2.67641425034616;-0.196753628194479;-2.61799390411637;10.412923815989;-0.906598433983441;-3.55606851629361;59.7598241918688;0.967215612331408;0.182396081478753
10.2311826265365;-1.2857026335843;2.63855797476459;-0.203175830147238;-2.61799390410633;10.3802427046788;-0.911466543694286;-3.37896196458948;59.7926290696334;0.986161912823491;0.1452746224674
10.2054129958569;-1.26347839206413;2.60179918082583;-0.209368678476449;-2.617993904111;10.3463447656389;-0.916034420665292;-3.19835487751567;59.8266583331652;1.01093701513724;0.114309661136543
10.1797784903535;-1.23955413998879;2.56612669644697;-0.215325961511587;-2.61799390411579;10.3110021774695;-0.920297418305923;-3.01524582171204;59.8617225272921;1.04016376487723;0.0880142255490433
10.1544393967454;-1.21509378115785;2.53166975379366;-0.221022055438193;-2.6179939041155;10.2740931877535;-0.924251033858721;-2.83075463860744;59.8969415394732;1.06968621457764;0.0614230900011312
10.1292313356669;-1.186850878747;2.49859088681686;-0.226430471796277;-2.61799390411481;10.2355191546635;-0.927890934367753;-2.64608236437063;59.9347979508183;1.09552779384699;0.0436362776505548
10.1043389730186;-1.15739963643188;2.46704767410005;-0.231529638272061;-2.61799390411408;10.1951696116759;-0.931212974269758;-2.46248804268588;59.9733596597031;1.12075364243126;0.0274566182698821
10.0799566293859;-1.12691440439241;2.43726233680048;-0.236291369466326;-2.61799390410779;10.1530219788843;-0.934213191199218;-2.28120802541021;60.012396156133;1.14404449167987;0.0122690382318351
10.0568059277297;-1.09227596390542;2.40954761091413;-0.240677659361564;-2.61799390409445;10.109230038766;-0.936887813239441;-2.10334431676753;60.0540588078315;1.1508601500039;0.00615692710437166
10.0342011007252;-1.05700246558757;2.38415405549085;-0.244664541189389;-2.61799390410695;10.0639448307064;-0.939233282661853;-1.92985679351633;60.0959538897323;1.1577206343035;-9.99865035211656e-09
10.0131338615257;-1.02006266911685;2.36130248210298;-0.248234870863427;-2.61799390360625;10.0173756159627;-0.941246218552391;-1.76111036076232;60.1384789074371;1.1647063936243;0.000298510892968895
9.99424451659138;-0.980838932865604;2.34129897531651;-0.251332876062155;-2.61772138758883;9.97007993493933;-0.942923415602875;-1.59678947488212;60.1820140522922;1.17183293991931;0.0108437939204051
9.97613581429363;-0.940997931905403;2.3242723062161;-0.253960390451066;-2.617180520776;9.92244069981405;-0.944261879325204;-1.43646735585525;60.2257773983299;1.17901600667932;0.0213325564828487
9.96146496319907;-0.901416780318671;2.31032982585217;-0.256133943813452;-2.6165127470431;9.87499849705753;-0.945258806763228;-1.27969635541116;60.2679899726742;1.18780884421718;0.0405234397830138
9.94897442390961;-0.861765421435277;2.29954858854634;-0.25787604035178;-2.61590879028331;9.8285549046398;-0.945911574630228;-1.12601015565554;60.3095621248081;1.19761762858562;0.0638787654102136
9.93738067634057;-0.821689065538728;2.29179299445722;-0.259233082620837;-2.61551210308949;9.78344459817025;-0.946217749679992;-0.974971944705803;60.351281775869;1.2076988293568;0.0869616746346666
9.92989241907718;-0.78571585219556;2.28686913819889;-0.260245429093807;-2.61537252166437;9.7398844922737;-0.946175131441824;-0.826185459843974;60.3880261097869;1.20119401060137;0.116959602797436
9.92348981136966;-0.749767490961959;2.28455798625456;-0.260946201655154;-2.6154755182372;9.69808687313174;-0.945781740944023;-0.679296647229118;60.4245401900963;1.19427451667569;0.146800109900643
9.91832874701561;-0.714395631040287;2.28461600596935;-0.261366326474015;-2.61576674178158;9.65803678855133;-0.945035760440764;-0.534001332671175;60.4602865893497;1.1877988951053;0.17834457529234
9.91545442778204;-0.681701430621044;2.28683196757862;-0.261531037232304;-2.61617605861723;9.61937561883354;-0.943935630704848;-0.390050722452264;60.4931068948344;1.18160171196868;0.217616027097188
9.91334452567086;-0.648946871120596;2.29105419393374;-0.261455033021705;-2.61663330544835;9.58181605202309;-0.942480119938701;-0.247240144625399;60.525929339213;1.17601845594943;0.256273551784672
9.91254196366302;-0.6168086190332;2.29715654164276;-0.261147789642961;-2.61707378833845;9.54523594419822;-0.940668199910413;-0.105400670587549;60.5580776105975;1.16754593182805;0.300700621587465
9.91306771036487;-0.585370135200219;2.30507420333808;-0.260614402181505;-2.61745278217248;9.50934604774132;-0.938499020525301;0.0355933906296801;60.5895204901621;1.15589833241587;0.351427192722646
9.91426914698781;-0.553970349648987;2.31475177729299;-0.259858249070675;-2.6177416893453;9.47400503146239;-0.93597201868302;0.175814956666026;60.6209432523357;1.14482248848171;0.401582008379817
9.91691407896947;-0.523133144921943;2.32612436889052;-0.258883695201476;-2.61792178631124;9.43917656419313;-0.933086863230087;0.315252990957424;60.6518936781901;1.13271633743696;0.438637543336551
9.92045895281119;-0.492544883578411;2.33914147724267;-0.25769549874647;-2.61799390288026;9.40480424288325;-0.929843377237571;0.453743717558889;60.682686662173;1.12064906364846;0.471019379954152
9.92464879836209;-0.462086158751133;2.35373763044519;-0.256302927672219;-2.61799390399257;9.37088467047156;-0.926241615840385;0.590886062751458;60.7134322102059;1.10925036353249;0.50259901220771
9.93032201543359;-0.432421170819742;2.36983856651791;-0.254719419410689;-2.61799390393689;9.33742560900684;-0.922281907022728;0.726147876681673;60.7436348077914;1.10281646108062;0.524576625653471
9.93659000753569;-0.402897504102867;2.38736540006553;-0.252951011513543;-2.6179939039768;9.30443102006504;-0.917964855498487;0.858944234501946;60.7738165012727;1.09692180970366;0.546014988024325
9.94366245111023;-0.373741282897983;2.40623545924962;-0.251003919473677;-2.61799390407948;9.27190036093346;-0.913291315551128;0.988568459802254;60.8038182461064;1.09225290288337;0.56616505811379
9.95183111215523;-0.34522813843793;2.42636944579035;-0.248883715201186;-2.6179939040766;9.23981683961628;-0.90826237798772;1.11440910671445;60.8334784286794;1.08973130869851;0.584023725453915
9.9605548371034;-0.316893709952634;2.44768212567703;-0.246581753325391;-2.61784944103409;9.20816829600593;-0.902879475422018;1.23627094718276;60.863125405162;1.08773329409604;0.601358813211651
9.97019546792171;-0.28905911595298;2.47010262958677;-0.244074066739185;-2.61727185472902;9.17692572758191;-0.89714431830652;1.35420785539526;60.8925822615065;1.08498257115928;0.617851851271175
9.98065853845041;-0.26164600881764;2.49358320920342;-0.241345743761533;-2.61607209648185;9.14604000259404;-0.891058799848575;1.4682592470687;60.921924284063;1.08183016293832;0.633574790991545
9.99166591412207;-0.23444209853861;2.51805909740356;-0.238390203711984;-2.61411616476189;9.11549567697026;-0.884625147408648;1.5784550989715;60.9512707498408;1.07920968838832;0.648765797040946
10.0037323888283;-0.207610855962141;2.54349306769534;-0.235201439818674;-2.61129993776805;9.08525102388053;-0.877845850063042;1.68481335960423;60.9806903927692;1.07306268014513;0.663189355251263
10.0164393821387;-0.181042110281347;2.56985969102373;-0.23177471155799;-2.60754141508656;9.05526011121033;-0.870723477899887;1.78733999650681;61.0101414695922;1.06674473081457;0.677025379921637
10.029767892002;-0.154719489008933;2.59709668725608;-0.228111334316365;-2.60277165033012;9.02552607427047;-0.863260793989546;1.88603579771941;61.0396462076156;1.06040616864762;0.690381190562628
10.0442016637881;-0.128636286820913;2.62515325184559;-0.224211944584968;-2.59692154820463;8.99604259243391;-0.855460849158016;1.98089574720925;61.0694567293211;1.05063403634704;0.703634426019375
10.0591531729233;-0.102839897841535;2.65397642726426;-0.220078468805092;-2.58992573582484;8.96680898167564;-0.847326988767977;2.0719103011638;61.0992728543174;1.04138961892827;0.716359946594314
10.0748822533004;-0.0773361900090805;2.68349579148002;-0.21571604714102;-2.58172266817887;8.93784441843268;-0.838862816045555;2.15906856115178;61.1292368841317;1.03082740594683;0.728391970256985
10.0915066805161;-0.0521413293481398;2.71364085017116;-0.211130577756707;-2.5722498687658;8.90916898348266;-0.830072215812996;2.24235901841895;61.1594221882377;1.01800531671337;0.739657791047221
10.1085895576908;-0.0272812374549135;2.74434177489645;-0.206328880693675;-2.56144638361914;8.88080298700475;-0.820959440177668;2.32177020408126;61.1895858892956;1.00566791281929;0.75043892649808
10.1265970167478;-0.00278370715543859;2.77553202840327;-0.201318491530801;-2.54925410450408;8.85276467334768;-0.811529019377316;2.39729100101754;61.2199897964863;0.989753510229887;0.76004415779137
10.1452502289175;0.0213393858616459;2.80714603230291;-0.196108116835452;-2.5356198802219;8.82507253981345;-0.801785709374096;2.46891124716562;61.2504834997865;0.972345443019957;0.968859300084079
10.16429146801;0.0450842119438675;2.83911665614214;-0.190708008811564;-2.52049662216275;8.79774749690642;-0.791734554467835;2.53662262438201;61.2809200822466;0.955371703883464;0.977240114303351
10.1844224198359;0.0684173015795555;2.87139760197278;-0.185126511394524;-2.50383663448623;8.77079397598272;-0.781380869200878;2.6004167844525;61.3117370952973;0.933443402304001;0.98450881730153
10.2049267034852;0.0913332227008222;2.90393926093193;-0.179374137764702;-2.48560384905754;8.74422107910719;-0.77073023125597;2.66028640915533;61.3424871373917;0.911645308160874;0.991342893757568
10.2259339586941;0.113844280484818;2.93667475784065;-0.173465412885029;-2.46577615529452;8.71805326820917;-0.759788466478328;2.71622790042472;61.373277598479;0.889726750033392;0.996972222839426
10.2478620223115;0.135959026387665;2.96954831153731;-0.167413798401319;-2.44432939533623;8.69230688694864;-0.748561654719503;2.76824062690871;61.4044208475124;0.866472815052617;0.999472860578514
10.2699940965181;0.157597631763639;3.00249190201293;-0.161235885267083;-2.42125205725418;8.66700870374584;-0.73705622599457;2.8163289422204;61.4353733587401;0.293517726983756;1.00167465140569
10.2927904681895;0.178776519561427;3.03540928925282;-0.154953676319797;-2.39655102978938;8.64220711324886;-0.725278887597875;2.86050606896134;61.4664895900307;0.271963597643728;1.00082234250766
10.3161391672724;0.199452667343147;3.06819289836024;-0.148591096026938;-2.37023858233606;8.61795805243624;-0.7132365880217;2.90079595796445;61.4976771650559;0.25170443107181;0.99705682045305
10.3394535488605;0.219612257908864;3.10075151676627;-0.142169278102622;-2.34231817712682;8.59430438638772;-0.700936692797363;2.9372318146194;61.528498739977;0.231547726625429;0.993188836272902
10.3635483092281;0.239065500149036;3.1329783682215;-0.135712884636295;-2.31281342667814;8.5712995677135;-0.688386873010382;2.96985835175854;61.5594662408582;0.214510755907481;0.985140657134597
10.3876831369018;0.257950891263253;3.16477501860208;-0.129245256004394;-2.281749197975;8.5489900418061;-0.675595000300207;2.99873117231709;61.5901117609937;0.198288671999195;0.975983081199793
10.4116267928106;0.276315879691446;3.19608660280303;-0.12278228578605;-2.24912781637388;8.52739138643833;-0.662569344790518;3.02391192004564;61.6202874375934;0.182223841690834;0.966803076774561
10.4363203670075;0.293780493083561;3.22686515267071;-0.116340194021363;-2.21496762590462;8.50651511172287;-0.649318382559269;3.04546769473047;61.6505328558837;0.169770689789991;0.9561162984939
10.4606844014745;0.310797856236578;3.2570786014112;-0.109933222089705;-2.17929050839301;8.48636272347017;-0.635850639216199;3.06346937164478;61.680251483446;0.157181753225442;0.945565304876943
10.4850463772931;0.32722509028094;3.28671081378528;-0.103573485241533;-2.1421198886426;8.46692619897591;-0.622174871645311;3.07798989138586;61.7096344697499;0.144918145360077;0.935219458884751
10.5097356346608;0.342933557154219;3.31575220348678;-0.0972726459417293;-2.10348832265946;8.44819449824326;-0.608299897926428;3.08910363381085;61.7388973363367;0.133433135621952;0.925138333155295
10.5340458847949;0.358263925524556;3.34419386020389;-0.0910426432365826;-2.06344026764784;8.43015730892909;-0.59423467916132;3.0968864712545;61.7676376991728;0.121778701846234;0.915226631463425
10.5585699970842;0.372924450489032;3.37202541107284;-0.0848956487322562;-2.02203091833747;8.41280616014128;-0.579988423286071;3.10141606603306;61.7962097672781;0.109838095897546;0.905316136326982
10.5830629021474;0.387055344064672;3.39923708359891;-0.0788432977063782;-1.97932073468973;8.3961328895954;-0.56557034888087;3.10277191849924;61.8244866934138;0.0976344747216055;0.895489427944107
10.6071201538638;0.400875911766728;3.42582071575794;-0.0728963417114278;-1.93537258175088;8.38012889846486;-0.550989903285719;3.1010352908503;61.8522312325477;0.0852165429466521;0.885877030160246
10.6316014180666;0.413915938778877;3.45177389485314;-0.0670637917308926;-1.89024478171687;8.36478265533566;-0.536256774544435;3.09628864871795;61.8799688352098;0.0740712047441055;0.875865114003159
10.6557287228338;0.426630450146356;3.4770976799644;-0.0613535320818327;-1.84399446903636;8.35008116915412;-0.521380625241354;3.0886153736591;61.9072412688131;0.0628734637349923;0.866012183393478
10.6795455693904;0.439008647102595;3.50179295804101;-0.0557730584335706;-1.79668273882993;8.33601210274274;-0.506371261971016;3.07809990161688;61.9340826909026;0.0521896228182418;0.856361285348208
10.703687138734;0.450711288457982;3.52586494585348;-0.050328455666923;-1.74836561625193;8.32256116243197;-0.491238641596018;3.06482734671634;61.9609111680316;0.044996808289251;0.846745852330624
10.7273538056359;0.462215925186139;3.54931949712229;-0.0450252682368851;-1.69910046535142;8.30971424074096;-0.475992801692857;3.04888355763053;61.9872259507306;0.0375515217730892;0.837382891300216
10.7509332070381;0.473281543071472;3.57215889395189;-0.0398692431030043;-1.64895303239541;8.29745959992217;-0.460643897525213;3.03035564894096;62.0132727560946;0.0314333171262442;0.82827523518284
10.7745156300522;0.483868658302359;3.59438377358683;-0.0348656798857785;-1.5979923165753;8.28578659987967;-0.445202069478328;3.00933229365889;62.0391226629441;0.0270168068521023;0.819430237526879
10.7976034488359;0.494325380931363;3.61599701006938;-0.0300186020397485;-1.54628203096285;8.27468357888548;-0.429677556622698;2.98590356234278;62.0644680851014;0.0223215503815236;0.810863986067363
10.8208335313387;0.504197954613357;3.63703128660211;-0.0253257332235163;-1.49382048073794;8.264124288812;-0.414080677893164;2.96015774914722;62.0897090130596;0.0184836115160378;0.80208804619583
10.8438344809648;0.513779232760733;3.65753370411182;-0.0207833390414043;-1.44057960744485;8.254077089412;-0.398421582450206;2.93218006876703;62.1146257659507;0.0148254394810379;0.793379942630555
10.8663718049696;0.523259252839155;3.67752708588871;-0.0163939753027565;-1.38659656642602;8.24452399857276;-0.382710442150534;2.90205561659995;62.1390757506949;0.0109218396794623;0.784918320122876
10.8896600200485;0.532344300789727;3.69710410177122;-0.0121473395934134;-1.33173266168373;8.23541606554629;-0.366957495112472;2.86986234838067;62.1640733317343;0.00787822447680672;0.776535145528361
10.9126421171537;0.541288413324214;3.71636050111636;-0.00803759609975781;-1.27585850908187;8.22670769691281;-0.351172880415751;2.83567170085469;62.1887345145199;0.00473540685325549;0.768251173354738
10.9356679298131;0.550144062872723;3.73531532184173;-0.00407671846012122;-1.21906391356743;8.21839130247012;-0.33536674064424;2.79955742869662;62.2134045485197;0.00212097608067263;0.760755842876847
10.9593583882025;0.559002449895974;3.75399607609334;-0.000273288679125841;-1.1614023115461;8.21045650864764;-0.319549179286441;2.76159532130849;62.2386970145789;0.0010549167192262;0.755116017258721
10.9828922715462;0.567710406167717;3.77242349343187;0.00336362843717524;-1.10293995907698;8.20289703229308;-0.303730286321273;2.72186452068357;62.2637902839486;-9.99888244423985e-09;0.749465058997258
11.0067255800281;0.576316935277199;3.79057973812082;0.00681995940603683;-1.0438486468065;8.1957225305052;-0.287920116498427;2.68044982141664;62.2891299551483;0.000193077308346334;0.744743904492253
11.0307909537017;0.584841074669102;3.80842236315372;0.0100824425515409;-0.984350195141601;8.18895044517636;-0.272128460772492;2.63744061328571;62.3146603911496;0.00137660042708176;0.740768455405809
11.0547260298069;0.593257828201253;3.82593333080937;0.0131471132021349;-0.924560000724618;8.18258670781611;-0.256365088328557;2.59292697793163;62.3400322182061;0.00255770890703627;0.736795420958147
11.0789893768037;0.601489421722899;3.8430952859563;0.0160125465009435;-0.864576747044271;8.17663584320946;-0.240639703687019;2.5469994712526;62.3656538719271;0.00533913155702304;0.733154997301853
11.1032170795018;0.609624527241344;3.85988547929567;0.0186785677928884;-0.804505440774342;8.17110298076892;-0.224961613536591;2.49974936105292;62.3912108967896;0.00842007392562505;0.729599773514659
11.1273663854445;0.61767900300175;3.87629823385159;0.0211488940648821;-0.744384380802309;8.16598659599404;-0.209339976540263;2.45126710819786;62.4166679892647;0.0116008603637472;0.726093025758665
11.1518163698809;0.625606555198715;3.89230706964714;0.0234251624536475;-0.684321552077173;8.16129077128787;-0.193783825864489;2.40164377307489;62.4423710595633;0.015766382883165;0.722784109513437
11.1761247726163;0.633501235608554;3.90788800134784;0.0255113658190431;-0.624407274219193;8.15701701715728;-0.17830195943627;2.35097046579434;62.4679293150265;0.0198681163995978;0.719538982271195
11.2003216662416;0.64124650881874;3.92301556235536;0.0274129008916816;-0.564732068556479;8.1531654211846;-0.162902989249125;2.29933806108384;62.4933355921684;0.0237584867994542;0.716192469906767
11.2243863483195;0.64880879791408;3.93762289951193;0.0291335806168131;-0.505534276192458;8.14974328524557;-0.147595193291364;2.24683910863828;62.5185605230875;0.027304591654198;0.712698453616147
11.2482062379841;0.656444030609398;3.95167080002178;0.03068442676522;-0.446931346518419;8.14674674096599;-0.132386623257521;2.1935651775014;62.5435741977865;0.0306441235294431;0.709411010305026
11.2715414559592;0.66356923578126;3.96515282046718;0.0320799728971393;-0.388915675211384;8.14416266254757;-0.117285135549111;2.13960452501892;62.5679729876476;0.0329631264843122;0.705408326758377
11.2944395763991;0.670511306252713;3.97805950655023;0.0333328569652001;-0.331508689446985;8.14197773224193;-0.102298194013285;2.08504205019955;62.5919002997012;0.0346046220113468;0.701213511194934
11.3169938856335;0.677594864271053;3.99039379124502;0.0344554919300198;-0.274693718446854;8.14017582701383;-0.0874330373288215;2.0299585557156;62.615540808563;0.0359387448854193;0.697326068284452
11.3393817397666;0.684127399717076;4.00223203827251;0.0354615609097665;-0.218150125735329;8.13873262705651;-0.0726967087566748;1.97442815031406;62.6388622586044;0.035802431807271;0.691642410696454
11.3614829631992;0.690705070499467;4.01365313193149;0.036356418283311;-0.161576970179387;8.13763055449814;-0.0580959098912664;1.91851955826194;62.6619215263755;0.0353721965805892;0.686059645750758
11.3834724296981;0.697347607511655;4.0246772267102;0.0371368686742243;-0.10496994060959;8.13686278581367;-0.0436371009482102;1.86229911735094;62.6848923760521;0.0346497523355474;0.680488300090733
11.4058319556498;0.703985257845933;4.03535188587493;0.0378002662161226;-0.0481883681982715;8.13642315836998;-0.0293264828676521;1.80583059503286;62.7082163294637;0.0334818637786751;0.674378964177531
11.4279804688645;0.710663901141745;4.0457131996181;0.0383406464639933;0.00884496006589887;8.1363102412098;-0.0151700158281601;1.74917635680164;62.7313498746717;0.0321757667377522;0.668407836748379
11.4502574054454;0.717356257536488;4.055760979816;0.0387506778902336;0.0660179913052511;8.13652508133319;-0.00117343867194706;1.69239852386859;62.7546103462393;0.0309453038360531;0.662637028619486
11.4726778900676;0.724069874792877;4.06549151714624;0.0390260362863244;0.123213186018551;8.137067898665;0.0126578392959389;1.63555900555995;62.7780144225373;0.0297902040136242;0.657066995276435
11.4949065353045;0.73084396291716;4.07490451691562;0.039165104792227;0.180344625758435;8.13793826174495;0.0263185210475694;1.57871943366668;62.8012523428182;0.0284908484439456;0.651641217680636
11.5173922823977;0.737600573268753;4.08400289254028;0.0391679389789855;0.237353880074084;8.13913568423612;0.0398035432144303;1.52194119184903;62.8247312824403;0.0280465750410321;0.645651177132707
11.5398306854103;0.744400931871584;4.09278930086379;0.0390356407471581;0.294187157762152;8.14065961398915;0.0531084193065035;1.46528549065791;62.8481775360192;0.0277466025973975;0.639599955169111
11.5621291802078;0.751273163647703;4.10126662095346;0.0387701335653025;0.35079725985714;8.14250953390456;0.0662289352857669;1.40881344621955;62.8715109978245;0.0273593285047459;0.633651785265773
11.5848483286853;0.758212434826389;4.10944195265204;0.0383735040201275;0.407167881536446;8.14468618113914;0.0791611278043302;1.35258630353704;62.8952662749652;0.0278073001415142;0.627135846179453
11.6074206539999;0.765219662154888;4.11732155939379;0.0378477363194361;0.463278833372898;8.14719089680536;0.0919015264412206;1.2966656306477;62.9189012301152;0.0281264679576316;0.620748710913783
11.6300458996293;0.772318486050078;4.12490764556364;0.0371953123771712;0.519084335574123;8.15002426197895;0.104446977012088;1.24111332908322;62.9426139912468;0.0285612489259383;0.614465828337414
11.6529375989711;0.779529227146855;4.13220316343227;0.0364191407800485;0.574547262309817;8.15318726355606;0.116794547728219;1.1859917670369;62.9666145055314;0.0293634776923908;0.608254938413606
11.6757018267609;0.786814892911365;4.13921042935905;0.0355225594308841;0.629628325715881;8.15668081836168;0.128941545231278;1.13136385154609;62.990516199875;0.0300394505783019;0.602170304370342
11.698693285412;0.794246054500591;4.14593164604775;0.0345092832524812;0.684289624794574;8.16050591062436;0.14088548847724;1.07729311538017;63.0146787604485;0.030899454456815;0.59621132385902
11.721797127468;0.80179891787941;4.15236938634471;0.0333832440518655;0.738497885136499;8.16466388453353;0.152624109589454;1.02384384739674;63.0389858224464;0.0318345614676104;0.590374092189199
11.7447898935741;0.809434084284444;4.15852542076268;0.0321487744252087;0.792214531214992;8.16915569739821;0.164155314598586;0.971081112144024;63.0632131429594;0.0326439429495977;0.584662586048187
11.7681809252283;0.817310296467729;4.16440230354199;0.0308102962356491;0.845408595309722;8.1739829293516;0.175477222844234;0.919070921145585;63.087894615367;0.0335718969667422;0.579374459661914
11.7915413636005;0.825289264130519;4.17000265451462;0.0293723343305215;0.898049916916443;8.17914740347333;0.186588217848723;0.867880352534931;63.1125801173044;0.0344112601196758;0.574242399425592
11.8148981271077;0.833396964595137;4.17532818063393;0.027839860938783;0.950100036772901;8.18465014915375;0.197486919538944;0.817577505234305;63.1373040572889;0.0351393463557069;0.569493545348146
11.8386260818604;0.841796340967246;4.18038129909297;0.0262179125090513;1.0015270520959;8.19049277715122;0.208172145554193;0.768231670346262;63.1624747815572;0.0358104630804384;0.566156251639573
11.8622737239343;0.850286290312573;4.18516437763855;0.0245117293574398;1.05229767268635;8.19667675249961;0.218642857032699;0.719913389079766;63.1876002709163;0.0363622495377877;0.562938288198381
11.8860741003874;0.859006921786944;4.18967971501018;0.0227268243784004;1.10237659326193;8.20320318952513;0.228898203723439;0.672694475483429;63.2129479992686;0.0367774654830366;0.560402642241896
11.9100946962052;0.867994048162715;4.19393026145135;0.0208686849512049;1.15173362818016;8.21007378025442;0.238937537200171;0.626648196387521;63.2385947819897;0.0370559038780033;0.558684164770789
11.9340439269653;0.877081513920733;4.19791887405826;0.0189430527882943;1.20033492992889;8.21728966537374;0.248760299889245;0.581849263373507;63.2642101618991;0.0372112514747411;0.557088778097909
11.9582946172741;0.886543735263011;4.20164893259924;0.0169556808435532;1.24814960137003;8.22485229631491;0.258366075590119;0.538373972833333;63.29024148175;0.037158102505771;0.556938371748696
11.9826262953174;0.896215192984711;4.20512432944707;0.0149122637915926;1.29514903205508;8.23276349945868;0.267754656344088;0.49630036355101;63.3164248285732;0.0369517714788188;0.557414861109387
12.006893477354;0.905998051715298;4.20834884444627;0.0128188593778376;1.34129822096439;8.24102391787747;0.276925947824579;0.455708100102934;63.3425896990858;0.0366174321419864;0.558021867141744
12.0315928487267;0.916342594620649;4.21132633410191;0.0106819991812091;1.38655735989307;8.24963273912037;0.285879977944293;0.416678295900541;63.3693678340867;0.0359598353559507;0.561701980733768
12.0562361406237;0.926803307175;4.21406131127184;0.00850838641935532;1.43088906917759;8.25858873219682;0.29461692374804;0.379293512974871;63.3961394299051;0.0351769745684367;0.565507358327271
12.0809326370417;0.937519033012485;4.21655955907439;0.00630423947924084;1.47426710876905;8.26789236925917;0.303137065645787;0.343638154931679;63.4230604944374;0.0343241479712334;0.569920562382219
12.1058680982878;0.948703297654287;4.21882818904468;0.00407483398586841;1.51667743370707;8.27754713085329;0.311440802550949;0.309799129072717;63.4503893254247;0.0335034463061472;0.575692814102765
12.1307476066829;0.960015586767548;4.22087449683235;0.00182546229628923;1.55809792713264;8.28755547189462;0.319528585124175;0.277865775447375;63.4777198545627;0.0325508169778188;0.581596993486553
12.1558623043927;0.97181056266648;4.22270641361695;-0.000438786680963119;1.59850563272836;8.29792010043718;0.327400927798281;0.24793003819768;63.5054663768225;0.0316713956842786;0.588293812522204
12.1811594041504;0.984019185012308;4.224332953926;-0.00271362599676631;1.63788542643373;8.3086465915561;0.335058493710354;0.220087159060617;63.5335554087698;0.0308287717736151;0.595643199819272
12.2064024679182;0.996365723853243;4.22576324330174;-0.00499414810358259;1.67620677717044;8.31973710788641;0.342501935907733;0.194435163826161;63.5616561078666;0.0298529815152297;0.60312575346406
12.2319559149461;1.00946139180285;4.22700254959569;-0.00726566480923657;1.71330953701406;8.33114903349204;0.349731934879353;0.171065974033351;63.5903697835989;0.0291650471216679;0.609210238732922
12.257512571098;1.0228463935379;4.2280585328715;-0.00951045881388715;1.7490506268918;8.34282682827626;0.356749343452566;0.150062409142982;63.6192194100282;0.0284009126496998;0.615150883931928
12.2829142215132;1.03640766180029;4.2289447099064;-0.0117178560758624;1.78342140211179;8.35474621444394;0.363555023438563;0.131504090824603;63.648014406828;0.0276063035428604;0.620766467395136
12.3076207212499;1.05014316302461;4.22967287609998;-0.0138682534410037;1.81628791884364;8.36682781496314;0.370149829610827;0.115455655781048;63.6762823236795;0.0277389120393867;0.622650952692237
12.3321970668372;1.06410527410123;4.23025834021314;-0.0159442581499153;1.84758026382557;8.37899515935632;0.376534636921653;0.10196648903756;63.7045478027688;0.0276248808862835;0.624782077638969
12.3562858313564;1.07812826817614;4.23072139681706;-0.0179438733186718;1.87742627435148;8.39124437927826;0.382710322213591;0.0910854058652544;63.7324209608045;0.0275001474142966;0.6266129111417
12.3796783007341;1.09211761790018;4.23108245285966;-0.0198711399128057;1.9059653324792;8.40359128783373;0.388677838279538;0.0828648147730109;63.7596773275706;0.0274886046994538;0.627845051585576
12.4029182351388;1.10633408095076;4.23136095218009;-0.0217304141628845;1.93328270979916;8.41604295193961;0.394438069158212;0.0773589218932735;63.7869207189307;0.0272099781417772;0.629344275872287
12.4260235665223;1.12093108240506;4.23157647115921;-0.0235315304163221;1.95949754504295;8.42863620417494;0.399991902261484;0.0746303830593266;63.8142507169147;0.0270586892973095;0.631730264972804
12.4489935821779;1.13581671760879;4.23174838422341;-0.025288645876132;1.98473884630519;8.44143433899612;0.405340342422403;0.0747566040676138;63.8416223035445;0.0268538979052944;0.634673545976553
12.4718181701541;1.15091100687792;4.23189537527291;-0.0270094895897455;2.00901454809454;8.45445657402575;0.410484273695992;0.0778203807474066;63.8689865025063;0.0264021609641053;0.637863772529476
12.4948384867288;1.1667677066441;4.23203673197805;-0.0287008199350151;2.03232024112249;8.46772070863123;0.415424566389394;0.0839097576668744;63.8969394970271;0.0262212190819356;0.646556484597759
12.517734787173;1.18285999303902;4.23219264581379;-0.0303688656640391;2.05464696908347;8.48124635810704;0.420162181551896;0.0931185905377953;63.924925247963;0.0258326131152141;0.655788477863502
12.5405571401457;1.19930781094492;4.23238429230144;-0.0320174375633617;2.0759604826655;8.49503986367585;0.424698038960747;0.105543552405979;63.9530569117794;0.0252544986220165;0.667065644678235
12.5634933709164;1.21647696656866;4.23263461131453;-0.0336531524099859;2.09626554888586;8.50913590592528;0.429033122417539;0.121290775266318;63.9817074019461;0.0246261384673818;0.684844751531072
12.5862722267443;1.23385551150808;4.23296824750109;-0.0352811821127522;2.11554373790728;8.52356129496402;0.433168460030708;0.140474102486862;64.0103585816259;0.0237537923680038;0.702867844328652
12.6093489623954;1.25206161774644;4.23341255961057;-0.0369082423174035;2.13379021669126;8.53836128473714;0.437105048877389;0.163219503234832;64.0397524250743;0.022739762315047;0.722467940532119
12.632718605518;1.27109213996109;4.23399977361558;-0.0385460091912703;2.15103488647828;8.55363034005044;0.440843996610086;0.189677079577191;64.0698904574494;0.0215952432592359;0.743627091538411
12.6559119684266;1.29033835322372;4.23476495899956;-0.0402002318492726;2.16722666620243;8.56941526889476;0.444386450330704;0.220009533188181;64.1000292830396;0.0202076389008353;0.765029327847298
12.6802718214688;1.31154193954874;4.23574568360883;-0.0418716299466903;2.18227721960934;8.58572549916139;0.447733452624019;0.254382270060607;64.1323247086179;0.0187130017850829;0.785520994474318
12.7048291381859;1.33344871284464;4.23698362542489;-0.043560244533325;2.19611351232703;8.60257213149873;0.450886155923806;0.292962408254329;64.1652331956779;0.017057597431698;0.805884540138321
12.7292311247107;1.35567375984536;4.23852310487339;-0.04526368319367;2.20866237352037;8.61994610216751;0.453845853426526;0.335911668811043;64.1982394020722;0.0152318239246019;0.826249767544709
12.7541393463461;1.37987307325046;4.24040067460079;-0.0469689177942038;2.21981040691443;8.63772795012618;0.456613758251275;0.383355492780743;64.2329672910711;0.0138124093031466;0.843407249607096
12.778838048512;1.40426974844212;4.2426508815885;-0.0486644802701513;2.22950743683737;8.65580127468835;0.459191084926239;0.435379793460765;64.2676836222293;0.0122328499130996;0.860724876438074
12.8032125533891;1.42918999452149;4.24531682781197;-0.0503488839292695;2.23778499171446;8.67413499405089;0.461579152542422;0.492048329864073;64.3025424109728;0.0105799597096613;0.876649671139957
12.8271508669878;1.45495297539268;4.24843585497625;-0.0520192468869029;2.2446717204024;8.69266093618889;0.463779325369525;0.553388709823139;64.3377102093303;0.0089509667768034;0.889634855634836
12.8508499381115;1.48090603383155;4.25204588354328;-0.0536762051805574;2.2502194843661;8.71132876444918;0.4657929472968;0.619391887075458;64.3728557241858;0.0071571331401854;0.902784880833473
12.8741655413369;1.507748633451;4.25618849058861;-0.0553244414464461;2.25449561367401;8.73011636911354;0.467621405622314;0.690013676328851;64.4084105059752;0.00539696508029208;0.917594240776854
12.8971403796556;1.53521474257629;4.26090298832263;-0.0569693516082052;2.2575677821339;8.74899656829;0.469266189186058;0.765167292714266;64.4442187500854;0.00361148787718668;0.933501443392831
12.9198579925816;1.56284838860457;4.26622899696447;-0.058617935148231;2.25950626864049;8.76795065510451;0.470728797782431;0.844718650000499;64.4799917612792;0.00168031848068828;0.949554338202192
12.9417325896148;1.59137107883096;4.27219119568276;-0.0602743404777624;2.2603782175068;8.78691844997256;0.472010753122064;0.928470171291072;64.5159367449781;0.00103994096516258;0.975855580401969
12.9632761204307;1.62012946434182;4.27880553182392;-0.0619429428118007;2.2602535926888;8.80583485080191;0.473113688342857;1.01615481411898;64.5518695775579;0.000447283981731994;1.00353570071287
12.9843869202263;1.64907678604456;4.28609611194148;-0.0636323927963942;2.25919913791073;8.82467877882371;0.474039327442824;1.10744097379295;64.5876971270383;-9.99819349534192e-09;1.03181620891836
13.0043845097264;1.67841264634539;4.29407690312605;-0.0653506520650467;2.25727047208481;8.84341700503855;0.474789416729519;1.20193240362346;64.6232005956773;0.000772427586188229;1.06257883029943
13.0241210269303;1.70786773929689;4.30275690293183;-0.0671063383371513;2.2545087731352;8.86202089703353;0.475365692246798;1.29917486791521;64.6586566616199;0.00141478213968704;1.0934715347114
13.0431781679932;1.7375872175112;4.31214822610995;-0.0689102532241401;2.25093249505365;8.88048211834045;0.475769961066456;1.39872212019263;64.6939613640095;0.00263158361197724;1.11991578013405
13.0614551262589;1.76760011709981;4.32225944770642;-0.0707665112073613;2.24661281149697;8.89879440065885;0.476004128178577;1.50025446235664;64.7291013888411;0.00459452670124205;1.14078804191631
13.0794730186927;1.79770530392449;4.33309549423535;-0.0726616353623436;2.2418046448157;8.91695173068123;0.476070123693145;1.60343129421074;64.7641865241766;0.00643260329805917;1.16178517019103
13.0965334915269;1.82807610394012;4.34465237601539;-0.0745900948243075;2.23670568198922;8.93494106148566;0.475969934674245;1.70795074303805;64.7990210648928;0.00987308174148449;1.17972603679737
13.1130729658148;1.85859097779938;4.3569202330094;-0.0765526200463797;2.23145823328657;8.95274827024535;0.47570562359638;1.81354399407225;64.8337300224739;0.0138527356966932;1.1965707303272
13.1293620714364;1.88917031601616;4.36989066333433;-0.0785552012451522;2.22615238534705;8.97036801489051;0.475279310370574;1.91996894940248;64.8683772573958;0.0177187828904355;1.21353353300196
13.1443817804292;1.91986529197783;4.38354838648105;-0.0806058246554279;2.22083777883617;8.98779055977277;0.474693161810466;2.02700309356188;64.9025499542094;0.024241101615858;1.2342305355433
13.1591579407002;1.95061138374708;4.39787498742114;-0.0827134746068676;2.21553110258252;9.00500688386897;0.473949347142309;2.13443594774585;64.9366623723506;0.0306437591008362;1.25504719932508
13.1734189455611;1.98139535215073;4.41285723315713;-0.0848880900354326;2.21022230446011;9.02201763044565;0.473050111419415;2.24206204040468;64.9705891902137;0.0373063828418946;1.27729622928359
13.1867311452964;2.01220517109534;4.42848351789103;-0.0871391559167946;2.20488426615524;9.03882698251071;0.471997780666901;2.34967528263658;65.0041519613328;0.0448204172407187;1.30308044420218
13.1998087899987;2.04304672210005;4.44473978861488;-0.0894745750380098;2.19948089321114;9.05543757669487;0.470794665073521;2.45706471262525;65.0376516040075;0.0522148275607038;1.32898428319961
13.2121614573967;2.07393168556538;4.46161165477935;-0.0919006630247496;2.19397176938625;9.07185270251584;0.469443144640375;2.56401141312213;65.0709152382062;0.0601971914520949;1.35389166224081
13.2238924642369;2.1048518921799;4.47908733644813;-0.09442246350743;2.1883153275912;9.08807882843267;0.46794569304413;2.67028734285108;65.1039860062433;0.0686224678058667;1.37802997326807
13.2353980910365;2.13578580255256;4.49714958336257;-0.0970426255321968;2.18247410244553;9.10411781783902;0.466304803560513;2.77565860303539;65.1369903432159;0.0769307909414794;1.4022852375135
13.2459884719623;2.16675805890866;4.51575132880056;-0.0997578928617732;2.17642415925992;9.11994694249557;0.464523033986456;2.8798930780118;65.1697231529324;0.0863324891340311;1.41239233610424
13.2562348188902;2.19773427931554;4.53483715892254;-0.102562125680754;2.17015075115978;9.13554029587956;0.462603022096901;2.98276453946975;65.2023500414764;0.0958725688969636;1.41975558278708
13.266166767069;2.22863776546013;4.55436646198469;-0.105449899473347;2.16364222313845;9.15088738590854;0.460547493762463;3.08406066686636;65.2348103102756;0.65554713573084;1.42531957560936
13.2749788692249;2.25903289513241;4.57423644219055;-0.108405433993313;2.15691445515089;9.16593248848164;0.458359218493718;3.18360210315664;65.2664570644883;0.666946115807225;1.41587065744427
13.2836298573132;2.28940708240312;4.59434802841959;-0.111412207147058;2.14999141230215;9.1806289765049;0.456040911247602;3.2812399729424;65.2980391930939;0.6782667522438;1.40650008291898
13.2916678461934;2.31926548233218;4.61465985149953;-0.114461522420856;2.14288588871862;9.19497598240657;0.453595343886775;3.37685184995221;65.3289605984883;0.690366004158421;1.3966287586132
13.2988418528619;2.34834021099508;4.63511884612036;-0.117542755053297;2.13561970392653;9.20896487430462;0.451025374307803;3.4703508068935;65.3589073214893;0.703712744110422;1.38594594797289
13.3058705860801;2.37740391132244;4.65568024733684;-0.120646470857478;2.12821581302224;9.22259331693846;0.448333820226038;3.56167774587852;65.3888088560214;0.716961850267768;1.37536077112722
13.3121781301023;2.40576453837851;4.67636155953605;-0.123772799758603;2.12067754625966;9.23589909561239;0.445523544434999;3.65078711508709;65.4178624320251;0.732034422645521;1.36606789878711
13.3180328372328;2.43379057272144;4.6972085424699;-0.126926606103431;2.11299802143998;9.24893422647231;0.442597513622919;3.73765048643537;65.4464934675735;0.747928654286328;1.35751015665335
13.3237149910684;2.46183067986655;4.71822093588498;-0.13010623161226;2.10518612928403;9.26171825233785;0.439558695316147;3.82226037224938;65.4751035091834;0.763673337252565;1.34910196319416
13.328768959615;2.48953575029196;4.73944630862096;-0.133317505839868;2.09723281172214;9.27429726147433;0.436410090884502;3.90461389101285;65.5032657804936;0.780582350734918;1.33765639346567
13.3335921253411;2.51725109322289;4.76093958318586;-0.136567693374775;2.08912499543866;9.28671784266846;0.433154800345695;3.98472118379672;65.531397669186;0.797378489501959;1.32621339312374
13.3381392293402;2.54497452285527;4.78269114875491;-0.139854510013809;2.08087257437953;9.29898657243031;0.429795983910752;4.06261204588384;65.5594915244814;0.813530204231521;1.31315654397715
13.3422252290127;2.57265713721421;4.80470664624214;-0.14317800729479;2.07247947653309;9.31111773399104;0.426336822688667;4.13828209938343;65.5874740642352;0.827894061261685;1.29398091778772
13.3461005048359;2.60036977169503;4.82698734669476;-0.146539377423135;2.06393240124542;9.32312212692831;0.422780474304248;4.21157692920046;65.6154563420655;0.842059048560684;1.27500416132945
13.3496162859732;2.62806444036014;4.84951624714619;-0.149944401775643;2.05514365618006;9.33500025143899;0.419130122962194;4.28251047878382;65.6433732793881;0.854137452774227;1.25309789250969
13.3527735914489;2.65574164756249;4.87227760771419;-0.153395671041796;2.04604032028999;9.34675256101996;0.415389022275609;4.35109668538249;65.6712299909024;0.864128383564484;1.2282619632027
13.3557243399105;2.68344461055493;4.89525564511604;-0.156893106906741;2.03656246552693;9.35837884921725;0.411560391641133;4.41734955724896;65.6990896584353;0.873923669004044;1.2036216792464
13.3582536579592;2.71109777285664;4.91843531241686;-0.160434659805696;2.02666089130526;9.36987873003867;0.407647454680165;4.48128316818962;65.7268582528375;0.880290626111757;1.18032067679219
13.3605163201552;2.73875511008867;4.94180245757938;-0.164016794583934;2.0162954308533;9.38125176702398;0.403653536660025;4.54291163594644;65.7546079905476;0.885537075376097;1.15754265851466
13.3625620745493;2.76642994409318;4.96534337996654;-0.167634793470448;2.00543375092003;9.39249730090485;0.39958197518267;4.60224914354895;65.7823583337566;0.890572028317951;1.13511586565565
13.3641623121966;2.79403686190758;4.98905640818376;-0.171284775721724;1.99404522504063;9.40361991928467;0.395436081092508;4.65930884533747;65.8100115916432;0.895095615982523;1.1156009298658
13.3655532056615;2.82167005766586;5.01293964138765;-0.17496200939167;1.98210561837158;9.41462345976099;0.391219165719267;4.71410298811419;65.8376797699794;0.899417357896438;1.09628783982661
13.366670607257;2.84933690310893;5.03699402897297;-0.17866157154829;1.96959461430381;9.42551248459324;0.386934546052345;4.76664273414094;65.8653691708956;0.90420179788395;1.07674616572845
13.367440026155;2.87704889313457;5.06124890990468;-0.182382236855046;1.9564826340287;9.4363035863293;0.382585553006529;4.81693562296905;65.8930918402588;0.91010973659233;1.05655164059119
13.3679783443068;2.90478999238313;5.08571890024164;-0.186119902391448;1.94275246892132;9.44700573004014;0.378175460914474;4.86498709240779;65.9208381620682;0.9157935442598;1.03658124649483
13.3682291115933;2.93278368890659;5.11042065398279;-0.189870350517643;1.92838926849788;9.45762799952967;0.37370753323829;4.91080040943074;65.9488329817547;0.924081031662476;1.0139511126225
13.3681989978541;2.96094207712696;5.13538897838669;-0.19363159921412;1.91337130951101;9.46818638845182;0.369185140753591;4.95437515641305;65.9769913860775;0.933949452802995;0.989704079995988
13.3679178065806;2.98911776682441;5.16062674897312;-0.197396492913641;1.89769829303013;9.4786825425131;0.364611652379309;4.9957102206511;66.0051684788739;0.943579775833026;0.965695145479977
13.3673120387238;3.01784199300054;5.186133309146;-0.201157348939988;1.88137330229183;9.48911635753981;0.35999042132465;5.03480416594445;66.0338990918871;0.958887718510114;0.940885278310794
13.3664523980162;3.04662332186548;5.2119084945222;-0.204906582634705;1.86440015222259;9.49948771895989;0.355324935765438;5.07165523882438;66.0626932557642;0.974735558304145;0.916161665045673
13.3653264661775;3.07548956801681;5.23793232785363;-0.208633929884503;1.84679584139788;9.50978849829769;0.350618772036189;5.10626312347178;66.0915814521318;0.99049665584947;0.892595608273475
13.363833113594;3.10484133058588;5.26416945265727;-0.212327489202432;1.82858679317952;9.52000485566627;0.34587541864543;5.13863025036741;66.1209711793821;1.00670899842533;0.874051171679515
13.3621354456235;3.13413406617197;5.29058716242259;-0.215976404026874;1.80979656999257;9.53012454489432;0.341098221189621;5.16876153037071;66.1503130681191;1.02275785456366;0.855670221523079
13.3601158474609;3.16357543572569;5.31714005614522;-0.219568777803516;1.79045650833325;9.54013106305534;0.336290500828771;5.1966653838734;66.1798236258559;1.03644339636382;0.839232320607582
13.3577697814134;3.19319724403828;5.34375235373057;-0.223089763723162;1.77061737483084;9.54999746290704;0.33145552967206;5.22235619815508;66.2095381938926;1.04721800998091;0.82517385849762
13.355292208151;3.22271241312249;5.37037696744741;-0.226529460576648;1.75030700865233;9.55970859463853;0.326596454447654;5.24585182816799;66.239157167125;1.05791364277725;0.811194377208422
13.3523598250033;3.2521424505871;5.39695281984292;-0.229876973457448;1.72956316132627;9.5692450416622;0.321716391639342;5.26717466995491;66.2687329338284;1.06380917467525;0.797775559063955
13.3492134652453;3.28146448884906;5.4234052018369;-0.23312083400616;1.70843291534806;9.57858360375208;0.316818437415788;5.28635266211033;66.2982232967892;1.0678285166052;0.784582013849286
13.3459997440312;3.3106640390234;5.44970985736095;-0.236256440457309;1.68692442688421;9.587719757944;0.311905638324182;5.30341510358727;66.327599166724;1.07182974208282;0.77140658508693
13.3422384672573;3.33949444684141;5.47585158627221;-0.239280094371359;1.6650417893902;9.59665223808751;0.306981011333122;5.3183919154158;66.3566738914505;1.07505230963598;0.757065005101021
13.3384106076768;3.36822139588213;5.50181688231982;-0.242188091662532;1.64279095735909;9.60538035845847;0.302047501934045;5.33131350822571;66.385654749101;1.0782453406118;0.742748314171073
13.3344111395304;3.39680476989295;5.52760876132566;-0.24497827354816;1.62016737783688;9.61390886646624;0.297107974603622;5.34220949075099;66.4145165753651;1.08131443657738;0.727166763644702
13.3300577885302;3.42518979968086;5.55324521226207;-0.247649466770538;1.59715756561973;9.62224704207504;0.292165228936867;5.35110754354599;66.4432334968747;1.08409026735952;0.708223266996034
13.3256241187052;3.45348817535341;5.57873728161369;-0.250199133529458;1.57375782300878;9.63040138821826;0.287221922277031;5.35803402251598;66.4718770911642;1.08681515502583;0.689330713463195
13.3209253310294;3.481670179891;5.60408649052869;-0.252623522034146;1.54997554014002;9.63837504179395;0.282280613362204;5.36301473788699;66.5004481251913;1.09046291120422;0.66634545085941
13.3159940797247;3.50974793739869;5.6292986026493;-0.254919212118361;1.52581605409346;9.64617227126514;0.277343917399917;5.36607465894066;66.5289556278194;1.09484069854028;0.640068852635341
13.310979851978;3.53774590606262;5.6543734369718;-0.257082224509817;1.50129187129855;9.65379531513507;0.272414397020561;5.36723839636408;66.5573990581541;1.09916022692346;0.613850513364136
13.3056301014541;3.56562677483331;5.6793085129325;-0.259108546907407;1.47641873131926;9.66124563236945;0.267494541792013;5.36653039378446;66.5857885399048;1.10572244489866;0.589793497994164
13.3001459309013;3.59342647701282;5.70410194117156;-0.26099443271112;1.45121259518244;9.6685248153249;0.262586983262939;5.36397489690159;66.6141240223945;1.11269203967165;0.566226419703365
13.294551202315;3.62114714360699;5.72875049832895;-0.26273626940042;1.4256914339571;9.67563403439168;0.25769437098813;5.35959606470667;66.642403632441;1.11976049016103;0.543811954256264
13.2886277648533;3.64875850078345;5.75325483679307;-0.264330927051617;1.39986992566233;9.68257554354798;0.252819176136549;5.35341769482883;66.6706432173616;1.12807330721497;0.530467685633243
13.2826207543905;3.67630313586737;5.77761491828488;-0.265775376027167;1.37376419086515;9.68935133132782;0.24796371943858;5.34546328999145;66.698835256958;1.13632026997485;0.517189271304268
13.2764350255869;3.70377578712848;5.80183509880348;-0.267066946987905;1.34738646870295;9.69596452231253;0.243130213114858;5.33575575522806;66.7269956867869;1.14440982757056;0.506513689141904
13.2700068523641;3.73117838471131;5.82593149534808;-0.268203421453397;1.32073768608921;9.70242122781693;0.238320778362929;5.32431657952249;66.7551421566413;1.15227912388971;0.499956419131749
13.2634829234781;3.75852000643267;5.84990941549059;-0.269181842666818;1.29383190859809;9.70872438485169;0.233537424405181;5.3111666518553;66.7832513353284;1.16006783904225;0.493479730288196
13.2567303229521;3.78590945139487;5.87378105239373;-0.269999467452058;1.26667652507574;9.71487855882081;0.228782075610777;5.29632580008551;66.8114608959277;1.16639610965017;0.488450652689788
13.2498124186346;3.81327943290335;5.89756404535186;-0.270653432721881;1.23927427760871;9.72088941579889;0.224056638792811;5.27981244936836;66.8396916112555;1.17194231844687;0.484197106392683
13.2428029931207;3.84056951002595;5.92125218605827;-0.271140227769082;1.21165571457209;9.72675642034558;0.219362968220532;5.26164533007303;66.8678674937686;1.17741497148764;0.480017115851512
13.2354689228047;3.86808489123881;5.94483396576714;-0.271456913439318;1.18385656826547;9.73247790342062;0.214702830379502;5.24184384086193;66.8963435326555;1.17814787359059;0.47198480318199
13.2280758363181;3.89548974253753;5.96829528435003;-0.271601322043926;1.15591433734768;9.73805183097025;0.210077949087227;5.22042821089169;66.9247280989284;1.17856634868277;0.463719907726611
13.2205662688938;3.92282521184563;5.99161181876713;-0.271572217364556;1.12787679134994;9.7434741112622;0.205490016121759;5.19742017233468;66.9530763173062;1.17840655869432;0.454411141193218
13.2127358896484;3.95023033563801;6.01474486960774;-0.271369815292882;1.09980588585925;9.74873791389878;0.200940595216442;5.17284388302134;66.9815781707407;1.17620614666114;0.441323383845684
13.2049535495585;3.97745081932899;6.03766391161133;-0.270995794524434;1.07175062276032;9.75383897162591;0.196431087860738;5.14672529928583;67.0098892913411;1.17408644787309;0.428154913253034
13.1969664142791;4.00455989633784;6.06034727155123;-0.270452733771551;1.04374737309909;9.75877549212817;0.191962830896982;5.11909152644555;67.0381505083397;1.17095468742811;0.413893008183254
13.1887946233597;4.03154484419134;6.08276876948628;-0.269744149929813;1.01583662411621;9.763545113124;0.187537075482162;5.08997107400485;67.0663456422724;1.16681793497998;0.398496804768221
13.180730788349;4.05832733715184;6.10491389581756;-0.268873880702449;0.988043505292908;9.76814831785134;0.183154971158498;5.05939304042691;67.0943157578292;1.16281836271135;0.182963421173683
13.1723451389232;4.08497126476854;6.12677434445308;-0.267845774546337;0.960385554862673;9.77258703717764;0.178817617121272;5.02738668570484;67.1222481403831;1.15849412114609;0.168827549885452
13.1639609670325;4.11143025022805;6.14834237668085;-0.266663759775322;0.932880068836231;9.776863392381;0.174526033166634;4.99398138447496;67.1500037209002;1.1541874231703;0.154987753045521
13.1556844249966;4.13769246089586;6.16961327106545;-0.265331671698645;0.905541075414012;9.78098014997784;0.170281220495657;4.95920642416764;67.1775392408196;1.15000364110871;0.141144993176876
13.1469931744403;4.16381858602152;6.19057918738046;-0.263853627691174;0.878387036186467;9.78493950942826;0.166084135294941;4.92309120096341;67.2050730790975;1.14530150282282;0.130033095003899
13.1384653995617;4.18974199195882;6.21123523391383;-0.262233682597299;0.85143293103918;9.78874428174863;0.16193559713969;4.88566502483642;67.2323631124388;1.1407802593308;0.118740302037045
13.1298942498423;4.21547723802255;6.23158146696622;-0.260475508743299;0.824687958238212;9.7923981729345;0.157836409089244;4.8469568077948;67.2594881469544;1.13619090808914;0.108321566746213
13.1210586813473;4.24104800297142;6.25162066302779;-0.258582408762284;0.798158681638767;9.79590528618257;0.153787343885237;4.8069949040941;67.2865423756572;1.13126835343307;0.0998783913610898
13.1123791315538;4.26644319974119;6.2713603073408;-0.256556996790077;0.771846618442941;9.79927039788124;0.149789079399304;4.76580683530761;67.3133798607031;1.12651031062512;0.0912707041278499
13.1035241267343;4.2917022722869;6.29081387558811;-0.254400850517708;0.745746893954797;9.80249906478564;0.145842274788209;4.72341894986874;67.3401461054196;1.12246752832564;0.0846932387498129
13.0945705513682;4.31685232122395;6.30999928221204;-0.252114459424222;0.719850636237695;9.80559724958347;0.141947535698647;4.67985619335368;67.3668423874336;1.11890202395716;0.0794148262848292
13.0857053428393;4.3418818283193;6.32892908577659;-0.249698402738905;0.694157870691894;9.80856972216892;0.138105451944332;4.6351424815956;67.3933955067927;1.11542705556492;0.0740458778435863
13.0766193014061;4.36686925161363;6.34761252252439;-0.247153391635889;0.668674171025321;9.81142050342994;0.134316597051193;4.58930093749421;67.4199836145068;1.11322154623059;0.0716210527439044
13.0675400214449;4.39178068219889;6.36605502763864;-0.244480549721144;0.643410839143441;9.81415288211883;0.130581426064938;4.54235414731348;67.4464980011378;1.11121694473579;0.0695434115214212
13.0584576397476;4.41661351586855;6.38425848140347;-0.241681588815099;0.618384115257491;9.81676954340045;0.126900406260316;4.49432439205548;67.4729396214618;1.10930624640083;0.0680433540270015
13.0491849572306;4.44139297041986;6.40221885059813;-0.238759402502698;0.593617849690538;9.81927233156644;0.123273998872428;4.44523400690261;67.4993972103339;1.10770515455768;0.0696936603598557
13.0399523214277;4.46609804202037;6.41993028991899;-0.235717624375067;0.569137418031243;9.82166292742665;0.119702542608342;4.39510548560666;67.5257711013372;1.10614316782917;0.0713048615780705
13.0306438637729;4.49073301934154;6.43739066875684;-0.232559644376906;0.544962240734604;9.82394359191898;0.116186385194578;4.3439612610196;67.552106049439;1.10451642298394;0.0736174259359349
13.021229464297;4.51530081181609;6.45459672307979;-0.229289343592259;0.521112661577099;9.82611647846861;0.112725877395842;4.29182377323453;67.5784158830486;1.10279780963211;0.0768314929098095
13.0118615573517;4.53979763714581;6.47154555484202;-0.225910824660032;0.497607830930413;9.82818383518026;0.109321350257283;4.23871544918446;67.6046428182827;1.10112353710634;0.0800012190576328
13.0023548707754;4.56423028199479;6.48823410836023;-0.222428486042955;0.474466453147877;9.83014793370891;0.10597314071142;4.18465871250961;67.6308598208569;1.09925726544311;0.0844926052770514
12.9928253585567;4.58859714986299;6.50465868407796;-0.2188471229637;0.451707413593523;9.83201101657117;0.102681491123265;4.12967601978069;67.6570238391421;1.09734540033931;0.0894736902144213
12.9833493326417;4.61289666804503;6.52081658623048;-0.215171556219078;0.42934752342758;9.83377548436563;0.0994466333681661;4.07378980329801;67.6831056652098;1.09548380727505;0.0944045031122519
12.9736867326603;4.63710142093594;6.53669208738823;-0.211409996768216;0.407420150220094;9.8354424352389;0.0962688232695352;4.01702318613703;67.7091678197813;1.09329455117259;0.0975609819870329
12.9641023579843;4.66123804787742;6.55226775371897;-0.207571825005329;0.385958548730873;9.83701305700005;0.0931482169214293;3.9594000402722;67.7351377446568;1.0911786837693;0.100634362203857
12.9545354694051;4.68524012497069;6.56753331976356;-0.203665274031004;0.364984059715147;9.83848948470581;0.090084973699991;3.90094455976706;67.7609761862097;1.08898288786921;0.102921679136309
12.9448994366725;4.70898117293008;6.58246173824291;-0.199703524597008;0.344538499600968;9.83987247737092;0.0870793158247743;3.84168213431109;67.7865982564819;1.0864637011788;0.103225961808524
12.9354217371018;4.73263606594657;6.5970313741065;-0.195699255971641;0.324652946677876;9.84116366963877;0.0841314697361911;3.78163899342076;67.8120812067187;1.08409410211691;0.103380656852219
12.925882933381;4.75597108869595;6.61124101056991;-0.191659910983391;0.305329164027767;9.84236666654854;0.0812416879130862;3.72084107949842;67.8372905713108;1.08091410319471;0.099890048960603
12.9163581055651;4.77900710784783;6.62509391879191;-0.187591413489296;0.286563135323937;9.84348536388602;0.0784102050149351;3.65931381338231;67.8622180766671;1.07712868156116;0.0933690708241801
12.9070549132233;4.80193485538235;6.63859167993681;-0.183499887730475;0.268353574260636;9.84452340167562;0.0756372666032375;3.59708219194395;67.8869613786852;1.07354660496966;0.0866447476457204
12.8974924489707;4.82466453166057;6.65176122960812;-0.179383167190592;0.250666835940055;9.84548611607929;0.0729231292654059;3.5341694998156;67.9116206346816;1.06915579498415;0.0748784475332586
12.888031008068;4.8472690383048;6.66463707108239;-0.175235440026189;0.233463095526753;9.8463788596246;0.0702679642016264;3.47059700287364;67.936125380846;1.06473455837552;0.0619329769548814
12.8787090957273;4.86979010254642;6.67722795316348;-0.171058228663965;0.21673964184321;9.84720477380566;0.0676719723204865;3.40638533640408;67.9604994733268;1.06049430422733;0.0491279195059502
12.8691005559328;4.89237731167989;6.68954552942953;-0.16685179926041;0.200490835109827;9.84796701894117;0.0651353963949322;3.34155438850716;67.9850454720521;1.05648708576124;0.0387855558394652
12.8596508396147;4.91488040630164;6.70160024531034;-0.162616506611037;0.184713701703674;9.84866849553585;0.0626584212197207;3.27612339607244;68.0094521597841;1.05261833243543;0.0283047270326907
12.8501892781941;4.93731814392146;6.71338855830181;-0.158357551966043;0.169423640538302;9.8493112079015;0.0602412653264713;3.21011165775066;68.0338032011173;1.04884844110865;0.019394037685476
12.8406149226429;4.95970670643493;6.72489844535436;-0.154083595235677;0.154645447511077;9.84989680202425;0.0578841898819234;3.14353893286219;68.0581530679679;1.04515650479683;0.0130806971801623
12.8312068634481;4.98202588804957;6.73612276716734;-0.149801974830769;0.140395701924272;9.8504273218864;0.0555874859655996;3.07642517401873;68.0823740804521;1.04161040570518;0.00662151945467865
12.8216821342013;5.0041990302508;6.74705540185288;-0.145519952317273;0.126688246895792;9.850904948949;0.0533514707574545;3.00879045731813;68.1065063970069;1.03800162855878;0.0034171346055743
12.8121934025002;5.02626757180383;6.75768665410083;-0.141246489945851;0.113539818168442;9.85133180286874;0.0511764422748776;2.9406551273981;68.1305283984966;1.03444478314746;0.00179101099782786
12.8028924741852;5.04827606380384;6.76801421629981;-0.136987834204227;0.100956641028852;9.85171037876161;0.0490627853365549;2.87203942614665;68.1544215144013;1.03105283512406;-9.99784721678054e-09
12.7933697419654;5.07001544233546;6.77803595307169;-0.132750209313049;0.0889440417010351;9.85204318379675;0.047010901146225;2.80296291455771;68.1781550983673;1.02758281422295;0.00137269511938193
12.7840282687923;5.09168500357986;6.78774981124076;-0.128539859315774;0.0775063437278028;9.85233272952441;0.0450210756606154;2.7334444352613;68.2017524076539;1.02427822400987;0.00277775938226033
12.7747887674261;5.11325041961992;6.79715879829074;-0.124360831046284;0.066641155019633;9.85258164973747;0.0430936329445431;2.66350241306015;68.225213770668;1.02104064665679;0.0042278719166372
12.7653773936233;5.13457768639045;6.80627052255176;-0.12021493993316;0.0563408556630481;9.85279260331876;0.0412289315751948;2.59315466984438;68.248525275655;1.01757312088246;0.00631091823221441
12.7561821520469;5.15585713111557;6.81509142399769;-0.116104258704753;0.04659962867482;9.8529680966038;0.0394272832504969;2.52241850493332;68.2717064584431;1.01429111803447;0.00820844162144474
12.7469359589137;5.17703974344491;6.82362733612872;-0.112030914060349;0.0374126854983351;9.85311051677605;0.0376890266647343;2.45131074700081;68.2948191206124;1.01119107383425;0.0102003855431895
12.7376294049086;5.19812803304265;6.83188759223203;-0.107995117175965;0.0287720696731641;9.85322219502379;0.0360144874255561;2.37984763068449;68.3178696717036;1.00826816101464;0.0122966790575292
12.7285294206224;5.21917996593986;6.83987764822505;-0.103998701982062;0.0206746189699034;9.8533052922218;0.0344040142390153;2.30804499398758;68.3408042219001;1.00552057128884;0.0142176494780442
12.7192260139452;5.24015396397414;6.84759979028588;-0.100044947980158;0.0131205155907582;9.85336186951996;0.0328579844698954;2.2359184320921;68.3637489809824;1.00301556268794;0.0157499984524458
12.7100038622694;5.26108699667399;6.85505637181902;-0.0961370310995484;0.00610969764486408;9.85339394854437;0.031376677230367;2.16348330761715;68.3866234195448;1.00070145716499;0.0170486149091923
12.7009553424822;5.28199115020715;6.86224904007907;-0.0922784289646832;-0.000357423163204403;9.85340351168366;0.0299603976023488;2.09075479194411;68.4094019038069;0.998543239173798;0.0181793395974335
12.6916196680117;5.30277600749809;6.86917827928449;-0.0884731966292239;-0.00627973012598495;9.85339251473974;0.0286094847554138;2.01774792131084;68.4321870987901;0.996297983523288;0.0191739330692326
12.6824825931088;5.32354580703183;6.87584465017394;-0.0847253191403861;-0.0116566356886811;9.85336289645583;0.027324172832138;1.94447759960874;68.454877861458;0.99422191478823;0.0199993396255799
12.6733753744009;5.34426752341961;6.88224980693925;-0.0810381199424201;-0.0164887802760678;9.85331656840089;0.0261047116575842;1.87095856266409;68.477512590585;0.99258394663064;0.020424831278934
12.6641216259132;5.36490664993999;6.88839566175384;-0.0774146949203576;-0.0207771473610504;9.85325540980071;0.0249513682684475;1.79720537862948;68.5001312864934;0.991663402956062;0.0202108216916669
12.6550623906004;5.38554248809802;6.89428388360601;-0.0738581971091651;-0.0245226529273504;9.85318127212618;0.0238643852513475;1.72323246795851;68.5226680910791;0.990909291638582;0.0198303797473006
12.6458890513365;5.40611406710773;6.8999160091015;-0.0703717767896726;-0.0277262497849209;9.85309598154186;0.0228440305784844;1.64905411832803;68.5451923006369;0.990222175894618;0.0193487088547344
12.6367071598418;5.42664798710819;6.90529364614017;-0.0669584566271928;-0.0303890362146179;9.85300133781976;0.0218905120130236;1.57468449199771;68.5676856107981;0.989635149979931;0.0187447564959536
12.6277144468716;5.44718990349665;6.91041808073915;-0.0636213773784951;-0.0325120438360842;9.85289912283783;0.0210040696061406;1.50013764700434;68.5901096874898;0.989211277763786;0.0179776504386311
12.6184685279333;5.4676429320401;6.91529040448909;-0.0603637256645516;-0.0340963660923586;9.85279110218497;0.020184954031809;1.42542755242706;68.6125554753711;0.988977143466173;0.0170226604050482
12.6093501101819;5.48809805940081;6.91991165266123;-0.0571886462773256;-0.0351432388429944;9.85267902448543;0.0194332217039394;1.35056809820905;68.6349509610241;0.988907409901662;0.0159035116535726
12.6003361162614;5.5085520688838;6.92428279831199;-0.0540992450985647;-0.0356540384338933;9.8525646228005;0.01874893664503;1.27557310492985;68.6573031105925;0.989050274513378;0.0146870945721723
12.5910939418554;5.52892563436825;6.9284047792922;-0.0510985690231786;-0.0356302839572908;9.85244961512228;0.0181321992732751;1.20045633255506;68.6796749669817;0.989621931914094;0.0136368738511755
12.5820314652795;5.54932482439905;6.93227847184125;-0.0481896230568084;-0.0350736305486476;9.85233570618807;0.0175829756862063;1.12523148987484;68.7019966030239;0.990351800654896;0.0124284417900915
12.5729351460322;5.56969655244266;6.93590476045006;-0.0453753166024006;-0.0339858520418339;9.85222458655847;0.0171012528553031;1.04991224202141;68.7243069218771;0.99112442831307;0.0113319399630629
12.5637448682036;5.59002870757195;6.93928455547798;-0.0426584443215938;-0.0323687883184525;9.85211793308344;0.0166870297227164;0.974512218253232;68.7466196478148;0.991907385620692;0.0104218287794829
12.5547286699062;5.61039632594392;6.94241861147636;-0.0400418258832646;-0.0302243962702388;9.85201741593252;0.0163402835403038;0.899045024451823;68.768893662044;0.99284603346061;0.00935602706360672
12.5455426487029;5.63071185177583;6.94530766583047;-0.0375281945968779;-0.0275546933640225;9.85192469579971;0.0160610215981348;0.823524252116515;68.7911894817279;0.993689017190491;0.00886257608730817
12.5363915371564;5.65103323780188;6.94795241751059;-0.0351202100331498;-0.0243617284073838;9.85184142623495;0.015849170570195;0.747963488561747;68.8134762843823;0.99458693778444;0.00850138204215856
12.5274081647738;5.67139921842976;6.95035335600837;-0.0328206099477299;-0.0206477882529352;9.85176926045274;0.0157046939988643;0.672376329480912;68.8357355329387;0.995637726426686;0.00798731994871138
12.5181247809218;5.69168635999233;6.95251086231984;-0.0306321268737337;-0.0164153889324441;9.85170984865161;0.0156275869907132;0.596776388119498;68.8580458294075;0.996576560690409;0.208148627399967
12.509001653311;5.7120229154716;6.95442526609011;-0.0285574349128901;-0.0116672302794878;9.85166483676455;0.015617681277794;0.521177303112761;68.8803349959725;0.99766433063879;0.208163336766287
12.4999151293224;5.73237458074211;6.95609679234293;-0.0265992074858704;-0.00640637153416868;9.85163586767822;0.0156748258570495;0.445592745463091;68.902623001659;0.998753468226458;0.208234278188991
12.4906571819693;5.7526813703464;6.95752550423972;-0.0247602024650914;-0.000636654447656575;9.85162457887988;0.0157988904567875;0.37003642088789;68.9249406021847;0.99959744901792;0.208703220497372
12.4815552881179;5.77304626380442;6.95871155629565;-0.0230429764695569;0.00563794365359938;9.8516325953173;0.0159896229535945;0.294522071905454;68.9472469545812;1.00058918718062;0.209024405434513
12.4723683860821;5.79337953209502;6.95965511258643;-0.0214499797697721;0.0124130447256341;9.85166152989394;0.0162467794841012;0.219063479154057;68.9695593047128;1.00117328273341;0.209542125315416
12.4631393589091;5.81370111720194;6.96035630734807;-0.0199836461985979;0.0196833073263981;9.85171297617426;0.0165700834822736;0.143674455784731;68.9918783943855;1.00145295897752;0.210192613591041
12.4540614514093;5.83408902107867;6.96081542702674;-0.0186460721873798;0.0274438316631648;9.85178851415191;0.0169592234578909;0.0683688539155131;69.0141959889929;1.00187927665541;0.210696460432887
12.4447835675486;5.85438254472851;6.96103278522001;-0.0174391753654678;0.0356897578060311;9.85188971432436;0.0174139138067646;-0.00683942874853971;69.0365098015551;1.00223373805198;0.211385082871869
12.4355822525718;5.87471445441641;6.96100868544739;-0.0163647686218341;0.0444159071501461;9.8520181353874;0.0179337864558882;-0.0819364453772109;69.0588268521859;1.00268986884151;0.211995265437143
12.426482690657;5.89509989584552;6.96074341147835;-0.0154244905232324;0.0536174112261253;9.85217533490068;0.0185184915056038;-0.156908187640842;69.0811510150885;1.00317644047774;0.212482626049331
12.4171513889491;5.91538571311297;6.96023715733942;-0.014619836148869;0.0632899852064661;9.85236288241772;0.0191676967408271;-0.231740565992828;69.1034800897171;1.00284305277089;0.213020771547629
12.4079639588519;5.9357517400111;6.95949001579262;-0.0139522675475877;0.0734291400919561;9.852582351711;0.0198809508798763;-0.306419398549119;69.1258225140128;1.00265581901303;0.21341276309692
12.3987563630243;5.95612550020518;6.95850203258922;-0.0134232232715612;0.0840296798914277;9.85283530809086;0.0206578134762867;-0.380930408555294;69.1481802850414;1.00243713543437;0.213615423861261
12.3894296578587;5.97646455275861;6.95727316223729;-0.0130340502263112;0.0950864757626068;9.85312332407124;0.0214978538528069;-0.455259210615477;69.1705558182869;1.00208065264343;0.213603307757266
12.3802412671037;5.99689137092547;6.95580330284161;-0.012786024657835;0.106594046649873;9.85344797069068;0.0224005852742511;-0.529391303038323;69.1929540643139;1.00186931100128;0.213446050504493
12.3709143602174;6.01727383413935;6.95409239716497;-0.0126803351795824;0.118545951043943;9.85381079604217;0.0233655331757961;-0.603312072074875;69.2153691484925;1.00154075540607;0.0132057408918903
12.3615818911537;6.03768032878957;6.95214040832027;-0.0127180329404211;0.130935254844894;9.85421333167574;0.024392193425633;-0.677006790246555;69.2378083998778;1.00122319181061;0.0128526041599569
12.3523817977296;6.05818173837487;6.94994720157866;-0.0129000311048226;0.143755296303027;9.85465711725428;0.0254800674507011;-0.750460600344563;69.2602794816051;1.00104957112965;0.0123555245135158
12.3429335286386;6.07857206169223;6.94751260350233;-0.0132271184036905;0.156999200516051;9.8551436881792;0.0266286677859577;-0.82365850684058;69.2827524670277;1.00053917014044;0.0109284423435995
12.333590202777;6.09904913861058;6.94483640616051;-0.0136999557198464;0.170659854260112;9.855674574648;0.0278374152978876;-0.896585367456927;69.3052604304468;1.00014215540702;0.00930819379308234
12.3242855342899;6.11957985446772;6.94191812529809;-0.0143191345922609;0.184731039966579;9.85625135115508;0.0291057288499485;-0.96922586003099;69.3278012190146;0.99982958038965;0.00763976896637425
12.3147904046255;6.14004126625202;6.93875648598839;-0.015085366491917;0.199209424161581;9.85687574467586;0.0304330288124451;-1.04156440012482;69.3503584098759;0.999449382271621;0.00616860487570692
12.3054191815048;6.16061014621848;6.93535018423959;-0.0159993627572909;0.214090570291757;9.85754948918393;0.0318186512508494;-1.11358513408494;69.3729614770539;0.999213289215347;0.0045533357232847
12.2959572615173;6.18120072238382;6.93169849734155;-0.0170615889420952;0.229366665529773;9.85827420002677;0.0332619259723232;-1.18527198746242;69.3956220100721;0.999093555159824;0.00304470963222225
12.2863978055829;6.2018121151244;6.92780064180358;-0.0182723669218471;0.245029708477187;9.8590514958374;0.0347621801102648;-1.25660865152166;69.418342324957;0.999087727989193;0.0016483722462553
12.2769529747236;6.22253467703153;6.92365581579999;-0.0196318571453654;0.261071345672569;9.85988298994598;0.0363187217184852;-1.32757857297449;69.44111576128;0.999221820969924;0.000112114708926137
12.2673271705691;6.24319883713895;6.91926557515302;-0.0211391613181019;0.277474317410573;9.86076979592655;0.0379308582275526;-1.39816515467771;69.4639118929379;0.999239417311141;-9.99600308082549e-09
12.2577232978021;6.26392611923854;6.91463250207393;-0.0227925786977947;0.294218829609619;9.86171276555899;0.039597861139992;-1.46835188729229;69.4867560299398;0.999318136417414;0.000207889531332106
12.248207359681;6.28475077774652;6.90975666856167;-0.024590972720895;0.311294926352452;9.86271321787021;0.0413190217367482;-1.53812215085714;69.5096518697431;0.999527315250598;0.00035786256007192
12.2384932401363;6.30538235300832;6.90463170189596;-0.0265356676301759;0.328713512377801;9.86377381948902;0.04309362960344;-1.60745863095519;69.5324559486833;0.999800560808878;0.00176386460896666
12.228891304269;6.32614260168816;6.89925079183859;-0.0286284881670856;0.346483358690692;9.86489740941404;0.0449209027878175;-1.67634327290507;69.5553291884549;1.00022182979031;0.00302184323470756
12.2192168413522;6.3470249659916;6.89360623973165;-0.0308718551589117;0.364612658610192;9.86608709725096;0.0468000830483675;-1.74475719595762;69.5783437136864;1.00076012427872;0.00537585202753971
12.2092814830209;6.36801902405158;6.88767655462386;-0.0332742632017014;0.383147813928511;9.86734908315465;0.0487304259763628;-1.81267951771571;69.6015700310655;1.00138558153316;0.0101063259563463
12.1994577450489;6.38914505616236;6.88144520653865;-0.0358429514382084;0.402111312816695;9.86868877587155;0.0507111686719758;-1.88008773515528;69.624868422866;1.00216545685602;0.014682381816724
12.1893100863289;6.41063938796874;6.87490663723148;-0.0385806315398337;0.421487900385264;9.87010935405044;0.052741567681323;-1.94695860821324;69.6486377576758;1.00252854082905;0.02000103754854
12.178971104976;6.43238923302397;6.86805416665659;-0.0414900073246164;0.441264279236178;9.87161426622262;0.0548208286747113;-2.01326804998427;69.6727199148744;1.00264918673848;0.0257722859112823
12.1687049425849;6.45422999614459;6.86088326332921;-0.0445723360323944;0.461419759479027;9.8732065061931;0.0569481667202888;-2.07899128561667;69.6968531497163;1.002876956495;0.0314364104269463
12.1581357699865;6.47636557743675;6.85340793575067;-0.0478198382470413;0.481884251852271;9.87488481312842;0.0591228141588359;-2.14410437226226;69.7213825477635;1.00223531020795;0.0380351210116391
12.1475527019529;6.49857960487586;6.84564583070745;-0.0512216172021566;0.502585440734616;9.87664677460852;0.0613438878327294;-2.2085845238599;69.745988732841;1.00152396044247;0.0447119472496847
12.1369698645657;6.52083285079783;6.83760039741735;-0.054771967280766;0.523494463910355;9.87849294900702;0.0636105088105516;-2.27240897105798;69.7706302303854;1.00074693641149;0.0514028942293872
12.1262694169645;6.54308903991974;6.82928414619625;-0.0584605263950644;0.544562195409361;9.8804216511521;0.0659218244190183;-2.33555571250213;69.7953251191904;0.999429916655107;0.0583699039085063
12.1155794046667;6.56537825475131;6.8207081873667;-0.0622768821388148;0.565747881513535;9.88243129516897;0.0682769077901376;-2.39800342209586;69.8200452620043;0.998139157827365;0.0653106526589912
12.104841522666;6.58766048378555;6.81187368589089;-0.0662147548486972;0.587037842950945;9.88452249515318;0.0706748497207881;-2.45973064675215;69.8447798499449;0.996718872706629;0.071973570086957
12.0940384352021;6.60992375819787;6.80278291560541;-0.0702673160909051;0.608416030140248;9.88669556233266;0.0731147395422106;-2.5207158944411;69.8695257604416;0.995125360699362;0.0782936566716135
12.0832398266764;6.63221610757619;6.79343747379247;-0.0744279948563115;0.629868380183622;9.88895092631388;0.0755956453009117;-2.58093757674856;69.8942958792725;0.99355120373913;0.0845943882092317
12.0723531807725;6.65447287930438;6.78383803030249;-0.0786906258681952;0.651383038682621;9.89128921111223;0.07811665083173;-2.64037392863821;69.9190725406053;0.991957792634562;0.0904822128832485
12.0614323329055;6.67673167519272;6.77398532423067;-0.0830490201664667;0.672947888550174;9.89371100318388;0.0806767802340618;-2.69900300818566;69.9438660662225;0.990365707596996;0.0961997069731743
12.0505113435877;6.69901636559657;6.76388015211897;-0.0874969685369686;0.694550605332853;9.89621685415696;0.0832750696713455;-2.75680269506983;69.9686829039355;0.988787604363973;0.101903219258557
12.0394638311159;6.72123711706235;6.7535238023722;-0.0920280459983916;0.716177813414058;9.89880717079179;0.0859105690783774;-2.81375072488219;69.9934984097236;0.987793287803634;0.104733399460978
12.0284122143342;6.74348082622161;6.74291765290965;-0.0966357888189879;0.737816051572557;9.90148231167496;0.0885822247279053;-2.86982469067503;70.0183363007503;0.986810654735562;0.107544079405456
12.0173223710119;6.76571946616484;6.73206531149524;-0.101312756511022;0.75944771287294;9.90424203640127;0.0912889956973576;-2.92500222294196;70.0431866876977;0.985958932414671;0.110038543680902
12.0061368452516;6.78790603064319;6.72097733793655;-0.106048478487153;0.781043002561663;9.90708425042203;0.0940298555014409;-2.97926156988568;70.0680334104169;0.985436719230841;0.111713298608136
11.9949374283655;6.81010844499728;6.70966191789844;-0.110833525775809;0.802579189074897;9.91000735181876;0.0968037035320461;-3.0325814127585;70.0929005401617;0.984911807883685;0.113390751698697
11.983726684768;6.83218105245134;6.69813297893818;-0.115656124900353;0.824025160225728;9.91300813913089;0.0996094529218691;-3.08494135702478;70.1176569690606;0.985480678880008;0.114294997522741
11.9725010074855;6.85415658756402;6.68641470573163;-0.120500354009947;0.845335249800416;9.91608054810899;0.10244602727045;-3.13632281837993;70.1423336781998;0.986936566637936;0.114572356688695
11.9612565932016;6.87615408932815;6.67451889491085;-0.125355743869556;0.866490613453334;9.91922158074974;0.105312359884536;-3.18670801997261;70.1670384740186;0.988388823873851;0.114853346376665
11.9500965880754;6.89771671232652;6.66245007789191;-0.130215202920879;0.88748642554275;9.92243010993183;0.108207380356878;-3.23607939131434;70.1913179391072;0.990216145327677;0.115134945838322
11.9389609600777;6.91924888403815;6.65021308716049;-0.135071909390629;0.908317253786916;9.9257049314193;0.111129903217479;-3.28441959152224;70.2155591566823;0.992156771261496;0.115380302265117
11.9278186083713;6.94079549991828;6.63780653343027;-0.139921881561304;0.928987542468154;9.92904653439301;0.114078736413911;-3.33171097709751;70.239816292899;0.994218368317429;0.115707626728088
11.916566809315;6.96196539403296;6.62520300272349;-0.144771590986375;0.949540735245655;9.93246259108793;0.11716041990593;-3.37793336011911;70.2637905999553;0.996974879911612;0.117021257333636
11.9053549130738;6.98325193192538;6.6123779017686;-0.14962639011507;0.970008272024452;9.93596030810739;0.120258017679707;-3.42306417490809;70.2878493470708;0.999826432081188;0.118239847363795
11.8940329712865;7.00455800809674;6.59932500791592;-0.154484491836732;0.990387743277464;9.93954206385077;0.123365742374121;-3.46707999008255;70.3119768261694;1.00263616315709;0.120058451685461
11.8825137532244;7.02582625200859;6.58602758720706;-0.159347853627915;1.01069038650069;9.94321322622167;0.12647537327824;-3.50995557169275;70.3361642316495;1.00532509764152;0.122887164457495
11.8710325206003;7.04721397005723;6.57247597425526;-0.164215541304948;1.03091332630569;9.94697734196364;0.129578210445133;-3.55166444194784;70.3604387694596;1.00811204832761;0.125617861027875
11.8593544810923;7.06856073727104;6.55867386290716;-0.169081539307581;1.05103297369936;9.95083427702976;0.13266621378207;-3.59218000363828;70.3847710746778;1.01045577504131;0.128853082127728
11.8475875154788;7.08993958108204;6.5446263696503;-0.173939169498107;1.07102492689252;9.95478344905096;0.135732562781185;-3.63147565669671;70.4091742802551;1.01261453497968;0.13230437252744
11.8358443005192;7.11142914283182;6.53033629582604;-0.178782439129792;1.09086924901744;9.95882488275413;0.138771852257988;-3.6695245900156;70.4336631422496;1.01485731764834;0.135671640196867
11.8238325405718;7.13275233569619;6.51580715320277;-0.183605013183246;1.11054589545096;9.96295837416543;0.141780062814369;-3.70629983332128;70.4581368205788;1.01684526110063;0.138666590379383
11.8118204038448;7.15416877993584;6.50104266479381;-0.188400421095645;1.13003549690032;9.96718363188737;0.144754408506606;-3.74177426650391;70.4826919730446;1.01889267063716;0.141562929490915
11.7997533973814;7.17563247798889;6.48604487106553;-0.193162696068427;1.1493216899455;9.97150082917884;0.1476931508828;-3.77592046041234;70.5073151933681;1.02062591740243;0.144184108089265
11.7874501284883;7.19698163459253;6.47081567691275;-0.197885872708974;1.16838880498069;9.97591017593182;0.15059539775345;-3.80871065081074;70.5319557476058;1.02103600362961;0.146028440184241
11.7751554509558;7.21843830077725;6.45535729065326;-0.202563864744131;1.18722130908993;9.9804117956967;0.153460910888617;-3.84011675112789;70.5566852364682;1.02151996321087;0.147798898925129
11.7627180841318;7.23985530783772;6.4396727783297;-0.207190322651759;1.20580324773047;9.98500556350591;0.156289948497849;-3.87011041614726;70.5814516711115;1.021856967367;0.148541083913136
11.750133199348;7.26123023650344;6.42376579242905;-0.211758751457738;1.22411873969207;9.98969118215948;0.15908312926591;-3.89866308363206;70.6062562452962;1.02204237834531;0.14824533773709
11.7375480492381;7.28271032428173;6.40763977796135;-0.216262768379892;1.24215293730539;9.99446841802345;0.161841323654108;-3.92574594510249;70.6311516298937;1.02229566274816;0.147881718136496
11.7247280399063;7.30405626959585;6.39129404849821;-0.220697182685196;1.25989597596399;9.99933828411211;0.164565569663734;-3.9513295538398;70.6560514696646;1.02136875239756;0.148050069934191
11.7118368349451;7.32543899301519;6.37472742881733;-0.225056913985038;1.27733832754125;10.004301988553;0.167257003617515;-3.9753837567951;70.6810195297851;1.02014699378112;0.148324859435021
11.698920977835;7.3469133762036;6.35794294009212;-0.229335773463968;1.29446619987952;10.0093595233451;0.169916815582933;-3.99787806266311;70.7060788294204;1.01896365885302;0.148588832477671
11.6856676688293;7.36823986793286;6.34093998286092;-0.233528531809641;1.31126985752548;10.0145120075855;0.17254621192785;-4.01878128955514;70.7311879801244;1.01734865160396;0.149780920109088
11.6723993730875;7.38965576839472;6.32371954111602;-0.237629564169792;1.3277380702351;10.01976013446;0.175146383030797;-4.03806169293595;70.7563810042479;1.0157841519421;0.15092250015329
11.6590094223781;7.41108973202231;6.30628966728585;-0.241631644331461;1.34385373303194;10.0251024711152;0.177718491078693;-4.05568762367204;70.7816536292953;1.0137139750006;0.153399314058555
11.645388312174;7.4324575526566;6.28866118626506;-0.245527155548572;1.35959909549397;10.030536726004;0.180263658851968;-4.07162780150487;70.8069936845804;1.01056032340097;0.158639566362851
11.6317342219176;7.45388247643978;6.27084404264707;-0.24930899836627;1.37495926252213;10.0360608679238;0.182782958781993;-4.08585124765797;70.8323996197107;1.00742388818703;0.16386260228146
11.6179024310606;7.47522999084286;6.25284965757708;-0.252970115911018;1.38992004516558;10.0416724055907;0.185277410378975;-4.09832744651241;70.8578364986368;1.00385922466317;0.169812471059397
11.6039384896019;7.49653677986661;6.23469135515203;-0.256503496202491;1.40446786110663;10.0473682474373;0.187747976975296;-4.10902655804783;70.8833114062827;1.00001348071811;0.176235642208298
11.5899290311496;7.51788126628367;6.21637877012624;-0.259903306896343;1.41859406834797;10.0531464627865;0.190195565878988;-4.11791908689158;70.9088427992438;0.996163723070001;0.182662827060244
11.5756893717844;7.53905411116865;6.19792139122906;-0.263164155422606;1.43229160223064;10.0590051971883;0.192621028828213;-4.12497589360969;70.9343586229491;0.992061499542751;0.189183138737382
11.5613760605802;7.56023301096326;6.17932873554996;-0.266281064990993;1.44555475811826;10.064942624636;0.195025160555132;-4.13016822664121;70.9599206391868;0.987917610564035;0.19572465069925
11.5469778020927;7.58140274034247;6.16060863285341;-0.269249752173439;1.45838023332307;10.0709575066729;0.197408703730872;-4.13346758414413;70.9855227345984;0.983844257819957;0.201924454649364
11.5323577985135;7.60240042457303;6.14176886391474;-0.27206631988287;1.47076573760877;10.0770486838611;0.19977235125504;-4.13484574086028;71.0111088098679;0.980180645906751;0.206332157342987
11.5176831384124;7.62342749652558;6.12281745018286;-0.27472721238901;1.48270978989003;10.0832149873607;0.202116746192625;-4.13427480964477;71.0367502490627;0.976502735388151;0.210754158642003
11.5028594436074;7.64437044031716;6.10376201998193;-0.277229303003753;1.49421210152144;10.089455450239;0.204442486623237;-4.13172724357401;71.0624085580938;0.972942179361012;0.213565030621555
11.4878608426042;7.66519909796698;6.0846100660508;-0.27956984203846;1.50527335030643;10.0957692321084;0.206750127629249;-4.1271758695604;71.0880754825598;0.969533097934454;0.214337241850974
11.4728034249291;7.68605283253252;6.06537078137359;-0.281746240685478;1.51589421029512;10.1021550154097;0.20904018327747;-4.1205941227221;71.1137971479875;0.966105020318671;0.215128449269617
11.4575296461546;7.70674668427119;6.04605472630259;-0.283756167973348;1.52607581037974;10.1086111044053;0.211313129800071;-4.11195626030078;71.1395172533106;0.963414153893481;0.215215137944287
11.4421309074162;7.7273777791808;6.02667410981216;-0.285597576319297;1.53581981496195;10.1151353209165;0.213569406044734;-4.10123762015907;71.1652614416238;0.960984223602084;0.215053621072451
11.4266641593661;7.74801031669159;6.00724220890229;-0.287268814279329;1.54512891689146;10.1217251883853;0.215809417394229;-4.0884148323357;71.1910475211897;0.958512448424413;0.214933949086888
11.4109639970734;7.76842428346275;5.98777540001741;-0.288768515311262;1.55400609931999;10.1283772286163;0.218033538226126;-4.07346626696653;71.216800678964;0.956320391667455;0.21400411074531
11.3951840520766;7.78880103118674;5.968290934753;-0.290095866920828;1.56245593795926;10.1350876959911;0.220242111242596;-4.05637225929218;71.242573116022;0.954050887395432;0.213150496042151
11.379295161754;7.80909339361749;5.94880408069833;-0.291250805218095;1.57048570477117;10.1418535634465;0.222435451352319;-4.03711502981185;71.2683459080459;0.951736772749113;0.212560987580715
11.363252142264;7.82921548117514;5.92933092933539;-0.292233792632633;1.57810395331225;10.1486715641051;0.224613848302235;-4.01567892108149;71.2940806488069;0.949427943199677;0.212543355886432
11.3471185867651;7.84926317182871;5.90988646196664;-0.293045915493307;1.58532120414596;10.1555388652069;0.226777566863522;-3.99205042955654;71.3198139251932;0.947004784851991;0.212640052990398
11.3308591611554;7.86917500910049;5.890483691507;-0.293688852842832;1.59214997134338;10.162453389191;0.228926848935909;-3.96621814642565;71.3455209317225;0.944231832366978;0.213048676307187
11.3144792436241;7.88895317522919;5.87113405128823;-0.294164774470152;1.59860430517196;10.1694137011252;0.231061914982698;-3.93817274771459;71.3712012267704;0.941145947285524;0.213739649392912
11.2980038928907;7.90863894326026;5.8518491007671;-0.294476238549851;1.60469904863151;10.176418411691;0.233182965204363;-3.907907188566;71.3968715724004;0.937928666406331;0.214562018276376
11.2813739425584;7.92815646160586;5.83263955988679;-0.294626184396936;1.61045007522567;10.183466530267;0.235290180580992;-3.87541679998174;71.422513116239;0.933107913426471;0.215986096983252
11.2646361398526;7.94756403182118;5.81351538164437;-0.294617884446434;1.61587412346068;10.190557451531;0.237383723318021;-3.84069940664761;71.4481413783938;0.927854381955399;0.417639096030626
11.2477937599766;7.96686529283533;5.7944879282928;-0.294454923718582;1.6209881363146;10.1976901519068;0.239463738557708;-3.80375571326057;71.4737578659873;0.922209211169252;0.419432601950143
11.2307862076272;7.98598771263904;5.77556857371398;-0.294141211519652;1.62580967524985;10.2048636948536;0.241530355240923;-3.76458954561302;71.4993493445703;0.914321645779861;0.421408094858673
11.2136823150102;8.00501262656002;5.75676875746621;-0.293680970806195;1.63035681744933;10.2120772077835;0.24358368628032;-3.72320811393864;71.5249323563624;0.90629834105478;0.423519327102896
11.1964505717058;8.02390149353203;5.73810028317033;-0.293078739499209;1.63464798700578;10.2193297615349;0.245623830136098;-3.67962232729412;71.5505003494943;0.896778350943172;0.425775727504483
11.1790724110952;8.04263195392243;5.71957490057898;-0.292339355749102;1.63870192843657;10.2266205227964;0.247650871544838;-3.63384707415187;71.576050899638;0.884961852557636;0.428182592154297
11.1615976158586;8.06126204109869;5.70120443162503;-0.291467953682196;1.64253750286623;10.2339486983011;0.249664882008523;-3.58590153250305;71.6015939733911;0.873007318032923;0.430727492943282
11.143969840223;8.07972388583082;5.68300061674943;-0.29046994995033;1.64617351010937;10.2413135868617;0.251665920774134;-3.53580947545833;71.6271200029447;0.859283312908501;0.433362899924361
11.1262169877335;8.09805009492978;5.6649750810595;-0.289351033308442;1.64962843474928;10.2487145844052;0.253654035122135;-3.48359958527578;71.6526349732847;0.844595927077199;0.436112959856721
11.1083675624073;8.11627316105119;5.64713953808607;-0.288117171429166;1.65292010395724;10.2561510885463;0.255629261412062;-3.42930580161192;71.6781434448842;0.829768496710035;0.439003064324952
11.0903376241153;8.13429509496541;5.62950184539284;-0.286774306773876;1.65606595318965;10.2636241527321;0.257591625594538;-3.37296722489582;71.7036359688241;0.815590170981928;0.442619172314427
11.0722073913582;8.15220831785754;5.61206924409291;-0.285328515369443;1.65908187141076;10.2711351832674;0.259541143044688;-3.31462842218505;71.7291230026689;0.801321691818815;0.446410003589458
11.0539510348822;8.17000338406632;5.5948498507833;-0.283786130604166;1.66198148563164;10.2786852900224;0.261477819955516;-3.25433991715547;71.7546172948371;0.787364200994484;0.450515593928301
11.0354899931371;8.18764867249193;5.57784185585378;-0.282152733441019;1.66477720377513;10.2862800697161;0.263401653949218;-3.19215749873643;71.7801548410375;0.774869943803069;0.455377843977878
11.0169425282054;8.20520653287326;5.56104573710002;-0.280434161250108;1.66747728944083;10.2939243703361;0.265312634199469;-3.12814297736054;71.805694749349;0.762255001253376;0.460360779385738
10.9981592402494;8.22265515336096;5.54446845984041;-0.278637052013001;1.67008465761756;10.3016202584917;0.26721074221467;-3.0623653789576;71.8313319540204;0.750503484798547;0.466303824318868
10.9791450249766;8.24001599421604;5.52811368091081;-0.276767911739972;1.6725975706768;10.3093714018463;0.269095951736916;-2.99490105759771;71.8570795593;0.739647041620092;0.473192159819469
10.9600618166935;8.2573278829711;5.51198835339254;-0.274833860936301;1.67500740825436;10.3171799718842;0.270968229656132;-2.92583449877322;71.8828452405571;0.728713310625692;0.480157783136013
10.9406280174759;8.2744251716095;5.49611269882897;-0.272843991918666;1.6772962040288;10.3250415206788;0.272827535897532;-2.85479078421711;71.9087294023325;0.718939955622053;0.489845387710875
10.921049919735;8.29144364158432;5.48051211726705;-0.270799249040765;1.67953438851926;10.3329497338449;0.274673822129858;-2.78175762554707;71.9346703011496;0.709467756158856;0.500355105131945
10.9013997238645;8.30841517196127;5.46520294693206;-0.268700705775165;1.68179572354324;10.3409029509084;0.276507034063753;-2.70676581088118;71.9606349509852;0.699919834587774;0.511072575359389
10.8814785695331;8.32501780817511;5.45020992446617;-0.266552761131395;1.68414412726332;10.3488951646607;0.278327111822575;-2.62985366825957;71.986567554386;0.689903777817198;0.524593084363663
10.861493425546;8.34158206352561;5.43555694799337;-0.264361800308068;1.68663346105488;10.3569204934873;0.280133988333335;-2.55106364215902;72.0125248372851;0.679824888090129;0.538176426324431
10.8413859345022;8.35799320599114;5.42125599174726;-0.262134197184049;1.68930867029925;10.3649793337359;0.281927591561617;-2.47043753032629;72.0384793512104;0.669294268025961;0.552783568203326
10.8210964777301;8.37413230587308;5.40731812881295;-0.259877480731782;1.69220446473406;10.3730726301286;0.283707845162316;-2.38801830972148;72.0644048714772;0.657913769474132;0.569395086107685
10.8007412696658;8.39022123190295;5.39375446082698;-0.257600203157038;1.69534535182873;10.3812013127986;0.285474667842633;-2.30384979013991;72.0903507388965;0.646459942286809;0.586079932647534
10.780194431797;8.4060648305242;5.38057531240393;-0.255311544505529;1.69874620350734;10.3893667271445;0.287227974191651;-2.21797582409431;72.116296685857;0.634370940012217;0.604909286061869
10.7595018542666;8.42173129016958;5.36779005886341;-0.253021016771761;1.70241297265058;10.3975707470336;0.288967674282079;-2.1304400833393;72.1422508901921;0.621847439417286;0.625141411736703
10.7387450837817;8.43734320140769;5.3554089567666;-0.250738551648871;1.70634294641188;10.4058145883698;0.290693674415474;-2.04128647927697;72.1682234775386;0.609248477658418;0.645448998575476
10.7177487616366;8.45260801916691;5.34344342374997;-0.24847436453145;1.71052530755731;10.4140984709944;0.292405877353918;-1.95055893786946;72.1941822950164;0.596239375629653;0.668513910642547
10.6966664318401;8.46777702959791;5.33190463602072;-0.246238513137245;1.71494239510339;10.4224224327996;0.294104181207638;-1.85830070909065;72.2201546554617;0.583109412816297;0.691998500156399
10.6754911424891;8.48283044784949;5.32080279444794;-0.24404057529428;1.71957104135521;10.4307868331388;0.295788481035352;-1.76455420730369;72.2461353844768;0.569979981697837;0.715738613317931
10.6541024414995;8.49754293843383;5.31014802031592;-0.241889669633338;1.72438332488189;10.4391917014794;0.297458669073779;-1.66936108375556;72.2720956215561;0.557175086347049;0.740450678778762
10.6326508753912;8.51218913881581;5.29995004222416;-0.239794273542408;1.7293477565914;10.4476369377711;0.299114633682632;-1.57276191319963;72.2980702413633;0.544286144033318;0.765246791202543
10.6110600274678;8.52662224966459;5.29021747257377;-0.237761977797303;1.73443074404616;10.4561229367113;0.300756260605352;-1.47479606650626;72.324040982647;0.53148141392033;0.788735079768757
10.5893105737777;8.54080255439848;5.28095808255124;-0.235799473350247;1.73959756479563;10.4646504791522;0.302383432988757;-1.37550219748216;72.3500047993573;0.518803050630189;0.810557230811275
10.5674999430454;8.55491034006398;5.27217994559022;-0.233912757790818;1.74481264013565;10.4732197482047;0.303996031275821;-1.27491858571561;72.3759804269594;0.506036421542088;0.832467647651759
10.5454891450537;8.56871969366699;5.26389117173957;-0.232107068706073;1.75004042361614;10.4818304975026;0.305593933725522;-1.17308318353937;72.4019645273896;0.493364760861745;0.849905751695762
10.5233652946902;8.58236828297883;5.25609952113038;-0.230386806317357;1.7552463457124;10.4904824154962;0.307177015869176;-1.07003393314865;72.4279596951157;0.480676642978485;0.865663520062458
10.5011837668558;8.59594224312974;5.24881280499446;-0.228755647362399;1.76039714090565;10.4991746851913;0.308745151541065;-0.965810541456922;72.4539649363422;0.467900715996801;0.881509097527575
10.4787627908154;8.609100869645;5.24204199821799;-0.227217294096926;1.76545877711968;10.5079018516278;0.310298212663312;-0.860453782352393;72.4799620442269;0.254538971642059;0.890791228435519
10.4562853518813;8.62218079186813;5.23579705284456;-0.225774571334573;1.77039977332137;10.5166581164763;0.31183606780813;-0.75400418516289;72.5059681901621;0.241086477984674;0.900153322842724
10.4337352438073;8.63507304767691;5.23008479662914;-0.224428992502231;1.77519353398313;10.5254405169653;0.313358583859117;-0.646503904782547;72.5319435175708;0.2269702016255;0.908974674424235
10.4110839920618;8.64759697549809;5.22491341461509;-0.223181900859629;1.77981476440266;10.5342425715637;0.314865626318501;-0.537995857605028;72.5578264844353;0.211256876671518;0.916239606415155
10.3883737267851;8.66002383128666;5.2202891903664;-0.222033767334845;1.78424240897595;10.5430588692181;0.316357058351038;-0.428522547009491;72.5837143753059;0.195434471684;0.923613618439615
10.3656034885017;8.67216808102549;5.21621513918339;-0.220983913635831;1.78846147042057;10.5518887092942;0.317832741735317;-0.318126978106513;72.6095207030803;0.178480392282795;0.931316528595069
10.342771583729;8.68405593142147;5.21269362708077;-0.220031240050211;1.79246064207426;10.560732588133;0.319292536909016;-0.206853518354723;72.6352620484722;0.160584061043325;0.939316133304873
10.3198779139389;8.69582782091213;5.20972757268089;-0.219174625780604;1.79623069392447;10.5695895570793;0.320736303046864;-0.0947469501167256;72.6610049600915;0.142559365280208;0.94744410253832
10.2968570348711;8.70727404522726;5.20731889977815;-0.218412546261998;1.79976628732865;10.578461627662;0.322163898265308;0.018146903981275;72.6867144315782;0.124618910946134;0.956762018531502
10.2737622967202;8.71855753463002;5.20546972433564;-0.217743444809283;1.80306447282275;10.5873517102827;0.323575179008485;0.131779998643711;72.7124182068527;0.106589237911243;0.966426280418193
10.2505946876847;8.72969358504544;5.20418327840996;-0.217166141264457;1.80612241084759;10.5962587629031;0.324970000868847;0.246103038226165;72.7381232594159;0.0887556746944755;0.976443652259575
10.2272594392626;8.74050070508534;5.20346252189194;-0.216679418309784;1.80893920374247;10.6051824947284;0.326348218559023;0.361065034360632;72.7638395511874;0.0734542857073236;0.988376951133231
10.2038682913554;8.75118588769144;5.20331034333299;-0.216282138163849;1.81151521113364;10.6141224099234;0.327709685061338;0.476613005979377;72.7895556731296;0.0580215275258625;1.00044161920119
10.1803725718528;8.76165732802659;5.20372943226028;-0.215973308804831;1.81385138919843;10.6230764241676;0.329054252583317;0.592692274588678;72.8152792012243;0.0445487027663468;1.01283952829924
10.1567451434026;8.77186245251719;5.20472204251588;-0.215751990219816;1.81594965781647;10.6320424883963;0.330381772582293;0.709246317029007;72.8410163327862;0.0342478154432887;1.02568650875746
10.1330671245071;8.78194584912093;5.20628997643586;-0.215617313830976;1.81781264282512;10.641018520187;0.33169209550049;0.826216571331962;72.8667519786084;0.0238180744534436;1.03866234288246
10.1092559812177;8.7917428008432;5.20843430818344;-0.215568496884832;1.81944323321705;10.6500013411562;0.332985071196296;0.943542597621421;72.8924998097364;0.0171056003643776;1.0510812495725
10.0853557093898;8.80133585824433;5.21115526567635;-0.215604799137353;1.82084462086159;10.6589872603156;0.334260548485636;1.06116226386745;72.9182534452807;0.0121982918910884;1.0632827031324
10.0614103986604;8.81080785686823;5.21445267010498;-0.215725521195044;1.8220204530533;10.6679736672857;0.335518375805415;1.1790112066581;72.944004108648;0.00716501477407322;1.07561012533603
10.0373417008894;8.81990370442852;5.21832486806901;-0.215929978548463;1.82297414489082;10.6769559484156;0.336758401179868;1.29702343693527;72.9697341816217;0.004641339605332;1.08651321085415
10.0132248702966;8.82886019348356;5.22276916417143;-0.216217465356956;1.82370919778997;10.685929421943;0.337980471044719;1.41513149932774;72.9954604369659;0.0021470451759586;1.09745190085183
9.9890582041014;8.83763347926569;5.22778327547935;-0.216587350011029;1.82422936769033;10.6948919899215;0.339184431545613;1.53326585332958;73.0211703241381;0.000134269680327426;1.10803826518661
9.96482163333567;8.84607359382707;5.23336442664797;-0.217039050148765;1.82453817710611;10.7038416463089;0.340370128832002;1.65135514726177;73.0468344410388;0.000135372104520887;1.11706511353861
9.94054197979332;8.85438149524918;5.23950936892017;-0.217572021201108;1.824638864317;10.7127764865347;0.341537408143661;1.76932639188801;73.0724961401675;-9.99860622075133e-09;1.12622844641793
9.91619411841851;8.86244491890624;5.24621606103427;-0.218185896233434;1.82453440272979;10.721696922149;0.342686114686968;1.88710501965402;73.0981444764606;0.00162692675038761;1.13391905134803
9.89177779954531;8.87026076323121;5.25348408818585;-0.218880554614958;1.82422727599918;10.7306054792126;0.34381609366238;2.00461558080146;73.1237812478998;0.00501933731428264;1.14013468937762
9.86731996512714;8.87793878759558;5.26131137966603;-0.219655818985008;1.82371937923476;10.73950245817;0.344927190288055;2.12178334716586;73.1494159455295;0.00827023786843512;1.14649183741694
9.84271295187262;8.88533596137208;5.26969736652083;-0.220511720316486;1.82301205555697;10.7483898795641;0.346019250134914;2.23853341532201;73.1751107559236;0.0128313413000399;1.1508078777646
9.8180394322338;8.89255849734574;5.27864259787894;-0.221448470908614;1.82210602097857;10.7572706689028;0.347092118658813;2.35479045308554;73.2008196570526;0.0176739742665944;1.15463261029871
9.79332147325769;8.8996372820077;5.28814379670026;-0.222465933813304;1.82100175035189;10.7661438257825;0.348145642245322;2.47048009230337;73.2265312631525;0.0224786305348521;1.15851668468825
9.76837551693299;8.90638811262617;5.29819746036773;-0.223563936323485;1.81969942551058;10.775008471965;0.349179667883409;2.58552831647094;73.2523745301865;0.0287915963741704;1.1612607060137
9.74340981414284;8.91302158254369;5.30879950062632;-0.224742217362697;1.8181990382504;10.7838635213267;0.350194041984907;2.69986168025571;73.2782064724083;0.0349909724341555;1.16411831711848
9.71835509002663;8.91944993414121;5.31994298133374;-0.226000155585662;1.81650076267177;10.7927059221223;0.351188612085871;2.8134081731971;73.3040727227126;0.0415492353129006;1.16680448699746
9.69314627559526;8.92558969662149;5.33161850987857;-0.227336772615516;1.81460509954003;10.801531318807;0.352163226785045;2.92609760170658;73.3300184546997;0.0489481134329819;1.16902593783403
9.66793299495287;8.93162875261123;5.34381676807055;-0.22875099816311;1.81251266844847;10.8103361050425;0.353117735224539;3.03786142413572;73.3559448836478;0.0562548127083257;1.17133956751535
9.64260734108773;8.93736758550573;5.35652667014785;-0.230241458464483;1.81022454943882;10.8191160135981;0.354051988070515;3.14863355806976;73.3819126125952;0.0633169091403537;1.17376821873987
9.61721520838902;8.94288579458253;5.36973454542107;-0.231806366063485;1.80774253778143;10.8278656737118;0.35496583668409;3.25835095644811;73.4078974357504;0.0701989625728644;1.17629427956854
9.59183037028524;8.94831641488553;5.3834290874449;-0.233444096472481;1.80506840712159;10.8365819227965;0.355859134303817;3.36695294483991;73.4338566661402;0.0770049794467411;1.17889637695584
9.56634185660244;8.95333559016673;5.39759747036131;-0.235152750789345;1.80220457405475;10.8452610856101;0.35673173626227;3.47438228145423;73.4598346654908;0.282922561777858;1.18082543040527
9.54085063044883;8.95823031071785;5.41222607748496;-0.236930240974171;1.79915402664922;10.8538994688171;0.357583497870508;3.58058522389519;73.4857915701616;0.288666444633433;1.18273222486705
9.51535494547002;8.96298224952757;5.42730401121864;-0.238774725059045;1.7959196597486;10.8624953541972;0.358414277189009;3.68551101221278;73.5117263127859;0.294133374628058;1.1843645644191
9.48978522700301;8.96734962517854;5.44282045534433;-0.240684312093527;1.79250473988268;10.8710472735716;0.359223935506106;3.78911247110626;73.5376663296047;0.298494230261623;1.18434000660073
9.46423088129764;8.97163567336089;5.45876441742691;-0.242657039092885;1.78891294894899;10.8795538322873;0.360012335266703;3.89134665295199;73.5635776165942;0.302785870572932;1.18438466410461
9.43864544624788;8.97568346516226;5.47511672137964;-0.244689880500779;1.78515011325795;10.8880095541837;0.360779342545685;3.99194904534781;73.5894812670156;0.3056699207865;1.18330423555378
9.41301944957538;8.97945820886732;5.49184714141525;-0.246783463750618;1.78117147660742;10.8964043305083;0.361524827244657;4.09084222514274;73.6153837841808;0.30681520877243;1.1807941503749
9.38741588929474;8.98316391430519;5.50893379857146;-0.248938529499617;1.77692856733746;10.9047328167052;0.362248663003362;4.1879538726486;73.6412541253428;0.307904092634155;1.17834046932023
9.36195147632824;8.98645895643457;5.52636765153515;-0.251156532206568;1.77236861865193;10.9129959708373;0.362950727127871;4.2832097914903;73.6669308391194;0.309468884836981;1.1740983320003
9.33652565035169;8.98951325897759;5.54414108679594;-0.253438417729217;1.76743581597235;10.9211950756444;0.363630896206199;4.3765341249679;73.6925394585787;0.311132987701239;1.16925181296935
