s_m,ref_x,ref_y,left_x,left_y,right_x,right_y,w_left_m,w_right_m
0.000000,9.277090,8.996041,9.129659,7.897632,9.345620,9.506617,1.108259,0.515155
0.045988,9.231467,9.001832,9.099425,7.900384,9.292816,9.513580,1.109334,0.515413
0.091975,9.185770,9.007009,9.067657,7.902902,9.240623,9.519767,1.110407,0.515683
0.137963,9.140015,9.011624,9.035360,7.905056,9.188594,9.525268,1.111506,0.515936
0.183950,9.094206,9.015649,9.004451,7.906623,9.135843,9.530114,1.112652,0.516147
0.229938,9.048347,9.019026,8.974709,7.907601,9.082479,9.534188,1.113862,0.516292
0.275926,9.002442,9.021727,8.945178,7.908052,9.028957,9.537398,1.115147,0.516353
0.321913,8.956503,9.023747,8.915733,7.907979,8.975356,9.539716,1.116512,0.516314
0.367901,8.910539,9.025089,8.886023,7.907401,8.921858,9.541129,1.117958,0.516164
0.413888,8.864560,9.025768,8.855975,7.906324,8.868516,9.541649,1.119477,0.515896
0.459876,8.818576,9.025803,8.825374,7.904766,8.815450,9.541299,1.121058,0.515506
0.505864,8.772595,9.025220,8.794149,7.902746,8.762708,9.540118,1.122681,0.514993
0.551851,8.726625,9.024045,8.762392,7.900291,8.710262,9.538147,1.124323,0.514362
0.597839,8.680673,9.022301,8.730165,7.897438,8.658097,9.535424,1.125951,0.513619
0.643826,8.634745,9.020009,8.697534,7.894228,8.606191,9.531985,1.127531,0.512772
0.689814,8.588847,9.017185,8.664582,7.890708,8.554513,9.527866,1.129020,0.511834
0.735802,8.542983,9.013844,8.631327,7.886931,8.503060,9.523101,1.130371,0.510819
0.781789,8.497158,9.010001,8.597807,7.882953,8.451817,9.517723,1.131533,0.509742
0.827777,8.451377,9.005668,8.564019,7.878832,8.400786,9.511766,1.132452,0.508620
0.873764,8.405644,9.000857,8.529956,7.874628,8.349967,9.505265,1.133070,0.507472
0.919752,8.359961,8.995581,8.495608,7.870401,8.299361,9.498257,1.133327,0.506315
0.965740,8.314333,8.989853,8.460954,7.866213,8.248969,9.490775,1.133166,0.505169
1.011727,8.268763,8.983685,8.425977,7.862125,8.198792,9.482857,1.132526,0.504051
1.057715,8.223252,8.977090,8.390652,7.858192,8.148829,9.474535,1.131351,0.502981
1.103702,8.177803,8.970081,8.354957,7.854469,8.099078,9.465845,1.129589,0.501976
1.149690,8.132418,8.962670,8.318868,7.851005,8.049539,9.456820,1.127193,0.501051
1.195678,8.087098,8.954872,8.282361,7.847839,8.000207,9.447492,1.124122,0.500224
1.241665,8.041843,8.946699,8.245418,7.845006,7.951079,9.437891,1.120344,0.499508
1.287653,7.996656,8.938164,8.208018,7.842527,7.902151,9.428048,1.115838,0.498916
1.333640,7.951535,8.929282,8.170148,7.840420,7.853416,9.417991,1.110591,0.498461
1.379628,7.906482,8.920064,8.131798,7.838683,7.804869,9.407744,1.104605,0.498153
1.425616,7.861495,8.910525,8.092959,7.837310,7.756504,9.397334,1.097891,0.498002
1.471603,7.816575,8.900678,8.053630,7.836280,7.708313,9.386783,1.090477,0.498014
1.517591,7.771720,8.890536,8.013813,7.835558,7.660292,9.376113,1.082399,0.498198
1.563578,7.726930,8.880111,7.973516,7.835103,7.612432,9.365344,1.073707,0.498558
1.609566,7.682204,8.869418,7.932752,7.834855,7.564729,9.354496,1.064469,0.499101
1.655554,7.637540,8.858467,7.891539,7.834751,7.517175,9.343586,1.054757,0.499828
1.701541,7.592936,8.847273,7.849898,7.834717,7.469764,9.332632,1.044653,0.500744
1.747529,7.548391,8.835848,7.807856,7.834677,7.422490,9.321648,1.034247,0.501850
1.793516,7.503902,8.824203,7.765445,7.834543,7.375346,9.310650,1.023636,0.503148
1.839504,7.459468,8.812352,7.722699,7.834228,7.328327,9.299652,1.012925,0.504638
1.885492,7.415087,8.800305,7.679659,7.833639,7.281425,9.288666,1.002218,0.506321
1.931479,7.370755,8.788076,7.636362,7.832684,7.234635,9.277703,0.991625,0.508197
1.977467,7.326472,8.775674,7.592856,7.831270,7.187949,9.266774,0.981254,0.510263
2.023454,7.282234,8.763111,7.549180,7.829305,7.141364,9.255890,0.971212,0.512519
2.069442,7.238039,8.750397,7.505378,7.826699,7.094873,9.245058,0.961607,0.514962
2.115430,7.193884,8.737544,7.461490,7.823363,7.048474,9.234287,0.952544,0.517588
2.161417,7.149767,8.724561,7.417554,7.819209,7.002165,9.223585,0.944125,0.520395
2.207405,7.105685,8.711460,7.373607,7.814155,6.955945,9.212959,0.936450,0.523377
2.253392,7.061636,8.698250,7.329686,7.808116,6.909814,9.202417,0.929618,0.526530
2.299380,7.017616,8.684943,7.285827,7.801012,6.863771,9.191963,0.923726,0.529847
2.345368,6.973622,8.671548,7.242066,7.792763,6.817815,9.181603,0.918872,0.533322
2.391355,6.929652,8.658076,7.198444,7.783289,6.771944,9.171340,0.915152,0.536946
2.437343,6.885703,8.644537,7.154998,7.772508,6.726157,9.161177,0.912663,0.540713
2.483330,6.841771,8.630941,7.111772,7.760340,6.680449,9.151114,0.911507,0.544614
2.529318,6.797854,8.617296,7.068801,7.746698,6.634820,9.141153,0.911785,0.548641
2.575306,6.753950,8.603612,7.026131,7.731497,6.589264,9.131293,0.913602,0.552783
2.621293,6.710055,8.589898,6.983796,7.714643,6.543782,9.121535,0.917064,0.557032
2.667281,6.666167,8.576160,6.941840,7.696046,6.498368,9.111875,0.922278,0.561379
2.713268,6.622284,8.562408,6.900293,7.675611,6.453024,9.102314,0.929354,0.565815
2.759256,6.578403,8.548649,6.859195,7.653247,6.407744,9.092850,0.938397,0.570333
2.805244,6.534522,8.534889,6.818575,7.628864,6.362529,9.083483,0.949510,0.574924
2.851231,6.490639,8.521136,6.778462,7.602376,6.317375,9.074212,0.962789,0.579581
2.897219,6.446752,8.507396,6.738879,7.573712,6.272279,9.065038,0.978316,0.584299
2.943206,6.402859,8.493674,6.699840,7.542806,6.227243,9.055960,0.996167,0.589072
2.989194,6.358959,8.479978,6.661354,7.509616,6.182263,9.046981,1.016388,0.593897
3.035182,6.315048,8.466312,6.623418,7.474113,6.137339,9.038103,1.039014,0.598770
3.081169,6.271127,8.452682,6.586024,7.436301,6.092469,9.029329,1.064044,0.603689
3.127157,6.227193,8.439094,6.549148,7.396205,6.047654,9.020664,1.091454,0.608652
3.173144,6.183244,8.425553,6.512762,7.353887,6.002888,9.012111,1.121183,0.613660
3.219132,6.139279,8.412064,6.476822,7.309442,5.958171,9.003674,1.153131,0.618710
3.265120,6.095297,8.398632,6.441281,7.262998,5.913498,8.995357,1.187168,0.623804
3.311107,6.051296,8.385261,6.406071,7.214728,5.868866,8.987164,1.223116,0.628942
3.357095,6.007276,8.371955,6.371124,7.164827,5.824273,8.979098,1.260771,0.634124
3.403082,5.963234,8.358719,6.336352,7.113539,5.779715,8.971163,1.299881,0.639349
3.449070,5.919170,8.345556,6.301664,7.061125,5.735193,8.963361,1.340173,0.644617
3.495058,5.875084,8.332470,6.266962,7.007886,5.690704,8.955693,1.381336,0.649926
3.541045,5.830974,8.319464,6.232141,6.954134,5.646248,8.948160,1.423046,0.655273
3.587033,5.786839,8.306542,6.197101,6.900205,5.601823,8.940761,1.464957,0.660654
3.633020,5.742679,8.293707,6.161736,6.846439,5.557429,8.933492,1.506716,0.666065
3.679008,5.698493,8.280962,6.125960,6.793183,5.513061,8.926350,1.547971,0.671498
3.724996,5.654280,8.268310,6.089677,6.740775,5.468719,8.919327,1.588374,0.676946
3.770983,5.610041,8.255751,6.052820,6.689542,5.424397,8.912413,1.627595,0.682399
3.816971,5.565774,8.243289,6.015314,6.639788,5.380095,8.905600,1.665323,0.687846
3.862958,5.521480,8.230923,5.977110,6.591795,5.335809,8.898873,1.701276,0.693275
3.908946,5.477159,8.218656,5.938159,6.545803,5.291540,8.892220,1.735212,0.698672
3.954934,5.432810,8.206488,5.898428,6.502028,5.247286,8.885626,1.766914,0.704022
4.000921,5.388435,8.194419,5.857900,6.460629,5.203048,8.879075,1.796226,0.709311
4.046909,5.344032,8.182450,5.816560,6.421740,5.158827,8.872550,1.823014,0.714521
4.092896,5.299603,8.170579,5.774416,6.385436,5.114625,8.866035,1.847209,0.719636
4.138884,5.255147,8.158808,5.731477,6.351765,5.070444,8.859513,1.868768,0.724640
4.184872,5.210666,8.147135,5.687775,6.320723,5.026284,8.852966,1.887701,0.729516
4.230859,5.166159,8.135561,5.643339,6.292277,4.982146,8.846378,1.904048,0.734248
4.276847,5.121626,8.124085,5.598222,6.266357,4.938029,8.839730,1.917889,0.738821
4.322834,5.077069,8.112705,5.552470,6.242864,4.893934,8.833008,1.929330,0.743219
4.368822,5.032487,8.101421,5.506149,6.221680,4.849857,8.826195,1.938500,0.747430
4.414810,4.987882,8.090231,5.459319,6.202661,4.805796,8.819279,1.945552,0.751442
4.460797,4.943253,8.079134,5.412049,6.185656,4.761747,8.812244,1.950648,0.755245
4.506785,4.898603,8.068126,5.364404,6.170497,4.717707,8.805080,1.953962,0.758831
4.552772,4.853930,8.057207,5.316449,6.157017,4.673671,8.797777,1.955670,0.762193
4.598760,4.809237,8.046373,5.268247,6.145045,4.629635,8.790328,1.955949,0.765327
4.644748,4.764524,8.035622,5.219856,6.134414,4.585596,8.782725,1.954973,0.768231
4.690735,4.719792,8.024950,5.171331,6.124963,4.541548,8.774965,1.952905,0.770904
4.736723,4.675041,8.014355,5.122720,6.116537,4.497488,8.767046,1.949904,0.773349
4.782710,4.630274,8.003832,5.074070,6.108997,4.453411,8.758967,1.946113,0.775569
4.828698,4.585490,7.993379,5.025418,6.102208,4.409314,8.750728,1.941666,0.777570
4.874686,4.540691,7.982992,4.976802,6.096053,4.365191,8.742334,1.936680,0.779359
4.920673,4.495877,7.972667,4.928251,6.090428,4.321039,8.733787,1.931262,0.780943
4.966661,4.451051,7.962399,4.879796,6.085237,4.276851,8.725092,1.925503,0.782334
5.012648,4.406212,7.952186,4.831458,6.080402,4.232624,8.716256,1.919481,0.783541
5.058636,4.361361,7.942021,4.783263,6.075854,4.188351,8.707284,1.913264,0.784576
5.104624,4.316501,7.931902,4.735229,6.071538,4.144028,8.698182,1.906906,0.785450
5.150611,4.271631,7.921823,4.687377,6.067403,4.099647,8.688957,1.900452,0.786176
5.196599,4.226754,7.911780,4.639722,6.063414,4.055202,8.679614,1.893937,0.786765
5.242586,4.181870,7.901767,4.592276,6.059539,4.010690,8.670159,1.887389,0.787229
5.288574,4.136980,7.891778,4.545054,6.055754,3.966103,8.660596,1.880827,0.787579
5.334562,4.092086,7.881809,4.498061,6.052040,3.921439,8.650932,1.874265,0.787826
5.380549,4.047189,7.871854,4.451307,6.048385,3.876693,8.641167,1.867712,0.787980
5.426537,4.002290,7.861907,4.404794,6.044779,3.831863,8.631307,1.861172,0.788050
5.472525,3.957391,7.851961,4.358529,6.041215,3.786946,8.621353,1.854646,0.788045
5.518512,3.912492,7.842012,4.312511,6.037691,3.741940,8.611305,1.848131,0.787973
5.564500,3.867596,7.832052,4.266745,6.034204,3.696842,8.601164,1.841623,0.787839
5.610487,3.822704,7.822075,4.221234,6.030757,3.651650,8.590928,1.835115,0.787651
5.656475,3.777816,7.812075,4.175980,6.027352,3.606363,8.580596,1.828599,0.787414
5.702463,3.732936,7.802046,4.130987,6.023993,3.560978,8.570164,1.822064,0.787131
5.748450,3.688063,7.791980,4.086254,6.020686,3.515494,8.559628,1.815499,0.786806
5.794438,3.643201,7.781871,4.041784,6.017435,3.469911,8.548984,1.808896,0.786442
5.840425,3.598349,7.771711,3.997576,6.014242,3.424228,8.538225,1.802243,0.786042
5.886413,3.553511,7.761494,3.953626,6.011114,3.378447,8.527347,1.795529,0.785607
5.932401,3.508688,7.751213,3.909932,6.008056,3.332568,8.516343,1.788741,0.785138
5.978388,3.463880,7.740860,3.866489,6.005074,3.286593,8.505207,1.781866,0.784638
6.024376,3.419091,7.730429,3.823293,6.002173,3.240525,8.493932,1.774893,0.784106
6.070363,3.374323,7.719912,3.780343,5.999360,3.194363,8.482510,1.767810,0.783544
6.116351,3.329576,7.709302,3.737634,5.996637,3.148109,8.470936,1.760606,0.782953
6.162339,3.284853,7.698593,3.695170,5.994011,3.101763,8.459201,1.753271,0.782334
6.208326,3.240156,7.687775,3.652947,5.991484,3.055326,8.447299,1.745795,0.781690
6.254314,3.195486,7.676843,3.610968,5.989060,3.008796,8.435224,1.738170,0.781022
6.300301,3.150847,7.665787,3.569234,5.986739,2.962173,8.422968,1.730390,0.780333
6.346289,3.106241,7.654602,3.527742,5.984520,2.915458,8.410525,1.722450,0.779627
6.392277,3.061670,7.643278,3.486493,5.982401,2.868652,8.397892,1.714347,0.778909
6.438264,3.017136,7.631807,3.445480,5.980377,2.821758,8.385064,1.706078,0.778182
6.484252,2.972642,7.620183,3.404696,5.978438,2.774778,8.372037,1.697645,0.777454
6.530239,2.928190,7.608397,3.364137,5.976576,2.727715,8.358811,1.689050,0.776731
6.576227,2.883784,7.596442,3.323790,5.974776,2.680574,8.345383,1.680299,0.776020
6.622215,2.839426,7.584310,3.283652,5.973026,2.633358,8.331753,1.671398,0.775329
6.668202,2.795118,7.571994,3.243716,5.971309,2.586069,8.317921,1.662358,0.774667
6.714190,2.750864,7.559487,3.203980,5.969607,2.538710,8.303887,1.653189,0.774042
6.760177,2.706666,7.546783,3.164444,5.967902,2.491281,8.289651,1.643905,0.773463
6.806165,2.662528,7.533873,3.125110,5.966172,2.443781,8.275212,1.634523,0.772938
6.852153,2.618453,7.520751,3.085982,5.964398,2.396211,8.260568,1.625060,0.772477
6.898140,2.574443,7.507409,3.047066,5.962554,2.348571,8.245717,1.615534,0.772086
6.944128,2.530503,7.493841,3.008363,5.960617,2.300860,8.230658,1.605966,0.771774
6.990115,2.486636,7.480040,2.969881,5.958559,2.253079,8.215385,1.596380,0.771545
7.036103,2.442845,7.465997,2.931621,5.956354,2.205232,8.199895,1.586797,0.771405
7.082091,2.399135,7.451707,2.893588,5.953972,2.157320,8.184181,1.577242,0.771358
7.128078,2.355508,7.437161,2.855785,5.951385,2.109348,8.168236,1.567740,0.771405
7.174066,2.311970,7.422355,2.818216,5.948562,2.061321,8.152051,1.558316,0.771545
7.220053,2.268524,7.407280,2.780887,5.945474,2.013243,8.135615,1.548997,0.771778
7.266041,2.225174,7.391930,2.743802,5.942093,1.965121,8.118916,1.539806,0.772098
7.312029,2.181925,7.376299,2.706971,5.938389,1.916962,8.101938,1.530771,0.772500
7.358016,2.138781,7.360381,2.670398,5.934335,1.868774,8.084665,1.521915,0.772975
7.404004,2.095746,7.344170,2.634094,5.929904,1.820567,8.067079,1.513264,0.773512
7.449991,2.052825,7.327659,2.598065,5.925070,1.772351,8.049160,1.504840,0.774098
7.495979,2.010023,7.310844,2.562317,5.919808,1.724140,8.030885,1.496666,0.774718
7.541967,1.967344,7.293718,2.526860,5.914096,1.675946,8.012231,1.488763,0.775354
7.587954,1.924793,7.276276,2.491697,5.907911,1.627787,7.993174,1.481149,0.775987
7.633942,1.882375,7.258513,2.456839,5.901235,1.579679,7.973690,1.473843,0.776596
7.679929,1.840095,7.240425,2.422287,5.894049,1.531643,7.953751,1.466859,0.777159
7.725917,1.797957,7.222008,2.388052,5.886341,1.483696,7.933332,1.460212,0.777652
7.771905,1.755967,7.203256,2.354138,5.878095,1.435861,7.912406,1.453912,0.778050
7.817892,1.714130,7.184166,2.320554,5.869305,1.388157,7.890946,1.447968,0.778329
7.863880,1.672450,7.164735,2.287305,5.859962,1.340610,7.868926,1.442387,0.778462
7.909867,1.630933,7.144959,2.254398,5.850062,1.293242,7.846321,1.437174,0.778424
7.955855,1.589583,7.124835,2.221838,5.839602,1.246076,7.823108,1.432330,0.778192
8.001843,1.548406,7.104359,2.189629,5.828584,1.199138,7.799263,1.427855,0.777740
8.047830,1.507407,7.083530,2.157774,5.817007,1.152453,7.774766,1.423748,0.777045
8.093818,1.466591,7.062345,2.126274,5.804875,1.106050,7.749599,1.420004,0.776085
8.139805,1.425962,7.040802,2.095131,5.792194,1.059951,7.723747,1.416618,0.774840
8.185793,1.385527,7.018899,2.064340,5.778967,1.014187,7.697196,1.413583,0.773291
8.231781,1.345289,6.996635,2.033904,5.765203,0.968781,7.669934,1.410892,0.771420
8.277768,1.305254,6.974009,2.003816,5.750907,0.923763,7.641955,1.408534,0.769211
8.323756,1.265425,6.951021,1.974077,5.736088,0.879156,7.613251,1.406502,0.766650
8.369743,1.225809,6.927669,1.944679,5.720753,0.834989,7.583819,1.404785,0.763723
8.415731,1.186408,6.903955,1.915623,5.704912,0.791283,7.553657,1.403374,0.760419
8.461719,1.147228,6.879879,1.886901,5.688569,0.748064,7.522767,1.402261,0.756728
8.507706,1.108272,6.855441,1.858513,5.671733,0.705355,7.491150,1.401437,0.752641
8.553694,1.069545,6.830642,1.830453,5.654410,0.663180,7.458811,1.400894,0.748150
8.599681,1.031049,6.805485,1.802717,5.636602,0.621561,7.425756,1.400628,0.743248
8.645669,0.992790,6.779971,1.775305,5.618316,0.580518,7.391994,1.400632,0.737930
8.691657,0.954770,6.754101,1.748210,5.599551,0.540073,7.357534,1.400905,0.732191
8.737644,0.916991,6.727880,1.721436,5.580312,0.500242,7.322386,1.401443,0.726029
8.783632,0.879458,6.701309,1.694981,5.560596,0.461044,7.286566,1.402248,0.719442
8.829619,0.842173,6.674391,1.668850,5.540408,0.422490,7.250085,1.403321,0.712430
8.875607,0.805138,6.647129,1.643046,5.519747,0.384595,7.212959,1.404664,0.704996
8.921595,0.768356,6.619528,1.617579,5.498615,0.347365,7.175205,1.406280,0.697144
8.967582,0.731829,6.591590,1.592456,5.477015,0.310809,7.136840,1.408175,0.688880
9.013570,0.695559,6.563318,1.567688,5.454949,0.274930,7.097887,1.410351,0.680215
9.059557,0.659549,6.534716,1.543287,5.432422,0.239727,7.058365,1.412815,0.671162
9.105545,0.623801,6.505788,1.519263,5.409439,0.205199,7.018298,1.415568,0.661736
9.151533,0.588317,6.476537,1.495629,5.386009,0.171341,6.977713,1.418614,0.651956
9.197520,0.553099,6.446965,1.472397,5.362142,0.138142,6.936637,1.421953,0.641847
9.243508,0.518150,6.417076,1.449576,5.337849,0.105593,6.895099,1.425583,0.631434
9.289495,0.483472,6.386873,1.427179,5.313150,0.073675,6.853129,1.429498,0.620748
9.335483,0.449067,6.356359,1.405209,5.288061,0.042371,6.810761,1.433690,0.609822
9.381471,0.414940,6.325536,1.383678,5.262612,0.011659,6.768025,1.438146,0.598692
9.427458,0.381091,6.294406,1.362587,5.236825,-0.018485,6.724958,1.442848,0.587398
9.473446,0.347526,6.262971,1.341942,5.210740,-0.048091,6.681589,1.447776,0.575981
9.519433,0.314247,6.231234,1.321739,5.184389,-0.077186,6.637956,1.452902,0.564485
9.565421,0.281258,6.199194,1.301978,5.157817,-0.105803,6.594088,1.458196,0.552954
9.611409,0.248565,6.166853,1.282649,5.131068,-0.133972,6.550020,1.463619,0.541434
9.657396,0.216171,6.134212,1.263740,5.104186,-0.161726,6.505782,1.469134,0.529972
9.703384,0.184083,6.101271,1.245234,5.077221,-0.189098,6.461405,1.474694,0.518614
9.749371,0.152305,6.068030,1.227109,5.050217,-0.216119,6.416919,1.480253,0.507405
9.795359,0.120844,6.034490,1.209340,5.023224,-0.242821,6.372352,1.485760,0.496390
9.841347,0.089706,6.000649,1.191892,4.996284,-0.269233,6.327731,1.491162,0.485613
9.887334,0.058898,5.966508,1.174735,4.969442,-0.295384,6.283080,1.496407,0.475115
9.933322,0.028426,5.932066,1.157828,4.942736,-0.321304,6.238422,1.501440,0.464935
9.979309,-0.001703,5.897324,1.141132,4.916203,-0.347019,6.193777,1.506210,0.455113
10.025297,-0.031482,5.862281,1.124606,4.889876,-0.372555,6.149164,1.510666,0.445682
10.071285,-0.060904,5.826938,1.108206,4.863778,-0.397936,6.104599,1.514759,0.436676
10.117272,-0.089961,5.791295,1.091892,4.837934,-0.423184,6.060095,1.518444,0.428125
10.163260,-0.118647,5.755352,1.075619,4.812358,-0.448322,6.015665,1.521681,0.420057
10.209247,-0.146955,5.719111,1.059350,4.787060,-0.473370,5.971316,1.524432,0.412497
10.255235,-0.174878,5.682573,1.043044,4.762045,-0.498346,5.927056,1.526665,0.405467
10.301223,-0.202410,5.645739,1.026668,4.737311,-0.523267,5.882889,1.528357,0.398986
10.347210,-0.229544,5.608610,1.010192,4.712855,-0.548150,5.838815,1.529483,0.393071
10.393198,-0.256273,5.571189,0.993585,4.688664,-0.573007,5.794836,1.530032,0.387735
10.439185,-0.282592,5.533479,0.976829,4.664728,-0.597852,5.750946,1.529990,0.382989
10.485173,-0.308495,5.495482,0.959900,4.641023,-0.622692,5.707142,1.529355,0.378840
10.531161,-0.333976,5.457201,0.942786,4.617534,-0.647537,5.663415,1.528124,0.375293
10.577148,-0.359030,5.418638,0.925472,4.594228,-0.672391,5.619757,1.526302,0.372349
10.623136,-0.383653,5.379799,0.907952,4.571086,-0.697257,5.576156,1.523896,0.370005
10.669123,-0.407838,5.340686,0.890217,4.548073,-0.722135,5.532600,1.520915,0.368257
10.715111,-0.431582,5.301304,0.872269,4.525163,-0.747022,5.489075,1.517374,0.367096
10.761099,-0.454882,5.261656,0.854104,4.502323,-0.771912,5.445564,1.513284,0.366511
10.807086,-0.477732,5.221749,0.835724,4.479524,-0.796799,5.402051,1.508663,0.366488
10.853074,-0.500129,5.181585,0.817135,4.456737,-0.821671,5.358520,1.503525,0.367009
10.899061,-0.522071,5.141171,0.798336,4.433928,-0.846515,5.314952,1.497888,0.368054
10.945049,-0.543554,5.100511,0.779336,4.411071,-0.871317,5.271328,1.491766,0.369603
10.991037,-0.564577,5.059611,0.760134,4.388131,-0.896057,5.227634,1.485176,0.371632
11.037024,-0.585137,5.018477,0.740741,4.365086,-0.920717,5.183850,1.478131,0.374115
11.083012,-0.605232,4.977113,0.721154,4.341901,-0.945277,5.139962,1.470645,0.377028
11.128999,-0.624862,4.935527,0.701384,4.318558,-0.969715,5.095952,1.462730,0.380342
11.174987,-0.644026,4.893723,0.681430,4.295023,-0.994010,5.051809,1.454398,0.384031
11.220975,-0.662723,4.851709,0.661299,4.271280,-1.018141,5.007518,1.445660,0.388070
11.266962,-0.680953,4.809491,0.640993,4.247299,-1.042085,4.963071,1.436524,0.392432
11.312950,-0.698718,4.767074,0.620518,4.223062,-1.065824,4.918456,1.427001,0.397094
11.358937,-0.716017,4.724465,0.599879,4.198546,-1.089338,4.873668,1.417100,0.402033
11.404925,-0.732852,4.681670,0.579081,4.173730,-1.112611,4.828701,1.406830,0.407228
11.450913,-0.749225,4.638697,0.558133,4.148596,-1.135628,4.783551,1.396203,0.412662
11.496900,-0.765138,4.595551,0.537043,4.123125,-1.158378,4.738218,1.385229,0.418320
11.542888,-0.780593,4.552239,0.515825,4.097304,-1.180853,4.692698,1.373923,0.424189
11.588875,-0.795593,4.508768,0.494492,4.071117,-1.203046,4.646993,1.362299,0.430260
11.634863,-0.810141,4.465143,0.473065,4.044555,-1.224956,4.601104,1.350375,0.436528
11.680851,-0.824240,4.421371,0.451565,4.017607,-1.246582,4.555033,1.338172,0.442988
11.726838,-0.837893,4.377457,0.430016,3.990264,-1.267930,4.508782,1.325713,0.449641
11.772826,-0.851104,4.333409,0.408448,3.962517,-1.289005,4.462355,1.313024,0.456491
11.818813,-0.863875,4.289231,0.386892,3.934358,-1.309817,4.415755,1.300136,0.463544
11.864801,-0.876209,4.244929,0.365385,3.905780,-1.330378,4.368988,1.287081,0.470807
11.910789,-0.888111,4.200509,0.343965,3.876775,-1.350702,4.322057,1.273898,0.478293
11.956776,-0.899584,4.155976,0.322674,3.847342,-1.370807,4.274965,1.260623,0.486014
12.002764,-0.910630,4.111336,0.301560,3.817479,-1.390710,4.227715,1.247299,0.493984
12.048751,-0.921253,4.066592,0.280669,3.787190,-1.410430,4.180308,1.233970,0.502220
12.094739,-0.931456,4.021752,0.260053,3.756485,-1.429987,4.132740,1.220680,0.510736
12.140727,-0.941241,3.976818,0.239761,3.725369,-1.449402,4.085011,1.207474,0.519551
12.186714,-0.950610,3.931795,0.219847,3.693864,-1.468694,4.037111,1.194395,0.528680
12.232702,-0.959563,3.886688,0.200358,3.661977,-1.487880,3.989039,1.181488,0.538139
12.278689,-0.968103,3.841501,0.181344,3.629730,-1.506977,3.940781,1.168792,0.547943
12.324677,-0.976228,3.796237,0.162845,3.597134,-1.525997,3.892334,1.156343,0.558105
12.370665,-0.983939,3.750901,0.144904,3.564205,-1.544953,3.843686,1.144177,0.568635
12.416652,-0.991235,3.705497,0.127551,3.530956,-1.563852,3.794830,1.132319,0.579543
12.462640,-0.998116,3.660027,0.110815,3.497398,-1.582697,3.745758,1.120793,0.590834
12.508627,-1.004581,3.614497,0.094717,3.463542,-1.601489,3.696464,1.109614,0.602510
12.554615,-1.010628,3.568909,0.079271,3.429397,-1.620225,3.646940,1.098792,0.614571
12.600603,-1.016258,3.523268,0.064482,3.394973,-1.638899,3.597182,1.088329,0.627012
12.646590,-1.021470,3.477577,0.050354,3.360280,-1.657500,3.547182,1.078224,0.639827
12.692578,-1.026264,3.431841,0.036880,3.325328,-1.676014,3.496937,1.068466,0.653003
12.738565,-1.030639,3.386062,0.024048,3.290128,-1.694424,3.446439,1.059041,0.666525
12.784553,-1.034596,3.340245,0.011843,3.254692,-1.712708,3.395686,1.049930,0.680375
12.830541,-1.038134,3.294395,0.000244,3.219031,-1.730843,3.344670,1.041109,0.694532
12.876528,-1.041254,3.248513,-0.010772,3.183154,-1.748802,3.293390,1.032552,0.708970
12.922516,-1.043956,3.202606,-0.021229,3.147074,-1.766555,3.241841,1.024233,0.723664
12.968503,-1.046241,3.156675,-0.031153,3.110795,-1.784072,3.190024,1.016124,0.738585
13.014491,-1.048109,3.110726,-0.040570,3.074327,-1.801320,3.137938,1.008196,0.753703
13.060479,-1.049562,3.064762,-0.049505,3.037671,-1.818266,3.085586,1.000424,0.768986
13.106466,-1.050600,3.018787,-0.057978,3.000832,-1.834877,3.032973,0.992784,0.784405
13.152454,-1.051225,2.972804,-0.066011,2.963812,-1.851120,2.980104,0.985256,0.799928
13.198441,-1.051440,2.926817,-0.073617,2.926611,-1.866964,2.926988,0.977822,0.815524
13.244429,-1.051245,2.880830,-0.080811,2.889234,-1.882380,2.873633,0.970471,0.831166
13.290417,-1.050644,2.834847,-0.087598,2.851679,-1.897340,2.820048,0.963193,0.846825
13.336404,-1.049639,2.788871,-0.093984,2.813951,-1.911819,2.766243,0.955984,0.862477
13.382392,-1.048232,2.742905,-0.099968,2.776051,-1.925793,2.712231,0.948843,0.878097
13.428379,-1.046427,2.696953,-0.105546,2.737982,-1.939243,2.658020,0.941775,0.893665
13.474367,-1.044226,2.651019,-0.110713,2.699747,-1.952152,2.603626,0.934784,0.909161
13.520355,-1.041634,2.605104,-0.115459,2.661348,-1.964505,2.549062,0.927881,0.924571
13.566342,-1.038653,2.559214,-0.119774,2.622788,-1.976290,2.494342,0.921075,0.939879
13.612330,-1.035287,2.513350,-0.123645,2.584071,-1.987500,2.439482,0.914381,0.955074
13.658317,-1.031540,2.467516,-0.127061,2.545200,-1.998127,2.384497,0.907810,0.970145
13.704305,-1.027418,2.421713,-0.130008,2.506179,-2.008169,2.329404,0.901376,0.985086
13.750293,-1.022923,2.375946,-0.132475,2.467015,-2.017622,2.274215,0.895093,0.999888
13.796280,-1.018062,2.330217,-0.134451,2.427712,-2.026488,2.218950,0.888973,1.014546
13.842268,-1.012838,2.284527,-0.135927,2.388276,-2.034768,2.163621,0.883027,1.029057
13.888255,-1.007257,2.238880,-0.136895,2.348712,-2.042463,2.108246,0.877265,1.043416
13.934243,-1.001325,2.193276,-0.137348,2.309027,-2.049578,2.052838,0.871695,1.057620
13.980231,-0.995046,2.147720,-0.137283,2.269225,-2.056118,1.997415,0.866326,1.071665
14.026218,-0.988427,2.102211,-0.136697,2.229313,-2.062086,1.941992,0.861161,1.085548
14.072206,-0.981473,2.056753,-0.135589,2.189295,-2.067489,1.886584,0.856205,1.099267
14.118193,-0.974191,2.011345,-0.133959,2.149178,-2.072330,1.831206,0.851462,1.112816
14.164181,-0.966586,1.965991,-0.131810,2.108966,-2.076615,1.775874,0.846932,1.126192
14.210169,-0.958666,1.920691,-0.129145,2.068665,-2.080349,1.720600,0.842616,1.139389
14.256156,-0.950437,1.875446,-0.125968,2.028281,-2.083535,1.665399,0.838515,1.152402
14.302144,-0.941904,1.830257,-0.122284,1.987820,-2.086176,1.610283,0.834628,1.165224
14.348131,-0.933076,1.785125,-0.118099,1.947289,-2.088275,1.555264,0.830954,1.177846
14.394119,-0.923957,1.740051,-0.113419,1.906692,-2.089833,1.500354,0.827491,1.190261
14.440107,-0.914556,1.695034,-0.108252,1.866036,-2.090850,1.445565,0.824237,1.202457
14.486094,-0.904878,1.650077,-0.102604,1.825325,-2.091326,1.390909,0.821191,1.214425
14.532082,-0.894930,1.605178,-0.096483,1.784565,-2.091261,1.336398,0.818350,1.226153
14.578069,-0.884718,1.560339,-0.089896,1.743758,-2.090652,1.282048,0.815712,1.237628
14.624057,-0.874251,1.515558,-0.082850,1.702908,-2.089498,1.227870,0.813274,1.248836
14.670045,-0.863533,1.470837,-0.075354,1.662017,-2.087798,1.173880,0.811033,1.259765
14.716032,-0.852572,1.426175,-0.067416,1.621088,-2.085549,1.120092,0.808987,1.270401
14.762020,-0.841375,1.381571,-0.059044,1.580122,-2.082749,1.066519,0.807133,1.280729
14.808007,-0.829949,1.337026,-0.050247,1.539121,-2.079398,1.013175,0.805467,1.290737
14.853995,-0.818301,1.292538,-0.041033,1.498087,-2.075493,0.960073,0.803987,1.300410
14.899983,-0.806437,1.248107,-0.031412,1.457022,-2.071037,0.907224,0.802688,1.309739
14.945970,-0.794365,1.203733,-0.021392,1.415927,-2.066029,0.854639,0.801569,1.318710
14.991958,-0.782091,1.159413,-0.010984,1.374804,-2.060471,0.802327,0.800625,1.327315
15.037945,-0.769623,1.115148,-0.000194,1.333655,-2.054368,0.750299,0.799854,1.335547
15.083933,-0.756967,1.070936,0.010967,1.292481,-2.047724,0.698560,0.799252,1.343398
15.129921,-0.744131,1.026777,0.022491,1.251283,-2.040547,0.647119,0.798819,1.350865
15.175908,-0.731120,0.982668,0.034369,1.210062,-2.032846,0.595981,0.798550,1.357946
15.221896,-0.717942,0.938609,0.046595,1.168819,-2.024630,0.545151,0.798445,1.364640
15.267883,-0.704604,0.894598,0.059160,1.127556,-2.015912,0.494632,0.798501,1.370949
15.313871,-0.691111,0.850634,0.072056,1.086272,-2.006706,0.444428,0.798717,1.376878
15.359859,-0.677471,0.806716,0.085276,1.044968,-1.997027,0.394540,0.799091,1.382431
15.405846,-0.663691,0.762842,0.098812,1.003644,-1.986892,0.344968,0.799622,1.387617
15.451834,-0.649776,0.719010,0.112657,0.962302,-1.976317,0.295711,0.800309,1.392442
15.497821,-0.635733,0.675219,0.126802,0.920942,-1.965320,0.246767,0.801148,1.396916
15.543809,-0.621568,0.631467,0.141238,0.879563,-1.953920,0.198133,0.802137,1.401050
15.589797,-0.607287,0.587753,0.155957,0.838165,-1.942133,0.149805,0.803274,1.404853
15.635784,-0.592897,0.544075,0.170948,0.796749,-1.929979,0.101780,0.804552,1.408336
15.681772,-0.578404,0.500431,0.186200,0.755312,-1.917473,0.054051,0.805968,1.411510
15.727759,-0.563813,0.456820,0.201701,0.713853,-1.904635,0.006617,0.807513,1.414385
15.773747,-0.549130,0.413239,0.217436,0.672370,-1.891478,-0.040530,0.809180,1.416970
15.819735,-0.534361,0.369687,0.233392,0.630859,-1.878017,-0.087392,0.810959,1.419273
15.865722,-0.519511,0.326163,0.249553,0.589316,-1.864267,-0.133975,0.812839,1.421301
15.911710,-0.504586,0.282665,0.265899,0.547736,-1.850238,-0.180281,0.814807,1.423060
15.957698,-0.489592,0.239191,0.282413,0.506115,-1.835941,-0.226316,0.816848,1.424553
16.003685,-0.474533,0.195739,0.299074,0.464447,-1.821382,-0.272083,0.818946,1.425784
16.049673,-0.459415,0.152307,0.315861,0.422727,-1.806568,-0.317587,0.821085,1.426752
16.095660,-0.444243,0.108894,0.332751,0.380949,-1.791501,-0.362832,0.823246,1.427456
16.141648,-0.429022,0.065498,0.349722,0.339105,-1.776184,-0.407819,0.825411,1.427892
16.187636,-0.413757,0.022118,0.366750,0.297192,-1.760615,-0.452555,0.827560,1.428056
16.233623,-0.398452,-0.021248,0.383812,0.255201,-1.744792,-0.497039,0.829675,1.427939
16.279611,-0.383112,-0.064601,0.400885,0.213128,-1.728708,-0.541277,0.831736,1.427533
16.325598,-0.367741,-0.107944,0.417947,0.170966,-1.712359,-0.585269,0.833725,1.426827
16.371586,-0.352344,-0.151278,0.434976,0.128712,-1.695734,-0.629019,0.835623,1.425809
16.417574,-0.336925,-0.194603,0.451951,0.086359,-1.678824,-0.672527,0.837416,1.424467
16.463561,-0.321487,-0.237922,0.468854,0.043904,-1.661619,-0.715797,0.839086,1.422786
16.509549,-0.306034,-0.281236,0.485668,0.001344,-1.644108,-0.758832,0.840621,1.420754
16.555536,-0.290570,-0.324545,0.502376,-0.041323,-1.626281,-0.801631,0.842008,1.418356
16.601524,-0.275098,-0.367852,0.518966,-0.084100,-1.608126,-0.844199,0.843239,1.415582
16.647512,-0.259621,-0.411157,0.535426,-0.126988,-1.589636,-0.886536,0.844305,1.412418
16.693499,-0.244142,-0.454462,0.551745,-0.169987,-1.570801,-0.928650,0.845200,1.408857
16.739487,-0.228665,-0.497767,0.567918,-0.213097,-1.551617,-0.970541,0.845921,1.404890
16.785474,-0.213192,-0.541073,0.583937,-0.256315,-1.532079,-1.012218,0.846464,1.400515
16.831462,-0.197725,-0.584381,0.599801,-0.299642,-1.512189,-1.053684,0.846831,1.395730
16.877450,-0.182267,-0.627693,0.615504,-0.343071,-1.491948,-1.094950,0.847023,1.390537
16.923437,-0.166819,-0.671009,0.631049,-0.386602,-1.471362,-1.136023,0.847043,1.384944
16.969425,-0.151385,-0.714329,0.646435,-0.430229,-1.450439,-1.176916,0.846894,1.378959
17.015412,-0.135966,-0.757655,0.661664,-0.473946,-1.429192,-1.217641,0.846584,1.372596
17.061400,-0.120563,-0.800986,0.676740,-0.517749,-1.407636,-1.258211,0.846118,1.365874
17.107388,-0.105178,-0.844324,0.691666,-0.561630,-1.385788,-1.298642,0.845503,1.358811
17.153375,-0.089811,-0.887668,0.706447,-0.605584,-1.363670,-1.338947,0.844748,1.351432
17.199363,-0.074465,-0.931019,0.721089,-0.649602,-1.341303,-1.379147,0.843861,1.343762
17.245350,-0.059139,-0.974378,0.735597,-0.693680,-1.318713,-1.419255,0.842850,1.335830
17.291338,-0.043834,-1.017744,0.749976,-0.737808,-1.295923,-1.459292,0.841724,1.327663
17.337326,-0.028550,-1.061118,0.764234,-0.781980,-1.272961,-1.499272,0.840491,1.319293
17.383313,-0.013288,-1.104499,0.778376,-0.826188,-1.249850,-1.539216,0.839159,1.310750
17.429301,0.001954,-1.147887,0.792407,-0.870425,-1.226619,-1.579137,0.837736,1.302063
17.475288,0.017175,-1.191283,0.806334,-0.914684,-1.203291,-1.619054,0.836229,1.293261
17.521276,0.032377,-1.234685,0.820161,-0.958959,-1.179890,-1.658981,0.834643,1.284374
17.567264,0.047559,-1.278094,0.833892,-1.003244,-1.156439,-1.698933,0.832984,1.275429
17.613251,0.062725,-1.321509,0.847533,-1.047532,-1.132959,-1.738923,0.831256,1.266450
17.659239,0.077874,-1.364930,0.861086,-1.091818,-1.109469,-1.778965,0.829464,1.257461
17.705226,0.093010,-1.408356,0.874554,-1.136095,-1.085984,-1.819073,0.827609,1.248485
17.751214,0.108132,-1.451785,0.887938,-1.180357,-1.062523,-1.859258,0.825694,1.239543
17.797202,0.123245,-1.495219,0.901240,-1.224594,-1.039095,-1.899538,0.823720,1.230654
17.843189,0.138351,-1.538655,0.914462,-1.268805,-1.015716,-1.939918,0.821686,1.221836
17.889177,0.153452,-1.582092,0.927604,-1.312978,-0.992393,-1.980416,0.819594,1.213104
17.935164,0.168552,-1.625530,0.940668,-1.357111,-0.969138,-2.021037,0.817442,1.204476
17.981152,0.183655,-1.668967,0.953656,-1.401197,-0.945958,-2.061792,0.815232,1.195966
18.027140,0.198763,-1.712402,0.966571,-1.445233,-0.922862,-2.102687,0.812962,1.187588
18.073127,0.213882,-1.755833,0.979415,-1.489212,-0.899858,-2.143729,0.810634,1.179356
18.119115,0.229016,-1.799260,0.992194,-1.533131,-0.876953,-2.184923,0.808248,1.171283
18.165102,0.244168,-1.842679,1.004911,-1.576984,-0.854152,-2.226276,0.805806,1.163380
18.211090,0.259344,-1.886091,1.017574,-1.620763,-0.831459,-2.267796,0.803313,1.155660
18.257078,0.274548,-1.929492,1.030190,-1.664463,-0.808879,-2.309487,0.800772,1.148134
18.303065,0.289787,-1.972882,1.042768,-1.708073,-0.786413,-2.351359,0.798189,1.140811
18.349053,0.305064,-2.016257,1.055320,-1.751588,-0.764061,-2.393415,0.795571,1.133700
18.395040,0.320387,-2.059617,1.067856,-1.794996,-0.741822,-2.435664,0.792927,1.126809
18.441028,0.335761,-2.102959,1.080391,-1.838290,-0.719694,-2.478107,0.790269,1.120143
18.487016,0.351193,-2.146280,1.092942,-1.881456,-0.697672,-2.520753,0.787606,1.113709
18.533003,0.366689,-2.189578,1.105525,-1.924486,-0.675752,-2.563602,0.784954,1.107509
18.578991,0.382257,-2.232851,1.118158,-1.967367,-0.653923,-2.606662,0.782325,1.101546
18.624978,0.397903,-2.276095,1.130861,-2.010088,-0.632174,-2.649932,0.779735,1.095817
18.670966,0.413637,-2.319307,1.143654,-2.052635,-0.610493,-2.693417,0.777200,1.090321
18.716954,0.429464,-2.362485,1.156560,-2.094994,-0.588864,-2.737117,0.774738,1.085054
18.762941,0.445395,-2.405625,1.169600,-2.137154,-0.567269,-2.781031,0.772365,1.080008
18.808929,0.461438,-2.448724,1.182796,-2.179101,-0.545687,-2.825159,0.770100,1.075176
18.854916,0.477600,-2.491778,1.196172,-2.220822,-0.524098,-2.869493,0.767960,1.070545
18.900904,0.493892,-2.534783,1.209752,-2.262304,-0.502476,-2.914032,0.765964,1.066104
18.946892,0.510322,-2.577735,1.223559,-2.303536,-0.480796,-2.958765,0.764129,1.061837
18.992879,0.526899,-2.620631,1.237617,-2.344503,-0.459030,-3.003685,0.762474,1.057728
19.038867,0.543634,-2.663466,1.251951,-2.385193,-0.437148,-3.048782,0.761019,1.053756
19.084854,0.560534,-2.706236,1.266581,-2.425588,-0.415115,-3.094048,0.759780,1.049900
19.130842,0.577611,-2.748935,1.281532,-2.465674,-0.392896,-3.139471,0.758777,1.046137
19.176830,0.594873,-2.791560,1.296826,-2.505431,-0.370451,-3.185045,0.758029,1.042440
19.222817,0.612332,-2.834105,1.312485,-2.544839,-0.347738,-3.230754,0.757555,1.038780
19.268805,0.629997,-2.876564,1.328533,-2.583877,-0.324713,-3.276588,0.757376,1.035128
19.314792,0.647879,-2.918933,1.344992,-2.622523,-0.301329,-3.322532,0.757513,1.031449
19.360780,0.665990,-2.961204,1.361888,-2.660756,-0.277537,-3.368564,0.757986,1.027709
19.406768,0.684340,-3.003372,1.379244,-2.698550,-0.253287,-3.414666,0.758820,1.023868
19.452755,0.702940,-3.045430,1.397087,-2.735884,-0.228528,-3.460808,0.760038,1.019888
19.498743,0.721803,-3.087372,1.415442,-2.772731,-0.203209,-3.506965,0.761665,1.015729
19.544730,0.740939,-3.129189,1.434338,-2.809068,-0.177278,-3.553102,0.763727,1.011348
19.590718,0.760359,-3.170875,1.453801,-2.844866,-0.150687,-3.599187,0.766252,1.006706
19.636706,0.780074,-3.212422,1.473858,-2.880098,-0.123388,-3.645183,0.769269,1.001761
19.682693,0.800096,-3.253823,1.494537,-2.914732,-0.095333,-3.691055,0.772807,0.996476
19.728681,0.820435,-3.295069,1.515863,-2.948734,-0.066481,-3.736767,0.776896,0.990816
19.774668,0.841102,-3.336151,1.537861,-2.982066,-0.036793,-3.782286,0.781569,0.984752
19.820656,0.862108,-3.377061,1.560555,-3.014689,-0.006238,-3.827581,0.786856,0.978260
19.866644,0.883463,-3.417789,1.583964,-3.046559,0.025212,-3.872619,0.792788,0.971322
19.912631,0.905180,-3.458327,1.608110,-3.077634,0.057570,-3.917376,0.799398,0.963934
19.958619,0.927268,-3.498663,1.633009,-3.107868,0.090845,-3.961821,0.806716,0.956096
20.004606,0.949739,-3.538787,1.658676,-3.137218,0.125030,-4.005934,0.814769,0.947825
20.050594,0.972603,-3.578688,1.685123,-3.165639,0.160110,-4.049692,0.823586,0.939143
20.096582,0.995871,-3.618356,1.712360,-3.193089,0.196054,-4.093081,0.833191,0.930092
20.142569,1.019552,-3.657778,1.740389,-3.219525,0.232823,-4.136091,0.843606,0.920720
20.188557,1.043656,-3.696943,1.769209,-3.244905,0.270367,-4.178721,0.854849,0.911090
20.234544,1.068191,-3.735839,1.798812,-3.269185,0.308628,-4.220979,0.866933,0.901276
20.280532,1.093168,-3.774453,1.829183,-3.292323,0.347540,-4.262882,0.879868,0.891361
20.326520,1.118594,-3.812774,1.860297,-3.314278,0.387032,-4.304453,0.893656,0.881436
20.372507,1.144477,-3.850786,1.892124,-3.335010,0.427035,-4.345725,0.908296,0.871601
20.418495,1.170825,-3.888478,1.924626,-3.354481,0.467473,-4.386738,0.923779,0.861956
20.464482,1.197647,-3.925835,1.957755,-3.372656,0.508276,-4.427534,0.940091,0.852605
20.510470,1.224950,-3.962841,1.991455,-3.389503,0.549379,-4.468162,0.957208,0.843651
20.556458,1.252741,-3.999482,2.025666,-3.404995,0.590719,-4.508670,0.975104,0.835192
20.602445,1.281028,-4.035743,2.060317,-3.419112,0.632248,-4.549105,0.993742,0.827319
20.648433,1.309817,-4.071605,2.095332,-3.431838,0.673921,-4.589515,1.013082,0.820119
20.694420,1.339115,-4.107054,2.130629,-3.443165,0.715709,-4.629940,1.033075,0.813661
20.740408,1.368927,-4.142071,2.166123,-3.453088,0.757595,-4.670418,1.053669,0.808009
20.786396,1.399260,-4.176638,2.201723,-3.461611,0.799576,-4.710981,1.074807,0.803208
20.832383,1.430118,-4.210736,2.237333,-3.468742,0.841662,-4.751649,1.096426,0.799292
20.878371,1.461507,-4.244348,2.272856,-3.474493,0.883875,-4.792438,1.118465,0.796280
20.924358,1.493430,-4.277452,2.308196,-3.478884,0.926256,-4.833351,1.140857,0.794172
20.970346,1.525891,-4.310030,2.343251,-3.481934,0.968852,-4.874386,1.163538,0.792963
21.016334,1.558893,-4.342059,2.377924,-3.483667,1.011724,-4.915524,1.186443,0.792626
21.062321,1.592439,-4.373518,2.412122,-3.484115,1.054939,-4.956738,1.209512,0.793128
21.108309,1.626530,-4.404386,2.445759,-3.483309,1.098567,-4.997987,1.232687,0.794423
21.154296,1.661168,-4.434640,2.478736,-3.481273,1.142695,-5.039232,1.255916,0.796459
21.200284,1.696354,-4.464255,2.510935,-3.478003,1.187428,-5.080434,1.279154,0.799176
21.246272,1.732087,-4.493206,2.542273,-3.473527,1.232855,-5.121528,1.302362,0.802510
21.292259,1.768370,-4.521467,2.572678,-3.467871,1.279057,-5.162438,1.325509,0.806394
21.338247,1.805200,-4.549011,2.602080,-3.461060,1.326118,-5.203083,1.348575,0.810759
21.384234,1.842574,-4.575811,2.630448,-3.453141,1.374095,-5.243364,1.371543,0.815537
21.430222,1.880490,-4.601840,2.657734,-3.444138,1.423053,-5.283190,1.394411,0.820662
21.476210,1.918940,-4.627072,2.683866,-3.434058,1.473068,-5.322476,1.417179,0.826068
21.522197,1.957920,-4.651478,2.708782,-3.422903,1.524205,-5.361131,1.439858,0.831695
21.568185,1.997422,-4.675030,2.732454,-3.410704,1.576504,-5.399050,1.462461,0.837482
21.614172,2.037437,-4.697699,2.754865,-3.397487,1.629991,-5.436124,1.485010,0.843377
21.660160,2.077954,-4.719458,2.775970,-3.383265,1.684699,-5.472256,1.507527,0.849326
21.706148,2.118961,-4.740280,2.795736,-3.368061,1.740647,-5.507342,1.530035,0.855281
21.752135,2.160444,-4.760135,2.814107,-3.351888,1.797859,-5.541284,1.552558,0.861198
21.798123,2.202388,-4.778997,2.831039,-3.334773,1.856343,-5.573979,1.575114,0.867032
21.844110,2.244776,-4.796837,2.846464,-3.316740,1.916109,-5.605328,1.597722,0.872743
21.890098,2.287591,-4.813627,2.860332,-3.297833,1.977152,-5.635224,1.620390,0.878291
21.936086,2.330813,-4.829339,2.872569,-3.278098,2.039468,-5.663566,1.643121,0.883638
21.982073,2.374422,-4.843945,2.883132,-3.257607,2.103029,-5.690243,1.665909,0.888749
22.028061,2.418393,-4.857417,2.891948,-3.236437,2.167813,-5.715151,1.688737,0.893587
22.074048,2.462703,-4.869729,2.898984,-3.214687,2.233773,-5.738179,1.711580,0.898117
22.120036,2.507326,-4.880855,2.904187,-3.192471,2.300862,-5.759223,1.734398,0.902307
22.166024,2.552233,-4.890768,2.907518,-3.169913,2.369019,-5.778178,1.757148,0.906126
22.212011,2.597395,-4.899444,2.908963,-3.147159,2.438169,-5.794944,1.779770,0.909545
22.257999,2.642781,-4.906862,2.908486,-3.124358,2.508242,-5.809427,1.802198,0.912538
22.303986,2.688357,-4.912998,2.906118,-3.101682,2.579130,-5.821537,1.824360,0.915081
22.349974,2.734089,-4.917834,2.901837,-3.079298,2.650754,-5.831196,1.846173,0.917156
22.395962,2.779942,-4.921350,2.895736,-3.057393,2.722976,-5.838331,1.867551,0.918748
22.441949,2.825877,-4.923531,2.887819,-3.036144,2.795704,-5.842885,1.888404,0.919849
22.487937,2.871855,-4.924363,2.878224,-3.015734,2.868784,-5.844812,1.908640,0.920454
22.533924,2.917838,-4.923835,2.866999,-2.996340,2.942110,-5.844079,1.928165,0.920565
22.579912,2.963785,-4.921936,2.854300,-2.978129,3.015532,-5.840667,1.946887,0.920187
22.625900,3.009653,-4.918661,2.840225,-2.961264,3.088932,-5.834571,1.964716,0.919335
22.671887,3.055401,-4.914003,2.824934,-2.945889,3.162173,-5.825799,1.981562,0.918026
22.717875,3.100987,-4.907963,2.808587,-2.932138,3.235127,-5.814377,1.997344,0.916286
22.763862,3.146368,-4.900540,2.791337,-2.920131,3.307677,-5.800337,2.011980,0.914142
22.809850,3.191501,-4.891736,2.773408,-2.909958,3.379684,-5.783729,2.025400,0.911627
22.855838,3.236344,-4.881556,2.754942,-2.901710,3.451058,-5.764606,2.037533,0.908779
22.901825,3.280854,-4.870009,2.736192,-2.895433,3.521668,-5.743041,2.048319,0.905635
22.947813,3.324988,-4.857104,2.717291,-2.891185,3.591445,-5.719099,2.057701,0.902239
22.993800,3.368707,-4.842853,2.698474,-2.888978,3.660284,-5.692865,2.065632,0.898631
23.039788,3.411967,-4.827268,2.679874,-2.888837,3.728133,-5.664410,2.072071,0.894857
23.085776,3.454729,-4.810365,2.661699,-2.890743,3.794913,-5.633820,2.076980,0.890957
23.131763,3.496953,-4.792159,2.644088,-2.894684,3.860582,-5.601170,2.080333,0.886975
23.177751,3.538599,-4.772668,2.627248,-2.900605,3.925071,-5.566545,2.082109,0.882951
23.223738,3.579628,-4.751912,2.611336,-2.908445,3.988338,-5.530027,2.082297,0.878923
23.269726,3.620003,-4.729910,2.596548,-2.918105,4.050325,-5.491701,2.080889,0.874929
23.315714,3.659689,-4.706688,2.583083,-2.929457,4.110976,-5.451661,2.077891,0.871001
23.361701,3.698649,-4.682270,2.571087,-2.942377,4.170257,-5.409988,2.073313,0.867172
23.407689,3.736853,-4.656684,2.560776,-2.956665,4.228104,-5.366788,2.067177,0.863467
23.453676,3.774269,-4.629960,2.552234,-2.972184,4.284508,-5.322136,2.059511,0.859914
23.499664,3.810868,-4.602128,2.545633,-2.988705,4.339419,-5.276135,2.050355,0.856534
23.545652,3.846625,-4.573222,2.541004,-3.006074,4.392842,-5.228851,2.039755,0.853347
23.591639,3.881515,-4.543276,2.538439,-3.024071,4.444751,-5.180373,2.027766,0.850369
23.637627,3.915516,-4.512323,2.537933,-3.042533,4.495157,-5.130762,2.014452,0.847615
23.683614,3.948606,-4.480399,2.539501,-3.061262,4.544056,-5.080089,1.999882,0.845096
23.729602,3.980767,-4.447539,2.543108,-3.080090,4.591458,-5.028407,1.984133,0.842823
23.775590,4.011979,-4.413778,2.548718,-3.098836,4.637368,-4.975775,1.967284,0.840804
23.821577,4.042229,-4.379150,2.556276,-3.117335,4.681794,-4.922245,1.949419,0.839045
23.867565,4.071499,-4.343692,2.565712,-3.135422,4.724745,-4.867868,1.930624,0.837550
23.913552,4.099778,-4.307437,2.576966,-3.152924,4.766223,-4.812699,1.910984,0.836324
23.959540,4.127053,-4.270422,2.589942,-3.169701,4.806239,-4.756785,1.890582,0.835369
24.005528,4.153316,-4.232682,2.604579,-3.185571,4.844789,-4.700191,1.869499,0.834685
24.051515,4.178559,-4.194251,2.620768,-3.200424,4.881889,-4.642956,1.847811,0.834272
24.097503,4.202775,-4.155166,2.638440,-3.214088,4.917535,-4.585154,1.825588,0.834129
24.143490,4.225963,-4.115462,2.657480,-3.226477,4.951747,-4.526821,1.802895,0.834253
24.189478,4.248120,-4.075173,2.677807,-3.237458,4.984526,-4.468024,1.779789,0.834640
24.235466,4.269248,-4.034335,2.699310,-3.246966,5.015892,-4.408799,1.756319,0.835284
24.281453,4.289349,-3.992982,2.721892,-3.254920,5.045859,-4.349197,1.732528,0.836180
24.327441,4.308426,-3.951146,2.745452,-3.261275,5.074444,-4.289254,1.708452,0.837318
24.373428,4.326485,-3.908861,2.769888,-3.265995,5.101666,-4.229007,1.684123,0.838689
24.419416,4.343532,-3.866158,2.795107,-3.269053,5.127541,-4.168488,1.659565,0.840282
24.465404,4.359575,-3.823067,2.821009,-3.270446,5.152088,-4.107721,1.634801,0.842084
24.511391,4.374622,-3.779618,2.847503,-3.270167,5.175322,-4.046734,1.609855,0.844080
24.557379,4.388680,-3.735839,2.874496,-3.268227,5.197257,-3.985545,1.584745,0.846256
24.603366,4.401761,-3.691758,2.901897,-3.264636,5.217906,-3.924175,1.559495,0.848594
24.649354,4.413871,-3.647401,2.929614,-3.259410,5.237280,-3.862643,1.534130,0.851077
24.695342,4.425022,-3.602792,2.957559,-3.252556,5.255386,-3.800973,1.508679,0.853686
24.741329,4.435224,-3.557957,2.985637,-3.244090,5.272231,-3.739187,1.483177,0.856402
24.787317,4.444487,-3.512918,3.013760,-3.234002,5.287818,-3.677323,1.457661,0.859207
24.833304,4.452825,-3.467699,3.041826,-3.222307,5.302158,-3.615409,1.432178,0.862082
24.879292,4.460249,-3.422320,3.069740,-3.208996,5.315255,-3.553491,1.406778,0.865009
24.925280,4.466776,-3.376804,3.097397,-3.194081,5.327123,-3.491604,1.381516,0.867972
24.971267,4.472418,-3.331169,3.124690,-3.177585,5.337775,-3.429783,1.356451,0.870957
25.017255,4.477194,-3.285435,3.151513,-3.159533,5.347230,-3.368065,1.331646,0.873951
25.063242,4.481119,-3.239621,3.177756,-3.139976,5.355510,-3.306470,1.307166,0.876942
25.109230,4.484210,-3.193742,3.203315,-3.118970,5.362639,-3.245020,1.283075,0.879924
25.155218,4.486484,-3.147815,3.228089,-3.096579,5.368644,-3.183733,1.259437,0.882891
25.201205,4.487957,-3.101856,3.251984,-3.072878,5.373552,-3.122618,1.236313,0.885839
25.247193,4.488645,-3.055878,3.274912,-3.047936,5.377394,-3.061693,1.213759,0.888769
25.293180,4.488564,-3.009894,3.296797,-3.021825,5.380201,-3.000968,1.191827,0.891682
25.339168,4.487729,-2.963918,3.317570,-2.994615,5.382004,-2.940459,1.170562,0.894582
25.385156,4.486157,-2.917961,3.337173,-2.966369,5.382836,-2.880184,1.150003,0.897474
25.431143,4.483863,-2.872035,3.355560,-2.937155,5.382733,-2.820156,1.130181,0.900366
25.477131,4.480864,-2.826149,3.372692,-2.907032,5.381730,-2.760397,1.111119,0.903262
25.523118,4.477174,-2.780313,3.388544,-2.876060,5.379860,-2.700920,1.092833,0.906171
25.569106,4.472811,-2.734536,3.403096,-2.844299,5.377160,-2.641741,1.075332,0.909097
25.615094,4.467792,-2.688826,3.416342,-2.811805,5.373662,-2.582875,1.058617,0.912045
25.661081,4.462133,-2.643191,3.428282,-2.778637,5.369396,-2.524330,1.042686,0.915016
25.707069,4.455851,-2.597638,3.438923,-2.744847,5.364390,-2.466118,1.027528,0.918009
25.753056,4.448962,-2.552172,3.448279,-2.710490,5.358668,-2.408247,1.013130,0.921021
25.799044,4.441484,-2.506799,3.456368,-2.675616,5.352252,-2.350723,0.999476,0.924044
25.845032,4.433433,-2.461524,3.463214,-2.640271,5.345157,-2.293554,0.986548,0.927068
25.891019,4.424826,-2.416352,3.468842,-2.604500,5.337397,-2.236747,0.974323,0.930077
25.937007,4.415678,-2.371285,3.473279,-2.568344,5.328979,-2.180311,0.962782,0.933053
25.982994,4.406007,-2.326328,3.476554,-2.531840,5.319910,-2.124255,0.951903,0.935976
26.028982,4.395828,-2.281483,3.478694,-2.495020,5.310192,-2.068592,0.941664,0.938821
26.074970,4.385156,-2.236753,3.479730,-2.457915,5.299826,-2.013334,0.932045,0.941561
26.120957,4.374009,-2.192139,3.479689,-2.420553,5.288811,-1.958494,0.923028,0.944167
26.166945,4.362402,-2.147642,3.478600,-2.382962,5.277144,-1.904084,0.914594,0.946612
26.212932,4.350350,-2.103263,3.476490,-2.345169,5.264823,-1.850114,0.906725,0.948865
26.258920,4.337870,-2.059003,3.473388,-2.307201,5.251843,-1.796596,0.899406,0.950897
26.304908,4.324975,-2.014862,3.469321,-2.269086,5.238201,-1.743532,0.892621,0.952681
26.350895,4.311680,-1.970839,3.464317,-2.230847,5.223894,-1.690932,0.886356,0.954192
26.396883,4.297999,-1.926935,3.458403,-2.192510,5.208922,-1.638797,0.880597,0.955407
26.442871,4.283947,-1.883148,3.451605,-2.154094,5.193287,-1.587137,0.875331,0.956307
26.488858,4.269535,-1.839478,3.443946,-2.115614,5.176997,-1.535958,0.870544,0.956876
26.534846,4.254777,-1.795924,3.435452,-2.077081,5.160062,-1.485268,0.866223,0.957103
26.580833,4.239687,-1.752484,3.426146,-2.038503,5.142499,-1.435079,0.862355,0.956982
26.626821,4.224276,-1.709156,3.416050,-1.999883,5.124329,-1.385398,0.858925,0.956511
26.672809,4.208560,-1.665938,3.405189,-1.961224,5.105577,-1.336232,0.855920,0.955691
26.718796,4.192551,-1.622828,3.393585,-1.922527,5.086272,-1.287585,0.853327,0.954529
26.764784,4.176262,-1.579822,3.381263,-1.883793,5.066446,-1.239456,0.851130,0.953035
26.810771,4.159708,-1.536918,3.368249,-1.845024,5.046133,-1.191843,0.849315,0.951223
26.856759,4.142901,-1.494112,3.354566,-1.806220,5.025368,-1.144737,0.847870,0.949111
26.902747,4.125856,-1.451401,3.340242,-1.767384,5.004188,-1.098124,0.846779,0.946717
26.948734,4.108584,-1.408780,3.325300,-1.728517,4.982631,-1.051993,0.846030,0.944063
26.994722,4.091100,-1.366246,3.309767,-1.689625,4.960731,-1.006322,0.845610,0.941172
27.040709,4.073415,-1.323795,3.293666,-1.650708,4.938527,-0.961094,0.845507,0.938067
27.086697,4.055542,-1.281423,3.277022,-1.611772,4.916052,-0.916284,0.845709,0.934774
27.132685,4.037492,-1.239126,3.259858,-1.572815,4.893340,-0.871876,0.846206,0.931315
27.178672,4.019277,-1.196900,3.242193,-1.533839,4.870426,-0.827848,0.846987,0.927714
27.224660,4.000908,-1.154741,3.224047,-1.494842,4.847340,-0.784182,0.848046,0.923993
27.270647,3.982395,-1.112644,3.205437,-1.455820,4.824117,-0.740862,0.849373,0.920172
27.316635,3.963750,-1.070606,3.186379,-1.416769,4.800785,-0.697875,0.850961,0.916273
27.362623,3.944984,-1.028622,3.166890,-1.377681,4.777373,-0.655205,0.852803,0.912311
27.408610,3.926108,-0.986687,3.146983,-1.338550,4.753909,-0.612840,0.854894,0.908304
27.454598,3.907132,-0.944797,3.126673,-1.299369,4.730418,-0.570768,0.857227,0.904267
27.500585,3.888068,-0.902947,3.105975,-1.260129,4.706924,-0.528975,0.859796,0.900211
27.546573,3.868927,-0.861132,3.084903,-1.220825,4.683448,-0.487448,0.862596,0.896150
27.592561,3.849719,-0.819348,3.063475,-1.181448,4.660010,-0.446173,0.865619,0.892094
27.638548,3.830456,-0.777589,3.041705,-1.141992,4.636630,-0.405137,0.868860,0.888053
27.684536,3.811148,-0.735851,3.019611,-1.102448,4.613324,-0.364326,0.872309,0.884035
27.730523,3.791806,-0.694129,2.997211,-1.062809,4.590110,-0.323728,0.875960,0.880049
27.776511,3.772440,-0.652418,2.974523,-1.023063,4.567005,-0.283329,0.879801,0.876105
27.822499,3.753062,-0.610712,2.951566,-0.983203,4.544026,-0.243117,0.883824,0.872210
27.868486,3.733681,-0.569008,2.928360,-0.943215,4.521188,-0.203078,0.888016,0.868374
27.914474,3.714307,-0.527301,2.904927,-0.903089,4.498509,-0.163202,0.892364,0.864605
27.960461,3.694952,-0.485585,2.881288,-0.862812,4.476007,-0.123475,0.896855,0.860913
28.006449,3.675625,-0.443855,2.857466,-0.822371,4.453699,-0.083885,0.901475,0.857308
28.052437,3.656336,-0.402108,2.833484,-0.781750,4.431602,-0.044422,0.906208,0.853801
28.098424,3.637097,-0.360339,2.809368,-0.740938,4.409734,-0.005071,0.911038,0.850403
28.144412,3.617916,-0.318542,2.785141,-0.699918,4.388115,0.034177,0.915948,0.847123
28.190399,3.598804,-0.276714,2.760830,-0.658676,4.366762,0.073333,0.920921,0.843974
28.236387,3.579771,-0.234850,2.736461,-0.617197,4.345693,0.112410,0.925939,0.840966
28.282375,3.560828,-0.192945,2.712059,-0.575466,4.324925,0.151415,0.930984,0.838110
28.328362,3.541984,-0.150996,2.687653,-0.533467,4.304475,0.190360,0.936038,0.835414
28.374350,3.523250,-0.108997,2.663269,-0.491187,4.284359,0.229252,0.941082,0.832886
28.420337,3.504635,-0.066946,2.638935,-0.448612,4.264591,0.268100,0.946100,0.830535
28.466325,3.486150,-0.024837,2.614677,-0.405727,4.245184,0.306910,0.951074,0.828365
28.512313,3.467804,0.017332,2.590524,-0.362522,4.226149,0.345689,0.955986,0.826380
28.558300,3.449608,0.059566,2.566504,-0.318984,4.207495,0.384442,0.960819,0.824583
28.604288,3.431570,0.101869,2.542643,-0.275102,4.189232,0.423173,0.965556,0.822975
28.650275,3.413702,0.144243,2.518969,-0.230866,4.171364,0.461886,0.970182,0.821553
28.696263,3.396013,0.186692,2.495510,-0.186267,4.153897,0.500583,0.974682,0.820315
28.742251,3.378512,0.229219,2.472291,-0.141296,4.136834,0.539264,0.979039,0.819257
28.788238,3.361208,0.271826,2.449339,-0.095943,4.120179,0.577930,0.983240,0.818373
28.834226,3.344113,0.314518,2.426680,-0.050201,4.103931,0.616578,0.987271,0.817658
28.880213,3.327234,0.357296,2.404338,-0.004061,4.088095,0.655208,0.991119,0.817105
28.926201,3.310583,0.400162,2.382340,0.042484,4.072670,0.693816,0.994771,0.816707
28.972189,3.294168,0.443120,2.360708,0.089443,4.057659,0.732398,0.998215,0.816457
29.018176,3.277999,0.486170,2.339468,0.136823,4.043066,0.770950,1.001441,0.816350
29.064164,3.262086,0.529316,2.318643,0.184630,4.028894,0.809469,1.004437,0.816382
29.110151,3.246440,0.572560,2.298259,0.232870,4.015148,0.847953,1.007193,0.816549
29.156139,3.231070,0.615902,2.278339,0.281545,4.001836,0.886399,1.009699,0.816852
29.202127,3.215987,0.659345,2.258909,0.330654,3.988965,0.924810,1.011946,0.817292
29.248114,3.201199,0.702889,2.239993,0.380198,3.976547,0.963185,1.013927,0.817874
29.294102,3.186718,0.746536,2.221619,0.430166,3.964594,1.001533,1.015632,0.818605
29.340089,3.172553,0.790287,2.203809,0.480554,3.953121,1.039855,1.017054,0.819495
29.386077,3.158712,0.834141,2.186590,0.531353,3.942147,1.078158,1.018185,0.820558
29.432065,3.145205,0.878099,2.169983,0.582555,3.931692,1.116447,1.019021,0.821810
29.478052,3.132040,0.922161,2.154011,0.634154,3.921781,1.154722,1.019553,0.823271
29.524040,3.119227,0.966326,2.138695,0.686143,3.912441,1.192984,1.019777,0.824963
29.570027,3.106773,1.010594,2.124056,0.738518,3.903703,1.231233,1.019686,0.826908
29.616015,3.094689,1.054964,2.110112,0.791274,3.895597,1.269464,1.019276,0.829134
29.662003,3.082983,1.099436,2.096885,0.844404,3.888158,1.307676,1.018543,0.831668
29.707990,3.071663,1.144007,2.084395,0.897901,3.881418,1.345863,1.017481,0.834535
29.753978,3.060740,1.188677,2.072661,0.951754,3.875413,1.384020,1.016087,0.837766
29.799965,3.050221,1.233444,2.061703,1.005950,3.870174,1.422144,1.014357,0.841386
29.845953,3.040116,1.278306,2.051541,1.060478,3.865734,1.460226,1.012289,0.845423
29.891941,3.030433,1.323261,2.042194,1.115321,3.862123,1.498260,1.009879,0.849902
29.937928,3.021181,1.368306,2.033679,1.170463,3.859369,1.536235,1.007126,0.854845
29.983916,3.012368,1.413440,2.026014,1.225887,3.857499,1.574139,1.004027,0.860273
30.029903,3.004003,1.458658,2.019215,1.281578,3.856534,1.611956,1.000582,0.866204
30.075891,2.996094,1.503958,2.013298,1.337518,3.856496,1.649671,0.996790,0.872653
30.121879,2.988649,1.549337,2.008276,1.393690,3.857401,1.687264,0.992651,0.879632
30.167866,2.981676,1.594791,2.004163,1.450075,3.859262,1.724713,0.988167,0.887152
30.213854,2.975182,1.640316,2.000970,1.506656,3.862091,1.761998,0.983339,0.895217
30.259841,2.969177,1.685907,1.998707,1.563414,3.865895,1.799092,0.978170,0.903833
30.305829,2.963668,1.731562,1.997383,1.620331,3.870680,1.835969,0.972666,0.913002
30.351817,2.958662,1.777274,1.997005,1.677389,3.876448,1.872601,0.966831,0.922723
30.397804,2.954169,1.823039,1.997578,1.734572,3.883200,1.908957,0.960673,0.932995
30.443792,2.950196,1.868852,1.999106,1.791862,3.890935,1.945004,0.954201,0.943817
30.489779,2.946751,1.914708,2.001592,1.849245,3.899652,1.980707,0.947424,0.955184
30.535767,2.943844,1.960601,2.005035,1.906703,3.909346,2.016031,0.940355,0.967092
30.581755,2.941483,2.006525,2.009434,1.964220,3.920013,2.050940,0.933008,0.979538
30.627742,2.939677,2.052474,2.014788,2.021775,3.931645,2.085400,0.925398,0.992515
30.673730,2.938435,2.098442,2.021090,2.079346,3.944235,2.119380,0.917543,1.006018
30.719717,2.937765,2.144422,2.028334,2.136906,3.957772,2.152851,0.909463,1.020042
30.765705,2.937677,2.190406,2.036509,2.194431,3.972244,2.185786,0.901177,1.034577
30.811693,2.938179,2.236388,2.045604,2.251885,3.987637,2.218167,0.892709,1.049617
30.857680,2.939276,2.282359,2.055603,2.309250,4.003933,2.249962,0.884082,1.065150
30.903668,2.940978,2.328312,2.066488,2.366497,4.021112,2.281148,0.875323,1.081163
30.949655,2.943291,2.374238,2.078241,2.423609,4.039147,2.311694,0.866457,1.097640
30.995643,2.946221,2.420129,2.090841,2.480580,4.058009,2.341557,0.857513,1.114561
31.041631,2.949777,2.465975,2.104268,2.537398,4.077662,2.370699,0.848520,1.131903
31.087618,2.953965,2.511768,2.118502,2.594066,4.098064,2.399068,0.839507,1.149636
31.133606,2.958795,2.557497,2.133524,2.650580,4.119165,2.426618,0.830504,1.167728
31.179593,2.964276,2.603153,2.149315,2.706940,4.140912,2.453306,0.821543,1.186139
31.225581,2.970417,2.648725,2.165857,2.763144,4.163241,2.479089,0.812655,1.204826
31.271569,2.977228,2.694201,2.183130,2.819181,4.186086,2.503943,0.803873,1.223738
31.317556,2.984719,2.739570,2.201116,2.875043,4.209372,2.527846,0.795227,1.242820
31.363544,2.992898,2.784819,2.219794,2.930719,4.233022,2.550784,0.786751,1.262013
31.409531,3.001776,2.829937,2.239143,2.986194,4.256954,2.572762,0.778477,1.281253
31.455519,3.011361,2.874910,2.259143,3.041462,4.281080,2.593775,0.770436,1.300470
31.501507,3.021660,2.919724,2.279774,3.096512,4.305313,2.613836,0.762659,1.319595
31.547494,3.032682,2.964366,2.301017,3.151343,4.329559,2.632951,0.755178,1.338554
31.593482,3.044433,3.008822,2.322855,3.205952,4.353725,2.651132,0.748021,1.357273
31.639469,3.056920,3.053076,2.345273,3.260343,4.377717,2.668394,0.741217,1.375676
31.685457,3.070151,3.097113,2.368259,3.314521,4.401440,2.684753,0.734792,1.393690
31.731445,3.084133,3.140918,2.391804,3.368491,4.424804,2.700230,0.728772,1.411242
31.777432,3.098871,3.184474,2.415903,3.422259,4.447719,2.714851,0.723179,1.428263
31.823420,3.114373,3.227763,2.440554,3.475832,4.470102,2.728646,0.718032,1.444686
31.869407,3.130645,3.270769,2.465759,3.529214,4.491874,2.741651,0.713350,1.460448
31.915395,3.147693,3.313473,2.491522,3.582409,4.512963,2.753907,0.709146,1.475491
31.961383,3.165523,3.355856,2.517855,3.635421,4.533302,2.765456,0.705430,1.489762
32.007370,3.184141,3.397899,2.544770,3.688248,4.552835,2.776351,0.702209,1.503212
32.053358,3.203550,3.439582,2.572286,3.740891,4.571508,2.786640,0.699486,1.515798
32.099345,3.223755,3.480885,2.600425,3.793344,4.589281,2.796382,0.697260,1.527483
32.145333,3.244761,3.521786,2.629214,3.845602,4.606116,2.805630,0.695525,1.538236
32.191321,3.266571,3.562265,2.658682,3.897653,4.621987,2.814444,0.694272,1.548027
32.237308,3.289186,3.602298,2.688867,3.949486,4.636870,2.822881,0.693486,1.556837
32.283296,3.312611,3.641863,2.719804,4.001083,4.650750,2.830998,0.693151,1.564647
32.329283,3.336844,3.680937,2.751539,4.052424,4.663619,2.838850,0.693242,1.571446
32.375271,3.361889,3.719497,2.784114,4.103485,4.675474,2.846492,0.693737,1.577226
32.421259,3.387744,3.757517,2.817579,4.154235,4.686318,2.853977,0.694604,1.581985
32.467246,3.414410,3.794973,2.851982,4.204641,4.696161,2.861357,0.695811,1.585725
32.513234,3.441886,3.831839,2.887371,4.254658,4.705026,2.868690,0.697325,1.588452
32.559221,3.470168,3.868089,2.923796,4.304242,4.712936,2.876023,0.699108,1.590179
32.605209,3.499254,3.903697,2.961294,4.353330,4.719945,2.883429,0.701120,1.590923
32.651197,3.529139,3.938637,2.999912,4.401868,4.726091,2.890947,0.703323,1.590708
32.697184,3.559817,3.972883,3.039675,4.449779,4.731457,2.898656,0.705675,1.589561
32.743172,3.591280,4.006408,3.080616,4.496998,4.736101,2.906588,0.708136,1.587520
32.789159,3.623519,4.039187,3.122753,4.543448,4.740115,2.914798,0.710666,1.584625
32.835147,3.656524,4.071195,3.166106,4.589058,4.743578,2.923308,0.713226,1.580928
32.881135,3.690282,4.102408,3.210690,4.633757,4.746568,2.932127,0.715780,1.576482
32.927122,3.724781,4.132799,3.256515,4.677475,4.749170,2.941255,0.718293,1.571353
32.973110,3.760006,4.162346,3.303591,4.720146,4.751452,2.950663,0.720732,1.565612
33.019097,3.795942,4.191022,3.351924,4.761706,4.753489,2.960316,0.723071,1.559338
33.065085,3.832575,4.218804,3.401515,4.802090,4.755345,2.970161,0.725284,1.552615
33.111073,3.869887,4.245665,3.452357,4.841236,4.757091,2.980141,0.727349,1.545536
33.157060,3.907862,4.271580,3.504443,4.879083,4.758788,2.990181,0.729251,1.538200
33.203048,3.946482,4.296524,3.557743,4.915562,4.760524,3.000221,0.730976,1.530707
33.249035,3.985726,4.320472,3.612235,4.950618,4.762351,3.010170,0.732516,1.523167
33.295023,4.025576,4.343400,3.667863,4.984181,4.764378,3.019964,0.733866,1.515689
33.341011,4.066007,4.365285,3.724586,5.016202,4.766656,3.029502,0.735025,1.508385
33.386998,4.106997,4.386105,3.782335,5.046623,4.769278,3.038702,0.735995,1.501370
33.432986,4.148519,4.405840,3.841051,5.075402,4.772298,3.047462,0.736784,1.494754
33.478973,4.190549,4.424471,3.900672,5.102503,4.775750,3.055668,0.737399,1.488650
33.524961,4.233058,4.441981,3.961129,5.127895,4.779666,3.063213,0.737851,1.483166
33.570949,4.276018,4.458353,4.022374,5.151560,4.784026,3.069968,0.738154,1.478406
33.616936,4.319399,4.473571,4.084346,5.173478,4.788813,3.075821,0.738322,1.474468
33.662924,4.363173,4.487621,4.146999,5.193639,4.793972,3.080653,0.738372,1.471443
33.708911,4.407310,4.500487,4.210272,5.212029,4.799458,3.084364,0.738320,1.469416
33.754899,4.451778,4.512155,4.274119,5.228643,4.805193,3.086857,0.738185,1.468461
33.800887,4.496546,4.522613,4.338463,5.243467,4.811144,3.088063,0.737984,1.468641
33.846874,4.541582,4.531848,4.403252,5.256500,4.817218,3.087913,0.737737,1.470008
33.892862,4.586854,4.539851,4.468400,5.267738,4.823390,3.086369,0.737462,1.472603
33.938849,4.632327,4.546615,4.533844,5.277184,4.829573,3.083401,0.737177,1.476449
33.984837,4.677968,4.552134,4.599511,5.284846,4.835708,3.078993,0.736901,1.481562
34.030825,4.723743,4.556404,4.665334,5.290739,4.841719,3.073156,0.736654,1.487932
34.076812,4.769617,4.559424,4.731264,5.294879,4.847501,3.065908,0.736454,1.495545
34.122800,4.815556,4.561193,4.797242,5.297287,4.852974,3.057298,0.736322,1.504360
34.168787,4.861527,4.561711,4.863232,5.297984,4.858022,3.047389,0.736275,1.514326
34.214775,4.907495,4.560981,4.929186,5.296996,4.862561,3.036269,0.736335,1.525374
34.260763,4.953427,4.559003,4.995075,5.294347,4.866490,3.024046,0.736522,1.537417
34.306750,4.999288,4.555782,5.060849,5.290062,4.869761,3.010845,0.736856,1.550357
34.352738,5.045045,4.551323,5.126483,5.284170,4.872299,2.996812,0.737358,1.564079
34.398725,5.090665,4.545629,5.191919,5.276701,4.874115,2.982096,0.738050,1.578458
34.444713,5.136116,4.538710,5.257130,5.267686,4.875181,2.966864,0.738952,1.593358
34.490701,5.181365,4.530575,5.322061,5.257164,4.875552,2.951274,0.740086,1.608636
34.536688,5.226381,4.521234,5.386678,5.245172,4.875260,2.935495,0.741473,1.624147
34.582676,5.271133,4.510700,5.450945,5.231751,4.874373,2.919685,0.743133,1.639740
34.628663,5.315591,4.498990,5.514824,5.216944,4.872978,2.903991,0.745085,1.655272
34.674651,5.359728,4.486118,5.578301,5.200790,4.871138,2.888562,0.747349,1.670600
34.720639,5.403515,4.472103,5.641345,5.183333,4.868961,2.873517,0.749941,1.685593
34.766626,5.446927,4.456962,5.703955,5.164607,4.866512,2.858976,0.752877,1.700130
34.812614,5.489937,4.440716,5.766113,5.144649,4.863894,2.845025,0.756171,1.714106
34.858601,5.532521,4.423384,5.827822,5.123488,4.861175,2.831746,0.759834,1.727431
34.904589,5.574656,4.404986,5.889070,5.101154,4.858452,2.819183,0.763876,1.740034
34.950577,5.616319,4.385542,5.949860,5.077669,4.855788,2.807371,0.768304,1.751865
34.996564,5.657488,4.365072,6.010179,5.053058,4.853273,2.796309,0.773121,1.762890
35.042552,5.698143,4.343599,6.070026,5.027338,4.850961,2.785980,0.778329,1.773103
35.088539,5.738264,4.321143,6.129385,5.000530,4.848926,2.776342,0.783928,1.782506
35.134527,5.777832,4.297726,6.188246,4.972650,4.847214,2.767332,0.789913,1.791132
35.180515,5.816830,4.273372,6.246594,4.943718,4.845871,2.758872,0.796280,1.799019
35.226502,5.855242,4.248103,6.304406,4.913754,4.844938,2.750859,0.803020,1.806226
35.272490,5.893053,4.221943,6.361670,4.882773,4.844424,2.743197,0.810122,1.812819
35.318477,5.930250,4.194917,6.418354,4.850803,4.844359,2.735757,0.817577,1.818875
35.364465,5.966822,4.167050,6.474450,4.817858,4.844716,2.728443,0.825371,1.824476
35.410453,6.002758,4.138367,6.529930,4.783965,4.845493,2.721129,0.833490,1.829707
35.456440,6.038050,4.108894,6.584787,4.749136,4.846640,2.713727,0.841921,1.834653
35.502428,6.072688,4.078656,6.639007,4.713389,4.848111,2.706144,0.850648,1.839397
35.548415,6.106667,4.047679,6.692582,4.676739,4.849845,2.698308,0.859658,1.844019
35.594403,6.139980,4.015986,6.745504,4.639194,4.851774,2.690158,0.868935,1.848593
35.640391,6.172622,3.983602,6.797768,4.600767,4.853832,2.681646,0.878465,1.853186
35.686378,6.204588,3.950550,6.849364,4.561470,4.855954,2.672730,0.888235,1.857858
35.732366,6.235873,3.916852,6.900284,4.521315,4.858082,2.663378,0.898230,1.862661
35.778353,6.266474,3.882532,6.950516,4.480317,4.860165,2.653560,0.908438,1.867639
35.824341,6.296388,3.847612,7.000047,4.438496,4.862164,2.643249,0.918847,1.872829
35.870329,6.325613,3.812112,7.048866,4.395870,4.864035,2.632431,0.929445,1.878259
35.916316,6.354148,3.776056,7.096956,4.352467,4.865758,2.621080,0.940220,1.883952
35.962304,6.381993,3.739463,7.144310,4.308305,4.867298,2.609195,0.951161,1.889923
36.008291,6.409149,3.702356,7.190912,4.263412,4.868638,2.596761,0.962256,1.896184
36.054279,6.435616,3.664754,7.236756,4.217808,4.869754,2.583787,0.973496,1.902738
36.100267,6.461397,3.626678,7.281834,4.171516,4.870627,2.570279,0.984868,1.909589
36.146254,6.486493,3.588148,7.326143,4.124555,4.871240,2.556251,0.996365,1.916731
36.192242,6.510909,3.549183,7.369679,4.076943,4.871577,2.541723,1.007976,1.924158
36.238229,6.534647,3.509801,7.412440,4.028702,4.871629,2.526719,1.019695,1.931859
36.284217,6.557711,3.470019,7.454427,3.979850,4.871392,2.511256,1.031517,1.939819
36.330205,6.580104,3.429857,7.495640,3.930413,4.870869,2.495357,1.043437,1.948019
36.376192,6.601831,3.389330,7.536082,3.880414,4.870068,2.479038,1.055456,1.956434
36.422180,6.622897,3.348455,7.575759,3.829888,4.869012,2.462307,1.067578,1.965038
36.468167,6.643307,3.307249,7.614683,3.778862,4.867719,2.445182,1.079810,1.973797
36.514155,6.663067,3.265727,7.652867,3.727379,4.866226,2.427663,1.092166,1.982673
36.560143,6.682184,3.223905,7.690338,3.675470,4.864563,2.409769,1.104665,1.991623
36.606130,6.700665,3.181798,7.727126,3.623176,4.862775,2.391504,1.117335,2.000601
36.652118,6.718517,3.139420,7.763272,3.570533,4.860907,2.372885,1.130209,2.009551
36.698105,6.735749,3.096786,7.798825,3.517581,4.859008,2.353920,1.143328,2.018417
36.744093,6.752369,3.053910,7.833845,3.464356,4.857136,2.334623,1.156744,2.027137
36.790081,6.768386,3.010804,7.868399,3.410898,4.855350,2.315001,1.170514,2.035645
36.836068,6.783809,2.967483,7.902567,3.357244,4.853714,2.295061,1.184709,2.043873
36.882056,6.798647,2.923958,7.936434,3.303434,4.852295,2.274807,1.199400,2.051751
36.928044,6.812911,2.880240,7.970096,3.249504,4.851164,2.254236,1.214674,2.059206
36.974031,6.826610,2.836343,8.003655,3.195489,4.850390,2.233347,1.230618,2.066167
37.020019,6.839756,2.792276,8.037218,3.141424,4.850045,2.212130,1.247325,2.072563
37.066006,6.852358,2.748051,8.070900,3.087335,4.850196,2.190581,1.264895,2.078323
37.111994,6.864429,2.703678,8.104813,3.033251,4.850912,2.168682,1.283422,2.083380
37.157982,6.875980,2.659167,8.139072,2.979191,4.852256,2.146425,1.303003,2.087670
37.203969,6.887022,2.614526,8.173784,2.925169,4.854287,2.123795,1.323728,2.091131
37.249957,6.897567,2.569766,8.209051,2.871197,4.857061,2.100777,1.345678,2.093709
37.295944,6.907628,2.524894,8.244964,2.817275,4.860627,2.077360,1.368925,2.095352
37.341932,6.917215,2.479918,8.281597,2.763400,4.865029,2.053528,1.393521,2.096015
37.387920,6.926341,2.434847,8.319009,2.709569,4.870307,2.029266,1.419505,2.095655
37.433907,6.935019,2.389686,8.357228,2.655768,4.876496,2.004556,1.446886,2.094240
37.479895,6.943259,2.344444,8.396267,2.601992,4.883625,1.979371,1.475656,2.091739
37.525882,6.951075,2.299127,8.436099,2.548233,4.891721,1.953679,1.505772,2.088127
37.571870,6.958479,2.253740,8.476676,2.494484,4.900802,1.927450,1.537166,2.083386
37.617858,6.965484,2.208290,8.517913,2.440751,4.910887,1.900636,1.569737,2.077503
37.663845,6.972104,2.162783,8.559697,2.387025,4.921985,1.873210,1.603352,2.070469
37.709833,6.978352,2.117222,8.601883,2.333319,4.934100,1.845126,1.637849,2.062281
37.755820,6.984244,2.071615,8.644296,2.279631,4.947232,1.816362,1.673035,2.052942
37.801808,6.989793,2.025964,8.686741,2.225968,4.961374,1.786892,1.708694,2.042458
37.847796,6.995014,1.980274,8.728991,2.172334,4.976512,1.756699,1.744581,2.030846
37.893783,6.999923,1.934550,8.770809,2.118738,4.992628,1.725773,1.780439,2.018123
37.939771,7.004534,1.888795,8.811938,2.065190,5.009696,1.694106,1.815992,2.004316
37.985758,7.008862,1.843012,8.852118,2.011707,5.027687,1.661694,1.850959,1.989455
38.031746,7.012921,1.797204,8.891083,1.958309,5.046561,1.628534,1.885059,1.973581
38.077734,7.016727,1.751374,8.928573,1.905024,5.066279,1.594623,1.918010,1.956737
38.123721,7.020294,1.705526,8.964341,1.851885,5.086789,1.559960,1.949549,1.938977
38.169709,7.023637,1.659660,8.998151,1.798929,5.108039,1.524547,1.979420,1.920357
38.215696,7.026770,1.613780,9.029795,1.746199,5.129967,1.488383,2.007396,1.900944
38.261684,7.029709,1.567886,9.059086,1.693736,5.152507,1.451473,2.033276,1.880808
38.307672,7.032468,1.521982,9.085873,1.641587,5.175590,1.413824,2.056885,1.860025
38.353659,7.035062,1.476067,9.110037,1.589794,5.199140,1.375443,2.078089,1.838678
38.399647,7.037507,1.430145,9.131490,1.538402,5.223080,1.336341,2.096779,1.816850
38.445634,7.039816,1.384216,9.150189,1.487451,5.247329,1.296530,2.112897,1.794630
38.491622,7.042006,1.338280,9.166116,1.436980,5.271808,1.256025,2.126402,1.772107
38.537610,7.044090,1.292340,9.179299,1.387024,5.296436,1.214841,2.137308,1.749372
38.583597,7.046085,1.246396,9.189788,1.337615,5.321133,1.172995,2.145643,1.726514
38.629585,7.048005,1.200448,9.197672,1.288780,5.345823,1.130504,2.151481,1.703619
38.675572,7.049866,1.154498,9.203058,1.240542,5.370434,1.087387,2.154910,1.680773
38.721560,7.051683,1.108547,9.206080,1.192919,5.394899,1.043662,2.156048,1.658054
38.767548,7.053471,1.062594,9.206890,1.145926,5.419157,0.999350,2.155031,1.635537
38.813535,7.055245,1.016640,9.205652,1.099570,5.443155,0.954471,2.152005,1.613288
38.859523,7.057020,0.970687,9.202542,1.053856,5.466846,0.909045,2.147133,1.591368
38.905510,7.058812,0.924734,9.197741,1.008783,5.490195,0.863096,2.140579,1.569828
38.951498,7.060637,0.878783,9.191432,0.964349,5.513175,0.816642,2.132513,1.548709
38.997486,7.062508,0.832834,9.183799,0.920544,5.535766,0.769706,2.123103,1.528046
39.043473,7.064441,0.786887,9.175019,0.877362,5.557962,0.722308,2.112516,1.507863
39.089461,7.066452,0.740943,9.165267,0.834790,5.579763,0.674467,2.100912,1.488174
39.135448,7.068555,0.695004,9.154707,0.792816,5.601182,0.626203,2.088444,1.468985
39.181436,7.070765,0.649069,9.143497,0.751429,5.622238,0.577535,2.075258,1.450292
39.227424,7.073096,0.603141,9.131781,0.710614,5.642963,0.528481,2.061488,1.432081
39.273411,7.075564,0.557220,9.119696,0.670358,5.663394,0.479059,2.047260,1.414332
39.319399,7.078184,0.511307,9.107365,0.630646,5.683579,0.429288,2.032688,1.397014
39.365386,7.080969,0.465404,9.094904,0.591466,5.703573,0.379186,2.017876,1.380092
39.411374,7.083935,0.419512,9.082414,0.552802,5.723435,0.328772,2.002920,1.363523
39.457362,7.087095,0.373633,9.069989,0.514646,5.743232,0.278065,1.987902,1.347256
39.503349,7.090464,0.327769,9.057712,0.476982,5.763037,0.227086,1.972899,1.331240
39.549337,7.094056,0.281923,9.045656,0.439803,5.782924,0.175855,1.957976,1.315415
39.595324,7.097885,0.236095,9.033889,0.403098,5.802972,0.124394,1.943194,1.299721
39.641312,7.101965,0.190289,9.022466,0.366859,5.823260,0.072725,1.928601,1.284098
39.687300,7.106310,0.144507,9.011439,0.331078,5.843866,0.020876,1.914243,1.268483
39.733287,7.110934,0.098753,9.000852,0.295746,5.864869,-0.031128,1.900157,1.252815
39.779275,7.115850,0.053030,8.990743,0.260858,5.886344,-0.083259,1.886377,1.237037
39.825262,7.121071,0.007340,8.981147,0.226402,5.908357,-0.135482,1.872931,1.221095
39.871250,7.126611,-0.038312,8.972091,0.192376,5.930976,-0.187769,1.859842,1.204941
39.917238,7.132483,-0.083923,8.963601,0.158766,5.954253,-0.240081,1.847130,1.188534
39.963225,7.138700,-0.129488,8.955697,0.125572,5.978236,-0.292387,1.834812,1.171842
40.009213,7.145273,-0.175003,8.948399,0.092782,6.002960,-0.344649,1.822902,1.154841
40.055200,7.152215,-0.220463,8.941721,0.060396,6.028451,-0.396834,1.811413,1.137520
40.101188,7.159537,-0.265863,8.935681,0.028405,6.054721,-0.448906,1.800355,1.119877
40.147176,7.167252,-0.311198,8.930289,-0.003191,6.081770,-0.500834,1.789739,1.101923
40.193163,7.175369,-0.356463,8.925557,-0.034396,6.109586,-0.552586,1.779575,1.083678
40.239151,7.183901,-0.401651,8.921498,-0.065210,6.138145,-0.604135,1.769869,1.065179
40.285138,7.192856,-0.446757,8.918121,-0.095633,6.167410,-0.655455,1.760632,1.046468
40.331126,7.202246,-0.491775,8.915438,-0.125668,6.197334,-0.706524,1.751873,1.027602
40.377114,7.212080,-0.536698,8.913457,-0.155308,6.227861,-0.757326,1.743601,1.008645
40.423101,7.222367,-0.581519,8.912193,-0.184556,6.258925,-0.807845,1.735826,0.989669
40.469089,7.233116,-0.626232,8.911655,-0.213403,6.290455,-0.858075,1.728560,0.970753
40.515076,7.244336,-0.670829,8.911858,-0.241851,6.322376,-0.908007,1.721816,0.951979
40.561064,7.256034,-0.715303,8.912810,-0.269886,6.354610,-0.957646,1.715606,0.933432
40.607052,7.268217,-0.759646,8.914528,-0.297507,6.387078,-1.006992,1.709945,0.915197
40.653039,7.280893,-0.803851,8.917023,-0.324696,6.419705,-1.056057,1.704849,0.897359
40.699027,7.294068,-0.847909,8.920308,-0.351446,6.452416,-1.104851,1.700332,0.879999
40.745014,7.307749,-0.891813,8.924395,-0.377738,6.485146,-1.153392,1.696413,0.863191
40.791002,7.321942,-0.935555,8.929299,-0.403557,6.517832,-1.201696,1.693110,0.847009
40.836990,7.336650,-0.979125,8.935033,-0.428885,6.550422,-1.249783,1.690441,0.831511
40.882977,7.351880,-1.022516,8.941608,-0.453700,6.582872,-1.297673,1.688427,0.816753
40.928965,7.367637,-1.065719,8.949039,-0.477985,6.615146,-1.345385,1.687088,0.802779
40.974952,7.383923,-1.108725,8.957336,-0.501711,6.647220,-1.392940,1.686445,0.789626
41.020940,7.400742,-1.151525,8.966512,-0.524859,6.679078,-1.440355,1.686519,0.777317
41.066928,7.418098,-1.194110,8.976575,-0.547396,6.710713,-1.487650,1.687332,0.765872
41.112915,7.435994,-1.236471,8.987536,-0.569298,6.742128,-1.534838,1.688905,0.755296
41.158903,7.454431,-1.278599,8.999397,-0.590529,6.773336,-1.581934,1.691260,0.745589
41.204890,7.473413,-1.320485,9.012165,-0.611059,6.804353,-1.628948,1.694415,0.736743
41.250878,7.492940,-1.362120,9.025838,-0.630852,6.835208,-1.675890,1.698390,0.728740
41.296866,7.513013,-1.403493,9.040416,-0.649876,6.865929,-1.722763,1.703202,0.721562
41.342853,7.533635,-1.444596,9.055891,-0.668096,6.896554,-1.769570,1.708864,0.715178
41.388841,7.554806,-1.485419,9.072254,-0.685478,6.927123,-1.816310,1.715388,0.709559
41.434828,7.576525,-1.525953,9.089490,-0.701994,6.957677,-1.862977,1.722780,0.704669
41.480816,7.598794,-1.566188,9.107578,-0.717609,6.988263,-1.909566,1.731044,0.700469
41.526804,7.621611,-1.606114,9.126492,-0.732303,7.018925,-1.956064,1.740175,0.696919
41.572791,7.644977,-1.645721,9.146196,-0.746043,7.049711,-2.002463,1.750166,0.693978
41.618779,7.668890,-1.685001,9.166650,-0.758811,7.080670,-2.048746,1.760998,0.691601
41.664766,7.693349,-1.723943,9.187802,-0.770584,7.111851,-2.094899,1.772648,0.689746
41.710754,7.718354,-1.762536,9.209591,-0.781346,7.143301,-2.140905,1.785084,0.688366
41.756742,7.743903,-1.800772,9.231950,-0.791086,7.175069,-2.186743,1.798264,0.687419
41.802729,7.769994,-1.838640,9.254804,-0.799802,7.207203,-2.232393,1.812138,0.686860
41.848717,7.796627,-1.876129,9.278070,-0.807501,7.239747,-2.277830,1.826647,0.686644
41.894704,7.823800,-1.913228,9.301668,-0.814209,7.272742,-2.323023,1.841721,0.686729
41.940692,7.851510,-1.949928,9.325506,-0.819958,7.306229,-2.367941,1.857282,0.687071
41.986680,7.879755,-1.986217,9.349499,-0.824800,7.340242,-2.412550,1.873242,0.687629
42.032667,7.908532,-2.022086,9.373562,-0.828805,7.374810,-2.456808,1.889506,0.688362
42.078655,7.937838,-2.057525,9.397600,-0.832041,7.409963,-2.500681,1.905969,0.689231
42.124642,7.967667,-2.092524,9.421541,-0.834614,7.445717,-2.544122,1.922521,0.690197
42.170630,7.998014,-2.127075,9.445283,-0.836607,7.482098,-2.587096,1.939045,0.691222
42.216618,8.028874,-2.161169,9.468755,-0.838139,7.519116,-2.629558,1.955419,0.692273
42.262605,8.060240,-2.194797,9.491860,-0.839306,7.556790,-2.671476,1.971520,0.693315
42.308593,8.092107,-2.227953,9.514518,-0.840223,7.595129,-2.712812,1.987221,0.694316
42.354580,8.124465,-2.260627,9.536643,-0.840998,7.634146,-2.753534,2.002396,0.695248
42.400568,8.157310,-2.292814,9.558150,-0.841737,7.673851,-2.793610,2.016922,0.696081
42.446556,8.190633,-2.324504,9.578965,-0.842549,7.714251,-2.833012,2.030678,0.696793
42.492543,8.224428,-2.355691,9.599015,-0.843540,7.755352,-2.871711,2.043548,0.697359
42.538531,8.258688,-2.386367,9.618241,-0.844813,7.797157,-2.909682,2.055426,0.697760
42.584518,8.293405,-2.416524,9.636598,-0.846475,7.839666,-2.946898,2.066209,0.697980
42.630506,8.328573,-2.446154,9.654056,-0.848627,7.882872,-2.983332,2.075812,0.698004
42.676494,8.364185,-2.475250,9.670601,-0.851372,7.926769,-3.018960,2.084155,0.697820
42.722481,8.400232,-2.503804,9.686250,-0.854814,7.971336,-3.053755,2.091174,0.697423
42.768469,8.436708,-2.531809,9.701018,-0.859038,8.016557,-3.087698,2.096817,0.696807
42.814456,8.473603,-2.559259,9.714970,-0.864146,8.062400,-3.120765,2.101047,0.695972
42.860444,8.510909,-2.586148,9.728146,-0.870198,8.108843,-3.152944,2.103842,0.694921
42.906432,8.548616,-2.612472,9.740634,-0.877270,8.155846,-3.184220,2.105191,0.693660
42.952419,8.586715,-2.638225,9.752500,-0.885397,8.203381,-3.214591,2.105104,0.692201
42.998407,8.625195,-2.663405,9.763832,-0.894613,8.251410,-3.244054,2.103597,0.690557
43.044394,8.664047,-2.688008,9.774714,-0.904926,8.299899,-3.272617,2.100705,0.688747
43.090382,8.703259,-2.712032,9.785230,-0.916333,8.348813,-3.300291,2.096472,0.686791
43.136370,8.742822,-2.735474,9.795474,-0.928815,8.398116,-3.327091,2.090955,0.684714
43.182357,8.782725,-2.758334,9.805529,-0.942340,8.447775,-3.353038,2.084217,0.682543
43.228345,8.822957,-2.780609,9.815489,-0.956866,8.497754,-3.378157,2.076333,0.680309
43.274332,8.863507,-2.802299,9.825435,-0.972336,8.548022,-3.402475,2.067383,0.678043
43.320320,8.904365,-2.823403,9.835448,-0.988687,8.598546,-3.426025,2.057450,0.675779
43.366308,8.945521,-2.843921,9.845602,-1.005848,8.649299,-3.448841,2.046622,0.673554
43.412295,8.986964,-2.863853,9.855966,-1.023741,8.700254,-3.470960,2.034988,0.671402
43.458283,9.028684,-2.883197,9.866602,-1.042288,8.751388,-3.492418,2.022635,0.669360
43.504270,9.070672,-2.901955,9.877573,-1.061408,8.802677,-3.513253,2.009652,0.667463
43.550258,9.112916,-2.920126,9.888931,-1.081025,8.854100,-3.533502,1.996120,0.665744
43.596246,9.155408,-2.937712,9.900736,-1.101063,8.905638,-3.553199,1.982118,0.664236
43.642233,9.198138,-2.954712,9.913032,-1.121454,8.957273,-3.572379,1.967716,0.662969
43.688221,9.241095,-2.971128,9.925865,-1.142130,9.008990,-3.591072,1.952983,0.661970
43.734208,9.284270,-2.986961,9.939273,-1.163033,9.060775,-3.609309,1.937974,0.661261
43.780196,9.327654,-3.002214,9.953282,-1.184106,9.112620,-3.627114,1.922739,0.660863
43.826184,9.371237,-3.016889,9.967921,-1.205306,9.164516,-3.644510,1.907319,0.660789
43.872171,9.415009,-3.030988,9.983201,-1.226587,9.216461,-3.661516,1.891747,0.661049
43.918159,9.458962,-3.044515,9.999139,-1.247919,9.268451,-3.678144,1.876046,0.661649
43.964146,9.503086,-3.057472,10.015738,-1.269273,9.320487,-3.694402,1.860233,0.662588
44.010134,9.547372,-3.069863,10.033005,-1.290629,9.372570,-3.710296,1.844319,0.663860
44.056122,9.591812,-3.081692,10.050939,-1.311971,9.424703,-3.725820,1.828308,0.665453
44.102109,9.636397,-3.092961,10.069539,-1.333288,9.476891,-3.740970,1.812198,0.667351
44.148097,9.681119,-3.103676,10.088802,-1.354574,9.529137,-3.755731,1.795986,0.669532
44.194084,9.725969,-3.113841,10.108721,-1.375822,9.581449,-3.770085,1.779665,0.671969
44.240072,9.770939,-3.123459,10.129289,-1.397029,9.633831,-3.784009,1.763229,0.674630
44.286060,9.816022,-3.132535,10.150501,-1.418189,9.686288,-3.797475,1.746671,0.677478
44.332047,9.861210,-3.141073,10.172349,-1.439296,9.738826,-3.810451,1.729986,0.680473
44.378035,9.906495,-3.149078,10.194827,-1.460342,9.791448,-3.822900,1.713174,0.683572
44.424022,9.951871,-3.156554,10.217932,-1.481315,9.844155,-3.834782,1.696236,0.686729
44.470010,9.997330,-3.163506,10.241657,-1.502198,9.896947,-3.846057,1.679178,0.689893
44.515998,10.042865,-3.169939,10.266001,-1.522972,9.949823,-3.856681,1.662013,0.693017
44.561985,10.088470,-3.175856,10.290959,-1.543611,10.002779,-3.866609,1.644757,0.696048
44.607973,10.134139,-3.181264,10.316527,-1.564085,10.055808,-3.875796,1.627431,0.698936
44.653960,10.179864,-3.186166,10.342701,-1.584360,10.108903,-3.884199,1.610061,0.701631
44.699948,10.225641,-3.190567,10.369476,-1.604400,10.162054,-3.891775,1.592676,0.704085
44.745936,10.271462,-3.194474,10.396846,-1.624164,10.215249,-3.898485,1.575308,0.706252
44.791923,10.317322,-3.197890,10.424805,-1.643610,10.268473,-3.904291,1.557992,0.708089
44.837911,10.363216,-3.200821,10.453343,-1.662697,10.321711,-3.909163,1.540762,0.709557
44.883898,10.409139,-3.203272,10.482451,-1.681381,10.374946,-3.913069,1.523655,0.710621
44.929886,10.455084,-3.205248,10.512117,-1.699623,10.428161,-3.915989,1.506704,0.711251
44.975874,10.501047,-3.206755,10.542327,-1.717385,10.481336,-3.917904,1.489942,0.711422
45.021861,10.547022,-3.207798,10.573063,-1.734633,10.534454,-3.918802,1.473395,0.711115
45.067849,10.593006,-3.208382,10.604311,-1.751336,10.587495,-3.918677,1.457090,0.710316
45.113836,10.638994,-3.208513,10.636053,-1.767469,10.640440,-3.917529,1.441047,0.709018
45.159824,10.684980,-3.208196,10.668274,-1.783011,10.693270,-3.915366,1.425283,0.707218
45.205812,10.730961,-3.207437,10.700961,-1.797948,10.745962,-3.912198,1.409808,0.704920
45.251799,10.776934,-3.206241,10.734101,-1.812269,10.798498,-3.908045,1.394630,0.702135
45.297787,10.822892,-3.204614,10.767686,-1.825970,10.850856,-3.902930,1.379749,0.698875
45.343774,10.868834,-3.202563,10.801706,-1.839052,10.903017,-3.896884,1.365163,0.695162
45.389762,10.914756,-3.200094,10.836150,-1.851517,10.954965,-3.889941,1.350866,0.691018
45.435750,10.960653,-3.197213,10.871012,-1.863375,11.006683,-3.882141,1.336847,0.686472
45.481737,11.006523,-3.193929,10.906279,-1.874638,11.058161,-3.873525,1.323093,0.681555
45.527725,11.052363,-3.190247,10.941941,-1.885320,11.109388,-3.864140,1.309591,0.676301
45.573712,11.098170,-3.186176,10.977984,-1.895438,11.160358,-3.854035,1.296321,0.670748
45.619700,11.143942,-3.181722,11.014396,-1.905010,11.211067,-3.843260,1.283268,0.664934
45.665688,11.189675,-3.176894,11.051166,-1.914056,11.261513,-3.831866,1.270411,0.658901
45.711675,11.235368,-3.171697,11.088279,-1.922596,11.311699,-3.819907,1.257732,0.652689
45.757663,11.281019,-3.166140,11.125726,-1.930649,11.361626,-3.807436,1.245212,0.646342
45.803650,11.326625,-3.160229,11.163495,-1.938236,11.411298,-3.794505,1.232833,0.639903
45.849638,11.372185,-3.153972,11.201577,-1.945375,11.460722,-3.781168,1.220579,0.633415
45.895626,11.417697,-3.147375,11.239964,-1.952086,11.509903,-3.767478,1.208431,0.626921
45.941613,11.463160,-3.140446,11.278652,-1.958385,11.558850,-3.753487,1.196374,0.620464
45.987601,11.508572,-3.133193,11.317636,-1.964289,11.607568,-3.739247,1.184396,0.614086
46.033588,11.553932,-3.125622,11.356919,-1.969810,11.656066,-3.724808,1.172482,0.607829
46.079576,11.599240,-3.117741,11.396497,-1.974964,11.704353,-3.710221,1.160622,0.601732
46.125564,11.644493,-3.109558,11.436373,-1.979760,11.752436,-3.695531,1.148806,0.595833
46.171551,11.689693,-3.101081,11.476543,-1.984213,11.800328,-3.680787,1.137026,0.590169
46.217539,11.734838,-3.092319,11.517005,-1.988330,11.848040,-3.666030,1.125274,0.584773
46.263526,11.779929,-3.083279,11.557754,-1.992122,11.895586,-3.651302,1.113546,0.579678
46.309514,11.824964,-3.073970,11.598782,-1.995597,11.942981,-3.636640,1.101838,0.574913
46.355502,11.869945,-3.064401,11.640082,-1.998761,11.990239,-3.622077,1.090149,0.570503
46.401489,11.914872,-3.054580,11.681647,-2.001622,12.037373,-3.607645,1.078478,0.566469
46.447477,11.959745,-3.044514,11.723471,-2.004182,12.084397,-3.593368,1.066825,0.562831
46.493464,12.004564,-3.034212,11.765546,-2.006444,12.131322,-3.579270,1.055195,0.559603
46.539452,12.049330,-3.023683,11.807869,-2.008409,12.178158,-3.565368,1.043592,0.556794
46.585440,12.094043,-3.012934,11.850432,-2.010077,12.224914,-3.551679,1.032022,0.554412
46.631427,12.138706,-3.001975,11.893233,-2.011446,12.271596,-3.538210,1.020493,0.552456
46.677415,12.183319,-2.990813,11.936263,-2.012514,12.318212,-3.524969,1.009012,0.550926
46.723402,12.227882,-2.979457,11.979516,-2.013278,12.364767,-3.511958,0.997591,0.549813
46.769390,12.272398,-2.967917,12.022983,-2.013735,12.411265,-3.499176,0.986241,0.549109
46.815378,12.316868,-2.956200,12.066652,-2.013881,12.457711,-3.486618,0.974974,0.548798
46.861365,12.361294,-2.944315,12.110514,-2.013711,12.504107,-3.474275,0.963803,0.548865
46.907353,12.405676,-2.932271,12.154556,-2.013222,12.550456,-3.462138,0.952740,0.549290
46.953340,12.450017,-2.920076,12.198764,-2.012408,12.596760,-3.450194,0.941800,0.550053
46.999328,12.494319,-2.907737,12.243127,-2.011267,12.643019,-3.438430,0.930997,0.551133
47.045316,12.538582,-2.895262,12.287631,-2.009792,12.689234,-3.426832,0.920344,0.552506
47.091303,12.582809,-2.882660,12.332264,-2.007982,12.735405,-3.415386,0.909855,0.554150
47.137291,12.627002,-2.869938,12.377013,-2.005832,12.781531,-3.404079,0.899541,0.556046
47.183278,12.671162,-2.857102,12.421868,-2.003339,12.827612,-3.392900,0.889415,0.558172
47.229266,12.715291,-2.844160,12.466818,-2.000502,12.873647,-3.381838,0.879488,0.560512
47.275254,12.759391,-2.831119,12.511856,-1.997320,12.919635,-3.370886,0.869768,0.563051
47.321241,12.803463,-2.817986,12.556975,-1.993793,12.965574,-3.360043,0.860263,0.565778
47.367229,12.847510,-2.804768,12.602170,-1.989922,13.011464,-3.349306,0.850979,0.568685
47.413217,12.891534,-2.791472,12.647438,-1.985712,13.057305,-3.338681,0.841922,0.571768
47.459204,12.935536,-2.778105,12.692776,-1.981167,13.103096,-3.328176,0.833092,0.575026
47.505192,12.979518,-2.764673,12.738179,-1.976295,13.148842,-3.317800,0.824490,0.578464
47.551179,13.023483,-2.751185,12.783645,-1.971107,13.194546,-3.307570,0.816115,0.582089
47.597167,13.067433,-2.737646,12.829169,-1.965613,13.240215,-3.297503,0.807963,0.585912
47.643155,13.111369,-2.724064,12.874746,-1.959829,13.285857,-3.287618,0.800028,0.589949
47.689142,13.155294,-2.710445,12.920374,-1.953770,13.331480,-3.277940,0.792303,0.594216
47.735130,13.199209,-2.696795,12.966045,-1.947453,13.377097,-3.268491,0.784779,0.598732
47.781117,13.243116,-2.683120,13.011762,-1.940896,13.422713,-3.259299,0.777446,0.603520
47.827105,13.287018,-2.669427,13.057520,-1.934117,13.468342,-3.250389,0.770292,0.608602
47.873093,13.330915,-2.655719,13.103322,-1.927134,13.513990,-3.241790,0.763305,0.614000
47.919080,13.374810,-2.642004,13.149170,-1.919967,13.559664,-3.233529,0.756473,0.619736
47.965068,13.418704,-2.628287,13.195065,-1.912634,13.605372,-3.225631,0.749782,0.625832
48.011055,13.462599,-2.614573,13.241010,-1.905154,13.651120,-3.218122,0.743220,0.632306
48.057043,13.506497,-2.600867,13.287007,-1.897545,13.696911,-3.211021,0.736775,0.639176
48.103031,13.550399,-2.587174,13.333055,-1.889825,13.742754,-3.204347,0.730434,0.646454
48.149018,13.594306,-2.573501,13.379153,-1.882010,13.788651,-3.198113,0.724189,0.654149
48.195006,13.638222,-2.559850,13.425298,-1.874118,13.834609,-3.192329,0.718029,0.662267
48.240993,13.682145,-2.546228,13.471485,-1.866161,13.880632,-3.186997,0.711947,0.670807
48.286981,13.726079,-2.532637,13.517712,-1.858153,13.926721,-3.182118,0.705936,0.679767
48.332969,13.770023,-2.519081,13.563971,-1.850104,13.972879,-3.177683,0.699992,0.689135
48.378956,13.813979,-2.505564,13.610260,-1.842022,14.019103,-3.173681,0.694110,0.698897
48.424944,13.857948,-2.492087,13.656569,-1.833916,14.065395,-3.170094,0.688290,0.709033
48.470931,13.901930,-2.478655,13.702898,-1.825789,14.111747,-3.166899,0.682530,0.719517
48.516919,13.945926,-2.465267,13.749236,-1.817647,14.158159,-3.164069,0.676830,0.730320
48.562907,13.989936,-2.451927,13.795579,-1.809490,14.204624,-3.161569,0.671193,0.741406
48.608894,14.033960,-2.438634,13.841917,-1.801322,14.251140,-3.159363,0.665618,0.752740
48.654882,14.078000,-2.425390,13.888244,-1.793143,14.297699,-3.157409,0.660109,0.764277
48.700869,14.122054,-2.412195,13.934553,-1.784952,14.344297,-3.155662,0.654668,0.775974
48.746857,14.166122,-2.399048,13.980835,-1.776749,14.390928,-3.154074,0.649297,0.787784
48.792845,14.210204,-2.385948,14.027085,-1.768533,14.437584,-3.152596,0.643998,0.799657
48.838832,14.254300,-2.372894,14.073295,-1.760303,14.484262,-3.151175,0.638773,0.811543
48.884820,14.298409,-2.359885,14.119461,-1.752056,14.530952,-3.149758,0.633623,0.823393
48.930807,14.342531,-2.346918,14.165572,-1.743794,14.577657,-3.148292,0.628548,0.835155
48.976795,14.386664,-2.333990,14.211625,-1.735513,14.624367,-3.146721,0.623549,0.846779
49.022783,14.430808,-2.321098,14.257604,-1.727215,14.671093,-3.144991,0.618624,0.858217
49.068770,14.474960,-2.308237,14.303507,-1.718898,14.717828,-3.143048,0.613772,0.869421
49.114758,14.519121,-2.295403,14.349317,-1.710562,14.764586,-3.140836,0.608993,0.880346
49.160745,14.563287,-2.282590,14.395029,-1.702205,14.811367,-3.138305,0.604282,0.890950
49.206733,14.607458,-2.269791,14.440628,-1.693826,14.858184,-3.135401,0.599639,0.901191
49.252721,14.651630,-2.256998,14.486107,-1.685421,14.905045,-3.132078,0.595062,0.911034
49.298708,14.695802,-2.244204,14.531455,-1.676987,14.951959,-3.128286,0.590546,0.920444
49.344696,14.739971,-2.231398,14.576660,-1.668520,14.998941,-3.123979,0.586091,0.929390
49.390683,14.784134,-2.218572,14.621713,-1.660012,15.045998,-3.119115,0.581696,0.937844
49.436671,14.828287,-2.205713,14.666597,-1.651457,15.093154,-3.113650,0.577359,0.945782
49.482659,14.872427,-2.192810,14.711307,-1.642847,15.140414,-3.107546,0.573078,0.953183
49.528646,14.916551,-2.179850,14.755819,-1.634174,15.187810,-3.100758,0.568856,0.960028
49.574634,14.960653,-2.166817,14.800127,-1.625423,15.235347,-3.093252,0.564691,0.966301
49.620621,15.004730,-2.153698,14.844205,-1.616585,15.283060,-3.084985,0.560587,0.971989
49.666609,15.048775,-2.140475,14.888047,-1.607643,15.330954,-3.075924,0.556546,0.977083
49.712597,15.092784,-2.127130,14.931627,-1.598582,15.379060,-3.066028,0.552571,0.981573
49.758584,15.136750,-2.113644,14.974934,-1.589382,15.427386,-3.055264,0.548666,0.985453
49.804572,15.180666,-2.099997,15.017946,-1.580026,15.475955,-3.043591,0.544837,0.988719
49.850559,15.224525,-2.086167,15.060648,-1.570492,15.524778,-3.030974,0.541089,0.991368
49.896547,15.268319,-2.072133,15.103020,-1.560756,15.573863,-3.017375,0.537429,0.993399
49.942535,15.312039,-2.057870,15.145041,-1.550796,15.623226,-3.002756,0.533865,0.994810
49.988522,15.355676,-2.043353,15.186697,-1.540586,15.672861,-2.987081,0.530405,0.995605
50.034510,15.399219,-2.028559,15.227961,-1.530099,15.722780,-2.970309,0.527059,0.995784
50.080497,15.442657,-2.013459,15.268821,-1.519305,15.772966,-2.952407,0.523839,0.995353
50.126485,15.485979,-1.998027,15.309252,-1.508177,15.823417,-2.933334,0.520755,0.994315
50.172473,15.529171,-1.982236,15.349237,-1.496681,15.874109,-2.913057,0.517822,0.992678
50.218460,15.572219,-1.966057,15.388732,-1.484793,15.925063,-2.891524,0.515056,0.990448
50.264448,15.615108,-1.949459,15.427712,-1.472477,15.976256,-2.868696,0.512474,0.987635
50.310435,15.657821,-1.932413,15.466151,-1.459697,16.027654,-2.844537,0.510096,0.984249
50.356423,15.700339,-1.914889,15.504024,-1.446415,16.079216,-2.819014,0.507944,0.980301
50.402411,15.742644,-1.896854,15.541282,-1.432598,16.130930,-2.792079,0.506045,0.975804
50.448398,15.784714,-1.878279,15.577877,-1.418210,16.182776,-2.763686,0.504426,0.970773
50.494386,15.826527,-1.859128,15.613765,-1.403211,16.234705,-2.733796,0.503119,0.965222
50.540373,15.868055,-1.839371,15.648893,-1.387562,16.286674,-2.702367,0.502159,0.959168
50.586361,15.909274,-1.818974,15.683211,-1.371222,16.338621,-2.669364,0.501584,0.952628
50.632349,15.950153,-1.797905,15.716652,-1.354154,16.390495,-2.634744,0.501436,0.945621
50.678336,15.990662,-1.776132,15.749155,-1.336320,16.442221,-2.598474,0.501757,0.938164
50.724324,16.030766,-1.753623,15.780641,-1.317689,16.493734,-2.560514,0.502594,0.930276
50.770311,16.070430,-1.730346,15.811036,-1.298231,16.544951,-2.520832,0.503993,0.921975
50.816299,16.109615,-1.706272,15.840249,-1.277927,16.595792,-2.479390,0.506002,0.913279
50.862287,16.148280,-1.681371,15.868193,-1.256760,16.646162,-2.436156,0.508669,0.904205
50.908274,16.186382,-1.655616,15.894771,-1.234727,16.695961,-2.391103,0.512039,0.894769
50.954262,16.223872,-1.628979,15.919885,-1.211834,16.745078,-2.344202,0.516156,0.884987
51.000249,16.260702,-1.601436,15.943440,-1.188099,16.793393,-2.295439,0.521059,0.874871
51.046237,16.296820,-1.572966,15.965335,-1.163555,16.840778,-2.244798,0.526782,0.864435
51.092225,16.332171,-1.543549,15.985472,-1.138251,16.887100,-2.192272,0.533355,0.853690
51.138212,16.366698,-1.513170,16.003759,-1.112254,16.932216,-2.137861,0.540794,0.842645
51.184200,16.400341,-1.481814,16.020101,-1.085654,16.975990,-2.081566,0.549114,0.831309
51.230187,16.433037,-1.449473,16.034416,-1.058557,17.018273,-2.023398,0.558314,0.819689
51.276175,16.464721,-1.416141,16.046625,-1.031095,17.058919,-1.963368,0.568387,0.807793
51.322163,16.495325,-1.381814,16.056669,-1.003414,17.097771,-1.901506,0.579315,0.795627
51.368150,16.524776,-1.346495,16.064494,-0.975686,17.134678,-1.837840,0.591066,0.783198
51.414138,16.553003,-1.310191,16.070085,-0.948079,17.169461,-1.772435,0.603601,0.770513
51.460125,16.579930,-1.272913,16.073432,-0.920796,17.201964,-1.705350,0.616868,0.757581
51.506113,16.605479,-1.234678,16.074569,-0.894011,17.232002,-1.636696,0.630809,0.744412
51.552101,16.629575,-1.195513,16.073547,-0.867927,17.259412,-1.566584,0.645352,0.731019
51.598088,16.652140,-1.155447,16.070448,-0.842727,17.284030,-1.495153,0.660423,0.717416
51.644076,16.673100,-1.114520,16.065389,-0.818579,17.305698,-1.422581,0.675939,0.703621
51.690063,16.692382,-1.072777,16.058490,-0.795674,17.324296,-1.349017,0.691813,0.689655
51.736051,16.709915,-1.030272,16.049924,-0.774127,17.339691,-1.274692,0.707954,0.675544
51.782039,16.725633,-0.987065,16.039846,-0.754123,17.351811,-1.199759,0.724268,0.661315
51.828026,16.739472,-0.943221,16.028469,-0.735723,17.360566,-1.124480,0.740662,0.647003
51.874014,16.751375,-0.898814,16.015978,-0.719081,17.365930,-1.049013,0.757042,0.632643
51.920001,16.761288,-0.853922,16.002606,-0.704201,17.367865,-0.973627,0.773314,0.618276
51.965989,16.769162,-0.808631,15.988561,-0.691182,17.366386,-0.898489,0.789388,0.603946
52.011977,16.774956,-0.763027,15.974079,-0.679974,17.361510,-0.823855,0.805172,0.589700
52.057964,16.778636,-0.717207,15.959379,-0.670596,17.353293,-0.749902,0.820582,0.575587
52.103952,16.780171,-0.671266,15.944682,-0.662967,17.341803,-0.676846,0.835530,0.561660
52.149939,16.779544,-0.625306,15.930199,-0.656998,17.327133,-0.604873,0.849935,0.547971
52.195927,16.776739,-0.579428,15.916128,-0.652607,17.309391,-0.534136,0.863717,0.534574
52.241915,16.771755,-0.533738,15.902648,-0.649601,17.288706,-0.464821,0.876796,0.521524
52.287902,16.764593,-0.488339,15.889930,-0.647892,17.265205,-0.397019,0.889095,0.508874
52.333890,16.755264,-0.443337,15.878105,-0.647217,17.239042,-0.330891,0.900541,0.496674
52.379877,16.743787,-0.398835,15.867311,-0.647470,17.210353,-0.266482,0.911059,0.484975
52.425865,16.730188,-0.354936,15.857621,-0.648353,17.179299,-0.203914,0.920580,0.473823
52.471853,16.714500,-0.311741,15.849130,-0.649733,17.146016,-0.143202,0.929034,0.463262
52.517840,16.696762,-0.269348,15.841855,-0.651313,17.110659,-0.084422,0.936357,0.453330
52.563828,16.677020,-0.227850,15.835834,-0.652928,17.073353,-0.027571,0.942489,0.444062
52.609815,16.655325,-0.187341,15.831034,-0.654312,17.034236,0.027317,0.947374,0.435490
52.655803,16.631734,-0.147906,15.827421,-0.655268,16.993423,0.080248,0.950966,0.427636
52.701791,16.606308,-0.109628,15.824914,-0.655575,16.951027,0.131220,0.953223,0.420522
52.747778,16.579116,-0.072586,15.823386,-0.655004,16.907162,0.180230,0.954117,0.414162
52.793766,16.550227,-0.036851,15.822713,-0.653393,16.861918,0.227297,0.953625,0.408565
52.839753,16.519719,-0.002487,15.822660,-0.650500,16.815416,0.272405,0.951742,0.403735
52.885741,16.487673,0.030448,15.823074,-0.646240,16.767724,0.315592,0.948471,0.399670
52.931729,16.454173,0.061903,15.823646,-0.640421,16.718963,0.356844,0.943834,0.396364
52.977716,16.419307,0.091837,15.824203,-0.633036,16.669188,0.396207,0.937865,0.393804
53.023704,16.383163,0.120216,15.824439,-0.624002,16.618499,0.433683,0.930609,0.391975
53.069691,16.345830,0.147014,15.824165,-0.613376,16.566944,0.469314,0.922132,0.390856
53.115679,16.307398,0.172210,15.823121,-0.601189,16.514599,0.503114,0.912507,0.390422
53.161667,16.267953,0.195793,15.821120,-0.587553,16.461507,0.535115,0.901826,0.390644
53.207654,16.227582,0.217753,15.817958,-0.572589,16.407728,0.565333,0.890187,0.391490
53.253642,16.186368,0.238092,15.813463,-0.556451,16.353308,0.593788,0.877700,0.392924
53.299629,16.144393,0.256811,15.807502,-0.539327,16.298290,0.620499,0.864483,0.394909
53.345617,16.101735,0.273919,15.799939,-0.521404,16.242727,0.645474,0.850659,0.397406
53.391605,16.058470,0.289429,15.790706,-0.502905,16.186652,0.668730,0.836356,0.400374
53.437592,16.014668,0.303357,15.779724,-0.484038,16.130116,0.690274,0.821700,0.403773
53.483580,15.970398,0.315721,15.766979,-0.465032,16.073154,0.710116,0.806818,0.407561
53.529567,15.925725,0.326544,15.752444,-0.446098,16.015820,0.728265,0.791834,0.411700
53.575555,15.880711,0.335848,15.736146,-0.427448,15.958151,0.744730,0.776866,0.416150
53.621543,15.835413,0.343661,15.718101,-0.409278,15.900206,0.759521,0.762024,0.420876
53.667530,15.789885,0.350012,15.698367,-0.391773,15.842029,0.772653,0.747409,0.425846
53.713518,15.744180,0.354930,15.677000,-0.375099,15.783679,0.784146,0.733114,0.431029
53.759505,15.698345,0.358448,15.654079,-0.359404,15.725205,0.794022,0.719216,0.436401
53.805493,15.652425,0.360600,15.629692,-0.344820,15.666660,0.802311,0.705786,0.441940
53.851481,15.606461,0.361422,15.603931,-0.331451,15.608095,0.809049,0.692877,0.447630
53.897468,15.560491,0.360948,15.576897,-0.319389,15.549559,0.814274,0.680535,0.453458
53.943456,15.514550,0.359218,15.548677,-0.308699,15.491107,0.818036,0.668789,0.459416
53.989443,15.468671,0.356269,15.519373,-0.299432,15.432782,0.820386,0.657659,0.465502
54.035431,15.422881,0.352143,15.489053,-0.291619,15.374648,0.821386,0.647154,0.471715
54.081419,15.377207,0.346881,15.457812,-0.285275,15.316741,0.821100,0.637274,0.478059
54.127406,15.331672,0.340527,15.425707,-0.280404,15.259119,0.819604,0.628011,0.484539
54.173394,15.286294,0.333127,15.392822,-0.276992,15.201813,0.816971,0.619349,0.491164
54.219381,15.241089,0.324726,15.359223,-0.275019,15.144857,0.813281,0.611269,0.497943
54.265369,15.196072,0.315370,15.324980,-0.274451,15.088272,0.808612,0.603744,0.504885
54.311357,15.151253,0.305106,15.290170,-0.275249,15.032065,0.803039,0.596750,0.511999
54.357344,15.106639,0.293977,15.254855,-0.277368,14.976243,0.796632,0.590257,0.519293
54.403332,15.062238,0.282028,15.219102,-0.280759,14.920803,0.789458,0.584240,0.526773
54.449319,15.018053,0.269299,15.182974,-0.285373,14.865738,0.781575,0.578671,0.534440
54.495307,14.974087,0.255831,15.146519,-0.291162,14.811046,0.773037,0.573528,0.542296
54.541295,14.930342,0.241662,15.109793,-0.298078,14.756714,0.763887,0.568790,0.550332
54.587282,14.886817,0.226828,15.072833,-0.306079,14.702745,0.754167,0.564439,0.558542
54.633270,14.843512,0.211364,15.035682,-0.315125,14.649132,0.743908,0.560465,0.566910
54.679257,14.800423,0.195305,14.998367,-0.325182,14.595882,0.733139,0.556856,0.575415
54.725245,14.757548,0.178683,14.960919,-0.336219,14.543001,0.721882,0.553610,0.584034
54.771233,14.714882,0.161530,14.923359,-0.348208,14.490501,0.710154,0.550723,0.592735
54.817220,14.672420,0.143878,14.885708,-0.361126,14.438400,0.697970,0.548198,0.601484
54.863208,14.630155,0.125757,14.847982,-0.374951,14.386717,0.685339,0.546038,0.610240
54.909195,14.588081,0.107199,14.810199,-0.389662,14.335472,0.672266,0.544249,0.618960
54.955183,14.546189,0.088232,14.772374,-0.405238,14.284687,0.658752,0.542837,0.627596
55.001171,14.504470,0.068886,14.734527,-0.421656,14.234379,0.644793,0.541810,0.636096
55.047158,14.462916,0.049189,14.696678,-0.438892,14.184561,0.630379,0.541172,0.644410
55.093146,14.421517,0.029167,14.658842,-0.456923,14.135251,0.615498,0.540931,0.652482
55.139133,14.380264,0.008845,14.621046,-0.475718,14.086452,0.600129,0.541089,0.660259
55.185121,14.339149,-0.011754,14.583300,-0.495253,14.038183,0.584258,0.541647,0.667690
55.231109,14.298161,-0.032606,14.545625,-0.515497,13.990444,0.567861,0.542606,0.674722
55.277096,14.257294,-0.053693,14.508024,-0.536424,13.943256,0.550925,0.543962,0.681309
55.323084,14.216537,-0.074994,14.470508,-0.558004,13.896621,0.533433,0.545710,0.687408
55.369071,14.175884,-0.096491,14.433075,-0.580210,13.850556,0.515378,0.547842,0.692981
55.415059,14.135326,-0.118167,14.395724,-0.603014,13.805069,0.496753,0.550350,0.697994
55.461047,14.094854,-0.140004,14.358450,-0.626388,13.760165,0.477559,0.553221,0.702424
55.507034,14.054460,-0.161985,14.321248,-0.650303,13.715847,0.457797,0.556444,0.706250
55.553022,14.014137,-0.184096,14.284111,-0.674729,13.672111,0.437479,0.560006,0.709463
55.599009,13.973876,-0.206321,14.247033,-0.699639,13.628948,0.416617,0.563895,0.712058
55.644997,13.933671,-0.228645,14.210010,-0.725004,13.586341,0.395227,0.568098,0.714041
55.690985,13.893513,-0.251055,14.173033,-0.750797,13.544274,0.373334,0.572602,0.715423
55.736972,13.853397,-0.273539,14.136103,-0.776992,13.502718,0.350962,0.577397,0.716224
55.782960,13.813315,-0.296084,14.099208,-0.803565,13.461650,0.328145,0.582470,0.716471
55.828947,13.773261,-0.318680,14.062350,-0.830493,13.421035,0.304915,0.587815,0.716194
55.874935,13.733230,-0.341315,14.025520,-0.857759,13.380843,0.281313,0.593421,0.715431
55.920923,13.693215,-0.363979,13.988716,-0.885340,13.341036,0.257380,0.599281,0.714225
55.966910,13.653211,-0.386664,13.951931,-0.913221,13.301580,0.233162,0.605389,0.712621
56.012898,13.613215,-0.409360,13.915163,-0.941386,13.262437,0.208703,0.611739,0.710666
56.058885,13.573220,-0.432059,13.878405,-0.969819,13.223569,0.184050,0.618323,0.708411
56.104873,13.533222,-0.454753,13.841654,-0.998505,13.184940,0.159251,0.625137,0.705905
56.150861,13.493217,-0.477436,13.804905,-1.027428,13.146511,0.134350,0.632171,0.703198
56.196848,13.453202,-0.500099,13.768150,-1.056575,13.108248,0.109394,0.639420,0.700339
56.242836,13.413172,-0.522736,13.731387,-1.085928,13.070114,0.084421,0.646874,0.697373
56.288823,13.373124,-0.545342,13.694607,-1.115471,13.032081,0.059475,0.654522,0.694344
56.334811,13.333054,-0.567910,13.657805,-1.145187,12.994116,0.034588,0.662353,0.691292
56.380799,13.292961,-0.590435,13.620969,-1.175059,12.956195,0.009797,0.670354,0.688252
56.426786,13.252841,-0.612913,13.584094,-1.205068,12.918294,-0.014870,0.678510,0.685256
56.472774,13.212691,-0.635337,13.547166,-1.235194,12.880395,-0.039387,0.686806,0.682331
56.518761,13.172509,-0.657703,13.510174,-1.265419,12.842481,-0.063732,0.695224,0.679500
56.564749,13.132292,-0.680007,13.473103,-1.295724,12.804542,-0.087886,0.703747,0.676777
56.610737,13.092038,-0.702243,13.435940,-1.326088,12.766567,-0.111833,0.712356,0.674178
56.656724,13.051744,-0.724408,13.398667,-1.356494,12.728554,-0.135561,0.721033,0.671709
56.702712,13.011408,-0.746495,13.361268,-1.386920,12.690497,-0.159061,0.729757,0.669375
56.748699,12.971027,-0.768501,13.323725,-1.417348,12.652398,-0.182328,0.738512,0.667176
56.794687,12.930599,-0.790419,13.286023,-1.447759,12.614256,-0.205356,0.747276,0.665110
56.840675,12.890121,-0.812244,13.248144,-1.478133,12.576073,-0.228147,0.756034,0.663171
56.886662,12.849590,-0.833972,13.210076,-1.508450,12.537850,-0.250700,0.764768,0.661353
56.932650,12.809004,-0.855597,13.171806,-1.538689,12.499587,-0.273020,0.773461,0.659648
56.978637,12.768360,-0.877113,13.133324,-1.568831,12.461284,-0.295110,0.782096,0.658045
57.024625,12.727656,-0.898515,13.094622,-1.598855,12.422940,-0.316977,0.790658,0.656535
57.070613,12.686891,-0.919799,13.055691,-1.628741,12.384557,-0.338624,0.799133,0.655111
57.116600,12.646061,-0.940960,13.016520,-1.658471,12.346134,-0.360056,0.807504,0.653762
57.162588,12.605165,-0.961993,12.977099,-1.688028,12.307675,-0.381275,0.815758,0.652482
57.208575,12.564202,-0.982893,12.937406,-1.717396,12.269189,-0.402279,0.823879,0.651264
57.254563,12.523167,-1.003654,12.897420,-1.746561,12.230683,-0.423061,0.831851,0.650104
57.300551,12.482060,-1.024270,12.857112,-1.775509,12.192170,-0.443613,0.839657,0.648998
57.346538,12.440877,-1.044734,12.816440,-1.804230,12.153670,-0.463919,0.847280,0.647946
57.392526,12.399613,-1.065036,12.775375,-1.832704,12.115189,-0.483966,0.854699,0.646946
57.438513,12.358266,-1.085166,12.733856,-1.860919,12.076755,-0.503727,0.861895,0.646002
57.484501,12.316829,-1.105112,12.691857,-1.888847,12.038371,-0.523187,0.868842,0.645117
57.530489,12.275299,-1.124861,12.649322,-1.916465,12.000055,-0.542318,0.875517,0.644294
57.576476,12.233668,-1.144399,12.606220,-1.943735,11.961807,-0.561100,0.881892,0.643541
57.622464,12.191933,-1.163710,12.562513,-1.970620,11.923633,-0.579509,0.887938,0.642865
57.668451,12.150085,-1.182779,12.518173,-1.997072,11.885530,-0.597522,0.893623,0.642274
57.714439,12.108121,-1.201589,12.473164,-2.023046,11.847501,-0.615113,0.898915,0.641776
57.760427,12.066035,-1.220123,12.427459,-2.048487,11.809543,-0.632258,0.903778,0.641383
57.806414,12.023821,-1.238363,12.381016,-2.073345,11.771666,-0.648926,0.908176,0.641107
57.852402,11.981472,-1.256290,12.333788,-2.097568,11.733882,-0.665081,0.912072,0.640960
57.898389,11.938984,-1.273884,12.285733,-2.121098,11.696200,-0.680688,0.915428,0.640957
57.944377,11.896350,-1.291120,12.236777,-2.143886,11.658656,-0.695696,0.918205,0.641115
57.990365,11.853564,-1.307974,12.186885,-2.165861,11.621255,-0.710067,0.920365,0.641452
58.036352,11.810619,-1.324419,12.135973,-2.186968,11.584043,-0.723739,0.921871,0.641991
58.082340,11.767509,-1.340423,12.084016,-2.207126,11.547026,-0.736668,0.922686,0.642755
58.128328,11.724226,-1.355956,12.030947,-2.226264,11.510244,-0.748789,0.922775,0.643770
58.174315,11.680765,-1.370982,11.976748,-2.244292,11.473707,-0.760048,0.922104,0.645068
58.220303,11.637121,-1.385465,11.921378,-2.261124,11.437451,-0.770379,0.920642,0.646683
58.266290,11.593288,-1.399365,11.864828,-2.276663,11.401495,-0.779716,0.918360,0.648652
58.312278,11.549263,-1.412644,11.807075,-2.290814,11.365878,-0.787991,0.915232,0.651016
58.358266,11.505044,-1.425257,11.748113,-2.303475,11.330639,-0.795127,0.911235,0.653820
58.404253,11.460628,-1.437160,11.687941,-2.314541,11.295824,-0.801051,0.906349,0.657111
58.450241,11.416017,-1.448306,11.626551,-2.323907,11.261501,-0.805679,0.900556,0.660942
58.496228,11.371213,-1.458643,11.563974,-2.331455,11.227724,-0.808934,0.893844,0.665366
58.542216,11.326219,-1.468120,11.500214,-2.337073,11.194587,-0.810732,0.886202,0.670437
58.588204,11.281043,-1.476680,11.435336,-2.340635,11.162160,-0.810999,0.877624,0.676213
58.634191,11.235694,-1.484268,11.369392,-2.342017,11.130544,-0.809664,0.868107,0.682750
58.680179,11.190186,-1.490823,11.302475,-2.341092,11.099834,-0.806662,0.857651,0.690101
58.726166,11.144535,-1.496287,11.234693,-2.337733,11.070138,-0.801942,0.846262,0.698320
58.772154,11.098761,-1.500600,11.166171,-2.331818,11.041576,-0.795462,0.833947,0.707453
58.818142,11.052891,-1.503700,11.097054,-2.323232,11.014280,-0.787195,0.820720,0.717545
58.864129,11.006953,-1.505528,11.027493,-2.311865,10.988400,-0.777135,0.806599,0.728629
58.910117,10.960983,-1.506021,10.957654,-2.297620,10.964098,-0.765294,0.791606,0.740734
58.956104,10.915021,-1.505121,10.887712,-2.280408,10.941558,-0.751712,0.775768,0.753876
59.002092,10.869110,-1.502764,10.817859,-2.260151,10.920966,-0.736455,0.759119,0.768062
59.048080,10.823305,-1.498893,10.748297,-2.236790,10.902518,-0.719626,0.741699,0.783282
59.094067,10.777660,-1.493447,10.679245,-2.210278,10.886408,-0.701358,0.723556,0.799519
59.140055,10.732242,-1.486369,10.610954,-2.180597,10.872805,-0.681822,0.704743,0.816734
59.186042,10.687120,-1.477606,10.543654,-2.147744,10.861894,-0.661228,0.685323,0.834877
59.232030,10.642371,-1.467109,10.477641,-2.111759,10.853772,-0.639812,0.665365,0.853879
59.278018,10.598078,-1.454832,10.413144,-2.072698,10.848592,-0.617864,0.644949,0.873655
59.324005,10.554330,-1.440737,10.350464,-2.030666,10.846366,-0.595671,0.624161,0.894104
59.369993,10.511223,-1.424796,10.289815,-1.985783,10.847174,-0.573588,0.603098,0.915105
59.415980,10.468855,-1.406983,10.231454,-1.938213,10.850959,-0.551950,0.581863,0.936528
59.461968,10.427330,-1.387286,10.175569,-1.888139,10.857683,-0.531143,0.560569,0.958219
59.507956,10.386757,-1.365696,10.122338,-1.835763,10.867232,-0.511541,0.539333,0.980019
59.553943,10.347247,-1.342220,10.071915,-1.781318,10.879419,-0.493515,0.518281,1.001751
59.599931,10.308914,-1.316866,10.024389,-1.725026,10.894059,-0.477457,0.497543,1.023232
59.645918,10.271872,-1.289660,9.979864,-1.667154,10.910810,-0.463670,0.477254,1.044269
59.691906,10.236240,-1.260631,9.938348,-1.607923,10.929403,-0.452519,0.457550,1.064669
59.737894,10.202132,-1.229825,9.899892,-1.547618,10.949336,-0.444171,0.438568,1.084235
59.783881,10.169663,-1.197295,9.864424,-1.486439,10.970265,-0.438910,0.420447,1.102774
59.829869,10.138943,-1.163106,9.831933,-1.424664,10.991570,-0.436710,0.403321,1.120100
59.875856,10.110075,-1.127338,9.802286,-1.362459,11.012846,-0.437709,0.387319,1.136038
59.921844,10.083160,-1.090075,9.775398,-1.300051,11.033473,-0.441706,0.372568,1.150425
59.967832,10.058284,-1.051419,9.751101,-1.237568,11.053015,-0.448626,0.359184,1.163120
60.013819,10.035531,-1.011474,9.729240,-1.175139,11.070976,-0.458186,0.347276,1.173999
60.059807,10.014969,-0.970355,9.709641,-1.112843,11.086953,-0.470087,0.336939,1.182970
60.105794,9.996661,-0.928181,9.692124,-1.050706,11.100617,-0.484022,0.328260,1.189956
60.151782,9.980656,-0.885076,9.676534,-0.988757,11.111662,-0.499497,0.321309,1.194925
60.197770,9.966996,-0.841169,9.662706,-0.926929,11.119942,-0.516230,0.316145,1.197860
60.243757,9.955713,-0.796589,9.650521,-0.865183,11.125323,-0.533712,0.312806,1.198787
60.289745,9.946833,-0.751467,9.639878,-0.803415,11.127794,-0.551605,0.311320,1.197754
60.335732,9.940361,-0.705933,9.630721,-0.741653,11.127330,-0.569006,0.311693,1.194841
60.381720,9.936286,-0.660117,9.622984,-0.679754,11.124113,-0.585668,0.313917,1.190157
60.427708,9.934611,-0.614148,9.616662,-0.617386,11.118380,-0.602094,0.317965,1.183830
60.473695,9.935357,-0.568155,9.611860,-0.554344,11.110301,-0.618316,0.323792,1.176015
60.519683,9.938517,-0.522264,9.608660,-0.490973,11.100178,-0.632464,0.331338,1.166875
60.565670,9.944018,-0.476593,9.607063,-0.427429,11.088495,-0.643582,0.340523,1.156595
60.611658,9.951778,-0.431256,9.607112,-0.363539,11.075652,-0.652066,0.351255,1.145360
60.657646,9.961735,-0.386354,9.608931,-0.299147,11.061983,-0.658314,0.363422,1.133362
60.703633,9.973832,-0.341982,9.612645,-0.234273,11.047883,-0.662273,0.376905,1.120791
60.749621,9.987998,-0.298229,9.618364,-0.169022,11.033778,-0.663784,0.391566,1.107829
60.795608,10.004160,-0.255174,9.626218,-0.103447,11.020011,-0.662995,0.407261,1.094656
60.841596,10.022240,-0.212891,9.636318,-0.037677,11.006937,-0.659958,0.423835,1.081432
60.887584,10.042158,-0.171444,9.648785,0.028179,10.994821,-0.654887,0.441125,1.068309
60.933571,10.063834,-0.130889,9.663706,0.093938,10.983951,-0.647894,0.458966,1.055419
60.979559,10.087185,-0.091276,9.681171,0.159443,10.974514,-0.639216,0.477187,1.042876
61.025546,10.112129,-0.052648,9.701231,0.224482,10.966709,-0.629019,0.495619,1.030782
61.071534,10.138584,-0.015038,9.723928,0.288858,10.960656,-0.617526,0.514093,1.019212
61.117522,10.166467,0.021523,9.749272,0.352348,10.956466,-0.604925,0.532444,1.008234
61.163509,10.195700,0.057017,9.777249,0.414736,10.954206,-0.591405,0.550513,0.997889
61.209497,10.226201,0.091424,9.807823,0.475808,10.953911,-0.577157,0.568147,0.988212
61.255484,10.257895,0.124738,9.840925,0.535350,10.955605,-0.562337,0.585206,0.979220
61.301472,10.290705,0.156951,9.876479,0.593170,10.959270,-0.547112,0.601556,0.970919
61.347460,10.324560,0.188065,9.914367,0.649076,10.964898,-0.531604,0.617081,0.963305
61.393447,10.359388,0.218086,9.954471,0.702909,10.972441,-0.515947,0.631673,0.956367
61.439435,10.395123,0.247022,9.996633,0.754509,10.981878,-0.500225,0.645243,0.950083
61.485422,10.431699,0.274888,10.040698,0.803760,10.993149,-0.484535,0.657714,0.944430
61.531410,10.469053,0.301701,10.086478,0.850547,11.006227,-0.468933,0.669025,0.939379
61.577398,10.507126,0.327486,10.133794,0.894801,11.021055,-0.453480,0.679135,0.934896
61.623385,10.545859,0.352267,10.182444,0.936465,11.037598,-0.438214,0.688011,0.930949
61.669373,10.585199,0.376075,10.232235,0.975522,11.055806,-0.423167,0.695644,0.927501
61.715360,10.625093,0.398942,10.282973,1.011970,11.075636,-0.408362,0.702032,0.924516
61.761348,10.665492,0.420906,10.334462,1.045843,11.097048,-0.393809,0.707196,0.921956
61.807336,10.706350,0.442005,10.386523,1.077195,11.119998,-0.379517,0.711164,0.919784
61.853323,10.747623,0.462282,10.438972,1.106101,11.144454,-0.365477,0.713981,0.917965
61.899311,10.789269,0.481779,10.491650,1.132662,11.170374,-0.351683,0.715700,0.916460
61.945298,10.831252,0.500543,10.544396,1.156992,11.197730,-0.338115,0.716388,0.915234
61.991286,10.873535,0.518622,10.597076,1.179227,11.226482,-0.324753,0.716120,0.914250
62.037274,10.916084,0.536066,10.649568,1.199512,11.256591,-0.311572,0.714977,0.913474
62.083261,10.958869,0.552923,10.701765,1.218007,11.288022,-0.298541,0.713049,0.912871
62.129249,11.001861,0.569245,10.753587,1.234880,11.320720,-0.285632,0.710430,0.912407
62.175236,11.045035,0.585082,10.804955,1.250303,11.354649,-0.272807,0.707218,0.912050
62.221224,11.088366,0.600484,10.855815,1.264450,11.389757,-0.260030,0.703513,0.911768
62.267212,11.131832,0.615501,10.906114,1.277494,11.426005,-0.247257,0.699416,0.911531
62.313199,11.175412,0.630183,10.955804,1.289606,11.463359,-0.234439,0.695030,0.911310
62.359187,11.219088,0.644579,11.004848,1.300953,11.501787,-0.221529,0.690453,0.911077
62.405174,11.262842,0.658739,11.053202,1.311695,11.541269,-0.208469,0.685785,0.910808
62.451162,11.306655,0.672712,11.100831,1.321989,11.581788,-0.195201,0.681120,0.910478
62.497150,11.350512,0.686549,11.147702,1.331985,11.623323,-0.181666,0.676550,0.910067
62.543137,11.394395,0.700300,11.193782,1.341827,11.665861,-0.167800,0.672162,0.909556
62.589125,11.438290,0.714017,11.239045,1.351653,11.709378,-0.153542,0.668040,0.908926
62.635112,11.482179,0.727749,11.283473,1.361596,11.753844,-0.138831,0.664264,0.908164
62.681100,11.526048,0.741546,11.327042,1.371781,11.799232,-0.123605,0.660908,0.907258
62.727088,11.569880,0.755459,11.369741,1.382327,11.845494,-0.107808,0.658042,0.906198
62.773075,11.613660,0.769536,11.411547,1.393343,11.892596,-0.091381,0.655732,0.904977
62.819063,11.657371,0.783824,11.452448,1.404933,11.940482,-0.074269,0.654042,0.903590
62.865050,11.700998,0.798368,11.492420,1.417192,11.989107,-0.056417,0.653029,0.902034
62.911038,11.744522,0.813215,11.531438,1.430206,12.038420,-0.037773,0.652750,0.900309
62.957026,11.787927,0.828406,11.569474,1.444056,12.088362,-0.018286,0.653258,0.898415
63.003013,11.831194,0.843985,11.606488,1.458814,12.138885,0.002095,0.654605,0.896355
63.049001,11.874305,0.859991,11.642449,1.474549,12.189921,0.023417,0.656840,0.894131
63.094988,11.917239,0.876463,11.677301,1.491315,12.241423,0.045729,0.660010,0.891748
63.140976,11.959977,0.893438,11.711004,1.509171,12.293312,0.069070,0.664164,0.889210
63.186964,12.002497,0.910952,11.743492,1.528157,12.345539,0.093489,0.669348,0.886523
63.232951,12.044776,0.929037,11.774716,1.548319,12.398014,0.119017,0.675606,0.883691
63.278939,12.086792,0.947725,11.804602,1.569685,12.450683,0.145697,0.682983,0.880719
63.324926,12.128521,0.967046,11.833092,1.592286,12.503451,0.173553,0.691523,0.877612
63.370914,12.169938,0.987025,11.860107,1.616137,12.556251,0.202617,0.701268,0.874375
63.416902,12.211019,1.007687,11.885578,1.641250,12.608996,0.232912,0.712259,0.871012
63.462889,12.251737,1.029053,11.909427,1.667624,12.661605,0.264456,0.724534,0.867526
63.508877,12.292067,1.051144,11.931567,1.695249,12.714003,0.297268,0.738127,0.863921
63.554864,12.331981,1.073975,11.951925,1.724107,12.766103,0.331357,0.753070,0.860199
63.600852,12.371453,1.097562,11.970403,1.754159,12.817840,0.366741,0.769390,0.856365
63.646840,12.410456,1.121917,11.986929,1.785368,12.869126,0.403416,0.787110,0.852421
63.692827,12.448962,1.147050,12.001404,1.817665,12.919903,0.441397,0.806246,0.848371
63.738815,12.486942,1.172971,12.013761,1.850990,12.970086,0.480674,0.826807,0.844218
63.784802,12.524367,1.199684,12.023909,1.885247,13.019620,0.521252,0.848797,0.839967
63.830790,12.561211,1.227195,12.031795,1.920355,13.068418,0.563111,0.872211,0.835624
63.876778,12.597443,1.255505,12.037347,1.956197,13.116427,0.606245,0.897039,0.831194
63.922765,12.633036,1.284615,12.040531,1.992675,13.163563,0.650620,0.923261,0.826685
63.968753,12.667962,1.314521,12.041311,2.029661,13.209765,0.696210,0.950851,0.822107
64.014740,12.702193,1.345220,12.039672,2.067044,13.254961,0.742972,0.979777,0.817469
64.060728,12.735704,1.376702,12.035623,2.104706,13.299084,0.790852,1.010001,0.812784
64.106716,12.768470,1.408959,12.029162,2.142516,13.342086,0.839806,1.041481,0.808066
64.152703,12.800469,1.441978,12.020334,2.180374,13.383901,0.889759,1.074169,0.803330
64.198691,12.831678,1.475743,12.009152,2.218139,13.424507,0.940669,1.108017,0.798593
64.244678,12.862079,1.510238,11.995675,2.255714,13.463855,0.992455,1.142974,0.793873
64.290666,12.891651,1.545446,11.979928,2.292962,13.501939,1.045075,1.178991,0.789190
64.336654,12.920379,1.581346,11.961977,2.329787,13.538733,1.098456,1.216018,0.784566
64.382641,12.948247,1.617917,11.941860,2.366063,13.574242,1.152554,1.254008,0.780022
64.428629,12.975239,1.655140,11.919647,2.401706,13.608455,1.207299,1.292917,0.775579
64.474616,13.001343,1.692990,11.895390,2.436608,13.641381,1.262644,1.332703,0.771263
64.520604,13.026547,1.731446,11.869163,2.470697,13.673022,1.318526,1.373328,0.767094
64.566592,13.050842,1.770483,11.841034,2.503898,13.703392,1.374891,1.414755,0.763096
64.612579,13.074217,1.810077,11.811073,2.536141,13.732507,1.431687,1.456950,0.759291
64.658567,13.096668,1.850202,11.779364,2.567381,13.760380,1.488858,1.499878,0.755701
64.704554,13.118187,1.890835,11.745978,2.597546,13.787039,1.546365,1.543502,0.752344
64.750542,13.138772,1.931949,11.711009,2.626606,13.812503,1.604156,1.587783,0.749241
64.796530,13.158420,1.973520,11.674536,2.654491,13.836804,1.662202,1.632677,0.746408
64.842517,13.177128,2.015521,11.636664,2.681168,13.859966,1.720462,1.678128,0.743860
64.888505,13.194897,2.057929,11.597494,2.706573,13.882019,1.778915,1.724075,0.741610
64.934492,13.211727,2.100718,11.557149,2.730672,13.902990,1.837530,1.770443,0.739670
64.980480,13.227619,2.143864,11.515761,2.753412,13.922906,1.896291,1.817142,0.738049
65.026468,13.242576,2.187343,11.473483,2.774772,13.941792,1.955168,1.864071,0.736755
65.072455,13.256600,2.231133,11.430483,2.794719,13.959671,2.014147,1.911108,0.735793
65.118443,13.269697,2.275208,11.386946,2.813254,13.976566,2.073202,1.958123,0.735167
65.164430,13.281872,2.319548,11.343079,2.830387,13.992497,2.132310,2.004962,0.734879
65.210418,13.293130,2.364129,11.299091,2.846128,14.007488,2.191454,2.051467,0.734930
65.256406,13.303481,2.408929,11.255214,2.860528,14.021557,2.250609,2.097460,0.735322
65.302393,13.312934,2.453928,11.211677,2.873611,14.034731,2.309764,2.142759,0.736053
65.348381,13.321497,2.499105,11.168717,2.885447,14.047031,2.368899,2.187172,0.737124
65.394368,13.329182,2.544440,11.126569,2.896081,14.058483,2.428008,2.230506,0.738536
65.440356,13.335999,2.589913,11.085466,2.905596,14.069112,2.487079,2.272566,0.740290
65.486344,13.341960,2.635506,11.045634,2.914066,14.078945,2.546105,2.313160,0.742387
65.532331,13.347078,2.681203,11.007291,2.921603,14.088010,2.605076,2.352105,0.744833
65.578319,13.351364,2.726984,10.970637,2.928312,14.096336,2.663985,2.389225,0.747631
65.624306,13.354832,2.772836,10.935862,2.934335,14.103955,2.722821,2.424355,0.750791
65.670294,13.357495,2.818741,10.903131,2.939811,14.110900,2.781577,2.457348,0.754321
65.716282,13.359368,2.864685,10.872593,2.944887,14.117207,2.840244,2.488067,0.758234
65.762269,13.360465,2.910655,10.844369,2.949721,14.122915,2.898817,2.516399,0.762542
65.808257,13.360800,2.956637,10.818562,2.954453,14.128063,2.957296,2.542239,0.767263
65.854244,13.360391,3.002618,10.795250,2.959234,14.132692,3.015680,2.565507,0.772412
65.900232,13.359250,3.048587,10.774493,2.964201,14.136845,3.073973,2.586135,0.778008
65.946220,13.357395,3.094533,10.756329,2.969490,14.140561,3.132183,2.604070,0.784070
65.992207,13.354839,3.140445,10.740778,2.975234,14.143882,3.190314,2.619277,0.790617
66.038195,13.351599,3.186315,10.727846,2.981574,14.146847,3.248371,2.631729,0.797665
66.084182,13.347690,3.232132,10.717521,2.988635,14.149493,3.306362,2.641415,0.805232
66.130170,13.343126,3.277889,10.709779,2.996565,14.151856,3.364287,2.648332,0.813332
66.176158,13.337925,3.323578,10.704582,3.005489,14.153967,3.422151,2.652485,0.821974
66.222145,13.332103,3.369193,10.701883,3.015545,14.155856,3.479951,2.653888,0.831166
66.268133,13.325675,3.414726,10.701625,3.026856,14.157547,3.537687,2.652561,0.840910
66.314120,13.318660,3.460172,10.703745,3.039533,14.159059,3.595360,2.648532,0.851203
66.360108,13.311075,3.505527,10.708169,3.053687,14.160408,3.652964,2.641832,0.862036
66.406096,13.302936,3.550786,10.714826,3.069396,14.161602,3.710499,2.632499,0.873393
66.452083,13.294262,3.595946,10.723634,3.086740,14.162643,3.767960,2.620576,0.885254
66.498071,13.285071,3.641003,10.734512,3.105775,14.163527,3.825345,2.606112,0.897589
66.544058,13.275379,3.685956,10.747375,3.126540,14.164241,3.882650,2.589160,0.910365
66.590046,13.265205,3.730802,10.762134,3.149071,14.164770,3.939867,2.569782,0.923539
66.636034,13.254565,3.775540,10.778700,3.173371,14.165089,3.996993,2.548041,0.937067
66.682021,13.243475,3.820168,10.796979,3.199455,14.165168,4.054016,2.524010,0.950896
66.728009,13.231952,3.864687,10.816879,3.227306,14.164975,4.110929,2.497766,0.964970
66.773996,13.220011,3.909096,10.838298,3.256917,14.164472,4.167715,2.469391,0.979230
66.819984,13.207667,3.953394,10.861135,3.288275,14.163621,4.224357,2.438974,0.993614
66.865972,13.194934,3.997583,10.885282,3.321359,14.162382,4.280834,2.406611,1.008060
66.911959,13.181828,4.041662,10.910627,3.356156,14.160718,4.337116,2.372398,1.022505
66.957947,13.168364,4.085633,10.937056,3.392649,14.158594,4.393172,2.336442,1.036888
67.003934,13.154554,4.129497,10.964452,3.430812,14.155977,4.448970,2.298850,1.051147
67.049922,13.140415,4.173256,10.992694,3.470625,14.152841,4.504473,2.259733,1.065228
67.095910,13.125961,4.216912,11.021668,3.512047,14.149161,4.559649,2.219208,1.079077
67.141897,13.111207,4.260468,11.051257,3.555032,14.144920,4.614466,2.177392,1.092646
67.187885,13.096168,4.303926,11.081347,3.599525,14.140102,4.668896,2.134405,1.105894
67.233872,13.080859,4.347290,11.111835,3.645449,14.134698,4.722922,2.090368,1.118783
67.279860,13.065293,4.390563,11.142611,3.692733,14.128703,4.776522,2.045402,1.131285
67.325848,13.049484,4.433747,11.173580,3.741283,14.122112,4.829692,1.999631,1.143373
67.371835,13.033447,4.476847,11.204642,3.791010,14.114929,4.882423,1.953177,1.155031
67.417823,13.017193,4.519866,11.235704,3.841819,14.107159,4.934714,1.906161,1.166244
67.463810,13.000734,4.562807,11.266677,3.893609,14.098809,4.986570,1.858704,1.177006
67.509798,12.984083,4.605674,11.297468,3.946296,14.089894,5.037988,1.810924,1.187315
67.555786,12.967249,4.648469,11.327994,3.999778,14.080427,5.088980,1.762940,1.197170
67.601773,12.950243,4.691197,11.358164,4.053980,14.070427,5.139541,1.714865,1.206576
67.647761,12.933076,4.733860,11.387896,4.108817,14.059915,5.189679,1.666811,1.215540
67.693748,12.915756,4.776461,11.417108,4.164215,14.048912,5.239392,1.618886,1.224070
67.739736,12.898295,4.819004,11.445722,4.220098,14.037441,5.288683,1.571196,1.232174
67.785724,12.880701,4.861493,11.473664,4.276396,14.025525,5.337553,1.523841,1.239862
67.831711,12.862983,4.903930,11.500866,4.333031,14.013183,5.386010,1.476918,1.247141
67.877699,12.845151,4.946320,11.527264,4.389934,14.000432,5.434057,1.430521,1.254018
67.923686,12.827213,4.988665,11.552802,4.447027,13.987285,5.481707,1.384737,1.260499
67.969674,12.809178,5.030968,11.577426,4.504239,13.973753,5.528971,1.339648,1.266587
68.015662,12.791052,5.073233,11.601086,4.561501,13.959843,5.575859,1.295334,1.272283
68.061649,12.772844,5.115462,11.623740,4.618743,13.945555,5.622386,1.251867,1.277585
68.107637,12.754560,5.157659,11.645345,4.675912,13.930895,5.668557,1.209314,1.282489
68.153624,12.736207,5.199825,11.665865,4.732945,13.915856,5.714385,1.167736,1.286991
68.199612,12.717789,5.241964,11.685265,4.789799,13.900439,5.759872,1.127190,1.291081
68.245600,12.699313,5.284077,11.703519,4.846423,13.884636,5.805029,1.087725,1.294752
68.291587,12.680784,5.326166,11.720600,4.902780,13.868443,5.849855,1.049385,1.297992
68.337575,12.662206,5.368234,11.736491,4.958828,13.851848,5.894365,1.012206,1.300792
68.383562,12.643584,5.410283,11.751177,5.014537,13.834845,5.938558,0.976220,1.303141
68.429550,12.624922,5.452313,11.764648,5.069871,13.817422,5.982450,0.941453,1.305029
68.475538,12.606223,5.494328,11.776900,5.124808,13.799571,6.026046,0.907921,1.306448
68.521525,12.587489,5.536327,11.787932,5.179321,13.781284,6.069361,0.875639,1.307391
68.567513,12.568724,5.578312,11.797749,5.233393,13.762552,6.112405,0.844613,1.307854
68.613501,12.549930,5.620283,11.806355,5.287009,13.743373,6.155191,0.814846,1.307835
68.659488,12.531107,5.662242,11.813764,5.340155,13.723742,6.197736,0.786333,1.307338
68.705476,12.512256,5.704189,11.819987,5.392826,13.703662,6.240050,0.759068,1.306367
68.751463,12.493379,5.746124,11.825042,5.445011,13.683134,6.282156,0.733037,1.304932
68.797451,12.474475,5.788046,11.828947,5.496713,13.662169,6.324063,0.708224,1.303046
68.843439,12.455544,5.829956,11.831725,5.547926,13.640772,6.365800,0.684611,1.300728
68.889426,12.436585,5.871854,11.833396,5.598656,13.618960,6.407379,0.662174,1.297997
68.935414,12.417597,5.913738,11.833987,5.648899,13.596744,6.448830,0.640890,1.294879
68.981401,12.398577,5.955608,11.833523,5.698664,13.574147,6.490171,0.620731,1.291403
69.027389,12.379524,5.997463,11.832030,5.747950,13.551184,6.531432,0.601670,1.287598
69.073377,12.360434,6.039302,11.829534,5.796766,13.527877,6.572636,0.583676,1.283499
69.119364,12.341304,6.081121,11.826064,5.845115,13.504250,6.613810,0.566720,1.279140
69.165352,12.322130,6.122921,11.821646,5.893005,13.480322,6.654981,0.550769,1.274557
69.211339,12.302908,6.164699,11.816305,5.940443,13.456121,6.696169,0.535792,1.269788
69.257327,12.283632,6.206452,11.810069,5.987435,13.431666,6.737402,0.521757,1.264868
69.303315,12.264298,6.248177,11.802963,6.033992,13.406983,6.778694,0.508631,1.259833
69.349302,12.244899,6.289873,11.795011,6.080122,13.382093,6.820068,0.496382,1.254717
69.395290,12.225431,6.331537,11.786238,6.125834,13.357017,6.861533,0.484978,1.249553
69.441277,12.205886,6.373164,11.776668,6.171136,13.331771,6.903106,0.474388,1.244369
69.487265,12.186259,6.414753,11.766322,6.216037,13.306371,6.944795,0.464581,1.239192
69.533253,12.166543,6.456300,11.755224,6.260543,13.280827,6.986615,0.455526,1.234043
69.579240,12.146732,6.497801,11.743395,6.304661,13.255145,7.028571,0.447195,1.228941
69.625228,12.126817,6.539253,11.730855,6.348394,13.229325,7.070676,0.439560,1.223901
69.671215,12.106793,6.580652,11.717624,6.391745,13.203362,7.112938,0.432595,1.218931
69.717203,12.086651,6.621994,11.703718,6.434717,13.177248,7.155362,0.426275,1.214036
69.763191,12.066383,6.663274,11.689155,6.477306,13.150966,7.197957,0.420577,1.209217
69.809178,12.045979,6.704487,11.673946,6.519514,13.124498,7.240721,0.415481,1.204470
69.855166,12.025432,6.745629,11.658103,6.561333,13.097816,7.283663,0.410969,1.199787
69.901153,12.004731,6.786693,11.641634,6.602762,13.070895,7.326772,0.407026,1.195153
69.947141,11.983866,6.827675,11.624546,6.643791,13.043699,7.370051,0.403639,1.190553
69.993129,11.962827,6.868567,11.606840,6.684412,13.016195,7.413485,0.400798,1.185967
70.039116,11.941603,6.909364,11.588518,6.724615,12.988343,7.457064,0.398498,1.181372
70.085104,11.920183,6.950058,11.569577,6.764387,12.960104,7.500769,0.396734,1.176741
70.131091,11.898555,6.990642,11.550010,6.803717,12.931439,7.544578,0.395505,1.172047
70.177079,11.876710,7.031109,11.529812,6.842588,12.902305,7.588465,0.394814,1.167258
70.223067,11.854635,7.071451,11.508971,6.880985,12.872663,7.632400,0.394665,1.162345
70.269054,11.832319,7.111660,11.487477,6.918888,12.842470,7.676352,0.395067,1.157273
70.315042,11.809752,7.151729,11.465317,6.956276,12.811686,7.720288,0.396027,1.152011
70.361029,11.786923,7.191650,11.442480,6.993127,12.780271,7.764173,0.397559,1.146527
70.407017,11.763821,7.231412,11.418951,7.029415,12.748186,7.807972,0.399673,1.140787
70.453005,11.740436,7.271009,11.394719,7.065115,12.715392,7.851648,0.402384,1.134760
70.498992,11.716757,7.310430,11.369770,7.100198,12.681855,7.895164,0.405706,1.128418
70.544980,11.692773,7.349667,11.344096,7.134635,12.647542,7.938480,0.409652,1.121733
70.590967,11.668476,7.388710,11.317685,7.168395,12.612423,7.981558,0.414238,1.114678
70.636955,11.643854,7.427550,11.290531,7.201448,12.576473,8.024359,0.419475,1.107231
70.682943,11.618898,7.466175,11.262630,7.233762,12.539668,8.066842,0.425374,1.099371
70.728930,11.593599,7.504577,11.233979,7.265306,12.501988,8.108968,0.431946,1.091081
70.774918,11.567948,7.542744,11.204583,7.296047,12.463420,8.150699,0.439197,1.082349
70.820905,11.541936,7.580665,11.174444,7.325955,12.423953,8.191995,0.447132,1.073163
70.866893,11.515554,7.618330,11.143574,7.355002,12.383582,8.232818,0.455753,1.063517
70.912881,11.488793,7.655727,11.111984,7.383157,12.342305,8.273129,0.465059,1.053408
70.958868,11.461647,7.692845,11.079692,7.410397,12.300131,8.312889,0.475044,1.042838
71.004856,11.434107,7.729672,11.046718,7.436696,12.257068,8.352065,0.485701,1.031812
71.050843,11.406167,7.766196,11.013087,7.462035,12.213133,8.390617,0.497018,1.020341
71.096831,11.377822,7.802406,10.978828,7.486395,12.168345,8.428517,0.508978,1.008436
71.142819,11.349064,7.838289,10.943973,7.509761,12.122730,8.465733,0.521564,0.996115
71.188806,11.319889,7.873834,10.908560,7.532119,12.076314,8.502241,0.534752,0.983400
71.234794,11.290292,7.909028,10.872628,7.553461,12.029129,8.538017,0.548517,0.970313
71.280781,11.260269,7.943859,10.836223,7.573780,11.981207,8.573045,0.562827,0.956884
71.326769,11.229817,7.978316,10.799388,7.593074,11.932586,8.607307,0.577651,0.943140
71.372757,11.198933,8.012385,10.762175,7.611344,11.883304,8.640791,0.592952,0.929117
71.418744,11.167613,8.046055,10.724634,7.628594,11.833401,8.673489,0.608691,0.914848
71.464732,11.135857,8.079312,10.686817,7.644834,11.782919,8.705392,0.624827,0.900370
71.510719,11.103662,8.112145,10.648780,7.660076,11.731900,8.736498,0.641315,0.885720
71.556707,11.071027,8.144541,10.610575,7.674338,11.680387,8.766806,0.658109,0.870938
71.602695,11.037952,8.176488,10.572259,7.687638,11.628421,8.796318,0.675162,0.856062
71.648682,11.004438,8.207972,10.533885,7.700004,11.576048,8.825034,0.692424,0.841132
71.694670,10.970484,8.238982,10.495509,7.711462,11.523307,8.852963,0.709844,0.826187
71.740657,10.936092,8.269506,10.457179,7.722048,11.470243,8.880108,0.727371,0.811266
71.786645,10.901265,8.299532,10.418947,7.731794,11.416894,8.906481,0.744954,0.796405
71.832633,10.866004,8.329047,10.380860,7.740744,11.363301,8.932088,0.762538,0.781642
71.878620,10.830312,8.358039,10.342965,7.748937,11.309501,8.956944,0.780073,0.767012
71.924608,10.794194,8.386499,10.305303,7.756418,11.255527,8.981062,0.797506,0.752551
71.970595,10.757654,8.414414,10.267916,7.763235,11.201414,9.004458,0.814787,0.738292
72.016583,10.720696,8.441773,10.230843,7.769434,11.147190,9.027150,0.831863,0.724267
72.062571,10.683325,8.468566,10.194116,7.775066,11.092884,9.049155,0.848687,0.710508
72.108558,10.645548,8.494782,10.157768,7.780179,11.038521,9.070494,0.865209,0.697046
72.154546,10.607369,8.520411,10.121823,7.784829,10.984129,9.091186,0.881382,0.683910
72.200533,10.568797,8.545442,10.086306,7.789066,10.929727,9.111255,0.897163,0.671130
72.246521,10.529837,8.569867,10.051228,7.792947,10.875342,9.130720,0.912508,0.658734
72.292509,10.490498,8.593676,10.016606,7.796522,10.820989,9.149608,0.927376,0.646749
72.338496,10.450788,8.616859,9.982440,7.799849,10.766692,9.167938,0.941730,0.635203
72.384484,10.410715,8.639410,9.948736,7.802975,10.712462,9.185739,0.955535,0.624121
72.430471,10.370288,8.661320,9.915490,7.805953,10.658316,9.203035,0.968759,0.613527
72.476459,10.329516,8.682583,9.882696,7.808829,10.604264,9.219851,0.981373,0.603443
72.522447,10.288410,8.703190,9.850344,7.811647,10.550314,9.236212,0.993354,0.593890
72.568434,10.246979,8.723137,9.818417,7.814446,10.496472,9.252142,1.004682,0.584886
72.614422,10.205234,8.742418,9.786902,7.817263,10.442737,9.267664,1.015339,0.576447
72.660409,10.163186,8.761027,9.755771,7.820128,10.389114,9.282796,1.025318,0.568583
72.706397,10.120844,8.778959,9.725006,7.823066,10.335597,9.297557,1.034611,0.561304
72.752385,10.078220,8.796211,9.694572,7.826099,10.282182,9.311958,1.043219,0.554613
72.798372,10.035326,8.812779,9.664449,7.829237,10.228858,9.326013,1.051145,0.548510
72.844360,9.992173,8.828659,9.634600,7.832489,10.175619,9.339724,1.058401,0.542992
72.890347,9.948772,8.843848,9.604999,7.835855,10.122448,9.353095,1.065003,0.538048
72.936335,9.905134,8.858344,9.575586,7.839338,10.069348,9.366117,1.070970,0.533666
72.982323,9.861272,8.872147,9.546320,7.842929,10.016308,9.378784,1.076329,0.529827
73.028310,9.817198,8.885257,9.517056,7.846646,9.963369,9.391070,1.081110,0.526510
73.074298,9.772925,8.897682,9.487669,7.850492,9.910564,9.402958,1.085347,0.523687
73.120285,9.728470,8.909433,9.457978,7.854481,9.857951,9.414427,1.089077,0.521329
73.166273,9.683846,8.920532,9.427719,7.858641,9.805633,9.425456,1.092343,0.519404
73.212261,9.639072,8.931006,9.396786,7.862955,9.753640,9.436048,1.095187,0.517874
73.258248,9.594163,8.940891,9.364936,7.867437,9.702067,9.446201,1.097656,0.516702
73.304236,9.549136,8.950225,9.332196,7.872039,9.650889,9.455939,1.099794,0.515849
73.350223,9.504004,8.959040,9.298877,7.876656,9.599948,9.465304,1.101650,0.515275
73.396211,9.458777,8.967358,9.264989,7.881241,9.549226,9.474289,1.103269,0.514937
73.442199,9.413467,8.975207,9.230242,7.885810,9.498851,9.482872,1.104697,0.514796
73.488186,9.368082,8.982625,9.194606,7.890337,9.448831,9.491063,1.105977,0.514811
73.534174,9.322626,8.989607,9.160629,7.894370,9.397971,9.499008,1.107152,0.514943
