t_s,x_m,y_m,v_mps,dist_m,q_c,q_l,q_v,r_d,r_a,r_dv,d_obs,k_v
0.00000,6.78848,2.95426,1.20033,0.05954,1.00782,68.53465,0.21047,0.89431,6.96522,0.12501,0.14557,0.50659
0.05000,6.80701,2.89676,1.21598,0.11938,1.02416,73.98443,0.21101,0.90468,7.06020,0.12946,0.15230,0.51043
0.10000,6.82086,2.83761,1.21730,0.18039,1.02822,76.97549,0.21096,0.91975,7.11059,0.13267,0.15465,0.51221
0.15000,6.83617,2.77862,1.21948,0.24126,1.02548,78.74255,0.21063,0.93576,7.12760,0.13506,0.15479,0.51298
0.20000,6.85183,2.71968,1.22030,0.30243,0.95598,80.48339,0.21546,0.95435,6.79660,0.13845,0.14979,0.51413
0.25000,6.86726,2.66063,1.22104,0.36358,0.96662,80.19065,0.20315,0.98338,6.87846,0.14328,0.15545,0.51536
0.30000,6.88226,2.60143,1.22177,0.42475,0.95845,80.63091,0.20187,0.99802,6.87859,0.14473,0.15369,0.51530
0.35000,6.89679,2.54207,1.22252,0.48594,0.95192,80.94606,0.20073,1.00952,6.87676,0.14591,0.15230,0.51512
0.40000,6.91081,2.48256,1.22327,0.54714,0.94673,81.17368,0.19954,1.01885,6.88083,0.14698,0.15123,0.51486
0.45000,6.92431,2.42288,1.22404,0.60836,0.94294,81.35184,0.19846,1.02588,6.88485,0.14789,0.15043,0.51455
0.50000,6.93727,2.36305,1.22481,0.66958,0.94028,81.49774,0.19746,1.03114,6.89046,0.14869,0.14985,0.51421
0.55000,6.94968,2.30306,1.22559,0.73081,0.93839,81.61801,0.19637,1.03543,6.90198,0.14948,0.14944,0.51383
0.60000,6.96151,2.24291,1.22645,0.79206,0.87989,82.32952,0.20057,1.04128,6.57491,0.15147,0.14527,0.51427
0.65000,6.97276,2.18261,1.22733,0.85331,0.89598,81.47199,0.18902,1.05787,6.66946,0.15492,0.15184,0.51512
0.70000,6.98339,2.12214,1.22827,0.91459,0.89521,81.52733,0.18804,1.06023,6.67705,0.15547,0.15118,0.51484
0.75000,6.99339,2.06153,1.22926,0.97589,0.89504,81.60013,0.18709,1.06182,6.68626,0.15600,0.15073,0.51450
0.80000,7.00275,2.00075,1.23031,1.03724,0.89519,81.68215,0.18609,1.06312,6.69969,0.15655,0.15042,0.51411
0.85000,7.01149,1.93983,1.23140,1.09862,0.89574,81.77742,0.18518,1.06383,6.71172,0.15705,0.15019,0.51370
0.90000,7.01960,1.87877,1.23254,1.16006,0.89647,81.87920,0.18425,1.06439,6.72580,0.15756,0.15002,0.51327
0.95000,7.02712,1.81758,1.23372,1.22154,0.89742,81.98976,0.18338,1.06463,6.73887,0.15803,0.14987,0.51282
1.00000,7.03405,1.75625,1.23493,1.28309,0.89850,82.10733,0.18254,1.06468,6.75144,0.15849,0.14973,0.51236
1.05000,7.04042,1.69480,1.23616,1.34468,0.91738,81.26196,0.17263,1.07766,6.85325,0.16148,0.15723,0.51306
1.10000,7.04627,1.63324,1.23741,1.40635,0.91835,81.34613,0.17200,1.07714,6.86509,0.16186,0.15704,0.51262
1.15000,7.05163,1.57157,1.23869,1.46809,0.91952,81.45279,0.17135,1.07657,6.87643,0.16224,0.15689,0.51217
1.20000,7.05653,1.50980,1.23999,1.52991,0.92077,81.57281,0.17065,1.07613,6.88898,0.16262,0.15676,0.51170
1.25000,7.06101,1.44793,1.24129,1.59180,0.92215,81.70565,0.16998,1.07555,6.89962,0.16299,0.15663,0.51123
1.30000,7.06512,1.38597,1.24261,1.65377,0.92356,81.84514,0.16929,1.07505,6.91054,0.16335,0.15651,0.51076
1.35000,7.06890,1.32392,1.24392,1.71583,0.92504,81.99105,0.16863,1.07447,6.92016,0.16369,0.15637,0.51029
1.40000,7.07239,1.26179,1.24524,1.77798,0.92654,82.14094,0.16797,1.07387,6.92906,0.16402,0.15622,0.50983
1.45000,7.07564,1.19958,1.24655,1.84023,0.92802,82.29254,0.16732,1.07333,6.93797,0.16434,0.15606,0.50937
1.50000,7.07868,1.13729,1.24785,1.90251,0.94814,81.48011,0.15890,1.08554,7.03327,0.16692,0.16378,0.51015
1.55000,7.08157,1.07494,1.24913,1.96482,0.94938,81.58518,0.15846,1.08445,7.04020,0.16716,0.16353,0.50974
1.60000,7.08434,1.01251,1.25041,2.02720,0.95070,81.70839,0.15799,1.08346,7.04689,0.16740,0.16332,0.50933
1.65000,7.08705,0.95002,1.25166,2.08985,0.95208,81.84332,0.15751,1.08255,7.05308,0.16764,0.16312,0.50891
1.70000,7.08973,0.88746,1.25289,2.15294,0.95348,81.98580,0.15703,1.08168,7.05871,0.16787,0.16293,0.50850
1.75000,7.09243,0.82484,1.25410,2.21642,0.95489,82.13248,0.15655,1.08086,7.06398,0.16809,0.16273,0.50809
1.80000,7.09518,0.76217,1.25529,2.27996,0.95629,82.28061,0.15607,1.08011,7.06902,0.16831,0.16254,0.50769
1.85000,7.09804,0.69944,1.25644,2.34333,0.97702,81.45566,0.14888,1.09211,7.15988,0.17059,0.17045,0.50858
1.90000,7.10103,0.63666,1.25756,2.40647,0.97812,81.54489,0.14860,1.09085,7.16353,0.17074,0.17018,0.50824
1.95000,7.10420,0.57384,1.25866,2.46953,0.97925,81.64924,0.14829,1.08976,7.16729,0.17089,0.16996,0.50791
2.00000,7.10760,0.51097,1.25973,2.53262,0.98046,81.76501,0.14800,1.08866,7.16935,0.17103,0.16975,0.50758
2.05000,7.11126,0.44806,1.26078,2.59576,0.98160,81.88407,0.14768,1.08780,7.17239,0.17117,0.16955,0.50725
2.10000,7.11523,0.38512,1.26181,2.65896,0.98275,82.00640,0.14738,1.08693,7.17406,0.17129,0.16935,0.50694
2.15000,7.11954,0.32215,1.26282,2.72223,0.98382,82.12705,0.14708,1.08623,7.17632,0.17142,0.16914,0.50663
2.20000,7.12423,0.25916,1.26380,2.78555,0.98481,82.24473,0.14676,1.08567,7.17883,0.17154,0.16892,0.50633
2.25000,7.12935,0.19616,1.26476,2.84894,0.98580,82.36147,0.14649,1.08501,7.17932,0.17163,0.16869,0.50604
2.30000,7.13493,0.13314,1.26570,2.91239,0.98667,82.47201,0.14621,1.08455,7.18112,0.17173,0.16845,0.50576
2.35000,7.14102,0.07013,1.26662,2.97590,0.98744,82.57685,0.14592,1.08422,7.18336,0.17183,0.16820,0.50549
2.40000,7.14764,0.00712,1.26752,3.03946,0.98825,82.68005,0.14569,1.08369,7.18281,0.17189,0.16795,0.50522
2.45000,7.15484,-0.05587,1.26840,3.10308,0.98892,82.77498,0.14543,1.08342,7.18438,0.17197,0.16769,0.50497
2.50000,7.16265,-0.11883,1.26926,3.16675,0.98959,82.86676,0.14521,1.08303,7.18412,0.17202,0.16743,0.50473
2.55000,7.17111,-0.18174,1.27010,3.23047,0.99015,82.95174,0.14499,1.08279,7.18495,0.17208,0.16716,0.50449
2.60000,7.18025,-0.24461,1.27093,3.29424,0.99063,83.03074,0.14476,1.08266,7.18633,0.17214,0.16689,0.50426
2.65000,7.19011,-0.30741,1.27174,3.35806,0.99113,83.10823,0.14459,1.08233,7.18513,0.17216,0.16662,0.50405
2.70000,7.20072,-0.37012,1.27254,3.42191,0.99151,83.17892,0.14439,1.08223,7.18568,0.17220,0.16633,0.50384
2.75000,7.21211,-0.43274,1.27332,3.48581,0.99178,83.24435,0.14419,1.08224,7.18688,0.17224,0.16604,0.50363
2.80000,7.22431,-0.49525,1.27408,3.54975,0.99211,83.31010,0.14405,1.08199,7.18470,0.17223,0.16573,0.50344
2.85000,7.23735,-0.55762,1.27483,3.61372,0.99228,83.36878,0.14387,1.08204,7.18508,0.17225,0.16541,0.50325
2.90000,7.25126,-0.61984,1.27557,3.67773,0.99235,83.42263,0.14368,1.08221,7.18624,0.17226,0.16508,0.50306
2.95000,7.26606,-0.68190,1.27630,3.74177,0.99252,83.47838,0.14357,1.08202,7.18319,0.17223,0.16474,0.50289
3.00000,7.28178,-0.74377,1.27701,3.80585,0.99252,83.52669,0.14340,1.08220,7.18355,0.17223,0.16439,0.50271
3.05000,7.29845,-0.80542,1.27771,3.86995,0.99242,83.57082,0.14322,1.08250,7.18477,0.17223,0.16404,0.50254
3.10000,7.31609,-0.86684,1.27840,3.93407,0.99248,83.61904,0.14313,1.08234,7.18091,0.17218,0.16367,0.50238
3.15000,7.33471,-0.92800,1.27908,3.99823,0.99234,83.66009,0.14297,1.08261,7.18127,0.17216,0.16331,0.50221
3.20000,7.35434,-0.98889,1.27976,4.06240,0.99230,83.70363,0.14287,1.08259,7.17836,0.17211,0.16293,0.50206
3.25000,7.37500,-1.04947,1.28042,4.12660,0.99213,83.74308,0.14273,1.08281,7.17772,0.17208,0.16256,0.50190
3.30000,7.39669,-1.10972,1.28107,4.19082,0.99189,83.78012,0.14258,1.08315,7.17790,0.17206,0.16218,0.50176
3.35000,7.41944,-1.16961,1.28171,4.25506,0.99178,83.82111,0.14250,1.08312,7.17402,0.17199,0.16180,0.50162
3.40000,7.44325,-1.22912,1.28234,4.31931,0.99151,83.85717,0.14236,1.08340,7.17311,0.17195,0.16141,0.50149
3.45000,7.46815,-1.28823,1.28297,4.38359,0.99118,83.89054,0.14222,1.08381,7.17309,0.17192,0.16102,0.50136
3.50000,7.49413,-1.34689,1.28359,4.44787,0.99098,83.92845,0.14215,1.08378,7.16829,0.17183,0.16062,0.50124
3.55000,7.52121,-1.40510,1.28420,4.51218,0.99061,83.96024,0.14202,1.08414,7.16728,0.17178,0.16023,0.50113
3.60000,7.54939,-1.46281,1.28481,4.57650,0.99017,83.98912,0.14188,1.08462,7.16726,0.17173,0.15983,0.50102
3.65000,7.57868,-1.52000,1.28541,4.64083,0.98991,84.02355,0.14183,1.08460,7.16175,0.17163,0.15942,0.50092
3.70000,7.60908,-1.57664,1.28600,4.70517,0.98945,84.05133,0.14171,1.08503,7.16083,0.17157,0.15902,0.50082
3.75000,7.64059,-1.63271,1.28659,4.76953,0.98909,84.08212,0.14163,1.08517,7.15672,0.17148,0.15861,0.50073
3.80000,7.67322,-1.68816,1.28718,4.83391,0.98862,84.10953,0.14153,1.08554,7.15484,0.17141,0.15820,0.50064
3.85000,7.70696,-1.74298,1.28776,4.89829,0.98809,84.13489,0.14140,1.08603,7.15398,0.17135,0.15780,0.50055
3.90000,7.74181,-1.79714,1.28834,4.96269,0.98769,84.16450,0.14134,1.08616,7.14918,0.17124,0.15739,0.50047
3.95000,7.77777,-1.85061,1.28892,5.02711,0.98715,84.18979,0.14123,1.08659,7.14727,0.17116,0.15698,0.50040
4.00000,7.81482,-1.90335,1.28949,5.09153,0.98654,84.21242,0.14111,1.08715,7.14639,0.17109,0.15656,0.50033
4.05000,7.85297,-1.95535,1.29006,5.15597,0.98606,84.23939,0.14106,1.08729,7.14083,0.17097,0.15614,0.50027
4.10000,7.89220,-2.00656,1.29063,5.22042,0.98541,84.26018,0.14096,1.08781,7.13891,0.17088,0.15572,0.50022
4.15000,7.93251,-2.05697,1.29120,5.28488,0.98468,84.27742,0.14084,1.08848,7.13807,0.17081,0.15529,0.50017
4.20000,7.97388,-2.10655,1.29177,5.34936,0.98410,84.29921,0.14081,1.08866,7.13185,0.17066,0.15486,0.50013
4.25000,8.01630,-2.15527,1.29233,5.41384,0.98332,84.31373,0.14071,1.08929,7.13001,0.17056,0.15442,0.50009
4.30000,8.05976,-2.20311,1.29290,5.47832,0.98246,84.32473,0.14059,1.09006,7.12930,0.17047,0.15398,0.50006
4.35000,8.10424,-2.25003,1.29347,5.54280,0.98178,84.34148,0.14057,1.09029,7.12257,0.17031,0.15352,0.50003
4.40000,8.14973,-2.29603,1.29404,5.60731,0.98088,84.35077,0.14048,1.09103,7.12092,0.17021,0.15307,0.50000
4.45000,8.19620,-2.34106,1.29461,5.67184,0.97990,84.35708,0.14036,1.09192,7.12043,0.17011,0.15260,0.49997
4.50000,8.24364,-2.38512,1.29518,5.73641,0.97913,84.37033,0.14034,1.09221,7.11331,0.16993,0.15212,0.49995
4.55000,8.29203,-2.42818,1.29575,5.80098,0.97811,84.37541,0.14024,1.09307,7.11194,0.16981,0.15163,0.49992
4.60000,8.34135,-2.47021,1.29633,5.86555,0.97718,84.38377,0.14019,1.09360,7.10660,0.16964,0.15113,0.49990
4.65000,8.39158,-2.51121,1.29691,5.93013,0.97609,84.38668,0.14010,1.09447,7.10431,0.16951,0.15061,0.49988
4.70000,8.44268,-2.55114,1.29749,5.99472,0.97490,84.38594,0.13999,1.09550,7.10320,0.16937,0.15009,0.49986
4.75000,8.49465,-2.59000,1.29808,6.05933,0.97383,84.38866,0.13995,1.09614,7.09749,0.16918,0.14954,0.49984
4.80000,8.54745,-2.62776,1.29867,6.12396,0.97257,84.38486,0.13986,1.09718,7.09545,0.16903,0.14898,0.49982
4.85000,8.60106,-2.66442,1.29927,6.18861,0.97121,84.37738,0.13974,1.09837,7.09456,0.16888,0.14842,0.49981
4.90000,8.65546,-2.69996,1.29987,6.25327,0.97000,84.37426,0.13971,1.09912,7.08856,0.16867,0.14783,0.49979
4.95000,8.71062,-2.73437,1.30048,6.31795,0.96859,84.36449,0.13961,1.10030,7.08679,0.16850,0.14724,0.49978
5.00000,8.76651,-2.76763,1.30109,6.38265,0.96709,84.35165,0.13949,1.10164,7.08615,0.16834,0.14664,0.49976
5.05000,8.82310,-2.79974,1.30171,6.44737,0.96576,84.34435,0.13945,1.10249,7.07997,0.16811,0.14602,0.49974
5.10000,8.88037,-2.83069,1.30234,6.51210,0.96422,84.33045,0.13935,1.10381,7.07850,0.16793,0.14540,0.49973
5.15000,8.93829,-2.86048,1.30297,6.57686,0.96260,84.31409,0.13922,1.10528,7.07810,0.16776,0.14477,0.49971
5.20000,8.99684,-2.88910,1.30360,6.64164,0.96116,84.30433,0.13918,1.10622,7.07177,0.16751,0.14411,0.49969
5.25000,9.05597,-2.91654,1.30425,6.70644,0.95951,84.28790,0.13906,1.10767,7.07053,0.16732,0.14346,0.49968
5.30000,9.11568,-2.94280,1.30490,6.77127,0.95794,84.27487,0.13899,1.10883,7.06596,0.16708,0.14280,0.49966
5.35000,9.17593,-2.96789,1.30556,6.83612,0.95626,84.25826,0.13888,1.11026,7.06382,0.16687,0.14213,0.49965
5.40000,9.23669,-2.99179,1.30623,6.90100,0.95452,84.23955,0.13876,1.11181,7.06269,0.16666,0.14146,0.49964
5.45000,9.29793,-3.01453,1.30690,6.96591,0.95289,84.22470,0.13869,1.11302,7.05783,0.16641,0.14079,0.49963
5.50000,9.35963,-3.03609,1.30759,7.03085,0.95115,84.20588,0.13858,1.11451,7.05580,0.16619,0.14012,0.49963
5.55000,9.42177,-3.05648,1.30828,7.09582,0.94936,84.18524,0.13846,1.11611,7.05469,0.16598,0.13946,0.49963
5.60000,9.48431,-3.07570,1.30898,7.16083,0.94770,84.16924,0.13839,1.11733,7.04954,0.16572,0.13879,0.49964
5.65000,9.54723,-3.09378,1.30969,7.22587,0.92733,85.02512,0.14377,1.10600,6.96008,0.16317,0.13161,0.49820
5.70000,9.61051,-3.11070,1.31041,7.29094,0.92583,85.06187,0.14352,1.10823,6.95929,0.16299,0.13107,0.49818
5.75000,9.67412,-3.12648,1.31114,7.35605,0.92439,85.08554,0.14337,1.10990,6.95396,0.16274,0.13049,0.49819
5.80000,9.73803,-3.14113,1.31187,7.42120,0.92278,85.09340,0.14319,1.11178,6.95183,0.16252,0.12991,0.49820
5.85000,9.80224,-3.15466,1.31262,7.48639,0.92112,85.09217,0.14302,1.11364,6.95035,0.16231,0.12933,0.49824
5.90000,9.86670,-3.16708,1.31337,7.55161,0.91960,85.09077,0.14295,1.11498,6.94428,0.16203,0.12875,0.49828
5.95000,9.93140,-3.17840,1.31413,7.61687,0.91797,85.08147,0.14282,1.11658,6.94169,0.16180,0.12820,0.49834
6.00000,9.99633,-3.18864,1.31490,7.68218,0.91631,85.06831,0.14270,1.11820,6.93974,0.16157,0.12767,0.49841
6.05000,10.06145,-3.19779,1.31569,7.74753,0.89704,85.89001,0.14868,1.10644,6.84538,0.15876,0.12143,0.49703
6.10000,10.12675,-3.20589,1.31648,7.81292,0.89573,85.92390,0.14847,1.10844,6.84277,0.15856,0.12102,0.49708
6.15000,10.19222,-3.21295,1.31728,7.87836,0.89433,85.93852,0.14829,1.11034,6.84055,0.15835,0.12060,0.49717
6.20000,10.25783,-3.21897,1.31810,7.94383,0.89304,85.94627,0.14823,1.11163,6.83345,0.15806,0.12018,0.49728
6.25000,10.32356,-3.22397,1.31892,8.00936,0.89163,85.94185,0.14814,1.11315,6.83003,0.15783,0.11978,0.49740
6.30000,10.38940,-3.22797,1.31975,8.07493,0.89021,85.93107,0.14805,1.11462,6.82710,0.15760,0.11940,0.49754
6.35000,10.45534,-3.23098,1.32059,8.14055,0.88896,85.92162,0.14807,1.11553,6.81935,0.15730,0.11903,0.49770
6.40000,10.52136,-3.23302,1.32144,8.20621,0.88763,85.90497,0.14803,1.11671,6.81535,0.15705,0.11871,0.49787
6.45000,10.58745,-3.23411,1.32230,8.27193,0.86944,86.67698,0.15473,1.10460,6.72069,0.15407,0.11344,0.49660
6.50000,10.65358,-3.23426,1.32318,8.33769,0.86849,86.69825,0.15464,1.10603,6.71590,0.15386,0.11324,0.49677
6.55000,10.71976,-3.23348,1.32406,8.40350,0.86749,86.70127,0.15461,1.10728,6.71139,0.15364,0.11304,0.49698
6.60000,10.78596,-3.23180,1.32496,8.46936,0.86659,86.69523,0.15469,1.10808,6.70400,0.15338,0.11286,0.49722
6.65000,10.85234,-3.22848,1.33236,8.53541,0.86566,86.67881,0.15477,1.10888,6.69836,0.15316,0.11272,0.49749
6.70000,10.91819,-3.21926,1.33235,8.60166,0.86478,86.64930,0.15485,1.10966,6.69592,0.15297,0.11262,0.49777
6.75000,10.98444,-3.21129,1.33560,8.66769,0.86348,86.60617,0.15471,1.11158,6.70422,0.15296,0.11256,0.49806
6.80000,11.05083,-3.20385,1.33669,8.73433,0.84619,87.31172,0.16209,1.09992,6.62055,0.15005,0.10811,0.49693
6.85000,11.11724,-3.19617,1.33767,8.80102,0.84554,87.30339,0.16208,1.10126,6.62100,0.14998,0.10814,0.49725
6.90000,11.18366,-3.18804,1.33864,8.86777,0.84503,87.28351,0.16224,1.10192,6.61699,0.14985,0.10819,0.49761
6.95000,11.25006,-3.17943,1.33965,8.93458,0.84457,87.25234,0.16246,1.10239,6.61357,0.14973,0.10829,0.49801
7.00000,11.31644,-3.17030,1.34070,9.00146,0.84421,87.21399,0.16275,1.10257,6.60966,0.14962,0.10845,0.49843
7.05000,11.38280,-3.16062,1.34180,9.06841,0.84408,87.17297,0.16315,1.10221,6.60270,0.14948,0.10867,0.49887
7.10000,11.44914,-3.15039,1.34295,9.13542,0.84405,87.12627,0.16360,1.10170,6.59676,0.14938,0.10895,0.49934
7.15000,11.51544,-3.13960,1.34415,9.20249,0.84418,87.07571,0.16410,1.10094,6.59065,0.14930,0.10931,0.49983
7.20000,11.58171,-3.12823,1.34539,9.26964,0.82890,87.74544,0.17312,1.08663,6.49439,0.14622,0.10558,0.49893
7.25000,11.64795,-3.11630,1.34668,9.33685,0.82963,87.71876,0.17376,1.08556,6.48687,0.14620,0.10605,0.49946
7.30000,11.71414,-3.10381,1.34801,9.40412,0.83048,87.67851,0.17452,1.08412,6.47911,0.14619,0.10658,0.50004
7.35000,11.78030,-3.09075,1.34937,9.47147,0.83155,87.63157,0.17542,1.08214,6.46917,0.14617,0.10720,0.50064
7.40000,11.84642,-3.07714,1.35077,9.53888,0.83278,87.57774,0.17638,1.07991,6.46016,0.14621,0.10792,0.50128
7.45000,11.91250,-3.06299,1.35219,9.60636,0.83424,87.51935,0.17743,1.07736,6.45118,0.14628,0.10874,0.50194
7.50000,11.97853,-3.04832,1.35364,9.67392,0.83598,87.45898,0.17861,1.07431,6.44052,0.14636,0.10967,0.50262
7.55000,12.04452,-3.03313,1.35511,9.74155,0.83794,87.39438,0.17985,1.07101,6.43075,0.14649,0.11073,0.50333
7.60000,12.11048,-3.01746,1.35661,9.80925,0.84015,87.32645,0.18119,1.06742,6.42115,0.14667,0.11192,0.50406
7.65000,12.17640,-3.00131,1.35812,9.87704,0.84265,87.25686,0.18265,1.06340,6.41035,0.14686,0.11323,0.50481
7.70000,12.24229,-2.98472,1.35964,9.94490,0.84539,87.18382,0.18417,1.05916,6.40041,0.14711,0.11469,0.50557
7.75000,12.30814,-2.96770,1.36117,10.01284,0.84836,87.10818,0.18578,1.05468,6.39079,0.14739,0.11629,0.50634
7.80000,12.37398,-2.95028,1.36271,10.08086,0.85156,87.03016,0.18745,1.05000,6.38149,0.14772,0.11802,0.50711
7.85000,12.43979,-2.93249,1.36425,10.14896,0.85501,86.95154,0.18923,1.04500,6.37096,0.14805,0.11988,0.50788
7.90000,12.50558,-2.91434,1.36579,10.21717,0.85859,86.86928,0.19103,1.03998,6.36202,0.14842,0.12186,0.50864
7.95000,12.57136,-2.89587,1.36732,10.28552,0.86231,86.78426,0.19287,1.03492,6.35371,0.14882,0.12395,0.50939
8.00000,12.63714,-2.87709,1.36884,10.35412,0.86614,86.69744,0.19476,1.02976,6.34499,0.14922,0.12612,0.51011
8.05000,12.70292,-2.85804,1.37035,10.42308,0.86997,86.60642,0.19663,1.02478,6.33803,0.14964,0.12834,0.51080
8.10000,12.76869,-2.83873,1.37183,10.49237,0.87377,86.51172,0.19848,1.01995,6.33218,0.15007,0.13060,0.51145
8.15000,12.83448,-2.81919,1.37330,10.56164,0.87751,86.41423,0.20030,1.01529,6.32678,0.15049,0.13285,0.51205
8.20000,12.90028,-2.79944,1.37474,10.63061,0.88107,86.31294,0.20203,1.01101,6.32339,0.15091,0.13504,0.51259
8.25000,12.96610,-2.77950,1.37608,10.69933,0.94237,85.72520,0.19843,1.00416,6.65678,0.15004,0.14082,0.51220
8.30000,13.03193,-2.75939,1.37740,10.76806,0.94608,85.63217,0.20017,0.99957,6.66283,0.15047,0.14344,0.51246
8.35000,13.09779,-2.73912,1.37869,10.83692,0.94939,85.53253,0.20170,0.99577,6.66911,0.15087,0.14574,0.51268
8.40000,13.16367,-2.71873,1.37995,10.90589,0.95233,85.42739,0.20304,0.99265,6.67599,0.15126,0.14776,0.51287
8.45000,13.22958,-2.69822,1.38118,10.97492,0.95489,85.31773,0.20420,0.99013,6.68373,0.15162,0.14951,0.51300
8.50000,13.29553,-2.67763,1.38238,11.04400,0.95710,85.20363,0.20519,0.98820,6.69305,0.15198,0.15102,0.51306
8.55000,13.36152,-2.65696,1.38355,11.11313,0.95895,85.08569,0.20602,0.98680,6.70401,0.15233,0.15231,0.51305
8.60000,13.42755,-2.63624,1.38464,11.18232,1.02450,84.44657,0.20144,0.98297,7.05437,0.15141,0.15756,0.51209
8.65000,13.49362,-2.61547,1.38569,11.25157,1.02615,84.33451,0.20223,0.98143,7.07525,0.15179,0.15911,0.51177
8.70000,13.55973,-2.59467,1.38671,11.32088,1.02745,84.21720,0.20280,0.98058,7.09596,0.15217,0.16027,0.51142
8.75000,13.62590,-2.57386,1.38769,11.39023,1.02846,84.09712,0.20317,0.98031,7.11708,0.15254,0.16114,0.51104
8.80000,13.69211,-2.55305,1.38864,11.45963,1.02922,83.97611,0.20336,0.98053,7.13926,0.15293,0.16176,0.51060
8.85000,13.75838,-2.53225,1.38956,11.52908,1.02980,83.85762,0.20340,0.98112,7.16215,0.15332,0.16218,0.51011
8.90000,13.82470,-2.51147,1.39044,11.59858,1.03024,83.74378,0.20329,0.98200,7.18585,0.15372,0.16244,0.50956
8.95000,13.89107,-2.49071,1.39125,11.66811,1.09867,83.08129,0.19792,0.98027,7.53689,0.15291,0.16691,0.50798
9.00000,13.95750,-2.46999,1.39202,11.73769,1.09927,82.99398,0.19787,0.98054,7.56692,0.15338,0.16756,0.50712
9.05000,14.02397,-2.44931,1.39276,11.80730,1.09980,82.91673,0.19762,0.98121,7.59523,0.15385,0.16789,0.50626
9.10000,14.09050,-2.42866,1.39346,11.87694,1.10030,82.85412,0.19719,0.98218,7.62253,0.15434,0.16800,0.50540
9.15000,14.15707,-2.40805,1.39412,11.94662,1.10083,82.81172,0.19663,0.98329,7.64836,0.15482,0.16793,0.50452
9.20000,14.22369,-2.38748,1.39476,12.01632,1.10144,82.79359,0.19593,0.98445,7.67283,0.15531,0.16773,0.50364
9.25000,14.29035,-2.36694,1.39535,12.08606,1.10214,82.80323,0.19513,0.98559,7.69585,0.15580,0.16742,0.50274
9.30000,14.35705,-2.34643,1.39589,12.15581,1.17378,82.26380,0.18932,0.98386,8.01624,0.15508,0.17141,0.50074
9.35000,14.42378,-2.32593,1.39640,12.22559,1.17508,82.34655,0.18862,0.98385,8.03962,0.15561,0.17154,0.49959
9.40000,14.49054,-2.30544,1.39687,12.29539,1.17649,82.46068,0.18775,0.98397,8.05953,0.15611,0.17141,0.49852
9.45000,14.55731,-2.28493,1.39730,12.36521,1.17804,82.60750,0.18672,0.98413,8.07674,0.15661,0.17108,0.49749
9.50000,14.62410,-2.26438,1.39771,12.43505,1.17975,82.78815,0.18558,0.98421,8.09134,0.15710,0.17060,0.49650
9.55000,14.69089,-2.24378,1.39808,12.50490,1.18162,82.99974,0.18436,0.98419,8.10387,0.15757,0.17004,0.49554
9.60000,14.75767,-2.22309,1.39842,12.57477,1.18364,83.23873,0.18306,0.98404,8.11452,0.15804,0.16940,0.49461
9.65000,14.82443,-2.20227,1.39873,12.64466,1.18580,83.50191,0.18171,0.98375,8.12357,0.15849,0.16871,0.49369
9.70000,14.89116,-2.18131,1.39900,12.71456,1.26019,83.22132,0.17590,0.98063,8.39584,0.15777,0.17233,0.49159
9.75000,14.95785,-2.16019,1.39923,12.78449,1.26276,83.52536,0.17480,0.97926,8.40545,0.15823,0.17213,0.49047
9.80000,15.02447,-2.13884,1.39943,12.85443,1.26531,83.83432,0.17361,0.97809,8.41274,0.15867,0.17172,0.48946
9.85000,15.09102,-2.11721,1.39960,12.92439,1.26782,84.14371,0.17238,0.97707,8.41843,0.15909,0.17118,0.48853
9.90000,15.15747,-2.09525,1.39973,12.99438,1.27024,84.44811,0.17114,0.97617,8.42317,0.15948,0.17057,0.48768
9.95000,15.22380,-2.07289,1.39983,13.06440,1.27263,84.74464,0.16997,0.97521,8.42593,0.15984,0.16993,0.48689
10.00000,15.28997,-2.05008,1.39990,13.13445,1.27483,85.02529,0.16882,0.97443,8.42897,0.16019,0.16929,0.48616
10.05000,15.35596,-2.02675,1.39993,13.20454,1.27685,85.28693,0.16773,0.97378,8.43195,0.16051,0.16867,0.48549
10.10000,15.42174,-2.00281,1.39993,13.27466,1.27878,85.52970,0.16677,0.97304,8.43315,0.16078,0.16807,0.48488
10.15000,15.48726,-1.97820,1.39989,13.34482,1.28043,85.74784,0.16586,0.97252,8.43526,0.16105,0.16751,0.48432
10.20000,15.55249,-1.95283,1.39982,13.41503,1.28185,85.94184,0.16502,0.97216,8.43767,0.16129,0.16699,0.48382
10.25000,15.61738,-1.92661,1.39970,13.48528,1.28315,86.11555,0.16432,0.97170,8.43824,0.16147,0.16650,0.48338
10.30000,15.68188,-1.89944,1.39954,13.55558,1.28417,86.26575,0.16366,0.97149,8.43988,0.16164,0.16604,0.48298
10.35000,15.74591,-1.87122,1.39934,13.62593,1.28495,86.39439,0.16306,0.97144,8.44196,0.16180,0.16561,0.48263
10.40000,15.80941,-1.84187,1.39909,13.69633,1.28547,86.50288,0.16251,0.97159,8.44467,0.16194,0.16519,0.48232
10.45000,15.87231,-1.81127,1.39879,13.76678,1.28601,86.60005,0.16213,0.97138,8.44331,0.16199,0.16478,0.48205
10.50000,15.93451,-1.77931,1.39843,13.83728,1.28618,86.67738,0.16171,0.97163,8.44493,0.16206,0.16437,0.48180
10.55000,15.99591,-1.74589,1.39802,13.90782,1.28610,86.73999,0.16131,0.97208,8.44723,0.16212,0.16395,0.48157
10.60000,16.05641,-1.71090,1.39755,13.97840,1.28606,86.79721,0.16106,0.97217,8.44530,0.16208,0.16350,0.48137
10.65000,16.11588,-1.67423,1.39702,14.04901,1.28567,86.84081,0.16074,0.97272,8.44619,0.16208,0.16302,0.48117
10.70000,16.17417,-1.63577,1.39642,14.11963,1.28502,86.87519,0.16041,0.97349,8.44786,0.16206,0.16250,0.48097
10.75000,16.23114,-1.59543,1.39575,14.19027,1.28410,86.90154,0.16005,0.97455,8.45054,0.16204,0.16192,0.48078
10.80000,16.28661,-1.55312,1.39500,14.26090,1.28341,86.93397,0.15991,0.97484,8.44547,0.16185,0.16124,0.48058
10.85000,16.34039,-1.50875,1.39418,14.33151,1.28216,86.95409,0.15959,0.97599,8.44639,0.16175,0.16051,0.48036
10.90000,16.39229,-1.46224,1.39328,14.40208,1.28060,86.96919,0.15920,0.97748,8.44850,0.16165,0.15967,0.48013
10.95000,16.44209,-1.41357,1.39231,14.47260,1.27920,86.99270,0.15900,0.97829,8.44314,0.16138,0.15871,0.47988
11.00000,16.48955,-1.36269,1.39126,14.54305,1.27721,87.00674,0.15861,0.97997,8.44345,0.16118,0.15765,0.47960
11.05000,16.53445,-1.30960,1.39013,14.61340,1.27483,87.01733,0.15813,0.98208,8.44521,0.16098,0.15645,0.47929
11.10000,16.57653,-1.25432,1.38892,14.68364,1.27251,87.03691,0.15780,0.98364,8.44013,0.16062,0.15509,0.47895
11.15000,16.61553,-1.19690,1.38766,14.75374,1.26959,87.04935,0.15728,0.98605,8.43999,0.16032,0.15360,0.47856
11.20000,16.65119,-1.13743,1.38634,14.82369,1.26623,87.05907,0.15667,0.98894,8.44153,0.16000,0.15197,0.47814
11.25000,16.68326,-1.07602,1.38499,14.89345,1.26242,87.06586,0.15596,0.99235,8.44498,0.15969,0.15021,0.47768
11.30000,16.71150,-1.01284,1.38360,14.96302,1.25901,87.08988,0.15554,0.99457,8.43648,0.15912,0.14830,0.47720
11.35000,16.73567,-0.94806,1.38220,15.03238,1.25480,87.10096,0.15482,0.99813,8.43768,0.15870,0.14634,0.47668
11.40000,16.75557,-0.88193,1.38080,15.10152,1.25026,87.10929,0.15402,1.00212,8.44084,0.15830,0.14432,0.47614
11.45000,16.77101,-0.81468,1.37943,15.17041,1.24623,87.13414,0.15351,1.00486,8.43257,0.15766,0.14224,0.47560
11.50000,16.78184,-0.74661,1.37808,15.23906,1.24159,87.14752,0.15276,1.00874,8.43312,0.15717,0.14019,0.47504
11.55000,16.78794,-0.67802,1.37678,15.30745,1.23676,87.15836,0.15195,1.01294,8.43565,0.15671,0.13815,0.47448
11.60000,16.78924,-0.60924,1.37552,15.37560,1.23251,87.18513,0.15142,1.01586,8.42729,0.15603,0.13612,0.47395
11.65000,16.78567,-0.54060,1.37434,15.44353,1.22782,87.20202,0.15070,1.01973,8.42689,0.15550,0.13416,0.47342
11.70000,16.77723,-0.47244,1.37324,15.51123,1.22303,87.21682,0.14993,1.02384,8.42849,0.15502,0.13227,0.47290
11.75000,16.76398,-0.40511,1.37223,15.57870,1.21890,87.24727,0.14944,1.02662,8.41960,0.15433,0.13043,0.47243
11.80000,16.74597,-0.33894,1.37129,15.64595,1.21447,87.26940,0.14878,1.03019,8.41792,0.15380,0.12870,0.47198
11.85000,16.72332,-0.27426,1.37044,15.71301,1.21006,87.29013,0.14811,1.03391,8.41812,0.15332,0.12707,0.47158
11.90000,16.69617,-0.21139,1.36968,15.77991,1.20638,87.32668,0.14770,1.03621,8.40792,0.15264,0.12553,0.47123
11.95000,16.66469,-0.15060,1.36902,15.84664,1.20253,87.35628,0.14716,1.03916,8.40436,0.15213,0.12412,0.47094
12.00000,16.62909,-0.09217,1.36845,15.91321,1.19876,87.38536,0.14661,1.04217,8.40247,0.15167,0.12283,0.47070
12.05000,16.58960,-0.03633,1.36797,15.97962,1.19578,87.43087,0.14633,1.04371,8.38997,0.15103,0.12163,0.47055
12.10000,16.54645,0.01672,1.36766,16.04591,1.12158,87.93296,0.14905,1.04845,8.11953,0.15184,0.11786,0.47173
12.15000,16.49993,0.06681,1.36731,16.11209,1.11853,87.98082,0.14850,1.05133,8.11075,0.15139,0.11666,0.47191
12.20000,16.45027,0.11376,1.36704,16.17819,1.11624,88.04422,0.14828,1.05251,8.09122,0.15075,0.11562,0.47210
12.25000,16.39774,0.15747,1.36684,16.24422,1.11378,88.10115,0.14796,1.05417,8.07922,0.15026,0.11475,0.47230
12.30000,16.34260,0.19782,1.36671,16.31016,1.11137,88.15725,0.14764,1.05576,8.06887,0.14981,0.11399,0.47255
12.35000,16.28513,0.23476,1.36663,16.37606,1.10964,88.22710,0.14760,1.05591,8.04698,0.14917,0.11331,0.47287
12.40000,16.22558,0.26824,1.36660,16.44191,1.10765,88.28887,0.14744,1.05669,8.03220,0.14866,0.11271,0.47324
12.45000,16.16420,0.29825,1.36662,16.50775,1.10565,88.34750,0.14727,1.05753,8.01886,0.14818,0.11219,0.47366
12.50000,16.10125,0.32482,1.36682,16.57357,1.03607,88.84403,0.15054,1.05981,7.69611,0.14886,0.10942,0.47541
12.55000,16.03697,0.34800,1.36691,16.63940,1.03430,88.90279,0.15037,1.06089,7.67395,0.14832,0.10877,0.47613
12.60000,15.97156,0.36779,1.36704,16.70524,1.03252,88.95483,0.15024,1.06184,7.65499,0.14783,0.10826,0.47682
12.65000,15.90523,0.38426,1.36720,16.77110,1.03122,89.01097,0.15039,1.06148,7.62609,0.14715,0.10784,0.47752
12.70000,15.83816,0.39747,1.36739,16.83698,1.02959,89.05138,0.15043,1.06181,7.60618,0.14661,0.10751,0.47820
12.75000,15.77054,0.40751,1.36762,16.90289,1.02785,89.08043,0.15048,1.06227,7.58875,0.14610,0.10723,0.47890
12.80000,15.70251,0.41446,1.36786,16.96885,1.02646,89.10839,0.15077,1.06172,7.56168,0.14541,0.10697,0.47962
12.85000,15.63423,0.41842,1.36813,17.03486,1.02463,89.11652,0.15094,1.06202,7.54340,0.14484,0.10676,0.48035
12.90000,15.56583,0.41954,1.36856,17.10093,0.95883,89.51042,0.15449,1.06546,7.20279,0.14567,0.10452,0.48229
12.95000,15.49742,0.41795,1.36887,17.16707,0.95693,89.49628,0.15476,1.06621,7.17286,0.14493,0.10409,0.48321
13.00000,15.42910,0.41374,1.36921,17.23329,0.95458,89.45985,0.15496,1.06764,7.15362,0.14430,0.10375,0.48405
13.05000,15.36097,0.40701,1.36957,17.29959,0.95197,89.40453,0.15518,1.06930,7.13832,0.14368,0.10346,0.48483
13.10000,15.29310,0.39788,1.36995,17.36598,0.94943,89.33855,0.15562,1.07030,7.11650,0.14290,0.10318,0.48558
13.15000,15.22555,0.38646,1.37034,17.43248,0.94641,89.24819,0.15595,1.07218,7.10385,0.14222,0.10292,0.48628
13.20000,15.15839,0.37288,1.37076,17.49909,0.94309,89.13898,0.15627,1.07443,7.09428,0.14154,0.10265,0.48694
13.25000,15.09164,0.35728,1.37129,17.56581,0.88219,89.41990,0.16042,1.07927,6.74309,0.14213,0.10054,0.48873
13.30000,15.02533,0.33981,1.37175,17.63267,0.87856,89.28155,0.16062,1.08301,6.73033,0.14137,0.10001,0.48949
13.35000,14.95950,0.32054,1.37223,17.69964,0.87474,89.13159,0.16083,1.08690,6.72185,0.14062,0.09953,0.49015
13.40000,14.89415,0.29959,1.37273,17.76673,0.87091,88.97727,0.16117,1.09039,6.71028,0.13976,0.09906,0.49071
13.45000,14.82931,0.27705,1.37324,17.83394,0.86672,88.81003,0.16137,1.09457,6.70605,0.13896,0.09858,0.49119
13.50000,14.76497,0.25304,1.37376,17.90127,0.86232,88.63455,0.16151,1.09911,6.70465,0.13816,0.09807,0.49159
13.55000,14.70114,0.22764,1.37431,17.96873,0.85787,88.45743,0.16169,1.10350,6.70045,0.13726,0.09754,0.49194
13.60000,14.63781,0.20094,1.37490,18.03631,0.85315,88.27259,0.16173,1.10855,6.70173,0.13642,0.09697,0.49221
13.65000,14.57496,0.17306,1.37560,18.10402,0.79933,88.50952,0.16559,1.11705,6.36981,0.13701,0.09491,0.49353
13.70000,14.51255,0.14410,1.37631,18.17187,0.79479,88.32277,0.16537,1.12346,6.36496,0.13608,0.09414,0.49388
13.75000,14.45059,0.11413,1.37706,18.23985,0.79022,88.13809,0.16509,1.12997,6.36559,0.13522,0.09343,0.49411
13.80000,14.38903,0.08324,1.37779,18.30796,0.83310,87.52149,0.16092,1.13317,6.70440,0.13294,0.09410,0.49315
13.85000,14.32788,0.05147,1.37857,18.37619,0.82854,87.35601,0.16082,1.13800,6.71295,0.13212,0.09364,0.49306
13.90000,14.26708,0.01896,1.37938,18.44455,0.82407,87.19394,0.16060,1.14309,6.72241,0.13136,0.09315,0.49300
13.95000,14.20660,-0.01422,1.38021,18.51301,0.81980,87.03917,0.16034,1.14812,6.73125,0.13065,0.09267,0.49297
14.00000,14.14639,-0.04799,1.38106,18.58158,0.81582,86.89527,0.16009,1.15280,6.73773,0.12995,0.09222,0.49297
14.05000,14.08642,-0.08226,1.38191,18.65026,0.81210,86.76080,0.15982,1.15729,6.74436,0.12931,0.09180,0.49300
14.10000,14.02664,-0.11696,1.38278,18.71904,0.80869,86.63778,0.15957,1.16141,6.74998,0.12872,0.09143,0.49308
14.15000,13.96704,-0.15203,1.38360,18.78792,0.85535,86.04305,0.15576,1.16190,7.09033,0.12670,0.09231,0.49208
14.20000,13.90757,-0.18742,1.38443,18.85688,0.85252,85.94462,0.15574,1.16406,7.09876,0.12622,0.09219,0.49207
14.25000,13.84820,-0.22306,1.38525,18.92593,0.84997,85.85512,0.15570,1.16606,7.10396,0.12578,0.09205,0.49219
14.30000,13.78890,-0.25888,1.38608,18.99505,0.84773,85.77672,0.15567,1.16780,7.10650,0.12537,0.09193,0.49240
14.35000,13.72963,-0.29484,1.38690,19.06426,0.84578,85.71081,0.15566,1.16918,7.10631,0.12498,0.09183,0.49268
14.40000,13.67036,-0.33088,1.38771,19.13354,0.84410,85.65708,0.15566,1.17028,7.10445,0.12462,0.09175,0.49304
14.45000,13.61107,-0.36695,1.38851,19.20287,0.84266,85.61645,0.15570,1.17105,7.10055,0.12428,0.09170,0.49346
14.50000,13.55173,-0.40303,1.38926,19.27221,0.89503,85.06878,0.15231,1.16855,7.42361,0.12246,0.09289,0.49284
14.55000,13.49234,-0.43909,1.39000,19.34161,0.89404,85.04842,0.15252,1.16782,7.42073,0.12215,0.09303,0.49320
14.60000,13.43286,-0.47508,1.39072,19.41125,0.89315,85.03811,0.15270,1.16709,7.41425,0.12182,0.09313,0.49368
14.65000,13.37328,-0.51097,1.39141,19.48118,0.89236,85.03802,0.15286,1.16632,7.40513,0.12147,0.09322,0.49425
14.70000,13.31359,-0.54673,1.39209,19.55130,0.89166,85.04662,0.15303,1.16544,7.39357,0.12111,0.09330,0.49489
14.75000,13.25376,-0.58234,1.39274,19.62140,0.89103,85.06050,0.15322,1.16446,7.38007,0.12073,0.09338,0.49559
14.80000,13.19379,-0.61777,1.39337,19.69140,0.89042,85.07541,0.15344,1.16343,7.36553,0.12034,0.09346,0.49633
14.85000,13.13367,-0.65300,1.39395,19.76130,0.94803,84.54334,0.15033,1.15957,7.66770,0.11844,0.09486,0.49606
14.90000,13.07339,-0.68802,1.39449,19.83110,0.94745,84.53517,0.15071,1.15767,7.65593,0.11803,0.09511,0.49671
14.95000,13.01294,-0.72279,1.39501,19.90087,0.94681,84.51633,0.15108,1.15599,7.64270,0.11759,0.09532,0.49742
15.00000,12.95231,-0.75730,1.39550,19.97065,0.94609,84.48435,0.15144,1.15456,7.62985,0.11716,0.09551,0.49816
15.05000,12.89149,-0.79151,1.39597,20.04047,0.94532,84.43804,0.15184,1.15322,7.61676,0.11672,0.09569,0.49891
15.10000,12.83046,-0.82540,1.39640,20.11032,0.94449,84.37361,0.15226,1.15201,7.60433,0.11627,0.09587,0.49964
15.15000,12.76922,-0.85896,1.39681,20.18020,0.94355,84.28642,0.15271,1.15106,7.59386,0.11585,0.09607,0.50036
15.20000,12.70776,-0.89215,1.39719,20.25009,0.94253,84.17467,0.15323,1.15022,7.58419,0.11542,0.09627,0.50107
15.25000,12.64607,-0.92496,1.39753,20.32001,1.00371,83.45164,0.15041,1.14702,7.88046,0.11350,0.09793,0.50079
15.30000,12.58416,-0.95736,1.39783,20.38994,1.00232,83.25447,0.15109,1.14601,7.87766,0.11309,0.09830,0.50133
15.35000,12.52200,-0.98933,1.39811,20.45988,1.00082,83.02850,0.15180,1.14531,7.87476,0.11266,0.09865,0.50189
15.40000,12.45958,-1.02082,1.39835,20.52985,0.99920,82.77542,0.15254,1.14485,7.87239,0.11223,0.09898,0.50246
15.45000,12.39689,-1.05180,1.39856,20.59983,0.99751,82.49801,0.15334,1.14458,7.87053,0.11179,0.09931,0.50303
15.50000,12.33393,-1.08224,1.39874,20.66982,0.99570,82.19675,0.15415,1.14462,7.87085,0.11138,0.09964,0.50360
15.55000,12.27068,-1.11208,1.39888,20.73984,0.99391,81.88005,0.15503,1.14466,7.87049,0.11095,0.09998,0.50415
15.60000,12.20712,-1.14129,1.39899,20.80987,0.99215,81.55288,0.15594,1.14472,7.87013,0.11052,0.10032,0.50469
15.65000,12.14325,-1.16982,1.39907,20.87992,0.99038,81.21905,0.15684,1.14499,7.87160,0.11013,0.10066,0.50521
15.70000,12.07905,-1.19760,1.39911,20.94999,0.98876,80.89026,0.15776,1.14509,7.87176,0.10974,0.10098,0.50570
15.75000,12.01451,-1.22459,1.39912,21.02008,0.98730,80.57195,0.15868,1.14510,7.87134,0.10935,0.10130,0.50616
15.80000,11.94962,-1.25071,1.39909,21.09020,0.98593,80.26640,0.15952,1.14520,7.87239,0.10901,0.10161,0.50659
15.85000,11.88436,-1.27590,1.39902,21.16035,0.98480,79.98301,0.16037,1.14506,7.87176,0.10868,0.10191,0.50698
15.90000,11.81872,-1.30007,1.39891,21.23053,0.98390,79.72472,0.16118,1.14472,7.87014,0.10836,0.10219,0.50734
15.95000,11.75269,-1.32315,1.39875,21.30076,0.98327,79.49478,0.16196,1.14413,7.86726,0.10806,0.10246,0.50766
16.00000,11.68627,-1.34503,1.39855,21.37104,0.98273,79.28740,0.16259,1.14378,7.86776,0.10786,0.10272,0.50794
16.05000,11.61945,-1.36563,1.39831,21.44138,0.98257,79.11452,0.16325,1.14291,7.86456,0.10764,0.10298,0.50820
16.10000,11.55223,-1.38482,1.39801,21.51178,0.98270,78.97150,0.16389,1.14176,7.86001,0.10743,0.10324,0.50844
16.15000,11.48462,-1.40250,1.39767,21.58227,0.98291,78.84755,0.16438,1.14086,7.85935,0.10735,0.10351,0.50865
16.20000,11.41661,-1.41853,1.39726,21.65284,0.98353,78.75225,0.16493,1.13939,7.85501,0.10724,0.10380,0.50885
16.25000,11.34823,-1.43278,1.39679,21.72351,0.98448,78.67886,0.16550,1.13755,7.84931,0.10715,0.10413,0.50905
16.30000,11.27949,-1.44509,1.39626,21.79428,0.98558,78.61507,0.16598,1.13590,7.84772,0.10720,0.10452,0.50925
16.35000,11.21045,-1.45531,1.39567,21.86516,0.98716,78.57009,0.16656,1.13359,7.84288,0.10724,0.10498,0.50947
16.40000,11.14114,-1.46326,1.39499,21.93614,0.98922,78.53856,0.16722,1.13075,7.83663,0.10732,0.10554,0.50972
16.45000,11.07163,-1.46878,1.39423,22.00723,0.99184,78.51877,0.16800,1.12725,7.82867,0.10745,0.10623,0.51001
16.50000,11.00200,-1.47167,1.39338,22.07840,0.99468,78.49184,0.16866,1.12411,7.82923,0.10782,0.10710,0.51033
16.55000,10.93236,-1.47173,1.39242,22.14964,0.99851,78.48156,0.16963,1.11956,7.82268,0.10816,0.10817,0.51073
16.60000,10.86283,-1.46877,1.39139,22.22094,1.00324,78.47883,0.17083,1.11399,7.81406,0.10858,0.10952,0.51120
16.65000,10.79357,-1.46260,1.39026,22.29226,1.00862,78.46645,0.17202,1.10832,7.81307,0.10928,0.11121,0.51175
16.70000,10.72475,-1.45303,1.38903,22.36358,1.01534,78.46626,0.17361,1.10096,7.80571,0.11001,0.11331,0.51240
16.75000,10.65659,-1.43988,1.38769,22.43486,1.02336,78.47160,0.17554,1.09227,7.79591,0.11086,0.11590,0.51316
16.80000,10.58934,-1.42298,1.38625,22.50604,1.03274,78.48260,0.17784,1.08220,7.78333,0.11183,0.11904,0.51401
16.85000,10.52327,-1.40220,1.38472,22.57708,1.04276,78.47218,0.18004,1.07254,7.78417,0.11321,0.12280,0.51494
16.90000,10.45867,-1.37741,1.38312,22.64792,1.05435,78.47955,0.18282,1.06094,7.77381,0.11452,0.12716,0.51594
16.95000,10.39588,-1.34855,1.38144,22.71851,1.06692,78.49103,0.18590,1.04855,7.76118,0.11589,0.13209,0.51698
17.00000,10.33525,-1.31556,1.37972,22.78880,1.07953,78.48140,0.18876,1.03724,7.76147,0.11757,0.13752,0.51802
17.05000,10.27714,-1.27848,1.37797,22.85875,1.09273,78.48361,0.19196,1.02523,7.75362,0.11912,0.14324,0.51903
17.10000,10.22193,-1.23735,1.37621,22.92831,1.10590,78.48716,0.19520,1.01352,7.74454,0.12060,0.14908,0.51999
17.15000,10.16999,-1.19230,1.37447,22.99744,1.11872,78.49189,0.19842,1.00234,7.73424,0.12198,0.15484,0.52087
17.20000,10.12169,-1.14350,1.37277,23.06614,1.12988,78.45762,0.20079,0.99417,7.74629,0.12368,0.16038,0.52165
17.25000,10.07735,-1.09117,1.37115,23.13438,1.14084,78.44303,0.20344,0.98555,7.74381,0.12497,0.16550,0.52234
17.30000,10.03731,-1.03559,1.36962,23.20217,1.15092,78.42617,0.20594,0.97779,7.74054,0.12610,0.17014,0.52292
17.35000,10.00184,-0.97707,1.36822,23.26951,1.15904,78.36779,0.20749,0.97302,7.75915,0.12751,0.17430,0.52339
17.40000,9.97116,-0.91598,1.36693,23.33640,1.16679,78.32406,0.20928,0.96788,7.76418,0.12853,0.17790,0.52377
17.45000,9.94546,-0.85270,1.36589,23.40289,1.12452,77.87610,0.20538,0.97804,7.53857,0.13415,0.18503,0.52552
17.50000,9.92485,-0.78763,1.36489,23.46902,1.12869,77.73027,0.20598,0.97710,7.56041,0.13525,0.18710,0.52580
17.55000,9.90943,-0.72119,1.36404,23.53480,1.13282,77.61388,0.20690,0.97539,7.57015,0.13603,0.18892,0.52597
17.60000,9.89923,-0.65379,1.36335,23.60026,1.13642,77.49732,0.20776,0.97400,7.58021,0.13671,0.19052,0.52602
17.65000,9.89424,-0.58584,1.36281,23.66541,1.13850,77.33281,0.20777,0.97511,7.61412,0.13775,0.19191,0.52596
17.70000,9.89438,-0.51773,1.36238,23.73030,1.14072,77.17475,0.20818,0.97532,7.63482,0.13847,0.19304,0.52582
17.75000,9.89955,-0.44983,1.36207,23.79501,1.14254,76.99761,0.20854,0.97583,7.65643,0.13914,0.19395,0.52558
17.80000,9.90961,-0.38249,1.36205,23.85958,1.09415,76.33726,0.20257,0.99398,7.46894,0.14473,0.19859,0.52665
17.85000,9.92433,-0.31602,1.36194,23.92405,1.09383,76.03461,0.20240,0.99712,7.49695,0.14544,0.19841,0.52634
17.90000,9.94356,-0.25071,1.36194,23.98841,1.09273,75.70172,0.20177,1.00178,7.54257,0.14641,0.19831,0.52589
17.95000,9.96709,-0.18682,1.36202,24.05272,1.09173,75.36789,0.20131,1.00605,7.58430,0.14728,0.19818,0.52532
18.00000,9.99469,-0.12457,1.36217,24.11698,1.09066,75.02509,0.20087,1.01039,7.62669,0.14813,0.19801,0.52464
18.05000,10.02611,-0.06416,1.36238,24.18124,1.08887,74.65020,0.19995,1.01627,7.68395,0.14922,0.19778,0.52384
18.10000,10.06111,-0.00572,1.36264,24.24553,1.08737,74.29033,0.19924,1.02151,7.73303,0.15017,0.19744,0.52296
18.15000,10.09944,0.05060,1.36294,24.30985,1.08594,73.94670,0.19854,1.02661,7.77962,0.15107,0.19700,0.52201
18.20000,10.14084,0.10473,1.36346,24.37423,1.03671,73.15462,0.19214,1.04889,7.60903,0.15619,0.20030,0.52262
18.25000,10.18503,0.15664,1.36379,24.43871,1.03436,72.79943,0.19108,1.05525,7.65032,0.15700,0.19889,0.52178
18.30000,10.23183,0.20622,1.36414,24.50327,1.03256,72.52456,0.19001,1.06082,7.68831,0.15777,0.19763,0.52088
18.35000,10.28105,0.25345,1.36451,24.56794,1.03074,72.31094,0.18850,1.06698,7.73586,0.15869,0.19646,0.51992
18.40000,10.33247,0.29829,1.36492,24.63273,1.02988,72.20887,0.18720,1.07142,7.76983,0.15942,0.19529,0.51894
18.45000,10.38590,0.34075,1.36539,24.69767,1.02970,72.21388,0.18584,1.07487,7.79814,0.16010,0.19410,0.51794
18.50000,10.44114,0.38088,1.36594,24.76276,1.02967,72.31022,0.18401,1.07869,7.83319,0.16091,0.19289,0.51691
18.55000,10.49800,0.41873,1.36654,24.82804,1.03069,72.54370,0.18232,1.08073,7.85463,0.16155,0.19158,0.51585
18.60000,10.55628,0.45442,1.36731,24.89352,0.98733,72.44377,0.17588,1.09782,7.64430,0.16560,0.19408,0.51666
18.65000,10.61579,0.48810,1.36799,24.95922,0.98855,72.83747,0.17360,1.09981,7.66066,0.16624,0.19186,0.51574
18.70000,10.67639,0.51983,1.36867,25.02513,0.99095,73.38721,0.17139,1.09999,7.66697,0.16678,0.18973,0.51473
18.75000,10.73796,0.54973,1.36937,25.09128,0.99389,74.05235,0.16893,1.09985,7.67633,0.16739,0.18768,0.51361
18.80000,10.80037,0.57793,1.37007,25.15767,0.99762,74.82528,0.16647,1.09863,7.68024,0.16797,0.18566,0.51241
18.85000,10.86349,0.60459,1.37076,25.22430,1.00189,75.67359,0.16399,1.09678,7.68170,0.16853,0.18366,0.51114
18.90000,10.92722,0.62983,1.37145,25.29118,1.00635,76.55882,0.16143,1.09491,7.68548,0.16914,0.18170,0.50981
18.95000,10.99147,0.65383,1.37212,25.35831,1.01109,77.46021,0.15902,1.09253,7.68541,0.16968,0.17979,0.50846
19.00000,11.05615,0.67677,1.37284,25.42568,0.97162,77.92829,0.15318,1.10581,7.44924,0.17305,0.18182,0.50932
19.05000,11.12116,0.69884,1.37347,25.49331,0.97536,78.70577,0.15106,1.10401,7.44294,0.17345,0.17929,0.50826
19.10000,11.18645,0.72018,1.37407,25.56117,0.97908,79.44971,0.14916,1.10203,7.43658,0.17381,0.17707,0.50719
19.15000,11.25196,0.74092,1.37464,25.62927,0.98259,80.13983,0.14745,1.10013,7.43135,0.17414,0.17513,0.50615
19.20000,11.31763,0.76124,1.37518,25.69761,0.98575,80.76533,0.14593,1.09845,7.42740,0.17443,0.17340,0.50514
19.25000,11.38342,0.78129,1.37567,25.76618,0.98850,81.32108,0.14459,1.09710,7.42497,0.17468,0.17186,0.50420
19.30000,11.44926,0.80122,1.37613,25.83502,0.99085,81.80928,0.14343,1.09597,7.42246,0.17489,0.17046,0.50333
19.35000,11.51512,0.82119,1.37655,25.90417,0.99274,82.23226,0.14241,1.09518,7.42085,0.17505,0.16918,0.50253
19.40000,11.58094,0.84133,1.37692,25.97363,0.99426,82.59796,0.14155,1.09456,7.41824,0.17517,0.16797,0.50180
19.45000,11.64669,0.86179,1.37725,26.04339,0.99533,82.91002,0.14078,1.09429,7.41660,0.17525,0.16682,0.50115
19.50000,11.71230,0.88271,1.37753,26.11340,0.99601,83.17555,0.14011,1.09433,7.41553,0.17531,0.16572,0.50055
19.55000,11.77773,0.90424,1.37777,26.18354,0.99644,83.40525,0.13955,1.09434,7.41164,0.17530,0.16463,0.50001
19.60000,11.84293,0.92651,1.37797,26.25366,0.99648,83.59868,0.13904,1.09472,7.40939,0.17528,0.16356,0.49953
19.65000,11.90783,0.94964,1.37812,26.32377,0.99622,83.76235,0.13858,1.09534,7.40748,0.17524,0.16249,0.49908
19.70000,11.97238,0.97377,1.37824,26.39394,0.99583,83.90643,0.13822,1.09578,7.40182,0.17514,0.16141,0.49868
19.75000,12.03650,0.99901,1.37832,26.46423,0.99514,84.02802,0.13786,1.09655,7.39797,0.17503,0.16034,0.49831
19.80000,12.10013,1.02549,1.37837,26.53461,0.99423,84.13229,0.13753,1.09751,7.39440,0.17491,0.15924,0.49796
19.85000,12.16319,1.05329,1.37839,26.60504,0.99310,84.22186,0.13720,1.09867,7.39127,0.17477,0.15814,0.49764
19.90000,12.22560,1.08253,1.37838,26.67549,0.99207,84.30896,0.13700,1.09923,7.38097,0.17455,0.15700,0.49734
19.95000,12.28728,1.11329,1.37835,26.74594,0.99071,84.38073,0.13674,1.10038,7.37541,0.17436,0.15585,0.49705
20.00000,12.34812,1.14564,1.37829,26.81636,0.98917,84.44362,0.13648,1.10170,7.37036,0.17416,0.15468,0.49678
20.05000,12.40805,1.17966,1.37822,26.88674,0.98774,84.50841,0.13633,1.10247,7.35848,0.17387,0.15347,0.49652
20.10000,12.46697,1.21539,1.37814,26.95706,0.98602,84.56242,0.13611,1.10376,7.35093,0.17362,0.15225,0.49626
20.15000,12.52478,1.25289,1.37806,27.02730,0.98415,84.61057,0.13589,1.10523,7.34403,0.17335,0.15101,0.49601
20.20000,12.58137,1.29219,1.37796,27.09744,0.98240,84.66196,0.13575,1.10618,7.33108,0.17302,0.14975,0.49578
20.25000,12.63666,1.33329,1.37787,27.16748,0.98044,84.70543,0.13557,1.10753,7.32165,0.17271,0.14849,0.49555
20.30000,12.69053,1.37622,1.37779,27.23739,0.97839,84.74435,0.13538,1.10900,7.31297,0.17240,0.14724,0.49534
20.35000,12.74291,1.42097,1.37771,27.30717,0.97626,84.77883,0.13519,1.11059,7.30511,0.17209,0.14601,0.49514
20.40000,12.79368,1.46751,1.37765,27.37679,0.97445,84.82201,0.13514,1.11127,7.28786,0.17167,0.14479,0.49496
20.45000,12.84277,1.51583,1.37760,27.44626,0.97236,84.85473,0.13499,1.11262,7.27744,0.17132,0.14361,0.49480
20.50000,12.89009,1.56588,1.37757,27.51559,0.97022,84.88380,0.13484,1.11408,7.26791,0.17098,0.14245,0.49466
20.55000,12.93556,1.61761,1.37756,27.58479,0.96837,84.92091,0.13481,1.11473,7.25014,0.17055,0.14131,0.49455
20.60000,12.97911,1.67097,1.37757,27.65384,0.96630,84.94938,0.13471,1.11594,7.23828,0.17017,0.14022,0.49445
20.65000,13.02067,1.72590,1.37761,27.72275,0.96419,84.97451,0.13459,1.11725,7.22748,0.16981,0.13916,0.49437
20.70000,13.06019,1.78231,1.37767,27.79151,0.96235,85.00634,0.13458,1.11785,7.20960,0.16936,0.13813,0.49432
20.75000,13.09761,1.84014,1.37776,27.86016,0.96035,85.03046,0.13452,1.11889,7.19673,0.16897,0.13716,0.49430
20.80000,13.13290,1.89930,1.37788,27.92869,0.95835,85.05090,0.13444,1.12001,7.18502,0.16859,0.13624,0.49430
20.85000,13.16603,1.95970,1.37802,27.99713,0.95662,85.07633,0.13447,1.12048,7.16730,0.16815,0.13538,0.49434
20.90000,13.19697,2.02127,1.37818,28.06548,0.95480,85.09475,0.13445,1.12127,7.15375,0.16777,0.13458,0.49441
20.95000,13.22570,2.08390,1.37838,28.13375,0.95300,85.10923,0.13443,1.12211,7.14144,0.16740,0.13385,0.49451
21.00000,13.25223,2.14751,1.37860,28.20195,0.93246,85.95349,0.13941,1.11013,7.04318,0.16480,0.12701,0.49311
21.05000,13.27653,2.21202,1.37885,28.27008,0.93138,86.02528,0.13944,1.11065,7.02309,0.16438,0.12650,0.49325
21.10000,13.29863,2.27733,1.37912,28.33817,0.93003,86.06888,0.13941,1.11164,7.01043,0.16404,0.12604,0.49344
21.15000,13.31854,2.34335,1.37941,28.40622,0.92866,86.09665,0.13940,1.11255,6.99875,0.16372,0.12562,0.49367
21.20000,13.33627,2.41001,1.37973,28.47424,0.92762,86.12289,0.13956,1.11248,6.97872,0.16329,0.12525,0.49396
21.25000,13.35186,2.47721,1.38007,28.54224,0.92640,86.13333,0.13965,1.11289,6.96542,0.16296,0.12494,0.49427
21.30000,13.36533,2.54490,1.38043,28.61022,0.92521,86.13493,0.13975,1.11326,6.95320,0.16264,0.12470,0.49463
21.35000,13.37671,2.61298,1.38082,28.67821,0.90628,86.92104,0.14571,1.09999,6.84604,0.15976,0.11902,0.49350
21.40000,13.38606,2.68139,1.38122,28.74620,0.90557,86.95703,0.14581,1.10054,6.83304,0.15948,0.11898,0.49389
21.45000,13.39341,2.75007,1.38165,28.81420,0.90482,86.96961,0.14597,1.10092,6.82104,0.15921,0.11897,0.49433
21.50000,13.39881,2.81895,1.38209,28.88223,0.90433,86.97251,0.14630,1.10046,6.80282,0.15886,0.11900,0.49482
21.55000,13.40230,2.88797,1.38256,28.95027,0.90373,86.95781,0.14660,1.10027,6.78988,0.15858,0.11911,0.49534
21.60000,13.40395,2.95709,1.38304,29.01835,0.90317,86.93191,0.14692,1.10000,6.77809,0.15833,0.11927,0.49589
21.65000,13.40379,3.02625,1.38354,29.08646,0.90288,86.90328,0.14738,1.09905,6.76112,0.15802,0.11950,0.49646
21.70000,13.40190,3.09541,1.38407,29.15462,0.88508,87.60565,0.15444,1.08558,6.66087,0.15511,0.11470,0.49557
21.75000,13.39832,3.16454,1.38461,29.22282,0.88502,87.59649,0.15484,1.08539,6.64994,0.15493,0.11506,0.49617
21.80000,13.39311,3.23358,1.38517,29.29107,0.88511,87.57081,0.15541,1.08452,6.63461,0.15468,0.11545,0.49681
21.85000,13.38634,3.30252,1.38575,29.35937,0.88511,87.52562,0.15598,1.08377,6.62308,0.15450,0.11590,0.49747
21.90000,13.37805,3.37132,1.38635,29.42773,0.88514,87.46641,0.15660,1.08294,6.61277,0.15433,0.11641,0.49815
21.95000,13.36830,3.43997,1.38696,29.49615,0.88535,87.39971,0.15735,1.08161,6.59925,0.15413,0.11698,0.49885
22.00000,13.35716,3.50843,1.38760,29.56464,0.88554,87.32051,0.15809,1.08042,6.58906,0.15398,0.11762,0.49955
22.05000,13.34468,3.57669,1.38825,29.63319,0.88580,87.23205,0.15886,1.07917,6.58017,0.15386,0.11832,0.50026
22.10000,13.33092,3.64474,1.38893,29.70182,0.86918,87.85742,0.16756,1.06512,6.48509,0.15095,0.11405,0.49955
22.15000,13.31593,3.71257,1.38962,29.77052,0.87000,87.79458,0.16850,1.06369,6.47348,0.15084,0.11482,0.50025
22.20000,13.29979,3.78016,1.39033,29.83929,0.87070,87.71066,0.16942,1.06244,6.46638,0.15081,0.11563,0.50096
22.25000,13.28253,3.84752,1.39107,29.90813,0.87142,87.61426,0.17039,1.06110,6.46033,0.15080,0.11649,0.50166
22.30000,13.26421,3.91464,1.39182,29.97705,0.87231,87.51298,0.17148,1.05928,6.45114,0.15075,0.11740,0.50236
22.35000,13.24490,3.98152,1.39259,30.04604,0.87315,87.40169,0.17254,1.05767,6.44582,0.15077,0.11836,0.50305
22.40000,13.22464,4.04815,1.39338,30.11511,0.87403,87.28408,0.17360,1.05605,6.44169,0.15081,0.11936,0.50372
22.45000,13.20348,4.11455,1.39419,30.18426,0.85847,87.87608,0.18402,1.04143,6.34883,0.14790,0.11522,0.50303
22.50000,13.18148,4.18072,1.39503,30.25349,0.85970,87.77934,0.18513,1.04002,6.34606,0.14800,0.11621,0.50365
22.55000,13.15869,4.24666,1.39588,30.32279,0.86087,87.66880,0.18628,1.03856,6.34433,0.14812,0.11721,0.50426
22.60000,13.13515,4.31239,1.39675,30.39218,0.86209,87.55217,0.18750,1.03685,6.34133,0.14822,0.11823,0.50485
22.65000,13.11091,4.37791,1.39766,30.46164,0.86327,87.42927,0.18867,1.03528,6.34083,0.14836,0.11927,0.50540
22.70000,13.08602,4.44323,1.39861,30.53119,0.86446,87.30375,0.18981,1.03374,6.34152,0.14853,0.12033,0.50592
22.75000,13.06050,4.50837,1.39962,30.60082,0.86570,87.17898,0.19097,1.03208,6.34175,0.14869,0.12140,0.50641
22.80000,13.03441,4.57333,1.40068,30.67053,0.86691,87.05370,0.19205,1.03058,6.34398,0.14890,0.12248,0.50686
22.85000,13.00778,4.63814,1.40180,30.74032,0.86811,86.92943,0.19308,1.02916,6.34742,0.14912,0.12354,0.50727
22.90000,12.98066,4.70280,1.40297,30.81020,0.86929,86.80674,0.19405,1.02784,6.35198,0.14936,0.12459,0.50764
22.95000,12.95309,4.76734,1.40418,30.88016,0.87049,86.68770,0.19500,1.02650,6.35607,0.14959,0.12561,0.50796
23.00000,12.92513,4.83177,1.40542,30.95020,0.88858,85.80231,0.18577,1.03802,6.44907,0.15274,0.13283,0.50948
23.05000,12.89680,4.89611,1.40669,31.02033,0.88940,85.65654,0.18657,1.03678,6.45618,0.15299,0.13386,0.50974
23.10000,12.86815,4.96038,1.40799,31.09054,0.89032,85.52570,0.18730,1.03563,6.46345,0.15324,0.13486,0.50994
23.15000,12.83922,5.02460,1.40931,31.16084,0.89124,85.40468,0.18791,1.03469,6.47242,0.15352,0.13582,0.51008
23.20000,12.81003,5.08877,1.41065,31.23123,0.89218,85.29255,0.18844,1.03391,6.48234,0.15381,0.13673,0.51018
23.25000,12.78063,5.15292,1.41201,31.30169,0.89314,85.18930,0.18891,1.03321,6.49253,0.15411,0.13758,0.51024
23.30000,12.75104,5.21706,1.41338,31.37224,0.89407,85.09373,0.18928,1.03266,6.50382,0.15443,0.13836,0.51025
23.35000,12.72129,5.28120,1.41475,31.44285,0.91263,84.16209,0.17994,1.04486,6.60322,0.15746,0.14617,0.51143
23.40000,12.69139,5.34534,1.41612,31.51355,0.91325,84.04500,0.18024,1.04423,6.61546,0.15775,0.14683,0.51139
23.45000,12.66137,5.40951,1.41749,31.58434,0.91398,83.95041,0.18045,1.04370,6.62794,0.15805,0.14746,0.51129
23.50000,12.63124,5.47370,1.41885,31.65521,0.91476,83.87288,0.18055,1.04335,6.64125,0.15837,0.14803,0.51116
23.55000,12.60102,5.53792,1.42021,31.72613,0.91557,83.80999,0.18058,1.04311,6.65495,0.15869,0.14854,0.51098
23.60000,12.57071,5.60217,1.42156,31.79710,0.91640,83.76045,0.18053,1.04296,6.66868,0.15901,0.14897,0.51078
23.65000,12.54032,5.66646,1.42289,31.86819,0.91725,83.72283,0.18042,1.04290,6.68278,0.15934,0.14935,0.51054
23.70000,12.50986,5.73079,1.42419,31.93951,0.93639,82.78965,0.17131,1.05555,6.78482,0.16218,0.15729,0.51148
23.75000,12.47932,5.79515,1.42546,32.01114,0.93697,82.73041,0.17120,1.05521,6.79883,0.16247,0.15749,0.51122
23.80000,12.44870,5.85955,1.42671,32.08297,0.93769,82.69969,0.17101,1.05496,6.81281,0.16277,0.15768,0.51091
23.85000,12.41799,5.92397,1.42794,32.15490,0.93850,82.69203,0.17073,1.05483,6.82703,0.16308,0.15781,0.51058
23.90000,12.38720,5.98842,1.42913,32.22682,0.93937,82.70438,0.17037,1.05478,6.84117,0.16339,0.15790,0.51021
23.95000,12.35630,6.05288,1.43029,32.29860,0.94029,82.73487,0.16997,1.05476,6.85477,0.16370,0.15793,0.50983
24.00000,12.32528,6.11735,1.43141,32.37019,0.94123,82.78087,0.16951,1.05480,6.86817,0.16401,0.15791,0.50942
24.05000,12.29414,6.18182,1.43251,32.44174,0.96113,81.89102,0.16101,1.06751,6.96884,0.16661,0.16578,0.51025
24.10000,12.26285,6.24628,1.43357,32.51334,0.96183,81.91229,0.16065,1.06711,6.98109,0.16686,0.16559,0.50987
24.15000,12.23139,6.31072,1.43460,32.58503,0.96268,81.96352,0.16023,1.06676,6.99246,0.16711,0.16539,0.50946
24.20000,12.19975,6.37512,1.43560,32.65677,0.96358,82.03614,0.15974,1.06656,7.00399,0.16737,0.16517,0.50904
24.25000,12.16791,6.43947,1.43657,32.72856,0.96448,82.12545,0.15921,1.06647,7.01530,0.16763,0.16491,0.50860
24.30000,12.13583,6.50377,1.43751,32.80040,0.96537,82.22879,0.15865,1.06646,7.02559,0.16786,0.16458,0.50815
24.35000,12.10349,6.56799,1.43843,32.87229,0.96611,82.34173,0.15803,1.06669,7.03616,0.16809,0.16414,0.50768
24.40000,12.07088,6.63211,1.43931,32.94425,0.98618,81.49132,0.15044,1.07988,7.13381,0.17039,0.17169,0.50846
24.45000,12.03795,6.69613,1.44016,33.01626,0.98621,81.56180,0.14990,1.08011,7.14404,0.17053,0.17087,0.50799
24.50000,12.00468,6.76001,1.44098,33.08832,0.98622,81.65754,0.14933,1.08050,7.15287,0.17064,0.16998,0.50748
24.55000,11.97103,6.82374,1.44178,33.16042,0.98599,81.76744,0.14867,1.08138,7.16281,0.17075,0.16897,0.50695
24.60000,11.93698,6.88730,1.44255,33.23259,0.98599,81.88703,0.14804,1.08209,7.17222,0.17087,0.16810,0.50644
24.65000,11.90248,6.95067,1.44329,33.30481,0.98662,82.01442,0.14754,1.08206,7.17889,0.17102,0.16758,0.50601
24.70000,11.86750,7.01381,1.44401,33.37709,0.98690,82.14233,0.14699,1.08252,7.18654,0.17115,0.16690,0.50555
24.75000,11.83201,7.07670,1.44470,33.44942,0.98729,82.26949,0.14646,1.08288,7.19379,0.17129,0.16630,0.50512
24.80000,11.79596,7.13932,1.44537,33.52181,0.98791,82.39428,0.14600,1.08299,7.20046,0.17144,0.16588,0.50474
24.85000,11.75932,7.20163,1.44602,33.59425,0.98862,82.51913,0.14560,1.08286,7.20426,0.17156,0.16548,0.50438
24.90000,11.72205,7.26360,1.44664,33.66675,0.98916,82.63783,0.14518,1.08300,7.20946,0.17168,0.16505,0.50403
24.95000,11.68412,7.32521,1.44724,33.73930,0.98951,82.75156,0.14475,1.08336,7.21479,0.17179,0.16455,0.50369
25.00000,11.64548,7.38641,1.44782,33.81191,0.98962,82.85989,0.14430,1.08396,7.22036,0.17188,0.16395,0.50333
25.05000,11.60610,7.44716,1.44838,33.88456,0.98968,82.96801,0.14391,1.08438,7.22214,0.17191,0.16328,0.50298
25.10000,11.56594,7.50744,1.44891,33.95727,0.98954,83.06748,0.14349,1.08512,7.22637,0.17196,0.16260,0.50264
25.15000,11.52497,7.56721,1.44943,34.03002,0.98937,83.16113,0.14308,1.08587,7.23054,0.17200,0.16194,0.50232
25.20000,11.48315,7.62641,1.44992,34.10282,0.98941,83.25370,0.14278,1.08616,7.23101,0.17201,0.16138,0.50204
25.25000,11.44045,7.68501,1.45040,34.17566,0.98955,83.33888,0.14249,1.08638,7.23280,0.17205,0.16096,0.50180
25.30000,11.39684,7.74297,1.45086,34.24853,0.98978,83.41987,0.14225,1.08647,7.23415,0.17210,0.16063,0.50159
25.35000,11.35230,7.80024,1.45131,34.32145,0.99009,83.49837,0.14203,1.08644,7.23489,0.17214,0.16038,0.50144
25.40000,11.30678,7.85677,1.45174,34.39439,0.99064,83.58316,0.14193,1.08582,7.23001,0.17213,0.16019,0.50134
25.45000,11.26028,7.91252,1.45215,34.46736,0.99016,83.66630,0.14164,1.08649,7.22823,0.17208,0.15950,0.50117
25.50000,11.21278,7.96744,1.45255,34.54035,0.98931,83.75025,0.14131,1.08749,7.22615,0.17198,0.15864,0.50099
25.55000,11.16425,8.02148,1.45294,34.61336,0.98857,83.83506,0.14102,1.08828,7.22311,0.17189,0.15788,0.50088
25.60000,11.11467,8.07460,1.45331,34.68639,0.98742,83.92902,0.14074,1.08915,7.21424,0.17168,0.15680,0.50073
25.65000,11.06404,8.12674,1.45368,34.75943,0.98569,83.99525,0.14035,1.09096,7.21299,0.17151,0.15556,0.50047
25.70000,11.01235,8.17784,1.45403,34.83247,0.98370,84.04770,0.13993,1.09309,7.21375,0.17133,0.15424,0.50016
25.75000,10.95957,8.22785,1.45438,34.90552,0.98182,84.11000,0.13960,1.09478,7.20870,0.17109,0.15291,0.49989
25.80000,10.90573,8.27674,1.45474,34.97856,0.97983,84.15402,0.13924,1.09676,7.20815,0.17089,0.15164,0.49959
25.85000,10.85084,8.32448,1.45508,35.05160,0.97782,84.18808,0.13889,1.09880,7.20873,0.17070,0.15042,0.49928
25.90000,10.79491,8.37101,1.45539,35.12463,0.97577,84.21736,0.13854,1.10089,7.20963,0.17051,0.14921,0.49898
25.95000,10.73792,8.41628,1.45570,35.19764,0.97388,84.25188,0.13829,1.10248,7.20458,0.17024,0.14800,0.49871
26.00000,10.67988,8.46021,1.45601,35.27065,0.97178,84.28025,0.13800,1.10445,7.20252,0.17001,0.14680,0.49846
26.05000,10.62080,8.50276,1.45633,35.34363,0.96955,84.30154,0.13772,1.10654,7.20035,0.16975,0.14560,0.49825
26.10000,10.56069,8.54387,1.45667,35.41658,0.96715,84.31021,0.13746,1.10878,7.19844,0.16949,0.14442,0.49807
26.15000,10.49958,8.58350,1.45701,35.48949,0.96483,84.30891,0.13733,1.11052,7.19037,0.16913,0.14327,0.49793
26.20000,10.43749,8.62163,1.45736,35.56238,0.96220,84.28467,0.13715,1.11286,7.18790,0.16882,0.14214,0.49780
26.25000,10.37446,8.65821,1.45772,35.63527,0.95940,84.23669,0.13699,1.11543,7.18721,0.16851,0.14105,0.49766
26.30000,10.31051,8.69319,1.45809,35.70815,0.95669,84.18002,0.13691,1.11766,7.18312,0.16815,0.13997,0.49751
26.35000,10.24569,8.72657,1.45848,35.78100,0.95419,84.16027,0.13668,1.11999,7.18222,0.16785,0.13881,0.49727
26.40000,10.18002,8.75829,1.45888,35.85381,0.95162,84.12785,0.13646,1.12246,7.18304,0.16757,0.13770,0.49702
26.45000,10.11355,8.78836,1.45929,35.92657,0.94903,84.09539,0.13625,1.12493,7.18305,0.16728,0.13662,0.49682
26.50000,10.04632,8.81674,1.45972,35.99932,0.94691,84.12337,0.13610,1.12641,7.17217,0.16690,0.13550,0.49674
26.55000,9.97838,8.84344,1.46016,36.07205,0.94474,84.14667,0.13588,1.12823,7.16636,0.16657,0.13445,0.49661
26.60000,9.90978,8.86845,1.46063,36.14477,0.92405,85.04915,0.14084,1.11707,7.07294,0.16396,0.12724,0.49505
26.65000,9.84056,8.89176,1.46110,36.21747,0.92224,85.14106,0.14052,1.11928,7.06439,0.16364,0.12641,0.49504
26.70000,9.77077,8.91339,1.46160,36.29018,0.92057,85.21770,0.14038,1.12062,7.04813,0.16321,0.12562,0.49513
26.75000,9.70045,8.93334,1.46210,36.36292,0.91871,85.26979,0.14023,1.12222,7.03625,0.16283,0.12488,0.49526
26.80000,9.62966,8.95162,1.46262,36.43569,0.91682,85.30692,0.14011,1.12371,7.02477,0.16244,0.12418,0.49541
26.85000,9.55843,8.96825,1.46315,36.50838,0.91510,85.33986,0.14007,1.12471,7.00996,0.16201,0.12351,0.49558
26.90000,9.48681,8.98324,1.46370,36.58095,0.89561,86.18958,0.14568,1.11296,6.91092,0.15912,0.11753,0.49423
26.95000,9.41485,8.99661,1.46427,36.65352,0.89429,86.27577,0.14543,1.11461,6.90077,0.15881,0.11702,0.49434
27.00000,9.34258,9.00840,1.46485,36.72638,0.89299,86.35297,0.14518,1.11605,6.89151,0.15851,0.11651,0.49447
27.05000,9.27004,9.01862,1.46543,36.79956,0.89184,86.42827,0.14501,1.11699,6.87938,0.15819,0.11601,0.49462
27.10000,9.19727,9.02730,1.46601,36.87275,0.89072,86.50463,0.14477,1.11797,6.87029,0.15792,0.11553,0.49477
27.15000,9.12431,9.03444,1.46660,36.94571,0.88938,86.53983,0.14465,1.11905,6.86194,0.15763,0.11515,0.49501
27.20000,9.05118,9.04007,1.46720,37.01846,0.88777,86.52751,0.14467,1.12033,6.85501,0.15731,0.11486,0.49536
27.25000,8.97792,9.04421,1.46782,37.09124,0.86956,87.29475,0.15104,1.10783,6.75346,0.15424,0.10998,0.49419
27.30000,8.90456,9.04688,1.46844,37.16413,0.86837,87.31023,0.15107,1.10921,6.74443,0.15393,0.10983,0.49457
27.35000,8.83114,9.04812,1.46908,37.23711,0.86698,87.28326,0.15124,1.11047,6.73522,0.15358,0.10972,0.49503
27.40000,8.75767,9.04795,1.46974,37.31013,0.86569,87.23796,0.15159,1.11113,6.72130,0.15315,0.10965,0.49555
27.45000,8.68418,9.04638,1.47041,37.38317,0.86434,87.17810,0.15195,1.11184,6.70979,0.15274,0.10961,0.49609
27.50000,8.61071,9.04347,1.47109,37.45623,0.86306,87.11404,0.15232,1.11240,6.69843,0.15235,0.10959,0.49664
27.55000,8.53726,9.03923,1.47179,37.52931,0.86186,87.04844,0.15271,1.11282,6.68736,0.15197,0.10960,0.49718
27.60000,8.46386,9.03370,1.47251,37.60242,0.84466,87.71620,0.16042,1.09975,6.58490,0.14865,0.10551,0.49626
27.65000,8.39053,9.02692,1.47325,37.67557,0.84389,87.68129,0.16081,1.10029,6.57363,0.14831,0.10559,0.49679
27.70000,8.31728,9.01893,1.47401,37.74876,0.84308,87.62812,0.16127,1.10067,6.56289,0.14797,0.10568,0.49733
27.75000,8.24414,9.00975,1.47479,37.82199,0.84226,87.56141,0.16178,1.10092,6.55277,0.14763,0.10580,0.49789
27.80000,8.17110,8.99944,1.47559,37.89528,0.84158,87.48829,0.16241,1.10070,6.53952,0.14725,0.10594,0.49846
27.85000,8.09819,8.98802,1.47641,37.96861,0.84086,87.40437,0.16301,1.10064,6.52957,0.14693,0.10612,0.49903
27.90000,8.02541,8.97556,1.47725,38.04201,0.84017,87.31330,0.16364,1.10052,6.52039,0.14662,0.10633,0.49960
27.95000,7.95277,8.96208,1.47812,38.11547,0.82405,87.92941,0.17265,1.08732,6.42476,0.14328,0.10274,0.49876
28.00000,7.88026,8.94763,1.47901,38.18899,0.82379,87.86167,0.17338,1.08713,6.41401,0.14298,0.10299,0.49932
28.05000,7.80790,8.93227,1.47993,38.26258,0.82344,87.77649,0.17411,1.08705,6.40632,0.14274,0.10325,0.49988
28.10000,7.73569,8.91604,1.48086,38.33623,0.82308,87.68131,0.17487,1.08689,6.39941,0.14251,0.10352,0.50044
28.15000,7.66361,8.89897,1.48181,38.40995,0.82280,87.58155,0.17569,1.08646,6.39135,0.14226,0.10382,0.50100
28.20000,7.59168,8.88113,1.48279,38.48374,0.82253,87.47627,0.17649,1.08609,6.38536,0.14206,0.10414,0.50154
28.25000,7.51988,8.86256,1.48379,38.55760,0.82230,87.36814,0.17729,1.08567,6.38024,0.14189,0.10448,0.50208
28.30000,7.44820,8.84331,1.48481,38.63154,0.82214,87.25835,0.17809,1.08520,6.37591,0.14174,0.10484,0.50259
28.35000,7.37665,8.82343,1.48585,38.70555,0.82208,87.14941,0.17893,1.08454,6.37085,0.14160,0.10523,0.50309
28.40000,7.30520,8.80296,1.48691,38.77964,0.82206,87.03938,0.17973,1.08392,6.36756,0.14150,0.10564,0.50358
28.45000,7.23386,8.78196,1.48799,38.85381,0.82211,86.92964,0.18052,1.08327,6.36502,0.14142,0.10607,0.50405
28.50000,7.16260,8.76048,1.48909,38.92805,0.82222,86.82056,0.18131,1.08257,6.36313,0.14138,0.10652,0.50450
28.55000,7.09141,8.73856,1.49021,39.00237,0.82243,86.71351,0.18211,1.08174,6.36086,0.14134,0.10699,0.50494
28.60000,7.02029,8.71625,1.49135,39.07677,0.82269,86.60700,0.18288,1.08095,6.35997,0.14134,0.10748,0.50537
28.65000,6.94922,8.69360,1.49251,39.15125,0.82301,86.50223,0.18363,1.08012,6.35970,0.14137,0.10799,0.50577
28.70000,6.87818,8.67065,1.49369,39.22580,0.82340,86.39972,0.18437,1.07926,6.35998,0.14142,0.10851,0.50616
28.75000,6.80716,8.64745,1.49489,39.30043,0.82388,86.30038,0.18511,1.07832,6.36036,0.14149,0.10905,0.50653
28.80000,6.73614,8.62405,1.49610,39.37514,0.82441,86.20348,0.18581,1.07739,6.36169,0.14159,0.10960,0.50688
28.85000,6.66511,8.60049,1.49733,39.44993,0.82501,86.10955,0.18650,1.07643,6.36356,0.14171,0.11016,0.50721
28.90000,6.59405,8.57681,1.49859,39.52479,0.82567,86.01873,0.18716,1.07544,6.36591,0.14186,0.11074,0.50752
28.95000,6.52296,8.55305,1.49985,39.59972,0.82641,85.93119,0.18781,1.07442,6.36875,0.14203,0.11133,0.50781
29.00000,6.45181,8.52925,1.50113,39.67473,0.82720,85.84709,0.18844,1.07338,6.37210,0.14222,0.11193,0.50808
29.05000,6.38059,8.50544,1.50242,39.74981,0.82806,85.76668,0.18904,1.07231,6.37582,0.14244,0.11255,0.50834
29.10000,6.30930,8.48166,1.50375,39.82496,0.82898,85.69003,0.18962,1.07122,6.37986,0.14267,0.11317,0.50857
29.15000,6.23791,8.45796,1.50513,39.90018,0.82993,85.61666,0.19018,1.07015,6.38457,0.14292,0.11379,0.50879
29.20000,6.16640,8.43438,1.50657,39.97548,0.83093,85.54720,0.19071,1.06905,6.38935,0.14318,0.11442,0.50899
29.25000,6.09477,8.41096,1.50807,40.05085,0.83198,85.48161,0.19123,1.06793,6.39432,0.14345,0.11505,0.50917
29.30000,6.02299,8.38775,1.50963,40.12630,0.83308,85.42008,0.19172,1.06680,6.39941,0.14374,0.11568,0.50932
29.35000,5.95105,8.36476,1.51122,40.20184,0.83420,85.36203,0.19218,1.06570,6.40524,0.14404,0.11631,0.50946
29.40000,5.87895,8.34202,1.51286,40.27745,0.83537,85.30878,0.19263,1.06454,6.41076,0.14434,0.11694,0.50958
29.45000,5.80667,8.31956,1.51454,40.35315,0.83659,85.26014,0.19305,1.06336,6.41630,0.14466,0.11756,0.50968
29.50000,5.73422,8.29740,1.51626,40.42893,0.83784,85.21636,0.19346,1.06216,6.42182,0.14497,0.11818,0.50976
29.55000,5.66158,8.27554,1.51801,40.50480,0.83911,85.17672,0.19381,1.06101,6.42814,0.14531,0.11879,0.50982
29.60000,5.58875,8.25399,1.51979,40.58076,0.84043,85.14280,0.19416,1.05980,6.43394,0.14564,0.11939,0.50986
29.65000,5.51574,8.23276,1.52159,40.65680,0.84178,85.11399,0.19448,1.05858,6.43972,0.14598,0.11998,0.50988
29.70000,5.44255,8.21185,1.52341,40.73293,0.84315,85.09007,0.19477,1.05736,6.44548,0.14631,0.12055,0.50988
29.75000,5.36916,8.19125,1.52525,40.80915,0.84451,85.06975,0.19502,1.05622,6.45207,0.14666,0.12111,0.50986
29.80000,5.29560,8.17097,1.52711,40.88547,0.84589,85.05434,0.19524,1.05505,6.45818,0.14701,0.12165,0.50982
29.85000,5.22186,8.15099,1.52897,40.96186,0.84728,85.04325,0.19544,1.05391,6.46433,0.14735,0.12216,0.50976
29.90000,5.14794,8.13129,1.53083,41.03835,0.84866,85.03652,0.19561,1.05279,6.47056,0.14769,0.12265,0.50968
29.95000,5.07386,8.11188,1.53270,41.11494,0.85002,85.03339,0.19572,1.05177,6.47761,0.14805,0.12312,0.50957
30.00000,4.99960,8.09273,1.53456,41.19165,0.85138,85.03531,0.19581,1.05075,6.48433,0.14840,0.12357,0.50945
30.05000,4.92519,8.07383,1.53641,41.26842,0.85274,85.04192,0.19586,1.04975,6.49115,0.14874,0.12398,0.50931
30.10000,4.85063,8.05516,1.53823,41.34516,0.87050,84.21653,0.18580,1.06166,6.58556,0.15199,0.13040,0.51038
30.15000,4.77592,8.03670,1.54004,41.42206,0.87157,84.20314,0.18586,1.06050,6.59243,0.15231,0.13078,0.51022
30.20000,4.70107,8.01844,1.54182,41.49954,0.87271,84.20565,0.18582,1.05950,6.60037,0.15263,0.13114,0.51004
30.25000,4.62608,8.00036,1.54358,41.57765,0.87390,84.22092,0.18573,1.05855,6.60799,0.15296,0.13149,0.50983
30.30000,4.55097,7.98243,1.54532,41.65582,0.87511,84.24537,0.18559,1.05769,6.61583,0.15328,0.13179,0.50960
30.35000,4.47574,7.96464,1.54702,41.73356,0.87630,84.27684,0.18540,1.05693,6.62382,0.15360,0.13205,0.50935
30.40000,4.40039,7.94696,1.54870,41.81094,0.87744,84.31327,0.18516,1.05632,6.63237,0.15392,0.13227,0.50909
30.45000,4.32493,7.92938,1.55033,41.88838,0.89573,83.48049,0.17559,1.06858,6.72849,0.15695,0.13907,0.51005
30.50000,4.24938,7.91187,1.55193,41.96594,0.89654,83.49071,0.17540,1.06777,6.73662,0.15722,0.13916,0.50978
30.55000,4.17373,7.89441,1.55350,42.04359,0.89741,83.51976,0.17514,1.06712,6.74509,0.15748,0.13924,0.50949
30.60000,4.09800,7.87699,1.55504,42.12129,0.89828,83.56197,0.17481,1.06663,6.75392,0.15775,0.13928,0.50918
30.65000,4.02219,7.85956,1.55655,42.19906,0.89915,83.61413,0.17444,1.06626,6.76269,0.15802,0.13928,0.50885
30.70000,3.94630,7.84211,1.55804,42.27691,0.90000,83.67358,0.17402,1.06600,6.77148,0.15828,0.13923,0.50850
30.75000,3.87035,7.82462,1.55948,42.35484,0.91865,82.83037,0.16518,1.07864,6.86814,0.16108,0.14621,0.50940
30.80000,3.79435,7.80705,1.56089,42.43285,0.91917,82.85601,0.16487,1.07812,6.87656,0.16128,0.14603,0.50908
30.85000,3.71829,7.78938,1.56228,42.51092,0.91975,82.90170,0.16451,1.07773,6.88481,0.16148,0.14585,0.50873
30.90000,3.64220,7.77158,1.56363,42.58905,0.92036,82.96073,0.16410,1.07748,6.89317,0.16169,0.14565,0.50838
30.95000,3.56607,7.75363,1.56496,42.66726,0.92098,83.02911,0.16367,1.07734,6.90145,0.16189,0.14545,0.50801
31.00000,3.48992,7.73548,1.56625,42.74554,0.92161,83.10407,0.16322,1.07728,6.90958,0.16209,0.14523,0.50765
31.05000,3.41376,7.71712,1.56752,42.82391,0.94072,82.24632,0.15534,1.09000,7.00456,0.16467,0.15240,0.50856
31.10000,3.33760,7.69851,1.56875,42.90233,0.94114,82.27875,0.15506,1.08942,7.01147,0.16482,0.15210,0.50825
31.15000,3.26143,7.67962,1.56996,42.98082,0.94169,82.33184,0.15474,1.08891,7.01818,0.16497,0.15186,0.50793
31.20000,3.18529,7.66042,1.57114,43.05937,0.94235,82.39927,0.15441,1.08845,7.02458,0.16514,0.15166,0.50761
31.25000,3.10918,7.64087,1.57230,43.13800,0.94309,82.47651,0.15408,1.08801,7.03061,0.16531,0.15150,0.50731
31.30000,3.03310,7.62094,1.57343,43.21668,0.94397,82.56197,0.15378,1.08743,7.03499,0.16547,0.15138,0.50703
31.35000,2.95708,7.60060,1.57454,43.29544,0.94490,82.65075,0.15348,1.08687,7.03955,0.16564,0.15131,0.50676
31.40000,2.88112,7.57980,1.57563,43.37427,0.96497,81.77990,0.14670,1.09908,7.13071,0.16802,0.15898,0.50780
31.45000,2.80523,7.55853,1.57669,43.45315,0.96578,81.81400,0.14659,1.09782,7.13376,0.16815,0.15893,0.50761
31.50000,2.72945,7.53673,1.57773,43.53210,0.96675,81.86737,0.14646,1.09660,7.13643,0.16828,0.15895,0.50744
31.55000,2.65377,7.51437,1.57875,43.61111,0.96789,81.93667,0.14636,1.09524,7.13676,0.16839,0.15903,0.50728
31.60000,2.57821,7.49142,1.57976,43.69017,0.96907,82.01323,0.14624,1.09401,7.13786,0.16853,0.15917,0.50714
31.65000,2.50280,7.46784,1.58075,43.76930,0.97029,82.09515,0.14612,1.09281,7.13854,0.16866,0.15933,0.50702
31.70000,2.42756,7.44358,1.58172,43.84848,0.97154,82.17970,0.14601,1.09164,7.13886,0.16880,0.15953,0.50691
31.75000,2.35249,7.41861,1.58268,43.92772,0.97285,82.26720,0.14594,1.09033,7.13710,0.16891,0.15973,0.50683
31.80000,2.27763,7.39290,1.58363,44.00702,0.97410,82.35223,0.14586,1.08917,7.13609,0.16902,0.15995,0.50675
31.85000,2.20299,7.36639,1.58457,44.08637,0.97530,82.43456,0.14578,1.08807,7.13492,0.16913,0.16016,0.50669
31.90000,2.12859,7.33907,1.58550,44.16577,0.97643,82.51296,0.14571,1.08705,7.13372,0.16923,0.16037,0.50664
31.95000,2.05447,7.31089,1.58641,44.24523,0.97747,82.58631,0.14564,1.08613,7.13261,0.16933,0.16055,0.50660
32.00000,1.98065,7.28182,1.58732,44.32473,0.97849,82.65678,0.14561,1.08511,7.12935,0.16938,0.16070,0.50656
32.05000,1.90714,7.25183,1.58822,44.40429,0.97934,82.71835,0.14556,1.08434,7.12783,0.16945,0.16084,0.50652
32.10000,1.83398,7.22088,1.58911,44.48389,0.98006,82.77183,0.14551,1.08372,7.12673,0.16951,0.16093,0.50647
32.15000,1.76120,7.18896,1.58999,44.56354,0.98063,82.81652,0.14545,1.08325,7.12619,0.16956,0.16099,0.50643
32.20000,1.68881,7.15604,1.59086,44.64324,0.98106,82.85197,0.14540,1.08295,7.12629,0.16960,0.16101,0.50637
32.25000,1.61686,7.12209,1.59172,44.72298,0.98145,82.88186,0.14538,1.08255,7.12424,0.16960,0.16099,0.50631
32.30000,1.54535,7.08710,1.59257,44.80277,0.98163,82.90029,0.14534,1.08248,7.12471,0.16962,0.16093,0.50624
32.35000,1.47433,7.05104,1.59342,44.88259,0.98166,82.90974,0.14528,1.08257,7.12590,0.16963,0.16083,0.50615
32.40000,1.40381,7.01392,1.59426,44.96246,0.98156,82.91076,0.14522,1.08283,7.12781,0.16963,0.16069,0.50606
32.45000,1.33383,6.97572,1.59508,45.04237,0.98133,82.90415,0.14516,1.08324,7.13039,0.16964,0.16051,0.50595
32.50000,1.26440,6.93643,1.59590,45.12233,0.98110,82.89530,0.14514,1.08348,7.13041,0.16960,0.16029,0.50583
32.55000,1.19556,6.89604,1.59671,45.20232,0.98070,82.87888,0.14507,1.08404,7.13301,0.16958,0.16003,0.50571
32.60000,1.12732,6.85457,1.59751,45.28236,0.98021,82.85900,0.14500,1.08470,7.13604,0.16955,0.15974,0.50557
32.65000,1.05971,6.81200,1.59830,45.36243,0.97965,82.83747,0.14492,1.08544,7.13941,0.16953,0.15942,0.50542
32.70000,0.99275,6.76834,1.59908,45.44254,0.97906,82.81614,0.14482,1.08624,7.14301,0.16950,0.15908,0.50527
32.75000,0.92647,6.72359,1.59985,45.52268,0.97858,82.80141,0.14477,1.08675,7.14345,0.16944,0.15871,0.50511
32.80000,0.86088,6.67777,1.60061,45.60285,0.97803,82.78806,0.14468,1.08745,7.14604,0.16941,0.15835,0.50495
32.85000,0.79601,6.63087,1.60135,45.68304,0.97753,82.78025,0.14457,1.08811,7.14852,0.16938,0.15798,0.50479
32.90000,0.73188,6.58290,1.60208,45.76326,0.97708,82.77914,0.14446,1.08872,7.15082,0.16936,0.15762,0.50464
32.95000,0.66850,6.53388,1.60280,45.84351,0.97671,82.78551,0.14433,1.08926,7.15288,0.16934,0.15727,0.50448
33.00000,0.60591,6.48382,1.60351,45.92377,0.97652,82.80401,0.14426,1.08942,7.15153,0.16929,0.15694,0.50434
33.05000,0.54411,6.43271,1.60421,46.00406,0.97634,82.82775,0.14414,1.08970,7.15202,0.16927,0.15662,0.50420
33.10000,0.48313,6.38057,1.60490,46.08436,0.97624,82.85883,0.14401,1.08990,7.15226,0.16926,0.15633,0.50407
33.15000,0.42300,6.32741,1.60558,46.16470,0.97620,82.89663,0.14388,1.09003,7.15227,0.16925,0.15607,0.50395
33.20000,0.36373,6.27325,1.60624,46.24505,0.97623,82.94036,0.14375,1.09010,7.15207,0.16925,0.15582,0.50385
33.25000,0.30534,6.21807,1.60690,46.32543,0.97642,82.99321,0.14366,1.08981,7.14861,0.16922,0.15559,0.50375
33.30000,0.24787,6.16191,1.60755,46.40584,0.97658,83.04736,0.14354,1.08967,7.14704,0.16922,0.15540,0.50367
33.35000,0.19133,6.10476,1.60818,46.48627,0.97677,83.10382,0.14342,1.08951,7.14537,0.16922,0.15522,0.50361
33.40000,0.13574,6.04664,1.60881,46.56672,0.97696,83.16115,0.14330,1.08934,7.14366,0.16922,0.15505,0.50356
33.45000,0.08114,5.98755,1.60943,46.64721,0.97712,83.21800,0.14319,1.08919,7.14196,0.16922,0.15490,0.50352
33.50000,0.02755,5.92750,1.61005,46.72772,0.97737,83.27739,0.14312,1.08877,7.13707,0.16918,0.15474,0.50350
33.55000,-0.02501,5.86650,1.61065,46.80826,0.97747,83.33140,0.14303,1.08861,7.13430,0.16916,0.15458,0.50349
33.60000,-0.07650,5.80456,1.61125,46.88882,0.97749,83.38131,0.14293,1.08852,7.13166,0.16914,0.15441,0.50348
33.65000,-0.12690,5.74170,1.61185,46.96941,0.97741,83.42603,0.14284,1.08854,7.12923,0.16911,0.15422,0.50348
33.70000,-0.17618,5.67791,1.61244,47.05003,0.97722,83.46460,0.14275,1.08866,7.12709,0.16907,0.15401,0.50349
33.75000,-0.22432,5.61322,1.61303,47.13067,0.97704,83.50063,0.14271,1.08857,7.12192,0.16898,0.15377,0.50350
33.80000,-0.27128,5.54763,1.61362,47.21134,0.97667,83.52661,0.14264,1.08880,7.11926,0.16891,0.15352,0.50351
33.85000,-0.31703,5.48116,1.61421,47.29203,0.97618,83.54457,0.14257,1.08915,7.11704,0.16883,0.15324,0.50351
33.90000,-0.36155,5.41382,1.61480,47.37274,0.97556,83.55436,0.14251,1.08963,7.11530,0.16875,0.15294,0.50351
33.95000,-0.40482,5.34563,1.61539,47.45346,0.97482,83.55602,0.14244,1.09025,7.11406,0.16866,0.15260,0.50351
34.00000,-0.44679,5.27662,1.61599,47.53421,0.97395,83.54972,0.14237,1.09101,7.11333,0.16856,0.15224,0.50350
34.05000,-0.48747,5.20678,1.61659,47.61499,0.97314,83.54195,0.14238,1.09144,7.10843,0.16840,0.15184,0.50349
34.10000,-0.52681,5.13616,1.61719,47.69580,0.97210,83.52292,0.14233,1.09231,7.10743,0.16827,0.15142,0.50347
34.15000,-0.56479,5.06476,1.61780,47.77662,0.97095,83.49718,0.14228,1.09330,7.10691,0.16814,0.15097,0.50344
34.20000,-0.60141,4.99262,1.61841,47.85743,0.96970,83.46557,0.14222,1.09442,7.10686,0.16800,0.15050,0.50341
34.25000,-0.63664,4.91975,1.61904,47.93825,0.96836,83.42932,0.14216,1.09564,7.10724,0.16786,0.14999,0.50336
34.30000,-0.67047,4.84619,1.61967,48.01910,0.96711,83.39581,0.14216,1.09654,7.10364,0.16767,0.14945,0.50332
34.35000,-0.70288,4.77196,1.62031,48.09997,0.96567,83.35734,0.14209,1.09781,7.10351,0.16750,0.14889,0.50326
34.40000,-0.73387,4.69709,1.62096,48.18086,0.96418,83.31929,0.14201,1.09917,7.10363,0.16733,0.14829,0.50319
34.45000,-0.76344,4.62161,1.62162,48.26176,0.96264,83.28313,0.14192,1.10059,7.10392,0.16716,0.14767,0.50311
34.50000,-0.79157,4.54555,1.62229,48.34269,0.96107,83.25010,0.14181,1.10207,7.10430,0.16699,0.14701,0.50303
34.55000,-0.81827,4.46894,1.62297,48.42364,0.95960,83.22621,0.14175,1.10323,7.10094,0.16677,0.14633,0.50295
34.60000,-0.84354,4.39181,1.62366,48.50462,0.95803,83.20376,0.14162,1.10467,7.10032,0.16659,0.14563,0.50286
34.65000,-0.86739,4.31419,1.62436,48.58562,0.95644,83.18625,0.14148,1.10614,7.09976,0.16640,0.14492,0.50278
34.70000,-0.88981,4.23611,1.62507,48.66666,0.95483,83.17382,0.14132,1.10764,7.09925,0.16621,0.14418,0.50269
34.75000,-0.91083,4.15761,1.62578,48.74773,0.95322,83.16650,0.14114,1.10917,7.09878,0.16603,0.14344,0.50260
34.80000,-0.93043,4.07870,1.62650,48.82883,0.95172,83.16848,0.14101,1.11040,7.09515,0.16580,0.14268,0.50251
34.85000,-0.94865,3.99942,1.62723,48.90997,0.95015,83.17254,0.14082,1.11185,7.09377,0.16561,0.14192,0.50242
34.90000,-0.96548,3.91980,1.62797,48.99115,0.94856,83.18071,0.14062,1.11333,7.09245,0.16541,0.14116,0.50234
34.95000,-0.98094,3.83987,1.62871,49.07236,0.94698,83.19210,0.14041,1.11482,7.09119,0.16522,0.14041,0.50226
35.00000,-0.99503,3.75965,1.62946,49.15362,0.92679,84.12055,0.14592,1.10350,7.00275,0.16268,0.13302,0.50080
35.05000,-1.00778,3.67916,1.63022,49.23491,0.92549,84.19413,0.14555,1.10565,7.00202,0.16253,0.13240,0.50071
35.10000,-1.01919,3.59843,1.63098,49.31625,0.92422,84.25285,0.14530,1.10731,6.99727,0.16232,0.13174,0.50065
35.15000,-1.02927,3.51749,1.63175,49.39762,0.92280,84.29394,0.14502,1.10912,6.99524,0.16213,0.13110,0.50061
35.20000,-1.03803,3.43636,1.63252,49.47904,0.92133,84.32422,0.14478,1.11085,6.99307,0.16193,0.13046,0.50059
35.25000,-1.04549,3.35505,1.63329,49.56050,0.91983,84.34616,0.14457,1.11249,6.99074,0.16172,0.12984,0.50059
35.30000,-1.05166,3.27360,1.63408,49.64200,0.90043,85.22388,0.15059,1.10125,6.90067,0.15900,0.12336,0.49919
35.35000,-1.05654,3.19203,1.63488,49.72354,0.89932,85.28879,0.15034,1.10302,6.89489,0.15878,0.12289,0.49920
35.40000,-1.06015,3.11034,1.63568,49.80511,0.89805,85.32824,0.15011,1.10482,6.89117,0.15857,0.12241,0.49924
35.45000,-1.06250,3.02857,1.63648,49.88673,0.89673,85.35145,0.14994,1.10644,6.88714,0.15835,0.12195,0.49932
35.50000,-1.06360,2.94674,1.63730,49.96837,0.89539,85.36263,0.14981,1.10791,6.88282,0.15811,0.12151,0.49943
35.55000,-1.06346,2.86485,1.63812,50.05006,0.89405,85.36450,0.14972,1.10924,6.87827,0.15787,0.12111,0.49956
35.60000,-1.06209,2.78294,1.63895,50.13179,0.87565,86.17476,0.15655,1.09733,6.78272,0.15491,0.11556,0.49827
35.65000,-1.05951,2.70101,1.63980,50.21355,0.87464,86.20769,0.15642,1.09890,6.77716,0.15468,0.11528,0.49842
35.70000,-1.05573,2.61909,1.64065,50.29534,0.87358,86.21973,0.15637,1.10023,6.77121,0.15443,0.11501,0.49860
35.75000,-1.05076,2.53718,1.64151,50.37718,0.87250,86.21729,0.15638,1.10137,6.76499,0.15418,0.11477,0.49881
35.80000,-1.04463,2.45532,1.64239,50.45905,0.87143,86.20434,0.15644,1.10233,6.75858,0.15392,0.11455,0.49904
35.85000,-1.03734,2.37350,1.64328,50.54096,0.87039,86.18330,0.15654,1.10314,6.75201,0.15366,0.11437,0.49930
35.90000,-1.02891,2.29175,1.64419,50.62291,0.85302,86.92850,0.16434,1.09062,6.65432,0.15051,0.10964,0.49813
35.95000,-1.01937,2.21007,1.64511,50.70490,0.85235,86.93272,0.16444,1.09156,6.64703,0.15028,0.10956,0.49840
36.00000,-1.00873,2.12848,1.64604,50.78694,0.85164,86.91873,0.16463,1.09227,6.63954,0.15003,0.10950,0.49870
36.05000,-0.99702,2.04700,1.64699,50.86902,0.85094,86.89236,0.16487,1.09278,6.63197,0.14978,0.10947,0.49903
36.10000,-0.98425,1.96562,1.64796,50.95114,0.85027,86.85719,0.16516,1.09312,6.62443,0.14953,0.10946,0.49937
36.15000,-0.97046,1.88436,1.64894,51.03331,0.84972,86.81790,0.16555,1.09309,6.61468,0.14926,0.10950,0.49974
36.20000,-0.95566,1.80323,1.64996,51.11554,0.83338,87.50532,0.17443,1.08014,6.51907,0.14604,0.10544,0.49868
36.25000,-0.93987,1.72223,1.65101,51.19782,0.83315,87.48466,0.17480,1.08038,6.51148,0.14584,0.10555,0.49905
36.30000,-0.92309,1.64137,1.65211,51.28016,0.83291,87.44905,0.17524,1.08040,6.50399,0.14564,0.10568,0.49944
36.35000,-0.90534,1.56067,1.65327,51.36255,0.83270,87.40349,0.17574,1.08025,6.49679,0.14545,0.10584,0.49985
36.40000,-0.88664,1.48012,1.65448,51.44501,0.83255,87.35087,0.17627,1.07995,6.49001,0.14529,0.10604,0.50027
36.45000,-0.86702,1.39972,1.65574,51.52753,0.83252,87.29499,0.17689,1.07933,6.48173,0.14510,0.10628,0.50070
36.50000,-0.84651,1.31948,1.65705,51.61013,0.83252,87.23343,0.17749,1.07874,6.47550,0.14497,0.10656,0.50114
36.55000,-0.82517,1.23939,1.65840,51.69281,0.83261,87.16841,0.17813,1.07802,6.46979,0.14486,0.10689,0.50158
36.60000,-0.80304,1.15944,1.65979,51.77557,0.83279,87.10052,0.17878,1.07720,6.46460,0.14478,0.10726,0.50202
36.65000,-0.78015,1.07964,1.66121,51.85841,0.83307,87.03019,0.17947,1.07626,6.45990,0.14472,0.10767,0.50247
36.70000,-0.75657,0.99995,1.66267,51.94133,0.83345,86.95778,0.18018,1.07521,6.45565,0.14469,0.10813,0.50292
36.75000,-0.73234,0.92039,1.66415,52.02434,0.83398,86.88516,0.18095,1.07390,6.45038,0.14466,0.10864,0.50337
36.80000,-0.70752,0.84093,1.66566,52.10743,0.83460,86.80985,0.18172,1.07257,6.44674,0.14468,0.10920,0.50383
36.85000,-0.68215,0.76157,1.66719,52.19062,0.83534,86.73332,0.18251,1.07113,6.44351,0.14473,0.10980,0.50428
36.90000,-0.65628,0.68229,1.66873,52.27389,0.83620,86.65591,0.18333,1.06957,6.44068,0.14481,0.11046,0.50472
36.95000,-0.62995,0.60307,1.67028,52.35725,0.83717,86.57797,0.18417,1.06790,6.43820,0.14491,0.11116,0.50517
37.00000,-0.60323,0.52391,1.67184,52.44070,0.83826,86.49983,0.18503,1.06612,6.43604,0.14504,0.11190,0.50560
37.05000,-0.57614,0.44478,1.67341,52.52424,0.83950,86.42265,0.18593,1.06414,6.43334,0.14518,0.11269,0.50603
37.10000,-0.54874,0.36569,1.67497,52.60788,0.84084,86.34482,0.18684,1.06212,6.43172,0.14536,0.11354,0.50645
37.15000,-0.52106,0.28660,1.67653,52.69159,0.84230,86.26720,0.18776,1.05999,6.43043,0.14556,0.11443,0.50687
37.20000,-0.49313,0.20753,1.67808,52.77537,0.84389,86.19006,0.18870,1.05776,6.42950,0.14579,0.11538,0.50726
37.25000,-0.46500,0.12844,1.67962,52.85931,0.84559,86.11370,0.18966,1.05545,6.42891,0.14605,0.11637,0.50765
37.30000,-0.43669,0.04933,1.68115,52.94360,0.84739,86.03839,0.19062,1.05306,6.42870,0.14632,0.11740,0.50802
37.35000,-0.40822,-0.02980,1.68265,53.02822,0.84930,85.96467,0.19159,1.05058,6.42855,0.14662,0.11846,0.50837
37.40000,-0.37964,-0.10897,1.68413,53.11299,0.85129,85.89208,0.19255,1.04809,6.42918,0.14693,0.11956,0.50870
37.45000,-0.35095,-0.18817,1.68559,53.19778,0.85335,85.82132,0.19350,1.04557,6.43032,0.14727,0.12069,0.50901
37.50000,-0.32218,-0.26743,1.68702,53.28239,0.85548,85.75269,0.19443,1.04306,6.43199,0.14763,0.12184,0.50930
37.55000,-0.29336,-0.34674,1.68842,53.36681,0.85765,85.68645,0.19533,1.04057,6.43425,0.14800,0.12300,0.50955
37.60000,-0.26448,-0.42611,1.68979,53.45123,0.85985,85.62270,0.19620,1.03812,6.43714,0.14838,0.12416,0.50977
37.65000,-0.23558,-0.50553,1.69113,53.53574,0.86207,85.56148,0.19702,1.03574,6.44074,0.14878,0.12531,0.50997
37.70000,-0.20667,-0.58503,1.69245,53.62034,0.86430,85.50306,0.19781,1.03343,6.44510,0.14919,0.12645,0.51012
37.75000,-0.17774,-0.66459,1.69367,53.70499,0.92282,84.94302,0.19345,1.02816,6.78751,0.14831,0.13090,0.50934
37.80000,-0.14882,-0.74421,1.69485,53.78969,0.92561,84.90629,0.19436,1.02490,6.80018,0.14879,0.13258,0.50926
37.85000,-0.11992,-0.82390,1.69600,53.87445,0.92831,84.87024,0.19513,1.02204,6.81159,0.14926,0.13408,0.50920
37.90000,-0.09103,-0.90366,1.69712,53.95927,0.93093,84.83595,0.19580,1.01951,6.82235,0.14973,0.13544,0.50913
37.95000,-0.06217,-0.98349,1.69821,54.04414,0.93348,84.80410,0.19635,1.01728,6.83304,0.15021,0.13668,0.50905
38.00000,-0.03333,-1.06338,1.69926,54.12907,0.93596,84.77572,0.19682,1.01527,6.84370,0.15069,0.13782,0.50895
38.05000,-0.00452,-1.14333,1.70024,54.21405,1.00085,84.22765,0.19220,1.01044,7.19088,0.14990,0.14265,0.50787
38.10000,0.02426,-1.22335,1.70118,54.29907,1.00374,84.22250,0.19276,1.00769,7.20836,0.15044,0.14425,0.50752
38.15000,0.05303,-1.30342,1.70208,54.38414,1.00650,84.21936,0.19316,1.00541,7.22416,0.15096,0.14560,0.50720
38.20000,0.08178,-1.38354,1.70296,54.46924,1.00917,84.22045,0.19343,1.00348,7.23893,0.15149,0.14675,0.50689
38.25000,0.11053,-1.46371,1.70380,54.55439,1.01177,84.22747,0.19358,1.00181,7.25306,0.15201,0.14776,0.50657
38.30000,0.13929,-1.54392,1.70461,54.63958,1.01432,84.24149,0.19364,1.00035,7.26686,0.15254,0.14864,0.50624
38.35000,0.16807,-1.62417,1.70535,54.72481,1.08421,83.72396,0.18873,0.99610,7.60378,0.15180,0.15350,0.50488
38.40000,0.19688,-1.70444,1.70605,54.81007,1.08709,83.76585,0.18889,0.99389,7.62230,0.15237,0.15482,0.50430
38.45000,0.22575,-1.78472,1.70673,54.89537,1.08983,83.81230,0.18890,0.99210,7.63873,0.15291,0.15585,0.50377
38.50000,0.25470,-1.86502,1.70737,54.98069,1.09248,83.86545,0.18877,0.99064,7.65375,0.15345,0.15666,0.50325
38.55000,0.28375,-1.94531,1.70798,55.06606,1.09503,83.92682,0.18854,0.98943,7.66778,0.15397,0.15731,0.50274
38.60000,0.31294,-2.02558,1.70856,55.15145,1.09751,83.99739,0.18821,0.98839,7.68105,0.15448,0.15782,0.50223
38.65000,0.34229,-2.10582,1.70909,55.23687,1.17064,83.52904,0.18312,0.98460,7.99339,0.15375,0.16246,0.50063
38.70000,0.37183,-2.18602,1.70958,55.32232,1.17330,83.62701,0.18293,0.98283,8.00939,0.15427,0.16336,0.49988
38.75000,0.40160,-2.26616,1.71004,55.40780,1.17585,83.72991,0.18259,0.98144,8.02315,0.15477,0.16397,0.49918
38.80000,0.43164,-2.34622,1.71047,55.49331,1.17828,83.83846,0.18215,0.98033,8.03539,0.15525,0.16437,0.49853
38.85000,0.46201,-2.42618,1.71087,55.57885,1.18061,83.95260,0.18163,0.97943,8.04656,0.15572,0.16462,0.49790
38.90000,0.49276,-2.50602,1.71124,55.66441,1.18284,84.07182,0.18105,0.97868,8.05693,0.15616,0.16476,0.49727
38.95000,0.52391,-2.58572,1.71157,55.75001,1.25704,83.64234,0.17598,0.97535,8.33690,0.15538,0.16908,0.49551
39.00000,0.55552,-2.66525,1.71186,55.83563,1.25932,83.77391,0.17561,0.97386,8.34813,0.15580,0.16958,0.49467
39.05000,0.58765,-2.74459,1.71212,55.92128,1.26142,83.90423,0.17511,0.97281,8.35810,0.15621,0.16983,0.49391
39.10000,0.62036,-2.82371,1.71235,56.00695,1.26339,84.03456,0.17455,0.97201,8.36678,0.15659,0.16989,0.49320
39.15000,0.65373,-2.90256,1.71255,56.09265,1.26525,84.16443,0.17395,0.97139,8.37459,0.15696,0.16984,0.49253
39.20000,0.68782,-2.98111,1.71272,56.17837,1.26701,84.29339,0.17333,0.97090,8.38174,0.15730,0.16971,0.49189
39.25000,0.72270,-3.05933,1.71285,56.26412,1.26867,84.42084,0.17270,0.97050,8.38837,0.15763,0.16952,0.49127
39.30000,0.75843,-3.13716,1.71295,56.34989,1.27023,84.54604,0.17207,0.97018,8.39457,0.15794,0.16929,0.49067
39.35000,0.79509,-3.21457,1.71303,56.43567,1.27183,84.67229,0.17152,0.96966,8.39828,0.15820,0.16902,0.49009
39.40000,0.83274,-3.29150,1.71307,56.52148,1.27327,84.79388,0.17094,0.96934,8.40301,0.15847,0.16875,0.48954
39.45000,0.87147,-3.36790,1.71307,56.60729,1.27463,84.91283,0.17037,0.96904,8.40731,0.15872,0.16846,0.48900
39.50000,0.91133,-3.44371,1.71305,56.69312,1.27592,85.02893,0.16981,0.96877,8.41122,0.15895,0.16815,0.48849
39.55000,0.95241,-3.51887,1.71299,56.77896,1.27713,85.14197,0.16927,0.96852,8.41479,0.15917,0.16784,0.48799
39.60000,0.99476,-3.59331,1.71290,56.86480,1.27826,85.25166,0.16875,0.96830,8.41804,0.15937,0.16752,0.48751
39.65000,1.03847,-3.66696,1.71278,56.95065,1.27931,85.35792,0.16824,0.96810,8.42099,0.15956,0.16719,0.48706
39.70000,1.08359,-3.73974,1.71262,57.03649,1.28048,85.46674,0.16785,0.96755,8.42047,0.15967,0.16684,0.48663
39.75000,1.13020,-3.81157,1.71243,57.12232,1.28145,85.56976,0.16740,0.96726,8.42196,0.15981,0.16650,0.48621
39.80000,1.17835,-3.88236,1.71220,57.20814,1.28236,85.66974,0.16696,0.96700,8.42313,0.15994,0.16616,0.48581
39.85000,1.22810,-3.95202,1.71194,57.29394,1.28319,85.76669,0.16654,0.96676,8.42405,0.16006,0.16581,0.48544
39.90000,1.27952,-4.02044,1.71164,57.37972,1.28394,85.86003,0.16614,0.96656,8.42479,0.16016,0.16546,0.48508
39.95000,1.33266,-4.08751,1.71131,57.46548,1.28460,85.94888,0.16574,0.96640,8.42544,0.16025,0.16510,0.48475
40.00000,1.38756,-4.15313,1.71094,57.55121,1.28515,86.03292,0.16536,0.96631,8.42607,0.16033,0.16473,0.48443
40.05000,1.44428,-4.21716,1.71054,57.63691,1.28584,86.11865,0.16512,0.96578,8.42236,0.16032,0.16435,0.48414
40.10000,1.50283,-4.27948,1.71009,57.72257,1.28623,86.19494,0.16478,0.96569,8.42191,0.16036,0.16396,0.48386
40.15000,1.56327,-4.33994,1.70961,57.80820,1.28651,86.26622,0.16446,0.96569,8.42155,0.16039,0.16356,0.48359
40.20000,1.62561,-4.39841,1.70909,57.89378,1.28665,86.33233,0.16413,0.96578,8.42136,0.16041,0.16314,0.48333
40.25000,1.68985,-4.45473,1.70853,57.97932,1.28667,86.39318,0.16381,0.96597,8.42140,0.16042,0.16270,0.48308
40.30000,1.75602,-4.50874,1.70793,58.06482,1.28656,86.44874,0.16348,0.96627,8.42174,0.16043,0.16225,0.48285
40.35000,1.82409,-4.56027,1.70728,58.15027,1.28632,86.49904,0.16315,0.96670,8.42242,0.16043,0.16178,0.48262
40.40000,1.89404,-4.60916,1.70661,58.23566,1.28626,86.55288,0.16300,0.96654,8.41744,0.16031,0.16128,0.48242
40.45000,1.96584,-4.65523,1.70589,58.32101,1.28581,86.59555,0.16271,0.96702,8.41721,0.16026,0.16076,0.48221
40.50000,2.03943,-4.69830,1.70514,58.40630,1.28520,86.63357,0.16241,0.96764,8.41731,0.16021,0.16021,0.48201
40.55000,2.11475,-4.73820,1.70435,58.49154,1.28443,86.66719,0.16209,0.96839,8.41775,0.16015,0.15962,0.48181
40.60000,2.19171,-4.77474,1.70353,58.57672,1.28351,86.69671,0.16176,0.96930,8.41858,0.16008,0.15900,0.48162
40.65000,2.27020,-4.80775,1.70268,58.66185,1.28243,86.72249,0.16142,0.97034,8.41984,0.16001,0.15834,0.48142
40.70000,2.35009,-4.83706,1.70180,58.74692,1.28155,86.75372,0.16124,0.97082,8.41548,0.15982,0.15764,0.48124
40.75000,2.43126,-4.86251,1.70090,58.83193,1.28030,86.77638,0.16092,0.97190,8.41568,0.15970,0.15692,0.48105
40.80000,2.51353,-4.88393,1.69998,58.91688,1.27891,86.79648,0.16058,0.97311,8.41622,0.15957,0.15616,0.48086
40.85000,2.59673,-4.90119,1.69905,59.00177,1.27737,86.81441,0.16022,0.97446,8.41709,0.15944,0.15536,0.48067
40.90000,2.68065,-4.91417,1.69810,59.08660,1.27569,86.83047,0.15984,0.97595,8.41828,0.15930,0.15452,0.48048
40.95000,2.76509,-4.92274,1.69715,59.17137,1.27384,86.84492,0.15944,0.97758,8.41977,0.15915,0.15364,0.48028
41.00000,2.84982,-4.92682,1.69621,59.25607,1.27184,86.85791,0.15902,0.97937,8.42152,0.15900,0.15271,0.48009
41.05000,2.93459,-4.92634,1.69527,59.34071,1.27014,86.88114,0.15880,0.98035,8.41551,0.15868,0.15171,0.47990
41.10000,3.01917,-4.92125,1.69434,59.42527,1.26797,86.89532,0.15840,0.98212,8.41555,0.15846,0.15069,0.47971
41.15000,3.10376,-4.91070,1.71392,59.42527,1.26567,86.90835,0.15798,0.98401,8.41576,0.15823,0.14964,0.47951
41.20000,3.18635,-4.88921,1.70945,59.56759,1.26588,86.89537,0.15799,0.98375,8.41894,0.15826,0.14970,0.47954
41.25000,3.26752,-4.86207,1.71672,59.67195,1.26085,86.89437,0.15682,0.98917,8.43429,0.15814,0.14783,0.47918
41.30000,3.34897,-4.83458,1.72011,59.76464,1.25674,86.87768,0.15581,0.99387,8.45225,0.15814,0.14643,0.47894
41.35000,3.42948,-4.80443,1.71827,59.85362,1.25330,86.87509,0.15510,0.99730,8.46001,0.15798,0.14512,0.47874
41.40000,3.50823,-4.77017,1.71732,59.94110,1.25048,86.89382,0.15474,0.99927,8.45464,0.15757,0.14381,0.47856
41.45000,3.58516,-4.73210,1.71640,60.02806,1.24729,86.90436,0.15423,1.00192,8.45495,0.15726,0.14252,0.47838
41.50000,3.66003,-4.69023,1.71550,60.11476,1.24406,86.91631,0.15375,1.00449,8.45383,0.15691,0.14121,0.47821
41.55000,3.73263,-4.64460,1.71463,60.20127,1.24079,86.92902,0.15330,1.00699,8.45150,0.15652,0.13988,0.47804
41.60000,3.80273,-4.59529,1.71380,60.28762,1.23746,86.94192,0.15287,1.00946,8.44819,0.15609,0.13854,0.47789
41.65000,3.87012,-4.54240,1.71303,60.37380,1.23408,86.95468,0.15246,1.01190,8.44409,0.15564,0.13720,0.47775
41.70000,3.93461,-4.48608,1.71231,60.45980,1.23064,86.96713,0.15207,1.01432,8.43938,0.15516,0.13586,0.47762
41.75000,3.99604,-4.42648,1.71165,60.54562,1.22756,86.98963,0.15187,1.01585,8.42694,0.15452,0.13452,0.47752
41.80000,4.05425,-4.36378,1.71105,60.63126,1.22412,87.00382,0.15154,1.01805,8.41978,0.15397,0.13321,0.47743
41.85000,4.10913,-4.29818,1.71052,60.71675,1.22062,87.01660,0.15122,1.02029,8.41241,0.15341,0.13191,0.47736
41.90000,4.16057,-4.22988,1.71005,60.80208,1.21703,87.02730,0.15090,1.02258,8.40493,0.15283,0.13063,0.47731
41.95000,4.20850,-4.15910,1.70964,60.88727,1.21335,87.03526,0.15058,1.02493,8.39743,0.15224,0.12936,0.47729
42.00000,4.25287,-4.08606,1.70929,60.97233,1.20956,87.04001,0.15027,1.02737,8.38999,0.15164,0.12810,0.47728
42.05000,4.29365,-4.01097,1.70899,61.05728,1.20568,87.04136,0.14996,1.02988,8.38265,0.15102,0.12686,0.47730
42.10000,4.33082,-3.93405,1.70875,61.14214,1.20210,87.04877,0.14981,1.03164,8.36867,0.15026,0.12564,0.47735
42.15000,4.36441,-3.85550,1.70855,61.22691,1.19816,87.04591,0.14955,1.03408,8.36018,0.14961,0.12445,0.47741
42.20000,4.39445,-3.77554,1.70844,61.31161,1.12311,87.51406,0.15258,1.03917,8.08454,0.15027,0.12049,0.47873
42.25000,4.42100,-3.69436,1.70834,61.39626,1.11912,87.51323,0.15218,1.04244,8.07230,0.14961,0.11914,0.47904
42.30000,4.44411,-3.61214,1.70827,61.48087,1.11513,87.50821,0.15185,1.04549,8.06151,0.14896,0.11795,0.47930
42.35000,4.46385,-3.52905,1.70825,61.56545,1.11112,87.49824,0.15155,1.04844,8.05170,0.14830,0.11685,0.47955
42.40000,4.48030,-3.44524,1.70825,61.65000,1.10734,87.48954,0.15142,1.05072,8.03698,0.14753,0.11583,0.47980
42.45000,4.49354,-3.36087,1.70829,61.73454,1.10332,87.47033,0.15122,1.05342,8.02688,0.14683,0.11487,0.48005
42.50000,4.50369,-3.27606,1.70841,61.81908,1.03133,87.90194,0.15442,1.05888,7.72037,0.14749,0.11156,0.48154
42.55000,4.51086,-3.19094,1.70852,61.90362,1.02732,87.87558,0.15411,1.06242,7.70615,0.14679,0.11048,0.48202
42.60000,4.51515,-3.10563,1.70865,61.98818,1.02336,87.84429,0.15387,1.06568,7.69369,0.14608,0.10954,0.48245
42.65000,4.51664,-3.02021,1.70881,62.07274,1.01944,87.80780,0.15369,1.06874,7.68246,0.14539,0.10871,0.48285
42.70000,4.51546,-2.93478,1.70899,62.15733,1.01554,87.76603,0.15356,1.07168,7.67209,0.14469,0.10796,0.48324
42.75000,4.51170,-2.84941,1.70920,62.24195,1.01190,87.72485,0.15357,1.07395,7.65689,0.14390,0.10727,0.48364
42.80000,4.50549,-2.76417,1.70948,62.32659,0.94532,88.11871,0.15702,1.07950,7.32639,0.14457,0.10458,0.48525
42.85000,4.49697,-2.67912,1.70976,62.41127,0.94164,88.06337,0.15685,1.08303,7.31069,0.14385,0.10378,0.48586
42.90000,4.48621,-2.59431,1.71005,62.49598,0.93804,88.00413,0.15676,1.08623,7.29680,0.14312,0.10310,0.48643
42.95000,4.47331,-2.50978,1.71037,62.58073,0.93451,87.94036,0.15673,1.08917,7.28416,0.14241,0.10251,0.48697
43.00000,4.45839,-2.42557,1.71071,62.66553,0.93105,87.87158,0.15676,1.09192,7.27238,0.14170,0.10200,0.48750
43.05000,4.44154,-2.34170,1.71108,62.75037,0.92780,87.80141,0.15691,1.09414,7.25749,0.14093,0.10154,0.48804
43.10000,4.42287,-2.25820,1.71151,62.83526,0.86819,88.16192,0.16072,1.09955,6.91204,0.14162,0.09939,0.48972
43.15000,4.40250,-2.17507,1.71195,62.92020,0.86504,88.07633,0.16072,1.10289,6.89524,0.14089,0.09881,0.49045
43.20000,4.38051,-2.09234,1.71241,63.00520,0.86202,87.98852,0.16080,1.10583,6.88055,0.14018,0.09835,0.49112
43.25000,4.35695,-2.01001,1.71292,63.09025,0.85909,87.89850,0.16094,1.10849,6.86743,0.13948,0.09797,0.49175
43.30000,4.33189,-1.92810,1.71348,63.17536,0.85625,87.80608,0.16113,1.11093,6.85548,0.13880,0.09764,0.49236
43.35000,4.30543,-1.84660,1.71409,63.26053,0.85350,87.71074,0.16135,1.11321,6.84448,0.13813,0.09736,0.49295
43.40000,4.27764,-1.76551,1.71474,63.34576,0.85089,87.61451,0.16166,1.11509,6.83148,0.13742,0.09711,0.49355
43.45000,4.24864,-1.68481,1.71545,63.43106,0.84828,87.51155,0.16194,1.11710,6.82151,0.13677,0.09690,0.49414
43.50000,4.21850,-1.60449,1.71618,63.51644,0.84572,87.40376,0.16225,1.11903,6.81222,0.13612,0.09672,0.49474
43.55000,4.18733,-1.52452,1.71696,63.60188,0.84322,87.29155,0.16258,1.12090,6.80349,0.13549,0.09655,0.49533
43.60000,4.15524,-1.44488,1.71776,63.68740,0.84078,87.17576,0.16293,1.12271,6.79523,0.13487,0.09641,0.49592
43.65000,4.12230,-1.36554,1.71858,63.77300,0.83840,87.05729,0.16328,1.12446,6.78737,0.13427,0.09628,0.49651
43.70000,4.08861,-1.28647,1.71938,63.85867,0.88917,86.46640,0.15985,1.12303,7.11655,0.13222,0.09772,0.49600
43.75000,4.05424,-1.20765,1.72019,63.94442,0.88691,86.34749,0.16040,1.12348,7.11368,0.13163,0.09782,0.49640
43.80000,4.01929,-1.12903,1.72102,64.03023,0.88457,86.22127,0.16086,1.12436,7.11050,0.13106,0.09785,0.49685
43.85000,3.98386,-1.05059,1.72185,64.11611,0.88221,86.09061,0.16128,1.12542,7.10635,0.13048,0.09784,0.49734
43.90000,3.94804,-0.97228,1.72269,64.20207,0.87988,85.95634,0.16169,1.12658,7.10168,0.12992,0.09781,0.49784
43.95000,3.91190,-0.89408,1.72353,64.28809,0.87758,85.81928,0.16209,1.12780,7.09671,0.12936,0.09776,0.49834
44.00000,3.87551,-0.81593,1.72432,64.37417,0.93228,85.16704,0.15873,1.12604,7.42087,0.12733,0.09934,0.49780
44.05000,3.83894,-0.73784,1.72511,64.46033,0.92998,85.02168,0.15926,1.12636,7.42070,0.12680,0.09948,0.49812
44.10000,3.80227,-0.65975,1.72589,64.54657,0.92765,84.87353,0.15971,1.12697,7.41859,0.12625,0.09954,0.49850
44.15000,3.76557,-0.58162,1.72666,64.63285,0.92529,84.72463,0.16012,1.12782,7.41581,0.12572,0.09954,0.49890
44.20000,3.72891,-0.50344,1.72742,64.71914,0.92294,84.57661,0.16048,1.12881,7.41246,0.12518,0.09950,0.49931
44.25000,3.69237,-0.42516,1.72815,64.80557,0.92063,84.43000,0.16083,1.12987,7.40881,0.12465,0.09945,0.49971
44.30000,3.65599,-0.34676,1.72884,64.89242,0.97899,83.72377,0.15746,1.12814,7.72051,0.12264,0.10107,0.49909
44.35000,3.61982,-0.26823,1.72950,64.97963,0.97664,83.56496,0.15791,1.12844,7.72069,0.12213,0.10118,0.49932
44.40000,3.58393,-0.18954,1.73014,65.06670,0.97429,83.40590,0.15829,1.12901,7.71945,0.12163,0.10121,0.49961
44.45000,3.54839,-0.11065,1.73075,65.15349,0.97195,83.24931,0.15861,1.12981,7.71821,0.12114,0.10119,0.49991
44.50000,3.51327,-0.03154,1.73134,65.24019,0.96968,83.09893,0.15891,1.13065,7.71606,0.12066,0.10114,0.50021
44.55000,3.47862,0.04780,1.73189,65.32691,1.03165,82.34906,0.15554,1.12889,8.00985,0.11869,0.10283,0.49952
44.60000,3.44448,0.12740,1.73240,65.41365,1.02936,82.18769,0.15589,1.12911,8.01037,0.11823,0.10291,0.49968
44.65000,3.41094,0.20727,1.73289,65.50044,1.02710,82.03225,0.15618,1.12956,8.00965,0.11778,0.10292,0.49989
44.70000,3.37805,0.28744,1.73335,65.58726,1.02490,81.88432,0.15642,1.13013,8.00819,0.11733,0.10289,0.50012
44.75000,3.34589,0.36794,1.73379,65.67411,1.02278,81.74407,0.15664,1.13075,8.00632,0.11690,0.10283,0.50036
44.80000,3.31453,0.44876,1.73421,65.76101,1.02075,81.61136,0.15684,1.13139,8.00419,0.11648,0.10277,0.50060
44.85000,3.28403,0.52994,1.73460,65.84794,1.01874,81.48320,0.15698,1.13224,8.00380,0.11612,0.10270,0.50084
44.90000,3.25445,0.61148,1.73496,65.93490,1.01688,81.36501,0.15715,1.13292,8.00178,0.11574,0.10262,0.50108
44.95000,3.22585,0.69339,1.73531,66.02189,1.01512,81.25491,0.15731,1.13355,7.99951,0.11538,0.10255,0.50132
45.00000,3.19832,0.77568,1.73563,66.10892,1.01347,81.15266,0.15746,1.13411,7.99698,0.11503,0.10248,0.50157
45.05000,3.17189,0.85834,1.73593,66.19597,1.01193,81.05735,0.15762,1.13462,7.99423,0.11469,0.10241,0.50181
45.10000,3.14665,0.94140,1.73620,66.28304,1.01048,80.96754,0.15778,1.13506,7.99130,0.11437,0.10236,0.50205
45.15000,3.12265,1.02483,1.73645,66.37013,1.00912,80.88163,0.15794,1.13545,7.98825,0.11406,0.10231,0.50230
45.20000,3.09995,1.10864,1.73668,66.45725,1.00773,80.79466,0.15805,1.13607,7.98749,0.11380,0.10227,0.50254
45.25000,3.07862,1.19281,1.73688,66.54438,1.00649,80.71298,0.15820,1.13645,7.98493,0.11352,0.10224,0.50278
45.30000,3.05872,1.27735,1.73707,66.63153,1.00532,80.63456,0.15836,1.13678,7.98231,0.11325,0.10222,0.50302
45.35000,3.04030,1.36223,1.73723,66.71869,1.00424,80.55988,0.15852,1.13705,7.97958,0.11299,0.10220,0.50326
45.40000,3.02344,1.44744,1.73736,66.80587,1.00324,80.48853,0.15869,1.13725,7.97672,0.11275,0.10219,0.50350
45.45000,3.00818,1.53296,1.73747,66.89305,1.00231,80.41928,0.15887,1.13739,7.97373,0.11251,0.10220,0.50374
45.50000,2.99460,1.61877,1.73756,66.98024,1.00144,80.35053,0.15905,1.13748,7.97064,0.11227,0.10221,0.50398
45.55000,2.98274,1.70484,1.73763,67.06743,1.00062,80.28105,0.15926,1.13752,7.96747,0.11204,0.10224,0.50423
45.60000,2.97267,1.79113,1.73767,67.15463,0.99971,80.20496,0.15939,1.13791,7.96761,0.11189,0.10228,0.50447
45.65000,2.96444,1.87762,1.73769,67.24183,0.99894,80.13181,0.15959,1.13799,7.96526,0.11168,0.10232,0.50471
45.70000,2.95812,1.96428,1.73769,67.32903,0.99822,80.05825,0.15981,1.13803,7.96291,0.11149,0.10237,0.50495
45.75000,2.95376,2.05105,1.73766,67.41623,0.99755,79.98461,0.16003,1.13803,7.96057,0.11130,0.10243,0.50519
45.80000,2.95143,2.13790,1.73761,67.50343,0.99693,79.91096,0.16025,1.13799,7.95823,0.11112,0.10249,0.50542
45.85000,2.95118,2.22477,1.73753,67.59062,0.99636,79.83722,0.16049,1.13792,7.95592,0.11094,0.10257,0.50564
45.90000,2.95306,2.31163,1.73744,67.67781,0.99583,79.76316,0.16073,1.13782,7.95365,0.11077,0.10264,0.50586
45.95000,2.95714,2.39840,1.73731,67.76498,0.99535,79.68857,0.16099,1.13767,7.95141,0.11061,0.10273,0.50608
46.00000,2.96348,2.48503,1.73716,67.85216,0.99473,79.60605,0.16114,1.13799,7.95352,0.11054,0.10283,0.50628
46.05000,2.97213,2.57145,1.73699,67.93932,0.99429,79.52830,0.16138,1.13790,7.95224,0.11040,0.10293,0.50649
46.10000,2.98315,2.65759,1.73679,68.02647,0.99390,79.45074,0.16164,1.13777,7.95091,0.11028,0.10303,0.50669
46.15000,2.99659,2.74337,1.73656,68.11362,0.99356,79.37418,0.16190,1.13759,7.94950,0.11015,0.10314,0.50689
46.20000,3.01251,2.82872,1.73631,68.20076,0.99329,79.29917,0.16217,1.13735,7.94803,0.11004,0.10326,0.50708
46.25000,3.03096,2.91354,1.73604,68.28788,0.99308,79.22594,0.16244,1.13707,7.94651,0.10993,0.10339,0.50726
46.30000,3.05200,2.99774,1.73573,68.37499,0.99293,79.15467,0.16272,1.13673,7.94493,0.10983,0.10352,0.50743
46.35000,3.07568,3.08122,1.73540,68.46209,0.99284,79.08575,0.16300,1.13634,7.94326,0.10973,0.10366,0.50760
46.40000,3.10204,3.16388,1.73504,68.54917,0.99257,79.01001,0.16314,1.13655,7.94731,0.10976,0.10381,0.50776
46.45000,3.13113,3.24560,1.73466,68.63623,0.99256,78.94513,0.16340,1.13620,7.94671,0.10971,0.10396,0.50792
46.50000,3.16297,3.32626,1.73425,68.72328,0.99263,78.88422,0.16365,1.13579,7.94596,0.10966,0.10412,0.50807
46.55000,3.19762,3.40573,1.73381,68.81031,0.99278,78.82717,0.16392,1.13529,7.94505,0.10963,0.10429,0.50821
46.60000,3.23510,3.48388,1.73334,68.89731,0.99302,78.77371,0.16419,1.13470,7.94394,0.10960,0.10447,0.50836
46.65000,3.27543,3.56058,1.73285,68.98430,0.99334,78.72364,0.16447,1.13404,7.94263,0.10958,0.10466,0.50850
46.70000,3.31861,3.63567,1.73234,69.07126,0.99375,78.67697,0.16476,1.13329,7.94110,0.10957,0.10486,0.50863
46.75000,3.36467,3.70901,1.73179,69.15819,0.99397,78.62357,0.16489,1.13315,7.94546,0.10968,0.10508,0.50876
46.80000,3.41360,3.78043,1.73123,69.24510,0.99446,78.58128,0.16515,1.13246,7.94516,0.10972,0.10530,0.50889
46.85000,3.46537,3.84977,1.73064,69.33198,0.99504,78.54289,0.16541,1.13168,7.94471,0.10976,0.10553,0.50902
46.90000,3.51997,3.91688,1.73004,69.41883,0.99570,78.50812,0.16568,1.13083,7.94413,0.10981,0.10578,0.50914
46.95000,3.57735,3.98158,1.72941,69.50564,0.99645,78.47657,0.16596,1.12989,7.94340,0.10988,0.10604,0.50926
47.00000,3.63747,4.04370,1.72876,69.59241,0.99729,78.44788,0.16625,1.12887,7.94254,0.10995,0.10632,0.50938
47.05000,3.70026,4.10308,1.72810,69.67913,0.99821,78.42182,0.16655,1.12777,7.94155,0.11004,0.10661,0.50950
47.10000,3.76563,4.15954,1.72743,69.76581,0.99922,78.39825,0.16686,1.12658,7.94040,0.11013,0.10692,0.50961
47.15000,3.83350,4.21292,1.72675,69.85244,0.99997,78.36328,0.16697,1.12622,7.94711,0.11038,0.10726,0.50972
47.20000,3.90376,4.26305,1.72605,69.93902,1.00104,78.34064,0.16726,1.12513,7.94747,0.11053,0.10760,0.50983
47.25000,3.97628,4.30979,1.72536,70.02555,1.00220,78.32023,0.16755,1.12395,7.94768,0.11068,0.10795,0.50994
47.30000,4.05093,4.35298,1.72466,70.11202,1.00345,78.30184,0.16786,1.12269,7.94773,0.11084,0.10833,0.51005
47.35000,4.12756,4.39248,1.72396,70.19843,1.00479,78.28526,0.16818,1.12135,7.94767,0.11101,0.10872,0.51016
47.40000,4.20600,4.42816,1.72327,70.28478,1.00623,78.27027,0.16853,1.11991,7.94751,0.11120,0.10914,0.51027
47.45000,4.28607,4.45991,1.72259,70.37106,1.00778,78.25678,0.16888,1.11837,7.94726,0.11139,0.10959,0.51038
47.50000,4.36759,4.48762,1.72191,70.45728,1.00909,78.23081,0.16904,1.11764,7.95494,0.11176,0.11007,0.51048
47.55000,4.45037,4.51120,1.72125,70.54343,1.01075,78.21636,0.16938,1.11615,7.95644,0.11202,0.11057,0.51059
47.60000,4.53420,4.53058,1.72060,70.62951,1.01253,78.20381,0.16974,1.11456,7.95779,0.11230,0.11110,0.51069
47.65000,4.61887,4.54569,1.71997,70.71552,1.01443,78.19321,0.17012,1.11286,7.95900,0.11258,0.11166,0.51080
47.70000,4.70416,4.55651,1.71937,70.80145,1.01647,78.18447,0.17052,1.11104,7.96008,0.11288,0.11226,0.51091
47.75000,4.78986,4.56300,1.71878,70.88731,1.01864,78.17734,0.17095,1.10910,7.96104,0.11320,0.11289,0.51102
47.80000,4.87575,4.56515,1.71823,70.97310,1.02096,78.17162,0.17140,1.10702,7.96188,0.11354,0.11357,0.51113
47.85000,4.96161,4.56298,1.71770,71.05882,1.02308,78.15354,0.17167,1.10568,7.97049,0.11405,0.11431,0.51124
47.90000,5.04723,4.55653,1.71720,71.14446,1.02562,78.14716,0.17212,1.10356,7.97302,0.11447,0.11509,0.51136
47.95000,5.13254,4.54665,1.71963,71.23119,1.02834,78.14341,0.17261,1.10128,7.97537,0.11490,0.11593,0.51148
48.00000,5.21819,4.53911,1.71846,71.31574,1.03123,78.13666,0.17308,1.09899,7.97989,0.11541,0.11683,0.51161
48.05000,5.30276,4.52553,1.71087,71.39991,1.03343,78.10770,0.17309,1.09850,7.99997,0.11625,0.11779,0.51171
48.10000,5.38589,4.50556,1.70921,71.48398,1.03588,78.09477,0.17324,1.09750,8.01420,0.11701,0.11878,0.51182
48.15000,5.46760,4.48059,1.70886,71.56800,1.03886,78.09010,0.17361,1.09559,8.02269,0.11767,0.11982,0.51195
48.20000,5.54780,4.45117,1.70866,71.65198,1.04178,78.07744,0.17385,1.09412,8.03638,0.11846,0.12093,0.51207
48.25000,5.62632,4.41755,1.70851,71.73591,1.04524,78.08067,0.17436,1.09163,8.04200,0.11911,0.12209,0.51220
48.30000,5.70302,4.37997,1.70840,71.81982,1.04895,78.08922,0.17494,1.08880,8.04599,0.11974,0.12331,0.51233
48.35000,5.77777,4.33865,1.70832,71.90371,1.05291,78.10282,0.17558,1.08567,8.04860,0.12037,0.12461,0.51246
48.40000,5.85046,4.29381,1.70827,71.98760,1.05711,78.12124,0.17630,1.08226,8.05006,0.12100,0.12597,0.51259
48.45000,5.92100,4.24567,1.70825,72.07152,1.06153,78.14409,0.17706,1.07861,8.05061,0.12163,0.12740,0.51272
48.50000,5.98932,4.19443,1.70825,72.15546,1.06582,78.15833,0.17766,1.07554,8.05738,0.12241,0.12891,0.51284
48.55000,6.05538,4.14029,1.70828,72.23944,1.07051,78.18465,0.17845,1.07177,8.05845,0.12309,0.13046,0.51296
48.60000,6.11912,4.08345,1.70832,72.32348,1.07535,78.21359,0.17927,1.06788,8.05915,0.12377,0.13206,0.51307
48.65000,6.18054,4.02410,1.70843,72.40756,1.01343,78.94362,0.18478,1.06671,7.76652,0.12597,0.13044,0.51400
48.70000,6.23962,3.96241,1.70852,72.49171,1.01821,78.99352,0.18547,1.06359,7.76314,0.12667,0.13168,0.51422
48.75000,6.29636,3.89855,1.70862,72.57591,1.02308,79.04201,0.18623,1.06022,7.76126,0.12739,0.13306,0.51438
48.80000,6.35073,3.83266,1.70874,72.66016,1.02775,79.07876,0.18685,1.05732,7.76639,0.12823,0.13456,0.51449
48.85000,6.40276,3.76490,1.70888,72.74447,1.03264,79.12068,0.18762,1.05391,7.76799,0.12900,0.13610,0.51456
48.90000,6.45246,3.69539,1.70904,72.82884,1.03755,79.16180,0.18839,1.05047,7.77030,0.12978,0.13769,0.51459
48.95000,6.49984,3.62428,1.70926,72.91326,0.97760,79.87089,0.19410,1.04998,7.46012,0.13205,0.13576,0.51541
49.00000,6.54495,3.55169,1.70947,72.99773,0.98210,79.91769,0.19460,1.04765,7.45912,0.13283,0.13684,0.51553
49.05000,6.58780,3.47773,1.70969,73.08226,0.98657,79.96396,0.19514,1.04515,7.46047,0.13363,0.13805,0.51556
49.10000,6.62843,3.40251,1.70993,73.16683,0.99100,80.00990,0.19569,1.04257,7.46362,0.13443,0.13933,0.51553
49.15000,6.66685,3.32613,1.71019,73.25145,0.99512,80.04698,0.19602,1.04058,7.47421,0.13534,0.14064,0.51545
49.20000,6.70311,3.24869,1.71047,73.33612,0.99935,80.09200,0.19645,1.03819,7.48128,0.13617,0.14193,0.51532
49.25000,6.73726,3.17028,1.71082,73.42083,0.94105,80.77839,0.20199,1.03888,7.16237,0.13844,0.13947,0.51595
49.30000,6.76936,3.09098,1.71116,73.50558,0.94463,80.82479,0.20202,1.03781,7.16617,0.13924,0.14011,0.51588
49.35000,6.79944,3.01088,1.71151,73.59038,0.94812,80.87548,0.20205,1.03660,7.17263,0.14005,0.14084,0.51572
49.40000,6.82755,2.93004,1.71190,73.67522,0.95154,80.93185,0.20205,1.03532,7.18107,0.14086,0.14161,0.51549
49.45000,6.85374,2.84855,1.71229,73.76011,0.95470,80.98871,0.20186,1.03443,7.19529,0.14173,0.14237,0.51520
49.50000,6.87805,2.76644,1.71270,73.84504,0.95790,81.05749,0.20170,1.03325,7.20721,0.14255,0.14309,0.51485
49.55000,6.90049,2.68379,1.71319,73.93001,0.90167,81.74607,0.20679,1.03510,6.88510,0.14473,0.14003,0.51527
49.60000,6.92114,2.60065,1.71371,74.01504,0.92189,80.84658,0.19559,1.04799,6.97954,0.14848,0.14718,0.51609
49.65000,6.94001,2.51705,1.71429,74.10011,0.92396,80.89165,0.19515,1.04764,6.98804,0.14917,0.14726,0.51575
49.70000,6.95717,2.43306,1.71492,74.18525,0.92616,80.96382,0.19464,1.04711,6.99812,0.14986,0.14742,0.51534
49.75000,6.97271,2.34872,1.71559,74.27046,0.92846,81.05749,0.19408,1.04646,7.00918,0.15054,0.14761,0.51487
49.80000,6.98670,2.26407,1.71631,74.35572,0.93070,81.16463,0.19336,1.04603,7.02417,0.15126,0.14779,0.51435
49.85000,6.99925,2.17916,1.71711,74.44107,0.87601,81.90145,0.19777,1.04822,6.69973,0.15319,0.14410,0.51460
49.90000,7.01048,2.09402,1.71792,74.52647,0.89498,81.06078,0.18668,1.06135,6.79348,0.15653,0.15094,0.51528
49.95000,7.02048,2.00869,1.71876,74.61197,0.89665,81.16275,0.18586,1.06105,6.80075,0.15707,0.15050,0.51481
50.00000,7.02936,1.92319,1.71961,74.69754,0.89851,81.29369,0.18501,1.06053,6.80936,0.15761,0.15018,0.51428
50.05000,7.03721,1.83755,1.72047,74.78319,0.90050,81.44611,0.18413,1.05988,6.81878,0.15814,0.14993,0.51371
50.10000,7.04414,1.75179,1.72134,74.86892,0.90259,81.61483,0.18323,1.05911,6.82863,0.15867,0.14971,0.51310
50.15000,7.05027,1.66592,1.72221,74.95472,0.92257,80.80952,0.17319,1.07121,6.92817,0.16172,0.15712,0.51363
50.20000,7.05570,1.57996,1.72307,75.04060,0.92451,80.95724,0.17247,1.06987,6.93786,0.16216,0.15684,0.51303
50.25000,7.06052,1.49392,1.72393,75.12656,0.92660,81.13161,0.17170,1.06855,6.94755,0.16260,0.15661,0.51241
50.30000,7.06486,1.40781,1.72478,75.21259,0.92878,81.32433,0.17090,1.06726,6.95706,0.16303,0.15641,0.51178
50.35000,7.06880,1.32164,1.72562,75.29870,0.93101,81.52937,0.17009,1.06601,6.96629,0.16346,0.15620,0.51115
50.40000,7.07246,1.23541,1.72644,75.38491,0.93325,81.74224,0.16928,1.06482,6.97517,0.16387,0.15599,0.51051
50.45000,7.07592,1.14914,1.72724,75.47117,0.95426,80.97428,0.16051,1.07637,7.07102,0.16656,0.16365,0.51111
50.50000,7.07927,1.06283,1.72802,75.55746,0.95621,81.14443,0.15990,1.07477,7.07894,0.16689,0.16333,0.51054
50.55000,7.08262,0.97647,1.72877,75.64388,0.95821,81.33374,0.15926,1.07330,7.08621,0.16721,0.16304,0.50997
50.60000,7.08605,0.89008,1.72950,75.73070,0.96023,81.53372,0.15860,1.07196,7.09311,0.16752,0.16276,0.50941
50.65000,7.08965,0.80366,1.73019,75.81790,0.96222,81.73901,0.15795,1.07075,7.09962,0.16782,0.16249,0.50885
50.70000,7.09351,0.71722,1.73086,75.90504,0.96416,81.94511,0.15730,1.06965,7.10569,0.16811,0.16222,0.50832
50.75000,7.09772,0.63077,1.73149,75.99195,0.98559,81.16391,0.14983,1.08130,7.19805,0.17047,0.17005,0.50906
50.80000,7.10236,0.54430,1.73210,76.07874,0.98714,81.30590,0.14941,1.07978,7.20284,0.17067,0.16970,0.50862
50.85000,7.10754,0.45784,1.73267,76.16553,0.98874,81.46148,0.14901,1.07836,7.20617,0.17086,0.16939,0.50818
50.90000,7.11332,0.37138,1.73321,76.25235,0.99024,81.62101,0.14858,1.07721,7.21000,0.17105,0.16909,0.50775
50.95000,7.11982,0.28495,1.73373,76.33923,0.99165,81.78042,0.14815,1.07625,7.21356,0.17122,0.16879,0.50734
51.00000,7.12711,0.19856,1.73421,76.42615,0.99294,81.93611,0.14773,1.07547,7.21687,0.17138,0.16848,0.50694
51.05000,7.13529,0.11223,1.73467,76.51313,0.99410,82.08549,0.14733,1.07485,7.21999,0.17153,0.16815,0.50656
51.10000,7.14444,0.02597,1.73510,76.60015,0.99513,82.22683,0.14693,1.07438,7.22296,0.17166,0.16780,0.50619
51.15000,7.15465,-0.06019,1.73551,76.68722,0.99604,82.35901,0.14656,1.07403,7.22581,0.17178,0.16745,0.50584
51.20000,7.16601,-0.14623,1.73589,76.77433,0.99682,82.48159,0.14620,1.07379,7.22853,0.17189,0.16710,0.50550
51.25000,7.17859,-0.23212,1.73624,76.86147,0.99761,82.59884,0.14592,1.07335,7.22811,0.17195,0.16673,0.50519
51.30000,7.19248,-0.31782,1.73658,76.94865,0.99821,82.70443,0.14561,1.07320,7.22968,0.17202,0.16636,0.50489
51.35000,7.20775,-0.40330,1.73689,77.03586,0.99868,82.80178,0.14533,1.07314,7.23101,0.17208,0.16598,0.50460
51.40000,7.22448,-0.48853,1.73718,77.12310,0.99903,82.89145,0.14506,1.07317,7.23213,0.17212,0.16557,0.50433
51.45000,7.24274,-0.57345,1.73745,77.21035,0.99925,82.97390,0.14479,1.07329,7.23309,0.17215,0.16514,0.50407
51.50000,7.26259,-0.65803,1.73770,77.29763,0.99936,83.04950,0.14454,1.07350,7.23392,0.17216,0.16469,0.50382
51.55000,7.28410,-0.74221,1.73793,77.38491,0.99936,83.11872,0.14430,1.07379,7.23468,0.17217,0.16422,0.50357
51.60000,7.30732,-0.82595,1.73814,77.47220,0.99926,83.18227,0.14406,1.07414,7.23537,0.17217,0.16374,0.50334
51.65000,7.33232,-0.90920,1.73834,77.55950,0.99926,83.24718,0.14391,1.07411,7.23159,0.17211,0.16323,0.50312
51.70000,7.35912,-0.99188,1.73853,77.64679,0.99907,83.30458,0.14370,1.07444,7.23110,0.17208,0.16273,0.50290
51.75000,7.38778,-1.07395,1.73870,77.73408,0.99883,83.35952,0.14351,1.07480,7.23039,0.17204,0.16222,0.50269
51.80000,7.41834,-1.15534,1.73886,77.82136,0.99853,83.41236,0.14331,1.07519,7.22946,0.17200,0.16170,0.50250
51.85000,7.45083,-1.23598,1.73901,77.90864,0.99816,83.46305,0.14312,1.07561,7.22832,0.17195,0.16118,0.50232
51.90000,7.48527,-1.31583,1.73915,77.99590,0.99774,83.51129,0.14294,1.07608,7.22701,0.17189,0.16064,0.50214
51.95000,7.52169,-1.39479,1.73929,78.08314,0.99725,83.55679,0.14276,1.07658,7.22561,0.17183,0.16010,0.50199
52.00000,7.56010,-1.47282,1.73941,78.17037,0.99686,83.60504,0.14265,1.07672,7.21995,0.17171,0.15955,0.50184
52.05000,7.60051,-1.54983,1.73954,78.25759,0.99630,83.64690,0.14250,1.07720,7.21749,0.17162,0.15901,0.50170
52.10000,7.64293,-1.62576,1.73965,78.34479,0.99569,83.68662,0.14234,1.07771,7.21505,0.17153,0.15846,0.50157
52.15000,7.68736,-1.70054,1.73976,78.43197,0.99505,83.72477,0.14219,1.07826,7.21264,0.17144,0.15791,0.50144
52.20000,7.73379,-1.77410,1.73987,78.51913,0.99436,83.76168,0.14204,1.07883,7.21022,0.17134,0.15735,0.50133
52.25000,7.78221,-1.84637,1.73998,78.60628,0.99362,83.79720,0.14188,1.07945,7.20778,0.17124,0.15680,0.50122
52.30000,7.83261,-1.91729,1.74009,78.69341,0.99283,83.83074,0.14173,1.08011,7.20531,0.17114,0.15623,0.50113
52.35000,7.88496,-1.98678,1.74020,78.78052,0.99197,83.86142,0.14158,1.08083,7.20283,0.17103,0.15566,0.50105
52.40000,7.93924,-2.05478,1.74031,78.86762,0.99122,83.89503,0.14152,1.08113,7.19538,0.17086,0.15508,0.50098
52.45000,7.99543,-2.12123,1.74042,78.95469,0.99026,83.92014,0.14140,1.08185,7.19183,0.17072,0.15450,0.50092
52.50000,8.05348,-2.18606,1.74054,79.04174,0.98921,83.94126,0.14128,1.08264,7.18834,0.17058,0.15391,0.50087
52.55000,8.11335,-2.24921,1.74066,79.12877,0.98809,83.95882,0.14116,1.08350,7.18496,0.17043,0.15330,0.50083
52.60000,8.17501,-2.31064,1.74079,79.21578,0.98690,83.97335,0.14104,1.08443,7.18172,0.17027,0.15268,0.50079
52.65000,8.23840,-2.37028,1.74093,79.30279,0.98564,83.98521,0.14091,1.08543,7.17863,0.17011,0.15205,0.50075
52.70000,8.30348,-2.42809,1.74107,79.38978,0.98429,83.99440,0.14078,1.08652,7.17573,0.16994,0.15140,0.50072
52.75000,8.37020,-2.48402,1.74122,79.47675,0.98285,84.00053,0.14065,1.08770,7.17301,0.16977,0.15072,0.50068
52.80000,8.43849,-2.53802,1.74139,79.56370,0.98152,84.01021,0.14060,1.08844,7.16492,0.16953,0.15001,0.50066
52.85000,8.50829,-2.59006,1.74156,79.65064,0.97993,84.01066,0.14048,1.08969,7.16138,0.16932,0.14929,0.50063
52.90000,8.57955,-2.64011,1.74175,79.73756,0.97824,84.00680,0.14036,1.09104,7.15798,0.16911,0.14854,0.50061
52.95000,8.65220,-2.68814,1.74194,79.82448,0.97645,83.99892,0.14023,1.09249,7.15474,0.16889,0.14777,0.50058
53.00000,8.72618,-2.73411,1.74215,79.91138,0.97458,83.98749,0.14011,1.09403,7.15167,0.16866,0.14698,0.50056
53.05000,8.80141,-2.77802,1.74238,79.99826,0.97262,83.97305,0.13998,1.09566,7.14877,0.16842,0.14617,0.50054
53.10000,8.87784,-2.81984,1.74261,80.08514,0.97058,83.95610,0.13984,1.09737,7.14603,0.16817,0.14534,0.50051
53.15000,8.95540,-2.85956,1.74287,80.17201,0.96864,83.94307,0.13977,1.09872,7.13890,0.16787,0.14449,0.50049
53.20000,9.03401,-2.89717,1.74313,80.25888,0.96651,83.92440,0.13964,1.10046,7.13542,0.16759,0.14362,0.50047
53.25000,9.11361,-2.93268,1.74341,80.34574,0.96432,83.90434,0.13950,1.10229,7.13206,0.16731,0.14274,0.50045
53.30000,9.19413,-2.96608,1.74371,80.43260,0.96206,83.88291,0.13936,1.10417,7.12879,0.16703,0.14185,0.50043
53.35000,9.27551,-2.99738,1.74402,80.51946,0.95976,83.86008,0.13922,1.10611,7.12559,0.16674,0.14095,0.50041
53.40000,9.35768,-3.02659,1.74435,80.60632,0.95743,83.83593,0.13907,1.10808,7.12242,0.16644,0.14006,0.50040
53.45000,9.44058,-3.05371,1.74469,80.69319,0.95507,83.81071,0.13893,1.11007,7.11926,0.16614,0.13917,0.50040
53.50000,9.52414,-3.07878,1.74505,80.78007,0.95270,83.78485,0.13879,1.11208,7.11608,0.16584,0.13829,0.50041
53.55000,9.60831,-3.10180,1.74542,80.86696,0.93175,84.65623,0.14425,1.10086,7.02121,0.16315,0.13093,0.49900
53.60000,9.69303,-3.12280,1.74581,80.95386,0.92972,84.69124,0.14399,1.10340,7.01740,0.16286,0.13019,0.49899
53.65000,9.77823,-3.14180,1.74622,81.04078,0.92762,84.70824,0.14376,1.10579,7.01326,0.16256,0.12944,0.49900
53.70000,9.86387,-3.15883,1.74664,81.12771,0.92548,84.71318,0.14357,1.10804,7.00883,0.16225,0.12869,0.49904
53.75000,9.94990,-3.17391,1.74708,81.21466,0.92334,84.70973,0.14341,1.11015,7.00413,0.16193,0.12797,0.49911
53.80000,10.03626,-3.18709,1.74753,81.30163,0.92122,84.70012,0.14327,1.11215,6.99919,0.16160,0.12726,0.49919
53.85000,10.12292,-3.19839,1.74800,81.38862,0.90120,85.53430,0.14923,1.10124,6.90647,0.15875,0.12093,0.49785
53.90000,10.20982,-3.20784,1.74849,81.47564,0.89941,85.56788,0.14899,1.10365,6.90148,0.15845,0.12040,0.49794
53.95000,10.29692,-3.21549,1.74899,81.56268,0.89773,85.58621,0.14890,1.10540,6.89186,0.15808,0.11986,0.49808
54.00000,10.38418,-3.22136,1.74951,81.64974,0.89593,85.58738,0.14880,1.10727,6.88534,0.15775,0.11936,0.49824
54.05000,10.47157,-3.22550,1.75005,81.73684,0.89416,85.57920,0.14874,1.10893,6.87850,0.15741,0.11888,0.49843
54.10000,10.55905,-3.22794,1.75061,81.82396,0.87528,86.36809,0.15543,1.09759,6.78354,0.15438,0.11349,0.49719
54.15000,10.64659,-3.22873,1.75118,81.91112,0.87392,86.39086,0.15534,1.09944,6.77643,0.15407,0.11319,0.49741
54.20000,10.73416,-3.22789,1.75178,81.99830,0.87256,86.39281,0.15533,1.10097,6.76881,0.15376,0.11291,0.49768
54.25000,10.82173,-3.22543,1.75240,82.08552,0.87126,86.37987,0.15540,1.10219,6.76084,0.15345,0.11269,0.49800
54.30000,10.90837,-3.22055,1.71458,82.08552,0.87014,86.35909,0.15560,1.10284,6.74966,0.15309,0.11252,0.49835
54.35000,10.99124,-3.20622,1.64957,82.08552,0.86958,86.38486,0.15544,1.10363,6.74821,0.15313,0.11254,0.49829
54.40000,11.06780,-3.18034,1.58888,82.08552,0.86788,86.39958,0.15475,1.10724,6.76744,0.15352,0.11256,0.49818
54.45000,11.13843,-3.14745,1.52867,82.08552,0.86522,86.37581,0.15346,1.11386,6.81749,0.15437,0.11258,0.49805
54.50000,11.20448,-3.10919,1.53285,82.39614,0.86193,86.32788,0.15184,1.12248,6.88551,0.15547,0.11259,0.49790
54.55000,11.27122,-3.07090,1.54356,82.52263,0.83986,86.84871,0.15816,1.11988,6.84992,0.15302,0.10810,0.49794
54.60000,11.34050,-3.03685,1.54292,82.61559,0.83677,86.70099,0.15693,1.12844,6.92024,0.15400,0.10837,0.49865
54.65000,11.41223,-3.00869,1.54052,82.69838,0.83431,86.57170,0.15596,1.13531,6.97680,0.15484,0.10864,0.49923
54.70000,11.48540,-2.98461,1.54089,82.77782,0.83261,86.45744,0.15543,1.13992,7.01380,0.15543,0.10894,0.49981
54.75000,11.55955,-2.96358,1.54232,82.85657,0.81643,87.10815,0.16282,1.12912,6.94645,0.15304,0.10520,0.49901
54.80000,11.63441,-2.94493,1.54395,82.93532,0.81623,87.04355,0.16294,1.13053,6.95744,0.15333,0.10563,0.49965
54.85000,11.70983,-2.92828,1.54559,83.01416,0.81652,86.97308,0.16341,1.13043,6.95894,0.15351,0.10617,0.50034
54.90000,11.78567,-2.91328,1.54719,83.09305,0.81730,86.90152,0.16418,1.12896,6.95238,0.15361,0.10683,0.50108
54.95000,11.86185,-2.89960,1.54873,83.17191,0.81861,86.83128,0.16522,1.12624,6.93894,0.15364,0.10764,0.50186
55.00000,11.93828,-2.88695,1.55020,83.25068,0.82050,86.76542,0.16658,1.12218,6.91757,0.15360,0.10861,0.50267
55.05000,12.01491,-2.87507,1.55162,83.32932,0.82287,86.69976,0.16813,1.11725,6.89313,0.15356,0.10975,0.50350
55.10000,12.09168,-2.86368,1.55299,83.40781,0.82573,86.63533,0.16991,1.11144,6.86498,0.15351,0.11107,0.50437
55.15000,12.16857,-2.85257,1.55431,83.48616,0.82906,86.57160,0.17189,1.10487,6.83399,0.15346,0.11258,0.50524
55.20000,12.24553,-2.84154,1.55559,83.56437,0.83288,86.50962,0.17409,1.09751,6.79961,0.15340,0.11428,0.50614
55.25000,12.32254,-2.83042,1.55684,83.64247,0.83708,86.44663,0.17644,1.08973,6.76489,0.15338,0.11617,0.50703
55.30000,12.39958,-2.81906,1.55807,83.72048,0.84163,86.38296,0.17892,1.08157,6.72957,0.15338,0.11824,0.50793
55.35000,12.47663,-2.80733,1.55928,83.79847,0.84647,86.31781,0.18152,1.07316,6.69427,0.15340,0.12047,0.50881
55.40000,12.55366,-2.79516,1.56047,83.87649,0.85153,86.25024,0.18420,1.06464,6.65958,0.15345,0.12286,0.50966
55.45000,12.63068,-2.78246,1.56165,83.95472,0.85675,86.18042,0.18696,1.05608,6.62509,0.15351,0.12535,0.51049
55.50000,12.70765,-2.76919,1.56282,84.03326,0.86199,86.10558,0.18971,1.04777,6.59311,0.15361,0.12792,0.51127
55.55000,12.78458,-2.75531,1.56397,84.11195,0.86717,86.02587,0.19243,1.03979,6.56335,0.15372,0.13052,0.51199
55.60000,12.86145,-2.74081,1.56510,84.19037,0.87220,85.94122,0.19508,1.03226,6.53619,0.15383,0.13309,0.51263
55.65000,12.93826,-2.72568,1.56617,84.26845,0.93431,85.35754,0.19254,1.02230,6.84961,0.15271,0.13921,0.51235
55.70000,13.01499,-2.70992,1.56720,84.34646,0.93953,85.27741,0.19508,1.01492,6.83534,0.15287,0.14220,0.51267
55.75000,13.09164,-2.69354,1.56821,84.42458,0.94423,85.18977,0.19739,1.00855,6.82248,0.15301,0.14485,0.51295
55.80000,13.16822,-2.67655,1.56920,84.50281,0.94841,85.09496,0.19946,1.00312,6.81186,0.15315,0.14717,0.51317
55.85000,13.24470,-2.65896,1.57016,84.58109,0.95207,84.99341,0.20128,0.99859,6.80406,0.15329,0.14917,0.51330
55.90000,13.32111,-2.64080,1.57110,84.65943,0.95523,84.88557,0.20288,0.99488,6.79935,0.15344,0.15087,0.51335
55.95000,13.39743,-2.62210,1.57200,84.73783,0.95789,84.77141,0.20423,0.99196,6.79831,0.15360,0.15229,0.51331
56.00000,13.47366,-2.60288,1.57283,84.81631,1.02414,84.12601,0.20013,0.98683,7.13792,0.15254,0.15764,0.51229
56.05000,13.54982,-2.58319,1.57362,84.89486,1.02642,84.01517,0.20130,0.98421,7.15051,0.15278,0.15924,0.51188
56.10000,13.62590,-2.56305,1.57438,84.97346,1.02825,83.89839,0.20217,0.98248,7.16457,0.15304,0.16042,0.51143
56.15000,13.70191,-2.54252,1.57511,85.05212,1.02970,83.77835,0.20276,0.98153,7.18094,0.15332,0.16126,0.51091
56.20000,13.77786,-2.52161,1.57579,85.13084,1.03087,83.65964,0.20312,0.98118,7.19925,0.15364,0.16182,0.51033
56.25000,13.85375,-2.50038,1.57644,85.20960,1.03180,83.54549,0.20325,0.98132,7.21961,0.15399,0.16217,0.50968
56.30000,13.92959,-2.47886,1.57702,85.28841,1.10077,82.88054,0.19806,0.97896,7.56687,0.15313,0.16669,0.50800
56.35000,14.00538,-2.45706,1.57755,85.36726,1.10178,82.79800,0.19811,0.97878,7.59572,0.15359,0.16735,0.50701
56.40000,14.08114,-2.43504,1.57805,85.44614,1.10269,82.73069,0.19789,0.97910,7.62331,0.15406,0.16766,0.50602
56.45000,14.15686,-2.41281,1.57851,85.52504,1.10358,82.68564,0.19745,0.97975,7.64994,0.15456,0.16772,0.50501
56.50000,14.23254,-2.39040,1.57893,85.60397,1.10450,82.66927,0.19681,0.98059,7.67548,0.15506,0.16758,0.50400
56.55000,14.30821,-2.36783,1.57931,85.68291,1.10551,82.68711,0.19600,0.98150,7.69969,0.15558,0.16729,0.50297
56.60000,14.38384,-2.34511,1.57964,85.76187,1.17756,82.16227,0.19011,0.97958,8.02084,0.15490,0.17125,0.50085
56.65000,14.45945,-2.32226,1.57993,85.84083,1.17919,82.27107,0.18931,0.97941,8.04516,0.15547,0.17134,0.49958
56.70000,14.53504,-2.29928,1.58018,85.91980,1.18095,82.42018,0.18829,0.97939,8.06579,0.15603,0.17113,0.49838
56.75000,14.61060,-2.27617,1.58040,85.99878,1.18289,82.61115,0.18709,0.97937,8.08334,0.15658,0.17071,0.49724
56.80000,14.68612,-2.25291,1.58058,86.07775,1.18500,82.84256,0.18574,0.97929,8.09827,0.15712,0.17013,0.49613
56.85000,14.76161,-2.22949,1.58073,86.15673,1.18730,83.10951,0.18430,0.97909,8.11082,0.15765,0.16945,0.49507
56.90000,14.83704,-2.20589,1.58084,86.23571,1.18976,83.40746,0.18277,0.97874,8.12135,0.15817,0.16869,0.49403
56.95000,14.91241,-2.18208,1.58092,86.31470,1.26448,83.16570,0.17674,0.97555,8.39480,0.15751,0.17223,0.49181
57.00000,14.98772,-2.15805,1.58096,86.39369,1.26737,83.51271,0.17544,0.97412,8.40544,0.15803,0.17194,0.49058
57.05000,15.06293,-2.13373,1.58097,86.47268,1.27025,83.86539,0.17408,0.97283,8.41289,0.15852,0.17144,0.48947
57.10000,15.13803,-2.10905,1.58094,86.55169,1.27306,84.21537,0.17269,0.97169,8.41871,0.15898,0.17081,0.48846
57.15000,15.21298,-2.08395,1.58087,86.63071,1.27576,84.55549,0.17131,0.97067,8.42323,0.15941,0.17012,0.48753
57.20000,15.28776,-2.05834,1.58077,86.70976,1.27831,84.87862,0.17000,0.96975,8.42692,0.15981,0.16941,0.48669
57.25000,15.36233,-2.03214,1.58063,86.78882,1.28064,85.17886,0.16876,0.96895,8.43011,0.16018,0.16872,0.48591
57.30000,15.43664,-2.00524,1.58045,86.86791,1.28284,85.45477,0.16768,0.96807,8.43121,0.16048,0.16805,0.48522
57.35000,15.51063,-1.97753,1.58023,86.94703,1.28472,85.69992,0.16668,0.96743,8.43298,0.16076,0.16743,0.48460
57.40000,15.58426,-1.94887,1.57996,87.02617,1.28632,85.91508,0.16578,0.96693,8.43461,0.16101,0.16686,0.48405
57.45000,15.65744,-1.91915,1.57964,87.10534,1.28765,86.10111,0.16499,0.96657,8.43625,0.16122,0.16633,0.48357
57.50000,15.73010,-1.88821,1.57926,87.18454,1.28868,86.25949,0.16429,0.96639,8.43800,0.16141,0.16583,0.48315
57.55000,15.80214,-1.85589,1.57882,87.26376,1.28964,86.39778,0.16378,0.96593,8.43620,0.16149,0.16535,0.48279
57.60000,15.87344,-1.82204,1.57830,87.34300,1.29021,86.51013,0.16328,0.96588,8.43660,0.16158,0.16489,0.48247
57.65000,15.94387,-1.78648,1.57771,87.42224,1.29051,86.60189,0.16284,0.96599,8.43713,0.16164,0.16444,0.48218
57.70000,16.01328,-1.74904,1.57704,87.50149,1.29053,86.67571,0.16244,0.96629,8.43792,0.16168,0.16397,0.48193
57.75000,16.08151,-1.70956,1.57626,87.58071,1.29027,86.73431,0.16206,0.96680,8.43910,0.16170,0.16347,0.48170
57.80000,16.14836,-1.66785,1.57537,87.65991,1.29009,86.78967,0.16187,0.96678,8.43436,0.16158,0.16290,0.48148
57.85000,16.21359,-1.62374,1.57438,87.73907,1.28942,86.82961,0.16157,0.96742,8.43392,0.16151,0.16229,0.48126
57.90000,16.27696,-1.57710,1.57328,87.81816,1.28845,86.86123,0.16125,0.96832,8.43400,0.16142,0.16160,0.48104
57.95000,16.33821,-1.52779,1.57207,87.89718,1.28716,86.88597,0.16089,0.96951,8.43477,0.16131,0.16081,0.48080
58.00000,16.39705,-1.47572,1.57073,87.97610,1.28553,86.90496,0.16048,0.97104,8.43643,0.16119,0.15990,0.48055
58.05000,16.45314,-1.42081,1.56925,88.05490,1.28407,86.93353,0.16029,0.97178,8.42926,0.16087,0.15884,0.48028
58.10000,16.50614,-1.36302,1.56766,88.13358,1.28186,86.94980,0.15985,0.97363,8.42947,0.16065,0.15765,0.47996
58.15000,16.55570,-1.30236,1.56596,88.21211,1.27920,86.96272,0.15932,0.97593,8.43082,0.16041,0.15630,0.47961
58.20000,16.60145,-1.23888,1.56417,88.29048,1.27606,86.97256,0.15869,0.97873,8.43352,0.16015,0.15477,0.47921
58.25000,16.64302,-1.17270,1.56230,88.36868,1.27296,86.99380,0.15824,0.98090,8.42790,0.15969,0.15303,0.47877
58.30000,16.68006,-1.10399,1.56035,88.44668,1.26907,87.00551,0.15753,0.98420,8.42918,0.15931,0.15114,0.47828
58.35000,16.71221,-1.03297,1.55836,88.52449,1.26471,87.01528,0.15674,0.98799,8.43175,0.15891,0.14909,0.47774
58.40000,16.73914,-0.95993,1.55635,88.60212,1.25993,87.02318,0.15586,0.99224,8.43569,0.15850,0.14692,0.47717
58.45000,16.76058,-0.88519,1.55435,88.67955,1.25478,87.02928,0.15490,0.99691,8.44102,0.15809,0.14466,0.47656
58.50000,16.77628,-0.80914,1.55239,88.75677,1.25014,87.05393,0.15427,1.00023,8.43369,0.15741,0.14233,0.47596
58.55000,16.78606,-0.73220,1.55048,88.83376,1.24480,87.06534,0.15336,1.00488,8.43659,0.15690,0.14002,0.47533
58.60000,16.78978,-0.65483,1.54863,88.91055,1.23929,87.07570,0.15241,1.00976,8.44058,0.15641,0.13773,0.47470
58.65000,16.78736,-0.57750,1.54686,88.98718,1.23367,87.08530,0.15143,1.01484,8.44558,0.15593,0.13549,0.47409
58.70000,16.77878,-0.50069,1.54521,89.06365,1.22875,87.11341,0.15078,1.01842,8.43836,0.15520,0.13328,0.47351
58.75000,16.76412,-0.42489,1.54369,89.13994,1.22340,87.13107,0.14992,1.02302,8.43994,0.15466,0.13118,0.47294
58.80000,16.74348,-0.35058,1.54229,89.21605,1.21809,87.14919,0.14907,1.02765,8.44219,0.15413,0.12919,0.47241
58.85000,16.71703,-0.27820,1.54099,89.29202,1.21290,87.16828,0.14823,1.03224,8.44493,0.15364,0.12731,0.47194
58.90000,16.68498,-0.20818,1.53982,89.36788,1.20858,87.20622,0.14771,1.03519,8.43578,0.15293,0.12555,0.47154
58.95000,16.64760,-0.14093,1.53879,89.44363,1.20408,87.23698,0.14705,1.03882,8.43384,0.15239,0.12396,0.47121
59.00000,16.60519,-0.07678,1.53790,89.51923,1.19982,87.27023,0.14643,1.04226,8.43191,0.15188,0.12251,0.47095
59.05000,16.55809,-0.01605,1.53710,89.59468,1.19581,87.30657,0.14584,1.04548,8.42977,0.15141,0.12120,0.47078
59.10000,16.50665,0.04100,1.53646,89.67003,1.12162,87.82747,0.14865,1.04965,8.15487,0.15202,0.11734,0.47200
59.15000,16.45123,0.09416,1.53586,89.74531,1.11838,87.88607,0.14812,1.05246,8.14258,0.15148,0.11606,0.47223
59.20000,16.39222,0.14324,1.53537,89.82050,1.11538,87.94770,0.14767,1.05482,8.13088,0.15096,0.11499,0.47247
59.25000,16.32997,0.18813,1.53498,89.89559,1.11258,88.01175,0.14729,1.05680,8.11916,0.15046,0.11408,0.47277
59.30000,16.26487,0.22873,1.53466,89.97058,1.11051,88.09082,0.14720,1.05721,8.09575,0.14975,0.11328,0.47314
59.35000,16.19727,0.26499,1.53442,90.04551,1.10827,88.16286,0.14702,1.05808,8.07845,0.14917,0.11260,0.47358
59.40000,16.12753,0.29692,1.53424,90.12037,1.10611,88.23287,0.14688,1.05880,8.06107,0.14859,0.11200,0.47409
59.45000,16.05598,0.32454,1.53424,90.19520,1.03585,88.73030,0.14993,1.06216,7.74892,0.14936,0.10921,0.47591
59.50000,15.98294,0.34793,1.53417,90.26998,1.03423,88.80327,0.14995,1.06239,7.71538,0.14861,0.10851,0.47675
59.55000,15.90869,0.36716,1.53416,90.34474,1.03239,88.86249,0.14992,1.06296,7.69007,0.14798,0.10798,0.47755
59.60000,15.83351,0.38230,1.53419,90.41948,1.03054,88.91128,0.14995,1.06340,7.66654,0.14736,0.10756,0.47835
59.65000,15.75763,0.39348,1.53427,90.49420,1.02863,88.94751,0.15004,1.06380,7.64454,0.14675,0.10722,0.47916
59.70000,15.68127,0.40083,1.53439,90.56893,1.02702,88.97861,0.15036,1.06327,7.61428,0.14597,0.10692,0.47999
59.75000,15.60464,0.40451,1.53466,90.64366,0.96109,89.39225,0.15396,1.06631,7.26912,0.14665,0.10463,0.48203
59.80000,15.52792,0.40471,1.53485,90.71842,0.95881,89.38102,0.15410,1.06766,7.24252,0.14596,0.10416,0.48305
59.85000,15.45124,0.40156,1.53506,90.79321,0.95630,89.34983,0.15433,1.06904,7.21959,0.14526,0.10379,0.48399
59.90000,15.37475,0.39521,1.53531,90.86804,0.95383,89.30404,0.15478,1.06978,7.19144,0.14440,0.10346,0.48488
59.95000,15.29856,0.38582,1.53559,90.94293,0.95085,89.22974,0.15517,1.07130,7.17191,0.14362,0.10317,0.48572
60.00000,15.22277,0.37356,1.53589,91.01789,0.94753,89.13124,0.15558,1.07319,7.15559,0.14282,0.10287,0.48650
60.05000,15.14744,0.35860,1.53622,91.09294,0.94388,89.00963,0.15600,1.07547,7.14215,0.14202,0.10257,0.48725
60.10000,15.07264,0.34112,1.53668,91.16808,0.88250,89.27719,0.16021,1.08053,6.78909,0.14248,0.10043,0.48911
60.15000,14.99839,0.32133,1.53706,91.24332,0.87845,89.11916,0.16050,1.08448,6.77316,0.14158,0.09985,0.48993
60.20000,14.92474,0.29935,1.53746,91.31868,0.87415,88.94742,0.16080,1.08863,6.76159,0.14068,0.09931,0.49063
60.25000,14.85172,0.27531,1.53789,91.39414,0.86958,88.76358,0.16107,1.09309,6.75371,0.13977,0.09877,0.49122
60.30000,14.77934,0.24933,1.53836,91.46971,0.86490,88.57389,0.16139,1.09746,6.74433,0.13876,0.09820,0.49172
60.35000,14.70760,0.22156,1.53888,91.54541,0.85988,88.37304,0.16156,1.10253,6.74104,0.13780,0.09761,0.49212
60.40000,14.63650,0.19212,1.53944,91.62123,0.85463,88.16605,0.16164,1.10803,6.74043,0.13682,0.09697,0.49244
60.45000,14.56599,0.16120,1.54012,91.69718,0.80017,88.38413,0.16554,1.11702,6.40626,0.13728,0.09484,0.49379
60.50000,14.49605,0.12894,1.54079,91.77328,0.79511,88.17506,0.16533,1.12402,6.40063,0.13622,0.09399,0.49415
60.55000,14.42666,0.09545,1.54143,91.84951,0.83793,87.53195,0.16117,1.12791,6.73639,0.13379,0.09457,0.49329
60.60000,14.35778,0.06083,1.54212,91.92587,0.83264,87.33766,0.16104,1.13367,6.74473,0.13286,0.09400,0.49325
60.65000,14.28937,0.02522,1.54282,92.00236,0.82751,87.15027,0.16081,1.13950,6.75286,0.13196,0.09340,0.49322
60.70000,14.22138,-0.01125,1.54354,92.07896,0.82261,86.97281,0.16054,1.14522,6.76056,0.13111,0.09283,0.49320
60.75000,14.15375,-0.04847,1.54426,92.15568,0.81810,86.80946,0.16029,1.15045,6.76556,0.13028,0.09229,0.49321
60.80000,14.08644,-0.08633,1.54498,92.23250,0.81390,86.65787,0.16002,1.15544,6.77135,0.12953,0.09181,0.49325
60.85000,14.01938,-0.12473,1.54570,92.30943,0.81010,86.52097,0.15977,1.15995,6.77592,0.12884,0.09139,0.49334
60.90000,13.95256,-0.16358,1.54638,92.38645,0.85657,85.91160,0.15595,1.16077,7.11561,0.12675,0.09223,0.49237
60.95000,13.88592,-0.20282,1.54705,92.46356,0.85352,85.80682,0.15596,1.16299,7.12187,0.12619,0.09208,0.49239
61.00000,13.81941,-0.24235,1.54772,92.54074,0.85082,85.71334,0.15595,1.16500,7.12535,0.12568,0.09194,0.49255
61.05000,13.75299,-0.28210,1.54837,92.61800,0.84849,85.63385,0.15596,1.16665,7.12588,0.12522,0.09181,0.49282
61.10000,13.68662,-0.32199,1.54901,92.69534,0.84651,85.56943,0.15599,1.16790,7.12380,0.12479,0.09172,0.49318
61.15000,13.62027,-0.36197,1.54963,92.77273,0.84485,85.52100,0.15605,1.16873,7.11909,0.12438,0.09166,0.49362
61.20000,13.55390,-0.40197,1.55020,92.85013,0.89727,84.96632,0.15267,1.16625,7.44063,0.12251,0.09284,0.49304
61.25000,13.48749,-0.44197,1.55076,92.92760,0.89614,84.94458,0.15291,1.16546,7.43631,0.12214,0.09298,0.49345
61.30000,13.42101,-0.48191,1.55129,93.00529,0.89516,84.93564,0.15312,1.16464,7.42805,0.12176,0.09309,0.49400
61.35000,13.35444,-0.52173,1.55179,93.08328,0.89431,84.93932,0.15332,1.16371,7.41656,0.12137,0.09318,0.49464
61.40000,13.28774,-0.56141,1.55227,93.16138,0.89354,84.95205,0.15352,1.16270,7.40287,0.12096,0.09327,0.49537
61.45000,13.22091,-0.60089,1.55271,93.23940,0.89285,84.96967,0.15376,1.16155,7.38692,0.12052,0.09336,0.49616
61.50000,13.15393,-0.64016,1.55313,93.31730,0.89220,84.98643,0.15403,1.16033,7.36958,0.12007,0.09346,0.49700
61.55000,13.08677,-0.67917,1.55350,93.39510,0.94988,84.45068,0.15095,1.15630,7.66917,0.11811,0.09487,0.49684
61.60000,13.01944,-0.71792,1.55384,93.47283,0.94919,84.43560,0.15139,1.15433,7.65598,0.11765,0.09514,0.49758
61.65000,12.95191,-0.75635,1.55414,93.55055,0.94841,84.40420,0.15183,1.15260,7.64158,0.11716,0.09537,0.49837
61.70000,12.88417,-0.79444,1.55442,93.62831,0.94755,84.35344,0.15229,1.15108,7.62732,0.11668,0.09559,0.49918
61.75000,12.81621,-0.83215,1.55466,93.70609,0.94659,84.27939,0.15278,1.14976,7.61392,0.11619,0.09580,0.49999
61.80000,12.74800,-0.86945,1.55487,93.78388,0.94552,84.17762,0.15331,1.14866,7.60189,0.11570,0.09602,0.50078
61.85000,12.67955,-0.90631,1.55505,93.86168,1.00679,83.45974,0.15049,1.14537,7.89628,0.11376,0.09769,0.50058
61.90000,12.61084,-0.94272,1.55518,93.93948,1.00532,83.26296,0.15121,1.14415,7.89152,0.11329,0.09808,0.50120
61.95000,12.54186,-0.97862,1.55528,94.01730,1.00366,83.02923,0.15196,1.14335,7.88755,0.11282,0.09844,0.50185
62.00000,12.47260,-1.01397,1.55535,94.09512,1.00186,82.76064,0.15276,1.14286,7.88463,0.11234,0.09880,0.50249
62.05000,12.40303,-1.04873,1.55539,94.17295,0.99989,82.45780,0.15359,1.14276,7.88400,0.11189,0.09916,0.50313
62.10000,12.33314,-1.08284,1.55538,94.25079,0.99786,82.12732,0.15450,1.14278,7.88362,0.11143,0.09953,0.50376
62.15000,12.26292,-1.11626,1.55535,94.32863,0.99580,81.77451,0.15545,1.14292,7.88390,0.11097,0.09990,0.50438
62.20000,12.19234,-1.14892,1.55528,94.40649,0.99376,81.40787,0.15645,1.14313,7.88451,0.11052,0.10027,0.50497
62.25000,12.12140,-1.18076,1.55516,94.48436,0.99181,81.03721,0.15747,1.14334,7.88512,0.11007,0.10064,0.50554
62.30000,12.05007,-1.21171,1.55501,94.56223,0.98989,80.66847,0.15842,1.14377,7.88809,0.10969,0.10101,0.50607
62.35000,11.97834,-1.24169,1.55482,94.64012,0.98821,80.31674,0.15939,1.14393,7.88914,0.10930,0.10136,0.50657
62.40000,11.90618,-1.27061,1.55459,94.71803,0.98677,79.98719,0.16032,1.14395,7.88963,0.10893,0.10169,0.50702
62.45000,11.83359,-1.29836,1.55431,94.79596,0.98559,79.68596,0.16120,1.14378,7.88932,0.10859,0.10201,0.50743
62.50000,11.76053,-1.32484,1.55398,94.87392,0.98456,79.41232,0.16196,1.14375,7.89136,0.10834,0.10232,0.50779
62.55000,11.68700,-1.34993,1.55360,94.95192,0.98392,79.17707,0.16269,1.14328,7.89081,0.10809,0.10261,0.50811
62.60000,11.61299,-1.37348,1.55316,95.02995,0.98360,78.97866,0.16337,1.14256,7.88938,0.10788,0.10290,0.50840
62.65000,11.53848,-1.39533,1.55265,95.10804,0.98361,78.81590,0.16400,1.14156,7.88700,0.10771,0.10319,0.50865
62.70000,11.46348,-1.41531,1.55208,95.18617,0.98397,78.68609,0.16460,1.14023,7.88351,0.10757,0.10349,0.50888
62.75000,11.38799,-1.43323,1.55143,95.26436,0.98443,78.57430,0.16503,1.13928,7.88553,0.10759,0.10383,0.50910
62.80000,11.31204,-1.44889,1.55068,95.34261,0.98544,78.49313,0.16557,1.13753,7.88269,0.10759,0.10422,0.50931
62.85000,11.23565,-1.46204,1.54983,95.42091,0.98689,78.43240,0.16615,1.13533,7.87890,0.10763,0.10468,0.50955
62.90000,11.15889,-1.47244,1.54885,95.49926,0.98886,78.38874,0.16680,1.13257,7.87392,0.10772,0.10525,0.50980
62.95000,11.08183,-1.47981,1.54776,95.57765,0.99112,78.34616,0.16737,1.12999,7.87534,0.10803,0.10598,0.51010
63.00000,11.00458,-1.48387,1.54655,95.65606,0.99428,78.32135,0.16818,1.12619,7.87139,0.10833,0.10689,0.51045
63.05000,10.92729,-1.48435,1.54520,95.73448,0.99831,78.30583,0.16918,1.12144,7.86601,0.10873,0.10806,0.51087
63.10000,10.85015,-1.48098,1.54368,95.81287,1.00340,78.29836,0.17042,1.11555,7.85885,0.10924,0.10954,0.51139
63.15000,10.77338,-1.47346,1.54200,95.89122,1.00975,78.29823,0.17197,1.10830,7.84945,0.10988,0.11144,0.51201
63.20000,10.69726,-1.46151,1.54018,95.96948,1.01698,78.28297,0.17352,1.10094,7.85052,0.11090,0.11387,0.51274
63.25000,10.62212,-1.44491,1.53821,96.04762,1.02607,78.28573,0.17567,1.09121,7.84139,0.11192,0.11689,0.51360
63.30000,10.54833,-1.42346,1.53612,96.12559,1.03675,78.29374,0.17822,1.07996,7.82985,0.11310,0.12060,0.51457
63.35000,10.47630,-1.39698,1.53390,96.20335,1.04893,78.30646,0.18119,1.06734,7.81588,0.11441,0.12504,0.51563
63.40000,10.40648,-1.36539,1.53160,96.28087,1.06183,78.30117,0.18414,1.05505,7.81276,0.11608,0.13023,0.51675
63.45000,10.33937,-1.32866,1.52923,96.35810,1.07593,78.30957,0.18756,1.04149,7.80124,0.11769,0.13601,0.51789
63.50000,10.27547,-1.28681,1.52684,96.43501,1.09049,78.31892,0.19114,1.02785,7.78882,0.11931,0.14223,0.51901
63.55000,10.21527,-1.23998,1.52446,96.51155,1.10505,78.32828,0.19479,1.01459,7.77590,0.12089,0.14864,0.52007
63.60000,10.15929,-1.18836,1.52212,96.58771,1.11917,78.33697,0.19837,1.00208,7.76279,0.12237,0.15498,0.52104
63.65000,10.10799,-1.13225,1.51985,96.66348,1.13158,78.30866,0.20113,0.99260,7.77034,0.12412,0.16106,0.52189
63.70000,10.06181,-1.07199,1.51771,96.73886,1.14352,78.29558,0.20407,0.98309,7.76576,0.12548,0.16661,0.52262
63.75000,10.02113,-1.00802,1.51573,96.81384,1.15430,78.27609,0.20675,0.97479,7.76212,0.12669,0.17159,0.52323
63.80000,9.98626,-0.94080,1.51392,96.88842,1.16389,78.24817,0.20916,0.96767,7.75953,0.12774,0.17593,0.52372
63.85000,9.95745,-0.87087,1.51239,96.96261,1.12224,77.77403,0.20505,0.97824,7.54958,0.13381,0.18371,0.52553
63.90000,9.93485,-0.79877,1.51094,97.03648,1.12826,77.65678,0.20651,0.97476,7.55246,0.13469,0.18624,0.52588
63.95000,9.91858,-0.72505,1.50969,97.11005,1.13342,77.54375,0.20776,0.97203,7.55854,0.13548,0.18845,0.52608
64.00000,9.90865,-0.65027,1.50865,97.18332,1.13780,77.42318,0.20884,0.96998,7.56751,0.13621,0.19033,0.52615
64.05000,9.90502,-0.57497,1.50782,97.25628,1.14046,77.24775,0.20901,0.97068,7.60191,0.13729,0.19194,0.52609
64.10000,9.90756,-0.49967,1.50713,97.32898,1.14308,77.07088,0.20951,0.97071,7.62458,0.13808,0.19320,0.52592
64.15000,9.91613,-0.42484,1.50657,97.40150,1.14510,76.86401,0.20987,0.97138,7.65102,0.13885,0.19421,0.52562
64.20000,9.93048,-0.35092,1.50633,97.47390,1.09701,76.17358,0.20403,0.98918,7.46318,0.14444,0.19887,0.52661
64.25000,9.95034,-0.27830,1.50605,97.54618,1.09663,75.82020,0.20376,0.99289,7.49977,0.14530,0.19870,0.52621
64.30000,9.97545,-0.20733,1.50590,97.61834,1.09596,75.45288,0.20342,0.99700,7.54161,0.14619,0.19855,0.52564
64.35000,10.00551,-0.13832,1.50585,97.69042,1.09505,75.06964,0.20300,1.00148,7.58755,0.14712,0.19836,0.52492
64.40000,10.04020,-0.07151,1.50586,97.76244,1.09321,74.64532,0.20196,1.00792,7.65270,0.14836,0.19811,0.52405
64.45000,10.07920,-0.00713,1.50592,97.83444,1.09167,74.23876,0.20118,1.01363,7.70810,0.14942,0.19773,0.52308
64.50000,10.12221,0.05466,1.50600,97.90645,1.09011,73.84994,0.20034,1.01941,7.76242,0.15047,0.19724,0.52202
64.55000,10.16890,0.11373,1.50632,97.97849,1.04073,73.02644,0.19380,1.04204,7.59600,0.15571,0.20045,0.52252
64.60000,10.21894,0.17001,1.50650,98.05058,1.03826,72.65015,0.19252,1.04909,7.64444,0.15666,0.19894,0.52155
64.65000,10.27207,0.22340,1.50678,98.12273,1.03639,72.37350,0.19119,1.05533,7.68906,0.15755,0.19755,0.52053
64.70000,10.32798,0.27388,1.50716,98.19498,1.03517,72.20943,0.18979,1.06064,7.72866,0.15839,0.19620,0.51946
64.75000,10.38639,0.32150,1.50762,98.26735,1.03422,72.15045,0.18794,1.06606,7.77324,0.15934,0.19486,0.51835
64.80000,10.44701,0.36630,1.50814,98.33986,1.03433,72.24211,0.18617,1.06976,7.80491,0.16014,0.19345,0.51723
64.85000,10.50959,0.40839,1.50871,98.41253,1.03528,72.48320,0.18422,1.07237,7.83047,0.16089,0.19196,0.51607
64.90000,10.57386,0.44790,1.50944,98.48538,0.99177,72.41863,0.17741,1.08988,7.62303,0.16508,0.19426,0.51675
64.95000,10.63958,0.48503,1.51005,98.55843,0.99324,72.87840,0.17481,1.09205,7.64156,0.16581,0.19181,0.51572
65.00000,10.70657,0.51987,1.51067,98.63169,0.99597,73.51739,0.17221,1.09240,7.65050,0.16645,0.18945,0.51457
65.05000,10.77466,0.55260,1.51129,98.70517,0.99959,74.30007,0.16947,1.09173,7.65665,0.16711,0.18713,0.51331
65.10000,10.84368,0.58339,1.51190,98.77887,1.00372,75.18472,0.16652,1.09078,7.66538,0.16782,0.18486,0.51196
65.15000,10.91349,0.61242,1.51250,98.85282,1.00850,76.14641,0.16364,1.08890,7.66878,0.16849,0.18261,0.51053
65.20000,10.98396,0.63990,1.51308,98.92701,1.01359,77.13739,0.16084,1.08660,7.67041,0.16912,0.18043,0.50905
65.25000,11.05496,0.66605,1.51370,99.00143,0.97438,77.69756,0.15456,1.09990,7.43562,0.17262,0.18221,0.50976
65.30000,11.12638,0.69114,1.51423,99.07611,0.97849,78.56487,0.15211,1.09817,7.43155,0.17310,0.17944,0.50858
65.35000,11.19813,0.71533,1.51472,99.15104,0.98254,79.38818,0.14992,1.09622,7.42692,0.17353,0.17702,0.50739
65.40000,11.27015,0.73880,1.51518,99.22621,0.98629,80.14246,0.14799,1.09441,7.42349,0.17391,0.17490,0.50623
65.45000,11.34235,0.76178,1.51559,99.30163,0.98961,80.81578,0.14629,1.09287,7.42126,0.17425,0.17302,0.50514
65.50000,11.41467,0.78445,1.51596,99.37731,0.99242,81.40419,0.14481,1.09169,7.42028,0.17453,0.17136,0.50413
65.55000,11.48704,0.80702,1.51628,99.45330,0.99473,81.91146,0.14355,1.09079,7.41926,0.17476,0.16985,0.50321
65.60000,11.55939,0.82969,1.51655,99.52961,0.99651,82.34292,0.14247,1.09025,7.41871,0.17493,0.16847,0.50237
65.65000,11.63166,0.85265,1.51677,99.60625,0.99778,82.70678,0.14154,1.09007,7.41863,0.17506,0.16717,0.50162
65.70000,11.70379,0.87609,1.51694,99.68318,0.99864,83.01484,0.14076,1.09003,7.41683,0.17513,0.16593,0.50095
65.75000,11.77571,0.90020,1.51705,99.76028,0.99905,83.27235,0.14007,1.09034,7.41568,0.17516,0.16473,0.50035
65.80000,11.84734,0.92516,1.51711,99.83741,0.99907,83.48772,0.13948,1.09090,7.41442,0.17516,0.16354,0.49981
65.85000,11.91860,0.95116,1.51712,99.91457,0.99873,83.66759,0.13895,1.09169,7.41309,0.17512,0.16236,0.49933
65.90000,11.98941,0.97835,1.51708,99.99182,0.99807,83.81809,0.13847,1.09272,7.41172,0.17505,0.16118,0.49888
65.95000,12.05968,1.00691,1.51699,100.06920,0.99736,83.95229,0.13812,1.09336,7.40451,0.17490,0.15998,0.49849
66.00000,12.12931,1.03698,1.51686,100.14667,0.99628,84.06308,0.13776,1.09448,7.40049,0.17476,0.15877,0.49811
66.05000,12.19819,1.06871,1.51670,100.22417,0.99499,84.15805,0.13742,1.09575,7.39628,0.17460,0.15754,0.49777
66.10000,12.26622,1.10222,1.51649,100.30169,0.99348,84.23997,0.13709,1.09716,7.39197,0.17441,0.15629,0.49744
66.15000,12.33327,1.13761,1.51626,100.37919,0.99204,84.31954,0.13688,1.09808,7.38119,0.17415,0.15500,0.49714
66.20000,12.39921,1.17499,1.51601,100.45666,0.99029,84.38618,0.13662,1.09949,7.37401,0.17390,0.15368,0.49684
66.25000,12.46393,1.21443,1.51574,100.53405,0.98836,84.44553,0.13636,1.10103,7.36681,0.17363,0.15234,0.49656
66.30000,12.52730,1.25600,1.51545,100.61136,0.98628,84.49857,0.13610,1.10271,7.35970,0.17335,0.15097,0.49628
66.35000,12.58917,1.29972,1.51517,100.68856,0.98406,84.54599,0.13584,1.10452,7.35276,0.17306,0.14959,0.49602
66.40000,12.64942,1.34563,1.51489,100.76563,0.98210,84.60061,0.13572,1.10546,7.33645,0.17265,0.14818,0.49578
66.45000,12.70792,1.39372,1.51461,100.84255,0.97983,84.64342,0.13552,1.10709,7.32667,0.17231,0.14681,0.49555
66.50000,12.76455,1.44399,1.51435,100.91931,0.97750,84.68205,0.13532,1.10876,7.31705,0.17196,0.14546,0.49534
66.55000,12.81918,1.49641,1.51410,100.99589,0.97511,84.71682,0.13513,1.11048,7.30762,0.17160,0.14414,0.49514
66.60000,12.87170,1.55092,1.51388,101.07230,0.97304,84.75965,0.13507,1.11134,7.28934,0.17114,0.14283,0.49498
66.65000,12.92200,1.60747,1.51369,101.14854,0.97073,84.79288,0.13493,1.11279,7.27717,0.17075,0.14158,0.49484
66.70000,12.97000,1.66598,1.51352,101.22462,0.96839,84.82320,0.13479,1.11427,7.26534,0.17035,0.14036,0.49473
66.75000,13.01560,1.72636,1.51339,101.30052,0.96603,84.85063,0.13466,1.11580,7.25392,0.16995,0.13918,0.49464
66.80000,13.05874,1.78852,1.51329,101.37625,0.96398,84.88568,0.13464,1.11651,7.23449,0.16947,0.13804,0.49458
66.85000,13.09935,1.85235,1.51322,101.45184,0.96176,84.91185,0.13456,1.11772,7.22076,0.16904,0.13697,0.49456
66.90000,13.13738,1.91776,1.51319,101.52730,0.95956,84.93467,0.13449,1.11893,7.20756,0.16863,0.13597,0.49456
66.95000,13.17279,1.98461,1.51319,101.60263,0.95741,84.95395,0.13442,1.12012,7.19491,0.16823,0.13504,0.49461
67.00000,13.20557,2.05279,1.51323,101.67785,0.95560,84.97936,0.13447,1.12049,7.17495,0.16774,0.13417,0.49470
67.05000,13.23569,2.12220,1.51330,101.75297,0.93485,85.83501,0.13949,1.10844,7.07337,0.16509,0.12720,0.49330
67.10000,13.26316,2.19270,1.51340,101.82801,0.93329,85.90117,0.13939,1.10981,7.05964,0.16473,0.12662,0.49343
67.15000,13.28798,2.26418,1.51354,101.90297,0.93173,85.94598,0.13934,1.11098,7.04630,0.16436,0.12608,0.49362
67.20000,13.31017,2.33653,1.51370,101.97787,0.93044,85.98381,0.13944,1.11126,7.02593,0.16391,0.12560,0.49387
67.25000,13.32975,2.40964,1.51390,102.05272,0.92904,86.00495,0.13952,1.11182,7.01051,0.16352,0.12518,0.49417
67.30000,13.34677,2.48340,1.51412,102.12753,0.92769,86.01597,0.13962,1.11225,6.99566,0.16315,0.12484,0.49451
67.35000,13.36126,2.55771,1.51438,102.20231,0.92640,86.01801,0.13975,1.11258,6.98137,0.16279,0.12458,0.49490
67.40000,13.37327,2.63247,1.51466,102.27708,0.90733,86.80817,0.14572,1.09933,6.87313,0.15989,0.11891,0.49382
67.45000,13.38286,2.70760,1.51496,102.35184,0.90656,86.84332,0.14587,1.09977,6.85789,0.15957,0.11887,0.49426
67.50000,13.39008,2.78300,1.51530,102.42659,0.90581,86.85430,0.14609,1.09997,6.84327,0.15925,0.11888,0.49475
67.55000,13.39500,2.85861,1.51565,102.50136,0.90509,86.84698,0.14637,1.09996,6.82932,0.15896,0.11896,0.49530
67.60000,13.39769,2.93436,1.51603,102.57615,0.90465,86.83207,0.14681,1.09916,6.80983,0.15859,0.11911,0.49588
67.65000,13.39821,3.01016,1.51643,102.65096,0.90417,86.80154,0.14723,1.09858,6.79502,0.15830,0.11934,0.49650
67.70000,13.39664,3.08597,1.51685,102.72579,0.90377,86.76059,0.14769,1.09787,6.78102,0.15803,0.11965,0.49715
67.75000,13.39305,3.16174,1.51731,102.80067,0.88597,87.46014,0.15486,1.08428,6.67999,0.15511,0.11492,0.49634
67.80000,13.38751,3.23741,1.51778,102.87558,0.88615,87.44641,0.15546,1.08338,6.66241,0.15484,0.11537,0.49702
67.85000,13.38011,3.31295,1.51827,102.95054,0.88623,87.40548,0.15608,1.08257,6.64908,0.15464,0.11588,0.49773
67.90000,13.37091,3.38831,1.51879,103.02555,0.88633,87.34571,0.15677,1.08160,6.63666,0.15445,0.11645,0.49848
67.95000,13.35999,3.46348,1.51933,103.10062,0.88648,87.27042,0.15753,1.08049,6.62519,0.15428,0.11710,0.49923
68.00000,13.34743,3.53841,1.51989,103.17574,0.88687,87.18701,0.15844,1.07879,6.61004,0.15407,0.11782,0.50001
68.05000,13.33330,3.61309,1.52048,103.25093,0.87026,87.81429,0.16720,1.06454,6.51160,0.15111,0.11362,0.49936
68.10000,13.31768,3.68751,1.52109,103.32619,0.87097,87.74352,0.16812,1.06337,6.50204,0.15104,0.11443,0.50012
68.15000,13.30064,3.76164,1.52172,103.40151,0.87169,87.65315,0.16914,1.06200,6.49333,0.15098,0.11530,0.50090
68.20000,13.28226,3.83549,1.52237,103.47691,0.87258,87.55297,0.17030,1.06011,6.48186,0.15089,0.11622,0.50167
68.25000,13.26260,3.90904,1.52305,103.55238,0.87346,87.44024,0.17144,1.05835,6.47393,0.15087,0.11721,0.50244
68.30000,13.24174,3.98230,1.52374,103.62791,0.87440,87.31920,0.17261,1.05651,6.46717,0.15087,0.11825,0.50319
68.35000,13.21975,4.05526,1.52446,103.70353,0.87539,87.19110,0.17380,1.05464,6.46158,0.15090,0.11935,0.50392
68.40000,13.19669,4.12793,1.52520,103.77922,0.85989,87.77674,0.18437,1.03983,6.36756,0.14799,0.11531,0.50329
68.45000,13.17264,4.20032,1.52598,103.85499,0.86124,87.66902,0.18562,1.03818,6.36373,0.14808,0.11640,0.50397
68.50000,13.14764,4.27243,1.52679,103.93084,0.86255,87.54705,0.18691,1.03647,6.36100,0.14820,0.11750,0.50462
68.55000,13.12175,4.34426,1.52765,104.00677,0.86385,87.41644,0.18820,1.03474,6.35947,0.14834,0.11864,0.50525
68.60000,13.09503,4.41584,1.52857,104.08278,0.86522,87.28309,0.18953,1.03282,6.35721,0.14848,0.11979,0.50584
68.65000,13.06753,4.48718,1.52955,104.15888,0.86656,87.14636,0.19080,1.03106,6.35760,0.14866,0.12096,0.50639
68.70000,13.03932,4.55829,1.53058,104.23506,0.86790,87.00933,0.19201,1.02937,6.35933,0.14887,0.12213,0.50689
68.75000,13.01046,4.62920,1.53165,104.31133,0.86923,86.87329,0.19316,1.02776,6.36235,0.14910,0.12330,0.50735
68.80000,12.98100,4.69992,1.53276,104.38768,0.87059,86.74044,0.19429,1.02615,6.36539,0.14933,0.12445,0.50776
68.85000,12.95102,4.77048,1.53390,104.46412,0.87188,86.60909,0.19531,1.02474,6.37052,0.14959,0.12557,0.50812
68.90000,12.92056,4.84089,1.53507,104.54063,0.89015,85.70843,0.18616,1.03607,6.46373,0.15276,0.13288,0.50966
68.95000,12.88967,4.91119,1.53626,104.61723,0.89109,85.55165,0.18704,1.03469,6.47110,0.15302,0.13400,0.50993
69.00000,12.85842,4.98139,1.53747,104.69392,0.89209,85.40973,0.18780,1.03351,6.47976,0.15331,0.13508,0.51014
69.05000,12.82683,5.05151,1.53869,104.77069,0.89315,85.28071,0.18849,1.03242,6.48866,0.15360,0.13611,0.51029
69.10000,12.79497,5.12157,1.53993,104.84754,0.89419,85.16129,0.18905,1.03157,6.49938,0.15392,0.13708,0.51038
69.15000,12.76287,5.19159,1.54118,104.92447,0.89522,85.05172,0.18951,1.03088,6.51105,0.15425,0.13797,0.51042
69.20000,12.73055,5.26158,1.54243,105.00147,0.89625,84.95195,0.18988,1.03032,6.52356,0.15460,0.13879,0.51040
69.25000,12.69806,5.33156,1.54367,105.07853,0.91498,84.01206,0.18050,1.04244,6.62378,0.15764,0.14664,0.51155
69.30000,12.66541,5.40153,1.54490,105.15568,0.91568,83.89417,0.18077,1.04179,6.63720,0.15796,0.14730,0.51147
69.35000,12.63263,5.47151,1.54613,105.23291,0.91648,83.80048,0.18093,1.04132,6.65135,0.15830,0.14792,0.51134
69.40000,12.59973,5.54150,1.54734,105.31019,0.91734,83.72644,0.18098,1.04099,6.66603,0.15864,0.14847,0.51116
69.45000,12.56673,5.61151,1.54854,105.38752,0.91824,83.66961,0.18094,1.04078,6.68086,0.15899,0.14895,0.51093
69.50000,12.53363,5.68153,1.54972,105.46498,0.91915,83.62789,0.18081,1.04069,6.69615,0.15935,0.14935,0.51067
69.55000,12.50044,5.75158,1.55086,105.54270,0.93842,82.68934,0.17165,1.05327,6.79941,0.16221,0.15731,0.51158
69.60000,12.46716,5.82165,1.55198,105.62071,0.93908,82.63120,0.17152,1.05290,6.81463,0.16253,0.15752,0.51129
69.65000,12.43378,5.89174,1.55307,105.69888,0.93988,82.60411,0.17127,1.05267,6.83010,0.16286,0.15770,0.51095
69.70000,12.40030,5.96183,1.55413,105.77709,0.94079,82.60361,0.17094,1.05252,6.84528,0.16319,0.15782,0.51057
69.75000,12.36671,6.03193,1.55516,105.85519,0.94175,82.62572,0.17052,1.05246,6.86045,0.16353,0.15788,0.51017
69.80000,12.33299,6.10202,1.55615,105.93309,0.94275,82.66787,0.17004,1.05248,6.87527,0.16387,0.15787,0.50974
69.85000,12.29911,6.17210,1.55711,106.01087,0.94379,82.72750,0.16950,1.05254,6.88967,0.16421,0.15780,0.50929
69.90000,12.26508,6.24214,1.55804,106.08871,0.96386,81.85177,0.16094,1.06519,6.99071,0.16681,0.16562,0.51008
69.95000,12.23086,6.31215,1.55893,106.16661,0.96466,81.89015,0.16051,1.06478,7.00346,0.16708,0.16537,0.50966
70.00000,12.19643,6.38210,1.55979,106.24457,0.96557,81.95842,0.16000,1.06448,7.01595,0.16735,0.16512,0.50921
70.05000,12.16175,6.45199,1.56062,106.32256,0.96651,82.04915,0.15944,1.06433,7.02814,0.16762,0.16482,0.50874
70.10000,12.12681,6.52178,1.56142,106.40060,0.96740,82.15689,0.15881,1.06437,7.04011,0.16789,0.16444,0.50825
70.15000,12.09156,6.59146,1.56219,106.47869,0.96816,82.27911,0.15815,1.06458,7.05083,0.16812,0.16392,0.50774
70.20000,12.05598,6.66102,1.56293,106.55684,0.98824,81.43740,0.15048,1.07783,7.14918,0.17042,0.17135,0.50847
70.25000,12.02002,6.73042,1.56364,106.63503,0.98822,81.52003,0.14988,1.07815,7.15998,0.17056,0.17042,0.50795
70.30000,11.98365,6.79964,1.56432,106.71327,0.98806,81.62610,0.14920,1.07887,7.17091,0.17069,0.16939,0.50739
70.35000,11.94682,6.86866,1.56497,106.79156,0.98785,81.74938,0.14850,1.07971,7.18037,0.17079,0.16829,0.50682
70.40000,11.90949,6.93745,1.56560,106.86990,0.98836,81.88129,0.14793,1.07985,7.18895,0.17095,0.16765,0.50633
70.45000,11.87161,7.00597,1.56619,106.94830,0.98875,82.01711,0.14734,1.08020,7.19734,0.17110,0.16696,0.50585
70.50000,11.83314,7.07420,1.56676,107.02675,0.98909,82.15336,0.14676,1.08065,7.20540,0.17125,0.16627,0.50538
70.55000,11.79403,7.14209,1.56731,107.10525,0.98974,82.28792,0.14626,1.08074,7.21255,0.17141,0.16580,0.50496
70.60000,11.75423,7.20961,1.56783,107.18381,0.99050,82.42255,0.14582,1.08059,7.21671,0.17154,0.16537,0.50458
70.65000,11.71369,7.27672,1.56832,107.26242,0.99108,82.55071,0.14537,1.08073,7.22218,0.17167,0.16490,0.50420
70.70000,11.67237,7.34338,1.56879,107.34109,0.99142,82.67358,0.14490,1.08110,7.22757,0.17177,0.16434,0.50382
70.75000,11.63022,7.40955,1.56924,107.41980,0.99150,82.79062,0.14443,1.08174,7.23295,0.17186,0.16367,0.50344
70.80000,11.58719,7.47517,1.56966,107.49856,0.99139,82.90148,0.14394,1.08257,7.23829,0.17192,0.16294,0.50306
70.85000,11.54323,7.54020,1.57006,107.57737,0.99133,83.01135,0.14355,1.08307,7.23949,0.17194,0.16219,0.50270
70.90000,11.49830,7.60458,1.57044,107.65622,0.99121,83.11172,0.14315,1.08371,7.24280,0.17197,0.16153,0.50237
70.95000,11.45235,7.66827,1.57080,107.73512,0.99126,83.20597,0.14281,1.08412,7.24546,0.17202,0.16101,0.50209
71.00000,11.40536,7.73121,1.57115,107.81405,0.99148,83.29503,0.14252,1.08429,7.24735,0.17207,0.16063,0.50186
71.05000,11.35728,7.79334,1.57147,107.89301,0.99192,83.38575,0.14234,1.08394,7.24471,0.17208,0.16033,0.50168
71.10000,11.30807,7.85461,1.57178,107.97199,0.99244,83.47409,0.14217,1.08355,7.24272,0.17211,0.16015,0.50156
71.15000,11.25772,7.91496,1.57207,108.05101,0.99201,83.56450,0.14188,1.08417,7.24068,0.17205,0.15945,0.50139
71.20000,11.20619,7.97432,1.57234,108.13003,0.99110,83.65640,0.14153,1.08523,7.23805,0.17195,0.15852,0.50120
71.25000,11.15345,8.03263,1.57260,108.20907,0.99028,83.75000,0.14122,1.08607,7.23402,0.17184,0.15768,0.50108
71.30000,11.09949,8.08983,1.57285,108.28812,0.98890,83.84914,0.14089,1.08721,7.22553,0.17162,0.15646,0.50090
71.35000,11.04428,8.14585,1.57310,108.36717,0.98695,83.91464,0.14046,1.08925,7.22469,0.17142,0.15509,0.50059
71.40000,10.98784,8.20063,1.57334,108.44622,0.98480,83.97621,0.14002,1.09146,7.22383,0.17121,0.15365,0.50027
71.45000,10.93017,8.25414,1.57357,108.52526,0.98261,84.03369,0.13961,1.09369,7.22280,0.17099,0.15224,0.49997
71.50000,10.87127,8.30631,1.57377,108.60429,0.98041,84.07380,0.13921,1.09596,7.22371,0.17079,0.15089,0.49964
71.55000,10.81111,8.35704,1.57396,108.68330,0.97841,84.11434,0.13891,1.09768,7.21919,0.17053,0.14957,0.49931
71.60000,10.74971,8.40626,1.57416,108.76229,0.97623,84.14749,0.13857,1.09980,7.21827,0.17030,0.14827,0.49900
71.65000,10.68706,8.45392,1.57437,108.84125,0.97395,84.17822,0.13824,1.10198,7.21678,0.17005,0.14697,0.49872
71.70000,10.62320,8.49995,1.57459,108.92020,0.97154,84.20283,0.13793,1.10426,7.21475,0.16978,0.14567,0.49849
71.75000,10.55814,8.54430,1.57481,108.99910,0.96896,84.21392,0.13765,1.10666,7.21255,0.16950,0.14439,0.49829
71.80000,10.49192,8.58691,1.57504,109.07796,0.96643,84.21246,0.13750,1.10859,7.20415,0.16912,0.14314,0.49814
71.85000,10.42458,8.62773,1.57529,109.15680,0.96357,84.18487,0.13730,1.11113,7.20154,0.16878,0.14193,0.49800
71.90000,10.35614,8.66673,1.57554,109.23562,0.96052,84.12856,0.13714,1.11392,7.20071,0.16844,0.14075,0.49785
71.95000,10.28665,8.70386,1.57581,109.31442,0.95746,84.06849,0.13696,1.11679,7.20130,0.16811,0.13957,0.49767
72.00000,10.21617,8.73908,1.57609,109.39317,0.95491,84.05561,0.13675,1.11896,7.19699,0.16776,0.13832,0.49740
72.05000,10.14474,8.77238,1.57639,109.47187,0.95209,84.01040,0.13654,1.12163,7.19758,0.16744,0.13714,0.49714
72.10000,10.07242,8.80374,1.57671,109.55054,0.94948,84.00847,0.13631,1.12395,7.19335,0.16710,0.13595,0.49699
72.15000,9.99926,8.83313,1.57705,109.62918,0.94706,84.03688,0.13606,1.12600,7.18689,0.16675,0.13478,0.49688
72.20000,9.92533,8.86057,1.57740,109.70779,0.92609,84.94085,0.14101,1.11514,7.09459,0.16413,0.12745,0.49528
72.25000,9.85068,8.88604,1.57777,109.78638,0.92430,85.04201,0.14075,1.11697,7.08003,0.16372,0.12653,0.49525
72.30000,9.77537,8.90956,1.57816,109.86495,0.92230,85.11748,0.14052,1.11890,7.06780,0.16332,0.12566,0.49532
72.35000,9.69946,8.93113,1.57856,109.94355,0.92026,85.17280,0.14035,1.12063,7.05498,0.16291,0.12485,0.49546
72.40000,9.62301,8.95077,1.57898,110.02215,0.91822,85.21233,0.14023,1.12221,7.04223,0.16248,0.12409,0.49563
72.45000,9.54607,8.96850,1.57941,110.10067,0.91623,85.24295,0.14013,1.12366,7.03001,0.16206,0.12338,0.49581
72.50000,9.46869,8.98433,1.57987,110.17907,0.89670,86.10431,0.14580,1.11164,6.92638,0.15910,0.11736,0.49447
72.55000,9.39093,8.99829,1.58034,110.25755,0.89529,86.19742,0.14553,1.11331,6.91507,0.15876,0.11682,0.49460
72.60000,9.31284,9.01042,1.58082,110.33632,0.89392,86.28134,0.14528,1.11476,6.90460,0.15844,0.11628,0.49474
72.65000,9.23447,9.02074,1.58131,110.41530,0.89259,86.36138,0.14501,1.11610,6.89572,0.15816,0.11575,0.49489
72.70000,9.15585,9.02928,1.58180,110.49415,0.89147,86.43968,0.14485,1.11680,6.88221,0.15781,0.11526,0.49508
72.75000,9.07704,9.03605,1.58231,110.57276,0.88985,86.44435,0.14485,1.11799,6.87252,0.15746,0.11493,0.49542
72.80000,8.99807,9.04107,1.58283,110.65130,0.88832,86.44448,0.14487,1.11902,6.86286,0.15711,0.11463,0.49578
72.85000,8.91899,9.04438,1.58337,110.72994,0.86980,87.19633,0.15125,1.10703,6.76503,0.15405,0.10980,0.49468
72.90000,8.83983,9.04602,1.58392,110.80867,0.86839,87.18590,0.15138,1.10852,6.75511,0.15369,0.10970,0.49515
72.95000,8.76062,9.04602,1.58449,110.88743,0.86705,87.14839,0.15175,1.10926,6.73932,0.15322,0.10962,0.49570
73.00000,8.68140,9.04440,1.58508,110.96621,0.86562,87.08979,0.15212,1.11011,6.72679,0.15279,0.10958,0.49627
73.05000,8.60219,9.04121,1.58568,111.04501,0.86426,87.02455,0.15252,1.11072,6.71410,0.15237,0.10957,0.49685
73.10000,8.52304,9.03650,1.58631,111.12381,0.86300,86.95659,0.15294,1.11114,6.70150,0.15195,0.10958,0.49744
73.15000,8.44395,9.03029,1.58696,111.20265,0.84559,87.62145,0.16064,1.09846,6.60143,0.14866,0.10550,0.49655
73.20000,8.36495,9.02265,1.58763,111.28151,0.84486,87.58493,0.16116,1.09869,6.58563,0.14823,0.10559,0.49713
73.25000,8.28607,9.01361,1.58833,111.36041,0.84402,87.52577,0.16168,1.09900,6.57345,0.14786,0.10570,0.49772
73.30000,8.20732,9.00322,1.58905,111.43935,0.84318,87.45203,0.16226,1.09916,6.56184,0.14749,0.10584,0.49832
73.35000,8.12872,8.99154,1.58979,111.51834,0.84237,87.36704,0.16289,1.09920,6.55087,0.14714,0.10601,0.49893
73.40000,8.05026,8.97862,1.59055,111.59739,0.84169,87.27578,0.16361,1.09887,6.53784,0.14676,0.10622,0.49954
73.45000,7.97198,8.96451,1.59135,111.67649,0.82548,87.89070,0.17269,1.08562,6.44013,0.14338,0.10265,0.49874
73.50000,7.89386,8.94927,1.59217,111.75566,0.82509,87.81541,0.17341,1.08568,6.43074,0.14309,0.10291,0.49934
73.55000,7.81592,8.93297,1.59301,111.83488,0.82469,87.72381,0.17420,1.08559,6.42202,0.14282,0.10318,0.49995
73.60000,7.73816,8.91564,1.59388,111.91416,0.82429,87.62144,0.17503,1.08539,6.41408,0.14256,0.10347,0.50055
73.65000,7.66057,8.89737,1.59477,111.99352,0.82399,87.51408,0.17592,1.08490,6.40491,0.14229,0.10379,0.50115
73.70000,7.58314,8.87820,1.59569,112.07294,0.82370,87.40058,0.17680,1.08448,6.39814,0.14207,0.10413,0.50173
73.75000,7.50588,8.85819,1.59663,112.15244,0.82347,87.28411,0.17767,1.08399,6.39228,0.14188,0.10451,0.50230
73.80000,7.42878,8.83741,1.59759,112.23200,0.82330,87.16601,0.17855,1.08343,6.38726,0.14171,0.10490,0.50285
73.85000,7.35182,8.81592,1.59857,112.31165,0.82322,87.04732,0.17942,1.08281,6.38306,0.14158,0.10533,0.50339
73.90000,7.27500,8.79377,1.59958,112.39137,0.82326,86.93019,0.18032,1.08201,6.37832,0.14146,0.10577,0.50390
73.95000,7.19829,8.77104,1.60061,112.47117,0.82335,86.81264,0.18118,1.08124,6.37538,0.14139,0.10625,0.50440
74.00000,7.12169,8.74777,1.60166,112.55104,0.82352,86.69600,0.18203,1.08043,6.37319,0.14134,0.10674,0.50488
74.05000,7.04518,8.72404,1.60274,112.63099,0.82376,86.58070,0.18287,1.07958,6.37170,0.14133,0.10726,0.50534
74.10000,6.96874,8.69989,1.60383,112.71102,0.82409,86.46726,0.18370,1.07867,6.37086,0.14134,0.10780,0.50579
74.15000,6.89235,8.67538,1.60494,112.79113,0.82451,86.35693,0.18453,1.07768,6.37010,0.14137,0.10835,0.50621
74.20000,6.81600,8.65058,1.60607,112.87132,0.82500,86.24903,0.18532,1.07669,6.37053,0.14144,0.10892,0.50661
74.25000,6.73967,8.62554,1.60723,112.95158,0.82556,86.14440,0.18609,1.07567,6.37161,0.14154,0.10951,0.50699
74.30000,6.66335,8.60031,1.60840,113.03191,0.82620,86.04322,0.18683,1.07462,6.37331,0.14167,0.11012,0.50734
74.35000,6.58700,8.57493,1.60958,113.11232,0.82692,85.94563,0.18756,1.07354,6.37560,0.14183,0.11074,0.50767
74.40000,6.51063,8.54947,1.61078,113.19280,0.82772,85.85182,0.18826,1.07242,6.37849,0.14201,0.11138,0.50798
74.45000,6.43420,8.52397,1.61201,113.27336,0.82859,85.76200,0.18893,1.07128,6.38197,0.14221,0.11203,0.50827
74.50000,6.35770,8.49847,1.61329,113.35398,0.82953,85.67642,0.18958,1.07012,6.38593,0.14244,0.11269,0.50854
74.55000,6.28111,8.47305,1.61464,113.43468,0.83053,85.59514,0.19021,1.06893,6.39026,0.14269,0.11335,0.50879
74.60000,6.20441,8.44776,1.61604,113.51545,0.83159,85.51819,0.19081,1.06772,6.39489,0.14296,0.11403,0.50901
74.65000,6.12757,8.42264,1.61749,113.59630,0.83269,85.44517,0.19137,1.06654,6.40017,0.14325,0.11471,0.50921
74.70000,6.05059,8.39773,1.61899,113.67722,0.83384,85.37693,0.19192,1.06531,6.40544,0.14354,0.11538,0.50939
74.75000,5.97345,8.37307,1.62052,113.75823,0.83505,85.31347,0.19244,1.06406,6.41088,0.14385,0.11606,0.50955
74.80000,5.89614,8.34869,1.62210,113.83931,0.83631,85.25498,0.19294,1.06280,6.41645,0.14417,0.11674,0.50969
74.85000,5.81864,8.32462,1.62371,113.92047,0.83761,85.20168,0.19341,1.06151,6.42211,0.14450,0.11741,0.50980
74.90000,5.74097,8.30087,1.62535,114.00172,0.83894,85.15308,0.19384,1.06026,6.42847,0.14484,0.11807,0.50989
74.95000,5.66310,8.27746,1.62702,114.08304,0.84033,85.11064,0.19424,1.05896,6.43451,0.14519,0.11873,0.50996
75.00000,5.58504,8.25440,1.62872,114.16445,0.84175,85.07408,0.19462,1.05765,6.44061,0.14554,0.11937,0.51000
75.05000,5.50679,8.23169,1.63043,114.24594,0.84320,85.04331,0.19497,1.05634,6.44677,0.14590,0.12000,0.51002
75.10000,5.42835,8.20934,1.63216,114.32752,0.84467,85.01804,0.19528,1.05504,6.45300,0.14627,0.12062,0.51002
75.15000,5.34972,8.18734,1.63390,114.40918,0.84616,84.99791,0.19555,1.05375,6.45932,0.14663,0.12121,0.50999
75.20000,5.27090,8.16568,1.63565,114.49093,0.84762,84.98162,0.19577,1.05258,6.46663,0.14701,0.12178,0.50994
75.25000,5.19190,8.14435,1.63740,114.57275,0.84910,84.97089,0.19596,1.05139,6.47345,0.14738,0.12233,0.50987
75.30000,5.11273,8.12335,1.63915,114.65466,0.85057,84.96513,0.19612,1.05024,6.48043,0.14776,0.12285,0.50978
75.35000,5.03338,8.10265,1.64089,114.73669,0.85204,84.96446,0.19623,1.04913,6.48759,0.14813,0.12334,0.50966
75.40000,4.95387,8.08224,1.64263,114.81880,0.85350,84.96902,0.19630,1.04806,6.49494,0.14850,0.12380,0.50952
75.45000,4.87420,8.06210,1.64435,114.90090,0.85492,84.97808,0.19630,1.04711,6.50315,0.14889,0.12423,0.50935
75.50000,4.79438,8.04222,1.64604,114.98306,0.87282,84.15343,0.18619,1.05899,6.59855,0.15216,0.13067,0.51040
75.55000,4.71442,8.02256,1.64771,115.06572,0.87396,84.14411,0.18620,1.05783,6.60639,0.15250,0.13104,0.51022
75.60000,4.63432,8.00311,1.64935,115.14904,0.87518,84.15244,0.18613,1.05679,6.61463,0.15284,0.13140,0.51001
75.65000,4.55409,7.98385,1.65096,115.23252,0.87643,84.17354,0.18599,1.05586,6.62319,0.15319,0.13173,0.50977
75.70000,4.47375,7.96474,1.65255,115.31554,0.87767,84.20412,0.18579,1.05506,6.63198,0.15354,0.13201,0.50951
75.75000,4.39328,7.94578,1.65410,115.39821,0.87887,84.24132,0.18553,1.05441,6.64135,0.15388,0.13224,0.50923
75.80000,4.31272,7.92692,1.65561,115.48092,0.89726,83.40741,0.17590,1.06663,6.73831,0.15694,0.13905,0.51016
75.85000,4.23206,7.90816,1.65708,115.56375,0.89813,83.42036,0.17569,1.06580,6.74728,0.15722,0.13914,0.50988
75.90000,4.15130,7.88945,1.65853,115.64665,0.89905,83.45310,0.17539,1.06515,6.75659,0.15751,0.13922,0.50957
75.95000,4.07047,7.87078,1.65995,115.72959,0.89997,83.49998,0.17502,1.06466,6.76610,0.15780,0.13925,0.50923
76.00000,3.98957,7.85211,1.66133,115.81260,0.90087,83.55723,0.17460,1.06432,6.77571,0.15808,0.13923,0.50887
76.05000,3.90860,7.83340,1.66268,115.89568,0.90174,83.62229,0.17414,1.06411,6.78529,0.15836,0.13916,0.50850
76.10000,3.82757,7.81464,1.66400,115.97885,0.92048,82.78302,0.16525,1.07675,6.88261,0.16117,0.14611,0.50937
76.15000,3.74650,7.79579,1.66528,116.06208,0.92102,82.81491,0.16490,1.07625,6.89161,0.16138,0.14589,0.50902
76.20000,3.66540,7.77681,1.66653,116.14536,0.92162,82.86680,0.16449,1.07592,6.90067,0.16160,0.14568,0.50866
76.25000,3.58427,7.75767,1.66776,116.22871,0.92224,82.93241,0.16404,1.07572,6.90967,0.16182,0.14545,0.50828
76.30000,3.50312,7.73834,1.66895,116.31213,0.92289,83.00756,0.16356,1.07561,6.91853,0.16203,0.14522,0.50789
76.35000,3.42197,7.71877,1.67012,116.39561,0.92357,83.09046,0.16309,1.07550,6.92639,0.16224,0.14498,0.50751
76.40000,3.34083,7.69893,1.67125,116.47918,0.94279,82.23924,0.15520,1.08821,7.02189,0.16482,0.15212,0.50841
76.45000,3.25970,7.67879,1.67236,116.56279,0.94328,82.27926,0.15489,1.08758,7.02895,0.16498,0.15182,0.50808
76.50000,3.17861,7.65829,1.67343,116.64647,0.94392,82.34005,0.15457,1.08700,7.03567,0.16514,0.15159,0.50776
76.55000,3.09755,7.63741,1.67449,116.73021,0.94468,82.41513,0.15423,1.08644,7.04192,0.16532,0.15141,0.50744
76.60000,3.01656,7.61610,1.67551,116.81402,0.94555,82.49978,0.15390,1.08586,7.04762,0.16550,0.15129,0.50714
76.65000,2.93564,7.59432,1.67652,116.89788,0.94658,82.59253,0.15361,1.08511,7.05126,0.16566,0.15122,0.50686
76.70000,2.85481,7.57202,1.67750,116.98182,0.96677,81.72392,0.14682,1.09717,7.14228,0.16805,0.15890,0.50789
76.75000,2.77408,7.54917,1.67845,117.06581,0.96768,81.76314,0.14671,1.09578,7.14509,0.16818,0.15886,0.50770
76.80000,2.69348,7.52572,1.67939,117.14986,0.96875,81.82225,0.14658,1.09441,7.14733,0.16832,0.15891,0.50753
76.85000,2.61302,7.50161,1.68031,117.23396,0.96993,81.89491,0.14646,1.09308,7.14900,0.16846,0.15902,0.50737
76.90000,2.53272,7.47681,1.68121,117.31812,0.97119,81.97641,0.14633,1.09178,7.15012,0.16860,0.15917,0.50723
76.95000,2.45261,7.45127,1.68210,117.40233,0.97257,82.06587,0.14625,1.09030,7.14871,0.16872,0.15936,0.50712
77.00000,2.37271,7.42494,1.68298,117.48660,0.97391,82.15571,0.14615,1.08899,7.14824,0.16885,0.15958,0.50702
77.05000,2.29305,7.39778,1.68383,117.57093,0.97523,82.24530,0.14606,1.08773,7.14739,0.16898,0.15981,0.50693
77.10000,2.21364,7.36974,1.68468,117.65530,0.97652,82.33272,0.14598,1.08654,7.14627,0.16910,0.16004,0.50687
77.15000,2.13452,7.34078,1.68551,117.73972,0.97773,82.41640,0.14590,1.08543,7.14499,0.16921,0.16026,0.50681
77.20000,2.05571,7.31086,1.68634,117.82420,0.97884,82.49491,0.14583,1.08442,7.14371,0.16931,0.16046,0.50676
77.25000,1.97725,7.27993,1.68715,117.90872,0.97993,82.57022,0.14581,1.08331,7.14012,0.16937,0.16063,0.50672
77.30000,1.89916,7.24796,1.68795,117.99328,0.98083,82.63564,0.14575,1.08249,7.13847,0.16943,0.16077,0.50668
77.35000,1.82148,7.21492,1.68874,118.07789,0.98159,82.69210,0.14570,1.08182,7.13721,0.16949,0.16087,0.50663
77.40000,1.74424,7.18078,1.68952,118.16254,0.98219,82.73877,0.14565,1.08133,7.13645,0.16954,0.16093,0.50658
77.45000,1.66746,7.14550,1.69029,118.24724,0.98262,82.77519,0.14559,1.08101,7.13630,0.16958,0.16094,0.50652
77.50000,1.59118,7.10907,1.69105,118.33197,0.98290,82.80117,0.14553,1.08087,7.13683,0.16961,0.16091,0.50645
77.55000,1.51543,7.07146,1.69180,118.41674,0.98301,82.81687,0.14547,1.08091,7.13806,0.16963,0.16083,0.50637
77.60000,1.44024,7.03266,1.69254,118.50155,0.98310,82.82734,0.14546,1.08080,7.13664,0.16961,0.16070,0.50628
77.65000,1.36565,6.99266,1.69327,118.58639,0.98295,82.82580,0.14541,1.08108,7.13839,0.16960,0.16054,0.50617
77.70000,1.29168,6.95144,1.69399,118.67127,0.98267,82.81644,0.14534,1.08152,7.14070,0.16959,0.16033,0.50605
77.75000,1.21836,6.90900,1.69471,118.75619,0.98227,82.80078,0.14528,1.08209,7.14351,0.16958,0.16007,0.50592
77.80000,1.14572,6.86533,1.69541,118.84114,0.98177,82.78060,0.14520,1.08277,7.14671,0.16956,0.15978,0.50578
77.85000,1.07379,6.82045,1.69610,118.92612,0.98120,82.75801,0.14511,1.08355,7.15020,0.16953,0.15945,0.50562
77.90000,1.00259,6.77434,1.69678,119.01114,0.98069,82.73950,0.14507,1.08408,7.15078,0.16947,0.15908,0.50547
77.95000,0.93216,6.72702,1.69745,119.09618,0.98009,82.72053,0.14498,1.08484,7.15359,0.16943,0.15870,0.50530
78.00000,0.86251,6.67849,1.69810,119.18124,0.97952,82.70596,0.14488,1.08558,7.15628,0.16940,0.15831,0.50513
78.05000,0.79367,6.62876,1.69875,119.26632,0.97898,82.69768,0.14477,1.08627,7.15871,0.16936,0.15793,0.50496
78.10000,0.72567,6.57784,1.69938,119.35141,0.97852,82.69712,0.14465,1.08689,7.16081,0.16933,0.15755,0.50479
78.15000,0.65854,6.52574,1.70000,119.43653,0.97814,82.70521,0.14453,1.08741,7.16253,0.16931,0.15718,0.50463
78.20000,0.59229,6.47246,1.70061,119.52165,0.97785,82.72233,0.14439,1.08784,7.16384,0.16929,0.15683,0.50448
78.25000,0.52695,6.41802,1.70121,119.60680,0.97777,82.75276,0.14431,1.08786,7.16149,0.16924,0.15649,0.50434
78.30000,0.46255,6.36243,1.70180,119.69195,0.97770,82.78851,0.14418,1.08801,7.16123,0.16922,0.15619,0.50420
78.35000,0.39911,6.30571,1.70238,119.77713,0.97770,82.83176,0.14405,1.08807,7.16059,0.16921,0.15592,0.50408
78.40000,0.33666,6.24785,1.70295,119.86232,0.97778,82.88148,0.14392,1.08805,7.15962,0.16920,0.15567,0.50397
78.45000,0.27522,6.18887,1.70351,119.94753,0.97791,82.93638,0.14379,1.08797,7.15836,0.16920,0.15544,0.50388
78.50000,0.21483,6.12879,1.70406,120.03277,0.97808,82.99493,0.14366,1.08783,7.15688,0.16920,0.15524,0.50380
78.55000,0.15551,6.06761,1.70460,120.11802,0.97827,83.05543,0.14353,1.08768,7.15523,0.16921,0.15506,0.50374
78.60000,0.09730,6.00535,1.70513,120.20329,0.97860,83.12115,0.14346,1.08716,7.14976,0.16917,0.15489,0.50370
78.65000,0.04021,5.94200,1.70566,120.28859,0.97878,83.18215,0.14335,1.08694,7.14702,0.16916,0.15472,0.50367
78.70000,-0.01570,5.87760,1.70618,120.37391,0.97891,83.24034,0.14325,1.08676,7.14423,0.16914,0.15456,0.50365
78.75000,-0.07043,5.81213,1.70669,120.45925,0.97894,83.29437,0.14315,1.08666,7.14145,0.16911,0.15438,0.50365
78.80000,-0.12392,5.74563,1.70720,120.54461,0.97887,83.34297,0.14305,1.08666,7.13878,0.16908,0.15418,0.50365
78.85000,-0.17615,5.67810,1.70771,120.63000,0.97868,83.38495,0.14295,1.08677,7.13630,0.16904,0.15396,0.50365
78.90000,-0.22708,5.60955,1.70821,120.71540,0.97850,83.42379,0.14291,1.08667,7.13070,0.16895,0.15371,0.50366
78.95000,-0.27668,5.54001,1.70872,120.80083,0.97811,83.45138,0.14284,1.08691,7.12786,0.16887,0.15344,0.50367
79.00000,-0.32491,5.46948,1.70922,120.88627,0.97758,83.47011,0.14277,1.08728,7.12539,0.16879,0.15314,0.50368
79.05000,-0.37175,5.39798,1.70973,120.97173,0.97692,83.47983,0.14271,1.08779,7.12333,0.16870,0.15282,0.50368
79.10000,-0.41717,5.32554,1.71024,121.05719,0.97612,83.48063,0.14264,1.08843,7.12171,0.16859,0.15246,0.50367
79.15000,-0.46113,5.25218,1.71075,121.14268,0.97519,83.47277,0.14258,1.08922,7.12053,0.16848,0.15206,0.50366
79.20000,-0.50361,5.17793,1.71127,121.22821,0.97413,83.45660,0.14251,1.09013,7.11979,0.16836,0.15164,0.50364
79.25000,-0.54458,5.10280,1.71180,121.31374,0.97309,83.43761,0.14251,1.09081,7.11575,0.16819,0.15118,0.50362
79.30000,-0.58402,5.02682,1.71233,121.39927,0.97185,83.40834,0.14246,1.09187,7.11489,0.16804,0.15069,0.50359
79.35000,-0.62192,4.95004,1.71287,121.48480,0.97050,83.37329,0.14241,1.09304,7.11442,0.16788,0.15017,0.50355
79.40000,-0.65824,4.87246,1.71342,121.57034,0.96906,83.33418,0.14235,1.09431,7.11428,0.16772,0.14962,0.50350
79.45000,-0.69299,4.79414,1.71398,121.65591,0.96755,83.29301,0.14228,1.09568,7.11440,0.16755,0.14904,0.50344
79.50000,-0.72614,4.71510,1.71456,121.74148,0.96597,83.25181,0.14220,1.09713,7.11470,0.16738,0.14842,0.50337
79.55000,-0.75771,4.63538,1.71514,121.82707,0.96434,83.21251,0.14210,1.09864,7.11507,0.16720,0.14776,0.50329
79.60000,-0.78767,4.55501,1.71573,121.91267,0.96281,83.18150,0.14205,1.09984,7.11183,0.16698,0.14707,0.50321
79.65000,-0.81603,4.47404,1.71633,121.99829,0.96116,83.15175,0.14193,1.10135,7.11131,0.16678,0.14636,0.50312
79.70000,-0.84279,4.39249,1.71694,122.08394,0.95948,83.12731,0.14180,1.10288,7.11072,0.16659,0.14562,0.50303
79.75000,-0.86797,4.31040,1.71756,122.16961,0.95779,83.10860,0.14165,1.10444,7.11005,0.16639,0.14486,0.50294
79.80000,-0.89156,4.22781,1.71819,122.25530,0.95610,83.09582,0.14148,1.10601,7.10931,0.16619,0.14409,0.50284
79.85000,-0.91358,4.14475,1.71883,122.34102,0.95440,83.08895,0.14130,1.10760,7.10850,0.16599,0.14330,0.50275
79.90000,-0.93403,4.06127,1.71948,122.42677,0.95271,83.08784,0.14110,1.10920,7.10762,0.16579,0.14250,0.50265
79.95000,-0.95293,3.97738,1.72013,122.51256,0.95113,83.09646,0.14094,1.11049,7.10345,0.16555,0.14169,0.50256
80.00000,-0.97030,3.89313,1.72080,122.59837,0.94946,83.10674,0.14074,1.11202,7.10171,0.16534,0.14089,0.50248
80.05000,-0.98613,3.80854,1.72147,122.68423,0.92915,84.03868,0.14628,1.10074,7.01273,0.16279,0.13343,0.50101
80.10000,-1.00045,3.72365,1.72215,122.77012,0.92778,84.11377,0.14591,1.10292,7.01132,0.16262,0.13276,0.50091
80.15000,-1.01328,3.63849,1.72283,122.85604,0.92632,84.17003,0.14558,1.10496,7.00965,0.16243,0.13206,0.50083
80.20000,-1.02461,3.55308,1.72352,122.94200,0.92479,84.21247,0.14529,1.10689,7.00776,0.16224,0.13136,0.50078
80.25000,-1.03447,3.46746,1.72422,123.02800,0.92322,84.24436,0.14502,1.10873,7.00565,0.16203,0.13068,0.50075
80.30000,-1.04287,3.38164,1.72492,123.11403,0.92174,84.27193,0.14484,1.11017,7.00013,0.16177,0.13001,0.50075
80.35000,-1.04982,3.29566,1.72564,123.20011,0.90223,85.15548,0.15089,1.09895,6.90918,0.15903,0.12349,0.49934
80.40000,-1.05534,3.20953,1.72636,123.28621,0.90094,85.21905,0.15058,1.10106,6.90588,0.15883,0.12298,0.49934
80.45000,-1.05943,3.12330,1.72708,123.37235,0.89957,85.25965,0.15033,1.10295,6.90204,0.15861,0.12247,0.49939
80.50000,-1.06211,3.03697,1.72782,123.45853,0.89817,85.28379,0.15015,1.10465,6.89774,0.15837,0.12198,0.49947
80.55000,-1.06339,2.95057,1.72856,123.54474,0.89675,85.29561,0.15001,1.10619,6.89305,0.15812,0.12151,0.49958
80.60000,-1.06329,2.86412,1.72931,123.63098,0.89533,85.29777,0.14992,1.10757,6.88800,0.15786,0.12108,0.49971
80.65000,-1.06182,2.77765,1.73008,123.71725,0.87683,86.11102,0.15677,1.09571,6.79191,0.15488,0.11552,0.49843
80.70000,-1.05900,2.69117,1.73086,123.80356,0.87575,86.14361,0.15665,1.09733,6.78588,0.15463,0.11523,0.49858
80.75000,-1.05484,2.60471,1.73165,123.88989,0.87462,86.15489,0.15661,1.09869,6.77936,0.15437,0.11495,0.49877
80.80000,-1.04937,2.51828,1.73245,123.97626,0.87349,86.15129,0.15663,1.09983,6.77248,0.15410,0.11470,0.49900
80.85000,-1.04259,2.43191,1.73326,124.06267,0.87238,86.13676,0.15671,1.10078,6.76530,0.15382,0.11448,0.49925
80.90000,-1.03453,2.34560,1.73409,124.14911,0.87130,86.11375,0.15683,1.10157,6.75790,0.15354,0.11430,0.49952
80.95000,-1.02521,2.25938,1.73494,124.23559,0.85379,86.85671,0.16461,1.08932,6.66243,0.15042,0.10958,0.49838
81.00000,-1.01466,2.17325,1.73581,124.32211,0.85306,86.85766,0.16474,1.09029,6.65494,0.15017,0.10952,0.49867
81.05000,-1.00290,2.08724,1.73669,124.40866,0.85241,86.84311,0.16501,1.09073,6.64427,0.14987,0.10947,0.49900
81.10000,-0.98997,2.00135,1.73758,124.49526,0.85171,86.81347,0.16529,1.09116,6.63588,0.14960,0.10945,0.49935
81.15000,-0.97587,1.91560,1.73850,124.58190,0.85106,86.77469,0.16563,1.09141,6.62748,0.14934,0.10947,0.49972
81.20000,-0.96063,1.83000,1.73946,124.66859,0.85047,86.72904,0.16601,1.09150,6.61916,0.14909,0.10954,0.50010
81.25000,-0.94425,1.74456,1.74047,124.75533,0.83411,87.41593,0.17498,1.07852,6.52339,0.14586,0.10550,0.49908
81.30000,-0.92676,1.65929,1.74153,124.84213,0.83390,87.39048,0.17539,1.07871,6.51569,0.14567,0.10564,0.49948
81.35000,-0.90817,1.57419,1.74265,124.92898,0.83370,87.34960,0.17587,1.07867,6.50819,0.14548,0.10581,0.49990
81.40000,-0.88853,1.48927,1.74381,125.01590,0.83360,87.30040,0.17647,1.07826,6.49910,0.14527,0.10601,0.50034
81.45000,-0.86786,1.40453,1.74503,125.10288,0.83352,87.24227,0.17706,1.07784,6.49212,0.14511,0.10626,0.50078
81.50000,-0.84623,1.31997,1.74629,125.18994,0.83351,87.17863,0.17769,1.07728,6.48564,0.14497,0.10655,0.50124
81.55000,-0.82368,1.23559,1.74758,125.27707,0.83360,87.11072,0.17835,1.07657,6.47968,0.14486,0.10689,0.50170
81.60000,-0.80027,1.15137,1.74892,125.36428,0.83378,87.03941,0.17905,1.07573,6.47420,0.14477,0.10728,0.50217
81.65000,-0.77605,1.06731,1.75028,125.45157,0.83408,86.96533,0.17977,1.07476,6.46921,0.14471,0.10772,0.50264
81.70000,-0.75108,0.98340,1.75167,125.53894,0.83450,86.88895,0.18052,1.07364,6.46466,0.14468,0.10821,0.50312
81.75000,-0.72542,0.89962,1.75308,125.62640,0.83504,86.81066,0.18131,1.07238,6.46053,0.14468,0.10875,0.50359
81.80000,-0.69913,0.81597,1.75451,125.71394,0.83576,86.73217,0.18216,1.07086,6.45557,0.14469,0.10934,0.50407
81.85000,-0.67226,0.73242,1.75596,125.80156,0.83657,86.65141,0.18301,1.06930,6.45210,0.14475,0.10999,0.50454
81.90000,-0.64487,0.64896,1.75742,125.88927,0.83752,86.56983,0.18388,1.06761,6.44902,0.14484,0.11070,0.50501
81.95000,-0.61701,0.56559,1.75888,125.97707,0.83860,86.48784,0.18478,1.06579,6.44631,0.14495,0.11145,0.50547
82.00000,-0.58874,0.48227,1.76035,126.06495,0.83981,86.40576,0.18570,1.06384,6.44395,0.14510,0.11226,0.50593
82.05000,-0.56010,0.39901,1.76182,126.15292,0.84115,86.32378,0.18665,1.06177,6.44192,0.14527,0.11312,0.50637
82.10000,-0.53114,0.31578,1.76328,126.24098,0.84264,86.24204,0.18762,1.05957,6.44023,0.14547,0.11404,0.50681
82.15000,-0.50189,0.23256,1.76474,126.32909,0.84426,86.16073,0.18861,1.05726,6.43890,0.14570,0.11501,0.50724
82.20000,-0.47241,0.14936,1.76618,126.41732,0.84603,86.08073,0.18963,1.05479,6.43749,0.14595,0.11604,0.50765
82.25000,-0.44272,0.06615,1.76760,126.50587,0.84790,86.00133,0.19064,1.05229,6.43696,0.14623,0.11711,0.50804
82.30000,-0.41286,-0.01707,1.76901,126.59476,0.84988,85.92321,0.19166,1.04972,6.43689,0.14653,0.11822,0.50841
82.35000,-0.38286,-0.10031,1.77039,126.68384,0.85196,85.84665,0.19267,1.04710,6.43732,0.14686,0.11938,0.50876
82.40000,-0.35274,-0.18358,1.77174,126.77293,0.85412,85.77207,0.19368,1.04445,6.43831,0.14721,0.12056,0.50909
82.45000,-0.32253,-0.26690,1.77306,126.86186,0.85636,85.69981,0.19466,1.04180,6.43991,0.14758,0.12176,0.50939
82.50000,-0.29226,-0.35026,1.77436,126.95059,0.85864,85.63016,0.19561,1.03917,6.44217,0.14797,0.12298,0.50966
82.55000,-0.26194,-0.43366,1.77562,127.03930,0.86096,85.56324,0.19653,1.03660,6.44514,0.14838,0.12420,0.50989
82.60000,-0.23158,-0.51713,1.77686,127.12811,0.86329,85.49911,0.19740,1.03410,6.44891,0.14879,0.12541,0.51009
82.65000,-0.20121,-0.60065,1.77806,127.21698,0.86564,85.43811,0.19821,1.03168,6.45354,0.14923,0.12661,0.51025
82.70000,-0.17084,-0.68424,1.77917,127.30591,0.92441,84.87411,0.19388,1.02632,6.79638,0.14837,0.13112,0.50947
82.75000,-0.14048,-0.76788,1.78025,127.39488,0.92733,84.83579,0.19480,1.02297,6.80948,0.14887,0.13285,0.50939
82.80000,-0.11013,-0.85159,1.78129,127.48391,0.93014,84.79869,0.19559,1.02004,6.82143,0.14937,0.13440,0.50932
82.85000,-0.07981,-0.93536,1.78230,127.57299,0.93288,84.76388,0.19626,1.01746,6.83282,0.14987,0.13580,0.50924
82.90000,-0.04952,-1.01919,1.78327,127.66212,0.93554,84.73224,0.19682,1.01517,6.84409,0.15037,0.13708,0.50914
82.95000,-0.01925,-1.10309,1.78421,127.75130,0.93813,84.70461,0.19728,1.01312,6.85551,0.15088,0.13825,0.50902
83.00000,0.01098,-1.18704,1.78508,127.84052,1.00330,84.15633,0.19262,1.00827,7.20330,0.15012,0.14312,0.50792
83.05000,0.04118,-1.27105,1.78590,127.92977,1.00629,84.15391,0.19316,1.00551,7.22161,0.15068,0.14474,0.50754
83.10000,0.07137,-1.35511,1.78669,128.01907,1.00916,84.15448,0.19352,1.00323,7.23841,0.15124,0.14610,0.50719
83.15000,0.10153,-1.43922,1.78745,128.10841,1.01194,84.16074,0.19375,1.00128,7.25400,0.15179,0.14726,0.50685
83.20000,0.13170,-1.52337,1.78818,128.19777,1.01466,84.17414,0.19386,0.99960,7.26893,0.15234,0.14827,0.50649
83.25000,0.16189,-1.60754,1.78884,128.28718,1.08474,83.65505,0.18898,0.99517,7.60676,0.15163,0.15322,0.50512
83.30000,0.19209,-1.69175,1.78946,128.37661,1.08777,83.69744,0.18917,0.99282,7.62612,0.15222,0.15462,0.50452
83.35000,0.22234,-1.77597,1.79005,128.46607,1.09068,83.74491,0.18919,0.99092,7.64331,0.15280,0.15572,0.50397
83.40000,0.25267,-1.86019,1.79061,128.55556,1.09346,83.79972,0.18907,0.98937,7.65902,0.15336,0.15658,0.50343
83.45000,0.28311,-1.94440,1.79113,128.64508,1.09615,83.86362,0.18883,0.98808,7.67366,0.15391,0.15727,0.50290
83.50000,0.31370,-2.02859,1.79163,128.73463,1.09876,83.93769,0.18849,0.98698,7.68748,0.15444,0.15781,0.50237
83.55000,0.34445,-2.11274,1.79207,128.82420,1.17206,83.47262,0.18338,0.98314,7.99984,0.15373,0.16246,0.50074
83.60000,0.37539,-2.19684,1.79248,128.91379,1.17485,83.57633,0.18316,0.98131,8.01622,0.15428,0.16338,0.49997
83.65000,0.40659,-2.28086,1.79285,129.00342,1.17752,83.68576,0.18280,0.97988,8.03029,0.15480,0.16399,0.49925
83.70000,0.43809,-2.36480,1.79319,129.09306,1.18006,83.80147,0.18233,0.97872,8.04275,0.15530,0.16439,0.49857
83.75000,0.46995,-2.44862,1.79351,129.18274,1.18251,83.92324,0.18178,0.97777,8.05406,0.15578,0.16464,0.49790
83.80000,0.50222,-2.53229,1.79378,129.27243,1.25691,83.49417,0.17671,0.97426,8.33489,0.15502,0.16905,0.49611
83.85000,0.53493,-2.61581,1.79401,129.36215,1.25932,83.62912,0.17631,0.97274,8.34762,0.15548,0.16961,0.49524
83.90000,0.56816,-2.69913,1.79421,129.45189,1.26158,83.76497,0.17580,0.97160,8.35824,0.15592,0.16990,0.49444
83.95000,0.60199,-2.78223,1.79438,129.54166,1.26371,83.90213,0.17521,0.97073,8.36743,0.15633,0.16999,0.49371
84.00000,0.63649,-2.86505,1.79451,129.63144,1.26578,84.04138,0.17462,0.96992,8.37454,0.15670,0.16995,0.49300
84.05000,0.67174,-2.94756,1.79462,129.72125,1.26770,84.17881,0.17398,0.96933,8.38169,0.15706,0.16982,0.49233
84.10000,0.70781,-3.02972,1.79469,129.81107,1.26952,84.31504,0.17334,0.96882,8.38819,0.15740,0.16963,0.49168
84.15000,0.74479,-3.11149,1.79472,129.90091,1.27123,84.44912,0.17269,0.96839,8.39414,0.15773,0.16940,0.49105
84.20000,0.78276,-3.19280,1.79472,129.99076,1.27286,84.58074,0.17206,0.96800,8.39956,0.15803,0.16914,0.49044
84.25000,0.82179,-3.27360,1.79469,130.08063,1.27441,84.70975,0.17145,0.96764,8.40444,0.15831,0.16885,0.48985
84.30000,0.86197,-3.35383,1.79462,130.17050,1.27587,84.83594,0.17085,0.96730,8.40881,0.15857,0.16855,0.48928
84.35000,0.90339,-3.43343,1.79451,130.26037,1.27725,84.95911,0.17027,0.96699,8.41271,0.15882,0.16823,0.48874
84.40000,0.94612,-3.51232,1.79437,130.35025,1.27856,85.07902,0.16971,0.96668,8.41617,0.15904,0.16790,0.48822
84.45000,0.99024,-3.59043,1.79420,130.44012,1.27978,85.19540,0.16917,0.96640,8.41922,0.15925,0.16756,0.48772
84.50000,1.03585,-3.66768,1.79399,130.52998,1.28106,85.31210,0.16874,0.96584,8.41934,0.15939,0.16721,0.48725
84.55000,1.08300,-3.74397,1.79374,130.61983,1.28217,85.42339,0.16826,0.96550,8.42093,0.15955,0.16686,0.48679
84.60000,1.13179,-3.81922,1.79345,130.70966,1.28321,85.53208,0.16779,0.96517,8.42211,0.15969,0.16651,0.48635
84.65000,1.18229,-3.89331,1.79312,130.79946,1.28418,85.63754,0.16735,0.96485,8.42290,0.15982,0.16614,0.48594
84.70000,1.23457,-3.96614,1.79275,130.88924,1.28507,85.73977,0.16693,0.96454,8.42335,0.15993,0.16578,0.48555
84.75000,1.28868,-4.03758,1.79235,130.97898,1.28587,85.83798,0.16652,0.96427,8.42354,0.16003,0.16541,0.48519
84.80000,1.34470,-4.10751,1.79190,131.06869,1.28658,85.93132,0.16613,0.96404,8.42357,0.16011,0.16503,0.48484
84.85000,1.40268,-4.17580,1.79141,131.15835,1.28717,86.01946,0.16575,0.96388,8.42349,0.16018,0.16465,0.48451
84.90000,1.46267,-4.24229,1.79088,131.24796,1.28764,86.10226,0.16538,0.96379,8.42340,0.16023,0.16425,0.48421
84.95000,1.52471,-4.30684,1.79030,131.33753,1.28798,86.17967,0.16502,0.96379,8.42337,0.16028,0.16384,0.48391
85.00000,1.58883,-4.36927,1.78968,131.42705,1.28844,86.25818,0.16480,0.96337,8.41911,0.16023,0.16340,0.48364
85.05000,1.65505,-4.42943,1.78901,131.51651,1.28858,86.32637,0.16448,0.96343,8.41838,0.16024,0.16295,0.48338
85.10000,1.72339,-4.48712,1.78830,131.60591,1.28858,86.38887,0.16416,0.96360,8.41783,0.16023,0.16249,0.48313
85.15000,1.79383,-4.54216,1.78754,131.69525,1.28844,86.44579,0.16384,0.96387,8.41749,0.16022,0.16201,0.48289
85.20000,1.86635,-4.59435,1.78674,131.78454,1.28816,86.49699,0.16352,0.96426,8.41742,0.16020,0.16151,0.48266
85.25000,1.94092,-4.64350,1.78589,131.87377,1.28771,86.54260,0.16320,0.96479,8.41763,0.16016,0.16098,0.48244
85.30000,2.01747,-4.68941,1.78500,131.96293,1.28709,86.58306,0.16287,0.96546,8.41814,0.16012,0.16041,0.48223
85.35000,2.09594,-4.73187,1.78406,132.05204,1.28631,86.61879,0.16253,0.96627,8.41898,0.16007,0.15981,0.48202
85.40000,2.17623,-4.77067,1.78309,132.14108,1.28535,86.65002,0.16217,0.96724,8.42019,0.16001,0.15916,0.48182
85.45000,2.25822,-4.80562,1.78209,132.23006,1.28457,86.68595,0.16198,0.96766,8.41582,0.15983,0.15847,0.48162
85.50000,2.34176,-4.83652,1.78105,132.31899,1.28338,86.71215,0.16164,0.96872,8.41634,0.15972,0.15776,0.48142
85.55000,2.42669,-4.86318,1.77998,132.40785,1.28205,86.73518,0.16128,0.96991,8.41713,0.15961,0.15701,0.48122
85.60000,2.51282,-4.88543,1.77889,132.49666,1.28058,86.75554,0.16091,0.97124,8.41821,0.15949,0.15622,0.48102
85.65000,2.59995,-4.90312,1.77778,132.58541,1.27895,86.77370,0.16053,0.97270,8.41952,0.15936,0.15538,0.48082
85.70000,2.68785,-4.91608,1.77666,132.67411,1.27716,86.79006,0.16012,0.97430,8.42104,0.15922,0.15450,0.48062
85.75000,2.77628,-4.92422,1.77553,132.76275,1.27522,86.80491,0.15969,0.97604,8.42273,0.15907,0.15357,0.48042
85.80000,2.86496,-4.92742,1.77441,132.85134,1.27310,86.81844,0.15925,0.97792,8.42453,0.15890,0.15259,0.48021
85.85000,2.95362,-4.92562,1.77330,132.93986,1.27083,86.83081,0.15878,0.97993,8.42641,0.15872,0.15155,0.48001
85.90000,3.04198,-4.91878,1.77220,133.02832,1.26885,86.85321,0.15852,0.98116,8.42072,0.15838,0.15046,0.47981
85.95000,3.13069,-4.90598,1.81285,133.02832,1.26640,86.86668,0.15808,0.98317,8.42103,0.15814,0.14935,0.47961
86.00000,3.21742,-4.88082,1.80537,133.17810,1.26701,86.84175,0.15814,0.98255,8.42568,0.15816,0.14943,0.47967
86.05000,3.30067,-4.84580,1.81317,133.28834,1.26156,86.84113,0.15688,0.98841,8.44215,0.15804,0.14744,0.47929
86.10000,3.38414,-4.80960,1.82390,133.38646,1.25666,86.81047,0.15556,0.99447,8.46968,0.15821,0.14596,0.47902
86.15000,3.46867,-4.77542,1.82159,133.48167,1.25251,86.78880,0.15456,0.99924,8.48771,0.15821,0.14457,0.47881
86.20000,3.55088,-4.73641,1.81878,133.57517,1.24901,86.79815,0.15399,1.00227,8.48837,0.15789,0.14314,0.47862
86.25000,3.63075,-4.69300,1.81775,133.66796,1.24545,86.80895,0.15343,1.00526,8.48843,0.15755,0.14173,0.47843
86.30000,3.70830,-4.64567,1.81659,133.76045,1.24190,86.82021,0.15291,1.00813,8.48727,0.15717,0.14030,0.47825
86.35000,3.78321,-4.59438,1.81544,133.85271,1.23835,86.83371,0.15245,1.01080,8.48396,0.15673,0.13887,0.47809
86.40000,3.85523,-4.53918,1.81435,133.94473,1.23478,86.84842,0.15203,1.01335,8.47901,0.15624,0.13743,0.47793
86.45000,3.92409,-4.48018,1.81333,134.03650,1.23157,86.87362,0.15182,1.01497,8.46620,0.15558,0.13598,0.47781
86.50000,3.98958,-4.41753,1.81238,134.12799,1.22801,86.89127,0.15148,1.01720,8.45808,0.15500,0.13456,0.47769
86.55000,4.05151,-4.35142,1.81151,134.21924,1.22442,86.90861,0.15117,1.01940,8.44920,0.15439,0.13316,0.47759
86.60000,4.10970,-4.28205,1.81073,134.31024,1.22078,86.92490,0.15087,1.02158,8.43977,0.15376,0.13178,0.47752
86.65000,4.16403,-4.20967,1.81003,134.40101,1.21706,86.93919,0.15058,1.02379,8.42997,0.15311,0.13041,0.47748
86.70000,4.21440,-4.13451,1.80941,134.49156,1.21324,86.95057,0.15030,1.02605,8.41999,0.15244,0.12906,0.47745
86.75000,4.26074,-4.05684,1.80888,134.58193,1.20932,86.95845,0.15003,1.02838,8.40995,0.15175,0.12773,0.47746
86.80000,4.30302,-3.97691,1.80842,134.67212,1.20530,86.96258,0.14976,1.03078,8.39996,0.15105,0.12642,0.47748
86.85000,4.34124,-3.89498,1.80804,134.76217,1.20121,86.96300,0.14949,1.03324,8.39008,0.15034,0.12514,0.47753
86.90000,4.37540,-3.81130,1.80771,134.85210,1.19705,86.95976,0.14923,1.03575,8.38034,0.14962,0.12390,0.47761
86.95000,4.40556,-3.72611,1.80748,134.94192,1.12181,87.42961,0.15226,1.04092,8.10522,0.15023,0.11991,0.47895
87.00000,4.43181,-3.63965,1.80728,135.03165,1.11792,87.43540,0.15202,1.04354,8.08518,0.14939,0.11851,0.47929
87.05000,4.45420,-3.55212,1.80713,135.12132,1.11377,87.43028,0.15173,1.04652,8.07192,0.14865,0.11728,0.47958
87.10000,4.47284,-3.46372,1.80702,135.21093,1.10960,87.41931,0.15148,1.04941,8.05963,0.14791,0.11615,0.47986
87.15000,4.48783,-3.37463,1.80695,135.30051,1.10537,87.40192,0.15127,1.05224,8.04802,0.14716,0.11510,0.48013
87.20000,4.49929,-3.28502,1.80697,135.39005,1.03309,87.83656,0.15447,1.05782,7.74150,0.14776,0.11170,0.48164
87.25000,4.50738,-3.19504,1.80699,135.47959,1.02888,87.81045,0.15416,1.06146,7.72571,0.14700,0.11056,0.48214
87.30000,4.51219,-3.10482,1.80704,135.56912,1.02473,87.77876,0.15393,1.06480,7.71169,0.14624,0.10957,0.48259
87.35000,4.51386,-3.01449,1.80712,135.65865,1.02061,87.74129,0.15376,1.06794,7.69892,0.14549,0.10869,0.48301
87.40000,4.51252,-2.92414,1.80723,135.74819,1.01653,87.69798,0.15364,1.07093,7.68700,0.14474,0.10790,0.48343
87.45000,4.50829,-2.83388,1.80737,135.83774,1.01248,87.64880,0.15356,1.07381,7.67564,0.14399,0.10717,0.48385
87.50000,4.50132,-2.74378,1.80759,135.92731,0.94584,88.04617,0.15713,1.07900,7.34010,0.14453,0.10446,0.48549
87.55000,4.49178,-2.65391,1.80780,136.01692,0.94198,87.98717,0.15697,1.08261,7.32310,0.14375,0.10363,0.48613
87.60000,4.47975,-2.56432,1.80803,136.10655,0.93821,87.92373,0.15690,1.08586,7.30786,0.14297,0.10293,0.48673
87.65000,4.46538,-2.47507,1.80830,136.19623,0.93452,87.85513,0.15691,1.08885,7.29385,0.14220,0.10233,0.48730
87.70000,4.44877,-2.38618,1.80859,136.28594,0.93091,87.78087,0.15697,1.09164,7.28073,0.14143,0.10181,0.48787
87.75000,4.43008,-2.29770,1.80896,136.37569,0.87081,88.14011,0.16076,1.09730,6.93467,0.14208,0.09958,0.48959
87.80000,4.40942,-2.20964,1.80932,136.46549,0.86745,88.05186,0.16075,1.10083,6.91676,0.14130,0.09896,0.49035
87.85000,4.38687,-2.12202,1.80972,136.55534,0.86422,87.96068,0.16083,1.10395,6.90100,0.14055,0.09846,0.49105
87.90000,4.36252,-2.03486,1.81018,136.64524,0.86110,87.86670,0.16098,1.10676,6.88689,0.13981,0.09805,0.49171
87.95000,4.33646,-1.94818,1.81069,136.73520,0.85817,87.77296,0.16124,1.10905,6.87104,0.13903,0.09769,0.49235
88.00000,4.30880,-1.86196,1.81125,136.82522,0.85526,87.67358,0.16148,1.11141,6.85883,0.13831,0.09739,0.49298
88.05000,4.27966,-1.77619,1.81185,136.91530,0.85241,87.57013,0.16176,1.11364,6.84746,0.13760,0.09713,0.49360
88.10000,4.24916,-1.69087,1.81249,137.00545,0.84963,87.46174,0.16206,1.11577,6.83681,0.13690,0.09691,0.49423
88.15000,4.21741,-1.60598,1.81317,137.09567,0.84692,87.34806,0.16239,1.11781,6.82680,0.13622,0.09671,0.49485
88.20000,4.18453,-1.52148,1.81387,137.18596,0.84427,87.22951,0.16274,1.11977,6.81732,0.13555,0.09653,0.49548
88.25000,4.15062,-1.43734,1.81460,137.27633,0.84169,87.10706,0.16311,1.12166,6.80830,0.13489,0.09638,0.49610
88.30000,4.11580,-1.35354,1.81535,137.36677,0.83918,86.98175,0.16350,1.12348,6.79966,0.13425,0.09625,0.49672
88.35000,4.08017,-1.27004,1.81607,137.45728,0.88990,86.38177,0.16008,1.12210,7.12793,0.13216,0.09768,0.49625
88.40000,4.04382,-1.18681,1.81681,137.54786,0.88746,86.25415,0.16063,1.12276,7.12577,0.13156,0.09777,0.49667
88.45000,4.00686,-1.10381,1.81755,137.63851,0.88502,86.12153,0.16114,1.12358,7.12088,0.13093,0.09780,0.49715
88.50000,3.96939,-1.02099,1.81830,137.72922,0.88255,85.98300,0.16160,1.12468,7.11607,0.13032,0.09778,0.49767
88.55000,3.93152,-0.93832,1.81905,137.82001,0.88010,85.84051,0.16204,1.12588,7.11076,0.12972,0.09775,0.49819
88.60000,3.89333,-0.85575,1.81976,137.91085,0.93489,85.18279,0.15873,1.12412,7.43409,0.12766,0.09933,0.49767
88.65000,3.85488,-0.77327,1.82046,138.00176,0.93244,85.03020,0.15929,1.12445,7.43349,0.12709,0.09948,0.49803
88.70000,3.81628,-0.69082,1.82115,138.09274,0.92995,84.87382,0.15977,1.12512,7.43118,0.12651,0.09954,0.49844
88.75000,3.77761,-0.60836,1.82183,138.18379,0.92744,84.71676,0.16021,1.12601,7.42787,0.12594,0.09954,0.49887
88.80000,3.73896,-0.52585,1.82249,138.27484,0.92495,84.56054,0.16060,1.12704,7.42401,0.12537,0.09950,0.49930
88.85000,3.70041,-0.44327,1.82314,138.36597,0.92248,84.40575,0.16098,1.12816,7.41987,0.12480,0.09944,0.49974
88.90000,3.66202,-0.36057,1.82374,138.45748,0.98084,83.69102,0.15762,1.12649,7.73060,0.12275,0.10106,0.49914
88.95000,3.62384,-0.27775,1.82431,138.54937,0.97835,83.52425,0.15810,1.12684,7.73042,0.12222,0.10116,0.49940
89.00000,3.58596,-0.19476,1.82486,138.64118,0.97583,83.35618,0.15849,1.12755,7.72951,0.12170,0.10119,0.49970
89.05000,3.54846,-0.11156,1.82538,138.73271,0.97336,83.19203,0.15883,1.12837,7.72753,0.12117,0.10117,0.50003
89.10000,3.51142,-0.02813,1.82587,138.82415,0.97095,83.03364,0.15914,1.12928,7.72520,0.12067,0.10111,0.50035
89.15000,3.47490,0.05555,1.82633,138.91560,1.03286,82.27465,0.15578,1.12759,8.01827,0.11867,0.10279,0.49968
89.20000,3.43895,0.13950,1.82675,139.00707,1.03044,82.10608,0.15615,1.12789,8.01874,0.11820,0.10287,0.49986
89.25000,3.40366,0.22376,1.82714,139.09858,1.02805,81.94371,0.15644,1.12842,8.01803,0.11772,0.10287,0.50008
89.30000,3.36912,0.30834,1.82750,139.19012,1.02572,81.78911,0.15668,1.12907,8.01668,0.11726,0.10283,0.50032
89.35000,3.33540,0.39328,1.82784,139.28169,1.02348,81.64248,0.15690,1.12978,8.01499,0.11682,0.10277,0.50057
89.40000,3.30258,0.47858,1.82816,139.37329,1.02134,81.50384,0.15710,1.13051,8.01311,0.11639,0.10270,0.50082
89.45000,3.27075,0.56428,1.82844,139.46493,1.01931,81.37346,0.15729,1.13123,8.01107,0.11598,0.10262,0.50108
89.50000,3.23996,0.65036,1.82870,139.55659,1.01738,81.25180,0.15746,1.13192,8.00881,0.11559,0.10254,0.50133
89.55000,3.21030,0.73686,1.82894,139.64828,1.01557,81.13900,0.15763,1.13255,8.00630,0.11521,0.10247,0.50158
89.60000,3.18185,0.82378,1.82915,139.73999,1.01378,81.03107,0.15774,1.13337,8.00570,0.11490,0.10240,0.50183
89.65000,3.15468,0.91111,1.82934,139.83172,1.01217,80.93255,0.15789,1.13393,8.00326,0.11456,0.10234,0.50209
89.70000,3.12886,0.99886,1.82950,139.92346,1.01066,80.83896,0.15804,1.13444,8.00075,0.11424,0.10229,0.50234
89.75000,3.10446,1.08702,1.82963,140.01522,1.00923,80.74870,0.15820,1.13491,7.99821,0.11393,0.10224,0.50260
89.80000,3.08157,1.17559,1.82974,140.10699,1.00788,80.66128,0.15836,1.13534,7.99566,0.11364,0.10221,0.50285
89.85000,3.06024,1.26456,1.82982,140.19877,1.00661,80.57723,0.15852,1.13572,7.99309,0.11335,0.10218,0.50311
89.90000,3.04055,1.35391,1.82988,140.29056,1.00543,80.49716,0.15868,1.13604,7.99048,0.11308,0.10216,0.50336
89.95000,3.02257,1.44362,1.82991,140.38235,1.00434,80.42083,0.15885,1.13629,7.98780,0.11283,0.10216,0.50361
90.00000,3.00638,1.53367,1.82992,140.47414,1.00334,80.34691,0.15902,1.13649,7.98504,0.11258,0.10216,0.50386
90.05000,2.99203,1.62403,1.82991,140.56593,1.00239,80.27350,0.15921,1.13664,7.98224,0.11234,0.10218,0.50411
90.10000,2.97960,1.71468,1.82986,140.65771,1.00149,80.19914,0.15941,1.13675,7.97945,0.11211,0.10220,0.50437
90.15000,2.96917,1.80557,1.82979,140.74949,1.00065,80.12337,0.15962,1.13683,7.97671,0.11189,0.10224,0.50463
90.20000,2.96079,1.89667,1.82970,140.84127,0.99970,80.04109,0.15976,1.13725,7.97735,0.11174,0.10229,0.50488
90.25000,2.95453,1.98794,1.82958,140.93303,0.99892,79.96257,0.15997,1.13734,7.97534,0.11155,0.10235,0.50513
90.30000,2.95047,2.07932,1.82944,141.02478,0.99820,79.88390,0.16019,1.13740,7.97341,0.11136,0.10241,0.50537
90.35000,2.94867,2.17077,1.82926,141.11652,0.99752,79.80507,0.16041,1.13743,7.97159,0.11118,0.10248,0.50561
90.40000,2.94921,2.26222,1.82906,141.20825,0.99689,79.72591,0.16064,1.13744,7.96991,0.11101,0.10256,0.50585
90.45000,2.95214,2.35362,1.82884,141.29995,0.99630,79.64613,0.16088,1.13741,7.96837,0.11086,0.10265,0.50607
90.50000,2.95753,2.44490,1.82859,141.39164,0.99577,79.56547,0.16113,1.13736,7.96695,0.11071,0.10274,0.50630
90.55000,2.96546,2.53597,1.82830,141.48331,0.99528,79.48397,0.16138,1.13728,7.96558,0.11056,0.10284,0.50651
90.60000,2.97599,2.62677,1.82799,141.57496,0.99484,79.40216,0.16164,1.13716,7.96420,0.11043,0.10295,0.50673
90.65000,2.98919,2.71720,1.82766,141.66660,0.99445,79.32093,0.16191,1.13699,7.96280,0.11030,0.10307,0.50693
90.70000,3.00511,2.80717,1.82729,141.75821,0.99413,79.24110,0.16219,1.13678,7.96139,0.11017,0.10319,0.50714
90.75000,3.02383,2.89658,1.82689,141.84980,0.99388,79.16306,0.16247,1.13651,7.96000,0.11006,0.10332,0.50733
90.80000,3.04541,2.98533,1.82646,141.94136,0.99347,79.07884,0.16263,1.13675,7.96346,0.11005,0.10346,0.50751
90.85000,3.06991,3.07329,1.82600,142.03290,0.99330,79.00324,0.16289,1.13651,7.96299,0.10998,0.10361,0.50769
90.90000,3.09737,3.16034,1.82551,142.12441,0.99319,78.93071,0.16315,1.13623,7.96252,0.10991,0.10376,0.50786
90.95000,3.12786,3.24636,1.82499,142.21589,0.99316,78.86199,0.16342,1.13588,7.96201,0.10986,0.10391,0.50802
91.00000,3.16142,3.33119,1.82443,142.30735,0.99321,78.79746,0.16368,1.13547,7.96141,0.10981,0.10408,0.50818
91.05000,3.19809,3.41470,1.82385,142.39878,0.99336,78.73701,0.16395,1.13497,7.96071,0.10978,0.10426,0.50833
91.10000,3.23789,3.49672,1.82323,142.49017,0.99359,78.68033,0.16422,1.13439,7.95990,0.10976,0.10445,0.50848
91.15000,3.28086,3.57710,1.82258,142.58154,0.99392,78.62718,0.16451,1.13374,7.95896,0.10975,0.10465,0.50863
91.20000,3.32701,3.65565,1.82191,142.67287,0.99433,78.57765,0.16479,1.13301,7.95789,0.10975,0.10487,0.50877
91.25000,3.37634,3.73221,1.82120,142.76417,0.99482,78.53204,0.16509,1.13221,7.95670,0.10976,0.10509,0.50891
91.30000,3.42884,3.80658,1.82047,142.85543,0.99540,78.49058,0.16538,1.13132,7.95537,0.10978,0.10533,0.50904
91.35000,3.48449,3.87858,1.81971,142.94665,0.99581,78.44289,0.16553,1.13104,7.95995,0.10993,0.10559,0.50917
91.40000,3.54326,3.94801,1.81892,143.03784,0.99652,78.40675,0.16580,1.13016,7.95964,0.11000,0.10585,0.50929
91.45000,3.60508,4.01467,1.81812,143.12898,0.99732,78.37385,0.16609,1.12920,7.95931,0.11008,0.10613,0.50942
91.50000,3.66990,4.07837,1.81729,143.22008,0.99820,78.34378,0.16638,1.12816,7.95896,0.11017,0.10643,0.50954
91.55000,3.73761,4.13891,1.81645,143.31112,0.99918,78.31631,0.16668,1.12706,7.95860,0.11028,0.10675,0.50967
91.60000,3.80813,4.19611,1.81560,143.40212,1.00024,78.29129,0.16699,1.12588,7.95819,0.11040,0.10709,0.50979
91.65000,3.88132,4.24976,1.81473,143.49306,1.00139,78.26860,0.16730,1.12463,7.95772,0.11053,0.10744,0.50991
91.70000,3.95705,4.29969,1.81386,143.58396,1.00262,78.24812,0.16763,1.12331,7.95717,0.11067,0.10781,0.51002
91.75000,4.03516,4.34572,1.81298,143.67479,1.00394,78.22964,0.16797,1.12191,7.95655,0.11082,0.10820,0.51014
91.80000,4.11547,4.38769,1.81211,143.76558,1.00536,78.21292,0.16833,1.12044,7.95594,0.11099,0.10861,0.51025
91.85000,4.19780,4.42545,1.81123,143.85630,1.00687,78.19770,0.16869,1.11888,7.95537,0.11117,0.10904,0.51037
91.90000,4.28193,4.45887,1.81037,143.94696,1.00818,78.17124,0.16888,1.11805,7.96211,0.11151,0.10952,0.51047
91.95000,4.36766,4.48783,1.80952,144.03755,1.00985,78.15580,0.16923,1.11650,7.96302,0.11175,0.11001,0.51059
92.00000,4.45476,4.51222,1.80868,144.12808,1.01163,78.14189,0.16961,1.11486,7.96396,0.11202,0.11054,0.51070
92.05000,4.54298,4.53196,1.80787,144.21855,1.01353,78.12966,0.17000,1.11312,7.96492,0.11229,0.11110,0.51081
92.10000,4.63208,4.54699,1.80707,144.30895,1.01555,78.11923,0.17041,1.11128,7.96591,0.11259,0.11169,0.51092
92.15000,4.72182,4.55727,1.80630,144.39926,1.01771,78.11043,0.17083,1.10933,7.96696,0.11291,0.11232,0.51104
92.20000,4.81194,4.56278,1.80556,144.48951,1.02002,78.10298,0.17129,1.10727,7.96809,0.11325,0.11300,0.51115
92.25000,4.90218,4.56352,1.80485,144.57969,1.02248,78.09670,0.17176,1.10507,7.96927,0.11361,0.11373,0.51127
92.30000,4.99231,4.55951,1.80417,144.66980,1.02511,78.09177,0.17227,1.10274,7.97048,0.11400,0.11451,0.51140
92.35000,5.08207,4.55079,1.80353,144.75983,1.02793,78.08876,0.17280,1.10027,7.97172,0.11442,0.11535,0.51152
92.40000,5.17133,4.53827,1.80334,144.86220,1.03092,78.08831,0.17336,1.09765,7.97301,0.11486,0.11625,0.51165
92.45000,5.26101,4.52975,1.79872,144.94238,1.03408,78.07192,0.17373,1.09561,7.98491,0.11560,0.11737,0.51179
92.50000,5.35086,4.52773,1.79875,145.02642,1.03591,78.03741,0.17354,1.09593,8.01029,0.11655,0.11831,0.51188
92.55000,5.44042,4.52098,1.79277,145.11036,1.03687,77.95350,0.17266,1.09895,8.06160,0.11808,0.11938,0.51197
92.60000,5.52816,4.50436,1.78068,145.19536,1.03786,77.87611,0.17181,1.10197,8.11014,0.11962,0.12049,0.51205
92.65000,5.61317,4.47842,1.77600,145.27996,1.03955,77.82966,0.17137,1.10345,8.14365,0.12090,0.12163,0.51214
92.70000,5.69541,4.44503,1.77570,145.36444,1.04213,77.80372,0.17136,1.10314,8.16430,0.12192,0.12281,0.51226
92.75000,5.77493,4.40558,1.77615,145.44902,1.04539,77.79436,0.17166,1.10152,8.17615,0.12276,0.12405,0.51238
92.80000,5.85161,4.36081,1.77665,145.53373,1.04881,77.78539,0.17196,1.09984,8.18942,0.12366,0.12538,0.51251
92.85000,5.92536,4.31131,1.77714,145.61856,1.05293,77.79971,0.17260,1.09673,8.19210,0.12435,0.12676,0.51264
92.90000,5.99613,4.25758,1.77760,145.70355,1.05746,77.82536,0.17339,1.09295,8.19089,0.12497,0.12821,0.51277
92.95000,6.06392,4.20011,1.77802,145.78873,1.06232,77.86033,0.17431,1.08863,8.18663,0.12554,0.12973,0.51290
93.00000,6.12877,4.13931,1.77839,145.87413,1.06747,77.90262,0.17532,1.08389,8.18012,0.12608,0.13132,0.51302
93.05000,6.19074,4.07555,1.77874,145.95977,1.07285,77.95021,0.17641,1.07884,8.17201,0.12659,0.13295,0.51314
93.10000,6.24993,4.00916,1.77913,146.04566,1.01162,78.70395,0.18213,1.07642,7.87786,0.12859,0.13132,0.51407
93.15000,6.30643,3.94046,1.77940,146.13181,1.01670,78.76159,0.18294,1.07273,7.87075,0.12923,0.13260,0.51429
93.20000,6.36032,3.86966,1.77966,146.21822,1.02214,78.82846,0.18400,1.06813,7.85915,0.12977,0.13403,0.51445
93.25000,6.41166,3.79699,1.77990,146.30488,1.02767,78.89432,0.18511,1.06337,7.84878,0.13033,0.13556,0.51455
93.30000,6.46053,3.72261,1.78013,146.39178,1.03325,78.95887,0.18623,1.05854,7.83967,0.13090,0.13716,0.51462
93.35000,6.50703,3.64672,1.78040,146.47891,0.97418,79.69415,0.19223,1.05670,7.52205,0.13297,0.13527,0.51546
93.40000,6.55124,3.56945,1.78064,146.56626,0.97931,79.76143,0.19308,1.05306,7.51044,0.13357,0.13640,0.51559
93.45000,6.59320,3.49092,1.78088,146.65381,0.98440,79.82661,0.19396,1.04931,7.50212,0.13421,0.13767,0.51564
93.50000,6.63298,3.41126,1.78112,146.74153,0.98921,79.88136,0.19464,1.04611,7.50211,0.13497,0.13902,0.51562
93.55000,6.67064,3.33055,1.78137,146.82941,0.99410,79.94140,0.19541,1.04257,7.50004,0.13567,0.14039,0.51554
93.60000,6.70621,3.24889,1.78164,146.91744,0.99889,80.00130,0.19611,1.03919,7.50023,0.13640,0.14176,0.51541
93.65000,6.73975,3.16636,1.78194,147.00559,0.94110,80.70261,0.20187,1.03900,7.17594,0.13858,0.13938,0.51604
93.70000,6.77134,3.08304,1.78225,147.09385,0.94512,80.76072,0.20211,1.03718,7.17474,0.13931,0.14008,0.51596
93.75000,6.80099,2.99900,1.78258,147.18221,0.94903,80.82215,0.20230,1.03532,7.17720,0.14007,0.14087,0.51579
93.80000,6.82877,2.91431,1.78291,147.27065,0.95281,80.88846,0.20243,1.03349,7.18257,0.14085,0.14169,0.51554
93.85000,6.85468,2.82900,1.78326,147.35916,0.95646,80.96087,0.20247,1.03176,7.19028,0.14163,0.14249,0.51523
93.90000,6.87872,2.74313,1.78364,147.44773,0.95985,81.03484,0.20229,1.03050,7.20364,0.14248,0.14326,0.51485
93.95000,6.90094,2.65675,1.78412,147.53636,0.92135,80.75378,0.19675,1.04485,6.96762,0.14769,0.14734,0.51633
94.00000,6.92137,2.56991,1.78463,147.62505,0.92367,80.79757,0.19633,1.04449,6.97347,0.14839,0.14734,0.51605
94.05000,6.94007,2.48264,1.78519,147.71380,0.92609,80.86802,0.19583,1.04399,6.98208,0.14911,0.14747,0.51568
94.10000,6.95710,2.39501,1.78579,147.80260,0.92856,80.95982,0.19527,1.04337,6.99258,0.14982,0.14765,0.51523
94.15000,6.97253,2.30705,1.78644,147.89147,0.93107,81.06986,0.19465,1.04268,7.00437,0.15053,0.14783,0.51472
94.20000,6.98646,2.21880,1.78716,147.98040,0.87649,81.80856,0.19908,1.04489,6.68009,0.15251,0.14415,0.51497
94.25000,6.99900,2.13031,1.78790,148.06938,0.89558,80.96411,0.18790,1.05804,6.77455,0.15591,0.15101,0.51563
94.30000,7.01023,2.04161,1.78866,148.15844,0.89735,81.06649,0.18704,1.05780,6.78296,0.15650,0.15059,0.51516
94.35000,7.02026,1.95272,1.78944,148.24756,0.89922,81.19580,0.18608,1.05759,6.79527,0.15712,0.15028,0.51461
94.40000,7.02918,1.86368,1.79023,148.33675,0.90128,81.35022,0.18513,1.05706,6.80653,0.15770,0.15003,0.51402
94.45000,7.03710,1.77450,1.79103,148.42600,0.90341,81.52192,0.18416,1.05643,6.81829,0.15828,0.14981,0.51339
94.50000,7.04413,1.68520,1.79184,148.51533,0.90560,81.70724,0.18317,1.05573,6.83024,0.15883,0.14960,0.51273
94.55000,7.05039,1.59581,1.79263,148.60470,0.92584,80.92320,0.17311,1.06767,6.92979,0.16189,0.15700,0.51324
94.60000,7.05597,1.50633,1.79342,148.69416,0.92786,81.08532,0.17231,1.06638,6.94103,0.16236,0.15672,0.51261
94.65000,7.06099,1.41678,1.79421,148.78367,0.93002,81.27255,0.17147,1.06513,6.95216,0.16282,0.15647,0.51196
94.70000,7.06555,1.32717,1.79497,148.87326,0.93225,81.47666,0.17061,1.06393,6.96300,0.16328,0.15624,0.51130
94.75000,7.06976,1.23750,1.79573,148.96293,0.93451,81.69167,0.16973,1.06278,6.97344,0.16372,0.15602,0.51065
94.80000,7.07374,1.14778,1.79646,149.05266,0.95558,80.92639,0.16088,1.07436,7.07074,0.16645,0.16365,0.51122
94.85000,7.07756,1.05802,1.79716,149.14242,0.95756,81.10215,0.16021,1.07280,7.07995,0.16680,0.16332,0.51063
94.90000,7.08135,0.96823,1.79785,149.23232,0.95961,81.29778,0.15952,1.07137,7.08837,0.16714,0.16302,0.51004
94.95000,7.08520,0.87840,1.79850,149.32262,0.96166,81.50446,0.15882,1.07008,7.09628,0.16747,0.16272,0.50946
95.00000,7.08922,0.78855,1.79913,149.41325,0.96369,81.71647,0.15812,1.06890,7.10364,0.16779,0.16243,0.50889
95.05000,7.09350,0.69868,1.79972,149.50377,0.96567,81.92897,0.15744,1.06782,7.11040,0.16810,0.16215,0.50833
95.10000,7.09815,0.60880,1.80028,149.59406,0.98717,81.15332,0.14993,1.07947,7.20323,0.17047,0.16996,0.50906
95.15000,7.10326,0.51892,1.80081,149.68428,0.98876,81.30092,0.14948,1.07797,7.20837,0.17069,0.16960,0.50861
95.20000,7.10893,0.42905,1.80131,149.77451,0.99033,81.45978,0.14903,1.07667,7.21315,0.17089,0.16928,0.50816
95.25000,7.11529,0.33919,1.80177,149.86478,0.99182,81.62279,0.14858,1.07559,7.21757,0.17109,0.16896,0.50772
95.30000,7.12241,0.24938,1.80221,149.95510,0.99321,81.78483,0.14813,1.07470,7.22167,0.17127,0.16863,0.50730
95.35000,7.13042,0.15961,1.80261,150.04547,0.99455,81.94519,0.14773,1.07379,7.22340,0.17141,0.16829,0.50689
95.40000,7.13941,0.06992,1.80299,150.13588,0.99570,82.09646,0.14732,1.07318,7.22638,0.17155,0.16794,0.50650
95.45000,7.14948,-0.01967,1.80334,150.22634,0.99672,82.23890,0.14692,1.07271,7.22908,0.17168,0.16758,0.50613
95.50000,7.16073,-0.10914,1.80366,150.31684,0.99762,82.37156,0.14655,1.07235,7.23152,0.17179,0.16722,0.50577
95.55000,7.17325,-0.19846,1.80396,150.40737,0.99839,82.49425,0.14620,1.07208,7.23369,0.17189,0.16684,0.50544
95.60000,7.18714,-0.28759,1.80423,150.49794,0.99905,82.60730,0.14588,1.07191,7.23556,0.17197,0.16646,0.50512
95.65000,7.20249,-0.37649,1.80447,150.58854,0.99958,82.71135,0.14557,1.07182,7.23713,0.17204,0.16607,0.50481
95.70000,7.21938,-0.46512,1.80470,150.67916,0.99998,82.80708,0.14528,1.07183,7.23841,0.17209,0.16566,0.50453
95.75000,7.23790,-0.55344,1.80490,150.76980,1.00025,82.89503,0.14501,1.07193,7.23944,0.17212,0.16522,0.50425
95.80000,7.25812,-0.64139,1.80508,150.86045,1.00039,82.97561,0.14474,1.07212,7.24027,0.17214,0.16475,0.50399
95.85000,7.28012,-0.72893,1.80524,150.95111,1.00055,83.05410,0.14455,1.07205,7.23739,0.17211,0.16426,0.50374
95.90000,7.30395,-0.81599,1.80538,151.04177,1.00051,83.12295,0.14432,1.07230,7.23720,0.17210,0.16377,0.50350
95.95000,7.32969,-0.90251,1.80550,151.13243,1.00039,83.18678,0.14410,1.07260,7.23683,0.17208,0.16326,0.50326
96.00000,7.35739,-0.98844,1.80561,151.22308,1.00020,83.24692,0.14389,1.07294,7.23626,0.17205,0.16274,0.50304
96.05000,7.38709,-1.07369,1.80571,151.31373,0.99995,83.30443,0.14368,1.07330,7.23541,0.17201,0.16221,0.50282
96.10000,7.41884,-1.15821,1.80579,151.40436,0.99964,83.35977,0.14348,1.07369,7.23427,0.17196,0.16167,0.50262
96.15000,7.45267,-1.24192,1.80587,151.49498,0.99928,83.41289,0.14329,1.07411,7.23286,0.17191,0.16112,0.50243
96.20000,7.48862,-1.32475,1.80593,151.58557,0.99884,83.46344,0.14310,1.07457,7.23121,0.17184,0.16057,0.50225
96.25000,7.52670,-1.40662,1.80598,151.67615,0.99834,83.51111,0.14292,1.07507,7.22940,0.17177,0.16000,0.50209
96.30000,7.56694,-1.48746,1.80603,151.76671,0.99777,83.55581,0.14274,1.07561,7.22751,0.17169,0.15944,0.50193
96.35000,7.60934,-1.56719,1.80607,151.85724,0.99715,83.59781,0.14257,1.07619,7.22562,0.17161,0.15887,0.50179
96.40000,7.65391,-1.64572,1.80611,151.94775,0.99667,83.64415,0.14248,1.07633,7.21884,0.17147,0.15829,0.50166
96.45000,7.70064,-1.72299,1.80615,152.03824,0.99600,83.68414,0.14232,1.07688,7.21610,0.17137,0.15772,0.50153
96.50000,7.74953,-1.79892,1.80618,152.12871,0.99528,83.72287,0.14217,1.07746,7.21328,0.17127,0.15714,0.50141
96.55000,7.80057,-1.87342,1.80621,152.21916,0.99452,83.76002,0.14202,1.07807,7.21035,0.17116,0.15656,0.50131
96.60000,7.85372,-1.94643,1.80624,152.30958,0.99369,83.79477,0.14187,1.07872,7.20732,0.17104,0.15598,0.50122
96.65000,7.90897,-2.01787,1.80627,152.39999,0.99279,83.82621,0.14172,1.07944,7.20422,0.17092,0.15539,0.50114
96.70000,7.96629,-2.08766,1.80631,152.49037,0.99180,83.85366,0.14158,1.08022,7.20108,0.17079,0.15478,0.50107
96.75000,8.02563,-2.15574,1.80635,152.58072,0.99073,83.87687,0.14145,1.08107,7.19794,0.17065,0.15417,0.50101
96.80000,8.08696,-2.22205,1.80640,152.67105,0.98958,83.89610,0.14131,1.08199,7.19483,0.17050,0.15355,0.50096
96.85000,8.15022,-2.28650,1.80645,152.76135,0.98835,83.91190,0.14118,1.08297,7.19178,0.17035,0.15291,0.50092
96.90000,8.21538,-2.34906,1.80651,152.85165,0.98725,83.93141,0.14113,1.08353,7.18379,0.17013,0.15225,0.50089
96.95000,8.28236,-2.40965,1.80658,152.94192,0.98591,83.94330,0.14101,1.08455,7.18010,0.16995,0.15159,0.50085
97.00000,8.35112,-2.46823,1.80666,153.03218,0.98448,83.95213,0.14088,1.08566,7.17651,0.16977,0.15089,0.50081
97.05000,8.42158,-2.52475,1.80675,153.12240,0.98295,83.95733,0.14075,1.08688,7.17302,0.16957,0.15018,0.50078
97.10000,8.49369,-2.57917,1.80686,153.21262,0.98131,83.95831,0.14062,1.08819,7.16962,0.16937,0.14943,0.50075
97.15000,8.56737,-2.63145,1.80697,153.30281,0.97956,83.95484,0.14049,1.08961,7.16630,0.16915,0.14866,0.50073
97.20000,8.64255,-2.68155,1.80710,153.39299,0.97771,83.94709,0.14036,1.09112,7.16307,0.16892,0.14786,0.50070
97.25000,8.71917,-2.72945,1.80724,153.48315,0.97577,83.93556,0.14023,1.09272,7.15992,0.16869,0.14705,0.50068
97.30000,8.79714,-2.77512,1.80740,153.57330,0.97374,83.92087,0.14009,1.09440,7.15688,0.16844,0.14621,0.50065
97.35000,8.87639,-2.81855,1.80757,153.66344,0.97164,83.90357,0.13995,1.09617,7.15393,0.16818,0.14535,0.50063
97.40000,8.95685,-2.85972,1.80776,153.75356,0.96963,83.89036,0.13988,1.09755,7.14637,0.16787,0.14446,0.50061
97.45000,9.03844,-2.89863,1.80797,153.84367,0.96741,83.87093,0.13974,1.09937,7.14284,0.16758,0.14356,0.50058
97.50000,9.12108,-2.93527,1.80819,153.93378,0.96513,83.85011,0.13960,1.10126,7.13934,0.16729,0.14265,0.50056
97.55000,9.20470,-2.96965,1.80842,154.02388,0.96279,83.82793,0.13945,1.10322,7.13586,0.16700,0.14172,0.50054
97.60000,9.28923,-3.00177,1.80868,154.11398,0.96040,83.80436,0.13931,1.10521,7.13237,0.16669,0.14079,0.50052
97.65000,9.37459,-3.03165,1.80895,154.20407,0.95798,83.77950,0.13916,1.10724,7.12884,0.16638,0.13986,0.50052
97.70000,9.46071,-3.05930,1.80924,154.29417,0.95554,83.75367,0.13902,1.10928,7.12525,0.16607,0.13894,0.50052
97.75000,9.54753,-3.08473,1.80954,154.38428,0.95309,83.72737,0.13888,1.11133,7.12156,0.16575,0.13803,0.50052
97.80000,9.63497,-3.10798,1.80987,154.47439,0.93189,84.59528,0.14428,1.10058,7.03061,0.16309,0.13066,0.49912
97.85000,9.72298,-3.12906,1.81021,154.56452,0.92976,84.62899,0.14400,1.10325,7.02699,0.16280,0.12990,0.49911
97.90000,9.81149,-3.14801,1.81056,154.65465,0.92770,84.64984,0.14383,1.10536,7.01893,0.16244,0.12913,0.49914
97.95000,9.90045,-3.16485,1.81094,154.74480,0.92551,84.65483,0.14364,1.10762,7.01388,0.16210,0.12836,0.49919
98.00000,9.98979,-3.17962,1.81133,154.83496,0.92332,84.65124,0.14349,1.10973,7.00848,0.16176,0.12762,0.49926
98.05000,10.07946,-3.19235,1.81174,154.92514,0.90317,85.49194,0.14945,1.09894,6.91527,0.15891,0.12122,0.49790
98.10000,10.16942,-3.20309,1.81217,155.01534,0.90132,85.52872,0.14921,1.10144,6.90971,0.15859,0.12065,0.49799
98.15000,10.25961,-3.21186,1.81262,155.10556,0.89941,85.54441,0.14904,1.10368,6.90364,0.15826,0.12009,0.49811
98.20000,10.34999,-3.21872,1.81308,155.19580,0.89751,85.54602,0.14892,1.10568,6.89714,0.15792,0.11954,0.49827
98.25000,10.44052,-3.22369,1.81356,155.28607,0.89564,85.53801,0.14884,1.10748,6.89024,0.15756,0.11903,0.49846
98.30000,10.53116,-3.22683,1.81407,155.37636,0.89382,85.52301,0.14880,1.10907,6.88296,0.15721,0.11857,0.49868
98.35000,10.62186,-3.22817,1.81459,155.46669,0.87493,86.30896,0.15554,1.09764,6.78750,0.15416,0.11323,0.49747
98.40000,10.71260,-3.22774,1.81513,155.55704,0.87367,86.33052,0.15554,1.09909,6.77669,0.15380,0.11295,0.49773
98.45000,10.80334,-3.22555,1.81571,155.64742,0.87236,86.32837,0.15558,1.10044,6.76809,0.15347,0.11272,0.49803
98.50000,10.89339,-3.22076,1.78725,155.64742,0.87112,86.31095,0.15571,1.10149,6.75928,0.15315,0.11254,0.49838
98.55000,10.98005,-3.20602,1.72911,155.64742,0.87068,86.33483,0.15556,1.10218,6.75902,0.15319,0.11256,0.49834
98.60000,11.06047,-3.17881,1.67304,155.64742,0.86904,86.34653,0.15485,1.10582,6.78006,0.15361,0.11258,0.49823
98.65000,11.13479,-3.14367,1.61649,155.64742,0.86634,86.31758,0.15351,1.11271,6.83380,0.15450,0.11261,0.49810
98.70000,11.20245,-3.10243,1.55438,155.64742,0.86291,86.26169,0.15178,1.12183,6.90760,0.15568,0.11261,0.49796
98.75000,11.26304,-3.05647,1.48861,155.64742,0.85891,86.18984,0.14982,1.13259,6.99352,0.15704,0.11258,0.49780
98.80000,11.31818,-3.00657,1.49435,156.04742,0.85433,86.09922,0.14762,1.14513,7.09325,0.15858,0.11253,0.49764
98.85000,11.37413,-2.95660,1.50496,156.20380,0.83077,86.53524,0.15321,1.14635,7.08120,0.15648,0.10809,0.49817
98.90000,11.43341,-2.91024,1.50439,156.30350,0.82687,86.31820,0.15173,1.15762,7.17580,0.15782,0.10855,0.49913
98.95000,11.49706,-2.87067,1.49459,156.38633,0.82357,86.12943,0.15030,1.16764,7.26255,0.15912,0.10894,0.49980
99.00000,11.56429,-2.83832,1.49058,156.46428,0.80612,86.74127,0.15614,1.16189,7.24084,0.15754,0.10520,0.49901
99.05000,11.63393,-2.81178,1.49135,156.54103,0.80480,86.63877,0.15557,1.16684,7.28054,0.15827,0.10558,0.49966
99.10000,11.70524,-2.78984,1.49381,156.61796,0.80421,86.53722,0.15549,1.16932,7.30278,0.15877,0.10605,0.50036
99.15000,11.77775,-2.77170,1.49659,156.69523,0.80433,86.44189,0.15585,1.16959,7.30988,0.15908,0.10665,0.50110
99.20000,11.85113,-2.75678,1.49927,156.77265,0.80513,86.35483,0.15658,1.16793,7.30435,0.15924,0.10739,0.50188
99.25000,11.92514,-2.74457,1.50175,156.85001,0.80660,86.27655,0.15766,1.16454,7.28811,0.15929,0.10829,0.50270
99.30000,11.99961,-2.73459,1.50400,156.92714,0.80877,86.20868,0.15910,1.15942,7.26087,0.15922,0.10936,0.50355
99.35000,12.07441,-2.72640,1.50605,157.00396,0.81150,86.14637,0.16080,1.15312,7.22771,0.15911,0.11061,0.50441
99.40000,12.14944,-2.71957,1.50791,157.08042,0.81481,86.09008,0.16276,1.14569,7.18859,0.15895,0.11205,0.50529
99.45000,12.22465,-2.71373,1.50960,157.15651,0.81865,86.03873,0.16496,1.13731,7.14478,0.15876,0.11368,0.50617
99.50000,12.29999,-2.70854,1.51114,157.23227,0.82300,85.99281,0.16740,1.12807,7.09615,0.15854,0.11548,0.50705
99.55000,12.37543,-2.70368,1.51257,157.30775,0.82775,85.94840,0.17001,1.11836,7.04620,0.15832,0.11746,0.50793
99.60000,12.45094,-2.69890,1.51391,157.38303,0.83284,85.90496,0.17277,1.10828,6.99500,0.15810,0.11960,0.50879
99.65000,12.52650,-2.69396,1.51517,157.45822,0.83821,85.86105,0.17565,1.09802,6.94349,0.15789,0.12189,0.50962
99.70000,12.60211,-2.68868,1.51638,157.53351,0.84379,85.81632,0.17864,1.08765,6.89157,0.15768,0.12428,0.51042
99.75000,12.67774,-2.68293,1.51755,157.60904,0.84944,85.76771,0.18165,1.07750,6.84172,0.15748,0.12675,0.51118
99.80000,12.75338,-2.67657,1.51869,157.68470,0.85509,85.71499,0.18468,1.06764,6.79391,0.15731,0.12926,0.51189
99.85000,12.82901,-2.66953,1.51982,157.76011,0.86064,85.65780,0.18766,1.05823,6.74867,0.15714,0.13176,0.51252
99.90000,12.90463,-2.66175,1.52088,157.83518,0.92236,85.09240,0.18568,1.04637,7.04451,0.15578,0.13779,0.51223
99.95000,12.98022,-2.65320,1.52190,157.91015,0.92835,85.03964,0.18857,1.03712,7.01318,0.15566,0.14077,0.51257
100.00000,13.05576,-2.64382,1.52291,157.98525,0.93386,84.98013,0.19127,1.02887,6.98334,0.15553,0.14344,0.51286
100.05000,13.13123,-2.63357,1.52390,158.06052,0.93886,84.91369,0.19377,1.02158,6.95592,0.15541,0.14580,0.51309
100.10000,13.20664,-2.62244,1.52487,158.13591,0.94335,84.84069,0.19607,1.01519,6.93140,0.15529,0.14786,0.51325
100.15000,13.28195,-2.61043,1.52582,158.21141,0.94733,84.76065,0.19813,1.00970,6.91073,0.15519,0.14965,0.51332
100.20000,13.35717,-2.59754,1.52676,158.28704,0.95080,84.67389,0.19997,1.00505,6.89407,0.15512,0.15116,0.51331
100.25000,13.43228,-2.58379,1.52763,158.36281,1.01743,84.05273,0.19644,0.99823,7.21771,0.15385,0.15662,0.51234
100.30000,13.50728,-2.56922,1.52847,158.43870,1.02054,83.96732,0.19807,0.99402,7.21641,0.15388,0.15835,0.51197
100.35000,13.58216,-2.55385,1.52928,158.51472,1.02314,83.87422,0.19939,0.99080,7.21725,0.15393,0.15966,0.51157
100.40000,13.65693,-2.53772,1.53007,158.59086,1.02530,83.77602,0.20044,0.98842,7.22084,0.15402,0.16063,0.51112
100.45000,13.73157,-2.52088,1.53082,158.66710,1.02710,83.67577,0.20123,0.98677,7.22742,0.15415,0.16132,0.51060
100.50000,13.80610,-2.50336,1.53155,158.74344,1.02859,83.57657,0.20178,0.98575,7.23724,0.15433,0.16179,0.51001
100.55000,13.88051,-2.48522,1.53220,158.81987,1.09793,82.92412,0.19700,0.98232,7.57461,0.15332,0.16643,0.50839
100.60000,13.95481,-2.46649,1.53282,158.89637,1.09939,82.84873,0.19741,0.98117,7.59495,0.15363,0.16721,0.50746
100.65000,14.02901,-2.44722,1.53340,158.97294,1.10067,82.78252,0.19754,0.98066,7.61531,0.15397,0.16763,0.50653
100.70000,14.10310,-2.42746,1.53395,159.04957,1.10181,82.73172,0.19740,0.98064,7.63617,0.15435,0.16779,0.50559
100.75000,14.17710,-2.40726,1.53445,159.12624,1.10292,82.70332,0.19705,0.98093,7.65688,0.15476,0.16775,0.50462
100.80000,14.25102,-2.38665,1.53492,159.20296,1.10405,82.70277,0.19651,0.98141,7.67734,0.15519,0.16755,0.50364
100.85000,14.32485,-2.36567,1.53535,159.27970,1.10524,82.73493,0.19578,0.98198,7.69721,0.15565,0.16722,0.50265
100.90000,14.39861,-2.34434,1.53572,159.35646,1.17745,82.22388,0.18999,0.97973,8.01486,0.15491,0.17117,0.50056
100.95000,14.47229,-2.32270,1.53606,159.43323,1.17918,82.34164,0.18925,0.97932,8.03663,0.15544,0.17125,0.49931
101.00000,14.54590,-2.30077,1.53636,159.51002,1.18103,82.49665,0.18829,0.97908,8.05508,0.15596,0.17104,0.49815
101.05000,14.61944,-2.27855,1.53662,159.58681,1.18301,82.69027,0.18715,0.97891,8.07097,0.15647,0.17063,0.49703
101.10000,14.69292,-2.25607,1.53685,159.66360,1.18514,82.92062,0.18586,0.97872,8.08472,0.15699,0.17007,0.49596
101.15000,14.76632,-2.23331,1.53704,159.74039,1.18742,83.18332,0.18446,0.97846,8.09654,0.15750,0.16941,0.49492
101.20000,14.83964,-2.21026,1.53720,159.81718,1.18983,83.47429,0.18298,0.97809,8.10673,0.15801,0.16868,0.49391
101.25000,14.91287,-2.18693,1.53732,159.89397,1.26447,83.22460,0.17697,0.97493,8.38150,0.15733,0.17224,0.49172
101.30000,14.98602,-2.16331,1.53741,159.97076,1.26726,83.56046,0.17570,0.97357,8.39243,0.15785,0.17197,0.49052
101.35000,15.05906,-2.13934,1.53746,160.04755,1.27003,83.90130,0.17435,0.97237,8.40036,0.15834,0.17149,0.48943
101.40000,15.13197,-2.11499,1.53747,160.12436,1.27272,84.23953,0.17297,0.97136,8.40687,0.15880,0.17088,0.48844
101.45000,15.20474,-2.09019,1.53746,160.20117,1.27530,84.56867,0.17160,0.97047,8.41227,0.15924,0.17021,0.48753
101.50000,15.27733,-2.06489,1.53741,160.27801,1.27772,84.88217,0.17027,0.96970,8.41698,0.15965,0.16952,0.48670
101.55000,15.34971,-2.03902,1.53732,160.35486,1.27994,85.17449,0.16902,0.96907,8.42135,0.16004,0.16884,0.48594
101.60000,15.42185,-2.01249,1.53719,160.43175,1.28206,85.44505,0.16792,0.96831,8.42329,0.16035,0.16818,0.48525
101.65000,15.49370,-1.98520,1.53702,160.50866,1.28385,85.68610,0.16688,0.96782,8.42635,0.16066,0.16757,0.48464
101.70000,15.56520,-1.95705,1.53681,160.58561,1.28538,85.89869,0.16594,0.96748,8.42938,0.16093,0.16700,0.48409
101.75000,15.63630,-1.92793,1.53656,160.66260,1.28664,86.08333,0.16509,0.96730,8.43254,0.16118,0.16647,0.48360
101.80000,15.70693,-1.89770,1.53625,160.73963,1.28781,86.24649,0.16443,0.96690,8.43255,0.16133,0.16597,0.48318
101.85000,15.77699,-1.86625,1.53589,160.81669,1.28861,86.38234,0.16380,0.96684,8.43444,0.16149,0.16550,0.48281
101.90000,15.84641,-1.83342,1.53546,160.89379,1.28915,86.49560,0.16324,0.96694,8.43646,0.16162,0.16505,0.48248
101.95000,15.91505,-1.79907,1.53497,160.97092,1.28942,86.58848,0.16274,0.96722,8.43872,0.16172,0.16461,0.48219
102.00000,15.98280,-1.76305,1.53440,161.04807,1.28967,86.66974,0.16240,0.96717,8.43699,0.16172,0.16415,0.48194
102.05000,16.04951,-1.72519,1.53375,161.12524,1.28955,86.73284,0.16204,0.96755,8.43765,0.16174,0.16367,0.48171
102.10000,16.11502,-1.68535,1.53302,161.20241,1.28917,86.78321,0.16169,0.96811,8.43856,0.16174,0.16316,0.48149
102.15000,16.17912,-1.64337,1.53217,161.27956,1.28852,86.82297,0.16134,0.96888,8.43989,0.16171,0.16259,0.48127
102.20000,16.24162,-1.59911,1.53123,161.35669,1.28759,86.85384,0.16097,0.96990,8.44183,0.16167,0.16196,0.48106
102.25000,16.30227,-1.55243,1.53019,161.43377,1.28682,86.88942,0.16081,0.97023,8.43626,0.16147,0.16122,0.48084
102.30000,16.36082,-1.50323,1.52904,161.51079,1.28548,86.91241,0.16047,0.97141,8.43641,0.16134,0.16040,0.48061
102.35000,16.41699,-1.45142,1.52778,161.58773,1.28379,86.93057,0.16008,0.97291,8.43732,0.16119,0.15946,0.48035
102.40000,16.47048,-1.39694,1.52640,161.66456,1.28173,86.94454,0.15963,0.97479,8.43925,0.16103,0.15839,0.48006
102.45000,16.52097,-1.33976,1.52491,161.74128,1.27979,86.96844,0.15936,0.97598,8.43302,0.16068,0.15715,0.47975
102.50000,16.56812,-1.27990,1.52332,161.81786,1.27711,86.98225,0.15885,0.97821,8.43332,0.16042,0.15577,0.47939
102.55000,16.61159,-1.21742,1.52165,161.89428,1.27398,86.99338,0.15826,0.98091,8.43486,0.16013,0.15421,0.47898
102.60000,16.65105,-1.15244,1.51990,161.97052,1.27035,87.00194,0.15756,0.98413,8.43785,0.15982,0.15248,0.47853
102.65000,16.68616,-1.08510,1.51809,162.04657,1.26683,87.02304,0.15706,0.98663,8.43201,0.15931,0.15057,0.47805
102.70000,16.71660,-1.01563,1.51625,162.12243,1.26257,87.03486,0.15631,0.99023,8.43313,0.15889,0.14853,0.47752
102.75000,16.74207,-0.94428,1.51438,162.19808,1.25792,87.04485,0.15549,0.99426,8.43562,0.15846,0.14639,0.47695
102.80000,16.76231,-0.87138,1.51253,162.27352,1.25293,87.05297,0.15459,0.99869,8.43955,0.15802,0.14418,0.47636
102.85000,16.77710,-0.79727,1.51072,162.34872,1.24830,87.07532,0.15394,1.00211,8.43380,0.15738,0.14191,0.47577
102.90000,16.78626,-0.72235,1.50896,162.42369,1.24316,87.08870,0.15308,1.00648,8.43515,0.15686,0.13967,0.47516
102.95000,16.78967,-0.64704,1.50725,162.49844,1.23787,87.10086,0.15220,1.01108,8.43774,0.15635,0.13744,0.47455
103.00000,16.78726,-0.57178,1.50562,162.57300,1.23246,87.11198,0.15128,1.01588,8.44157,0.15586,0.13526,0.47395
103.05000,16.77901,-0.49700,1.50410,162.64737,1.22768,87.13942,0.15064,1.01937,8.43463,0.15515,0.13312,0.47339
103.10000,16.76497,-0.42317,1.50270,162.72155,1.22253,87.15829,0.14984,1.02370,8.43507,0.15460,0.13108,0.47284
103.15000,16.74524,-0.35073,1.50142,162.79552,1.21743,87.17714,0.14903,1.02809,8.43648,0.15408,0.12915,0.47233
103.20000,16.71998,-0.28009,1.50023,162.86934,1.21241,87.19638,0.14823,1.03249,8.43871,0.15359,0.12733,0.47187
103.25000,16.68937,-0.21165,1.49916,162.94303,1.20827,87.23470,0.14775,1.03522,8.42873,0.15287,0.12562,0.47148
103.30000,16.65366,-0.14580,1.49822,163.01658,1.20391,87.26492,0.14711,1.03871,8.42652,0.15234,0.12406,0.47116
103.35000,16.61313,-0.08285,1.49741,163.08999,1.19976,87.29685,0.14650,1.04206,8.42473,0.15185,0.12265,0.47090
103.40000,16.56807,-0.02310,1.49670,163.16324,1.19581,87.33106,0.14592,1.04526,8.42313,0.15139,0.12136,0.47073
103.45000,16.51882,0.03320,1.49614,163.23638,1.12180,87.85182,0.14879,1.04916,8.14579,0.15198,0.11751,0.47194
103.50000,16.46572,0.08585,1.49561,163.30945,1.11859,87.90751,0.14824,1.05201,8.13452,0.15147,0.11624,0.47215
103.55000,16.40910,0.13466,1.49518,163.38243,1.11559,87.96547,0.14778,1.05445,8.12424,0.15098,0.11518,0.47237
103.60000,16.34932,0.17951,1.49484,163.45532,1.11277,88.02529,0.14737,1.05658,8.11432,0.15051,0.11427,0.47263
103.65000,16.28673,0.22031,1.49457,163.52813,1.11088,88.10506,0.14734,1.05667,8.08856,0.14976,0.11347,0.47298
103.70000,16.22165,0.25700,1.49437,163.60086,1.10861,88.17315,0.14713,1.05772,8.07336,0.14922,0.11279,0.47338
103.75000,16.15442,0.28956,1.49423,163.67356,1.10641,88.23953,0.14695,1.05865,8.05826,0.14869,0.11219,0.47385
103.80000,16.08536,0.31803,1.49426,163.74621,1.03660,88.74602,0.15019,1.06101,7.73667,0.14931,0.10937,0.47565
103.85000,16.01477,0.34246,1.49423,163.81884,1.03469,88.81144,0.15004,1.06204,7.71172,0.14871,0.10868,0.47644
103.90000,15.94292,0.36290,1.49425,163.89146,1.03282,88.86983,0.14995,1.06283,7.68900,0.14813,0.10814,0.47720
103.95000,15.87006,0.37941,1.49431,163.96406,1.03094,88.91895,0.14992,1.06349,7.66809,0.14756,0.10771,0.47796
104.00000,15.79644,0.39211,1.49440,164.03665,1.02953,88.96905,0.15018,1.06288,7.63656,0.14680,0.10735,0.47874
104.05000,15.72227,0.40110,1.49454,164.10926,1.02771,88.99888,0.15032,1.06306,7.61433,0.14618,0.10705,0.47952
104.10000,15.64775,0.40650,1.49471,164.18189,1.02573,89.01332,0.15049,1.06338,7.59388,0.14556,0.10680,0.48032
104.15000,15.57304,0.40849,1.49503,164.25454,0.95974,89.41467,0.15405,1.06678,7.25218,0.14631,0.10454,0.48233
104.20000,15.49830,0.40725,1.49526,164.32724,0.95776,89.40364,0.15439,1.06731,7.21750,0.14547,0.10408,0.48334
104.25000,15.42366,0.40287,1.49552,164.39998,0.95524,89.36566,0.15464,1.06871,7.19524,0.14477,0.10371,0.48425
104.30000,15.34925,0.39552,1.49580,164.47278,0.95244,89.30566,0.15493,1.07031,7.17657,0.14406,0.10340,0.48510
104.35000,15.27516,0.38534,1.49611,164.54565,0.94961,89.22999,0.15542,1.07144,7.15308,0.14320,0.10310,0.48591
104.40000,15.20146,0.37248,1.49645,164.61861,0.94630,89.12752,0.15583,1.07337,7.13755,0.14242,0.10280,0.48667
104.45000,15.12823,0.35709,1.49681,164.69167,0.94266,89.00362,0.15624,1.07570,7.12506,0.14162,0.10250,0.48738
104.50000,15.05552,0.33936,1.49729,164.76483,0.88119,89.26474,0.16030,1.08144,6.77947,0.14222,0.10037,0.48920
104.55000,14.98333,0.31948,1.49770,164.83810,0.87732,89.11131,0.16066,1.08500,6.75981,0.14127,0.09979,0.49000
104.60000,14.91172,0.29755,1.49812,164.91148,0.87306,88.94155,0.16094,1.08917,6.74905,0.14039,0.09925,0.49067
104.65000,14.84071,0.27369,1.49857,164.98498,0.86856,88.76057,0.16118,1.09364,6.74201,0.13950,0.09871,0.49124
104.70000,14.77030,0.24803,1.49905,165.05859,0.86381,88.57006,0.16137,1.09845,6.73809,0.13860,0.09814,0.49171
104.75000,14.70051,0.22069,1.49958,165.13232,0.85900,88.37713,0.16160,1.10313,6.73148,0.13759,0.09755,0.49210
104.80000,14.63131,0.19178,1.50016,165.20619,0.85386,88.17519,0.16167,1.10855,6.73133,0.13665,0.09693,0.49241
104.85000,14.56268,0.16147,1.50085,165.28018,0.79959,88.39829,0.16555,1.11746,6.39773,0.13714,0.09481,0.49374
104.90000,14.49459,0.12990,1.50154,165.35432,0.79456,88.19173,0.16526,1.12464,6.39542,0.13616,0.09398,0.49410
104.95000,14.42701,0.09716,1.50220,165.42859,0.83754,87.55721,0.16116,1.12814,6.72851,0.13371,0.09458,0.49323
105.00000,14.35993,0.06333,1.50291,165.50299,0.83238,87.36796,0.16103,1.13378,6.73710,0.13281,0.09402,0.49319
105.05000,14.29329,0.02857,1.50364,165.57751,0.82736,87.18501,0.16080,1.13950,6.74547,0.13194,0.09344,0.49316
105.10000,14.22704,-0.00702,1.50438,165.65215,0.82263,87.01316,0.16056,1.14495,6.75167,0.13109,0.09288,0.49314
105.15000,14.16115,-0.04333,1.50514,165.72691,0.81815,86.85118,0.16028,1.15026,6.75857,0.13031,0.09235,0.49314
105.20000,14.09555,-0.08026,1.50589,165.80177,0.81401,86.70171,0.16000,1.15522,6.76469,0.12958,0.09188,0.49318
105.25000,14.03021,-0.11771,1.50665,165.87673,0.81025,86.56604,0.15975,1.15972,6.76969,0.12891,0.09145,0.49326
105.30000,13.96509,-0.15561,1.50736,165.95180,0.85677,85.95929,0.15593,1.16048,7.10902,0.12681,0.09230,0.49227
105.35000,13.90014,-0.19388,1.50807,166.02694,0.85369,85.85322,0.15592,1.16284,7.11657,0.12627,0.09215,0.49228
105.40000,13.83533,-0.23245,1.50878,166.10217,0.85096,85.75849,0.15590,1.16493,7.12068,0.12578,0.09199,0.49243
105.45000,13.77060,-0.27123,1.50947,166.17747,0.84860,85.67712,0.15588,1.16668,7.12193,0.12532,0.09186,0.49267
105.50000,13.70592,-0.31017,1.51016,166.25286,0.84658,85.61037,0.15590,1.16802,7.12036,0.12489,0.09176,0.49300
105.55000,13.64126,-0.34919,1.51083,166.32830,0.84487,85.55825,0.15594,1.16900,7.11675,0.12449,0.09169,0.49341
105.60000,13.57658,-0.38824,1.51148,166.40377,0.84343,85.52170,0.15601,1.16961,7.11083,0.12412,0.09165,0.49389
105.65000,13.51186,-0.42729,1.51209,166.47928,0.89591,84.97826,0.15264,1.16691,7.43136,0.12226,0.09285,0.49335
105.70000,13.44707,-0.46630,1.51267,166.55495,0.89495,84.96636,0.15289,1.16595,7.42604,0.12191,0.09300,0.49379
105.75000,13.38220,-0.50522,1.51323,166.63091,0.89410,84.96529,0.15310,1.16498,7.41692,0.12154,0.09312,0.49436
105.80000,13.31722,-0.54400,1.51377,166.70709,0.89334,84.97397,0.15331,1.16394,7.40478,0.12114,0.09321,0.49502
105.85000,13.25211,-0.58262,1.51427,166.78325,0.89265,84.98908,0.15354,1.16281,7.39024,0.12073,0.09331,0.49576
105.90000,13.18686,-0.62104,1.51475,166.85930,0.89202,85.00593,0.15380,1.16159,7.37394,0.12029,0.09341,0.49655
105.95000,13.12144,-0.65923,1.51518,166.93524,0.94969,84.47278,0.15069,1.15764,7.67468,0.11836,0.09482,0.49635
106.00000,13.05586,-0.69718,1.51558,167.01110,0.94905,84.46389,0.15112,1.15563,7.66151,0.11790,0.09508,0.49707
106.05000,12.99010,-0.73484,1.51595,167.08691,0.94833,84.44137,0.15153,1.15386,7.64707,0.11743,0.09530,0.49784
106.10000,12.92413,-0.77219,1.51628,167.16275,0.94754,84.40312,0.15195,1.15227,7.63242,0.11695,0.09551,0.49864
106.15000,12.85795,-0.80919,1.51659,167.23862,0.94664,84.34427,0.15238,1.15097,7.61928,0.11648,0.09571,0.49944
106.20000,12.79154,-0.84581,1.51687,167.31450,0.94566,84.26227,0.15287,1.14979,7.60667,0.11601,0.09591,0.50023
106.25000,12.72489,-0.88203,1.51711,167.39040,0.94457,84.15207,0.15341,1.14881,7.59553,0.11554,0.09613,0.50100
106.30000,12.65800,-0.91781,1.51732,167.46631,1.00581,83.42656,0.15061,1.14550,7.89000,0.11359,0.09780,0.50078
106.35000,12.59086,-0.95314,1.51749,167.54224,1.00430,83.22157,0.15132,1.14445,7.88671,0.11314,0.09819,0.50138
106.40000,12.52345,-0.98797,1.51762,167.61817,1.00265,82.98234,0.15207,1.14373,7.88337,0.11268,0.09855,0.50199
106.45000,12.45575,-1.02226,1.51773,167.69411,1.00087,82.71026,0.15287,1.14329,7.88093,0.11222,0.09891,0.50262
106.50000,12.38776,-1.05597,1.51780,167.77006,0.99898,82.40850,0.15373,1.14308,7.87933,0.11176,0.09926,0.50324
106.55000,12.31946,-1.08904,1.51783,167.84602,0.99697,82.07892,0.15461,1.14320,7.87997,0.11132,0.09962,0.50385
106.60000,12.25083,-1.12143,1.51783,167.92200,0.99497,81.73100,0.15555,1.14334,7.88026,0.11087,0.09999,0.50444
106.65000,12.18185,-1.15308,1.51779,167.99798,0.99301,81.37188,0.15654,1.14353,7.88077,0.11042,0.10036,0.50502
106.70000,12.11251,-1.18392,1.51772,168.07398,0.99113,81.01076,0.15753,1.14370,7.88118,0.10999,0.10072,0.50557
106.75000,12.04280,-1.21390,1.51760,168.14999,0.98931,80.65334,0.15848,1.14404,7.88350,0.10960,0.10107,0.50609
106.80000,11.97270,-1.24293,1.51745,168.22602,0.98772,80.31276,0.15943,1.14415,7.88422,0.10922,0.10141,0.50656
106.85000,11.90218,-1.27092,1.51726,168.30207,0.98636,79.99407,0.16034,1.14412,7.88430,0.10886,0.10174,0.50700
106.90000,11.83124,-1.29779,1.51702,168.37815,0.98525,79.70291,0.16121,1.14389,7.88354,0.10852,0.10205,0.50740
106.95000,11.75987,-1.32342,1.51673,168.45427,0.98429,79.43836,0.16196,1.14378,7.88494,0.10827,0.10235,0.50775
107.00000,11.68803,-1.34771,1.51639,168.53042,0.98370,79.21041,0.16269,1.14326,7.88388,0.10802,0.10263,0.50807
107.05000,11.61574,-1.37053,1.51600,168.60663,0.98342,79.01777,0.16337,1.14248,7.88187,0.10780,0.10291,0.50835
107.10000,11.54298,-1.39173,1.51555,168.68289,0.98346,78.85937,0.16401,1.14143,7.87881,0.10761,0.10319,0.50860
107.15000,11.46975,-1.41115,1.51503,168.75921,0.98366,78.72524,0.16451,1.14054,7.87904,0.10754,0.10349,0.50882
107.20000,11.39605,-1.42863,1.51444,168.83560,0.98428,78.62205,0.16505,1.13912,7.87633,0.10747,0.10382,0.50904
107.25000,11.32192,-1.44397,1.51378,168.91206,0.98527,78.54256,0.16560,1.13734,7.87270,0.10744,0.10419,0.50925
107.30000,11.24738,-1.45697,1.51301,168.98859,0.98669,78.48319,0.16619,1.13511,7.86798,0.10746,0.10463,0.50947
107.35000,11.17247,-1.46740,1.51215,169.06520,0.98860,78.44084,0.16685,1.13235,7.86195,0.10752,0.10517,0.50972
107.40000,11.09728,-1.47502,1.51116,169.14186,0.99069,78.39630,0.16737,1.13000,7.86423,0.10781,0.10585,0.51000
107.45000,11.02189,-1.47957,1.51006,169.21857,0.99369,78.37226,0.16816,1.12632,7.85945,0.10808,0.10671,0.51033
107.50000,10.94643,-1.48080,1.50886,169.29531,0.99750,78.35779,0.16914,1.12173,7.85315,0.10842,0.10778,0.51074
107.55000,10.87106,-1.47845,1.50751,169.37206,1.00230,78.35167,0.17034,1.11606,7.84496,0.10886,0.10916,0.51122
107.60000,10.79598,-1.47227,1.50601,169.44879,1.00777,78.33322,0.17151,1.11040,7.84635,0.10964,0.11092,0.51179
107.65000,10.72143,-1.46199,1.50437,169.52546,1.01484,78.33154,0.17318,1.10265,7.83892,0.11042,0.11313,0.51248
107.70000,10.64769,-1.44738,1.50260,169.60203,1.02336,78.33558,0.17521,1.09341,7.82916,0.11135,0.11590,0.51329
107.75000,10.57510,-1.42825,1.50071,169.67847,1.03343,78.34517,0.17765,1.08265,7.81682,0.11242,0.11931,0.51421
107.80000,10.50401,-1.40441,1.49869,169.75472,1.04440,78.33738,0.18010,1.07192,7.81534,0.11388,0.12344,0.51521
107.85000,10.43484,-1.37575,1.49658,169.83073,1.05699,78.34452,0.18312,1.05935,7.80457,0.11532,0.12825,0.51630
107.90000,10.36802,-1.34221,1.49440,169.90647,1.07060,78.35500,0.18643,1.04604,7.79205,0.11684,0.13370,0.51741
107.95000,10.30402,-1.30379,1.49217,169.98189,1.08485,78.36785,0.18997,1.03244,7.77809,0.11839,0.13965,0.51853
108.00000,10.24331,-1.26055,1.48994,170.05696,1.09863,78.35634,0.19314,1.02051,7.77816,0.12020,0.14590,0.51959
108.05000,10.18635,-1.21264,1.48773,170.13163,1.11247,78.35645,0.19653,1.00842,7.77023,0.12179,0.15217,0.52058
108.10000,10.13361,-1.16028,1.48557,170.20588,1.12568,78.35479,0.19980,0.99721,7.76235,0.12328,0.15824,0.52147
108.15000,10.08552,-1.10376,1.48350,170.27973,1.13802,78.34989,0.20289,0.98705,7.75474,0.12462,0.16391,0.52224
108.20000,10.04248,-1.04344,1.48156,170.35316,1.14853,78.31147,0.20518,0.97966,7.76467,0.12615,0.16911,0.52289
108.25000,10.00481,-0.97973,1.47977,170.42617,1.15830,78.28022,0.20751,0.97257,7.76621,0.12734,0.17368,0.52343
108.30000,9.97279,-0.91309,1.47815,170.49876,1.16694,78.24058,0.20959,0.96655,7.76839,0.12839,0.17764,0.52385
108.35000,9.94662,-0.84403,1.47679,170.57097,1.12534,77.79078,0.20588,0.97608,7.54161,0.13405,0.18505,0.52562
108.40000,9.92643,-0.77307,1.47552,170.64286,1.13010,77.64325,0.20669,0.97456,7.56128,0.13516,0.18732,0.52591
108.45000,9.91230,-0.70071,1.47444,170.71444,1.13459,77.51851,0.20771,0.97261,7.57143,0.13598,0.18928,0.52607
108.50000,9.90424,-0.62747,1.47356,170.78571,1.13840,77.38691,0.20858,0.97122,7.58388,0.13672,0.19096,0.52610
108.55000,9.90218,-0.55386,1.47285,170.85667,1.14088,77.21291,0.20881,0.97184,7.61434,0.13770,0.19239,0.52601
108.60000,9.90600,-0.48035,1.47228,170.92740,1.14307,77.02644,0.20916,0.97239,7.64018,0.13851,0.19353,0.52581
108.65000,9.91555,-0.40740,1.47183,170.99797,1.14473,76.81218,0.20939,0.97347,7.66890,0.13930,0.19443,0.52549
108.70000,9.93060,-0.33538,1.47169,171.06843,1.09707,76.14365,0.20398,0.99013,7.46711,0.14461,0.19898,0.52648
108.75000,9.95087,-0.26467,1.47151,171.13877,1.09596,75.76860,0.20327,0.99516,7.51667,0.14568,0.19878,0.52606
108.80000,9.97612,-0.19559,1.47143,171.20902,1.09510,75.40134,0.20286,0.99949,7.55904,0.14658,0.19857,0.52548
108.85000,10.00607,-0.12841,1.47145,171.27920,1.09404,75.02209,0.20241,1.00409,7.60464,0.14750,0.19834,0.52476
108.90000,10.04042,-0.06336,1.47153,171.34934,1.09220,74.60925,0.20142,1.01036,7.66655,0.14868,0.19806,0.52390
108.95000,10.07887,-0.00065,1.47165,171.41948,1.09060,74.21257,0.20063,1.01607,7.72082,0.14972,0.19766,0.52295
109.00000,10.12112,0.05958,1.47180,171.48963,1.08902,73.83539,0.19979,1.02178,7.77351,0.15074,0.19715,0.52191
109.05000,10.16686,0.11722,1.47217,171.55983,1.04015,73.04420,0.19363,1.04319,7.59451,0.15576,0.20035,0.52244
109.10000,10.21579,0.17221,1.47239,171.63009,1.03726,72.65930,0.19206,1.05113,7.65190,0.15684,0.19888,0.52150
109.15000,10.26766,0.22444,1.47267,171.70042,1.03539,72.38884,0.19077,1.05724,7.69490,0.15771,0.19750,0.52050
109.20000,10.32222,0.27389,1.47305,171.77086,1.03418,72.22647,0.18941,1.06241,7.73299,0.15852,0.19617,0.51946
109.25000,10.37918,0.32058,1.47352,171.84142,1.03317,72.16198,0.18761,1.06780,7.77695,0.15945,0.19486,0.51838
109.30000,10.43828,0.36457,1.47404,171.91212,1.03324,72.24223,0.18590,1.07142,7.80766,0.16022,0.19350,0.51728
109.35000,10.49928,0.40595,1.47462,171.98299,1.03411,72.46455,0.18405,1.07397,7.83239,0.16094,0.19206,0.51615
109.40000,10.56194,0.44484,1.47536,172.05405,0.99024,72.35911,0.17714,1.09227,7.63207,0.16521,0.19443,0.51687
109.45000,10.62601,0.48141,1.47599,172.12531,0.99181,72.79697,0.17482,1.09383,7.64364,0.16582,0.19203,0.51587
109.50000,10.69133,0.51577,1.47663,172.19678,0.99438,73.39831,0.17235,1.09420,7.65217,0.16644,0.18973,0.51477
109.55000,10.75774,0.54807,1.47727,172.26848,0.99782,74.14160,0.16973,1.09358,7.65797,0.16706,0.18749,0.51355
109.60000,10.82507,0.57846,1.47790,172.34040,1.00171,74.98559,0.16685,1.09284,7.66795,0.16777,0.18530,0.51224
109.65000,10.89320,0.60712,1.47853,172.41257,1.00633,75.91488,0.16408,1.09100,7.67097,0.16841,0.18311,0.51085
109.70000,10.96198,0.63425,1.47914,172.48498,1.01129,76.88225,0.16135,1.08872,7.67225,0.16903,0.18098,0.50942
109.75000,11.03131,0.66005,1.47980,172.55763,0.97199,77.42117,0.15502,1.10235,7.44048,0.17256,0.18281,0.51013
109.80000,11.10106,0.68477,1.48036,172.63053,0.97615,78.28830,0.15262,1.10037,7.43394,0.17302,0.18005,0.50897
109.85000,11.17116,0.70856,1.48089,172.70368,0.98025,79.11794,0.15043,1.09833,7.42881,0.17344,0.17764,0.50779
109.90000,11.24154,0.73160,1.48139,172.77708,0.98409,79.88611,0.14848,1.09640,7.42498,0.17383,0.17552,0.50663
109.95000,11.31212,0.75410,1.48184,172.85071,0.98751,80.57711,0.14672,1.09483,7.42348,0.17419,0.17364,0.50552
110.00000,11.38284,0.77623,1.48226,172.92460,0.99051,81.18889,0.14522,1.09343,7.42154,0.17448,0.17197,0.50449
110.05000,11.45363,0.79820,1.48263,172.99878,0.99302,81.71988,0.14391,1.09236,7.42031,0.17472,0.17045,0.50355
110.10000,11.52444,0.82018,1.48295,173.07327,0.99500,82.17469,0.14278,1.09167,7.41984,0.17491,0.16907,0.50269
110.15000,11.59520,0.84236,1.48322,173.14808,0.99653,82.56279,0.14183,1.09119,7.41835,0.17505,0.16777,0.50192
110.20000,11.66585,0.86491,1.48344,173.22321,0.99757,82.89002,0.14100,1.09107,7.41755,0.17514,0.16654,0.50122
110.25000,11.73634,0.88802,1.48362,173.29858,0.99817,83.16520,0.14028,1.09127,7.41694,0.17520,0.16536,0.50060
110.30000,11.80659,0.91186,1.48374,173.37404,0.99836,83.39588,0.13965,1.09176,7.41656,0.17522,0.16419,0.50004
110.35000,11.87653,0.93659,1.48381,173.44949,0.99835,83.59439,0.13914,1.09209,7.41216,0.17517,0.16304,0.49953
110.40000,11.94610,0.96238,1.48383,173.52500,0.99793,83.75894,0.13867,1.09285,7.40980,0.17511,0.16189,0.49908
110.45000,12.01520,0.98939,1.48381,173.60062,0.99722,83.89762,0.13824,1.09380,7.40736,0.17502,0.16073,0.49866
110.50000,12.08375,1.01776,1.48375,173.67635,0.99626,84.01502,0.13784,1.09495,7.40493,0.17491,0.15955,0.49828
110.55000,12.15165,1.04762,1.48365,173.75215,0.99529,84.12282,0.13756,1.09566,7.39651,0.17472,0.15836,0.49793
110.60000,12.21881,1.07912,1.48351,173.82798,0.99400,84.21248,0.13725,1.09684,7.39136,0.17455,0.15715,0.49760
110.65000,12.28512,1.11235,1.48334,173.90381,0.99251,84.29040,0.13696,1.09816,7.38617,0.17435,0.15592,0.49728
110.70000,12.35047,1.14742,1.48315,173.97962,0.99084,84.35852,0.13667,1.09964,7.38106,0.17414,0.15465,0.49699
110.75000,12.41473,1.18441,1.48294,174.05538,0.98927,84.42759,0.13649,1.10056,7.36902,0.17384,0.15335,0.49670
110.80000,12.47780,1.22339,1.48271,174.13108,0.98739,84.48524,0.13625,1.10200,7.36112,0.17357,0.15203,0.49643
110.85000,12.53954,1.26441,1.48248,174.20668,0.98535,84.53694,0.13601,1.10358,7.35341,0.17328,0.15069,0.49616
110.90000,12.59984,1.30750,1.48224,174.28217,0.98319,84.58325,0.13577,1.10529,7.34598,0.17298,0.14933,0.49591
110.95000,12.65857,1.35269,1.48201,174.35754,0.98122,84.63459,0.13564,1.10632,7.33109,0.17260,0.14797,0.49568
111.00000,12.71561,1.39997,1.48178,174.43276,0.97902,84.67659,0.13545,1.10784,7.32085,0.17225,0.14663,0.49545
111.05000,12.77085,1.44934,1.48157,174.50782,0.97676,84.71453,0.13527,1.10943,7.31090,0.17190,0.14531,0.49525
111.10000,12.82416,1.50076,1.48137,174.58270,0.97444,84.74867,0.13509,1.11107,7.30128,0.17155,0.14402,0.49506
111.15000,12.87545,1.55419,1.48120,174.65742,0.97240,84.78965,0.13502,1.11195,7.28389,0.17110,0.14275,0.49491
111.20000,12.92462,1.60956,1.48105,174.73198,0.97015,84.82241,0.13489,1.11332,7.27157,0.17071,0.14153,0.49477
111.25000,12.97157,1.66681,1.48093,174.80638,0.96788,84.85222,0.13476,1.11475,7.25975,0.17032,0.14034,0.49466
111.30000,13.01624,1.72586,1.48084,174.88061,0.96557,84.87906,0.13463,1.11622,7.24848,0.16993,0.13919,0.49457
111.35000,13.05854,1.78662,1.48077,174.95469,0.96358,84.91345,0.13462,1.11690,7.22932,0.16945,0.13807,0.49452
111.40000,13.09842,1.84900,1.48075,175.02861,0.96141,84.93917,0.13454,1.11806,7.21577,0.16904,0.13703,0.49449
111.45000,13.13584,1.91288,1.48075,175.10242,0.95926,84.96147,0.13447,1.11925,7.20290,0.16863,0.13604,0.49450
111.50000,13.17075,1.97816,1.48079,175.17610,0.95714,84.98019,0.13440,1.12043,7.19071,0.16824,0.13513,0.49454
111.55000,13.20314,2.04474,1.48086,175.24968,0.95540,85.00610,0.13446,1.12073,7.17041,0.16776,0.13427,0.49463
111.60000,13.23298,2.11250,1.48096,175.32317,0.93468,85.86026,0.13947,1.10868,7.06932,0.16512,0.12730,0.49322
111.65000,13.26027,2.18133,1.48109,175.39656,0.93315,85.92595,0.13936,1.11008,7.05622,0.16476,0.12673,0.49334
111.70000,13.28502,2.25113,1.48125,175.46989,0.93159,85.97029,0.13930,1.11129,7.04363,0.16441,0.12619,0.49352
111.75000,13.30725,2.32178,1.48144,175.54316,0.93036,86.00964,0.13942,1.11147,7.02243,0.16395,0.12570,0.49376
111.80000,13.32697,2.39318,1.48166,175.61638,0.92897,86.03076,0.13948,1.11207,7.00783,0.16358,0.12528,0.49404
111.85000,13.34422,2.46523,1.48191,175.68956,0.92761,86.04192,0.13956,1.11258,6.99388,0.16321,0.12493,0.49437
111.90000,13.35903,2.53783,1.48218,175.76272,0.92652,86.05148,0.13977,1.11239,6.97434,0.16279,0.12465,0.49475
111.95000,13.37145,2.61089,1.48249,175.83587,0.90729,86.83677,0.14565,1.09961,6.87113,0.15995,0.11897,0.49364
112.00000,13.38153,2.68433,1.48281,175.90900,0.90650,86.87283,0.14577,1.10016,6.85684,0.15965,0.11891,0.49406
112.05000,13.38932,2.75807,1.48316,175.98214,0.90570,86.88505,0.14596,1.10048,6.84322,0.15935,0.11890,0.49453
112.10000,13.39489,2.83202,1.48353,176.05529,0.90515,86.88622,0.14631,1.09998,6.82390,0.15897,0.11894,0.49506
112.15000,13.39828,2.90613,1.48392,176.12845,0.90454,86.86950,0.14665,1.09967,6.80924,0.15867,0.11906,0.49562
112.20000,13.39957,2.98032,1.48434,176.20164,0.90400,86.84110,0.14703,1.09923,6.79548,0.15839,0.11926,0.49621
112.25000,13.39882,3.05454,1.48478,176.27486,0.90353,86.80260,0.14745,1.09868,6.78254,0.15813,0.11953,0.49683
112.30000,13.39610,3.12874,1.48525,176.34812,0.88588,87.50954,0.15467,1.08463,6.67622,0.15514,0.11477,0.49600
112.35000,13.39148,3.20287,1.48573,176.42141,0.88589,87.49588,0.15515,1.08420,6.66311,0.15493,0.11519,0.49665
112.40000,13.38504,3.27689,1.48624,176.49475,0.88589,87.45897,0.15571,1.08355,6.65076,0.15473,0.11565,0.49734
112.45000,13.37684,3.35075,1.48676,176.56814,0.88591,87.40387,0.15635,1.08275,6.63925,0.15455,0.11618,0.49806
112.50000,13.36695,3.42444,1.48731,176.64158,0.88618,87.33994,0.15716,1.08123,6.62267,0.15430,0.11677,0.49880
112.55000,13.35545,3.49793,1.48788,176.71509,0.88638,87.25914,0.15795,1.07998,6.61134,0.15414,0.11743,0.49955
112.60000,13.34240,3.57118,1.48847,176.78865,0.88666,87.16717,0.15878,1.07863,6.60111,0.15400,0.11818,0.50031
112.65000,13.32788,3.64419,1.48909,176.86229,0.87018,87.79508,0.16763,1.06410,6.50072,0.15102,0.11396,0.49966
112.70000,13.31196,3.71693,1.48972,176.93599,0.87094,87.72334,0.16857,1.06285,6.49138,0.15095,0.11479,0.50040
112.75000,13.29470,3.78941,1.49038,177.00977,0.87170,87.63285,0.16958,1.06144,6.48299,0.15090,0.11567,0.50116
112.80000,13.27618,3.86161,1.49106,177.08361,0.87251,87.52919,0.17064,1.05989,6.47559,0.15088,0.11660,0.50191
112.85000,13.25647,3.93352,1.49176,177.15753,0.87347,87.41918,0.17183,1.05793,6.46590,0.15083,0.11758,0.50266
112.90000,13.23562,4.00516,1.49248,177.23152,0.87442,87.29920,0.17299,1.05610,6.45947,0.15084,0.11862,0.50339
112.95000,13.21370,4.07651,1.49322,177.30558,0.87541,87.17235,0.17416,1.05426,6.45428,0.15088,0.11972,0.50410
113.00000,13.19079,4.14758,1.49399,177.37973,0.85982,87.75731,0.18465,1.03975,6.36354,0.14801,0.11563,0.50345
113.05000,13.16693,4.21839,1.49478,177.45396,0.86123,87.65308,0.18593,1.03797,6.35823,0.14809,0.11670,0.50410
113.10000,13.14219,4.28894,1.49562,177.52826,0.86253,87.53328,0.18719,1.03630,6.35585,0.14821,0.11780,0.50474
113.15000,13.11661,4.35923,1.49649,177.60264,0.86382,87.40524,0.18845,1.03462,6.35466,0.14835,0.11891,0.50534
113.20000,13.09025,4.42928,1.49743,177.67711,0.86511,87.27270,0.18969,1.03294,6.35467,0.14852,0.12004,0.50591
113.25000,13.06315,4.49910,1.49842,177.75166,0.86647,87.14044,0.19096,1.03110,6.35385,0.14868,0.12119,0.50644
113.30000,13.03538,4.56872,1.49946,177.82630,0.86778,87.00662,0.19214,1.02946,6.35578,0.14889,0.12233,0.50693
113.35000,13.00699,4.63814,1.50055,177.90102,0.86909,86.87377,0.19325,1.02791,6.35900,0.14912,0.12348,0.50737
113.40000,12.97805,4.70738,1.50168,177.97582,0.87037,86.74268,0.19431,1.02647,6.36343,0.14937,0.12460,0.50776
113.45000,12.94859,4.77648,1.50285,178.05071,0.87167,86.61544,0.19533,1.02502,6.36760,0.14962,0.12569,0.50811
113.50000,12.91869,4.84545,1.50403,178.12567,0.88989,85.71829,0.18614,1.03641,6.46085,0.15278,0.13298,0.50964
113.55000,12.88838,4.91431,1.50525,178.20073,0.89080,85.56459,0.18700,1.03508,6.46824,0.15304,0.13407,0.50991
113.60000,12.85772,4.98307,1.50648,178.27587,0.89177,85.42557,0.18774,1.03394,6.47688,0.15332,0.13513,0.51011
113.65000,12.82674,5.05177,1.50774,178.35109,0.89280,85.29919,0.18840,1.03289,6.48575,0.15361,0.13614,0.51025
113.70000,12.79550,5.12041,1.50900,178.42640,0.89381,85.18219,0.18895,1.03207,6.49634,0.15393,0.13708,0.51034
113.75000,12.76403,5.18902,1.51028,178.50178,0.89482,85.07470,0.18940,1.03139,6.50786,0.15425,0.13796,0.51038
113.80000,12.73235,5.25760,1.51156,178.57724,0.89582,84.97664,0.18976,1.03086,6.52017,0.15459,0.13876,0.51037
113.85000,12.70050,5.32617,1.51283,178.65276,0.91451,84.03932,0.18039,1.04299,6.62013,0.15763,0.14660,0.51151
113.90000,12.66850,5.39475,1.51410,178.72837,0.91519,83.92250,0.18066,1.04235,6.63331,0.15794,0.14726,0.51144
113.95000,12.63637,5.46333,1.51536,178.80406,0.91597,83.82936,0.18082,1.04188,6.64719,0.15827,0.14787,0.51131
114.00000,12.60412,5.53193,1.51661,178.87981,0.91681,83.75537,0.18088,1.04156,6.66159,0.15861,0.14842,0.51114
114.05000,12.57178,5.60055,1.51784,178.95560,0.91769,83.69811,0.18085,1.04134,6.67608,0.15895,0.14890,0.51092
114.10000,12.53935,5.66920,1.51906,179.03150,0.91858,83.65538,0.18074,1.04124,6.69106,0.15930,0.14930,0.51067
114.15000,12.50682,5.73787,1.52025,179.10765,0.93781,82.71635,0.17159,1.05383,6.79402,0.16216,0.15727,0.51159
114.20000,12.47421,5.80656,1.52141,179.18409,0.93845,82.65597,0.17147,1.05346,6.80895,0.16247,0.15748,0.51131
114.25000,12.44151,5.87528,1.52254,179.26072,0.93923,82.62621,0.17125,1.05320,6.82391,0.16279,0.15767,0.51099
114.30000,12.40871,5.94401,1.52364,179.33742,0.94011,82.62171,0.17094,1.05306,6.83904,0.16312,0.15781,0.51062
114.35000,12.37581,6.01274,1.52471,179.41406,0.94104,82.63935,0.17055,1.05301,6.85401,0.16345,0.15788,0.51023
114.40000,12.34278,6.08148,1.52575,179.49051,0.94202,82.67654,0.17009,1.05302,6.86870,0.16379,0.15789,0.50981
114.45000,12.30962,6.15021,1.52675,179.56681,0.94304,82.73146,0.16958,1.05305,6.88262,0.16412,0.15784,0.50938
114.50000,12.27630,6.21892,1.52772,179.64312,0.96306,81.84996,0.16103,1.06574,6.98384,0.16672,0.16568,0.51018
114.55000,12.24281,6.28760,1.52866,179.71950,0.96384,81.88256,0.16061,1.06533,6.99656,0.16699,0.16546,0.50976
114.60000,12.20912,6.35624,1.52956,179.79594,0.96473,81.94500,0.16013,1.06504,7.00907,0.16726,0.16522,0.50933
114.65000,12.17522,6.42481,1.53044,179.87243,0.96569,82.03083,0.15960,1.06481,7.02065,0.16753,0.16495,0.50887
114.70000,12.14106,6.49331,1.53128,179.94895,0.96661,82.13348,0.15901,1.06477,7.03223,0.16779,0.16462,0.50840
114.75000,12.10662,6.56171,1.53210,180.02553,0.96741,82.24930,0.15836,1.06496,7.04362,0.16803,0.16417,0.50791
114.80000,12.07187,6.63000,1.53288,180.10217,0.98757,81.40089,0.15071,1.07810,7.14199,0.17035,0.17170,0.50866
114.85000,12.03677,6.69816,1.53363,180.17886,0.98763,81.47828,0.15013,1.07834,7.15292,0.17050,0.17084,0.50815
114.90000,12.00129,6.76616,1.53436,180.25559,0.98765,81.58206,0.14951,1.07878,7.16239,0.17062,0.16989,0.50762
114.95000,11.96539,6.83398,1.53505,180.33237,0.98739,81.70063,0.14880,1.07974,7.17294,0.17073,0.16880,0.50705
115.00000,11.92902,6.90159,1.53572,180.40920,0.98750,81.82928,0.14815,1.08036,7.18258,0.17087,0.16794,0.50652
115.05000,11.89215,6.96897,1.53636,180.48609,0.98809,81.96324,0.14759,1.08050,7.19112,0.17105,0.16738,0.50606
115.10000,11.85474,7.03607,1.53698,180.56304,0.98839,82.10100,0.14702,1.08091,7.19787,0.17117,0.16663,0.50557
115.15000,11.81672,7.10288,1.53757,180.64004,0.98893,82.23619,0.14649,1.08112,7.20492,0.17131,0.16608,0.50514
115.20000,11.77807,7.16935,1.53813,180.71709,0.98962,82.36846,0.14602,1.08118,7.21133,0.17147,0.16564,0.50475
115.25000,11.73874,7.23545,1.53867,180.79420,0.99025,82.49649,0.14556,1.08129,7.21747,0.17161,0.16521,0.50437
115.30000,11.69868,7.30115,1.53919,180.87136,0.99080,82.62283,0.14514,1.08136,7.22110,0.17172,0.16472,0.50400
115.35000,11.65784,7.36639,1.53968,180.94857,0.99105,82.74214,0.14468,1.08180,7.22601,0.17181,0.16412,0.50363
115.40000,11.61618,7.43115,1.54015,181.02583,0.99107,82.85560,0.14422,1.08246,7.23089,0.17188,0.16344,0.50326
115.45000,11.57366,7.49536,1.54059,181.10314,0.99094,82.96295,0.14376,1.08327,7.23569,0.17194,0.16272,0.50289
115.50000,11.53024,7.55900,1.54102,181.18050,0.99074,83.06403,0.14332,1.08409,7.24028,0.17198,0.16201,0.50254
115.55000,11.48586,7.62200,1.54142,181.25790,0.99077,83.16438,0.14299,1.08439,7.24039,0.17199,0.16138,0.50223
115.60000,11.44050,7.68432,1.54181,181.33534,0.99090,83.25576,0.14268,1.08467,7.24243,0.17203,0.16092,0.50197
115.65000,11.39412,7.74590,1.54217,181.41282,0.99114,83.34257,0.14242,1.08477,7.24377,0.17208,0.16057,0.50176
115.70000,11.34667,7.80670,1.54252,181.49033,0.99149,83.42691,0.14220,1.08469,7.24417,0.17212,0.16031,0.50159
115.75000,11.29814,7.86665,1.54286,181.56786,0.99202,83.51721,0.14207,1.08412,7.23927,0.17211,0.16008,0.50148
115.80000,11.24850,7.92571,1.54318,181.64542,0.99136,83.60679,0.14175,1.08496,7.23705,0.17204,0.15926,0.50129
115.85000,11.19772,7.98381,1.54348,181.72300,0.99056,83.69740,0.14143,1.08585,7.23389,0.17194,0.15840,0.50113
115.90000,11.14577,8.04089,1.54377,181.80059,0.98966,83.79011,0.14112,1.08675,7.22962,0.17181,0.15753,0.50100
115.95000,11.09264,8.09689,1.54404,181.87818,0.98805,83.87872,0.14071,1.08842,7.22624,0.17164,0.15629,0.50081
116.00000,11.03831,8.15175,1.54432,181.95578,0.98624,83.94477,0.14035,1.09009,7.22173,0.17141,0.15492,0.50049
116.05000,10.98278,8.20541,1.54459,182.03339,0.98414,84.00654,0.13993,1.09223,7.22046,0.17119,0.15351,0.50019
116.10000,10.92607,8.25784,1.54485,182.11098,0.98198,84.06111,0.13952,1.09441,7.21960,0.17098,0.15213,0.49989
116.15000,10.86817,8.30898,1.54508,182.18856,0.97983,84.09965,0.13913,1.09663,7.22055,0.17078,0.15082,0.49956
116.20000,10.80908,8.35874,1.54530,182.26613,0.97786,84.13874,0.13884,1.09835,7.21640,0.17052,0.14952,0.49924
116.25000,10.74878,8.40706,1.54553,182.34368,0.97572,84.17126,0.13851,1.10042,7.21538,0.17030,0.14824,0.49894
116.30000,10.68728,8.45386,1.54576,182.42121,0.97348,84.20139,0.13819,1.10255,7.21384,0.17005,0.14697,0.49867
116.35000,10.62461,8.49910,1.54601,182.49872,0.97112,84.22540,0.13788,1.10479,7.21186,0.16979,0.14569,0.49844
116.40000,10.56078,8.54272,1.54626,182.57619,0.96877,84.24247,0.13767,1.10669,7.20505,0.16946,0.14443,0.49825
116.45000,10.49584,8.58467,1.54652,182.65361,0.96613,84.23621,0.13746,1.10900,7.20134,0.16913,0.14321,0.49810
116.50000,10.42980,8.62491,1.54679,182.73101,0.96332,84.20992,0.13727,1.11150,7.19875,0.16880,0.14202,0.49795
116.55000,10.36271,8.66338,1.54707,182.80840,0.96033,84.15661,0.13710,1.11423,7.19792,0.16847,0.14086,0.49781
116.60000,10.29460,8.70006,1.54736,182.88578,0.95729,84.09406,0.13693,1.11709,7.19867,0.16815,0.13971,0.49764
116.65000,10.22551,8.73491,1.54767,182.96311,0.95481,84.08170,0.13674,1.11915,7.19365,0.16779,0.13847,0.49738
116.70000,10.15551,8.76790,1.54800,183.04039,0.95205,84.03893,0.13652,1.12179,7.19443,0.16749,0.13731,0.49711
116.75000,10.08463,8.79902,1.54834,183.11763,0.94943,84.02659,0.13630,1.12417,7.19155,0.16716,0.13615,0.49695
116.80000,10.01294,8.82825,1.54870,183.19485,0.94703,84.05491,0.13605,1.12622,7.18525,0.16682,0.13499,0.49685
116.85000,9.94048,8.85558,1.54907,183.27205,0.92626,84.96246,0.14107,1.11487,7.08841,0.16415,0.12765,0.49524
116.90000,9.86732,8.88102,1.54946,183.34922,0.92436,85.05627,0.14075,1.11711,7.07896,0.16381,0.12674,0.49519
116.95000,9.79350,8.90457,1.54987,183.42638,0.92239,85.13159,0.14050,1.11908,7.06760,0.16343,0.12587,0.49524
117.00000,9.71909,8.92624,1.55030,183.50355,0.92037,85.18758,0.14032,1.12085,7.05551,0.16302,0.12506,0.49537
117.05000,9.64414,8.94604,1.55074,183.58075,0.91834,85.22757,0.14019,1.12246,7.04325,0.16261,0.12430,0.49553
117.10000,9.56869,8.96398,1.55119,183.65789,0.91653,85.26332,0.14016,1.12343,7.02628,0.16213,0.12358,0.49571
117.15000,9.49282,8.98009,1.55166,183.73490,0.91467,85.29455,0.14007,1.12466,7.01416,0.16173,0.12291,0.49588
117.20000,9.41655,8.99438,1.55215,183.81191,0.89519,86.15498,0.14564,1.11289,6.91526,0.15884,0.11697,0.49453
117.25000,9.33995,9.00690,1.55266,183.88918,0.89388,86.25228,0.14535,1.11452,6.90530,0.15853,0.11645,0.49465
117.30000,9.26305,9.01766,1.55317,183.96673,0.89271,86.34254,0.14514,1.11560,6.89247,0.15820,0.11594,0.49480
117.35000,9.18591,9.02669,1.55368,184.04427,0.89156,86.43034,0.14488,1.11668,6.88256,0.15792,0.11545,0.49495
117.40000,9.10856,9.03400,1.55420,184.12157,0.89011,86.46373,0.14478,1.11787,6.87333,0.15760,0.11506,0.49522
117.45000,9.03104,9.03962,1.55474,184.19870,0.88848,86.45622,0.14480,1.11915,6.86502,0.15726,0.11477,0.49559
117.50000,8.95340,9.04358,1.55529,184.27590,0.87016,87.22606,0.15119,1.10680,6.76362,0.15417,0.10989,0.49445
117.55000,8.87565,9.04591,1.55586,184.35320,0.86886,87.23145,0.15128,1.10819,6.75311,0.15382,0.10976,0.49488
117.60000,8.79785,9.04663,1.55644,184.43056,0.86741,87.19778,0.15152,1.10940,6.74214,0.15343,0.10967,0.49539
117.65000,8.72002,9.04579,1.55704,184.50795,0.86595,87.14272,0.15184,1.11039,6.73069,0.15302,0.10961,0.49594
117.70000,8.64219,9.04341,1.55766,184.58535,0.86453,87.07736,0.15222,1.11115,6.71896,0.15261,0.10958,0.49652
117.75000,8.56439,9.03953,1.55829,184.66276,0.86337,87.01472,0.15270,1.11127,6.70263,0.15213,0.10957,0.49710
117.80000,8.48664,9.03419,1.55894,184.74019,0.86218,86.94610,0.15314,1.11153,6.68988,0.15172,0.10960,0.49767
117.85000,8.40897,9.02744,1.55962,184.81766,0.84487,87.60990,0.16088,1.09872,6.58986,0.14843,0.10553,0.49678
117.90000,8.33140,9.01931,1.56032,184.89516,0.84407,87.56748,0.16132,1.09926,6.57844,0.14808,0.10564,0.49735
117.95000,8.25394,9.00986,1.56105,184.97270,0.84334,87.50907,0.16190,1.09929,6.56416,0.14768,0.10576,0.49793
118.00000,8.17661,8.99912,1.56179,185.05029,0.84256,87.43447,0.16249,1.09938,6.55267,0.14732,0.10591,0.49852
118.05000,8.09943,8.98716,1.56256,185.12792,0.84180,87.34895,0.16313,1.09936,6.54187,0.14697,0.10610,0.49912
118.10000,8.02239,8.97401,1.56335,185.20561,0.84108,87.25460,0.16380,1.09924,6.53179,0.14665,0.10632,0.49973
118.15000,7.94552,8.95974,1.56417,185.28337,0.82491,87.86947,0.17286,1.08604,6.43518,0.14329,0.10275,0.49891
118.20000,7.86881,8.94439,1.56501,185.36118,0.82463,87.79663,0.17364,1.08586,6.42384,0.14297,0.10301,0.49951
118.25000,7.79227,8.92803,1.56588,185.43906,0.82426,87.70579,0.17443,1.08575,6.41540,0.14271,0.10328,0.50010
118.30000,7.71590,8.91071,1.56677,185.51700,0.82390,87.60455,0.17524,1.08553,6.40778,0.14246,0.10358,0.50069
118.35000,7.63969,8.89247,1.56768,185.59501,0.82356,87.49648,0.17608,1.08523,6.40099,0.14224,0.10390,0.50128
118.40000,7.56364,8.87339,1.56862,185.67309,0.82334,87.38591,0.17697,1.08468,6.39321,0.14201,0.10424,0.50185
118.45000,7.48774,8.85351,1.56958,185.75124,0.82313,87.27138,0.17783,1.08418,6.38760,0.14182,0.10461,0.50240
118.50000,7.41199,8.83290,1.57056,185.82947,0.82300,87.15539,0.17869,1.08362,6.38286,0.14167,0.10501,0.50294
118.55000,7.33638,8.81162,1.57157,185.90777,0.82294,87.03890,0.17954,1.08301,6.37893,0.14155,0.10543,0.50346
118.60000,7.26089,8.78971,1.57259,185.98615,0.82295,86.92262,0.18039,1.08233,6.37574,0.14146,0.10587,0.50396
118.65000,7.18551,8.76725,1.57364,186.06460,0.82308,86.80831,0.18126,1.08149,6.37204,0.14138,0.10634,0.50445
118.70000,7.11023,8.74428,1.57471,186.14314,0.82326,86.69395,0.18210,1.08069,6.37004,0.14134,0.10683,0.50492
118.75000,7.03503,8.72086,1.57580,186.22175,0.82352,86.58090,0.18292,1.07984,6.36873,0.14133,0.10734,0.50537
118.80000,6.95989,8.69705,1.57691,186.30044,0.82385,86.46971,0.18373,1.07896,6.36807,0.14135,0.10787,0.50581
118.85000,6.88480,8.67291,1.57804,186.37920,0.82427,86.36150,0.18453,1.07799,6.36756,0.14139,0.10842,0.50622
118.90000,6.80975,8.64848,1.57919,186.45805,0.82475,86.25578,0.18531,1.07702,6.36809,0.14146,0.10899,0.50661
118.95000,6.73471,8.62382,1.58036,186.53697,0.82531,86.15322,0.18606,1.07603,6.36927,0.14156,0.10957,0.50698
119.00000,6.65966,8.59899,1.58155,186.61596,0.82595,86.05399,0.18679,1.07500,6.37105,0.14169,0.11016,0.50733
119.05000,6.58460,8.57402,1.58275,186.69503,0.82666,85.95823,0.18750,1.07393,6.37340,0.14184,0.11077,0.50765
119.10000,6.50950,8.54897,1.58396,186.77417,0.82745,85.86615,0.18819,1.07284,6.37630,0.14202,0.11140,0.50796
119.15000,6.43435,8.52387,1.58520,186.85338,0.82830,85.77794,0.18885,1.07172,6.37978,0.14223,0.11204,0.50824
119.20000,6.35913,8.49879,1.58648,186.93267,0.82922,85.69382,0.18948,1.07058,6.38371,0.14246,0.11269,0.50850
119.25000,6.28382,8.47376,1.58783,187.01202,0.83021,85.61386,0.19010,1.06942,6.38801,0.14270,0.11334,0.50875
119.30000,6.20840,8.44886,1.58923,187.09145,0.83124,85.53807,0.19069,1.06824,6.39260,0.14296,0.11401,0.50897
119.35000,6.13285,8.42411,1.59069,187.17096,0.83232,85.46601,0.19124,1.06709,6.39787,0.14325,0.11467,0.50917
119.40000,6.05716,8.39958,1.59219,187.25054,0.83345,85.39861,0.19178,1.06589,6.40310,0.14354,0.11534,0.50935
119.45000,5.98130,8.37528,1.59374,187.33021,0.83463,85.33581,0.19229,1.06467,6.40848,0.14384,0.11601,0.50951
119.50000,5.90529,8.35125,1.59532,187.40995,0.83586,85.27781,0.19278,1.06343,6.41398,0.14415,0.11667,0.50964
119.55000,5.82909,8.32751,1.59694,187.48977,0.83714,85.22483,0.19325,1.06216,6.41955,0.14448,0.11733,0.50976
119.60000,5.75271,8.30409,1.59860,187.56968,0.83844,85.17620,0.19367,1.06095,6.42593,0.14482,0.11798,0.50985
119.65000,5.67615,8.28100,1.60029,187.64967,0.83979,85.13364,0.19407,1.05968,6.43186,0.14516,0.11863,0.50991
119.70000,5.59939,8.25825,1.60200,187.72974,0.84118,85.09679,0.19445,1.05839,6.43783,0.14550,0.11927,0.50996
119.75000,5.52244,8.23584,1.60373,187.80989,0.84261,85.06560,0.19480,1.05710,6.44383,0.14586,0.11989,0.50998
119.80000,5.44531,8.21378,1.60548,187.89014,0.84406,85.03982,0.19511,1.05580,6.44989,0.14621,0.12050,0.50998
119.85000,5.36798,8.19206,1.60724,187.97046,0.84549,85.01805,0.19537,1.05461,6.45688,0.14658,0.12109,0.50996
119.90000,5.29047,8.17067,1.60902,188.05088,0.84695,85.00173,0.19560,1.05339,6.46335,0.14695,0.12165,0.50992
119.95000,5.21278,8.14962,1.61079,188.13137,0.84840,84.99014,0.19581,1.05219,6.46994,0.14731,0.12220,0.50986
120.00000,5.13491,8.12888,1.61257,188.21195,0.84986,84.98334,0.19597,1.05104,6.47666,0.14767,0.12271,0.50977
120.05000,5.05687,8.10844,1.61435,188.29264,0.85131,84.98143,0.19610,1.04992,6.48355,0.14804,0.12321,0.50966
120.10000,4.97866,8.08829,1.61612,188.37343,0.85272,84.98364,0.19616,1.04892,6.49140,0.14842,0.12367,0.50953
120.15000,4.90029,8.06841,1.61787,188.45424,0.85415,84.99162,0.19620,1.04791,6.49884,0.14879,0.12410,0.50937
120.20000,4.82177,8.04877,1.61960,188.53506,0.87201,84.16575,0.18611,1.05979,6.59393,0.15206,0.13053,0.51042
120.25000,4.74311,8.02937,1.62130,188.61619,0.87314,84.15449,0.18614,1.05861,6.60148,0.15239,0.13092,0.51026
120.30000,4.66431,8.01018,1.62299,188.69799,0.87435,84.16067,0.18609,1.05755,6.60940,0.15273,0.13129,0.51006
120.35000,4.58537,7.99117,1.62464,188.78024,0.87558,84.17882,0.18596,1.05665,6.61818,0.15307,0.13162,0.50983
120.40000,4.50631,7.97232,1.62626,188.86218,0.87682,84.20698,0.18578,1.05582,6.62677,0.15342,0.13192,0.50958
120.45000,4.42714,7.95362,1.62786,188.94365,0.87804,84.24234,0.18555,1.05510,6.63549,0.15376,0.13217,0.50931
120.50000,4.34786,7.93504,1.62941,189.02505,0.89642,83.40601,0.17595,1.06729,6.73216,0.15681,0.13899,0.51025
120.55000,4.26847,7.91655,1.63093,189.10655,0.89729,83.41621,0.17575,1.06642,6.74086,0.15709,0.13911,0.50998
120.60000,4.18900,7.89813,1.63242,189.18815,0.89821,83.44574,0.17547,1.06575,6.75013,0.15738,0.13921,0.50968
120.65000,4.10943,7.87974,1.63388,189.26980,0.89915,83.48960,0.17513,1.06522,6.75940,0.15767,0.13926,0.50935
120.70000,4.02980,7.86138,1.63530,189.35151,0.90007,83.54388,0.17474,1.06484,6.76876,0.15795,0.13927,0.50901
120.75000,3.95009,7.84299,1.63670,189.43329,0.90096,83.60600,0.17430,1.06458,6.77815,0.15823,0.13922,0.50865
120.80000,3.87032,7.82457,1.63806,189.51516,0.91969,82.76311,0.16542,1.07719,6.87538,0.16104,0.14620,0.50953
120.85000,3.79050,7.80607,1.63938,189.59708,0.92024,82.79210,0.16508,1.07667,6.88435,0.16126,0.14601,0.50919
120.90000,3.71064,7.78746,1.64068,189.67907,0.92086,82.84154,0.16469,1.07630,6.89313,0.16147,0.14581,0.50883
120.95000,3.63074,7.76871,1.64195,189.76113,0.92149,82.90468,0.16426,1.07606,6.90197,0.16169,0.14561,0.50846
121.00000,3.55082,7.74980,1.64319,189.84326,0.92214,82.97746,0.16380,1.07594,6.91068,0.16190,0.14538,0.50808
121.05000,3.47089,7.73067,1.64440,189.92545,0.92280,83.05708,0.16332,1.07588,6.91917,0.16212,0.14515,0.50770
121.10000,3.39095,7.71130,1.64557,190.00772,0.94197,82.20166,0.15540,1.08864,7.01497,0.16471,0.15230,0.50859
121.15000,3.31102,7.69166,1.64672,190.09005,0.94244,82.23959,0.15511,1.08800,7.02173,0.16486,0.15199,0.50826
121.20000,3.23111,7.67170,1.64784,190.17244,0.94304,82.29799,0.15478,1.08747,7.02856,0.16502,0.15174,0.50793
121.25000,3.15124,7.65139,1.64893,190.25489,0.94376,82.37092,0.15444,1.08696,7.03495,0.16519,0.15154,0.50761
121.30000,3.07140,7.63068,1.65000,190.33741,0.94458,82.45376,0.15410,1.08644,7.04081,0.16537,0.15139,0.50730
121.35000,2.99163,7.60955,1.65104,190.41999,0.94550,82.54310,0.15377,1.08589,7.04611,0.16555,0.15129,0.50701
121.40000,2.91193,7.58794,1.65206,190.50265,0.96558,81.67054,0.14694,1.09810,7.13791,0.16795,0.15894,0.50802
121.45000,2.83232,7.56582,1.65306,190.58535,0.96646,81.70969,0.14683,1.09670,7.14017,0.16806,0.15886,0.50782
121.50000,2.75281,7.54315,1.65403,190.66812,0.96748,81.76777,0.14670,1.09541,7.14275,0.16820,0.15887,0.50763
121.55000,2.67343,7.51988,1.65499,190.75095,0.96861,81.83963,0.14656,1.09415,7.14474,0.16834,0.15895,0.50745
121.60000,2.59418,7.49596,1.65593,190.83383,0.96983,81.92068,0.14642,1.09289,7.14615,0.16848,0.15908,0.50730
121.65000,2.51510,7.47137,1.65685,190.91677,0.97111,82.00740,0.14629,1.09166,7.14704,0.16862,0.15925,0.50717
121.70000,2.43620,7.44604,1.65775,190.99976,0.97241,82.09696,0.14617,1.09044,7.14746,0.16877,0.15944,0.50705
121.75000,2.35751,7.41993,1.65865,191.08282,0.97380,82.18997,0.14610,1.08905,7.14536,0.16888,0.15966,0.50696
121.80000,2.27904,7.39301,1.65953,191.16592,0.97511,82.27982,0.14601,1.08783,7.14436,0.16900,0.15988,0.50688
121.85000,2.20083,7.36523,1.66039,191.24908,0.97638,82.36673,0.14593,1.08668,7.14312,0.16912,0.16011,0.50682
121.90000,2.12291,7.33654,1.66125,191.33228,0.97756,82.44936,0.14586,1.08561,7.14176,0.16922,0.16032,0.50676
121.95000,2.04528,7.30692,1.66209,191.41554,0.97865,82.52647,0.14579,1.08464,7.14043,0.16932,0.16051,0.50672
122.00000,1.96800,7.27631,1.66293,191.49885,0.97962,82.59682,0.14572,1.08380,7.13927,0.16940,0.16067,0.50667
122.05000,1.89108,7.24469,1.66375,191.58220,0.98057,82.66305,0.14570,1.08283,7.13563,0.16945,0.16080,0.50663
122.10000,1.81455,7.21202,1.66456,191.66559,0.98130,82.71795,0.14565,1.08219,7.13437,0.16950,0.16089,0.50659
122.15000,1.73845,7.17828,1.66536,191.74903,0.98188,82.76317,0.14560,1.08171,7.13363,0.16955,0.16095,0.50654
122.20000,1.66280,7.14343,1.66616,191.83251,0.98230,82.79832,0.14554,1.08141,7.13351,0.16958,0.16096,0.50648
122.25000,1.58764,7.10746,1.66694,191.91603,0.98256,82.82328,0.14548,1.08128,7.13407,0.16961,0.16093,0.50641
122.30000,1.51299,7.07034,1.66772,191.99959,0.98267,82.83820,0.14542,1.08133,7.13535,0.16963,0.16085,0.50632
122.35000,1.43889,7.03206,1.66848,192.08319,0.98274,82.84796,0.14541,1.08125,7.13412,0.16961,0.16072,0.50623
122.40000,1.36537,6.99261,1.66924,192.16683,0.98259,82.84619,0.14536,1.08153,7.13586,0.16961,0.16055,0.50613
122.45000,1.29244,6.95197,1.66999,192.25051,0.98231,82.83682,0.14530,1.08197,7.13818,0.16960,0.16034,0.50601
122.50000,1.22015,6.91015,1.67072,192.33422,0.98192,82.82129,0.14523,1.08253,7.14100,0.16958,0.16009,0.50588
122.55000,1.14852,6.86714,1.67145,192.41797,0.98143,82.80131,0.14515,1.08322,7.14424,0.16956,0.15980,0.50574
122.60000,1.07757,6.82294,1.67217,192.50175,0.98086,82.77888,0.14506,1.08399,7.14778,0.16954,0.15948,0.50559
122.65000,1.00734,6.77755,1.67287,192.58556,0.98037,82.76075,0.14502,1.08450,7.14819,0.16948,0.15912,0.50543
122.70000,0.93784,6.73097,1.67356,192.66941,0.97977,82.74171,0.14493,1.08525,7.15106,0.16944,0.15874,0.50527
122.75000,0.86911,6.68322,1.67425,192.75327,0.97920,82.72678,0.14483,1.08599,7.15383,0.16941,0.15836,0.50510
122.80000,0.80116,6.63430,1.67492,192.83716,0.97866,82.71777,0.14472,1.08669,7.15640,0.16937,0.15798,0.50494
122.85000,0.73402,6.58422,1.67558,192.92106,0.97819,82.71610,0.14461,1.08733,7.15867,0.16935,0.15760,0.50477
122.90000,0.66771,6.53299,1.67622,193.00499,0.97780,82.72274,0.14448,1.08788,7.16059,0.16932,0.15724,0.50461
122.95000,0.60226,6.48061,1.67686,193.08893,0.97761,82.74232,0.14440,1.08803,7.15906,0.16927,0.15688,0.50446
123.00000,0.53769,6.42710,1.67749,193.17288,0.97743,82.76780,0.14428,1.08830,7.15939,0.16925,0.15656,0.50432
123.05000,0.47403,6.37247,1.67810,193.25686,0.97734,82.80143,0.14415,1.08848,7.15936,0.16923,0.15626,0.50418
123.10000,0.41130,6.31673,1.67870,193.34085,0.97732,82.84247,0.14402,1.08858,7.15899,0.16923,0.15598,0.50406
123.15000,0.34952,6.25989,1.67930,193.42486,0.97737,82.88998,0.14388,1.08860,7.15831,0.16922,0.15573,0.50395
123.20000,0.28872,6.20196,1.67988,193.50889,0.97748,82.94277,0.14375,1.08855,7.15737,0.16922,0.15550,0.50386
123.25000,0.22893,6.14295,1.68046,193.59295,0.97775,83.00339,0.14366,1.08817,7.15328,0.16919,0.15529,0.50378
123.30000,0.17018,6.08287,1.68102,193.67702,0.97796,83.06379,0.14355,1.08795,7.15106,0.16919,0.15511,0.50372
123.35000,0.11248,6.02173,1.68158,193.76112,0.97817,83.12478,0.14343,1.08773,7.14871,0.16918,0.15495,0.50367
123.40000,0.05588,5.95954,1.68213,193.84524,0.97836,83.18480,0.14332,1.08752,7.14629,0.16918,0.15479,0.50364
123.45000,0.00040,5.89631,1.68267,193.92938,0.97848,83.24245,0.14321,1.08737,7.14384,0.16916,0.15462,0.50361
123.50000,-0.05392,5.83205,1.68321,194.01355,0.97853,83.29641,0.14310,1.08728,7.14142,0.16915,0.15445,0.50361
123.55000,-0.10707,5.76677,1.68374,194.09774,0.97848,83.34541,0.14300,1.08729,7.13911,0.16912,0.15426,0.50360
123.60000,-0.15899,5.70049,1.68427,194.18195,0.97847,83.39374,0.14296,1.08700,7.13286,0.16904,0.15404,0.50361
123.65000,-0.20967,5.63321,1.68480,194.26619,0.97823,83.43121,0.14288,1.08711,7.12996,0.16898,0.15381,0.50362
123.70000,-0.25906,5.56496,1.68532,194.35045,0.97787,83.46067,0.14280,1.08735,7.12739,0.16892,0.15355,0.50363
123.75000,-0.30714,5.49574,1.68585,194.43473,0.97738,83.48161,0.14273,1.08771,7.12519,0.16884,0.15327,0.50363
123.80000,-0.35388,5.42558,1.68637,194.51902,0.97676,83.49376,0.14266,1.08820,7.12341,0.16876,0.15296,0.50364
123.85000,-0.39924,5.35449,1.68690,194.60332,0.97601,83.49711,0.14258,1.08883,7.12208,0.16866,0.15261,0.50363
123.90000,-0.44320,5.28249,1.68743,194.68764,0.97528,83.49725,0.14258,1.08920,7.11715,0.16852,0.15223,0.50363
123.95000,-0.48573,5.20961,1.68797,194.77200,0.97431,83.48560,0.14253,1.08999,7.11567,0.16839,0.15183,0.50361
124.00000,-0.52681,5.13587,1.68851,194.85638,0.97322,83.46609,0.14247,1.09090,7.11464,0.16826,0.15139,0.50359
124.05000,-0.56641,5.06129,1.68906,194.94076,0.97202,83.43938,0.14242,1.09194,7.11405,0.16812,0.15093,0.50356
124.10000,-0.60450,4.98591,1.68962,195.02513,0.97072,83.40642,0.14236,1.09309,7.11386,0.16798,0.15043,0.50353
124.15000,-0.64108,4.90974,1.69019,195.10952,0.96932,83.36864,0.14230,1.09435,7.11404,0.16783,0.14990,0.50348
124.20000,-0.67613,4.83283,1.69076,195.19393,0.96797,83.33268,0.14229,1.09536,7.11092,0.16763,0.14933,0.50343
124.25000,-0.70964,4.75520,1.69135,195.27835,0.96647,83.29263,0.14222,1.09670,7.11067,0.16745,0.14874,0.50337
124.30000,-0.74159,4.67689,1.69194,195.36278,0.96490,83.25352,0.14214,1.09811,7.11058,0.16728,0.14811,0.50329
124.35000,-0.77199,4.59793,1.69255,195.44723,0.96330,83.21698,0.14204,1.09957,7.11056,0.16709,0.14745,0.50321
124.40000,-0.80084,4.51835,1.69316,195.53170,0.96166,83.18431,0.14193,1.10109,7.11054,0.16691,0.14676,0.50313
124.45000,-0.82812,4.43820,1.69379,195.61619,0.96000,83.15643,0.14180,1.10264,7.11047,0.16672,0.14604,0.50304
124.50000,-0.85385,4.35749,1.69442,195.70071,0.95832,83.13395,0.14165,1.10422,7.11033,0.16653,0.14530,0.50295
124.55000,-0.87804,4.27628,1.69507,195.78525,0.95677,83.12225,0.14155,1.10545,7.10636,0.16630,0.14454,0.50286
124.60000,-0.90068,4.19460,1.69572,195.86982,0.95511,83.11272,0.14139,1.10697,7.10530,0.16609,0.14377,0.50276
124.65000,-0.92180,4.11247,1.69638,195.95441,0.95345,83.10883,0.14120,1.10851,7.10421,0.16589,0.14299,0.50267
124.70000,-0.94140,4.02993,1.69705,196.03904,0.95179,83.11034,0.14101,1.11006,7.10308,0.16569,0.14220,0.50258
124.75000,-0.95949,3.94701,1.69772,196.12371,0.95013,83.11680,0.14080,1.11162,7.10191,0.16549,0.14141,0.50249
124.80000,-0.97608,3.86374,1.69841,196.20841,0.94846,83.12738,0.14059,1.11319,7.10071,0.16529,0.14062,0.50241
124.85000,-0.99119,3.78016,1.69910,196.29314,0.92828,84.06228,0.14616,1.10165,7.00918,0.16271,0.13318,0.50095
124.90000,-1.00483,3.69629,1.69980,196.37792,0.92694,84.13789,0.14579,1.10378,7.00755,0.16254,0.13252,0.50085
124.95000,-1.01702,3.61216,1.70050,196.46273,0.92551,84.19412,0.14547,1.10577,7.00567,0.16235,0.13185,0.50078
125.00000,-1.02776,3.52780,1.70122,196.54757,0.92401,84.23615,0.14519,1.10766,7.00357,0.16216,0.13116,0.50073
125.05000,-1.03706,3.44324,1.70193,196.63245,0.92247,84.26744,0.14494,1.10945,7.00126,0.16195,0.13050,0.50071
125.10000,-1.04495,3.35849,1.70265,196.71738,0.92091,84.29035,0.14471,1.11115,6.99871,0.16173,0.12985,0.50071
125.15000,-1.05143,3.27359,1.70339,196.80234,0.90142,85.17128,0.15074,1.09997,6.90835,0.15900,0.12335,0.49931
125.20000,-1.05651,3.18855,1.70413,196.88734,0.90025,85.23711,0.15049,1.10178,6.90217,0.15876,0.12285,0.49932
125.25000,-1.06021,3.10341,1.70487,196.97237,0.89892,85.27703,0.15026,1.10362,6.89815,0.15854,0.12236,0.49937
125.30000,-1.06254,3.01818,1.70563,197.05743,0.89754,85.30045,0.15009,1.10527,6.89371,0.15830,0.12188,0.49945
125.35000,-1.06352,2.93288,1.70639,197.14253,0.89615,85.31155,0.14996,1.10676,6.88891,0.15805,0.12143,0.49957
125.40000,-1.06314,2.84755,1.70716,197.22767,0.89476,85.31305,0.14988,1.10810,6.88378,0.15780,0.12101,0.49971
125.45000,-1.06144,2.76219,1.70795,197.31284,0.87621,86.12180,0.15667,1.09649,6.79054,0.15486,0.11547,0.49843
125.50000,-1.05842,2.67682,1.70874,197.39804,0.87523,86.15603,0.15660,1.09787,6.78238,0.15459,0.11519,0.49858
125.55000,-1.05411,2.59148,1.70955,197.48327,0.87413,86.16697,0.15657,1.09919,6.77580,0.15433,0.11492,0.49877
125.60000,-1.04851,2.50616,1.71037,197.56854,0.87303,86.16310,0.15659,1.10030,6.76888,0.15405,0.11467,0.49900
125.65000,-1.04164,2.42090,1.71120,197.65384,0.87194,86.14838,0.15668,1.10122,6.76172,0.15378,0.11446,0.49925
125.70000,-1.03353,2.33571,1.71205,197.73918,0.87089,86.12525,0.15680,1.10198,6.75435,0.15350,0.11429,0.49952
125.75000,-1.02420,2.25059,1.71291,197.82456,0.85341,86.86763,0.16459,1.08971,6.65895,0.15038,0.10958,0.49838
125.80000,-1.01367,2.16558,1.71380,197.90998,0.85271,86.86858,0.16471,1.09066,6.65155,0.15014,0.10952,0.49867
125.85000,-1.00196,2.08067,1.71469,197.99544,0.85207,86.85375,0.16498,1.09111,6.64134,0.14985,0.10947,0.49899
125.90000,-0.98910,1.99588,1.71560,198.08094,0.85139,86.82436,0.16526,1.09153,6.63302,0.14959,0.10946,0.49934
125.95000,-0.97512,1.91122,1.71654,198.16648,0.85075,86.78595,0.16560,1.09177,6.62471,0.14933,0.10948,0.49971
126.00000,-0.96003,1.82671,1.71751,198.25208,0.83432,87.47599,0.17448,1.07895,6.52884,0.14610,0.10541,0.49866
126.05000,-0.94384,1.74235,1.71853,198.33773,0.83404,87.45541,0.17485,1.07927,6.52096,0.14589,0.10551,0.49904
126.10000,-0.92657,1.65815,1.71960,198.42343,0.83376,87.41908,0.17530,1.07936,6.51318,0.14568,0.10564,0.49944
126.15000,-0.90822,1.57412,1.72073,198.50919,0.83352,87.37222,0.17580,1.07925,6.50568,0.14549,0.10579,0.49987
126.20000,-0.88885,1.49027,1.72190,198.59501,0.83339,87.31990,0.17640,1.07879,6.49666,0.14528,0.10599,0.50030
126.25000,-0.86848,1.40659,1.72313,198.68090,0.83330,87.26037,0.17699,1.07833,6.48973,0.14512,0.10624,0.50075
126.30000,-0.84716,1.32308,1.72440,198.76686,0.83328,87.19632,0.17762,1.07774,6.48332,0.14498,0.10653,0.50120
126.35000,-0.82494,1.23974,1.72571,198.85290,0.83336,87.12860,0.17827,1.07703,6.47743,0.14486,0.10687,0.50166
126.40000,-0.80187,1.15656,1.72705,198.93902,0.83353,87.05785,0.17896,1.07618,6.47203,0.14478,0.10725,0.50212
126.45000,-0.77800,1.07353,1.72843,199.02522,0.83382,86.98453,0.17967,1.07521,6.46710,0.14472,0.10768,0.50259
126.50000,-0.75340,0.99065,1.72984,199.11149,0.83422,86.90904,0.18041,1.07411,6.46263,0.14469,0.10816,0.50305
126.55000,-0.72812,0.90790,1.73127,199.19786,0.83479,86.83306,0.18121,1.07275,6.45735,0.14466,0.10869,0.50352
126.60000,-0.70221,0.82527,1.73272,199.28431,0.83545,86.75451,0.18202,1.07135,6.45352,0.14469,0.10928,0.50399
126.65000,-0.67573,0.74274,1.73418,199.37084,0.83624,86.67475,0.18285,1.06982,6.45010,0.14474,0.10992,0.50446
126.70000,-0.64873,0.66030,1.73566,199.45746,0.83716,86.59417,0.18371,1.06817,6.44708,0.14483,0.11061,0.50492
126.75000,-0.62126,0.57794,1.73715,199.54417,0.83820,86.51315,0.18460,1.06639,6.44441,0.14494,0.11135,0.50538
126.80000,-0.59338,0.49564,1.73864,199.63096,0.83938,86.43200,0.18550,1.06449,6.44209,0.14508,0.11214,0.50583
126.85000,-0.56513,0.41339,1.74013,199.71785,0.84068,86.35094,0.18643,1.06246,6.44010,0.14524,0.11298,0.50627
126.90000,-0.53656,0.33117,1.74162,199.80482,0.84213,86.27010,0.18738,1.06032,6.43843,0.14544,0.11388,0.50671
126.95000,-0.50771,0.24896,1.74310,199.89185,0.84373,86.19031,0.18837,1.05799,6.43650,0.14565,0.11483,0.50713
127.00000,-0.47861,0.16677,1.74457,199.97897,0.84543,86.11060,0.18936,1.05562,6.43553,0.14590,0.11583,0.50754
127.05000,-0.44931,0.08457,1.74603,200.06638,0.84725,86.03188,0.19036,1.05316,6.43497,0.14617,0.11688,0.50793
127.10000,-0.41984,0.00236,1.74746,200.15415,0.84919,85.95437,0.19137,1.05064,6.43485,0.14647,0.11798,0.50830
127.15000,-0.39021,-0.07988,1.74887,200.24214,0.85122,85.87831,0.19237,1.04806,6.43519,0.14679,0.11911,0.50866
127.20000,-0.36048,-0.16215,1.75026,200.33019,0.85334,85.80409,0.19336,1.04545,6.43606,0.14713,0.12027,0.50899
127.25000,-0.33064,-0.24445,1.75161,200.41812,0.85553,85.73208,0.19434,1.04283,6.43750,0.14749,0.12145,0.50929
127.30000,-0.30074,-0.32680,1.75294,200.50583,0.85778,85.66265,0.19529,1.04022,6.43948,0.14787,0.12265,0.50956
127.35000,-0.27078,-0.40921,1.75424,200.59348,0.86006,85.59574,0.19620,1.03766,6.44226,0.14827,0.12386,0.50980
127.40000,-0.24079,-0.49167,1.75551,200.68120,0.86236,85.53153,0.19707,1.03517,6.44580,0.14868,0.12506,0.51001
127.45000,-0.21078,-0.57419,1.75675,200.76902,0.86467,85.47028,0.19790,1.03276,6.45013,0.14910,0.12625,0.51018
127.50000,-0.18076,-0.65677,1.75790,200.85688,0.92333,84.90662,0.19358,1.02739,6.79261,0.14823,0.13074,0.50941
127.55000,-0.15075,-0.73941,1.75901,200.94479,0.92621,84.86742,0.19452,1.02403,6.80538,0.14872,0.13246,0.50934
127.60000,-0.12075,-0.82211,1.76008,201.03276,0.92901,84.82921,0.19532,1.02108,6.81696,0.14921,0.13401,0.50928
127.65000,-0.09077,-0.90488,1.76113,201.12078,0.93172,84.79311,0.19601,1.01848,6.82796,0.14970,0.13541,0.50922
127.70000,-0.06082,-0.98771,1.76214,201.20885,0.93436,84.75999,0.19659,1.01617,6.83880,0.15020,0.13669,0.50913
127.75000,-0.03090,-1.07061,1.76312,201.29698,0.93693,84.73038,0.19706,1.01411,6.84998,0.15070,0.13787,0.50903
127.80000,-0.00101,-1.15357,1.76402,201.38514,1.00199,84.18052,0.19244,1.00924,7.19746,0.14992,0.14274,0.50794
127.85000,0.02886,-1.23658,1.76488,201.47335,1.00497,84.17537,0.19300,1.00644,7.21539,0.15048,0.14437,0.50759
127.90000,0.05869,-1.31965,1.76571,201.56160,1.00782,84.17285,0.19340,1.00413,7.23168,0.15102,0.14574,0.50726
127.95000,0.08852,-1.40277,1.76650,201.64988,1.01057,84.17531,0.19366,1.00216,7.24695,0.15157,0.14691,0.50693
128.00000,0.11834,-1.48593,1.76727,201.73821,1.01326,84.18446,0.19380,1.00046,7.26159,0.15211,0.14794,0.50659
128.05000,0.14817,-1.56912,1.76799,201.82657,1.01590,84.20140,0.19384,0.99897,7.27585,0.15266,0.14883,0.50624
128.10000,0.17802,-1.65234,1.76866,201.91496,1.08597,83.68652,0.18890,0.99471,7.61291,0.15195,0.15371,0.50486
128.15000,0.20791,-1.73559,1.76929,202.00338,1.08893,83.73292,0.18904,0.99248,7.63186,0.15253,0.15503,0.50426
128.20000,0.23786,-1.81885,1.76988,202.09184,1.09176,83.78470,0.18901,0.99068,7.64869,0.15309,0.15605,0.50370
128.25000,0.26791,-1.90210,1.77045,202.18032,1.09448,83.84414,0.18885,0.98921,7.66405,0.15364,0.15686,0.50316
128.30000,0.29807,-1.98534,1.77098,202.26883,1.09711,83.91282,0.18858,0.98798,7.67834,0.15418,0.15749,0.50262
128.35000,0.32839,-2.06855,1.77146,202.35737,1.17036,83.44080,0.18351,0.98406,7.99200,0.15347,0.16222,0.50101
128.40000,0.35887,-2.15172,1.77190,202.44594,1.17316,83.53819,0.18334,0.98218,8.00876,0.15402,0.16320,0.50024
128.45000,0.38959,-2.23483,1.77231,202.53453,1.17583,83.64147,0.18301,0.98071,8.02317,0.15454,0.16386,0.49953
128.50000,0.42057,-2.31787,1.77269,202.62314,1.17838,83.75138,0.18257,0.97953,8.03597,0.15504,0.16431,0.49886
128.55000,0.45188,-2.40080,1.77304,202.71179,1.18083,83.86773,0.18204,0.97857,8.04762,0.15553,0.16459,0.49821
128.60000,0.48356,-2.48360,1.77336,202.80046,1.18322,83.99125,0.18148,0.97767,8.05754,0.15598,0.16475,0.49757
128.65000,0.51567,-2.56626,1.77363,202.88915,1.25755,83.56417,0.17640,0.97425,8.33749,0.15521,0.16910,0.49579
128.70000,0.54824,-2.64875,1.77387,202.97787,1.25989,83.69908,0.17599,0.97280,8.34975,0.15567,0.16961,0.49493
128.75000,0.58135,-2.73104,1.77408,203.06661,1.26209,83.83442,0.17548,0.97171,8.35995,0.15609,0.16986,0.49415
128.80000,0.61507,-2.81309,1.77426,203.15538,1.26416,83.97025,0.17489,0.97087,8.36880,0.15649,0.16993,0.49342
128.85000,0.64948,-2.89486,1.77440,203.24416,1.26611,84.10579,0.17427,0.97021,8.37673,0.15686,0.16988,0.49273
128.90000,0.68465,-2.97631,1.77451,203.33297,1.26795,84.24042,0.17363,0.96968,8.38395,0.15722,0.16974,0.49206
128.95000,0.72065,-3.05741,1.77459,203.42180,1.26969,84.37352,0.17299,0.96925,8.39059,0.15756,0.16954,0.49142
129.00000,0.75757,-3.13809,1.77463,203.51064,1.27142,84.50681,0.17239,0.96870,8.39519,0.15785,0.16930,0.49080
129.05000,0.79547,-3.21832,1.77464,203.59950,1.27301,84.63604,0.17178,0.96831,8.40034,0.15814,0.16903,0.49020
129.10000,0.83445,-3.29803,1.77462,203.68836,1.27451,84.76267,0.17118,0.96795,8.40497,0.15841,0.16875,0.48963
129.15000,0.87457,-3.37717,1.77456,203.77724,1.27594,84.88653,0.17060,0.96761,8.40909,0.15867,0.16844,0.48908
129.20000,0.91593,-3.45567,1.77446,203.86613,1.27729,85.00739,0.17003,0.96729,8.41275,0.15890,0.16813,0.48855
129.25000,0.95859,-3.53346,1.77433,203.95501,1.27856,85.12502,0.16949,0.96699,8.41598,0.15911,0.16780,0.48804
129.30000,1.00264,-3.61046,1.77417,204.04389,1.27974,85.23909,0.16896,0.96670,8.41881,0.15931,0.16747,0.48755
129.35000,1.04816,-3.68659,1.77397,204.13276,1.28085,85.34978,0.16846,0.96643,8.42125,0.15949,0.16712,0.48708
129.40000,1.09521,-3.76177,1.77373,204.22162,1.28189,85.45798,0.16797,0.96617,8.42331,0.15966,0.16677,0.48664
129.45000,1.14388,-3.83591,1.77346,204.31047,1.28302,85.56786,0.16759,0.96560,8.42224,0.15975,0.16641,0.48621
129.50000,1.19423,-3.90889,1.77315,204.39929,1.28397,85.67150,0.16716,0.96528,8.42287,0.15987,0.16606,0.48581
129.55000,1.24633,-3.98061,1.77280,204.48808,1.28484,85.77195,0.16674,0.96497,8.42318,0.15998,0.16569,0.48543
129.60000,1.30024,-4.05095,1.77241,204.57685,1.28562,85.86819,0.16634,0.96470,8.42326,0.16007,0.16533,0.48507
129.65000,1.35603,-4.11980,1.77198,204.66557,1.28630,85.95959,0.16596,0.96447,8.42317,0.16015,0.16495,0.48474
129.70000,1.41373,-4.18701,1.77151,204.75426,1.28687,86.04587,0.16559,0.96431,8.42300,0.16021,0.16457,0.48442
129.75000,1.47341,-4.25244,1.77100,204.84291,1.28732,86.12691,0.16524,0.96422,8.42281,0.16026,0.16418,0.48411
129.80000,1.53509,-4.31595,1.77045,204.93150,1.28764,86.20268,0.16488,0.96422,8.42271,0.16030,0.16376,0.48383
129.85000,1.59881,-4.37738,1.76985,205.02005,1.28783,86.27304,0.16453,0.96432,8.42275,0.16033,0.16333,0.48356
129.90000,1.66458,-4.43655,1.76921,205.10855,1.28814,86.34446,0.16432,0.96401,8.41860,0.16027,0.16288,0.48330
129.95000,1.73242,-4.49329,1.76852,205.19699,1.28813,86.40575,0.16401,0.96416,8.41794,0.16027,0.16242,0.48306
130.00000,1.80231,-4.54742,1.76779,205.28538,1.28799,86.46159,0.16370,0.96443,8.41751,0.16025,0.16195,0.48282
130.05000,1.87424,-4.59876,1.76702,205.37371,1.28770,86.51182,0.16339,0.96481,8.41732,0.16022,0.16145,0.48260
130.10000,1.94816,-4.64711,1.76621,205.46198,1.28725,86.55658,0.16308,0.96533,8.41742,0.16019,0.16092,0.48238
130.15000,2.02402,-4.69227,1.76535,205.55020,1.28663,86.59635,0.16275,0.96598,8.41782,0.16014,0.16035,0.48217
130.20000,2.10174,-4.73404,1.76445,205.63835,1.28584,86.63150,0.16242,0.96679,8.41855,0.16008,0.15975,0.48197
130.25000,2.18124,-4.77223,1.76352,205.72644,1.28489,86.66226,0.16207,0.96774,8.41964,0.16002,0.15911,0.48176
130.30000,2.26238,-4.80665,1.76255,205.81448,1.28378,86.68908,0.16171,0.96883,8.42113,0.15995,0.15844,0.48156
130.35000,2.34505,-4.83709,1.76155,205.90245,1.28291,86.72253,0.16153,0.96926,8.41605,0.15974,0.15771,0.48137
130.40000,2.42907,-4.86340,1.76052,205.99037,1.28160,86.74559,0.16119,0.97042,8.41670,0.15963,0.15697,0.48118
130.45000,2.51427,-4.88539,1.75947,206.07823,1.28015,86.76597,0.16083,0.97171,8.41762,0.15951,0.15619,0.48098
130.50000,2.60045,-4.90290,1.75841,206.16603,1.27854,86.78414,0.16045,0.97314,8.41880,0.15938,0.15536,0.48078
130.55000,2.68738,-4.91581,1.75733,206.25378,1.27678,86.80049,0.16005,0.97471,8.42020,0.15924,0.15449,0.48058
130.60000,2.77483,-4.92399,1.75625,206.34146,1.27486,86.81530,0.15963,0.97642,8.42180,0.15908,0.15357,0.48038
130.65000,2.86254,-4.92735,1.75518,206.42910,1.27278,86.82877,0.15919,0.97827,8.42355,0.15892,0.15260,0.48018
130.70000,2.95025,-4.92581,1.75411,206.51666,1.27053,86.84102,0.15873,0.98026,8.42541,0.15874,0.15158,0.47998
130.75000,3.03768,-4.91934,1.75305,206.60415,1.26861,86.86393,0.15849,0.98141,8.41927,0.15840,0.15050,0.47978
130.80000,3.12435,-4.90714,1.74480,206.69133,1.26620,86.87741,0.15805,0.98339,8.41951,0.15816,0.14941,0.47958
130.85000,3.20794,-4.88384,1.73841,206.77856,1.26344,86.89180,0.15754,0.98578,8.42089,0.15794,0.14828,0.47937
130.90000,3.29132,-4.85816,1.74949,206.86540,1.25981,86.88477,0.15664,0.98989,8.43607,0.15797,0.14714,0.47913
130.95000,3.37522,-4.83354,1.74607,206.95346,1.25668,86.87452,0.15593,0.99320,8.44684,0.15788,0.14597,0.47894
131.00000,3.45696,-4.80315,1.74294,207.04114,1.25386,86.89146,0.15552,0.99532,8.44337,0.15752,0.14470,0.47876
131.05000,3.53661,-4.76787,1.74209,207.12857,1.25080,86.90553,0.15505,0.99777,8.44222,0.15719,0.14342,0.47857
131.10000,3.61419,-4.72834,1.74118,207.21594,1.24762,86.91726,0.15455,1.00035,8.44179,0.15686,0.14212,0.47839
131.15000,3.68944,-4.68462,1.74031,207.30318,1.24482,86.94117,0.15429,1.00194,8.43241,0.15634,0.14078,0.47823
131.20000,3.76212,-4.63684,1.73949,207.39030,1.24156,86.95554,0.15386,1.00434,8.42918,0.15592,0.13945,0.47807
131.25000,3.83204,-4.58516,1.73871,207.47730,1.23820,86.96889,0.15343,1.00678,8.42555,0.15548,0.13810,0.47792
131.30000,3.89899,-4.52974,1.73800,207.56419,1.23475,86.98122,0.15301,1.00927,8.42163,0.15502,0.13675,0.47778
131.35000,3.96280,-4.47080,1.73735,207.65094,1.23122,86.99258,0.15259,1.01180,8.41746,0.15454,0.13541,0.47765
131.40000,4.02334,-4.40853,1.73676,207.73757,1.22762,87.00298,0.15218,1.01437,8.41308,0.15405,0.13407,0.47755
131.45000,4.08047,-4.34317,1.73623,207.82408,1.22395,87.01222,0.15177,1.01697,8.40853,0.15355,0.13275,0.47746
131.50000,4.13410,-4.27494,1.73575,207.91049,1.22058,87.02924,0.15154,1.01880,8.39715,0.15289,0.13143,0.47740
131.55000,4.18416,-4.20406,1.73533,207.99681,1.21685,87.03719,0.15118,1.02130,8.39077,0.15233,0.13014,0.47736
131.60000,4.23059,-4.13079,1.73496,208.08303,1.21301,87.04212,0.15083,1.02386,8.38437,0.15175,0.12886,0.47735
131.65000,4.27337,-4.05534,1.73465,208.16917,1.20906,87.04375,0.15048,1.02651,8.37797,0.15115,0.12759,0.47735
131.70000,4.31248,-3.97795,1.73438,208.25525,1.20503,87.04204,0.15014,1.02922,8.37160,0.15055,0.12634,0.47737
131.75000,4.34794,-3.89882,1.73415,208.34127,1.20093,87.03709,0.14980,1.03198,8.36524,0.14993,0.12512,0.47742
131.80000,4.37977,-3.81819,1.73397,208.42723,1.19679,87.02903,0.14947,1.03476,8.35889,0.14931,0.12393,0.47749
131.85000,4.40803,-3.73623,1.73386,208.51316,1.12157,87.49307,0.15245,1.04018,8.08523,0.15001,0.12000,0.47882
131.90000,4.43279,-3.65316,1.73376,208.59906,1.11776,87.49676,0.15218,1.04293,8.06750,0.14924,0.11864,0.47916
131.95000,4.45409,-3.56914,1.73370,208.68494,1.11368,87.48943,0.15184,1.04608,8.05700,0.14857,0.11745,0.47943
132.00000,4.47203,-3.48434,1.73367,208.77079,1.10957,87.47691,0.15154,1.04911,8.04730,0.14791,0.11636,0.47969
132.05000,4.48669,-3.39891,1.73367,208.85664,1.10543,87.45870,0.15129,1.05207,8.03810,0.14723,0.11534,0.47995
132.10000,4.49816,-3.31300,1.73374,208.94248,1.03324,87.89172,0.15444,1.05775,7.73324,0.14790,0.11196,0.48144
132.15000,4.50657,-3.22672,1.73381,209.02833,1.02913,87.86624,0.15409,1.06147,7.71965,0.14720,0.11083,0.48192
132.20000,4.51201,-3.14020,1.73391,209.11419,1.02507,87.83570,0.15383,1.06489,7.70765,0.14650,0.10986,0.48235
132.25000,4.51457,-3.05355,1.73403,209.20007,1.02131,87.80671,0.15376,1.06745,7.69054,0.14570,0.10899,0.48276
132.30000,4.51436,-2.96685,1.73418,209.28596,1.01738,87.76717,0.15362,1.07037,7.67933,0.14498,0.10822,0.48315
132.35000,4.51149,-2.88019,1.73436,209.37186,1.01348,87.72218,0.15353,1.07318,7.66865,0.14427,0.10750,0.48354
132.40000,4.50608,-2.79364,1.73461,209.45779,0.94671,88.11642,0.15696,1.07882,7.33886,0.14493,0.10478,0.48514
132.45000,4.49827,-2.70726,1.73485,209.54376,0.94295,88.06139,0.15677,1.08244,7.32320,0.14420,0.10395,0.48576
132.50000,4.48813,-2.62110,1.73512,209.62975,0.93929,88.00256,0.15667,1.08570,7.30923,0.14347,0.10325,0.48632
132.55000,4.47578,-2.53523,1.73541,209.71578,0.93569,87.93927,0.15663,1.08870,7.29639,0.14274,0.10265,0.48686
132.60000,4.46131,-2.44967,1.73573,209.80185,0.93234,87.87590,0.15676,1.09103,7.27957,0.14193,0.10212,0.48740
132.65000,4.44484,-2.36445,1.73607,209.88795,0.92892,87.80335,0.15684,1.09358,7.26738,0.14120,0.10165,0.48793
132.70000,4.42647,-2.27961,1.73648,209.97410,0.86915,88.16387,0.16064,1.09904,6.92185,0.14188,0.09947,0.48963
132.75000,4.40633,-2.19514,1.73689,210.06030,0.86595,88.07815,0.16064,1.10241,6.90468,0.14113,0.09889,0.49036
132.80000,4.38449,-2.11108,1.73733,210.14655,0.86286,87.99002,0.16072,1.10538,6.88960,0.14041,0.09841,0.49103
132.85000,4.36101,-2.02743,1.73781,210.23285,0.85989,87.89952,0.16087,1.10806,6.87606,0.13970,0.09802,0.49166
132.90000,4.33597,-1.94422,1.73835,210.31920,0.85700,87.80656,0.16106,1.11052,6.86368,0.13900,0.09768,0.49228
132.95000,4.30945,-1.86143,1.73895,210.40562,0.85429,87.71383,0.16135,1.11251,6.84916,0.13826,0.09739,0.49289
133.00000,4.28156,-1.77906,1.73958,210.49209,0.85158,87.61489,0.16161,1.11463,6.83809,0.13758,0.09714,0.49349
133.05000,4.25239,-1.69710,1.74026,210.57863,0.84892,87.51132,0.16191,1.11665,6.82777,0.13691,0.09693,0.49409
133.10000,4.22205,-1.61554,1.74098,210.66525,0.84632,87.40279,0.16222,1.11861,6.81810,0.13625,0.09673,0.49469
133.15000,4.19062,-1.53434,1.74173,210.75193,0.84378,87.28964,0.16256,1.12049,6.80901,0.13561,0.09657,0.49529
133.20000,4.15823,-1.45348,1.74251,210.83869,0.84130,87.17270,0.16291,1.12230,6.80038,0.13497,0.09642,0.49589
133.25000,4.12495,-1.37294,1.74332,210.92552,0.83889,87.05292,0.16328,1.12406,6.79216,0.13435,0.09629,0.49648
133.30000,4.09090,-1.29268,1.74409,211.01242,0.88973,86.46220,0.15988,1.12249,7.11945,0.13227,0.09772,0.49599
133.35000,4.05613,-1.21268,1.74489,211.09940,0.88739,86.34047,0.16041,1.12308,7.11759,0.13169,0.09782,0.49639
133.40000,4.02076,-1.13291,1.74569,211.18644,0.88500,86.21269,0.16088,1.12396,7.11414,0.13110,0.09785,0.49686
133.45000,3.98489,-1.05331,1.74650,211.27356,0.88262,86.08044,0.16131,1.12503,7.10973,0.13052,0.09784,0.49735
133.50000,3.94860,-0.97386,1.74732,211.36074,0.88025,85.94450,0.16173,1.12620,7.10480,0.12994,0.09780,0.49786
133.55000,3.91199,-0.89452,1.74813,211.44799,0.87792,85.80567,0.16214,1.12743,7.09960,0.12937,0.09776,0.49837
133.60000,3.87512,-0.81525,1.74891,211.53531,0.93261,85.15122,0.15879,1.12568,7.42346,0.12733,0.09933,0.49783
133.65000,3.83805,-0.73603,1.74967,211.62269,0.93028,85.00397,0.15932,1.12600,7.42310,0.12679,0.09947,0.49817
133.70000,3.80088,-0.65681,1.75043,211.71016,0.92791,84.85388,0.15979,1.12663,7.42083,0.12624,0.09953,0.49855
133.75000,3.76368,-0.57757,1.75117,211.79767,0.92552,84.70302,0.16019,1.12749,7.41792,0.12569,0.09953,0.49896
133.80000,3.72653,-0.49826,1.75190,211.88518,0.92314,84.55305,0.16057,1.12849,7.41446,0.12515,0.09949,0.49937
133.85000,3.68949,-0.41886,1.75261,211.97285,0.92079,84.40446,0.16092,1.12958,7.41071,0.12461,0.09943,0.49978
133.90000,3.65262,-0.33935,1.75328,212.06096,0.97914,83.69556,0.15755,1.12786,7.72225,0.12259,0.10105,0.49916
133.95000,3.61597,-0.25970,1.75391,212.14939,0.97676,83.53471,0.15801,1.12818,7.72240,0.12208,0.10116,0.49940
134.00000,3.57962,-0.17987,1.75452,212.23763,0.97437,83.37373,0.15839,1.12877,7.72116,0.12157,0.10119,0.49968
134.05000,3.54363,-0.09985,1.75511,212.32562,0.97203,83.21654,0.15873,1.12950,7.71914,0.12107,0.10117,0.49999
134.10000,3.50808,-0.01961,1.75567,212.41354,0.96972,83.06375,0.15901,1.13043,7.71765,0.12059,0.10112,0.50030
134.15000,3.47302,0.06089,1.75618,212.50147,1.03166,82.31162,0.15564,1.12869,8.01135,0.11862,0.10280,0.49961
134.20000,3.43849,0.14164,1.75667,212.58943,1.02934,82.14894,0.15599,1.12893,8.01191,0.11816,0.10288,0.49977
134.25000,3.40458,0.22267,1.75713,212.67743,1.02705,81.99221,0.15628,1.12941,8.01126,0.11770,0.10289,0.49998
134.30000,3.37137,0.30402,1.75757,212.76547,1.02482,81.84299,0.15652,1.13000,8.00990,0.11726,0.10286,0.50021
134.35000,3.33891,0.38570,1.75798,212.85355,1.02268,81.70151,0.15673,1.13065,8.00816,0.11682,0.10280,0.50045
134.40000,3.30729,0.46772,1.75836,212.94165,1.02064,81.56772,0.15693,1.13131,8.00619,0.11641,0.10273,0.50069
134.45000,3.27656,0.55010,1.75872,213.02980,1.01869,81.44182,0.15711,1.13197,8.00401,0.11601,0.10266,0.50094
134.50000,3.24679,0.63286,1.75906,213.11797,1.01676,81.32125,0.15725,1.13280,8.00340,0.11566,0.10259,0.50118
134.55000,3.21806,0.71599,1.75937,213.20617,1.01499,81.21097,0.15740,1.13344,8.00122,0.11530,0.10251,0.50142
134.60000,3.19043,0.79952,1.75966,213.29440,1.01333,81.10861,0.15756,1.13402,7.99882,0.11495,0.10245,0.50167
134.65000,3.16397,0.88343,1.75993,213.38266,1.01178,81.01302,0.15771,1.13454,7.99624,0.11462,0.10238,0.50192
134.70000,3.13874,0.96774,1.76017,213.47094,1.01033,80.92254,0.15786,1.13501,7.99352,0.11430,0.10233,0.50216
134.75000,3.11480,1.05243,1.76039,213.55923,1.00895,80.83564,0.15802,1.13543,7.99071,0.11399,0.10228,0.50241
134.80000,3.09223,1.13751,1.76058,213.64755,1.00765,80.75149,0.15818,1.13580,7.98782,0.11369,0.10225,0.50265
134.85000,3.07108,1.22297,1.76075,213.73587,1.00643,80.67025,0.15835,1.13612,7.98486,0.11340,0.10222,0.50290
134.90000,3.05142,1.30879,1.76090,213.82422,1.00529,80.59258,0.15852,1.13638,7.98180,0.11313,0.10220,0.50314
134.95000,3.03332,1.39495,1.76102,213.91257,1.00411,80.51379,0.15862,1.13693,7.98169,0.11292,0.10219,0.50338
135.00000,3.01683,1.48145,1.76112,214.00093,1.00310,80.44170,0.15878,1.13715,7.97910,0.11268,0.10219,0.50362
135.05000,3.00201,1.56825,1.76120,214.08930,1.00216,80.37108,0.15896,1.13732,7.97642,0.11245,0.10219,0.50387
135.10000,2.98894,1.65533,1.76125,214.17767,1.00128,80.30032,0.15914,1.13745,7.97368,0.11222,0.10221,0.50411
135.15000,2.97767,1.74267,1.76128,214.26604,1.00045,80.22849,0.15934,1.13754,7.97092,0.11200,0.10224,0.50436
135.20000,2.96827,1.83023,1.76129,214.35442,0.99966,80.15549,0.15955,1.13759,7.96818,0.11179,0.10228,0.50461
135.25000,2.96078,1.91798,1.76127,214.44279,0.99892,80.08175,0.15977,1.13760,7.96545,0.11158,0.10233,0.50485
135.30000,2.95528,2.00586,1.76123,214.53116,0.99823,80.00777,0.16000,1.13758,7.96270,0.11138,0.10239,0.50509
135.35000,2.95183,2.09385,1.76116,214.61953,0.99744,79.92805,0.16015,1.13791,7.96344,0.11125,0.10245,0.50533
135.40000,2.95049,2.18190,1.76107,214.70789,0.99680,79.85233,0.16037,1.13792,7.96159,0.11108,0.10252,0.50556
135.45000,2.95131,2.26994,1.76095,214.79625,0.99622,79.77638,0.16060,1.13790,7.95984,0.11092,0.10260,0.50578
135.50000,2.95436,2.35793,1.76081,214.88459,0.99567,79.69992,0.16083,1.13785,7.95818,0.11076,0.10268,0.50600
135.55000,2.95970,2.44580,1.76064,214.97293,0.99518,79.62271,0.16107,1.13777,7.95656,0.11061,0.10277,0.50622
135.60000,2.96739,2.53349,1.76045,215.06125,0.99473,79.54483,0.16133,1.13765,7.95494,0.11047,0.10287,0.50643
135.65000,2.97749,2.62093,1.76023,215.14956,0.99433,79.46677,0.16159,1.13749,7.95325,0.11033,0.10297,0.50663
135.70000,2.99005,2.70803,1.75999,215.23786,0.99398,79.38934,0.16187,1.13728,7.95148,0.11019,0.10309,0.50684
135.75000,3.00513,2.79472,1.75971,215.32615,0.99370,79.31328,0.16214,1.13702,7.94963,0.11006,0.10320,0.50703
135.80000,3.02280,2.88090,1.75942,215.41443,0.99326,79.23063,0.16230,1.13726,7.95273,0.11004,0.10333,0.50721
135.85000,3.04310,2.96648,1.75909,215.50269,0.99304,79.15596,0.16256,1.13705,7.95196,0.10995,0.10346,0.50739
135.90000,3.06610,3.05137,1.75873,215.59093,0.99288,79.08345,0.16282,1.13678,7.95118,0.10987,0.10360,0.50757
135.95000,3.09183,3.13544,1.75835,215.67916,0.99279,79.01370,0.16309,1.13647,7.95035,0.10980,0.10374,0.50773
136.00000,3.12035,3.21859,1.75794,215.76737,0.99277,78.94744,0.16335,1.13609,7.94942,0.10974,0.10389,0.50789
136.05000,3.15169,3.30069,1.75751,215.85555,0.99282,78.88510,0.16362,1.13565,7.94834,0.10968,0.10405,0.50805
136.10000,3.18590,3.38162,1.75704,215.94372,0.99297,78.82676,0.16390,1.13512,7.94710,0.10963,0.10422,0.50820
136.15000,3.22301,3.46123,1.75655,216.03186,0.99320,78.77218,0.16418,1.13451,7.94567,0.10960,0.10440,0.50834
136.20000,3.26304,3.53939,1.75603,216.11998,0.99328,78.71140,0.16432,1.13445,7.94972,0.10968,0.10459,0.50848
136.25000,3.30601,3.61594,1.75548,216.20807,0.99361,78.66091,0.16458,1.13386,7.94933,0.10968,0.10480,0.50862
136.30000,3.35192,3.69072,1.75490,216.29614,0.99402,78.61401,0.16485,1.13319,7.94881,0.10970,0.10501,0.50876
136.35000,3.40078,3.76358,1.75431,216.38418,0.99451,78.57097,0.16512,1.13245,7.94815,0.10972,0.10523,0.50889
136.40000,3.45257,3.83434,1.75368,216.47219,0.99509,78.53189,0.16539,1.13164,7.94735,0.10976,0.10546,0.50901
136.45000,3.50727,3.90285,1.75304,216.56016,0.99575,78.49656,0.16567,1.13074,7.94641,0.10980,0.10571,0.50914
136.50000,3.56485,3.96891,1.75237,216.64810,0.99651,78.46459,0.16596,1.12976,7.94534,0.10986,0.10597,0.50926
136.55000,3.62524,4.03236,1.75169,216.73599,0.99736,78.43558,0.16626,1.12870,7.94415,0.10992,0.10625,0.50938
136.60000,3.68838,4.09302,1.75099,216.82385,0.99801,78.39816,0.16640,1.12828,7.94931,0.11013,0.10655,0.50950
136.65000,3.75420,4.15071,1.75027,216.91165,0.99895,78.37104,0.16668,1.12728,7.94958,0.11025,0.10686,0.50961
136.70000,3.82260,4.20527,1.74955,216.99940,0.99997,78.34633,0.16696,1.12620,7.94974,0.11038,0.10719,0.50973
136.75000,3.89346,4.25651,1.74882,217.08711,1.00107,78.32392,0.16726,1.12505,7.94978,0.11051,0.10753,0.50984
136.80000,3.96666,4.30429,1.74808,217.17476,1.00225,78.30368,0.16756,1.12383,7.94968,0.11066,0.10789,0.50996
136.85000,4.04207,4.34844,1.74733,217.26235,1.00351,78.28543,0.16788,1.12252,7.94944,0.11082,0.10827,0.51007
136.90000,4.11951,4.38881,1.74659,217.34989,1.00487,78.26896,0.16822,1.12113,7.94912,0.11098,0.10867,0.51018
136.95000,4.19884,4.42528,1.74585,217.43737,1.00634,78.25406,0.16857,1.11965,7.94874,0.11116,0.10909,0.51029
137.00000,4.27985,4.45772,1.74513,217.52478,1.00791,78.24061,0.16893,1.11807,7.94831,0.11136,0.10954,0.51040
137.05000,4.36236,4.48602,1.74441,217.61212,1.00919,78.21296,0.16907,1.11741,7.95682,0.11174,0.11003,0.51050
137.10000,4.44617,4.51008,1.74370,217.69939,1.01088,78.19865,0.16942,1.11589,7.95807,0.11200,0.11053,0.51061
137.15000,4.53106,4.52984,1.74301,217.78660,1.01269,78.18621,0.16979,1.11425,7.95922,0.11227,0.11106,0.51072
137.20000,4.61681,4.54522,1.74234,217.87374,1.01462,78.17570,0.17018,1.11251,7.96028,0.11256,0.11163,0.51082
137.25000,4.70321,4.55619,1.74169,217.96081,1.01668,78.16700,0.17059,1.11066,7.96126,0.11286,0.11223,0.51093
137.30000,4.79003,4.56272,1.74107,218.04779,1.01888,78.15985,0.17102,1.10868,7.96218,0.11318,0.11288,0.51105
137.35000,4.87703,4.56481,1.74047,218.13471,1.02123,78.15406,0.17148,1.10657,7.96302,0.11352,0.11357,0.51116
137.40000,4.96400,4.56246,1.73990,218.22156,1.02339,78.13617,0.17176,1.10518,7.97151,0.11404,0.11432,0.51127
137.45000,5.05071,4.55572,1.73937,218.30833,1.02598,78.12989,0.17222,1.10302,7.97399,0.11446,0.11511,0.51139
137.50000,5.13684,4.54379,1.73624,218.39517,1.02874,78.12622,0.17272,1.10070,7.97635,0.11490,0.11596,0.51151
137.55000,5.22113,4.52331,1.73935,218.48163,1.03174,78.13138,0.17329,1.09804,7.97633,0.11532,0.11686,0.51164
137.60000,5.30566,4.50232,1.74134,218.56856,1.03551,78.15388,0.17422,1.09391,7.96587,0.11555,0.11780,0.51178
137.65000,5.38916,4.47777,1.74048,218.65568,1.03905,78.16433,0.17491,1.09066,7.96485,0.11599,0.11883,0.51192
137.70000,5.47140,4.44937,1.74006,218.74266,1.04266,78.17702,0.17559,1.08748,7.96497,0.11649,0.11993,0.51206
137.75000,5.55227,4.41732,1.73968,218.82958,1.04644,78.19065,0.17627,1.08420,7.96550,0.11701,0.12109,0.51220
137.80000,5.63161,4.38171,1.73934,218.91644,1.05001,78.19123,0.17674,1.08175,7.97453,0.11774,0.12233,0.51233
137.85000,5.70929,4.34263,1.73903,219.00322,1.05401,78.20337,0.17740,1.07856,7.97779,0.11837,0.12362,0.51246
137.90000,5.78516,4.30019,1.73875,219.08993,1.05818,78.21724,0.17807,1.07529,7.98145,0.11904,0.12499,0.51260
137.95000,5.85911,4.25450,1.73850,219.17656,1.06252,78.23313,0.17876,1.07193,7.98544,0.11974,0.12644,0.51273
138.00000,5.93101,4.20568,1.73829,219.26311,1.06701,78.25112,0.17947,1.06850,7.98972,0.12047,0.12795,0.51286
138.05000,6.00078,4.15387,1.73811,219.34959,1.07164,78.27109,0.18018,1.06501,7.99425,0.12123,0.12953,0.51299
138.10000,6.06833,4.09920,1.73797,219.43600,1.07639,78.29269,0.18091,1.06149,7.99902,0.12201,0.13115,0.51310
138.15000,6.13357,4.04182,1.73786,219.52235,1.08095,78.30466,0.18145,1.05862,8.01008,0.12293,0.13284,0.51320
138.20000,6.19645,3.98186,1.73782,219.60864,1.01866,79.02327,0.18689,1.05802,7.72031,0.12528,0.13126,0.51411
138.25000,6.25694,3.91949,1.73779,219.69488,1.02333,79.06293,0.18740,1.05554,7.72358,0.12613,0.13257,0.51432
138.30000,6.31499,3.85484,1.73779,219.78108,1.02807,79.10113,0.18799,1.05283,7.72836,0.12700,0.13401,0.51447
138.35000,6.37057,3.78806,1.73782,219.86725,1.03284,79.13766,0.18862,1.04999,7.73415,0.12788,0.13554,0.51456
138.40000,6.42367,3.71929,1.73788,219.95339,1.03764,79.17306,0.18925,1.04708,7.74067,0.12876,0.13713,0.51462
138.45000,6.47428,3.64866,1.73798,220.03951,1.04244,79.20799,0.18989,1.04415,7.74775,0.12966,0.13875,0.51463
138.50000,6.52242,3.57632,1.73814,220.12562,0.98189,79.90232,0.19533,1.04467,7.44646,0.13213,0.13681,0.51543
138.55000,6.56813,3.50240,1.73830,220.21172,0.98622,79.94157,0.19566,1.04298,7.45120,0.13303,0.13790,0.51552
138.60000,6.61140,3.42702,1.73849,220.29783,0.99051,79.98112,0.19602,1.04109,7.45790,0.13393,0.13911,0.51554
138.65000,6.65226,3.35030,1.73870,220.38394,0.99476,80.02136,0.19638,1.03909,7.46599,0.13484,0.14037,0.51549
138.70000,6.69076,3.27235,1.73894,220.47005,0.99894,80.06302,0.19673,1.03706,7.47518,0.13573,0.14165,0.51538
138.75000,6.72694,3.19328,1.73925,220.55619,0.94064,80.74744,0.20221,1.03804,7.15813,0.13807,0.13922,0.51603
138.80000,6.76087,3.11321,1.73956,220.64235,0.94420,80.79096,0.20219,1.03722,7.16377,0.13893,0.13987,0.51597
138.85000,6.79258,3.03221,1.73989,220.72853,0.94768,80.83871,0.20218,1.03622,7.17187,0.13978,0.14062,0.51582
138.90000,6.82214,2.95039,1.74024,220.81474,0.95090,80.88488,0.20198,1.03559,7.18683,0.14072,0.14141,0.51560
138.95000,6.84959,2.86781,1.74061,220.90098,0.95419,80.94372,0.20187,1.03452,7.19875,0.14158,0.14218,0.51531
139.00000,6.87499,2.78457,1.74100,220.98727,0.95741,81.01052,0.20170,1.03343,7.21151,0.14243,0.14293,0.51497
139.05000,6.89837,2.70070,1.74147,221.07359,0.90124,81.69888,0.20678,1.03532,6.89016,0.14463,0.13989,0.51539
139.10000,6.91980,2.61630,1.74198,221.15997,0.92148,80.79651,0.19558,1.04825,6.98508,0.14841,0.14706,0.51620
139.15000,6.93932,2.53140,1.74254,221.24640,0.92359,80.84080,0.19514,1.04790,6.99393,0.14912,0.14716,0.51587
139.20000,6.95700,2.44608,1.74316,221.33289,0.92584,80.91268,0.19463,1.04737,7.00423,0.14983,0.14734,0.51546
139.25000,6.97295,2.36037,1.74382,221.41945,0.92806,81.00163,0.19397,1.04702,7.01887,0.15057,0.14754,0.51498
139.30000,6.98726,2.27435,1.74452,221.50607,0.93045,81.11313,0.19334,1.04631,7.03105,0.15126,0.14774,0.51446
139.35000,7.00005,2.18805,1.74530,221.59278,0.87583,81.85253,0.19776,1.04845,6.70654,0.15319,0.14405,0.51470
139.40000,7.01145,2.10151,1.74610,221.67956,0.89485,81.01175,0.18668,1.06153,6.80014,0.15654,0.15090,0.51538
139.45000,7.02155,2.01477,1.74691,221.76642,0.89658,81.11587,0.18586,1.06116,6.80724,0.15708,0.15048,0.51490
139.50000,7.03048,1.92787,1.74774,221.85337,0.89850,81.24949,0.18501,1.06058,6.81567,0.15763,0.15016,0.51436
139.55000,7.03835,1.84081,1.74858,221.94040,0.90055,81.40500,0.18413,1.05986,6.82491,0.15816,0.14991,0.51378
139.60000,7.04526,1.75364,1.74943,222.02752,0.90263,81.57479,0.18319,1.05921,6.83630,0.15871,0.14969,0.51316
139.65000,7.05135,1.66636,1.75027,222.11470,0.92274,80.77399,0.17319,1.07109,6.93395,0.16175,0.15710,0.51368
139.70000,7.05672,1.57899,1.75111,222.20197,0.92473,80.92575,0.17247,1.06969,6.94342,0.16219,0.15682,0.51307
139.75000,7.06147,1.49154,1.75194,222.28932,0.92688,81.10438,0.17170,1.06830,6.95290,0.16263,0.15659,0.51244
139.80000,7.06573,1.40403,1.75277,222.37675,0.92912,81.30151,0.17090,1.06695,6.96221,0.16306,0.15638,0.51180
139.85000,7.06961,1.31646,1.75358,222.46426,0.93141,81.51102,0.17008,1.06565,6.97123,0.16349,0.15617,0.51116
139.90000,7.07319,1.22883,1.75437,222.55186,0.93370,81.72834,0.16926,1.06440,6.97992,0.16390,0.15596,0.51052
139.95000,7.07659,1.14116,1.75514,222.63951,0.95477,80.96435,0.16049,1.07590,7.07555,0.16659,0.16361,0.51110
140.00000,7.07991,1.05345,1.75588,222.72721,0.95676,81.13886,0.15987,1.07425,7.08323,0.16692,0.16329,0.51053
140.05000,7.08323,0.96570,1.75660,222.81505,0.95881,81.33225,0.15923,1.07274,7.09032,0.16724,0.16299,0.50995
140.10000,7.08665,0.87792,1.75730,222.90330,0.96086,81.53610,0.15857,1.07137,7.09703,0.16755,0.16271,0.50938
140.15000,7.09028,0.79011,1.75796,222.99190,0.96289,81.74495,0.15791,1.07012,7.10333,0.16785,0.16243,0.50882
140.20000,7.09419,0.70228,1.75860,223.08038,0.96487,81.95413,0.15727,1.06897,7.10918,0.16814,0.16216,0.50828
140.25000,7.09848,0.61444,1.75919,223.16863,0.98634,81.17595,0.14980,1.08058,7.20127,0.17050,0.16998,0.50902
140.30000,7.10325,0.52660,1.75976,223.25680,0.98792,81.32025,0.14938,1.07904,7.20580,0.17070,0.16963,0.50857
140.35000,7.10859,0.43876,1.76030,223.34497,0.98948,81.47599,0.14895,1.07771,7.21011,0.17090,0.16931,0.50813
140.40000,7.11458,0.35094,1.76081,223.43319,0.99097,81.63613,0.14852,1.07660,7.21420,0.17109,0.16901,0.50770
140.45000,7.12134,0.26314,1.76129,223.52145,0.99243,81.79830,0.14812,1.07550,7.21619,0.17125,0.16869,0.50729
140.50000,7.12894,0.17540,1.76174,223.60976,0.99371,81.95459,0.14770,1.07471,7.21928,0.17140,0.16837,0.50689
140.55000,7.13749,0.08771,1.76216,223.69812,0.99487,82.10418,0.14730,1.07408,7.22214,0.17154,0.16803,0.50650
140.60000,7.14707,0.00012,1.76256,223.78652,0.99589,82.24532,0.14691,1.07360,7.22484,0.17167,0.16768,0.50613
140.65000,7.15777,-0.08737,1.76293,223.87497,0.99679,82.37703,0.14654,1.07324,7.22737,0.17178,0.16733,0.50578
140.70000,7.16968,-0.17471,1.76327,223.96345,0.99757,82.49899,0.14619,1.07298,7.22973,0.17188,0.16696,0.50545
140.75000,7.18289,-0.26189,1.76359,224.05198,0.99823,82.61144,0.14586,1.07281,7.23189,0.17197,0.16660,0.50513
140.80000,7.19748,-0.34886,1.76389,224.14053,0.99877,82.71494,0.14555,1.07273,7.23385,0.17204,0.16621,0.50483
140.85000,7.21352,-0.43559,1.76416,224.22911,0.99930,82.81439,0.14531,1.07246,7.23252,0.17207,0.16581,0.50455
140.90000,7.23110,-0.52203,1.76441,224.31771,0.99962,82.90334,0.14505,1.07249,7.23327,0.17210,0.16539,0.50428
140.95000,7.25028,-0.60815,1.76465,224.40632,0.99982,82.98506,0.14479,1.07260,7.23382,0.17212,0.16495,0.50402
141.00000,7.27114,-0.69388,1.76486,224.49495,0.99990,83.05994,0.14454,1.07280,7.23422,0.17213,0.16448,0.50376
141.05000,7.29373,-0.77919,1.76505,224.58359,0.99988,83.12856,0.14431,1.07307,7.23451,0.17213,0.16400,0.50352
141.10000,7.31812,-0.86401,1.76523,224.67223,0.99977,83.19187,0.14408,1.07340,7.23468,0.17212,0.16351,0.50329
141.15000,7.34435,-0.94829,1.76539,224.76088,0.99959,83.25105,0.14386,1.07377,7.23473,0.17210,0.16300,0.50306
141.20000,7.37248,-1.03196,1.76554,224.84951,0.99935,83.30726,0.14365,1.07418,7.23459,0.17207,0.16248,0.50285
141.25000,7.40254,-1.11496,1.76568,224.93814,0.99904,83.36122,0.14344,1.07462,7.23422,0.17203,0.16196,0.50264
141.30000,7.43458,-1.19723,1.76581,225.02676,0.99886,83.41894,0.14331,1.07466,7.22925,0.17194,0.16142,0.50245
141.35000,7.46862,-1.27869,1.76592,225.11537,0.99848,83.47019,0.14313,1.07505,7.22751,0.17188,0.16088,0.50228
141.40000,7.50468,-1.35929,1.76603,225.20396,0.99804,83.51877,0.14295,1.07548,7.22558,0.17181,0.16034,0.50211
141.45000,7.54280,-1.43894,1.76613,225.29254,0.99753,83.56446,0.14278,1.07596,7.22354,0.17174,0.15979,0.50195
141.50000,7.58298,-1.51758,1.76622,225.38109,0.99697,83.60735,0.14262,1.07647,7.22147,0.17166,0.15924,0.50181
141.55000,7.62522,-1.59513,1.76631,225.46963,0.99635,83.64782,0.14245,1.07703,7.21942,0.17157,0.15868,0.50167
141.60000,7.66954,-1.67152,1.76639,225.55815,0.99569,83.68646,0.14229,1.07762,7.21738,0.17148,0.15812,0.50154
141.65000,7.71592,-1.74668,1.76647,225.64665,0.99498,83.72377,0.14212,1.07824,7.21533,0.17139,0.15755,0.50142
141.70000,7.76435,-1.82054,1.76655,225.73514,0.99424,83.75984,0.14196,1.07889,7.21325,0.17130,0.15699,0.50131
141.75000,7.81484,-1.89302,1.76663,225.82360,0.99365,83.80119,0.14189,1.07907,7.20577,0.17114,0.15641,0.50121
141.80000,7.86734,-1.96405,1.76670,225.91204,0.99283,83.83485,0.14175,1.07969,7.20256,0.17102,0.15584,0.50113
141.85000,7.92184,-2.03357,1.76678,226.00047,0.99194,83.86504,0.14161,1.08038,7.19930,0.17090,0.15526,0.50105
141.90000,7.97830,-2.10150,1.76687,226.08888,0.99097,83.89122,0.14148,1.08114,7.19605,0.17076,0.15467,0.50099
141.95000,8.03670,-2.16779,1.76695,226.17726,0.98991,83.91330,0.14135,1.08196,7.19284,0.17062,0.15407,0.50093
142.00000,8.09700,-2.23236,1.76704,226.26561,0.98878,83.93160,0.14122,1.08285,7.18969,0.17048,0.15346,0.50089
142.05000,8.15914,-2.29517,1.76714,226.35394,0.98758,83.94667,0.14110,1.08381,7.18663,0.17032,0.15283,0.50084
142.10000,8.22308,-2.35615,1.76725,226.44227,0.98630,83.95899,0.14097,1.08484,7.18371,0.17016,0.15219,0.50081
142.15000,8.28877,-2.41525,1.76736,226.53059,0.98514,83.97516,0.14091,1.08546,7.17594,0.16994,0.15153,0.50077
142.20000,8.35615,-2.47242,1.76749,226.61888,0.98374,83.98373,0.14079,1.08653,7.17229,0.16976,0.15085,0.50074
142.25000,8.42516,-2.52762,1.76762,226.70715,0.98224,83.98869,0.14067,1.08771,7.16876,0.16957,0.15015,0.50071
142.30000,8.49575,-2.58080,1.76776,226.79540,0.98063,83.98951,0.14054,1.08899,7.16537,0.16936,0.14942,0.50068
142.35000,8.56785,-2.63194,1.76792,226.88364,0.97892,83.98599,0.14042,1.09038,7.16209,0.16915,0.14866,0.50066
142.40000,8.64139,-2.68099,1.76809,226.97187,0.97711,83.97833,0.14029,1.09186,7.15894,0.16893,0.14788,0.50063
142.45000,8.71630,-2.72794,1.76827,227.06008,0.97521,83.96699,0.14016,1.09342,7.15591,0.16870,0.14708,0.50061
142.50000,8.79251,-2.77275,1.76847,227.14828,0.97323,83.95254,0.14002,1.09507,7.15302,0.16846,0.14626,0.50059
142.55000,8.86996,-2.81542,1.76868,227.23647,0.97117,83.93551,0.13988,1.09681,7.15028,0.16821,0.14542,0.50056
142.60000,8.94858,-2.85593,1.76890,227.32464,0.96923,83.92337,0.13982,1.09810,7.14232,0.16789,0.14455,0.50054
142.65000,9.02828,-2.89427,1.76914,227.41281,0.96707,83.90445,0.13969,1.09988,7.13890,0.16762,0.14368,0.50052
142.70000,9.10901,-2.93044,1.76940,227.50098,0.96484,83.88412,0.13955,1.10173,7.13557,0.16734,0.14279,0.50049
142.75000,9.19069,-2.96444,1.76967,227.58914,0.96255,83.86241,0.13941,1.10364,7.13229,0.16705,0.14188,0.50047
142.80000,9.27325,-2.99627,1.76995,227.67730,0.96022,83.83930,0.13926,1.10561,7.12904,0.16675,0.14097,0.50046
142.85000,9.35663,-3.02596,1.77026,227.76546,0.95785,83.81488,0.13911,1.10761,7.12580,0.16645,0.14006,0.50045
142.90000,9.44076,-3.05350,1.77058,227.85363,0.95546,83.78939,0.13897,1.10962,7.12253,0.16615,0.13916,0.50045
142.95000,9.52556,-3.07891,1.77091,227.94180,0.95306,83.76328,0.13883,1.11166,7.11922,0.16584,0.13827,0.50045
143.00000,9.61099,-3.10223,1.77126,228.02999,0.93206,84.63520,0.14429,1.10047,7.02430,0.16314,0.13089,0.49904
143.05000,9.69698,-3.12346,1.77163,228.11818,0.93000,84.67000,0.14403,1.10304,7.02039,0.16285,0.13015,0.49903
143.10000,9.78347,-3.14263,1.77202,228.20639,0.92786,84.68684,0.14380,1.10545,7.01611,0.16255,0.12939,0.49905
143.15000,9.87040,-3.15978,1.77242,228.29461,0.92570,84.69166,0.14361,1.10771,7.01150,0.16223,0.12863,0.49909
143.20000,9.95772,-3.17494,1.77284,228.38284,0.92353,84.68807,0.14345,1.10984,7.00659,0.16190,0.12790,0.49916
143.25000,10.04539,-3.18813,1.77327,228.47110,0.92138,84.67830,0.14331,1.11184,7.00142,0.16156,0.12719,0.49925
143.30000,10.13334,-3.19938,1.77372,228.55938,0.90133,85.51327,0.14927,1.10094,6.90845,0.15870,0.12085,0.49791
143.35000,10.22154,-3.20875,1.77419,228.64768,0.89953,85.54676,0.14904,1.10335,6.90317,0.15840,0.12032,0.49800
143.40000,10.30995,-3.21626,1.77468,228.73600,0.89780,85.56408,0.14894,1.10518,6.89402,0.15803,0.11978,0.49814
143.45000,10.39851,-3.22195,1.77518,228.82435,0.89599,85.56497,0.14884,1.10704,6.88721,0.15769,0.11927,0.49831
143.50000,10.48719,-3.22585,1.77571,228.91273,0.89421,85.55645,0.14879,1.10869,6.88006,0.15734,0.11880,0.49851
143.55000,10.57596,-3.22802,1.77625,229.00114,0.87532,86.34598,0.15550,1.09733,6.78476,0.15430,0.11342,0.49728
143.60000,10.66479,-3.22849,1.77681,229.08957,0.87396,86.36824,0.15541,1.09916,6.77729,0.15399,0.11312,0.49751
143.65000,10.75363,-3.22729,1.77739,229.17804,0.87260,86.36940,0.15542,1.10065,6.76931,0.15368,0.11285,0.49779
143.70000,10.84247,-3.22441,1.77801,229.26654,0.87132,86.35541,0.15551,1.10183,6.76101,0.15336,0.11264,0.49812
143.75000,10.93048,-3.21904,1.74487,229.26654,0.87012,86.32999,0.15566,1.10273,6.75256,0.15304,0.11249,0.49848
143.80000,11.01485,-3.20404,1.68322,229.26654,0.86959,86.35207,0.15550,1.10349,6.75215,0.15309,0.11251,0.49843
143.85000,11.09289,-3.17713,1.62461,229.26654,0.86800,86.36684,0.15486,1.10684,6.76959,0.15345,0.11252,0.49832
143.90000,11.16489,-3.14287,1.56590,229.26654,0.86533,86.34027,0.15355,1.11355,6.82110,0.15432,0.11255,0.49819
143.95000,11.23039,-3.10301,1.50226,229.26654,0.86199,86.28873,0.15188,1.12235,6.89142,0.15545,0.11256,0.49805
144.00000,11.29258,-3.05634,1.61960,229.66654,0.85803,86.21937,0.14994,1.13296,6.97579,0.15679,0.11253,0.49789
144.05000,11.35316,-3.00180,1.63859,229.78069,0.83655,86.59533,0.15644,1.13011,6.96225,0.15447,0.10832,0.49864
144.10000,11.41413,-2.94657,1.65016,229.86580,0.83252,86.38503,0.15440,1.14259,7.07775,0.15615,0.10871,0.49932
144.15000,11.47855,-2.89502,1.64937,229.94616,0.82857,86.17281,0.15234,1.15507,7.19351,0.15785,0.10904,0.49989
144.20000,11.54790,-2.85100,1.63746,230.02700,0.81005,86.74541,0.15767,1.15258,7.20452,0.15670,0.10526,0.49905
144.25000,11.62143,-2.81532,1.63275,230.10907,0.80760,86.60737,0.15637,1.16120,7.27591,0.15791,0.10564,0.49968
144.30000,11.69777,-2.78642,1.63349,230.19210,0.80620,86.47534,0.15580,1.16630,7.31974,0.15873,0.10612,0.50040
144.35000,11.77602,-2.76289,1.63609,230.27606,0.80580,86.35329,0.15585,1.16833,7.34146,0.15926,0.10673,0.50120
144.40000,11.85560,-2.74374,1.63896,230.36057,0.80630,86.24323,0.15641,1.16776,7.34544,0.15958,0.10751,0.50204
144.45000,11.93612,-2.72825,1.64166,230.44520,0.80765,86.14545,0.15742,1.16494,7.33484,0.15974,0.10848,0.50294
144.50000,12.01729,-2.71575,1.64407,230.52967,0.80984,86.06079,0.15886,1.15998,7.31060,0.15976,0.10966,0.50387
144.55000,12.09892,-2.70565,1.64620,230.61379,0.81274,85.98474,0.16064,1.15345,7.27773,0.15970,0.11105,0.50482
144.60000,12.18086,-2.69740,1.64808,230.69746,0.81634,85.91721,0.16275,1.14548,7.23694,0.15957,0.11267,0.50579
144.65000,12.26301,-2.69049,1.64972,230.78067,0.82058,85.85679,0.16516,1.13635,7.19003,0.15940,0.11451,0.50676
144.70000,12.34531,-2.68448,1.65118,230.86346,0.82538,85.80187,0.16782,1.12632,7.13860,0.15920,0.11656,0.50772
144.75000,12.42771,-2.67897,1.65249,230.94590,0.83067,85.75056,0.17071,1.11563,7.08415,0.15898,0.11880,0.50867
144.80000,12.51019,-2.67363,1.65367,231.02812,0.83636,85.70180,0.17379,1.10446,7.02712,0.15875,0.12123,0.50959
144.85000,12.59272,-2.66817,1.65476,231.11031,0.84230,85.65164,0.17699,1.09321,6.97052,0.15853,0.12379,0.51048
144.90000,12.67529,-2.66238,1.65579,231.19266,0.84840,85.59907,0.18026,1.08205,6.91477,0.15831,0.12646,0.51131
144.95000,12.75786,-2.65605,1.65676,231.27504,0.85452,85.54272,0.18356,1.07117,6.86083,0.15809,0.12917,0.51207
145.00000,12.84042,-2.64906,1.65770,231.35708,0.86055,85.48192,0.18682,1.06077,6.80951,0.15788,0.13186,0.51276
145.05000,12.92297,-2.64131,1.65858,231.43877,0.92274,84.90642,0.18511,1.04808,7.09970,0.15650,0.13808,0.51251
145.10000,13.00547,-2.63273,1.65941,231.52041,0.92920,84.84963,0.18826,1.03802,7.06286,0.15632,0.14122,0.51287
145.15000,13.08792,-2.62323,1.66022,231.60219,0.93510,84.78532,0.19118,1.02911,7.02851,0.15614,0.14401,0.51316
145.20000,13.17028,-2.61274,1.66101,231.68411,0.94042,84.71356,0.19387,1.02128,6.99731,0.15597,0.14645,0.51337
145.25000,13.25255,-2.60123,1.66177,231.76614,0.94516,84.63423,0.19631,1.01451,6.97000,0.15580,0.14856,0.51349
145.30000,13.33471,-2.58870,1.66252,231.84831,0.94930,84.54722,0.19850,1.00873,6.94714,0.15567,0.15035,0.51352
145.35000,13.41674,-2.57514,1.66321,231.93063,1.01648,83.92125,0.19531,1.00094,7.26446,0.15435,0.15602,0.51256
145.40000,13.49863,-2.56058,1.66387,232.01309,1.02013,83.83321,0.19720,0.99592,7.25855,0.15431,0.15793,0.51221
145.45000,13.58038,-2.54505,1.66450,232.09570,1.02318,83.73647,0.19876,0.99203,7.25553,0.15431,0.15937,0.51179
145.50000,13.66197,-2.52857,1.66511,232.17845,1.02571,83.63398,0.20000,0.98911,7.25607,0.15436,0.16043,0.51131
145.55000,13.74341,-2.51120,1.66568,232.26132,1.02782,83.52932,0.20094,0.98703,7.26042,0.15445,0.16118,0.51074
145.60000,13.82469,-2.49299,1.66622,232.34430,1.02958,83.42670,0.20161,0.98565,7.26845,0.15461,0.16168,0.51009
145.65000,13.90581,-2.47398,1.66671,232.42739,1.09920,82.76816,0.19690,0.98198,7.60397,0.15360,0.16633,0.50840
145.70000,13.98679,-2.45424,1.66715,232.51057,1.10088,82.69361,0.19734,0.98064,7.62397,0.15391,0.16709,0.50739
145.75000,14.06762,-2.43383,1.66756,232.59381,1.10237,82.63263,0.19746,0.97998,7.64434,0.15426,0.16748,0.50637
145.80000,14.14831,-2.41280,1.66792,232.67712,1.10376,82.59350,0.19730,0.97980,7.66504,0.15465,0.16760,0.50532
145.85000,14.22887,-2.39121,1.66825,232.76047,1.10512,82.58374,0.19688,0.97995,7.68577,0.15508,0.16749,0.50426
145.90000,14.30931,-2.36911,1.66854,232.84386,1.10653,82.61009,0.19623,0.98028,7.70611,0.15554,0.16721,0.50318
145.95000,14.38963,-2.34655,1.66878,232.92726,1.17897,82.09550,0.19045,0.97787,8.02393,0.15482,0.17119,0.50101
146.00000,14.46985,-2.32357,1.66897,233.01068,1.18093,82.21986,0.18972,0.97728,8.04590,0.15536,0.17127,0.49968
146.05000,14.54997,-2.30021,1.66913,233.09410,1.18302,82.38817,0.18873,0.97689,8.06463,0.15590,0.17103,0.49842
146.10000,14.62999,-2.27650,1.66925,233.17753,1.18526,82.60215,0.18752,0.97658,8.08061,0.15644,0.17058,0.49722
146.15000,14.70991,-2.25244,1.66933,233.26094,1.18767,82.85925,0.18614,0.97623,8.09424,0.15698,0.16996,0.49606
146.20000,14.78974,-2.22805,1.66938,233.34435,1.19024,83.15365,0.18463,0.97581,8.10585,0.15752,0.16923,0.49494
146.25000,14.86946,-2.20334,1.66939,233.42775,1.26511,82.91064,0.17852,0.97253,8.38135,0.15686,0.17278,0.49266
146.30000,14.94909,-2.17830,1.66936,233.51113,1.26815,83.26981,0.17717,0.97103,8.39260,0.15742,0.17247,0.49136
146.35000,15.02859,-2.15290,1.66930,233.59451,1.27119,83.63996,0.17571,0.96974,8.40104,0.15794,0.17193,0.49017
146.40000,15.10797,-2.12709,1.66920,233.67789,1.27418,84.01249,0.17421,0.96857,8.40752,0.15844,0.17125,0.48908
146.45000,15.18718,-2.10081,1.66907,233.76126,1.27708,84.37806,0.17272,0.96752,8.41265,0.15891,0.17050,0.48808
146.50000,15.26620,-2.07400,1.66891,233.84464,1.27982,84.72785,0.17128,0.96656,8.41685,0.15935,0.16973,0.48717
146.55000,15.34500,-2.04655,1.66870,233.92802,1.28245,85.05696,0.16997,0.96553,8.41882,0.15973,0.16898,0.48633
146.60000,15.42352,-2.01837,1.66845,234.01141,1.28477,85.35580,0.16875,0.96472,8.42118,0.16008,0.16826,0.48558
146.65000,15.50172,-1.98932,1.66816,234.09481,1.28682,85.62238,0.16765,0.96403,8.42317,0.16039,0.16760,0.48491
146.70000,15.57951,-1.95927,1.66781,234.17822,1.28857,85.85561,0.16668,0.96349,8.42492,0.16066,0.16698,0.48432
146.75000,15.65683,-1.92806,1.66741,234.26164,1.29000,86.05632,0.16582,0.96309,8.42653,0.16089,0.16641,0.48380
146.80000,15.73358,-1.89552,1.66694,234.34506,1.29113,86.22633,0.16508,0.96285,8.42808,0.16108,0.16588,0.48336
146.85000,15.80963,-1.86145,1.66639,234.42848,1.29217,86.37347,0.16454,0.96235,8.42591,0.16117,0.16538,0.48297
146.90000,15.88485,-1.82565,1.66576,234.51189,1.29278,86.49198,0.16402,0.96226,8.42603,0.16126,0.16489,0.48264
146.95000,15.95908,-1.78793,1.66503,234.59527,1.29309,86.58799,0.16357,0.96234,8.42614,0.16131,0.16441,0.48234
147.00000,16.03214,-1.74806,1.66418,234.67862,1.29312,86.66473,0.16317,0.96261,8.42633,0.16134,0.16392,0.48208
147.05000,16.10381,-1.70583,1.66320,234.76193,1.29284,86.72539,0.16280,0.96308,8.42674,0.16133,0.16338,0.48184
147.10000,16.17383,-1.66103,1.66211,234.84516,1.29226,86.77278,0.16243,0.96378,8.42757,0.16131,0.16279,0.48160
147.15000,16.24195,-1.61348,1.66089,234.92831,1.29174,86.81920,0.16225,0.96397,8.42222,0.16114,0.16211,0.48138
147.20000,16.30785,-1.56301,1.65952,235.01137,1.29066,86.85133,0.16193,0.96491,8.42173,0.16102,0.16134,0.48114
147.25000,16.37120,-1.50949,1.65799,235.09431,1.28924,86.87679,0.16156,0.96616,8.42177,0.16088,0.16047,0.48089
147.30000,16.43163,-1.45281,1.65630,235.17713,1.28743,86.89681,0.16114,0.96775,8.42257,0.16072,0.15946,0.48061
147.35000,16.48873,-1.39290,1.65448,235.25980,1.28519,86.91226,0.16064,0.96976,8.42437,0.16053,0.15829,0.48029
147.40000,16.54210,-1.32977,1.65252,235.34232,1.28248,86.92376,0.16006,0.97224,8.42740,0.16033,0.15694,0.47994
147.45000,16.59132,-1.26347,1.65045,235.42468,1.27986,86.94727,0.15968,0.97398,8.42114,0.15991,0.15539,0.47955
147.50000,16.63594,-1.19413,1.64827,235.50688,1.27632,86.95858,0.15899,0.97705,8.42331,0.15959,0.15365,0.47910
147.55000,16.67555,-1.12194,1.64601,235.58889,1.27224,86.96762,0.15821,0.98067,8.42670,0.15925,0.15172,0.47860
147.60000,16.70975,-1.04716,1.64368,235.67074,1.26764,86.97469,0.15732,0.98481,8.43136,0.15888,0.14960,0.47804
147.65000,16.73816,-0.97012,1.64132,235.75243,1.26256,86.98003,0.15634,0.98946,8.43726,0.15849,0.14734,0.47744
147.70000,16.76043,-0.89121,1.63896,235.83398,1.25773,86.99989,0.15560,0.99320,8.43331,0.15787,0.14495,0.47682
147.75000,16.77631,-0.81090,1.63665,235.91535,1.25220,87.00940,0.15462,0.99808,8.43738,0.15738,0.14253,0.47617
147.80000,16.78557,-0.72967,1.63442,235.99654,1.24645,87.01819,0.15359,1.00323,8.44229,0.15689,0.14009,0.47551
147.85000,16.78810,-0.64806,1.63226,236.07759,1.24055,87.02663,0.15255,1.00858,8.44791,0.15639,0.13767,0.47484
147.90000,16.78382,-0.56663,1.63020,236.15854,1.23455,87.03519,0.15149,1.01407,8.45410,0.15590,0.13530,0.47419
147.95000,16.77274,-0.48595,1.62829,236.23938,1.22853,87.04440,0.15044,1.01964,8.46069,0.15542,0.13300,0.47356
148.00000,16.75496,-0.40657,1.62655,236.32009,1.22341,87.07638,0.14977,1.02335,8.45260,0.15465,0.13076,0.47298
148.05000,16.73065,-0.32902,1.62495,236.40067,1.21781,87.09571,0.14887,1.02827,8.45528,0.15411,0.12868,0.47244
148.10000,16.70004,-0.25383,1.62345,236.48117,1.21239,87.11738,0.14800,1.03304,8.45770,0.15359,0.12674,0.47195
148.15000,16.66339,-0.18146,1.62209,236.56160,1.20722,87.14213,0.14718,1.03757,8.45964,0.15308,0.12495,0.47154
148.20000,16.62104,-0.11236,1.62090,236.64191,1.20234,87.17067,0.14642,1.04180,8.46087,0.15260,0.12332,0.47121
148.25000,16.57335,-0.04689,1.61983,236.72207,1.19860,87.22376,0.14605,1.04390,8.44707,0.15184,0.12182,0.47100
148.30000,16.52073,0.01462,1.61890,236.80210,1.12352,87.73578,0.14860,1.04950,8.18400,0.15259,0.11782,0.47215
148.35000,16.46359,0.07189,1.61806,236.88204,1.11985,87.79251,0.14797,1.05285,8.17392,0.15206,0.11642,0.47234
148.40000,16.40235,0.12470,1.61735,236.96189,1.11650,87.85406,0.14745,1.05561,8.16348,0.15153,0.11525,0.47255
148.45000,16.33746,0.17289,1.61676,237.04161,1.11343,87.91994,0.14702,1.05786,8.15209,0.15101,0.11426,0.47283
148.50000,16.26934,0.21636,1.61626,237.12120,1.11131,88.00621,0.14698,1.05808,8.12531,0.15021,0.11339,0.47321
148.55000,16.19842,0.25503,1.61585,237.20067,1.10888,88.08221,0.14677,1.05909,8.10780,0.14961,0.11266,0.47365
148.60000,16.12510,0.28890,1.61553,237.28006,1.10659,88.15722,0.14663,1.05986,8.08940,0.14900,0.11202,0.47418
148.65000,16.04977,0.31801,1.61538,237.35935,1.03621,88.66197,0.14967,1.06318,7.77752,0.14972,0.10919,0.47604
148.70000,15.97280,0.34243,1.61521,237.43857,1.03406,88.72890,0.14949,1.06442,7.75239,0.14909,0.10848,0.47690
148.75000,15.89453,0.36224,1.61510,237.51773,1.03256,88.80173,0.14969,1.06390,7.71492,0.14824,0.10791,0.47776
148.80000,15.81525,0.37755,1.61504,237.59682,1.03066,88.85359,0.14976,1.06420,7.68890,0.14756,0.10748,0.47861
148.85000,15.73526,0.38851,1.61504,237.67587,1.02870,88.89144,0.14990,1.06443,7.66407,0.14689,0.10713,0.47947
148.90000,15.65480,0.39525,1.61509,237.75490,1.02662,88.91265,0.15009,1.06470,7.64043,0.14620,0.10683,0.48034
148.95000,15.57410,0.39799,1.61530,237.83390,0.96083,89.33013,0.15386,1.06707,7.28751,0.14671,0.10453,0.48244
149.00000,15.49335,0.39694,1.61543,237.91290,0.95841,89.31266,0.15408,1.06833,7.25810,0.14593,0.10405,0.48351
149.05000,15.41272,0.39224,1.61560,237.99190,0.95572,89.27206,0.15438,1.06967,7.23249,0.14514,0.10366,0.48449
149.10000,15.33235,0.38410,1.61581,238.07093,0.95271,89.20584,0.15475,1.07123,7.21037,0.14433,0.10332,0.48541
149.15000,15.25237,0.37269,1.61605,238.15001,0.94935,89.11296,0.15516,1.07310,7.19140,0.14350,0.10300,0.48627
149.20000,15.17288,0.35821,1.61632,238.22914,0.94592,89.00125,0.15576,1.07461,7.16777,0.14252,0.10267,0.48709
149.25000,15.09393,0.34090,1.61672,238.30835,0.88414,89.26493,0.15990,1.08005,6.81731,0.14301,0.10052,0.48901
149.30000,15.01559,0.32096,1.61704,238.38764,0.87998,89.10349,0.16024,1.08400,6.79947,0.14207,0.09993,0.48989
149.35000,14.93791,0.29853,1.61739,238.46703,0.87554,88.92623,0.16059,1.08816,6.78601,0.14111,0.09938,0.49063
149.40000,14.86092,0.27377,1.61779,238.54652,0.87082,88.73515,0.16091,1.09266,6.77639,0.14014,0.09882,0.49127
149.45000,14.78464,0.24683,1.61824,238.62611,0.86597,88.53744,0.16128,1.09704,6.76477,0.13906,0.09823,0.49180
149.50000,14.70907,0.21789,1.61874,238.70582,0.86072,88.32652,0.16149,1.10227,6.76050,0.13803,0.09761,0.49223
149.55000,14.63420,0.18712,1.61928,238.78565,0.85522,88.10879,0.16160,1.10796,6.75901,0.13699,0.09695,0.49257
149.60000,14.56000,0.15470,1.61992,238.86562,0.80045,88.31784,0.16551,1.11717,6.42380,0.13738,0.09478,0.49393
149.65000,14.48641,0.12083,1.62056,238.94572,0.79507,88.09545,0.16524,1.12471,6.42039,0.13631,0.09390,0.49429
149.70000,14.41341,0.08562,1.62116,239.02596,0.83771,87.44254,0.16115,1.12861,6.75340,0.13377,0.09444,0.49343
149.75000,14.34098,0.04919,1.62179,239.10633,0.83219,87.23993,0.16101,1.13459,6.76126,0.13278,0.09383,0.49339
149.80000,14.26906,0.01172,1.62244,239.18682,0.82687,87.04587,0.16079,1.14060,6.76885,0.13183,0.09322,0.49336
149.85000,14.19758,-0.02668,1.62310,239.26743,0.82184,86.86347,0.16051,1.14642,6.77591,0.13094,0.09263,0.49334
149.90000,14.12649,-0.06585,1.62375,239.34815,0.81718,86.69493,0.16023,1.15189,6.78211,0.13010,0.09208,0.49335
149.95000,14.05573,-0.10569,1.62440,239.42898,0.81299,86.54347,0.16000,1.15673,6.78566,0.12930,0.09160,0.49341
