t_s,x_m,y_m,v_mps,dist_m,q_c,q_l,q_v,r_d,r_a,r_dv,d_obs,k_v
0.00000,6.78843,2.95424,1.20025,0.05965,1.81335,62.31116,0.10470,1.99294,5.58609,0.17492,0.14090,0.47372
0.05000,6.80622,2.89789,1.16044,0.45965,1.88104,66.95100,0.10220,1.99818,5.47521,0.18277,0.14362,0.47412
0.10000,6.81867,2.84128,1.16302,0.45965,1.90509,69.63411,0.10125,1.99934,5.11422,0.18892,0.14865,0.48042
0.15000,6.82929,2.78401,1.16787,0.45965,1.91633,71.26467,0.10091,1.99963,5.02377,0.19063,0.14513,0.48153
0.20000,6.84252,2.72707,1.16997,0.45965,1.92223,72.23833,0.10074,1.99974,4.95683,0.19151,0.14267,0.48275
0.25000,6.85621,2.67017,1.17102,0.45965,1.92534,72.81015,0.10065,1.99979,4.91921,0.19203,0.14108,0.48363
0.30000,6.86965,2.61316,1.17202,0.45965,1.92715,73.15212,0.10061,1.99982,4.89494,0.19232,0.14007,0.48435
0.35000,6.88279,2.55603,1.17301,0.48853,1.92826,73.35824,0.10058,1.99983,4.87893,0.19248,0.13944,0.48493
0.40000,6.89560,2.49877,1.17401,0.53567,1.92941,73.51119,0.10056,1.99984,4.87699,0.19263,0.13929,0.48529
0.45000,6.90806,2.44138,1.17502,0.59000,1.93067,73.64318,0.10054,1.99985,4.87961,0.19275,0.13938,0.48561
0.50000,6.92013,2.38385,1.17604,0.64715,1.93183,73.75530,0.10052,1.99985,4.88880,0.19287,0.13959,0.48580
0.55000,6.93179,2.32619,1.17706,0.70542,1.93295,73.86108,0.10051,1.99985,4.89905,0.19297,0.13981,0.48595
0.60000,6.94304,2.26840,1.17810,0.76414,1.93401,73.96426,0.10050,1.99986,4.91071,0.19306,0.14001,0.48607
0.65000,6.95384,2.21046,1.17925,0.82307,1.92317,74.48218,0.10062,1.99986,4.53679,0.19322,0.13676,0.48470
0.70000,6.96418,2.15238,1.18046,0.88205,1.92797,73.68954,0.10048,1.99987,4.67920,0.19391,0.14307,0.49179
0.75000,6.97405,2.09416,1.18173,0.94110,1.92852,73.75107,0.10047,1.99987,4.69091,0.19396,0.14281,0.49212
0.80000,6.98344,2.03579,1.18307,1.00021,1.92920,73.83800,0.10046,1.99987,4.70306,0.19402,0.14267,0.49236
0.85000,6.99233,1.97728,1.18447,1.05937,1.92995,73.94183,0.10045,1.99987,4.71612,0.19407,0.14259,0.49253
0.90000,7.00073,1.91861,1.18594,1.11858,1.93067,74.05377,0.10044,1.99987,4.73227,0.19414,0.14254,0.49260
0.95000,7.00864,1.85981,1.18746,1.17785,1.93146,74.17775,0.10043,1.99987,4.74710,0.19420,0.14248,0.49269
1.00000,7.01606,1.80086,1.18902,1.23718,1.93222,74.30658,0.10042,1.99987,4.76377,0.19427,0.14243,0.49273
1.05000,7.02301,1.74178,1.19064,1.29658,1.93300,74.44362,0.10041,1.99987,4.77936,0.19433,0.14236,0.49280
1.10000,7.02949,1.68256,1.19227,1.35602,1.93721,73.66433,0.10032,1.99988,4.94694,0.19491,0.14918,0.49924
1.15000,7.03553,1.62321,1.19395,1.41556,1.93773,73.74791,0.10031,1.99988,4.96287,0.19495,0.14897,0.49951
1.20000,7.04114,1.56373,1.19565,1.47518,1.93833,73.85834,0.10031,1.99988,4.97873,0.19499,0.14880,0.49972
1.25000,7.04635,1.50414,1.19738,1.53490,1.93896,73.98589,0.10030,1.99988,4.99565,0.19504,0.14867,0.49987
1.30000,7.05119,1.44442,1.19912,1.59470,1.93963,74.12836,0.10029,1.99988,5.01137,0.19508,0.14853,0.50001
1.35000,7.05568,1.38459,1.20088,1.65460,1.94031,74.27985,0.10028,1.99988,5.02738,0.19513,0.14840,0.50013
1.40000,7.05986,1.32465,1.20264,1.71460,1.94099,74.43937,0.10028,1.99988,5.04247,0.19517,0.14825,0.50025
1.45000,7.06375,1.26460,1.20441,1.77472,1.94166,74.60450,0.10027,1.99988,5.05701,0.19522,0.14810,0.50038
1.50000,7.06739,1.20444,1.20618,1.83494,1.94232,74.77290,0.10026,1.99988,5.07160,0.19526,0.14793,0.50050
1.55000,7.07081,1.14419,1.20792,1.89520,1.94593,74.02263,0.10021,1.99989,5.25341,0.19574,0.15490,0.50646
1.60000,7.07406,1.08383,1.20966,1.95552,1.94632,74.12575,0.10020,1.99989,5.26665,0.19576,0.15455,0.50679
1.65000,7.07716,1.02339,1.21138,2.01593,1.94677,74.25266,0.10020,1.99989,5.27955,0.19578,0.15426,0.50705
1.70000,7.08017,0.96285,1.21308,2.07659,1.94726,74.39521,0.10019,1.99989,5.29220,0.19581,0.15401,0.50727
1.75000,7.08311,0.90223,1.21476,2.13768,1.94777,74.54861,0.10019,1.99989,5.30428,0.19583,0.15377,0.50746
1.80000,7.08602,0.84152,1.21641,2.19922,1.94828,74.70893,0.10018,1.99989,5.31601,0.19586,0.15355,0.50763
1.85000,7.08895,0.78072,1.21804,2.26095,1.94879,74.87375,0.10018,1.99989,5.32698,0.19588,0.15332,0.50780
1.90000,7.09193,0.71986,1.21963,2.32256,1.94929,75.03964,0.10017,1.99989,5.33752,0.19591,0.15311,0.50796
1.95000,7.09500,0.65891,1.22117,2.38400,1.95237,74.28072,0.10014,1.99989,5.52960,0.19631,0.16024,0.51330
2.00000,7.09820,0.59790,1.22267,2.44530,1.95261,74.36735,0.10014,1.99989,5.53793,0.19632,0.15983,0.51363
2.05000,7.10158,0.53682,1.22415,2.50659,1.95289,74.47267,0.10013,1.99989,5.54675,0.19633,0.15949,0.51388
2.10000,7.10517,0.47569,1.22560,2.56794,1.95319,74.59003,0.10013,1.99989,5.55569,0.19634,0.15920,0.51408
2.15000,7.10901,0.41449,1.22701,2.62936,1.95353,74.71686,0.10013,1.99989,5.56268,0.19635,0.15893,0.51428
2.20000,7.11314,0.35324,1.22840,2.69086,1.95385,74.84554,0.10013,1.99989,5.57080,0.19636,0.15867,0.51443
2.25000,7.11760,0.29195,1.22977,2.75244,1.95418,74.97675,0.10012,1.99989,5.57730,0.19637,0.15842,0.51460
2.30000,7.12243,0.23062,1.23110,2.81409,1.95448,75.10549,0.10012,1.99990,5.58459,0.19639,0.15816,0.51473
2.35000,7.12766,0.16926,1.23241,2.87582,1.95477,75.23083,0.10012,1.99990,5.59218,0.19640,0.15790,0.51486
2.40000,7.13334,0.10787,1.23369,2.93763,1.95507,75.35512,0.10012,1.99990,5.59728,0.19641,0.15763,0.51500
2.45000,7.13951,0.04646,1.23495,2.99950,1.95533,75.47252,0.10012,1.99990,5.60409,0.19642,0.15736,0.51512
2.50000,7.14619,-0.01496,1.23618,3.06145,1.95559,75.58669,0.10011,1.99990,5.60909,0.19643,0.15708,0.51525
2.55000,7.15343,-0.07637,1.23739,3.12346,1.95582,75.69400,0.10011,1.99990,5.61507,0.19643,0.15681,0.51536
2.60000,7.16126,-0.13777,1.23857,3.18554,1.95603,75.79489,0.10011,1.99990,5.62149,0.19644,0.15654,0.51546
2.65000,7.16971,-0.19915,1.23974,3.24769,1.95625,75.89336,0.10011,1.99990,5.62516,0.19645,0.15626,0.51559
2.70000,7.17883,-0.26049,1.24088,3.30989,1.95643,75.98420,0.10011,1.99990,5.63070,0.19645,0.15598,0.51569
2.75000,7.18864,-0.32178,1.24201,3.37216,1.95659,76.06903,0.10011,1.99990,5.63686,0.19646,0.15570,0.51578
2.80000,7.19917,-0.38301,1.24311,3.43448,1.95677,76.15350,0.10010,1.99990,5.63923,0.19646,0.15540,0.51591
2.85000,7.21046,-0.44416,1.24419,3.49685,1.95690,76.22997,0.10010,1.99990,5.64462,0.19646,0.15510,0.51600
2.90000,7.22254,-0.50522,1.24526,3.55928,1.95704,76.30510,0.10010,1.99990,5.64745,0.19646,0.15478,0.51612
2.95000,7.23542,-0.56616,1.24631,3.62176,1.95715,76.37397,0.10010,1.99990,5.65214,0.19646,0.15446,0.51622
3.00000,7.24915,-0.62697,1.24734,3.68429,1.95723,76.43776,0.10010,1.99990,5.65769,0.19646,0.15413,0.51630
3.05000,7.26375,-0.68763,1.24836,3.74686,1.95733,76.50189,0.10010,1.99990,5.65967,0.19646,0.15378,0.51642
3.10000,7.27923,-0.74812,1.24936,3.80948,1.95740,76.55924,0.10010,1.99990,5.66455,0.19646,0.15343,0.51650
3.15000,7.29563,-0.80842,1.25035,3.87215,1.95744,76.61224,0.10010,1.99990,5.67037,0.19646,0.15308,0.51658
3.20000,7.31297,-0.86851,1.25133,3.93485,1.95752,76.66803,0.10010,1.99990,5.67147,0.19645,0.15271,0.51671
3.25000,7.33126,-0.92837,1.25229,3.99759,1.95755,76.71731,0.10009,1.99990,5.67651,0.19645,0.15235,0.51678
3.30000,7.35053,-0.98797,1.25324,4.06037,1.95760,76.76846,0.10009,1.99990,5.67840,0.19644,0.15198,0.51690
3.35000,7.37079,-1.04729,1.25417,4.12319,1.95763,76.81578,0.10009,1.99990,5.68252,0.19644,0.15161,0.51698
3.40000,7.39206,-1.10631,1.25509,4.18605,1.95763,76.86073,0.10009,1.99990,5.68751,0.19643,0.15124,0.51706
3.45000,7.41435,-1.16499,1.25601,4.24894,1.95766,76.90935,0.10009,1.99990,5.68822,0.19642,0.15085,0.51718
3.50000,7.43767,-1.22332,1.25691,4.31186,1.95765,76.95305,0.10009,1.99990,5.69215,0.19642,0.15047,0.51725
3.55000,7.46204,-1.28128,1.25780,4.37481,1.95762,76.99409,0.10009,1.99990,5.69701,0.19641,0.15009,0.51732
3.60000,7.48747,-1.33882,1.25868,4.43779,1.95764,77.03959,0.10009,1.99990,5.69656,0.19640,0.14970,0.51744
3.65000,7.51396,-1.39593,1.25955,4.50081,1.95760,77.07865,0.10009,1.99991,5.70045,0.19640,0.14931,0.51751
3.70000,7.54151,-1.45258,1.26042,4.56385,1.95759,77.11981,0.10009,1.99991,5.70102,0.19639,0.14891,0.51762
3.75000,7.57015,-1.50875,1.26127,4.62693,1.95754,77.15682,0.10009,1.99991,5.70401,0.19638,0.14852,0.51770
3.80000,7.59986,-1.56440,1.26212,4.69003,1.95747,77.19123,0.10009,1.99991,5.70807,0.19637,0.14813,0.51776
3.85000,7.63065,-1.61950,1.26296,4.75316,1.95744,77.22945,0.10009,1.99991,5.70783,0.19636,0.14773,0.51787
3.90000,7.66253,-1.67404,1.26380,4.81632,1.95737,77.26322,0.10008,1.99991,5.71097,0.19635,0.14734,0.51794
3.95000,7.69548,-1.72798,1.26463,4.87951,1.95728,77.29501,0.10008,1.99991,5.71518,0.19634,0.14694,0.51799
4.00000,7.72952,-1.78129,1.26545,4.94274,1.95724,77.33229,0.10008,1.99991,5.71398,0.19633,0.14654,0.51811
4.05000,7.76463,-1.83395,1.26627,5.00599,1.95714,77.36398,0.10008,1.99991,5.71714,0.19632,0.14614,0.51817
4.10000,7.80082,-1.88593,1.26709,5.06926,1.95702,77.39318,0.10008,1.99991,5.72137,0.19631,0.14575,0.51821
4.15000,7.83807,-1.93720,1.26790,5.13256,1.95696,77.42814,0.10008,1.99991,5.71910,0.19630,0.14534,0.51833
4.20000,7.87638,-1.98773,1.26871,5.19590,1.95684,77.45524,0.10008,1.99991,5.72229,0.19629,0.14494,0.51838
4.25000,7.91573,-2.03751,1.26952,5.25926,1.95674,77.48482,0.10008,1.99991,5.72126,0.19627,0.14452,0.51848
4.30000,7.95613,-2.08649,1.27032,5.32266,1.95660,77.50850,0.10008,1.99991,5.72345,0.19626,0.14411,0.51854
4.35000,7.99756,-2.13466,1.27112,5.38607,1.95643,77.52837,0.10008,1.99991,5.72681,0.19625,0.14370,0.51858
4.40000,8.04000,-2.18200,1.27193,5.44950,1.95631,77.55165,0.10008,1.99991,5.72506,0.19623,0.14327,0.51868
4.45000,8.08345,-2.22846,1.27273,5.51294,1.95613,77.56840,0.10008,1.99991,5.72754,0.19622,0.14284,0.51873
4.50000,8.12788,-2.27405,1.27353,5.57642,1.95593,77.58188,0.10008,1.99991,5.73125,0.19620,0.14241,0.51877
4.55000,8.17329,-2.31872,1.27433,5.63993,1.95579,77.60054,0.10008,1.99991,5.72901,0.19618,0.14196,0.51887
4.60000,8.21965,-2.36245,1.27513,5.70350,1.95558,77.61228,0.10008,1.99991,5.73200,0.19617,0.14152,0.51892
4.65000,8.26694,-2.40524,1.27594,5.76710,1.95540,77.62650,0.10008,1.99991,5.73151,0.19615,0.14106,0.51900
4.70000,8.31515,-2.44705,1.27674,5.83072,1.95518,77.63620,0.10008,1.99991,5.73384,0.19613,0.14059,0.51906
4.75000,8.36426,-2.48786,1.27755,5.89436,1.95493,77.64250,0.10008,1.99991,5.73750,0.19612,0.14012,0.51909
4.80000,8.41425,-2.52766,1.27836,5.95802,1.95471,77.65158,0.10008,1.99991,5.73681,0.19609,0.13962,0.51918
4.85000,8.46509,-2.56643,1.27918,6.02171,1.95444,77.65439,0.10008,1.99991,5.73982,0.19608,0.13911,0.51923
4.90000,8.51676,-2.60416,1.28000,6.08544,1.95415,77.65321,0.10008,1.99991,5.74414,0.19606,0.13860,0.51926
4.95000,8.56925,-2.64082,1.28082,6.14921,1.95390,77.65536,0.10008,1.99991,5.74329,0.19603,0.13807,0.51936
5.00000,8.62251,-2.67641,1.28165,6.21300,1.95358,77.65048,0.10008,1.99991,5.74697,0.19601,0.13754,0.51940
5.05000,8.67654,-2.71090,1.28248,6.27682,1.95324,77.64203,0.10008,1.99991,5.75194,0.19599,0.13699,0.51943
5.10000,8.73131,-2.74430,1.28332,6.34068,1.95295,77.63834,0.10007,1.99991,5.75106,0.19596,0.13643,0.51952
5.15000,8.78678,-2.77659,1.28417,6.40457,1.95260,77.62760,0.10007,1.99991,5.75546,0.19594,0.13587,0.51956
5.20000,8.84294,-2.80776,1.28502,6.46850,1.95227,77.61925,0.10007,1.99991,5.75654,0.19591,0.13529,0.51964
5.25000,8.89976,-2.83780,1.28587,6.53245,1.95189,77.60699,0.10007,1.99991,5.76038,0.19588,0.13470,0.51969
5.30000,8.95721,-2.86671,1.28674,6.59645,1.95149,77.59252,0.10007,1.99991,5.76547,0.19586,0.13411,0.51972
5.35000,9.01527,-2.89448,1.28761,6.66048,1.95113,77.58184,0.10007,1.99991,5.76657,0.19583,0.13350,0.51981
5.40000,9.07390,-2.92111,1.28849,6.72454,1.95071,77.56707,0.10007,1.99991,5.77103,0.19580,0.13290,0.51985
5.45000,9.13309,-2.94660,1.28937,6.78865,1.95027,77.55038,0.10007,1.99991,5.77663,0.19578,0.13229,0.51988
5.50000,9.19281,-2.97094,1.29027,6.85280,1.94987,77.53816,0.10007,1.99991,5.77758,0.19574,0.13166,0.51997
5.55000,9.25303,-2.99414,1.29117,6.91699,1.94941,77.52115,0.10007,1.99991,5.78238,0.19571,0.13105,0.52001
5.60000,9.31373,-3.01620,1.29208,6.98122,1.94893,77.50222,0.10007,1.99991,5.78815,0.19568,0.13044,0.52004
5.65000,9.37488,-3.03711,1.29300,7.04550,1.94850,77.48836,0.10007,1.99991,5.78870,0.19565,0.12982,0.52012
5.70000,9.43645,-3.05689,1.29392,7.10982,1.94800,77.46951,0.10007,1.99991,5.79351,0.19562,0.12921,0.52015
5.75000,9.49842,-3.07554,1.29486,7.17418,1.94748,77.44926,0.10007,1.99991,5.79918,0.19559,0.12861,0.52018
5.80000,9.56077,-3.09307,1.29581,7.23861,1.94425,78.30667,0.10009,1.99990,5.60497,0.19510,0.12255,0.51585
5.85000,9.62348,-3.10947,1.29678,7.30307,1.94402,78.36795,0.10009,1.99991,5.60989,0.19510,0.12216,0.51574
5.90000,9.68651,-3.12476,1.29776,7.36759,1.94373,78.40865,0.10009,1.99991,5.61130,0.19507,0.12171,0.51572
5.95000,9.74985,-3.13894,1.29874,7.43215,1.94334,78.43063,0.10008,1.99991,5.61465,0.19505,0.12123,0.51570
6.00000,9.81348,-3.15203,1.29974,7.49677,1.94288,78.44047,0.10008,1.99991,5.61844,0.19502,0.12075,0.51569
6.05000,9.87738,-3.16404,1.30074,7.56144,1.94244,78.44637,0.10008,1.99991,5.61841,0.19499,0.12025,0.51573
6.10000,9.94151,-3.17497,1.30175,7.62616,1.94192,78.44382,0.10008,1.99991,5.62065,0.19496,0.11977,0.51575
6.15000,10.00587,-3.18484,1.30278,7.69094,1.94137,78.43615,0.10008,1.99991,5.62329,0.19493,0.11931,0.51576
6.20000,10.07044,-3.19366,1.30382,7.75578,1.93776,79.27414,0.10010,1.99991,5.43529,0.19437,0.11413,0.51091
6.25000,10.13519,-3.20144,1.30488,7.82067,1.93750,79.33516,0.10010,1.99991,5.43691,0.19436,0.11386,0.51077
6.30000,10.20011,-3.20820,1.30594,7.88562,1.93711,79.36937,0.10010,1.99991,5.43855,0.19435,0.11354,0.51068
6.35000,10.26518,-3.21394,1.30702,7.95063,1.93670,79.39028,0.10010,1.99991,5.43587,0.19431,0.11320,0.51068
6.40000,10.33038,-3.21868,1.30811,8.01569,1.93619,79.39598,0.10010,1.99991,5.43566,0.19428,0.11287,0.51065
6.45000,10.39571,-3.22244,1.30920,8.08082,1.93563,79.39257,0.10010,1.99991,5.43554,0.19425,0.11255,0.51062
6.50000,10.46113,-3.22523,1.31031,8.14600,1.93511,79.38746,0.10010,1.99991,5.43102,0.19421,0.11224,0.51066
6.55000,10.52665,-3.22707,1.31143,8.21124,1.93453,79.37422,0.10010,1.99991,5.42906,0.19417,0.11196,0.51065
6.60000,10.59224,-3.22796,1.31257,8.27657,1.93044,80.17081,0.10013,1.99991,5.24971,0.19355,0.10762,0.50522
6.65000,10.65790,-3.22793,1.31373,8.34194,1.93020,80.21853,0.10013,1.99991,5.24400,0.19353,0.10750,0.50509
6.70000,10.72361,-3.22700,1.31490,8.40738,1.92980,80.23683,0.10013,1.99991,5.24039,0.19351,0.10737,0.50496
6.75000,10.78936,-3.22517,1.31608,8.47287,1.92937,80.23952,0.10013,1.99991,5.23386,0.19348,0.10724,0.50491
6.80000,10.85294,-3.22183,1.22426,8.47287,1.92888,80.22771,0.10013,1.99991,5.22796,0.19345,0.10713,0.50484
6.85000,10.91431,-3.21312,1.26705,8.57273,1.92805,80.31988,0.10013,1.99991,5.22472,0.19344,0.10713,0.50466
6.90000,10.97757,-3.20509,1.28020,8.65358,1.92737,80.22756,0.10013,1.99991,5.22812,0.19343,0.10705,0.50443
6.95000,11.04111,-3.19680,1.28255,8.72240,1.92270,80.94656,0.10016,1.99990,5.06115,0.19276,0.10336,0.49824
7.00000,11.10499,-3.19114,1.28313,8.78822,1.92224,80.94935,0.10016,1.99990,5.06099,0.19278,0.10344,0.49783
7.05000,11.16877,-3.18392,1.28435,8.85297,1.92192,80.94350,0.10016,1.99990,5.04963,0.19275,0.10350,0.49769
7.10000,11.23255,-3.17612,1.28565,8.91738,1.92150,80.91729,0.10017,1.99990,5.04127,0.19274,0.10360,0.49750
7.15000,11.29632,-3.16781,1.28700,8.98172,1.92108,80.87954,0.10017,1.99990,5.03206,0.19273,0.10374,0.49732
7.20000,11.36010,-3.15900,1.28842,9.04608,1.92074,80.83655,0.10017,1.99990,5.01900,0.19270,0.10392,0.49719
7.25000,11.42388,-3.14967,1.28991,9.11050,1.92041,80.78456,0.10018,1.99990,5.00662,0.19269,0.10416,0.49704
7.30000,11.48766,-3.13982,1.29147,9.17498,1.92012,80.72643,0.10018,1.99990,4.99327,0.19268,0.10446,0.49687
7.35000,11.55143,-3.12944,1.29309,9.23957,1.91560,81.42343,0.10023,1.99990,4.82321,0.19192,0.10133,0.49026
7.40000,11.61520,-3.11853,1.29477,9.30422,1.91569,81.40237,0.10023,1.99990,4.80839,0.19193,0.10174,0.48991
7.45000,11.67897,-3.10709,1.29650,9.36895,1.91579,81.36213,0.10024,1.99990,4.79069,0.19194,0.10219,0.48964
7.50000,11.74272,-3.09512,1.29827,9.43376,1.91588,81.30693,0.10025,1.99990,4.77254,0.19195,0.10269,0.48937
7.55000,11.80647,-3.08263,1.30010,9.49866,1.91600,81.24173,0.10026,1.99989,4.75339,0.19196,0.10328,0.48910
7.60000,11.87020,-3.06962,1.30196,9.56365,1.91624,81.17106,0.10027,1.99989,4.73175,0.19197,0.10394,0.48887
7.65000,11.93393,-3.05610,1.30385,9.62873,1.91653,81.09318,0.10028,1.99989,4.70997,0.19199,0.10470,0.48859
7.70000,11.99765,-3.04208,1.30578,9.69390,1.91691,81.00959,0.10029,1.99989,4.68736,0.19202,0.10555,0.48830
7.75000,12.06136,-3.02758,1.30774,9.75917,1.91741,80.92258,0.10030,1.99989,4.66260,0.19205,0.10651,0.48801
7.80000,12.12506,-3.01260,1.30973,9.82454,1.91798,80.82936,0.10031,1.99989,4.63797,0.19209,0.10759,0.48768
7.85000,12.18875,-2.99718,1.31173,9.89000,1.91864,80.73116,0.10033,1.99989,4.61282,0.19214,0.10878,0.48732
7.90000,12.25244,-2.98131,1.31375,9.95557,1.91942,80.63007,0.10035,1.99988,4.58603,0.19219,0.11009,0.48697
7.95000,12.31613,-2.96503,1.31578,10.02124,1.92025,80.52380,0.10036,1.99988,4.55975,0.19225,0.11153,0.48657
8.00000,12.37982,-2.94834,1.31781,10.08702,1.92115,80.41349,0.10038,1.99988,4.53343,0.19232,0.11308,0.48615
8.05000,12.44352,-2.93128,1.31984,10.15291,1.92214,80.30076,0.10040,1.99988,4.50625,0.19238,0.11475,0.48573
8.10000,12.50722,-2.91386,1.32187,10.21893,1.92315,80.18302,0.10043,1.99988,4.48006,0.19246,0.11652,0.48528
8.15000,12.57094,-2.89611,1.32389,10.28511,1.92419,80.06095,0.10045,1.99987,4.45452,0.19254,0.11840,0.48480
8.20000,12.63467,-2.87804,1.32589,10.35154,1.92526,79.93551,0.10048,1.99987,4.42918,0.19262,0.12035,0.48433
8.25000,12.69842,-2.85967,1.32787,10.41831,1.92632,79.80448,0.10050,1.99987,4.40558,0.19270,0.12236,0.48383
8.30000,12.76220,-2.84104,1.32983,10.48538,1.92735,79.66843,0.10053,1.99987,4.38348,0.19278,0.12440,0.48332
8.35000,12.82600,-2.82216,1.33175,10.55249,1.92837,79.52843,0.10056,1.99987,4.36264,0.19286,0.12645,0.48282
8.40000,12.88984,-2.80304,1.33364,10.61941,1.92933,79.38358,0.10058,1.99986,4.34432,0.19294,0.12846,0.48231
8.45000,12.95370,-2.78372,1.33537,10.68616,1.94106,78.87288,0.10048,1.99986,4.67681,0.19295,0.13364,0.48322
8.50000,13.01760,-2.76422,1.33706,10.75288,1.94202,78.71078,0.10050,1.99986,4.66495,0.19304,0.13598,0.48254
8.55000,13.08154,-2.74455,1.33872,10.81972,1.94285,78.54433,0.10052,1.99986,4.65502,0.19312,0.13805,0.48194
8.60000,13.14552,-2.72473,1.34034,10.88669,1.94358,78.37536,0.10053,1.99986,4.64726,0.19319,0.13989,0.48140
8.65000,13.20954,-2.70479,1.34192,10.95375,1.94423,78.20490,0.10055,1.99986,4.64186,0.19326,0.14150,0.48091
8.70000,13.27361,-2.68474,1.34346,11.02087,1.94480,78.03253,0.10056,1.99986,4.63942,0.19332,0.14292,0.48045
8.75000,13.33774,-2.66460,1.34496,11.08806,1.94532,77.85847,0.10057,1.99986,4.63987,0.19338,0.14415,0.48002
8.80000,13.40191,-2.64440,1.34632,11.15533,1.95425,77.29887,0.10046,1.99985,5.05339,0.19338,0.14891,0.48105
8.85000,13.46614,-2.62414,1.34763,11.22267,1.95478,77.10522,0.10046,1.99985,5.06642,0.19345,0.15028,0.48047
8.90000,13.53043,-2.60384,1.34890,11.29008,1.95523,76.91105,0.10047,1.99985,5.08119,0.19351,0.15133,0.47997
8.95000,13.59477,-2.58352,1.35012,11.35755,1.95563,76.71890,0.10047,1.99986,5.09836,0.19357,0.15212,0.47954
9.00000,13.65917,-2.56320,1.35131,11.42508,1.95600,76.53074,0.10047,1.99986,5.11803,0.19362,0.15271,0.47915
9.05000,13.72364,-2.54287,1.35244,11.49267,1.95636,76.34839,0.10047,1.99986,5.14026,0.19368,0.15313,0.47881
9.10000,13.78817,-2.52256,1.35354,11.56031,1.95670,76.17367,0.10046,1.99986,5.16524,0.19373,0.15342,0.47848
9.15000,13.85276,-2.50228,1.35459,11.62801,1.95705,76.00883,0.10046,1.99986,5.19246,0.19379,0.15359,0.47819
9.20000,13.91742,-2.48202,1.35552,11.69577,1.96407,75.45156,0.10036,1.99986,5.72409,0.19379,0.15754,0.47938
9.25000,13.98213,-2.46180,1.35640,11.76357,1.96448,75.29462,0.10035,1.99986,5.76614,0.19386,0.15797,0.47893
9.30000,14.04690,-2.44163,1.35724,11.83140,1.96487,75.15837,0.10034,1.99986,5.80763,0.19392,0.15815,0.47858
9.35000,14.11173,-2.42149,1.35804,11.89928,1.96524,75.04815,0.10034,1.99987,5.84897,0.19398,0.15815,0.47830
9.40000,14.17661,-2.40140,1.35879,11.96719,1.96561,74.96801,0.10033,1.99987,5.89052,0.19404,0.15802,0.47808
9.45000,14.24154,-2.38134,1.35951,12.03513,1.96599,74.92289,0.10032,1.99987,5.93140,0.19410,0.15779,0.47792
9.50000,14.30652,-2.36132,1.36019,12.10311,1.96638,74.91603,0.10031,1.99987,5.97157,0.19416,0.15748,0.47782
9.55000,14.37153,-2.34131,1.36079,12.17112,1.97198,74.53360,0.10024,1.99987,6.43440,0.19417,0.16099,0.47922
9.60000,14.43658,-2.32132,1.36136,12.23916,1.97239,74.58978,0.10023,1.99987,6.46850,0.19424,0.16095,0.47901
9.65000,14.50166,-2.30133,1.36189,12.30721,1.97278,74.69138,0.10022,1.99987,6.49970,0.19430,0.16069,0.47893
9.70000,14.56676,-2.28131,1.36238,12.37529,1.97316,74.83931,0.10021,1.99988,6.52862,0.19436,0.16028,0.47893
9.75000,14.63187,-2.26125,1.36284,12.44339,1.97354,75.03384,0.10020,1.99988,6.55533,0.19442,0.15977,0.47901
9.80000,14.69698,-2.24112,1.36326,12.51150,1.97392,75.27072,0.10019,1.99988,6.58020,0.19447,0.15918,0.47916
9.85000,14.76209,-2.22090,1.36365,12.57964,1.97430,75.54549,0.10019,1.99988,6.60335,0.19453,0.15855,0.47937
9.90000,14.82717,-2.20054,1.36400,12.64780,1.97468,75.85398,0.10018,1.99988,6.62496,0.19458,0.15787,0.47962
9.95000,14.89222,-2.18002,1.36431,12.71598,1.97896,75.78020,0.10013,1.99988,7.08465,0.19458,0.16100,0.48136
10.00000,14.95722,-2.15930,1.36458,12.78418,1.97931,76.11511,0.10013,1.99988,7.10797,0.19464,0.16062,0.48148
10.05000,15.02215,-2.13832,1.36481,12.85240,1.97963,76.46674,0.10012,1.99988,7.12780,0.19469,0.16009,0.48170
10.10000,15.08699,-2.11704,1.36501,12.92065,1.97994,76.82675,0.10012,1.99988,7.14612,0.19474,0.15948,0.48196
10.15000,15.15173,-2.09541,1.36517,12.98891,1.98022,77.18812,0.10011,1.99989,7.16306,0.19479,0.15882,0.48223
10.20000,15.21633,-2.07338,1.36530,13.05721,1.98049,77.54579,0.10011,1.99989,7.17734,0.19483,0.15816,0.48255
10.25000,15.28078,-2.05087,1.36539,13.12554,1.98073,77.88976,0.10010,1.99989,7.19148,0.19488,0.15751,0.48285
10.30000,15.34505,-2.02782,1.36544,13.19391,1.98096,78.21512,0.10010,1.99989,7.20502,0.19492,0.15689,0.48312
10.35000,15.40909,-2.00417,1.36546,13.26232,1.98117,78.52056,0.10009,1.99989,7.21571,0.19495,0.15629,0.48343
10.40000,15.47288,-1.97985,1.36543,13.33078,1.98134,78.79848,0.10009,1.99989,7.22709,0.19499,0.15574,0.48367
10.45000,15.53638,-1.95477,1.36536,13.39929,1.98149,79.04866,0.10009,1.99989,7.23827,0.19502,0.15522,0.48387
10.50000,15.59954,-1.92886,1.36524,13.46786,1.98164,79.27499,0.10009,1.99989,7.24626,0.19504,0.15474,0.48411
10.55000,15.66230,-1.90203,1.36508,13.53649,1.98175,79.47245,0.10008,1.99989,7.25562,0.19507,0.15429,0.48427
10.60000,15.72462,-1.87420,1.36487,13.60518,1.98183,79.64350,0.10008,1.99989,7.26515,0.19509,0.15387,0.48439
10.65000,15.78642,-1.84528,1.36461,13.67395,1.98191,79.79469,0.10008,1.99989,7.27116,0.19510,0.15347,0.48456
10.70000,15.84764,-1.81517,1.36430,13.74279,1.98196,79.92123,0.10008,1.99989,7.27910,0.19512,0.15308,0.48466
10.75000,15.90821,-1.78380,1.36394,13.81171,1.98199,80.02670,0.10008,1.99990,7.28759,0.19513,0.15270,0.48473
10.80000,15.96802,-1.75106,1.36353,13.88071,1.98202,80.11917,0.10008,1.99990,7.29236,0.19514,0.15230,0.48486
10.85000,16.02699,-1.71687,1.36306,13.94979,1.98203,80.19358,0.10007,1.99990,7.29945,0.19514,0.15189,0.48493
10.90000,16.08500,-1.68113,1.36252,14.01895,1.98201,80.25402,0.10007,1.99990,7.30749,0.19515,0.15146,0.48498
10.95000,16.14194,-1.64376,1.36193,14.08818,1.98197,80.30247,0.10007,1.99990,7.31681,0.19515,0.15100,0.48501
11.00000,16.19768,-1.60467,1.36128,14.15747,1.98196,80.35217,0.10007,1.99990,7.31877,0.19514,0.15045,0.48521
11.05000,16.25206,-1.56378,1.36056,14.22683,1.98190,80.38805,0.10007,1.99990,7.32701,0.19513,0.14988,0.48529
11.10000,16.30495,-1.52102,1.35977,14.29622,1.98183,80.41719,0.10007,1.99990,7.33693,0.19513,0.14923,0.48536
11.15000,16.35615,-1.47633,1.35892,14.36565,1.98178,80.45287,0.10007,1.99990,7.33935,0.19510,0.14848,0.48563
11.20000,16.40550,-1.42966,1.35800,14.43509,1.98169,80.47873,0.10007,1.99990,7.34850,0.19508,0.14765,0.48578
11.25000,16.45279,-1.38098,1.35702,14.50453,1.98157,80.50120,0.10007,1.99990,7.35984,0.19506,0.14673,0.48593
11.30000,16.49783,-1.33026,1.35597,14.57393,1.98148,80.53332,0.10007,1.99990,7.36396,0.19502,0.14566,0.48630
11.35000,16.54038,-1.27753,1.35486,14.64329,1.98134,80.55848,0.10006,1.99990,7.37496,0.19498,0.14449,0.48656
11.40000,16.58024,-1.22279,1.35369,14.71255,1.98118,80.58223,0.10006,1.99990,7.38863,0.19495,0.14320,0.48682
11.45000,16.61717,-1.16611,1.35247,14.78171,1.98104,80.61722,0.10006,1.99990,7.39551,0.19489,0.14175,0.48730
11.50000,16.65093,-1.10756,1.35120,14.85071,1.98084,80.64740,0.10006,1.99990,7.40886,0.19484,0.14020,0.48770
11.55000,16.68130,-1.04726,1.34989,14.91952,1.98062,80.67720,0.10006,1.99990,7.42491,0.19478,0.13854,0.48810
11.60000,16.70807,-0.98534,1.34856,14.98812,1.98036,80.70641,0.10006,1.99991,7.44373,0.19473,0.13681,0.48849
11.65000,16.73101,-0.92198,1.34722,15.05647,1.98018,80.75571,0.10005,1.99991,7.44894,0.19464,0.13497,0.48923
11.70000,16.74993,-0.85737,1.34588,15.12455,1.97992,80.79343,0.10005,1.99991,7.46582,0.19457,0.13314,0.48974
11.75000,16.76467,-0.79176,1.34455,15.19232,1.97962,80.83033,0.10005,1.99991,7.48492,0.19450,0.13130,0.49022
11.80000,16.77507,-0.72538,1.34325,15.25978,1.97942,80.88708,0.10005,1.99991,7.48982,0.19439,0.12943,0.49104
11.85000,16.78102,-0.65852,1.34198,15.32691,1.97913,80.93221,0.10005,1.99991,7.50570,0.19432,0.12764,0.49161
11.90000,16.78242,-0.59148,1.34076,15.39371,1.97882,80.97614,0.10005,1.99991,7.52349,0.19424,0.12589,0.49213
11.95000,16.77923,-0.52456,1.33961,15.46020,1.97860,81.03990,0.10004,1.99991,7.52652,0.19412,0.12415,0.49297
12.00000,16.77142,-0.45807,1.33852,15.52635,1.97830,81.09178,0.10004,1.99991,7.54027,0.19404,0.12252,0.49355
12.05000,16.75901,-0.39235,1.33752,15.59219,1.97797,81.14227,0.10004,1.99991,7.55566,0.19396,0.12097,0.49406
12.10000,16.74207,-0.32769,1.33660,15.65772,1.97775,81.21310,0.10004,1.99992,7.55539,0.19384,0.11946,0.49487
12.15000,16.72067,-0.26441,1.33575,15.72298,1.97745,81.27151,0.10004,1.99992,7.56589,0.19376,0.11808,0.49541
12.20000,16.69494,-0.20281,1.33500,15.78797,1.97713,81.32860,0.10004,1.99992,7.57765,0.19368,0.11681,0.49586
12.25000,16.66504,-0.14317,1.33435,15.85272,1.97693,81.40726,0.10004,1.99992,7.57242,0.19356,0.11559,0.49662
12.30000,16.63113,-0.08575,1.33379,15.91725,1.97664,81.47295,0.10004,1.99992,7.57849,0.19348,0.11451,0.49707
12.35000,16.59343,-0.03077,1.33332,15.98156,1.97641,81.55221,0.10004,1.99992,7.57411,0.19337,0.11350,0.49768
12.40000,16.55214,0.02155,1.33292,16.04570,1.97180,81.98121,0.10004,1.99992,7.14972,0.19337,0.11044,0.49684
12.45000,16.50751,0.07101,1.33260,16.10969,1.97146,82.08005,0.10004,1.99992,7.14695,0.19329,0.10949,0.49736
12.50000,16.45978,0.11748,1.33237,16.17356,1.97122,82.18975,0.10004,1.99992,7.13308,0.19319,0.10866,0.49801
12.55000,16.40920,0.16081,1.33222,16.23734,1.97091,82.28965,0.10004,1.99992,7.12622,0.19311,0.10796,0.49844
12.60000,16.35604,0.20091,1.33213,16.30104,1.97058,82.38597,0.10004,1.99992,7.12066,0.19304,0.10734,0.49878
12.65000,16.30054,0.23772,1.33211,16.36468,1.97034,82.49522,0.10004,1.99992,7.10186,0.19293,0.10676,0.49931
12.70000,16.24295,0.27117,1.33215,16.42830,1.97000,82.59321,0.10004,1.99992,7.09105,0.19285,0.10627,0.49962
12.75000,16.18354,0.30125,1.33224,16.49191,1.96963,82.68660,0.10004,1.99992,7.08128,0.19278,0.10583,0.49986
12.80000,16.12252,0.32796,1.33238,16.55553,1.96378,83.12498,0.10005,1.99992,6.61871,0.19275,0.10359,0.49906
12.85000,16.06013,0.35131,1.33257,16.61918,1.96333,83.23231,0.10005,1.99992,6.60072,0.19267,0.10309,0.49941
12.90000,15.99660,0.37135,1.33279,16.68286,1.96284,83.32683,0.10005,1.99992,6.58553,0.19260,0.10269,0.49965
12.95000,15.93210,0.38813,1.33306,16.74661,1.96248,83.42390,0.10005,1.99992,6.55769,0.19249,0.10235,0.50009
13.00000,15.86685,0.40171,1.33335,16.81041,1.96199,83.49680,0.10005,1.99992,6.54116,0.19241,0.10207,0.50026
13.05000,15.80101,0.41218,1.33368,16.87429,1.96156,83.56425,0.10005,1.99992,6.51708,0.19231,0.10183,0.50053
13.10000,15.73474,0.41963,1.33403,16.93826,1.96103,83.61068,0.10005,1.99992,6.49914,0.19222,0.10162,0.50066
13.15000,15.66819,0.42415,1.33441,17.00231,1.96045,83.63878,0.10006,1.99992,6.48335,0.19214,0.10144,0.50072
13.20000,15.60149,0.42585,1.33482,17.06647,1.95264,83.97538,0.10007,1.99992,6.03333,0.19212,0.09963,0.49964
13.25000,15.53475,0.42483,1.33526,17.13073,1.95183,83.98439,0.10007,1.99992,6.01416,0.19202,0.09932,0.49979
13.30000,15.46808,0.42122,1.33571,17.19511,1.95095,83.96742,0.10007,1.99992,5.99842,0.19193,0.09907,0.49983
13.35000,15.40157,0.41513,1.33619,17.25961,1.95013,83.93319,0.10008,1.99991,5.97028,0.19181,0.09884,0.49997
13.40000,15.33529,0.40667,1.33669,17.32423,1.94916,83.86583,0.10008,1.99991,5.95342,0.19171,0.09863,0.49993
13.45000,15.26931,0.39597,1.33720,17.38900,1.94809,83.77082,0.10008,1.99991,5.94064,0.19160,0.09843,0.49982
13.50000,15.20368,0.38314,1.33773,17.45390,1.94706,83.65863,0.10008,1.99991,5.92093,0.19147,0.09821,0.49983
13.55000,15.13845,0.36831,1.33828,17.51894,1.94586,83.51697,0.10008,1.99991,5.91181,0.19135,0.09799,0.49969
13.60000,15.07365,0.35158,1.33888,17.58414,1.93463,83.67642,0.10011,1.99991,5.37872,0.19130,0.09630,0.49832
13.65000,15.00930,0.33308,1.33950,17.64947,1.93291,83.51355,0.10011,1.99991,5.36924,0.19117,0.09589,0.49828
13.70000,14.94542,0.31291,1.34013,17.71495,1.93109,83.33252,0.10011,1.99991,5.36505,0.19103,0.09551,0.49817
13.75000,14.88202,0.29118,1.34078,17.78057,1.92925,83.14032,0.10011,1.99991,5.36083,0.19087,0.09512,0.49808
13.80000,14.81910,0.26801,1.34144,17.84632,1.92725,82.93277,0.10012,1.99991,5.36302,0.19072,0.09472,0.49792
13.85000,14.75665,0.24349,1.34212,17.91220,1.92512,82.71426,0.10012,1.99991,5.36925,0.19057,0.09430,0.49773
13.90000,14.69467,0.21772,1.34282,17.97822,1.92294,82.49147,0.10012,1.99991,5.37521,0.19040,0.09385,0.49759
13.95000,14.63315,0.19079,1.34362,18.04438,1.90642,82.58923,0.10015,1.99991,4.92836,0.19032,0.09217,0.49611
14.00000,14.57206,0.16280,1.34448,18.11068,1.90328,82.37039,0.10016,1.99991,4.93607,0.19014,0.09156,0.49606
14.05000,14.51137,0.13383,1.34539,18.17711,1.90013,82.15462,0.10016,1.99991,4.94484,0.18994,0.09098,0.49601
14.10000,14.45108,0.10395,1.34635,18.24367,1.89687,81.94009,0.10016,1.99991,4.95799,0.18975,0.09044,0.49590
14.15000,14.39113,0.07327,1.34728,18.31035,1.90962,81.39512,0.10013,1.99991,5.43896,0.18947,0.09098,0.49708
14.20000,14.33152,0.04185,1.34825,18.37717,1.90708,81.18235,0.10013,1.99991,5.46183,0.18930,0.09059,0.49685
14.25000,14.27220,0.00977,1.34924,18.44410,1.90446,80.97768,0.10013,1.99991,5.48505,0.18913,0.09017,0.49665
14.30000,14.21314,-0.02288,1.35026,18.51114,1.90183,80.78503,0.10013,1.99991,5.50709,0.18897,0.08977,0.49647
14.35000,14.15430,-0.05604,1.35130,18.57830,1.89926,80.60781,0.10013,1.99991,5.52596,0.18880,0.08938,0.49634
14.40000,14.09566,-0.08965,1.35235,18.64556,1.89673,80.44459,0.10013,1.99991,5.54371,0.18865,0.08902,0.49621
14.45000,14.03717,-0.12363,1.35342,18.71292,1.89429,80.29710,0.10013,1.99990,5.55902,0.18851,0.08871,0.49607
14.50000,13.97880,-0.15793,1.35442,18.78038,1.90821,79.80336,0.10010,1.99990,6.08482,0.18826,0.08938,0.49729
14.55000,13.92054,-0.19249,1.35542,18.84792,1.90651,79.66755,0.10010,1.99990,6.09691,0.18814,0.08925,0.49705
14.60000,13.86234,-0.22726,1.35642,18.91555,1.90483,79.54865,0.10010,1.99990,6.10500,0.18803,0.08911,0.49686
14.65000,13.80418,-0.26220,1.35742,18.98326,1.90323,79.44825,0.10010,1.99990,6.10916,0.18792,0.08899,0.49671
14.70000,13.74603,-0.29724,1.35841,19.05105,1.90170,79.36538,0.10010,1.99990,6.11042,0.18782,0.08889,0.49656
14.75000,13.68786,-0.33236,1.35940,19.11893,1.90025,79.30034,0.10010,1.99990,6.10871,0.18773,0.08882,0.49643
14.80000,13.62966,-0.36751,1.36037,19.18686,1.89887,79.25317,0.10010,1.99990,6.10413,0.18764,0.08877,0.49631
14.85000,13.57140,-0.40267,1.36128,19.25482,1.91291,78.84045,0.10008,1.99989,6.52694,0.18742,0.08969,0.49755
14.90000,13.51307,-0.43779,1.36217,19.32283,1.91190,78.80066,0.10009,1.99989,6.52140,0.18734,0.08978,0.49735
14.95000,13.45465,-0.47284,1.36304,19.39104,1.91086,78.77968,0.10009,1.99989,6.51194,0.18725,0.08984,0.49720
15.00000,13.39613,-0.50780,1.36389,19.45954,1.90979,78.77624,0.10009,1.99989,6.49947,0.18716,0.08990,0.49708
15.05000,13.33748,-0.54265,1.36471,19.52827,1.90871,78.78754,0.10009,1.99989,6.48404,0.18706,0.08995,0.49698
15.10000,13.27871,-0.57735,1.36550,19.59705,1.90761,78.80930,0.10009,1.99988,6.46618,0.18696,0.09001,0.49689
15.15000,13.21980,-0.61190,1.36626,19.66575,1.90647,78.83548,0.10009,1.99988,6.44683,0.18686,0.09007,0.49681
15.20000,13.16073,-0.64626,1.36699,19.73434,1.90532,78.86135,0.10010,1.99988,6.42577,0.18675,0.09014,0.49672
15.25000,13.10151,-0.68041,1.36766,19.80286,1.91842,78.48696,0.10008,1.99987,6.84147,0.18648,0.09124,0.49801
15.30000,13.04212,-0.71434,1.36828,19.87130,1.91734,78.46383,0.10008,1.99987,6.82315,0.18636,0.09142,0.49781
15.35000,12.98256,-0.74803,1.36888,19.93974,1.91620,78.43096,0.10008,1.99987,6.80326,0.18623,0.09158,0.49765
15.40000,12.92281,-0.78145,1.36944,20.00820,1.91502,78.38454,0.10009,1.99986,6.78295,0.18610,0.09172,0.49749
15.45000,12.86288,-0.81459,1.36997,20.07670,1.91381,78.31946,0.10009,1.99986,6.76356,0.18597,0.09187,0.49732
15.50000,12.80275,-0.84743,1.37046,20.14523,1.91258,78.23210,0.10009,1.99986,6.74442,0.18584,0.09202,0.49713
15.55000,12.74242,-0.87994,1.37092,20.21378,1.91134,78.11756,0.10009,1.99986,6.72611,0.18570,0.09217,0.49693
15.60000,12.68187,-0.91210,1.37133,20.28236,1.92340,77.56021,0.10008,1.99985,7.14684,0.18541,0.09346,0.49808
15.65000,12.62111,-0.94389,1.37170,20.35096,1.92218,77.34098,0.10008,1.99984,7.13467,0.18526,0.09373,0.49774
15.70000,12.56012,-0.97528,1.37203,20.41957,1.92092,77.09175,0.10008,1.99984,7.12257,0.18511,0.09398,0.49741
15.75000,12.49890,-1.00624,1.37233,20.48820,1.91962,76.81205,0.10009,1.99984,7.11173,0.18497,0.09424,0.49705
15.80000,12.43743,-1.03675,1.37258,20.55684,1.91831,76.50428,0.10009,1.99983,7.10098,0.18482,0.09449,0.49668
15.85000,12.37570,-1.06677,1.37281,20.62550,1.91701,76.17044,0.10010,1.99983,7.09060,0.18468,0.09475,0.49630
15.90000,12.31372,-1.09626,1.37299,20.69418,1.91571,75.81506,0.10010,1.99983,7.08039,0.18454,0.09501,0.49591
15.95000,12.25145,-1.12518,1.37313,20.76287,1.91438,75.44112,0.10010,1.99982,7.07225,0.18441,0.09527,0.49549
16.00000,12.18890,-1.15349,1.37323,20.83158,1.91312,75.06010,0.10011,1.99982,7.06309,0.18427,0.09554,0.49509
16.05000,12.12606,-1.18114,1.37329,20.90031,1.91191,74.67874,0.10011,1.99982,7.05384,0.18414,0.09580,0.49471
16.10000,12.06290,-1.20808,1.37331,20.96905,1.91071,74.30168,0.10012,1.99981,7.04687,0.18402,0.09606,0.49431
16.15000,11.99941,-1.23425,1.37328,21.03782,1.90963,73.94087,0.10012,1.99981,7.03850,0.18390,0.09630,0.49396
16.20000,11.93559,-1.25958,1.37321,21.10660,1.90865,73.60061,0.10013,1.99981,7.02981,0.18378,0.09654,0.49365
16.25000,11.87143,-1.28400,1.37309,21.17542,1.90771,73.28163,0.10013,1.99981,7.02360,0.18369,0.09677,0.49332
16.30000,11.80690,-1.30744,1.37292,21.24426,1.90694,72.99357,0.10014,1.99981,7.01559,0.18359,0.09698,0.49307
16.35000,11.74201,-1.32982,1.37270,21.31315,1.90632,72.73757,0.10014,1.99980,7.00691,0.18349,0.09719,0.49287
16.40000,11.67675,-1.35103,1.37243,21.38208,1.90575,72.50997,0.10015,1.99980,7.00087,0.18343,0.09739,0.49265
16.45000,11.61110,-1.37100,1.37211,21.45106,1.90538,72.31781,0.10015,1.99980,6.99260,0.18336,0.09759,0.49250
16.50000,11.54508,-1.38960,1.37173,21.52010,1.90516,72.15770,0.10015,1.99980,6.98329,0.18330,0.09778,0.49240
16.55000,11.47868,-1.40673,1.37128,21.58921,1.90498,72.02108,0.10015,1.99980,6.97675,0.18327,0.09800,0.49226
16.60000,11.41191,-1.42226,1.37078,21.65840,1.90501,71.91259,0.10016,1.99980,6.96729,0.18324,0.09822,0.49219
16.65000,11.34479,-1.43606,1.37021,21.72767,1.90519,71.82666,0.10016,1.99980,6.95603,0.18322,0.09848,0.49214
16.70000,11.27734,-1.44799,1.36957,21.79702,1.90555,71.76006,0.10016,1.99979,6.94237,0.18321,0.09878,0.49213
16.75000,11.20960,-1.45789,1.36886,21.86646,1.90587,71.69747,0.10017,1.99979,6.93456,0.18327,0.09915,0.49196
16.80000,11.14162,-1.46562,1.36807,21.93600,1.90650,71.65462,0.10017,1.99979,6.91903,0.18331,0.09960,0.49190
16.85000,11.07345,-1.47099,1.36720,22.00561,1.90735,71.62260,0.10017,1.99979,6.89980,0.18336,0.10015,0.49184
16.90000,11.00517,-1.47385,1.36625,22.07530,1.90820,71.58575,0.10018,1.99979,6.88576,0.18351,0.10084,0.49159
16.95000,10.93689,-1.47400,1.36520,22.14505,1.90943,71.56223,0.10018,1.99979,6.86212,0.18364,0.10170,0.49143
17.00000,10.86872,-1.47126,1.36406,22.21484,1.91096,71.54395,0.10019,1.99978,6.83278,0.18380,0.10277,0.49125
17.05000,10.80080,-1.46545,1.36283,22.28465,1.91257,71.51555,0.10020,1.99978,6.80682,0.18406,0.10413,0.49084
17.10000,10.73330,-1.45639,1.36151,22.35445,1.91463,71.49607,0.10021,1.99978,6.76942,0.18433,0.10581,0.49049
17.15000,10.66641,-1.44393,1.36010,22.42420,1.91703,71.47865,0.10022,1.99978,6.72440,0.18463,0.10787,0.49011
17.20000,10.60037,-1.42790,1.35858,22.49385,1.91954,71.44871,0.10023,1.99977,6.68137,0.18503,0.11041,0.48947
17.25000,10.53541,-1.40817,1.35699,22.56337,1.92242,71.42469,0.10025,1.99977,6.62744,0.18544,0.11343,0.48887
17.30000,10.47183,-1.38462,1.35532,22.63270,1.92552,71.40126,0.10027,1.99976,6.56685,0.18587,0.11698,0.48823
17.35000,10.40992,-1.35719,1.35359,22.70180,1.92876,71.37888,0.10030,1.99976,6.50064,0.18630,0.12103,0.48757
17.40000,10.35001,-1.32582,1.35181,22.77062,1.93170,71.33307,0.10032,1.99976,6.44741,0.18684,0.12558,0.48654
17.45000,10.29243,-1.29053,1.35001,22.83912,1.93479,71.30080,0.10035,1.99975,6.38297,0.18730,0.13044,0.48572
17.50000,10.23753,-1.25136,1.34821,22.90725,1.93776,71.26899,0.10038,1.99975,6.31839,0.18773,0.13550,0.48494
17.55000,10.18565,-1.20840,1.34642,22.97498,1.94024,71.21278,0.10041,1.99974,6.27207,0.18821,0.14064,0.48382
17.60000,10.13713,-1.16181,1.34467,23.04229,1.94267,71.16892,0.10045,1.99974,6.21975,0.18860,0.14562,0.48296
17.65000,10.09231,-1.11177,1.34298,23.10917,1.94488,71.12431,0.10048,1.99974,6.17086,0.18895,0.15033,0.48220
17.70000,10.05147,-1.05853,1.34138,23.17562,1.94658,71.05163,0.10051,1.99973,6.14290,0.18933,0.15475,0.48112
17.75000,10.01490,-1.00237,1.33988,23.24162,1.94823,70.98845,0.10054,1.99973,6.11036,0.18962,0.15871,0.48035
17.80000,9.98283,-0.94361,1.33850,23.30719,1.94969,70.92109,0.10056,1.99973,6.08157,0.18987,0.16222,0.47969
17.85000,9.95544,-0.88260,1.33730,23.37235,1.94497,70.32372,0.10059,1.99975,5.75092,0.19117,0.16929,0.48430
17.90000,9.93287,-0.81970,1.33618,23.43713,1.94595,70.20207,0.10061,1.99975,5.72868,0.19134,0.17158,0.48398
17.95000,9.91525,-0.75530,1.33519,23.50157,1.94692,70.08394,0.10063,1.99975,5.71205,0.19148,0.17364,0.48366
18.00000,9.90263,-0.68979,1.33434,23.56570,1.94756,69.92903,0.10064,1.99975,5.72433,0.19169,0.17553,0.48291
18.05000,9.89502,-0.62354,1.33364,23.62953,1.94834,69.77704,0.10065,1.99975,5.72744,0.19183,0.17711,0.48247
18.10000,9.89239,-0.55694,1.33307,23.69306,1.94914,69.60771,0.10066,1.99975,5.73387,0.19195,0.17844,0.48211
18.15000,9.89466,-0.49035,1.33262,23.75638,1.94961,69.38147,0.10065,1.99976,5.77112,0.19214,0.17963,0.48130
18.20000,9.90173,-0.42412,1.33229,23.81956,1.95029,69.14826,0.10065,1.99976,5.79674,0.19226,0.18055,0.48086
18.25000,9.91345,-0.35857,1.33216,23.88262,1.94496,68.34342,0.10066,1.99978,5.50992,0.19320,0.18526,0.48578
18.30000,9.92964,-0.29397,1.33205,23.94560,1.94542,67.99831,0.10065,1.99978,5.54567,0.19330,0.18534,0.48565
18.35000,9.95011,-0.23061,1.33205,24.00852,1.94605,67.63994,0.10065,1.99979,5.58718,0.19340,0.18548,0.48546
18.40000,9.97465,-0.16871,1.33212,24.07140,1.94654,67.23988,0.10063,1.99979,5.65219,0.19354,0.18565,0.48490
18.45000,10.00305,-0.10848,1.33227,24.13427,1.94726,66.83685,0.10062,1.99980,5.71190,0.19365,0.18572,0.48453
18.50000,10.03507,-0.05007,1.33249,24.19716,1.94806,66.42656,0.10060,1.99980,5.77431,0.19376,0.18571,0.48420
18.55000,10.07048,0.00636,1.33276,24.26011,1.94868,65.99343,0.10058,1.99981,5.85844,0.19391,0.18567,0.48356
18.60000,10.10903,0.06071,1.33309,24.32311,1.94949,65.59200,0.10057,1.99982,5.93086,0.19402,0.18547,0.48320
18.65000,10.15048,0.11291,1.33352,24.38620,1.94417,64.65399,0.10056,1.99983,5.66804,0.19474,0.18899,0.48831
18.70000,10.19460,0.16290,1.33393,24.44939,1.94471,64.26979,0.10054,1.99983,5.73205,0.19481,0.18795,0.48843
18.75000,10.24117,0.21065,1.33438,24.51270,1.94541,63.97129,0.10052,1.99984,5.79416,0.19488,0.18704,0.48854
18.80000,10.28998,0.25614,1.33485,24.57614,1.94604,63.74766,0.10050,1.99984,5.86616,0.19496,0.18621,0.48843
18.85000,10.34084,0.29937,1.33537,24.63971,1.94686,63.63323,0.10048,1.99985,5.92718,0.19503,0.18532,0.48852
18.90000,10.39354,0.34037,1.33594,24.70344,1.94777,63.62975,0.10046,1.99985,5.98308,0.19510,0.18437,0.48871
18.95000,10.44792,0.37918,1.33655,24.76733,1.94862,63.72908,0.10043,1.99985,6.03466,0.19518,0.18336,0.48879
19.00000,10.50378,0.41587,1.33721,24.83140,1.94966,63.96505,0.10041,1.99986,6.07234,0.19525,0.18221,0.48913
19.05000,10.56098,0.45053,1.33794,24.89564,1.94481,63.76935,0.10039,1.99987,5.78962,0.19578,0.18464,0.49498
19.10000,10.61934,0.48325,1.33869,24.96010,1.94565,64.19539,0.10036,1.99987,5.83308,0.19583,0.18254,0.49583
19.15000,10.67874,0.51414,1.33945,25.02476,1.94683,64.78379,0.10033,1.99987,5.86827,0.19587,0.18052,0.49679
19.20000,10.73904,0.54331,1.34023,25.08964,1.94811,65.50016,0.10031,1.99987,5.90856,0.19593,0.17855,0.49767
19.25000,10.80013,0.57088,1.34101,25.15475,1.94958,66.33444,0.10028,1.99987,5.94446,0.19598,0.17659,0.49864
19.30000,10.86191,0.59699,1.34179,25.22008,1.95113,67.25682,0.10025,1.99988,5.97864,0.19604,0.17461,0.49964
19.35000,10.92427,0.62177,1.34256,25.28564,1.95266,68.23076,0.10023,1.99988,6.01196,0.19610,0.17266,0.50059
19.40000,10.98713,0.64537,1.34333,25.35143,1.95420,69.23350,0.10020,1.99988,6.03620,0.19616,0.17071,0.50159
19.45000,11.05042,0.66794,1.34413,25.41743,1.95025,69.68467,0.10019,1.99989,5.72834,0.19660,0.17240,0.50719
19.50000,11.11405,0.68962,1.34491,25.48367,1.95140,70.58767,0.10017,1.99989,5.75033,0.19663,0.16979,0.50841
19.55000,11.17796,0.71057,1.34567,25.55014,1.95257,71.46334,0.10015,1.99989,5.77069,0.19666,0.16751,0.50948
19.60000,11.24211,0.73094,1.34639,25.61683,1.95368,72.28618,0.10014,1.99990,5.79074,0.19669,0.16550,0.51040
19.65000,11.30643,0.75087,1.34709,25.68374,1.95469,73.04001,0.10013,1.99990,5.81144,0.19672,0.16371,0.51119
19.70000,11.37087,0.77052,1.34775,25.75087,1.95560,73.72010,0.10012,1.99990,5.83004,0.19675,0.16209,0.51189
19.75000,11.43538,0.79003,1.34837,25.81826,1.95639,74.32302,0.10011,1.99990,5.84771,0.19677,0.16062,0.51249
19.80000,11.49993,0.80956,1.34894,25.88594,1.95706,74.85193,0.10011,1.99990,5.86402,0.19679,0.15927,0.51303
19.85000,11.56446,0.82923,1.34948,25.95393,1.95762,75.31152,0.10010,1.99990,5.87925,0.19680,0.15801,0.51350
19.90000,11.62892,0.84920,1.34996,26.02223,1.95806,75.70804,0.10009,1.99991,5.89391,0.19681,0.15681,0.51391
19.95000,11.69328,0.86959,1.35040,26.09080,1.95843,76.05118,0.10009,1.99991,5.90601,0.19682,0.15566,0.51429
20.00000,11.75747,0.89054,1.35079,26.15954,1.95870,76.34503,0.10009,1.99991,5.91824,0.19682,0.15454,0.51463
20.05000,11.82146,0.91218,1.35113,26.22826,1.95888,76.59623,0.10008,1.99991,5.93030,0.19682,0.15346,0.51493
20.10000,11.88519,0.93463,1.35144,26.29692,1.95902,76.81430,0.10008,1.99991,5.93900,0.19681,0.15237,0.51524
20.15000,11.94859,0.95802,1.35170,26.36559,1.95909,77.00021,0.10008,1.99991,5.94860,0.19680,0.15131,0.51551
20.20000,12.01161,0.98245,1.35192,26.43435,1.95909,77.15988,0.10008,1.99991,5.95836,0.19679,0.15024,0.51576
20.25000,12.07418,1.00804,1.35211,26.50321,1.95903,77.29750,0.10007,1.99991,5.96862,0.19677,0.14917,0.51599
20.30000,12.13623,1.03489,1.35226,26.57214,1.95899,77.42488,0.10007,1.99991,5.97185,0.19675,0.14807,0.51628
20.35000,12.19768,1.06309,1.35239,26.64111,1.95886,77.53268,0.10007,1.99991,5.97974,0.19673,0.14698,0.51651
20.40000,12.25847,1.09272,1.35250,26.71008,1.95869,77.62732,0.10007,1.99991,5.98836,0.19671,0.14588,0.51673
20.45000,12.31849,1.12387,1.35258,26.77905,1.95856,77.71957,0.10007,1.99991,5.98971,0.19668,0.14474,0.51702
20.50000,12.37767,1.15660,1.35265,26.84800,1.95834,77.79837,0.10007,1.99991,5.99616,0.19665,0.14360,0.51725
20.55000,12.43592,1.19097,1.35270,26.91691,1.95809,77.86908,0.10007,1.99991,6.00266,0.19662,0.14244,0.51746
20.60000,12.49315,1.22702,1.35275,26.98577,1.95787,77.94146,0.10006,1.99992,6.00291,0.19658,0.14125,0.51776
20.65000,12.54926,1.26478,1.35279,27.05455,1.95757,78.00380,0.10006,1.99992,6.00681,0.19654,0.14006,0.51799
20.70000,12.60416,1.30429,1.35283,27.12326,1.95724,78.06037,0.10006,1.99992,6.01145,0.19651,0.13886,0.51821
20.75000,12.65776,1.34555,1.35288,27.19187,1.95696,78.12003,0.10006,1.99992,6.01089,0.19646,0.13766,0.51851
20.80000,12.70997,1.38856,1.35293,27.26038,1.95661,78.17142,0.10006,1.99992,6.01349,0.19642,0.13648,0.51874
20.85000,12.76068,1.43333,1.35299,27.32876,1.95623,78.21812,0.10006,1.99992,6.01667,0.19638,0.13532,0.51896
20.90000,12.80983,1.47982,1.35307,27.39702,1.95590,78.26836,0.10006,1.99992,6.01482,0.19633,0.13417,0.51924
20.95000,12.85731,1.52800,1.35317,27.46515,1.95551,78.31193,0.10006,1.99992,6.01562,0.19628,0.13306,0.51947
21.00000,12.90307,1.57785,1.35328,27.53317,1.95509,78.35183,0.10006,1.99992,6.01698,0.19624,0.13199,0.51968
21.05000,12.94701,1.62930,1.35342,27.60108,1.95463,78.38819,0.10006,1.99992,6.01893,0.19619,0.13094,0.51987
21.10000,12.98908,1.68230,1.35358,27.66888,1.95428,78.43355,0.10006,1.99992,6.01278,0.19613,0.12990,0.52016
21.15000,13.02921,1.73680,1.35376,27.73655,1.95383,78.46870,0.10006,1.99992,6.01243,0.19609,0.12893,0.52035
21.20000,13.06736,1.79272,1.35397,27.80410,1.95334,78.50024,0.10006,1.99992,6.01261,0.19604,0.12799,0.52052
21.25000,13.10347,1.84998,1.35421,27.87155,1.95295,78.53973,0.10005,1.99992,6.00505,0.19598,0.12708,0.52077
21.30000,13.13751,1.90852,1.35448,27.93893,1.95247,78.56903,0.10005,1.99992,6.00277,0.19593,0.12624,0.52094
21.35000,13.16946,1.96824,1.35477,28.00624,1.95196,78.59419,0.10005,1.99992,6.00087,0.19588,0.12546,0.52108
21.40000,13.19927,2.02907,1.35509,28.07347,1.95155,78.62608,0.10005,1.99992,5.98856,0.19582,0.12472,0.52130
21.45000,13.22695,2.09091,1.35543,28.14065,1.95106,78.64796,0.10005,1.99992,5.98243,0.19577,0.12405,0.52143
21.50000,13.25249,2.15370,1.35580,28.20777,1.94793,79.50653,0.10007,1.99991,5.77557,0.19530,0.11835,0.51727
21.55000,13.27587,2.21733,1.35620,28.27486,1.94779,79.60555,0.10007,1.99991,5.76136,0.19526,0.11799,0.51733
21.60000,13.29711,2.28174,1.35664,28.34192,1.94749,79.67131,0.10007,1.99992,5.75262,0.19523,0.11764,0.51734
21.65000,13.31623,2.34683,1.35709,28.40895,1.94710,79.71624,0.10007,1.99992,5.74395,0.19519,0.11731,0.51735
21.70000,13.33324,2.41253,1.35757,28.47598,1.94676,79.75429,0.10007,1.99992,5.72655,0.19514,0.11700,0.51747
21.75000,13.34816,2.47875,1.35808,28.54300,1.94632,79.77426,0.10007,1.99991,5.71428,0.19510,0.11674,0.51750
21.80000,13.36104,2.54544,1.35860,28.61003,1.94585,79.78272,0.10007,1.99991,5.70212,0.19506,0.11654,0.51752
21.85000,13.37190,2.61250,1.35915,28.67708,1.94258,80.59854,0.10008,1.99991,5.49292,0.19451,0.11188,0.51289
21.90000,13.38077,2.67989,1.35973,28.74414,1.94239,80.65991,0.10008,1.99991,5.47888,0.19450,0.11193,0.51274
21.95000,13.38770,2.74754,1.36033,28.81123,1.94209,80.68853,0.10008,1.99991,5.46477,0.19448,0.11197,0.51262
22.00000,13.39274,2.81538,1.36096,28.87835,1.94183,80.70004,0.10009,1.99991,5.44373,0.19444,0.11204,0.51260
22.05000,13.39594,2.88337,1.36160,28.94551,1.94145,80.68850,0.10009,1.99991,5.42671,0.19441,0.11215,0.51251
22.10000,13.39734,2.95145,1.36227,29.01271,1.94104,80.66142,0.10009,1.99991,5.40981,0.19438,0.11231,0.51242
22.15000,13.39700,3.01957,1.36296,29.07996,1.94071,80.62805,0.10009,1.99991,5.38690,0.19435,0.11252,0.51239
22.20000,13.39497,3.08771,1.36367,29.14727,1.93714,81.36000,0.10011,1.99991,5.19334,0.19375,0.10860,0.50702
22.25000,13.39130,3.15581,1.36440,29.21463,1.93701,81.36225,0.10012,1.99991,5.17592,0.19375,0.10898,0.50671
22.30000,13.38606,3.22384,1.36516,29.28205,1.93686,81.33831,0.10012,1.99991,5.15333,0.19373,0.10937,0.50653
22.35000,13.37929,3.29178,1.36594,29.34953,1.93659,81.28681,0.10012,1.99991,5.13367,0.19372,0.10979,0.50630
22.40000,13.37107,3.35960,1.36674,29.41708,1.93628,81.21537,0.10013,1.99991,5.11425,0.19370,0.11026,0.50607
22.45000,13.36143,3.42727,1.36756,29.48470,1.93604,81.13207,0.10013,1.99991,5.09079,0.19368,0.11077,0.50590
22.50000,13.35045,3.49478,1.36840,29.55238,1.93574,81.03152,0.10014,1.99990,5.07011,0.19367,0.11134,0.50567
22.55000,13.33817,3.56211,1.36927,29.62014,1.93545,80.91818,0.10014,1.99990,5.04989,0.19366,0.11197,0.50541
22.60000,13.32466,3.62925,1.37016,29.68800,1.93175,81.56084,0.10018,1.99990,4.87077,0.19300,0.10844,0.49931
22.65000,13.30997,3.69619,1.37107,29.75592,1.93177,81.48320,0.10019,1.99990,4.85180,0.19302,0.10918,0.49884
22.70000,13.29415,3.76291,1.37201,29.82392,1.93170,81.37869,0.10019,1.99990,4.83308,0.19304,0.10993,0.49841
22.75000,13.27726,3.82943,1.37297,29.89200,1.93166,81.25902,0.10020,1.99990,4.81208,0.19304,0.11072,0.49806
22.80000,13.25935,3.89572,1.37395,29.96016,1.93158,81.12404,0.10021,1.99990,4.79302,0.19305,0.11154,0.49768
22.85000,13.24048,3.96180,1.37496,30.02839,1.93150,80.97826,0.10022,1.99990,4.77467,0.19306,0.11241,0.49729
22.90000,13.22071,4.02767,1.37599,30.09671,1.93148,80.82640,0.10023,1.99989,4.75503,0.19307,0.11332,0.49694
22.95000,13.20007,4.09333,1.37705,30.16513,1.92766,81.41818,0.10030,1.99989,4.59906,0.19238,0.10986,0.49005
23.00000,13.17862,4.15878,1.37812,30.23363,1.92784,81.29584,0.10031,1.99989,4.58406,0.19242,0.11078,0.48944
23.05000,13.15641,4.22404,1.37922,30.30220,1.92794,81.15227,0.10032,1.99989,4.56964,0.19245,0.11171,0.48889
23.10000,13.13348,4.28911,1.38035,30.37086,1.92808,80.99852,0.10033,1.99989,4.55386,0.19248,0.11264,0.48842
23.15000,13.10989,4.35400,1.38151,30.43960,1.92817,80.83465,0.10035,1.99989,4.54045,0.19251,0.11360,0.48793
23.20000,13.08567,4.41872,1.38272,30.50842,1.92828,80.66612,0.10036,1.99989,4.52803,0.19254,0.11458,0.48745
23.25000,13.06086,4.48329,1.38399,30.57734,1.92844,80.49797,0.10038,1.99988,4.51517,0.19257,0.11557,0.48702
23.30000,13.03551,4.54771,1.38534,30.64634,1.92861,80.32818,0.10039,1.99988,4.50451,0.19261,0.11656,0.48657
23.35000,13.00964,4.61200,1.38675,30.71543,1.92879,80.15940,0.10040,1.99988,4.49507,0.19265,0.11756,0.48611
23.40000,12.98331,4.67619,1.38823,30.78462,1.92902,79.99423,0.10042,1.99988,4.48585,0.19269,0.11854,0.48570
23.45000,12.95655,4.74027,1.38976,30.85390,1.92926,79.83044,0.10043,1.99988,4.47863,0.19273,0.11951,0.48527
23.50000,12.92939,4.80428,1.39135,30.92328,1.92950,79.66949,0.10045,1.99988,4.47275,0.19277,0.12045,0.48484
23.55000,12.90187,4.86821,1.39297,30.99272,1.93354,78.71956,0.10037,1.99988,4.59653,0.19349,0.12689,0.49130
23.60000,12.87402,4.93210,1.39464,31.06227,1.93368,78.52180,0.10038,1.99988,4.59206,0.19352,0.12782,0.49113
23.65000,12.84588,4.99594,1.39634,31.13194,1.93391,78.34426,0.10039,1.99988,4.58942,0.19355,0.12874,0.49090
23.70000,12.81746,5.05976,1.39807,31.20170,1.93420,78.18292,0.10039,1.99988,4.58796,0.19359,0.12962,0.49065
23.75000,12.78881,5.12357,1.39983,31.27157,1.93453,78.03421,0.10040,1.99988,4.58830,0.19364,0.13046,0.49038
23.80000,12.75994,5.18738,1.40160,31.34154,1.93488,77.89725,0.10041,1.99988,4.59008,0.19368,0.13125,0.49011
23.85000,12.73088,5.25120,1.40338,31.41160,1.93526,77.77149,0.10041,1.99988,4.59318,0.19373,0.13198,0.48984
23.90000,12.70165,5.31504,1.40517,31.48172,1.93907,76.81036,0.10033,1.99988,4.73519,0.19436,0.13899,0.49618
23.95000,12.67226,5.37891,1.40696,31.55196,1.93931,76.65297,0.10034,1.99988,4.74018,0.19439,0.13957,0.49617
24.00000,12.64274,5.44281,1.40875,31.62232,1.93962,76.52520,0.10034,1.99988,4.74671,0.19442,0.14014,0.49609
24.05000,12.61308,5.50675,1.41053,31.69276,1.94000,76.42129,0.10034,1.99988,4.75432,0.19446,0.14066,0.49599
24.10000,12.58331,5.57073,1.41230,31.76328,1.94041,76.33684,0.10034,1.99988,4.76322,0.19450,0.14112,0.49588
24.15000,12.55344,5.63477,1.41405,31.83390,1.94084,76.26980,0.10034,1.99988,4.77315,0.19455,0.14152,0.49576
24.20000,12.52346,5.69885,1.41578,31.90472,1.94129,76.21884,0.10034,1.99988,4.78401,0.19459,0.14187,0.49565
24.25000,12.49338,5.76297,1.41747,31.97581,1.94481,75.29519,0.10027,1.99989,4.94646,0.19513,0.14904,0.50177
24.30000,12.46320,5.82715,1.41913,32.04719,1.94508,75.21223,0.10027,1.99989,4.95881,0.19516,0.14916,0.50191
24.35000,12.43292,5.89136,1.42076,32.11875,1.94543,75.16603,0.10027,1.99989,4.97229,0.19519,0.14927,0.50198
24.40000,12.40253,5.95562,1.42234,32.19038,1.94584,75.15066,0.10026,1.99989,4.98640,0.19522,0.14936,0.50203
24.45000,12.37203,6.01990,1.42389,32.26196,1.94628,75.16141,0.10026,1.99989,5.00124,0.19526,0.14941,0.50207
24.50000,12.34141,6.08422,1.42540,32.33338,1.94674,75.19507,0.10025,1.99989,5.01650,0.19529,0.14941,0.50210
24.55000,12.31065,6.14855,1.42686,32.40468,1.94722,75.24929,0.10025,1.99989,5.03176,0.19533,0.14936,0.50214
24.60000,12.27974,6.21289,1.42828,32.47605,1.95042,74.40700,0.10020,1.99989,5.21325,0.19580,0.15647,0.50790
24.65000,12.24867,6.27723,1.42966,32.54748,1.95067,74.42387,0.10019,1.99989,5.22886,0.19581,0.15616,0.50816
24.70000,12.21741,6.34155,1.43101,32.61899,1.95099,74.47699,0.10019,1.99989,5.24499,0.19584,0.15587,0.50835
24.75000,12.18594,6.40585,1.43231,32.69057,1.95136,74.55886,0.10019,1.99989,5.26077,0.19586,0.15559,0.50852
24.80000,12.15425,6.47010,1.43358,32.76220,1.95173,74.66196,0.10018,1.99989,5.27735,0.19588,0.15526,0.50867
24.85000,12.12230,6.53430,1.43481,32.83390,1.95210,74.78230,0.10018,1.99989,5.29470,0.19591,0.15486,0.50881
24.90000,12.09008,6.59843,1.43601,32.90566,1.95245,74.91760,0.10017,1.99989,5.31238,0.19593,0.15435,0.50896
24.95000,12.05755,6.66247,1.43716,32.97753,1.95519,74.13908,0.10013,1.99990,5.51293,0.19633,0.16106,0.51421
25.00000,12.02468,6.72640,1.43827,33.04944,1.95524,74.21769,0.10013,1.99990,5.53354,0.19633,0.16007,0.51454
25.05000,11.99144,6.79020,1.43935,33.12141,1.95530,74.32500,0.10013,1.99990,5.55579,0.19633,0.15903,0.51481
25.10000,11.95779,6.85385,1.44040,33.19343,1.95538,74.45408,0.10012,1.99990,5.57770,0.19633,0.15793,0.51507
25.15000,11.92371,6.91733,1.44141,33.26553,1.95557,74.59325,0.10012,1.99990,5.59567,0.19634,0.15721,0.51527
25.20000,11.88915,6.98060,1.44240,33.33768,1.95579,74.73905,0.10012,1.99990,5.61241,0.19636,0.15659,0.51544
25.25000,11.85409,7.04365,1.44335,33.40991,1.95596,74.88823,0.10011,1.99990,5.63073,0.19637,0.15586,0.51560
25.30000,11.81847,7.10644,1.44426,33.48219,1.95622,75.04009,0.10011,1.99990,5.64339,0.19638,0.15533,0.51577
25.35000,11.78227,7.16895,1.44515,33.55454,1.95646,75.18776,0.10011,1.99990,5.65632,0.19640,0.15489,0.51589
25.40000,11.74545,7.23115,1.44601,33.62695,1.95669,75.33202,0.10011,1.99990,5.66900,0.19641,0.15447,0.51601
25.45000,11.70796,7.29299,1.44685,33.69942,1.95691,75.47537,0.10010,1.99990,5.67946,0.19642,0.15399,0.51615
25.50000,11.66977,7.35446,1.44765,33.77196,1.95708,75.61263,0.10010,1.99990,5.69219,0.19643,0.15343,0.51627
25.55000,11.63084,7.41550,1.44843,33.84455,1.95720,75.74464,0.10010,1.99990,5.70576,0.19644,0.15280,0.51639
25.60000,11.59114,7.47609,1.44918,33.91720,1.95728,75.87087,0.10010,1.99991,5.71991,0.19644,0.15212,0.51650
25.65000,11.55062,7.53619,1.44990,33.98990,1.95737,75.99552,0.10009,1.99991,5.73004,0.19644,0.15143,0.51666
25.70000,11.50926,7.59574,1.45061,34.06266,1.95744,76.11096,0.10009,1.99991,5.74148,0.19644,0.15081,0.51677
25.75000,11.46701,7.65472,1.45129,34.13547,1.95752,76.21952,0.10009,1.99991,5.75130,0.19645,0.15031,0.51687
25.80000,11.42385,7.71307,1.45194,34.20832,1.95765,76.32565,0.10009,1.99991,5.75585,0.19645,0.14992,0.51700
25.85000,11.37974,7.77075,1.45258,34.28122,1.95776,76.42599,0.10009,1.99991,5.76046,0.19645,0.14961,0.51709
25.90000,11.33466,7.82772,1.45320,34.35416,1.95787,76.52512,0.10009,1.99991,5.76258,0.19646,0.14941,0.51717
25.95000,11.28859,7.88392,1.45380,34.42714,1.95792,76.62668,0.10009,1.99991,5.76552,0.19646,0.14907,0.51726
26.00000,11.24150,7.93932,1.45438,34.50015,1.95783,76.73911,0.10008,1.99991,5.76964,0.19644,0.14821,0.51743
26.05000,11.19337,7.99385,1.45494,34.57320,1.95772,76.84975,0.10008,1.99991,5.77353,0.19643,0.14747,0.51757
26.10000,11.14419,8.04747,1.45549,34.64627,1.95754,76.96470,0.10008,1.99991,5.77781,0.19641,0.14661,0.51771
26.15000,11.09394,8.10013,1.45603,34.71936,1.95725,77.07320,0.10008,1.99991,5.78687,0.19639,0.14548,0.51786
26.20000,11.04261,8.15177,1.45655,34.79247,1.95699,77.15380,0.10008,1.99991,5.79733,0.19636,0.14423,0.51806
26.25000,10.99019,8.20234,1.45707,34.86560,1.95665,77.23301,0.10008,1.99991,5.81069,0.19633,0.14295,0.51823
26.30000,10.93667,8.25179,1.45758,34.93874,1.95629,77.30520,0.10008,1.99991,5.82445,0.19631,0.14170,0.51839
26.35000,10.88208,8.30009,1.45807,35.01189,1.95594,77.35740,0.10007,1.99991,5.84047,0.19628,0.14050,0.51853
26.40000,10.82642,8.34719,1.45854,35.08505,1.95565,77.40884,0.10007,1.99991,5.85005,0.19625,0.13931,0.51874
26.45000,10.76969,8.39303,1.45900,35.15821,1.95529,77.45203,0.10007,1.99991,5.86403,0.19622,0.13816,0.51889
26.50000,10.71188,8.43755,1.45947,35.23137,1.95489,77.49279,0.10007,1.99991,5.87760,0.19619,0.13700,0.51903
26.55000,10.65302,8.48070,1.45996,35.30453,1.95450,77.53561,0.10007,1.99991,5.88513,0.19615,0.13584,0.51922
26.60000,10.59311,8.52242,1.46045,35.37768,1.95404,77.56415,0.10007,1.99991,5.89504,0.19611,0.13471,0.51937
26.65000,10.53218,8.56269,1.46096,35.45080,1.95350,77.57288,0.10007,1.99991,5.90493,0.19607,0.13360,0.51949
26.70000,10.47026,8.60146,1.46147,35.52391,1.95292,77.55855,0.10007,1.99991,5.91545,0.19603,0.13253,0.51959
26.75000,10.40737,8.63869,1.46199,35.59703,1.95236,77.52738,0.10007,1.99991,5.92104,0.19599,0.13146,0.51974
26.80000,10.34354,8.67435,1.46253,35.67017,1.95171,77.45774,0.10006,1.99991,5.93231,0.19594,0.13045,0.51982
26.85000,10.27881,8.70840,1.46308,35.74330,1.95109,77.40814,0.10006,1.99991,5.94602,0.19590,0.12941,0.51991
26.90000,10.21322,8.74082,1.46364,35.81641,1.95053,77.39172,0.10006,1.99991,5.96208,0.19586,0.12833,0.52001
26.95000,10.14681,8.77159,1.46422,35.88948,1.95001,77.34807,0.10006,1.99991,5.97170,0.19581,0.12730,0.52016
27.00000,10.07961,8.80068,1.46482,35.96254,1.94940,77.35309,0.10006,1.99991,5.98031,0.19577,0.12628,0.52029
27.05000,10.01168,8.82810,1.46543,36.03560,1.94880,77.39385,0.10006,1.99991,5.98644,0.19572,0.12527,0.52043
27.10000,9.94306,8.85382,1.46606,36.10866,1.94555,78.30396,0.10007,1.99991,5.78736,0.19523,0.11914,0.51624
27.15000,9.87379,8.87784,1.46671,36.18172,1.94523,78.43451,0.10007,1.99991,5.78860,0.19520,0.11844,0.51626
27.20000,9.80392,8.90017,1.46738,36.25478,1.94477,78.54162,0.10007,1.99991,5.78670,0.19517,0.11776,0.51632
27.25000,9.73350,8.92082,1.46807,36.32789,1.94422,78.62447,0.10007,1.99991,5.78300,0.19512,0.11709,0.51639
27.30000,9.66257,8.93978,1.46876,36.40104,1.94368,78.69218,0.10007,1.99991,5.77316,0.19506,0.11645,0.51653
27.35000,9.59118,8.95708,1.46947,36.47417,1.94305,78.74138,0.10007,1.99991,5.76699,0.19501,0.11585,0.51663
27.40000,9.51938,8.97272,1.47020,36.54716,1.94242,78.78659,0.10007,1.99991,5.76144,0.19496,0.11528,0.51673
27.45000,9.44719,8.98672,1.47094,36.62008,1.93874,79.67356,0.10009,1.99991,5.56421,0.19440,0.11038,0.51203
27.50000,9.37468,8.99910,1.47171,36.69321,1.93851,79.81470,0.10009,1.99991,5.55702,0.19437,0.11001,0.51203
27.55000,9.30187,9.00988,1.47248,36.76671,1.93813,79.93613,0.10008,1.99991,5.55289,0.19434,0.10962,0.51203
27.60000,9.22881,9.01908,1.47326,36.84046,1.93768,80.05240,0.10008,1.99991,5.54979,0.19431,0.10923,0.51206
27.65000,9.15552,9.02672,1.47404,36.91404,1.93718,80.15100,0.10008,1.99991,5.54588,0.19428,0.10886,0.51209
27.70000,9.08205,9.03281,1.47483,36.98736,1.93655,80.16859,0.10008,1.99991,5.53441,0.19422,0.10858,0.51213
27.75000,9.00844,9.03738,1.47563,37.06061,1.93584,80.17754,0.10008,1.99991,5.52642,0.19418,0.10835,0.51211
27.80000,8.93470,9.04044,1.47645,37.13398,1.93169,80.97038,0.10010,1.99991,5.33597,0.19355,0.10440,0.50681
27.85000,8.86087,9.04202,1.47729,37.20748,1.93122,80.98827,0.10011,1.99991,5.32198,0.19351,0.10437,0.50663
27.90000,8.78699,9.04214,1.47815,37.28104,1.93055,80.95695,0.10011,1.99991,5.30906,0.19347,0.10434,0.50646
27.95000,8.71307,9.04085,1.47902,37.35464,1.92977,80.89864,0.10011,1.99991,5.29523,0.19342,0.10432,0.50631
28.00000,8.63915,9.03816,1.47991,37.42826,1.92896,80.82645,0.10011,1.99991,5.28092,0.19337,0.10432,0.50617
28.05000,8.56524,9.03411,1.48081,37.50191,1.92822,80.75424,0.10011,1.99991,5.26274,0.19331,0.10432,0.50611
28.10000,8.49137,9.02875,1.48174,37.57560,1.92743,80.67461,0.10012,1.99991,5.24706,0.19325,0.10436,0.50601
28.15000,8.41756,9.02209,1.48270,37.64934,1.92274,81.36201,0.10015,1.99991,5.06418,0.19252,0.10102,0.50009
28.20000,8.34383,9.01419,1.48368,37.72313,1.92224,81.32523,0.10015,1.99991,5.05016,0.19249,0.10116,0.49980
28.25000,8.27018,9.00508,1.48468,37.79697,1.92170,81.26379,0.10015,1.99991,5.03278,0.19244,0.10128,0.49962
28.30000,8.19664,8.99482,1.48571,37.87086,1.92104,81.17935,0.10016,1.99991,5.01755,0.19239,0.10142,0.49942
28.35000,8.12320,8.98343,1.48676,37.94482,1.92034,81.07930,0.10016,1.99991,5.00245,0.19235,0.10158,0.49923
28.40000,8.04989,8.97099,1.48783,38.01885,1.91963,80.96691,0.10017,1.99990,4.98747,0.19231,0.10176,0.49903
28.45000,7.97670,8.95752,1.48894,38.09297,1.91461,81.60321,0.10021,1.99990,4.81730,0.19147,0.09880,0.49255
28.50000,7.90364,8.94307,1.49007,38.16714,1.91418,81.52310,0.10022,1.99990,4.80346,0.19145,0.09904,0.49217
28.55000,7.83071,8.92770,1.49123,38.24139,1.91365,81.41875,0.10022,1.99990,4.78967,0.19142,0.09928,0.49185
28.60000,7.75791,8.91146,1.49241,38.31570,1.91306,81.29841,0.10023,1.99990,4.77610,0.19139,0.09954,0.49155
28.65000,7.68523,8.89440,1.49362,38.39009,1.91252,81.17011,0.10024,1.99990,4.76090,0.19135,0.09980,0.49131
28.70000,7.61268,8.87658,1.49485,38.46456,1.91194,81.03287,0.10025,1.99990,4.74761,0.19132,0.10009,0.49104
28.75000,7.54024,8.85803,1.49611,38.53911,1.91139,80.89098,0.10025,1.99990,4.73478,0.19130,0.10040,0.49077
28.80000,7.46791,8.83882,1.49740,38.61373,1.91090,80.74778,0.10026,1.99990,4.72134,0.19127,0.10073,0.49052
28.85000,7.39568,8.81899,1.49871,38.68844,1.91044,80.60235,0.10027,1.99989,4.70907,0.19125,0.10108,0.49025
28.90000,7.32354,8.79861,1.50005,38.76324,1.91002,80.45654,0.10028,1.99989,4.69728,0.19124,0.10145,0.48997
28.95000,7.25147,8.77770,1.50141,38.83812,1.90965,80.31110,0.10029,1.99989,4.68594,0.19123,0.10184,0.48969
29.00000,7.17947,8.75633,1.50280,38.91309,1.90936,80.16755,0.10030,1.99989,4.67431,0.19122,0.10225,0.48942
29.05000,7.10752,8.73455,1.50421,38.98814,1.90910,80.02462,0.10031,1.99989,4.66358,0.19122,0.10268,0.48913
29.10000,7.03561,8.71240,1.50565,39.06328,1.90889,79.88338,0.10031,1.99989,4.65329,0.19122,0.10312,0.48885
29.15000,6.96372,8.68992,1.50712,39.13851,1.90874,79.74448,0.10032,1.99989,4.64341,0.19123,0.10358,0.48856
29.20000,6.89184,8.66717,1.50861,39.21382,1.90866,79.60908,0.10033,1.99989,4.63362,0.19124,0.10406,0.48827
29.25000,6.81996,8.64419,1.51012,39.28923,1.90862,79.47684,0.10034,1.99989,4.62456,0.19126,0.10456,0.48799
29.30000,6.74806,8.62102,1.51165,39.36473,1.90863,79.34839,0.10035,1.99989,4.61597,0.19128,0.10506,0.48770
29.35000,6.67612,8.59770,1.51321,39.44031,1.90871,79.22389,0.10036,1.99989,4.60783,0.19130,0.10559,0.48741
29.40000,6.60414,8.57427,1.51480,39.51599,1.90884,79.10352,0.10037,1.99988,4.60007,0.19133,0.10612,0.48713
29.45000,6.53209,8.55077,1.51640,39.59175,1.90903,78.98723,0.10038,1.99988,4.59285,0.19137,0.10667,0.48685
29.50000,6.45998,8.52724,1.51802,39.66760,1.90926,78.87545,0.10039,1.99988,4.58605,0.19140,0.10723,0.48656
29.55000,6.38777,8.50370,1.51966,39.74354,1.90955,78.76838,0.10040,1.99988,4.57966,0.19144,0.10781,0.48629
29.60000,6.31547,8.48020,1.52136,39.81957,1.90989,78.66612,0.10041,1.99988,4.57364,0.19149,0.10839,0.48601
29.65000,6.24306,8.45677,1.52313,39.89569,1.91026,78.56811,0.10041,1.99988,4.56829,0.19153,0.10898,0.48574
29.70000,6.17051,8.43344,1.52498,39.97190,1.91068,78.47494,0.10042,1.99988,4.56321,0.19158,0.10957,0.48547
29.75000,6.09783,8.41025,1.52690,40.04821,1.91114,78.38651,0.10043,1.99988,4.55852,0.19163,0.11017,0.48522
29.80000,6.02499,8.38721,1.52888,40.12462,1.91163,78.30298,0.10044,1.99988,4.55424,0.19168,0.11077,0.48497
29.85000,5.95198,8.36436,1.53091,40.20114,1.91215,78.22379,0.10044,1.99988,4.55080,0.19174,0.11137,0.48471
29.90000,5.87881,8.34172,1.53300,40.27775,1.91271,78.15022,0.10045,1.99988,4.54752,0.19179,0.11196,0.48448
29.95000,5.80546,8.31930,1.53514,40.35448,1.91330,78.08213,0.10046,1.99988,4.54464,0.19185,0.11256,0.48425
30.00000,5.73191,8.29713,1.53732,40.43131,1.91393,78.01981,0.10046,1.99988,4.54217,0.19191,0.11315,0.48403
30.05000,5.65818,8.27520,1.53953,40.50825,1.91457,77.96270,0.10047,1.99988,4.54062,0.19197,0.11374,0.48381
30.10000,5.58426,8.25354,1.54178,40.58529,1.91525,77.91231,0.10047,1.99988,4.53918,0.19203,0.11431,0.48361
30.15000,5.51014,8.23216,1.54405,40.66245,1.91595,77.86803,0.10048,1.99988,4.53817,0.19209,0.11488,0.48343
30.20000,5.43582,8.21105,1.54635,40.73973,1.91667,77.82958,0.10048,1.99988,4.53760,0.19215,0.11543,0.48325
30.25000,5.36130,8.19021,1.54867,40.81711,1.91739,77.79582,0.10049,1.99988,4.53798,0.19221,0.11597,0.48307
30.30000,5.28658,8.16966,1.55099,40.89461,1.91813,77.76775,0.10049,1.99988,4.53856,0.19227,0.11649,0.48291
30.35000,5.21167,8.14938,1.55332,40.97222,1.91887,77.74494,0.10049,1.99988,4.53965,0.19233,0.11699,0.48276
30.40000,5.13657,8.12937,1.55566,41.04994,1.91962,77.72755,0.10049,1.99988,4.54125,0.19239,0.11746,0.48263
30.45000,5.06127,8.10963,1.55799,41.12780,1.92038,77.71576,0.10049,1.99988,4.54338,0.19245,0.11792,0.48250
30.50000,4.98579,8.09014,1.56031,41.20578,1.92112,77.70887,0.10049,1.99988,4.54659,0.19251,0.11835,0.48237
30.55000,4.91012,8.07090,1.56261,41.28383,1.92188,77.70861,0.10049,1.99988,4.54993,0.19257,0.11875,0.48227
30.60000,4.83428,8.05188,1.56490,41.36191,1.92674,76.87509,0.10039,1.99988,4.68891,0.19332,0.12444,0.48914
30.65000,4.75827,8.03309,1.56717,41.44027,1.92729,76.84077,0.10039,1.99988,4.69286,0.19336,0.12479,0.48927
30.70000,4.68209,8.01450,1.56941,41.51922,1.92791,76.82908,0.10039,1.99988,4.69814,0.19340,0.12513,0.48933
30.75000,4.60575,7.99609,1.57162,41.59868,1.92858,76.83485,0.10039,1.99988,4.70396,0.19345,0.12545,0.48936
30.80000,4.52926,7.97786,1.57379,41.67806,1.92927,76.85369,0.10038,1.99988,4.71047,0.19350,0.12574,0.48938
30.85000,4.45263,7.95977,1.57592,41.75708,1.92996,76.88273,0.10038,1.99988,4.71760,0.19355,0.12598,0.48940
30.90000,4.37585,7.94181,1.57801,41.83596,1.93429,76.05266,0.10030,1.99989,4.87190,0.19419,0.13204,0.49601
30.95000,4.29894,7.92396,1.58006,41.91491,1.93472,76.04136,0.10030,1.99989,4.88025,0.19422,0.13213,0.49623
31.00000,4.22191,7.90619,1.58207,41.99399,1.93523,76.05685,0.10030,1.99989,4.88935,0.19425,0.13222,0.49638
31.05000,4.14476,7.88848,1.58405,42.07315,1.93576,76.09181,0.10029,1.99989,4.89925,0.19429,0.13227,0.49651
31.10000,4.06751,7.87081,1.58599,42.15239,1.93631,76.14154,0.10029,1.99989,4.90979,0.19433,0.13229,0.49661
31.15000,3.99015,7.85315,1.58789,42.23172,1.93686,76.20276,0.10028,1.99989,4.92089,0.19436,0.13227,0.49670
31.20000,3.91271,7.83546,1.58975,42.31115,1.93739,76.27315,0.10028,1.99989,4.93237,0.19440,0.13220,0.49679
31.25000,3.83517,7.81773,1.59156,42.39071,1.94114,75.46111,0.10022,1.99989,5.10431,0.19495,0.13834,0.50299
31.30000,3.75757,7.79991,1.59334,42.47034,1.94140,75.47999,0.10022,1.99989,5.11627,0.19496,0.13807,0.50327
31.35000,3.67990,7.78199,1.59508,42.55004,1.94173,75.52515,0.10021,1.99989,5.12880,0.19498,0.13782,0.50349
31.40000,3.60218,7.76392,1.59679,42.62984,1.94209,75.58892,0.10021,1.99989,5.14165,0.19500,0.13758,0.50367
31.45000,3.52441,7.74567,1.59845,42.70971,1.94247,75.66679,0.10020,1.99990,5.15409,0.19502,0.13734,0.50383
31.50000,3.44660,7.72721,1.60009,42.78968,1.94286,75.75420,0.10020,1.99990,5.16668,0.19505,0.13710,0.50397
31.55000,3.36878,7.70851,1.60167,42.86976,1.94618,74.94090,0.10016,1.99990,5.35242,0.19553,0.14339,0.50963
31.60000,3.29094,7.68952,1.60322,42.94991,1.94633,74.96801,0.10016,1.99990,5.36412,0.19553,0.14299,0.50992
31.65000,3.21310,7.67021,1.60474,43.03012,1.94655,75.02213,0.10015,1.99990,5.37550,0.19554,0.14268,0.51014
31.70000,3.13527,7.65054,1.60623,43.11042,1.94684,75.09693,0.10015,1.99990,5.38514,0.19555,0.14243,0.51034
31.75000,3.05747,7.63048,1.60769,43.19080,1.94716,75.18454,0.10015,1.99990,5.39456,0.19557,0.14225,0.51049
31.80000,2.97970,7.60998,1.60911,43.27125,1.94751,75.28146,0.10015,1.99990,5.40292,0.19559,0.14212,0.51061
31.85000,2.90199,7.58901,1.61050,43.35181,1.95055,74.46243,0.10012,1.99990,5.59540,0.19601,0.14887,0.51565
31.90000,2.82435,7.56752,1.61185,43.43242,1.95066,74.48957,0.10012,1.99990,5.60108,0.19602,0.14866,0.51590
31.95000,2.74680,7.54548,1.61319,43.51311,1.95087,74.54413,0.10012,1.99990,5.60413,0.19602,0.14856,0.51610
32.00000,2.66934,7.52285,1.61450,43.59386,1.95112,74.61544,0.10011,1.99990,5.60723,0.19603,0.14855,0.51625
32.05000,2.59201,7.49958,1.61579,43.67469,1.95140,74.69934,0.10011,1.99990,5.60930,0.19604,0.14861,0.51637
32.10000,2.51482,7.47564,1.61707,43.75558,1.95171,74.79155,0.10011,1.99990,5.61042,0.19606,0.14871,0.51646
32.15000,2.43779,7.45097,1.61832,43.83655,1.95202,74.88862,0.10011,1.99990,5.61071,0.19607,0.14886,0.51654
32.20000,2.36093,7.42555,1.61956,43.91758,1.95236,74.99032,0.10011,1.99990,5.60818,0.19608,0.14902,0.51664
32.25000,2.28428,7.39934,1.62078,43.99869,1.95268,75.09008,0.10011,1.99990,5.60652,0.19610,0.14920,0.51670
32.30000,2.20786,7.37229,1.62200,44.07986,1.95298,75.18755,0.10011,1.99990,5.60453,0.19611,0.14939,0.51676
32.35000,2.13169,7.34436,1.62319,44.16109,1.95326,75.28106,0.10011,1.99990,5.60243,0.19613,0.14958,0.51681
32.40000,2.05579,7.31553,1.62438,44.24239,1.95352,75.36909,0.10011,1.99990,5.60045,0.19614,0.14974,0.51686
32.45000,1.98020,7.28575,1.62555,44.32375,1.95378,75.45308,0.10011,1.99990,5.59643,0.19615,0.14988,0.51693
32.50000,1.90493,7.25500,1.62671,44.40517,1.95400,75.52689,0.10011,1.99990,5.59448,0.19616,0.15000,0.51697
32.55000,1.83003,7.22323,1.62786,44.48665,1.95418,75.59093,0.10011,1.99990,5.59325,0.19617,0.15009,0.51701
32.60000,1.75550,7.19044,1.62900,44.56820,1.95434,75.64423,0.10011,1.99990,5.59290,0.19617,0.15014,0.51704
32.65000,1.68139,7.15658,1.63013,44.64980,1.95447,75.68616,0.10011,1.99990,5.59358,0.19618,0.15015,0.51707
32.70000,1.60772,7.12164,1.63125,44.73145,1.95456,75.71641,0.10011,1.99990,5.59539,0.19618,0.15013,0.51709
32.75000,1.53452,7.08560,1.63235,44.81317,1.95467,75.73922,0.10011,1.99990,5.59499,0.19618,0.15005,0.51715
32.80000,1.46183,7.04844,1.63345,44.89494,1.95472,75.74815,0.10011,1.99990,5.59821,0.19618,0.14994,0.51717
32.85000,1.38966,7.01015,1.63453,44.97676,1.95475,75.74669,0.10010,1.99990,5.60256,0.19619,0.14979,0.51720
32.90000,1.31804,6.97072,1.63560,45.05864,1.95475,75.73597,0.10010,1.99990,5.60799,0.19618,0.14960,0.51721
32.95000,1.24701,6.93015,1.63666,45.14057,1.95474,75.71746,0.10010,1.99990,5.61443,0.19618,0.14937,0.51723
33.00000,1.17659,6.88841,1.63770,45.22256,1.95473,75.69693,0.10010,1.99990,5.61859,0.19618,0.14910,0.51728
33.05000,1.10680,6.84553,1.63873,45.30461,1.95469,75.67033,0.10010,1.99990,5.62572,0.19617,0.14880,0.51731
33.10000,1.03768,6.80149,1.63974,45.38670,1.95464,75.64256,0.10010,1.99990,5.63347,0.19617,0.14847,0.51733
33.15000,0.96924,6.75629,1.64074,45.46884,1.95458,75.61616,0.10010,1.99990,5.64163,0.19616,0.14812,0.51736
33.20000,0.90152,6.70995,1.64172,45.55102,1.95452,75.59353,0.10010,1.99990,5.64997,0.19616,0.14775,0.51740
33.25000,0.83453,6.66247,1.64269,45.63325,1.95447,75.57695,0.10010,1.99990,5.65827,0.19615,0.14738,0.51743
33.30000,0.76830,6.61386,1.64364,45.71551,1.95446,75.57279,0.10010,1.99990,5.66270,0.19614,0.14701,0.51751
33.35000,0.70285,6.56412,1.64458,45.79780,1.95444,75.57502,0.10010,1.99990,5.66946,0.19614,0.14665,0.51757
33.40000,0.63821,6.51326,1.64550,45.88013,1.95442,75.58740,0.10010,1.99990,5.67575,0.19613,0.14630,0.51762
33.45000,0.57440,6.46129,1.64641,45.96249,1.95442,75.61014,0.10010,1.99990,5.68150,0.19613,0.14597,0.51768
33.50000,0.51144,6.40822,1.64730,46.04488,1.95443,75.64301,0.10010,1.99990,5.68665,0.19613,0.14567,0.51774
33.55000,0.44935,6.35407,1.64818,46.12731,1.95449,75.68896,0.10010,1.99991,5.68819,0.19612,0.14537,0.51784
33.60000,0.38816,6.29883,1.64904,46.20977,1.95453,75.74124,0.10009,1.99991,5.69117,0.19612,0.14511,0.51791
33.65000,0.32790,6.24253,1.64989,46.29227,1.95458,75.80089,0.10009,1.99991,5.69354,0.19612,0.14487,0.51798
33.70000,0.26859,6.18517,1.65073,46.37480,1.95463,75.86645,0.10009,1.99991,5.69534,0.19612,0.14466,0.51804
33.75000,0.21025,6.12675,1.65156,46.45736,1.95468,75.93624,0.10009,1.99991,5.69663,0.19612,0.14446,0.51810
33.80000,0.15291,6.06730,1.65237,46.53996,1.95472,76.00840,0.10009,1.99991,5.69749,0.19612,0.14429,0.51816
33.85000,0.09661,6.00681,1.65318,46.62260,1.95480,76.08520,0.10009,1.99991,5.69454,0.19612,0.14412,0.51825
33.90000,0.04136,5.94530,1.65397,46.70528,1.95483,76.15808,0.10009,1.99991,5.69382,0.19612,0.14396,0.51831
33.95000,-0.01280,5.88278,1.65476,46.78799,1.95485,76.22807,0.10009,1.99991,5.69303,0.19612,0.14380,0.51836
34.00000,-0.06584,5.81926,1.65554,46.87074,1.95484,76.29365,0.10009,1.99991,5.69229,0.19611,0.14363,0.51840
34.05000,-0.11773,5.75474,1.65632,46.95353,1.95480,76.35336,0.10009,1.99991,5.69178,0.19611,0.14344,0.51844
34.10000,-0.16844,5.68924,1.65709,47.03636,1.95474,76.40578,0.10009,1.99991,5.69162,0.19611,0.14323,0.51848
34.15000,-0.21794,5.62278,1.65786,47.11922,1.95470,76.45459,0.10009,1.99991,5.68778,0.19610,0.14300,0.51856
34.20000,-0.26620,5.55536,1.65862,47.20212,1.95460,76.49062,0.10009,1.99991,5.68755,0.19609,0.14275,0.51860
34.25000,-0.31319,5.48700,1.65939,47.28506,1.95448,76.51652,0.10009,1.99991,5.68799,0.19608,0.14248,0.51863
34.30000,-0.35887,5.41772,1.66016,47.36803,1.95432,76.53203,0.10009,1.99991,5.68916,0.19607,0.14218,0.51866
34.35000,-0.40322,5.34753,1.66093,47.45103,1.95414,76.53714,0.10009,1.99991,5.69112,0.19606,0.14186,0.51868
34.40000,-0.44622,5.27646,1.66170,47.53406,1.95397,76.53613,0.10009,1.99991,5.69050,0.19604,0.14149,0.51874
34.45000,-0.48783,5.20453,1.66248,47.61714,1.95375,76.52294,0.10009,1.99991,5.69298,0.19602,0.14111,0.51877
34.50000,-0.52804,5.13176,1.66327,47.70027,1.95351,76.50049,0.10009,1.99991,5.69626,0.19601,0.14069,0.51880
34.55000,-0.56682,5.05817,1.66406,47.78341,1.95324,76.46958,0.10009,1.99991,5.70033,0.19599,0.14025,0.51882
34.60000,-0.60416,4.98379,1.66487,47.86655,1.95295,76.43140,0.10009,1.99991,5.70518,0.19597,0.13979,0.51884
34.65000,-0.64003,4.90865,1.66568,47.94973,1.95264,76.38768,0.10009,1.99991,5.71077,0.19595,0.13929,0.51886
34.70000,-0.67442,4.83278,1.66650,48.03294,1.95235,76.34474,0.10009,1.99991,5.71358,0.19592,0.13876,0.51892
34.75000,-0.70733,4.75621,1.66734,48.11619,1.95202,76.29830,0.10009,1.99991,5.71947,0.19590,0.13820,0.51896
34.80000,-0.73875,4.67896,1.66818,48.19946,1.95168,76.25328,0.10009,1.99991,5.72591,0.19588,0.13761,0.51900
34.85000,-0.76866,4.60108,1.66904,48.28277,1.95132,76.21167,0.10008,1.99991,5.73281,0.19585,0.13700,0.51904
34.90000,-0.79708,4.52260,1.66990,48.36611,1.95095,76.17501,0.10008,1.99991,5.74003,0.19583,0.13636,0.51908
34.95000,-0.82399,4.44354,1.67078,48.44948,1.95056,76.14446,0.10008,1.99991,5.74749,0.19580,0.13569,0.51913
35.00000,-0.84941,4.36394,1.67167,48.53289,1.95021,76.12459,0.10008,1.99991,5.75189,0.19577,0.13500,0.51922
35.05000,-0.87333,4.28383,1.67256,48.61634,1.94982,76.10944,0.10008,1.99991,5.75876,0.19574,0.13430,0.51929
35.10000,-0.89576,4.20324,1.67347,48.69983,1.94942,76.10158,0.10008,1.99991,5.76577,0.19572,0.13358,0.51936
35.15000,-0.91671,4.12221,1.67438,48.78337,1.94902,76.10095,0.10008,1.99991,5.77287,0.19569,0.13286,0.51943
35.20000,-0.93620,4.04077,1.67530,48.86695,1.94860,76.10732,0.10008,1.99991,5.78002,0.19566,0.13213,0.51950
35.25000,-0.95421,3.95894,1.67623,48.95058,1.94817,76.12018,0.10008,1.99991,5.78717,0.19563,0.13140,0.51957
35.30000,-0.97078,3.87676,1.67717,49.03426,1.94777,76.14200,0.10008,1.99991,5.79133,0.19560,0.13067,0.51967
35.35000,-0.98590,3.79425,1.67812,49.11799,1.94457,77.06561,0.10010,1.99991,5.60326,0.19512,0.12434,0.51529
35.40000,-0.99959,3.71145,1.67908,49.20178,1.94442,77.17390,0.10010,1.99991,5.60945,0.19512,0.12383,0.51522
35.45000,-1.01185,3.62837,1.68005,49.28561,1.94416,77.25761,0.10009,1.99991,5.61516,0.19510,0.12328,0.51521
35.50000,-1.02269,3.54505,1.68102,49.36949,1.94382,77.32302,0.10009,1.99991,5.62036,0.19508,0.12271,0.51521
35.55000,-1.03213,3.46150,1.68200,49.45342,1.94342,77.37431,0.10009,1.99991,5.62502,0.19506,0.12213,0.51524
35.60000,-1.04017,3.37777,1.68298,49.53741,1.94301,77.41755,0.10009,1.99991,5.62638,0.19502,0.12156,0.51530
35.65000,-1.04683,3.29386,1.68398,49.62146,1.93953,78.31919,0.10011,1.99991,5.44209,0.19449,0.11611,0.51040
35.70000,-1.05211,3.20980,1.68499,49.70555,1.93933,78.41939,0.10011,1.99991,5.44440,0.19448,0.11576,0.51028
35.75000,-1.05602,3.12562,1.68600,49.78969,1.93900,78.48785,0.10011,1.99991,5.44572,0.19447,0.11537,0.51022
35.80000,-1.05857,3.04133,1.68702,49.87388,1.93858,78.53325,0.10011,1.99991,5.44611,0.19444,0.11498,0.51020
35.85000,-1.05978,2.95696,1.68805,49.95812,1.93810,78.56118,0.10011,1.99991,5.44561,0.19441,0.11459,0.51019
35.90000,-1.05965,2.87254,1.68909,50.04240,1.93757,78.57538,0.10011,1.99991,5.44425,0.19438,0.11423,0.51019
35.95000,-1.05820,2.78807,1.69015,50.12675,1.93374,79.41750,0.10013,1.99991,5.26115,0.19377,0.10960,0.50478
36.00000,-1.05544,2.70358,1.69122,50.21113,1.93347,79.47977,0.10013,1.99991,5.25824,0.19375,0.10942,0.50462
36.05000,-1.05139,2.61909,1.69230,50.29556,1.93307,79.51106,0.10013,1.99991,5.25428,0.19373,0.10922,0.50452
36.10000,-1.04605,2.53462,1.69339,50.38005,1.93259,79.52045,0.10013,1.99991,5.24939,0.19369,0.10902,0.50446
36.15000,-1.03946,2.45018,1.69450,50.46458,1.93206,79.51365,0.10013,1.99991,5.24364,0.19366,0.10884,0.50442
36.20000,-1.03163,2.36579,1.69563,50.54916,1.93151,79.49428,0.10013,1.99991,5.23709,0.19362,0.10869,0.50438
36.25000,-1.02258,2.28146,1.69677,50.63382,1.92729,80.27063,0.10017,1.99991,5.06042,0.19293,0.10476,0.49842
36.30000,-1.01232,2.19722,1.69794,50.71852,1.92700,80.29135,0.10017,1.99991,5.05291,0.19291,0.10474,0.49821
36.35000,-1.00090,2.11306,1.69912,50.80327,1.92659,80.28401,0.10017,1.99991,5.04445,0.19288,0.10472,0.49806
36.40000,-0.98833,2.02901,1.70032,50.88808,1.92612,80.25726,0.10017,1.99991,5.03522,0.19285,0.10472,0.49794
36.45000,-0.97464,1.94508,1.70154,50.97295,1.92562,80.21653,0.10017,1.99991,5.02537,0.19282,0.10474,0.49784
36.50000,-0.95986,1.86126,1.70280,51.05788,1.92512,80.16527,0.10018,1.99991,5.01496,0.19278,0.10479,0.49774
36.55000,-0.94402,1.77758,1.70411,51.14290,1.92053,80.88034,0.10022,1.99990,4.84952,0.19201,0.10141,0.49120
36.60000,-0.92712,1.69403,1.70549,51.22797,1.92033,80.86494,0.10023,1.99990,4.83766,0.19199,0.10155,0.49095
36.65000,-0.90921,1.61062,1.70693,51.31311,1.92001,80.82406,0.10023,1.99990,4.82658,0.19197,0.10170,0.49073
36.70000,-0.89031,1.52735,1.70844,51.39833,1.91965,80.76715,0.10023,1.99990,4.81503,0.19195,0.10188,0.49053
36.75000,-0.87046,1.44423,1.71000,51.48363,1.91929,80.69882,0.10024,1.99990,4.80315,0.19193,0.10209,0.49034
36.80000,-0.84971,1.36125,1.71162,51.56901,1.91895,80.62198,0.10025,1.99990,4.79100,0.19191,0.10234,0.49016
36.85000,-0.82809,1.27840,1.71329,51.65449,1.91864,80.53853,0.10025,1.99990,4.77860,0.19189,0.10262,0.48996
36.90000,-0.80566,1.19568,1.71500,51.74005,1.91840,80.45127,0.10026,1.99990,4.76494,0.19188,0.10295,0.48979
36.95000,-0.78246,1.11308,1.71675,51.82571,1.91819,80.35857,0.10027,1.99990,4.75194,0.19187,0.10332,0.48958
37.00000,-0.75853,1.03060,1.71853,51.91146,1.91803,80.26214,0.10027,1.99990,4.73880,0.19186,0.10374,0.48936
37.05000,-0.73393,0.94823,1.72035,51.99732,1.91793,80.16252,0.10028,1.99990,4.72551,0.19187,0.10420,0.48913
37.10000,-0.70869,0.86594,1.72218,52.08327,1.91789,80.06016,0.10029,1.99990,4.71209,0.19187,0.10471,0.48889
37.15000,-0.68288,0.78375,1.72404,52.16932,1.91792,79.95550,0.10030,1.99990,4.69854,0.19189,0.10526,0.48863
37.20000,-0.65654,0.70162,1.72592,52.25548,1.91801,79.84902,0.10031,1.99989,4.68491,0.19190,0.10587,0.48836
37.25000,-0.62970,0.61955,1.72780,52.34174,1.91819,79.74210,0.10032,1.99989,4.67066,0.19192,0.10652,0.48810
37.30000,-0.60243,0.53753,1.72969,52.42810,1.91842,79.63360,0.10033,1.99989,4.65694,0.19195,0.10722,0.48782
37.35000,-0.57475,0.45555,1.73158,52.51456,1.91871,79.52447,0.10034,1.99989,4.64326,0.19198,0.10796,0.48753
37.40000,-0.54671,0.37358,1.73347,52.60114,1.91908,79.41484,0.10035,1.99989,4.62964,0.19202,0.10876,0.48722
37.45000,-0.51835,0.29163,1.73534,52.68781,1.91951,79.30486,0.10036,1.99989,4.61612,0.19206,0.10961,0.48691
37.50000,-0.48971,0.20968,1.73720,52.77457,1.92000,79.19482,0.10037,1.99989,4.60278,0.19211,0.11051,0.48660
37.55000,-0.46083,0.12771,1.73904,52.86152,1.92055,79.08515,0.10038,1.99989,4.58969,0.19216,0.11146,0.48627
37.60000,-0.43173,0.04572,1.74086,52.94879,1.92116,78.97625,0.10039,1.99989,4.57695,0.19222,0.11244,0.48595
37.65000,-0.40245,-0.03629,1.74264,53.03635,1.92183,78.86872,0.10041,1.99989,4.56444,0.19228,0.11347,0.48562
37.70000,-0.37302,-0.11835,1.74439,53.12406,1.92254,78.76233,0.10042,1.99989,4.55269,0.19234,0.11454,0.48528
37.75000,-0.34347,-0.20046,1.74610,53.21178,1.92329,78.65788,0.10043,1.99988,4.54159,0.19241,0.11563,0.48495
37.80000,-0.31381,-0.28262,1.74777,53.29936,1.92408,78.55580,0.10044,1.99988,4.53126,0.19247,0.11674,0.48461
37.85000,-0.28408,-0.36483,1.74940,53.38682,1.92489,78.45644,0.10046,1.99988,4.52182,0.19255,0.11787,0.48428
37.90000,-0.25430,-0.44712,1.75099,53.47431,1.92573,78.35995,0.10047,1.99988,4.51338,0.19262,0.11900,0.48394
37.95000,-0.22448,-0.52947,1.75254,53.56189,1.92658,78.26655,0.10048,1.99988,4.50601,0.19269,0.12012,0.48362
38.00000,-0.19464,-0.61190,1.75404,53.64955,1.92745,78.17677,0.10049,1.99988,4.49979,0.19277,0.12124,0.48329
38.05000,-0.16479,-0.69441,1.75540,53.73729,1.93944,77.71719,0.10039,1.99988,4.87698,0.19278,0.12525,0.48438
38.10000,-0.13495,-0.77699,1.75672,53.82508,1.94044,77.62677,0.10040,1.99988,4.87772,0.19288,0.12678,0.48388
38.15000,-0.10514,-0.85964,1.75798,53.91294,1.94138,77.54122,0.10041,1.99988,4.87830,0.19297,0.12814,0.48346
38.20000,-0.07535,-0.94237,1.75921,54.00086,1.94228,77.46226,0.10041,1.99988,4.87926,0.19306,0.12938,0.48309
38.25000,-0.04559,-1.02518,1.76039,54.08883,1.94314,77.39080,0.10041,1.99988,4.88096,0.19314,0.13052,0.48277
38.30000,-0.01587,-1.10805,1.76145,54.17688,1.95272,76.94001,0.10033,1.99988,5.33565,0.19317,0.13486,0.48388
38.35000,0.01382,-1.19100,1.76246,54.26496,1.95359,76.87030,0.10033,1.99988,5.34608,0.19327,0.13630,0.48342
38.40000,0.04348,-1.27401,1.76342,54.35310,1.95440,76.81057,0.10033,1.99988,5.35598,0.19336,0.13753,0.48305
38.45000,0.07312,-1.35707,1.76435,54.44127,1.95515,76.76315,0.10033,1.99988,5.36609,0.19345,0.13860,0.48273
38.50000,0.10274,-1.44019,1.76523,54.52949,1.95587,76.72976,0.10033,1.99988,5.37645,0.19353,0.13955,0.48246
38.55000,0.13236,-1.52336,1.76607,54.61776,1.95657,76.71092,0.10033,1.99988,5.38738,0.19361,0.14040,0.48223
38.60000,0.16199,-1.60656,1.76681,54.70607,1.96394,76.30855,0.10026,1.99988,5.92447,0.19364,0.14472,0.48345
38.65000,0.19166,-1.68978,1.76750,54.79441,1.96460,76.30015,0.10025,1.99988,5.94493,0.19373,0.14584,0.48308
38.70000,0.22139,-1.77303,1.76816,54.88278,1.96522,76.30717,0.10025,1.99988,5.96418,0.19381,0.14673,0.48279
38.75000,0.25120,-1.85627,1.76878,54.97118,1.96580,76.33118,0.10025,1.99988,5.98296,0.19389,0.14744,0.48257
38.80000,0.28113,-1.93951,1.76936,55.05961,1.96635,76.37299,0.10025,1.99988,6.00125,0.19397,0.14802,0.48240
38.85000,0.31121,-2.02272,1.76990,55.14807,1.96688,76.43317,0.10024,1.99988,6.01494,0.19404,0.14849,0.48227
38.90000,0.34147,-2.10590,1.77038,55.23657,1.97249,76.10668,0.10019,1.99988,6.45608,0.19405,0.15257,0.48361
38.95000,0.37196,-2.18901,1.77083,55.32509,1.97296,76.17939,0.10018,1.99988,6.47553,0.19413,0.15325,0.48336
39.00000,0.40273,-2.27204,1.77123,55.41363,1.97339,76.26851,0.10018,1.99988,6.49356,0.19420,0.15369,0.48320
39.05000,0.43381,-2.35498,1.77160,55.50220,1.97380,76.37328,0.10018,1.99988,6.51074,0.19426,0.15398,0.48309
39.10000,0.46527,-2.43780,1.77194,55.59079,1.97419,76.49209,0.10017,1.99989,6.52741,0.19433,0.15415,0.48304
39.15000,0.49716,-2.52046,1.77223,55.67942,1.97852,76.21580,0.10013,1.99988,6.98328,0.19433,0.15798,0.48445
39.20000,0.52953,-2.60296,1.77248,55.76806,1.97884,76.33305,0.10013,1.99988,7.00370,0.19439,0.15831,0.48428
39.25000,0.56246,-2.68524,1.77270,55.85673,1.97913,76.46108,0.10013,1.99989,7.02249,0.19444,0.15844,0.48419
39.30000,0.59599,-2.76729,1.77288,55.94542,1.97940,76.60014,0.10012,1.99989,7.03898,0.19449,0.15842,0.48418
39.35000,0.63021,-2.84907,1.77303,56.03413,1.97966,76.74468,0.10012,1.99989,7.05553,0.19454,0.15832,0.48419
39.40000,0.66517,-2.93054,1.77315,56.12286,1.97990,76.89338,0.10012,1.99989,7.07149,0.19458,0.15815,0.48423
39.45000,0.70095,-3.01166,1.77323,56.21162,1.98014,77.04455,0.10011,1.99989,7.08690,0.19463,0.15794,0.48429
39.50000,0.73763,-3.09238,1.77327,56.30040,1.98036,77.19638,0.10011,1.99989,7.10178,0.19467,0.15769,0.48436
39.55000,0.77527,-3.17266,1.77328,56.38920,1.98056,77.34774,0.10011,1.99989,7.11612,0.19471,0.15742,0.48445
39.60000,0.81396,-3.25244,1.77326,56.47802,1.98076,77.49807,0.10010,1.99989,7.12984,0.19474,0.15713,0.48455
39.65000,0.85376,-3.33166,1.77319,56.56685,1.98094,77.64680,0.10010,1.99989,7.14293,0.19478,0.15683,0.48465
39.70000,0.89475,-3.41027,1.77310,56.65570,1.98112,77.79343,0.10010,1.99989,7.15543,0.19481,0.15652,0.48476
39.75000,0.93702,-3.48820,1.77296,56.74457,1.98130,77.94098,0.10010,1.99989,7.16479,0.19483,0.15619,0.48493
39.80000,0.98063,-3.56537,1.77279,56.83344,1.98145,78.08319,0.10010,1.99989,7.17544,0.19486,0.15586,0.48507
39.85000,1.02565,-3.64171,1.77258,56.92232,1.98160,78.22183,0.10009,1.99990,7.18544,0.19488,0.15553,0.48520
39.90000,1.07217,-3.71715,1.77234,57.01121,1.98174,78.35797,0.10009,1.99990,7.19483,0.19490,0.15518,0.48535
39.95000,1.12026,-3.79157,1.77206,57.10009,1.98186,78.49195,0.10009,1.99990,7.20362,0.19492,0.15483,0.48549
40.00000,1.16997,-3.86491,1.77173,57.18897,1.98198,78.62304,0.10009,1.99990,7.21181,0.19494,0.15448,0.48564
40.05000,1.22137,-3.93704,1.77137,57.27784,1.98209,78.75082,0.10009,1.99990,7.21945,0.19495,0.15412,0.48579
40.10000,1.27454,-4.00786,1.77097,57.36669,1.98219,78.87493,0.10008,1.99990,7.22660,0.19497,0.15375,0.48595
40.15000,1.32952,-4.07726,1.77054,57.45553,1.98228,78.99388,0.10008,1.99990,7.23337,0.19498,0.15339,0.48610
40.20000,1.38637,-4.14510,1.77005,57.54435,1.98238,79.11263,0.10008,1.99990,7.23570,0.19498,0.15300,0.48634
40.25000,1.44513,-4.21126,1.76953,57.63314,1.98246,79.22162,0.10008,1.99990,7.24094,0.19498,0.15262,0.48651
40.30000,1.50585,-4.27559,1.76897,57.72191,1.98252,79.32467,0.10008,1.99990,7.24602,0.19499,0.15222,0.48667
40.35000,1.56855,-4.33794,1.76836,57.81065,1.98257,79.42167,0.10008,1.99990,7.25106,0.19499,0.15181,0.48683
40.40000,1.63327,-4.39816,1.76771,57.89935,1.98261,79.51241,0.10008,1.99990,7.25611,0.19499,0.15138,0.48699
40.45000,1.70001,-4.45608,1.76702,57.98801,1.98264,79.59671,0.10007,1.99990,7.26124,0.19499,0.15094,0.48715
40.50000,1.76878,-4.51152,1.76628,58.07664,1.98266,79.67458,0.10007,1.99990,7.26652,0.19499,0.15049,0.48729
40.55000,1.83955,-4.56429,1.76550,58.16523,1.98267,79.74605,0.10007,1.99990,7.27202,0.19499,0.15001,0.48743
40.60000,1.91232,-4.61423,1.76468,58.25377,1.98266,79.81098,0.10007,1.99990,7.27780,0.19499,0.14952,0.48757
40.65000,1.98703,-4.66113,1.76382,58.34226,1.98268,79.87799,0.10007,1.99990,7.27762,0.19497,0.14898,0.48784
40.70000,2.06362,-4.70479,1.76291,58.43070,1.98266,79.93384,0.10007,1.99990,7.28266,0.19496,0.14842,0.48800
40.75000,2.14201,-4.74503,1.76197,58.51908,1.98263,79.98465,0.10007,1.99990,7.28806,0.19494,0.14783,0.48817
40.80000,2.22210,-4.78165,1.76099,58.60741,1.98258,80.03099,0.10007,1.99990,7.29388,0.19493,0.14720,0.48833
40.85000,2.30378,-4.81444,1.75998,58.69568,1.98253,80.07338,0.10007,1.99990,7.30012,0.19492,0.14655,0.48849
40.90000,2.38690,-4.84324,1.75894,58.78388,1.98246,80.11235,0.10007,1.99990,7.30680,0.19490,0.14586,0.48865
40.95000,2.47130,-4.86786,1.75787,58.87201,1.98239,80.14844,0.10007,1.99991,7.31395,0.19488,0.14514,0.48881
41.00000,2.55678,-4.88813,1.75679,58.96007,1.98230,80.18226,0.10006,1.99991,7.32155,0.19487,0.14439,0.48897
41.05000,2.64316,-4.90390,1.75569,59.04806,1.98224,80.22383,0.10006,1.99991,7.32230,0.19483,0.14358,0.48930
41.10000,2.73020,-4.91504,1.75458,59.13597,1.98214,80.25764,0.10006,1.99991,7.32899,0.19480,0.14274,0.48951
41.15000,2.81765,-4.92144,1.75347,59.22380,1.98203,80.29058,0.10006,1.99991,7.33605,0.19477,0.14186,0.48973
41.20000,2.90528,-4.92300,1.75237,59.31153,1.98190,80.32283,0.10006,1.99991,7.34349,0.19474,0.14094,0.48996
41.25000,2.99279,-4.91966,1.75128,59.39917,1.98177,80.35450,0.10006,1.99991,7.35127,0.19471,0.13997,0.49019
41.30000,3.07993,-4.91137,1.75021,59.48670,1.98162,80.38573,0.10006,1.99991,7.35934,0.19468,0.13898,0.49043
41.35000,3.16901,-4.89708,1.86351,59.88670,1.98146,80.41671,0.10006,1.99991,7.36768,0.19464,0.13795,0.49068
41.40000,3.25824,-4.87050,1.86570,59.88670,1.98082,80.43091,0.10005,1.99991,7.41959,0.19447,0.13281,0.49165
41.45000,3.34691,-4.84043,1.87721,59.88670,1.98075,80.42324,0.10005,1.99991,7.43243,0.19451,0.13293,0.49156
41.50000,3.43546,-4.80951,1.87289,59.90488,1.98078,80.41997,0.10005,1.99991,7.43366,0.19452,0.13300,0.49171
41.55000,3.52138,-4.77246,1.87084,59.97011,1.98074,80.43985,0.10005,1.99991,7.43181,0.19450,0.13278,0.49193
41.60000,3.60485,-4.73032,1.86981,60.05314,1.98057,80.46815,0.10005,1.99991,7.43745,0.19446,0.13190,0.49218
41.65000,3.68570,-4.68346,1.86869,60.14287,1.98035,80.50097,0.10005,1.99991,7.44479,0.19441,0.13076,0.49247
41.70000,3.76364,-4.63200,1.86760,60.23502,1.98010,80.53646,0.10005,1.99991,7.45194,0.19435,0.12951,0.49281
41.75000,3.83841,-4.57612,1.86656,60.32802,1.97983,80.57281,0.10005,1.99991,7.45854,0.19428,0.12821,0.49318
41.80000,3.90977,-4.51602,1.86559,60.42124,1.97954,80.60940,0.10005,1.99992,7.46450,0.19421,0.12691,0.49356
41.85000,3.97750,-4.45194,1.86469,60.51443,1.97924,80.64604,0.10005,1.99992,7.46979,0.19413,0.12561,0.49396
41.90000,4.04144,-4.38413,1.86386,60.60751,1.97893,80.68247,0.10005,1.99992,7.47442,0.19405,0.12432,0.49437
41.95000,4.10142,-4.31285,1.86311,60.70047,1.97860,80.71808,0.10004,1.99992,7.47840,0.19396,0.12306,0.49478
42.00000,4.15735,-4.23839,1.86243,60.79330,1.97825,80.75188,0.10004,1.99992,7.48180,0.19387,0.12181,0.49518
42.05000,4.20913,-4.16102,1.86182,60.88600,1.97788,80.78272,0.10004,1.99992,7.48474,0.19378,0.12058,0.49559
42.10000,4.25670,-4.08104,1.86129,60.97858,1.97749,80.80972,0.10004,1.99992,7.48733,0.19368,0.11937,0.49598
42.15000,4.30004,-3.99871,1.86083,61.07106,1.97708,80.83245,0.10004,1.99992,7.48962,0.19358,0.11818,0.49637
42.20000,4.33916,-3.91431,1.86043,61.16346,1.97665,80.85085,0.10004,1.99992,7.49160,0.19348,0.11702,0.49674
42.25000,4.37407,-3.82811,1.86009,61.25578,1.97624,80.87250,0.10004,1.99992,7.48721,0.19335,0.11588,0.49722
42.30000,4.40483,-3.74036,1.85980,61.34804,1.97136,81.24736,0.10005,1.99992,7.05919,0.19332,0.11254,0.49627
42.35000,4.43149,-3.65129,1.85958,61.44026,1.97078,81.27922,0.10005,1.99992,7.05547,0.19320,0.11137,0.49675
42.40000,4.45415,-3.56113,1.85941,61.53244,1.97019,81.30100,0.10005,1.99992,7.05267,0.19309,0.11031,0.49715
42.45000,4.47289,-3.47008,1.85928,61.62459,1.96957,81.31230,0.10005,1.99992,7.05028,0.19298,0.10933,0.49749
42.50000,4.48784,-3.37833,1.85921,61.71673,1.96891,81.31294,0.10005,1.99992,7.04801,0.19286,0.10841,0.49779
42.55000,4.49910,-3.28607,1.85917,61.80886,1.96244,81.65759,0.10006,1.99992,6.60640,0.19281,0.10561,0.49676
42.60000,4.50680,-3.19343,1.85919,61.90100,1.96156,81.66008,0.10006,1.99992,6.59969,0.19269,0.10466,0.49712
42.65000,4.51108,-3.10058,1.85925,61.99315,1.96067,81.64936,0.10006,1.99992,6.59414,0.19256,0.10383,0.49741
42.70000,4.51208,-3.00762,1.85934,62.08532,1.95975,81.62631,0.10006,1.99992,6.58918,0.19243,0.10308,0.49763
42.75000,4.50992,-2.91468,1.85947,62.17752,1.95880,81.59179,0.10006,1.99992,6.58446,0.19230,0.10240,0.49781
42.80000,4.50477,-2.82186,1.85964,62.26974,1.95782,81.54657,0.10006,1.99992,6.57968,0.19217,0.10177,0.49795
42.85000,4.49674,-2.72922,1.85985,62.36200,1.94896,81.83874,0.10008,1.99992,6.14292,0.19212,0.09956,0.49676
42.90000,4.48599,-2.63685,1.86010,62.45429,1.94772,81.79806,0.10008,1.99992,6.12962,0.19197,0.09888,0.49705
42.95000,4.47265,-2.54480,1.86038,62.54663,1.94640,81.74147,0.10008,1.99992,6.12072,0.19183,0.09831,0.49720
43.00000,4.45687,-2.45313,1.86070,62.63901,1.94506,81.67288,0.10008,1.99992,6.11226,0.19168,0.09781,0.49728
43.05000,4.43877,-2.36186,1.86105,62.73144,1.94370,81.59260,0.10008,1.99992,6.10396,0.19154,0.09736,0.49733
43.10000,4.41849,-2.27104,1.86146,62.82393,1.93190,81.84372,0.10011,1.99992,5.58414,0.19148,0.09556,0.49603
43.15000,4.39615,-2.18068,1.86194,62.91647,1.93010,81.75875,0.10011,1.99992,5.56823,0.19133,0.09508,0.49614
43.20000,4.37185,-2.09080,1.86247,63.00907,1.92830,81.66395,0.10011,1.99992,5.55401,0.19118,0.09468,0.49618
43.25000,4.34572,-2.00140,1.86307,63.10173,1.92651,81.56063,0.10011,1.99992,5.54085,0.19104,0.09435,0.49616
43.30000,4.31789,-1.91249,1.86372,63.19445,1.92471,81.44970,0.10012,1.99992,5.52828,0.19089,0.09406,0.49610
43.35000,4.28848,-1.82405,1.86446,63.28725,1.90912,81.67046,0.10015,1.99992,5.04028,0.19084,0.09258,0.49470
43.40000,4.25762,-1.73606,1.86520,63.38011,1.92088,81.21691,0.10012,1.99991,5.49820,0.19060,0.09344,0.49604
43.45000,4.22542,-1.64852,1.86597,63.47304,1.91909,81.08120,0.10013,1.99991,5.48788,0.19046,0.09330,0.49586
43.50000,4.19201,-1.56139,1.86677,63.56604,1.91727,80.93648,0.10013,1.99991,5.47695,0.19033,0.09317,0.49567
43.55000,4.15750,-1.47464,1.86759,63.65912,1.91547,80.78654,0.10013,1.99991,5.46390,0.19018,0.09304,0.49552
43.60000,4.12201,-1.38825,1.86844,63.75227,1.91362,80.62993,0.10014,1.99991,5.45239,0.19005,0.09293,0.49533
43.65000,4.08564,-1.30217,1.86924,63.84548,1.92518,80.11192,0.10011,1.99991,5.97101,0.18982,0.09407,0.49648
43.70000,4.04851,-1.21638,1.87004,63.93876,1.92374,79.92946,0.10011,1.99990,5.96458,0.18970,0.09411,0.49617
43.75000,4.01072,-1.13084,1.87085,64.03211,1.92222,79.74495,0.10012,1.99990,5.95637,0.18957,0.09409,0.49591
43.80000,3.97237,-1.04549,1.87166,64.12553,1.92065,79.55900,0.10012,1.99990,5.94704,0.18943,0.09405,0.49568
43.85000,3.93356,-0.96032,1.87246,64.21901,1.91905,79.37149,0.10012,1.99990,5.93704,0.18930,0.09400,0.49545
43.90000,3.89439,-0.87526,1.87326,64.31255,1.91744,79.18277,0.10013,1.99990,5.92676,0.18916,0.09395,0.49524
43.95000,3.85495,-0.79029,1.87401,64.40614,1.92856,78.61041,0.10010,1.99989,6.36039,0.18892,0.09517,0.49639
44.00000,3.81532,-0.70536,1.87473,64.49981,1.92724,78.39493,0.10011,1.99989,6.35707,0.18879,0.09524,0.49609
44.05000,3.77561,-0.62043,1.87544,64.59354,1.92585,78.18338,0.10011,1.99989,6.35269,0.18865,0.09524,0.49583
44.10000,3.73588,-0.53547,1.87613,64.68730,1.92443,77.97716,0.10011,1.99989,6.34781,0.18851,0.09521,0.49560
44.15000,3.69623,-0.45044,1.87679,64.78114,1.92299,77.77631,0.10011,1.99989,6.34273,0.18837,0.09515,0.49540
44.20000,3.65674,-0.36529,1.87740,64.87529,1.93337,77.17458,0.10009,1.99988,6.77441,0.18810,0.09642,0.49658
44.25000,3.61748,-0.28001,1.87797,64.96978,1.93214,76.94852,0.10009,1.99988,6.77331,0.18796,0.09646,0.49630
44.30000,3.57855,-0.19455,1.87851,65.06420,1.93085,76.72894,0.10010,1.99988,6.77164,0.18781,0.09645,0.49606
44.35000,3.54002,-0.10888,1.87902,65.15839,1.92957,76.51940,0.10010,1.99988,6.76913,0.18767,0.09640,0.49585
44.40000,3.50197,-0.02296,1.87949,65.25250,1.92830,76.32081,0.10010,1.99988,6.76644,0.18752,0.09634,0.49566
44.45000,3.46448,0.06322,1.87991,65.34660,1.93800,75.70721,0.10008,1.99987,7.20039,0.18724,0.09764,0.49688
44.50000,3.42764,0.14971,1.88030,65.44071,1.93688,75.49156,0.10008,1.99987,7.20121,0.18709,0.09765,0.49664
44.55000,3.39153,0.23652,1.88066,65.53484,1.93574,75.29009,0.10009,1.99987,7.20094,0.18693,0.09762,0.49643
44.60000,3.35622,0.32368,1.88098,65.62900,1.93463,75.10210,0.10009,1.99986,7.20004,0.18679,0.09757,0.49626
44.65000,3.32181,0.41121,1.88127,65.72318,1.93354,74.92642,0.10009,1.99986,7.19877,0.18665,0.09751,0.49610
44.70000,3.28836,0.49914,1.88154,65.81739,1.93250,74.76241,0.10009,1.99986,7.19723,0.18651,0.09744,0.49596
44.75000,3.25598,0.58747,1.88177,65.91163,1.93148,74.61006,0.10009,1.99986,7.19542,0.18638,0.09736,0.49582
44.80000,3.22472,0.67622,1.88197,66.00588,1.93051,74.46959,0.10009,1.99986,7.19325,0.18626,0.09729,0.49570
44.85000,3.19469,0.76540,1.88214,66.10016,1.92957,74.34074,0.10009,1.99986,7.19066,0.18614,0.09722,0.49559
44.90000,3.16595,0.85502,1.88228,66.19444,1.92867,74.22224,0.10010,1.99985,7.18768,0.18603,0.09716,0.49548
44.95000,3.13859,0.94507,1.88239,66.28874,1.92780,74.11184,0.10010,1.99985,7.18438,0.18592,0.09711,0.49538
45.00000,3.11269,1.03556,1.88247,66.38305,1.92696,74.00703,0.10010,1.99985,7.18081,0.18581,0.09706,0.49528
45.05000,3.08833,1.12647,1.88252,66.47737,1.92615,73.90616,0.10010,1.99985,7.17703,0.18571,0.09702,0.49518
45.10000,3.06558,1.21781,1.88254,66.57169,1.92536,73.80911,0.10010,1.99985,7.17307,0.18562,0.09699,0.49508
45.15000,3.04453,1.30955,1.88252,66.66601,1.92455,73.71343,0.10010,1.99985,7.17127,0.18554,0.09697,0.49493
45.20000,3.02525,1.40168,1.88248,66.76033,1.92381,73.62550,0.10010,1.99985,7.16727,0.18546,0.09696,0.49483
45.25000,3.00782,1.49417,1.88241,66.85464,1.92310,73.54142,0.10011,1.99984,7.16300,0.18538,0.09695,0.49473
45.30000,2.99231,1.58700,1.88231,66.94895,1.92241,73.45889,0.10011,1.99984,7.15846,0.18530,0.09696,0.49462
45.35000,2.97880,1.68014,1.88218,67.04324,1.92174,73.37566,0.10011,1.99984,7.15371,0.18523,0.09697,0.49452
45.40000,2.96736,1.77354,1.88202,67.13753,1.92108,73.29062,0.10011,1.99984,7.14882,0.18516,0.09700,0.49440
45.45000,2.95808,1.86718,1.88184,67.23180,1.92045,73.20387,0.10011,1.99984,7.14387,0.18509,0.09703,0.49429
45.50000,2.95102,1.96100,1.88162,67.32605,1.91983,73.11608,0.10011,1.99984,7.13889,0.18502,0.09708,0.49417
45.55000,2.94626,2.05495,1.88137,67.42028,1.91923,73.02777,0.10012,1.99984,7.13389,0.18496,0.09713,0.49405
45.60000,2.94386,2.14898,1.88109,67.51449,1.91866,72.93906,0.10012,1.99983,7.12893,0.18490,0.09718,0.49393
45.65000,2.94391,2.24302,1.88078,67.60868,1.91811,72.84979,0.10012,1.99983,7.12405,0.18484,0.09724,0.49381
45.70000,2.94648,2.33702,1.88043,67.70285,1.91758,72.75959,0.10012,1.99983,7.11928,0.18479,0.09731,0.49369
45.75000,2.95164,2.43088,1.88006,67.79699,1.91708,72.66810,0.10012,1.99983,7.11457,0.18474,0.09739,0.49357
45.80000,2.95946,2.52455,1.87965,67.89110,1.91661,72.57522,0.10012,1.99983,7.10985,0.18469,0.09747,0.49344
45.85000,2.97001,2.61792,1.87922,67.98518,1.91616,72.48149,0.10013,1.99983,7.10506,0.18465,0.09756,0.49332
45.90000,2.98337,2.71091,1.87875,68.07923,1.91574,72.38799,0.10013,1.99983,7.10021,0.18461,0.09765,0.49320
45.95000,2.99960,2.80342,1.87824,68.17325,1.91535,72.29574,0.10013,1.99983,7.09534,0.18457,0.09776,0.49308
46.00000,3.01878,2.89534,1.87770,68.26724,1.91490,72.19958,0.10013,1.99983,7.09449,0.18456,0.09787,0.49288
46.05000,3.04096,2.98655,1.87713,68.36120,1.91457,72.11012,0.10013,1.99982,7.09030,0.18454,0.09798,0.49275
46.10000,3.06621,3.07692,1.87652,68.45512,1.91427,72.02300,0.10013,1.99982,7.08615,0.18451,0.09810,0.49262
46.15000,3.09460,3.16633,1.87588,68.54900,1.91401,71.93913,0.10014,1.99982,7.08201,0.18449,0.09823,0.49250
46.20000,3.12616,3.25463,1.87520,68.64284,1.91380,71.85943,0.10014,1.99982,7.07781,0.18448,0.09836,0.49238
46.25000,3.16096,3.34167,1.87449,68.73665,1.91363,71.78433,0.10014,1.99982,7.07349,0.18447,0.09850,0.49227
46.30000,3.19904,3.42729,1.87375,68.83041,1.91350,71.71362,0.10014,1.99982,7.06898,0.18446,0.09865,0.49216
46.35000,3.24041,3.51132,1.87296,68.92413,1.91342,71.64689,0.10014,1.99982,7.06426,0.18446,0.09881,0.49205
46.40000,3.28513,3.59357,1.87215,69.01781,1.91339,71.58391,0.10014,1.99982,7.05931,0.18446,0.09898,0.49195
46.45000,3.33318,3.67387,1.87130,69.11144,1.91339,71.52482,0.10015,1.99982,7.05416,0.18447,0.09916,0.49185
46.50000,3.38458,3.75202,1.87042,69.20502,1.91345,71.46999,0.10015,1.99982,7.04883,0.18448,0.09935,0.49175
46.55000,3.43931,3.82782,1.86950,69.29856,1.91354,71.41963,0.10015,1.99982,7.04333,0.18450,0.09956,0.49166
46.60000,3.49734,3.90106,1.86856,69.39204,1.91369,71.37357,0.10015,1.99982,7.03762,0.18452,0.09977,0.49157
46.65000,3.55863,3.97153,1.86760,69.48548,1.91387,71.33128,0.10015,1.99982,7.03169,0.18455,0.10000,0.49149
46.70000,3.62311,4.03903,1.86661,69.57885,1.91411,71.29217,0.10015,1.99982,7.02554,0.18458,0.10024,0.49140
46.75000,3.69071,4.10333,1.86559,69.67217,1.91438,71.25584,0.10016,1.99982,7.01917,0.18461,0.10050,0.49131
46.80000,3.76132,4.16423,1.86456,69.76542,1.91454,71.21272,0.10016,1.99982,7.01909,0.18470,0.10078,0.49108
46.85000,3.83483,4.22152,1.86352,69.85862,1.91487,71.17984,0.10016,1.99981,7.01323,0.18475,0.10107,0.49098
46.90000,3.91109,4.27499,1.86247,69.95175,1.91525,71.14912,0.10016,1.99981,7.00716,0.18480,0.10137,0.49087
46.95000,3.98995,4.32446,1.86140,70.04481,1.91566,71.12038,0.10016,1.99981,7.00086,0.18486,0.10169,0.49076
47.00000,4.07122,4.36974,1.86034,70.13781,1.91611,71.09335,0.10016,1.99981,6.99434,0.18493,0.10203,0.49066
47.05000,4.15471,4.41065,1.85928,70.23075,1.91661,71.06771,0.10017,1.99981,6.98761,0.18500,0.10239,0.49055
47.10000,4.24022,4.44705,1.85822,70.32362,1.91715,71.04317,0.10017,1.99981,6.98065,0.18507,0.10277,0.49044
47.15000,4.32749,4.47880,1.85718,70.41642,1.91774,71.01960,0.10017,1.99981,6.97346,0.18516,0.10318,0.49032
47.20000,4.41631,4.50578,1.85615,70.50914,1.91838,70.99704,0.10017,1.99981,6.96598,0.18524,0.10362,0.49020
47.25000,4.50641,4.52788,1.85514,70.60180,1.91906,70.97571,0.10017,1.99981,6.95816,0.18534,0.10408,0.49009
47.30000,4.59753,4.54504,1.85415,70.69439,1.91979,70.95582,0.10018,1.99981,6.95000,0.18543,0.10458,0.48996
47.35000,4.68940,4.55719,1.85319,70.78690,1.92057,70.93733,0.10018,1.99981,6.94150,0.18554,0.10511,0.48984
47.40000,4.78175,4.56431,1.85226,70.87934,1.92140,70.91989,0.10018,1.99981,6.93262,0.18565,0.10568,0.48971
47.45000,4.87431,4.56639,1.85136,70.97172,1.92228,70.90313,0.10018,1.99981,6.92330,0.18577,0.10629,0.48957
47.50000,4.96680,4.56345,1.85050,71.06403,1.92305,70.87610,0.10018,1.99981,6.92101,0.18594,0.10696,0.48926
47.55000,5.05895,4.55552,1.84968,71.15627,1.92402,70.85957,0.10019,1.99981,6.91165,0.18608,0.10767,0.48909
47.60000,5.15041,4.54183,1.84646,71.24870,1.92504,70.84506,0.10019,1.99981,6.90175,0.18623,0.10844,0.48891
47.65000,5.23869,4.51655,1.83926,71.34057,1.92615,70.83877,0.10019,1.99981,6.88918,0.18637,0.10926,0.48876
47.70000,5.32658,4.48840,1.85012,71.43225,1.92761,70.86373,0.10020,1.99981,6.85962,0.18642,0.11010,0.48896
47.75000,5.41494,4.46110,1.84754,71.52521,1.92917,70.86539,0.10020,1.99981,6.83524,0.18652,0.11101,0.48908
47.80000,5.50148,4.42892,1.84618,71.61796,1.93040,70.86479,0.10020,1.99981,6.82261,0.18669,0.11203,0.48889
47.85000,5.58634,4.39266,1.84556,71.71059,1.93170,70.86596,0.10021,1.99981,6.80860,0.18687,0.11311,0.48872
47.90000,5.66946,4.35262,1.84496,71.80315,1.93303,70.86689,0.10021,1.99981,6.79489,0.18705,0.11426,0.48852
47.95000,5.75065,4.30887,1.84441,71.89563,1.93437,70.86803,0.10021,1.99981,6.78178,0.18725,0.11549,0.48830
48.00000,5.82976,4.26152,1.84389,71.98801,1.93574,70.86992,0.10022,1.99981,6.76912,0.18746,0.11680,0.48804
48.05000,5.90664,4.21067,1.84342,72.08029,1.93713,70.87288,0.10022,1.99981,6.75682,0.18768,0.11818,0.48777
48.10000,5.98117,4.15647,1.84300,72.17246,1.93852,70.87694,0.10023,1.99981,6.74492,0.18791,0.11963,0.48748
48.15000,6.05322,4.09906,1.84262,72.26452,1.93982,70.87270,0.10023,1.99982,6.73964,0.18817,0.12116,0.48703
48.20000,6.12270,4.03858,1.84229,72.35649,1.94122,70.87646,0.10023,1.99982,6.72931,0.18840,0.12273,0.48670
48.25000,6.18953,3.97520,1.84200,72.44837,1.93252,71.35211,0.10030,1.99982,6.28402,0.18878,0.12167,0.48487
48.30000,6.25363,3.90909,1.84176,72.54016,1.93424,71.39810,0.10030,1.99983,6.27095,0.18902,0.12302,0.48466
48.35000,6.31496,3.84041,1.84157,72.63189,1.93595,71.43630,0.10031,1.99983,6.25969,0.18926,0.12448,0.48440
48.40000,6.37348,3.76933,1.84143,72.72355,1.93764,71.46792,0.10031,1.99983,6.24996,0.18950,0.12601,0.48413
48.45000,6.42918,3.69604,1.84133,72.81517,1.93930,71.49467,0.10031,1.99983,6.24160,0.18973,0.12759,0.48385
48.50000,6.48206,3.62068,1.84128,72.90675,1.93044,71.97959,0.10040,1.99984,5.75725,0.19007,0.12626,0.48208
48.55000,6.53212,3.54342,1.84127,72.99830,1.93230,72.03809,0.10040,1.99984,5.74451,0.19029,0.12751,0.48195
48.60000,6.57939,3.46443,1.84130,73.08982,1.93412,72.08902,0.10041,1.99984,5.73522,0.19050,0.12884,0.48178
48.65000,6.62391,3.38384,1.84138,73.18134,1.93589,72.13381,0.10041,1.99984,5.72891,0.19071,0.13022,0.48158
48.70000,6.66570,3.30181,1.84149,73.27285,1.93761,72.17457,0.10041,1.99984,5.72537,0.19091,0.13161,0.48138
48.75000,6.70484,3.21847,1.84163,73.36436,1.93919,72.20704,0.10041,1.99985,5.72979,0.19111,0.13299,0.48108
48.80000,6.74137,3.13394,1.84183,73.45588,1.93016,72.69215,0.10052,1.99985,5.22924,0.19139,0.13113,0.47940
48.85000,6.77538,3.04836,1.84207,73.54742,1.93187,72.76228,0.10052,1.99985,5.22825,0.19156,0.13198,0.47939
48.90000,6.80692,2.96182,1.84235,73.63897,1.93355,72.83302,0.10051,1.99986,5.23107,0.19172,0.13288,0.47933
48.95000,6.83608,2.87444,1.84266,73.73056,1.93518,72.90655,0.10051,1.99986,5.23706,0.19188,0.13378,0.47926
49.00000,6.86292,2.78629,1.84304,73.82217,1.93676,72.98504,0.10050,1.99986,5.24573,0.19203,0.13464,0.47918
49.05000,6.88751,2.69747,1.84350,73.91383,1.92716,73.50140,0.10063,1.99986,4.81646,0.19225,0.13218,0.47766
49.10000,6.90996,2.60806,1.84405,74.00551,1.93242,72.68424,0.10050,1.99987,4.97577,0.19308,0.13884,0.48495
49.15000,6.93037,2.51813,1.84465,74.09725,1.93367,72.74561,0.10049,1.99987,4.98515,0.19318,0.13916,0.48525
49.20000,6.94884,2.42776,1.84529,74.18905,1.93499,72.83679,0.10048,1.99987,4.99747,0.19328,0.13953,0.48547
49.25000,6.96547,2.33699,1.84598,74.28090,1.93636,72.95203,0.10047,1.99987,5.01206,0.19338,0.13989,0.48563
49.30000,6.98039,2.24589,1.84669,74.37282,1.93772,73.08844,0.10046,1.99987,5.02849,0.19348,0.14020,0.48578
49.35000,6.99371,2.15450,1.84751,74.46478,1.93171,72.73070,0.10045,1.99988,4.78071,0.19423,0.14362,0.49134
49.40000,7.00555,2.06287,1.84836,74.55682,1.93274,72.85714,0.10044,1.99988,4.79239,0.19429,0.14323,0.49190
49.45000,7.01604,1.97103,1.84923,74.64894,1.93390,73.02072,0.10043,1.99988,4.80658,0.19435,0.14298,0.49232
49.50000,7.02529,1.87901,1.85011,74.74113,1.93511,73.21174,0.10041,1.99988,4.82246,0.19442,0.14279,0.49268
49.55000,7.03342,1.78684,1.85100,74.83339,1.93635,73.42360,0.10040,1.99988,4.83947,0.19449,0.14262,0.49299
49.60000,7.04057,1.69454,1.85190,74.92573,1.93759,73.65198,0.10038,1.99989,4.85716,0.19456,0.14244,0.49328
49.65000,7.04685,1.60214,1.85281,75.01810,1.94200,72.95751,0.10030,1.99989,5.03122,0.19512,0.14913,0.49990
49.70000,7.05240,1.50964,1.85372,75.11057,1.94293,73.14441,0.10029,1.99989,5.04966,0.19517,0.14878,0.50037
49.75000,7.05733,1.41706,1.85462,75.20311,1.94393,73.36335,0.10028,1.99989,5.06829,0.19522,0.14849,0.50076
49.80000,7.06176,1.32442,1.85550,75.29573,1.94494,73.60473,0.10027,1.99989,5.08680,0.19527,0.14822,0.50111
49.85000,7.06582,1.23171,1.85636,75.38844,1.94595,73.86146,0.10026,1.99989,5.10499,0.19532,0.14795,0.50142
49.90000,7.06963,1.13895,1.85721,75.48118,1.94969,73.18947,0.10020,1.99990,5.29308,0.19580,0.15479,0.50747
49.95000,7.07330,1.04614,1.85804,75.57400,1.95038,73.38942,0.10019,1.99990,5.31062,0.19583,0.15431,0.50793
50.00000,7.07696,0.95329,1.85884,75.66700,1.95111,73.61524,0.10018,1.99990,5.32758,0.19587,0.15389,0.50832
50.05000,7.08072,0.86041,1.85960,75.76040,1.95184,73.85671,0.10018,1.99990,5.34396,0.19590,0.15350,0.50865
50.10000,7.08470,0.76749,1.86033,75.85406,1.95256,74.10675,0.10017,1.99990,5.35960,0.19594,0.15313,0.50895
50.15000,7.08901,0.67456,1.86102,75.94757,1.95326,74.35903,0.10017,1.99990,5.37435,0.19597,0.15278,0.50923
50.20000,7.09377,0.58161,1.86167,76.04090,1.95631,73.67368,0.10013,1.99990,5.57208,0.19637,0.15977,0.51454
50.25000,7.09909,0.48867,1.86229,76.13417,1.95670,73.83947,0.10013,1.99990,5.58477,0.19639,0.15923,0.51493
50.30000,7.10510,0.39573,1.86287,76.22744,1.95711,74.01958,0.10012,1.99990,5.59704,0.19640,0.15876,0.51524
50.35000,7.11190,0.30282,1.86342,76.32076,1.95751,74.20582,0.10012,1.99990,5.60889,0.19642,0.15832,0.51551
50.40000,7.11961,0.20996,1.86393,76.41411,1.95790,74.39209,0.10012,1.99990,5.62035,0.19643,0.15789,0.51574
50.45000,7.12835,0.11716,1.86440,76.50751,1.95827,74.57392,0.10011,1.99990,5.63145,0.19645,0.15746,0.51595
50.50000,7.13821,0.02445,1.86484,76.60095,1.95861,74.74801,0.10011,1.99990,5.64219,0.19646,0.15703,0.51613
50.55000,7.14931,-0.06814,1.86525,76.69444,1.95891,74.91215,0.10011,1.99991,5.65256,0.19648,0.15661,0.51630
50.60000,7.16176,-0.16057,1.86563,76.78796,1.95919,75.06517,0.10011,1.99991,5.66249,0.19649,0.15618,0.51646
50.65000,7.17565,-0.25282,1.86598,76.88152,1.95944,75.20690,0.10010,1.99991,5.67196,0.19650,0.15576,0.51660
50.70000,7.19109,-0.34484,1.86630,76.97511,1.95968,75.34123,0.10010,1.99991,5.67822,0.19650,0.15533,0.51677
50.75000,7.20817,-0.43659,1.86659,77.06872,1.95987,75.46299,0.10010,1.99991,5.68637,0.19651,0.15488,0.51691
50.80000,7.22697,-0.52801,1.86685,77.16236,1.96003,75.57540,0.10010,1.99991,5.69424,0.19651,0.15442,0.51704
50.85000,7.24759,-0.61905,1.86709,77.25601,1.96016,75.67891,0.10010,1.99991,5.70191,0.19651,0.15393,0.51716
50.90000,7.27009,-0.70966,1.86731,77.34968,1.96026,75.77390,0.10009,1.99991,5.70943,0.19651,0.15343,0.51729
50.95000,7.29456,-0.79976,1.86751,77.44335,1.96033,75.86113,0.10009,1.99991,5.71679,0.19651,0.15290,0.51741
51.00000,7.32105,-0.88930,1.86768,77.53703,1.96039,75.94195,0.10009,1.99991,5.72398,0.19651,0.15237,0.51753
51.05000,7.34963,-0.97821,1.86784,77.63071,1.96042,76.01809,0.10009,1.99991,5.73093,0.19651,0.15182,0.51765
51.10000,7.38036,-1.06641,1.86799,77.72438,1.96044,76.09104,0.10009,1.99991,5.73754,0.19650,0.15127,0.51776
51.15000,7.41326,-1.15382,1.86811,77.81805,1.96045,76.16160,0.10009,1.99991,5.74372,0.19649,0.15071,0.51788
51.20000,7.44839,-1.24037,1.86823,77.91170,1.96043,76.22977,0.10009,1.99991,5.74945,0.19649,0.15014,0.51799
51.25000,7.48578,-1.32597,1.86833,78.00535,1.96040,76.29510,0.10009,1.99991,5.75477,0.19648,0.14957,0.51811
51.30000,7.52545,-1.41055,1.86843,78.09897,1.96035,76.35714,0.10008,1.99991,5.75977,0.19647,0.14899,0.51822
51.35000,7.56741,-1.49401,1.86852,78.19259,1.96028,76.41574,0.10008,1.99991,5.76455,0.19646,0.14841,0.51832
51.40000,7.61168,-1.57628,1.86860,78.28619,1.96020,76.47126,0.10008,1.99991,5.76919,0.19645,0.14782,0.51843
51.45000,7.65827,-1.65727,1.86867,78.37977,1.96010,76.52449,0.10008,1.99991,5.77368,0.19643,0.14724,0.51853
51.50000,7.70716,-1.73689,1.86875,78.47334,1.96004,76.58176,0.10008,1.99991,5.77326,0.19641,0.14664,0.51868
51.55000,7.75835,-1.81506,1.86882,78.56689,1.95993,76.63344,0.10008,1.99991,5.77673,0.19640,0.14605,0.51878
51.60000,7.81181,-1.89168,1.86889,78.66042,1.95979,76.68335,0.10008,1.99991,5.77989,0.19639,0.14546,0.51888
51.65000,7.86754,-1.96669,1.86896,78.75394,1.95964,76.73032,0.10008,1.99991,5.78278,0.19637,0.14487,0.51898
51.70000,7.92549,-2.04000,1.86904,78.84745,1.95947,76.77309,0.10008,1.99991,5.78546,0.19635,0.14427,0.51907
51.75000,7.98563,-2.11152,1.86911,78.94093,1.95927,76.81083,0.10008,1.99991,5.78800,0.19634,0.14366,0.51916
51.80000,8.04793,-2.18119,1.86920,79.03440,1.95906,76.84341,0.10008,1.99991,5.79049,0.19632,0.14304,0.51925
51.85000,8.11232,-2.24892,1.86929,79.12784,1.95882,76.87133,0.10008,1.99991,5.79298,0.19630,0.14241,0.51933
51.90000,8.17876,-2.31466,1.86939,79.22127,1.95856,76.89541,0.10008,1.99991,5.79558,0.19627,0.14177,0.51941
51.95000,8.24719,-2.37833,1.86951,79.31470,1.95828,76.91626,0.10008,1.99991,5.79836,0.19625,0.14112,0.51949
52.00000,8.31755,-2.43987,1.86963,79.40812,1.95798,76.93385,0.10007,1.99991,5.80139,0.19623,0.14044,0.51957
52.05000,8.38977,-2.49923,1.86977,79.50151,1.95766,76.94754,0.10007,1.99991,5.80472,0.19620,0.13974,0.51965
52.10000,8.46377,-2.55635,1.86992,79.59489,1.95730,76.95646,0.10007,1.99991,5.80833,0.19618,0.13902,0.51972
52.15000,8.53949,-2.61120,1.87008,79.68827,1.95692,76.95996,0.10007,1.99991,5.81221,0.19615,0.13827,0.51979
52.20000,8.61685,-2.66373,1.87026,79.78163,1.95651,76.95799,0.10007,1.99991,5.81635,0.19612,0.13750,0.51986
52.25000,8.69576,-2.71391,1.87046,79.87498,1.95613,76.95681,0.10007,1.99991,5.81575,0.19608,0.13669,0.51999
52.30000,8.77615,-2.76171,1.87068,79.96832,1.95567,76.94674,0.10007,1.99991,5.81997,0.19604,0.13588,0.52006
52.35000,8.85793,-2.80711,1.87092,80.06166,1.95519,76.93324,0.10007,1.99991,5.82454,0.19601,0.13505,0.52014
52.40000,8.94102,-2.85009,1.87117,80.15499,1.95468,76.91711,0.10007,1.99991,5.82945,0.19597,0.13420,0.52021
52.45000,9.02533,-2.89065,1.87145,80.24831,1.95414,76.89913,0.10007,1.99991,5.83465,0.19593,0.13333,0.52029
52.50000,9.11079,-2.92877,1.87174,80.34163,1.95358,76.87972,0.10007,1.99991,5.84007,0.19589,0.13245,0.52036
52.55000,9.19730,-2.96447,1.87206,80.43496,1.95299,76.85895,0.10007,1.99991,5.84562,0.19585,0.13156,0.52043
52.60000,9.28480,-2.99775,1.87239,80.52829,1.95238,76.83672,0.10007,1.99991,5.85118,0.19581,0.13066,0.52050
52.65000,9.37319,-3.02862,1.87275,80.62163,1.95175,76.81310,0.10007,1.99991,5.85663,0.19576,0.12977,0.52057
52.70000,9.46240,-3.05709,1.87313,80.71497,1.95109,76.78846,0.10007,1.99991,5.86190,0.19572,0.12889,0.52064
52.75000,9.55235,-3.08319,1.87353,80.80833,1.95041,76.76346,0.10007,1.99991,5.86695,0.19567,0.12801,0.52071
52.80000,9.64297,-3.10695,1.87394,80.90171,1.94707,77.62521,0.10008,1.99991,5.67453,0.19519,0.12176,0.51643
52.85000,9.73420,-3.12837,1.87438,80.99510,1.94664,77.68346,0.10008,1.99991,5.67910,0.19516,0.12113,0.51636
52.90000,9.82595,-3.14750,1.87484,81.08850,1.94610,77.71858,0.10008,1.99991,5.68282,0.19512,0.12047,0.51633
52.95000,9.91817,-3.16437,1.87533,81.18193,1.94549,77.73757,0.10008,1.99991,5.68562,0.19508,0.11980,0.51633
53.00000,10.01080,-3.17902,1.87583,81.27539,1.94488,77.74910,0.10008,1.99991,5.68362,0.19503,0.11914,0.51640
53.05000,10.10377,-3.19149,1.87636,81.36887,1.94127,78.61068,0.10010,1.99991,5.49497,0.19448,0.11382,0.51159
53.10000,10.19703,-3.20181,1.87691,81.46239,1.94083,78.67874,0.10010,1.99991,5.49526,0.19446,0.11340,0.51146
53.15000,10.29052,-3.21004,1.87748,81.55593,1.94027,78.71684,0.10010,1.99991,5.49434,0.19442,0.11295,0.51140
53.20000,10.38421,-3.21621,1.87807,81.64950,1.93963,78.73432,0.10010,1.99991,5.49222,0.19438,0.11250,0.51137
53.25000,10.47803,-3.22037,1.87869,81.74310,1.93893,78.73715,0.10010,1.99991,5.48888,0.19433,0.11207,0.51135
53.30000,10.57195,-3.22257,1.87933,81.83675,1.93494,79.56206,0.10012,1.99991,5.30417,0.19371,0.10761,0.50599
53.35000,10.66594,-3.22283,1.88002,81.93044,1.93448,79.61263,0.10012,1.99991,5.29898,0.19368,0.10740,0.50581
53.40000,10.75994,-3.22119,1.88076,82.02416,1.93391,79.63093,0.10012,1.99991,5.29207,0.19364,0.10720,0.50569
53.45000,10.85393,-3.21768,1.88157,82.11793,1.93327,79.62535,0.10012,1.99991,5.28357,0.19360,0.10703,0.50560
53.50000,10.94777,-3.21147,1.87805,82.21130,1.93261,79.60149,0.10012,1.99991,5.27357,0.19356,0.10692,0.50551
53.55000,11.04015,-3.19630,1.87474,82.30512,1.93186,79.56513,0.10012,1.99991,5.26401,0.19352,0.10688,0.50538
53.60000,11.13280,-3.18110,1.87943,82.39834,1.92709,80.29973,0.10016,1.99991,5.10133,0.19288,0.10329,0.49903
53.65000,11.22582,-3.16760,1.88046,82.49235,1.92643,80.27725,0.10016,1.99991,5.10309,0.19292,0.10347,0.49844
53.70000,11.31882,-3.15356,1.88148,82.58646,1.92583,80.23595,0.10016,1.99991,5.09431,0.19292,0.10369,0.49804
53.75000,11.41177,-3.13887,1.88252,82.68064,1.92533,80.17744,0.10017,1.99991,5.07895,0.19291,0.10399,0.49774
53.80000,11.50465,-3.12345,1.88358,82.77490,1.92489,80.10170,0.10017,1.99991,5.06135,0.19290,0.10440,0.49743
53.85000,11.59745,-3.10726,1.88464,82.86923,1.92048,80.79219,0.10022,1.99991,4.88326,0.19218,0.10145,0.49067
53.90000,11.69017,-3.09028,1.88572,82.96361,1.92056,80.74479,0.10023,1.99991,4.86009,0.19220,0.10209,0.49019
53.95000,11.78278,-3.07246,1.88680,83.05803,1.92070,80.67110,0.10024,1.99990,4.83320,0.19222,0.10285,0.48977
54.00000,11.87529,-3.05382,1.88789,83.15248,1.92095,80.57937,0.10025,1.99990,4.80296,0.19224,0.10376,0.48937
54.05000,11.96768,-3.03433,1.88899,83.24697,1.92137,80.47399,0.10026,1.99990,4.76970,0.19226,0.10485,0.48898
54.10000,12.05994,-3.01401,1.89008,83.34149,1.92196,80.35693,0.10028,1.99990,4.73376,0.19230,0.10615,0.48856
54.15000,12.15208,-2.99288,1.89117,83.43605,1.92274,80.22913,0.10030,1.99990,4.69563,0.19235,0.10768,0.48812
54.20000,12.24409,-2.97096,1.89225,83.53064,1.92371,80.09153,0.10032,1.99989,4.65580,0.19242,0.10944,0.48764
54.25000,12.33597,-2.94827,1.89332,83.62528,1.92484,79.94530,0.10034,1.99989,4.61486,0.19249,0.11146,0.48712
54.30000,12.42772,-2.92486,1.89437,83.71998,1.92612,79.79138,0.10037,1.99989,4.57352,0.19258,0.11373,0.48657
54.35000,12.51935,-2.90077,1.89539,83.81475,1.92751,79.62983,0.10040,1.99989,4.53246,0.19267,0.11623,0.48599
54.40000,12.61087,-2.87605,1.89637,83.90968,1.92896,79.46003,0.10043,1.99988,4.49257,0.19278,0.11893,0.48537
54.45000,12.70227,-2.85073,1.89732,84.00486,1.93043,79.28127,0.10047,1.99988,4.45484,0.19288,0.12178,0.48473
54.50000,12.79357,-2.82489,1.89822,84.10025,1.93188,79.09311,0.10050,1.99988,4.42020,0.19299,0.12470,0.48408
54.55000,12.88478,-2.79857,1.89906,84.19548,1.93326,78.89580,0.10054,1.99988,4.38951,0.19309,0.12761,0.48342
54.60000,12.97591,-2.77182,1.89981,84.29049,1.94472,78.32252,0.10046,1.99987,4.71934,0.19314,0.13366,0.48417
54.65000,13.06696,-2.74470,1.90050,84.38546,1.94594,78.09916,0.10048,1.99987,4.69899,0.19325,0.13680,0.48336
54.70000,13.15796,-2.71727,1.90113,84.48048,1.94697,77.86809,0.10050,1.99987,4.68408,0.19335,0.13953,0.48263
54.75000,13.24890,-2.68958,1.90170,84.57553,1.94786,77.63137,0.10053,1.99987,4.67497,0.19343,0.14186,0.48197
54.80000,13.33982,-2.66168,1.90221,84.67060,1.94863,77.38945,0.10054,1.99987,4.67195,0.19351,0.14379,0.48137
54.85000,13.43071,-2.63363,1.90264,84.76571,1.95724,76.75387,0.10044,1.99986,5.09114,0.19354,0.14908,0.48225
54.90000,13.52159,-2.60548,1.90300,84.86083,1.95790,76.48652,0.10044,1.99987,5.10772,0.19362,0.15081,0.48155
54.95000,13.61248,-2.57728,1.90331,84.95597,1.95847,76.21872,0.10045,1.99987,5.12963,0.19370,0.15206,0.48095
55.00000,13.70337,-2.54907,1.90356,85.05113,1.95899,75.95556,0.10044,1.99987,5.15717,0.19378,0.15293,0.48043
55.05000,13.79428,-2.52088,1.90375,85.14630,1.95948,75.70327,0.10044,1.99987,5.19008,0.19385,0.15348,0.47998
55.10000,13.88523,-2.49276,1.90388,85.24148,1.95997,75.46796,0.10043,1.99987,5.22789,0.19392,0.15379,0.47959
55.15000,13.97620,-2.46473,1.90396,85.33668,1.96666,74.84782,0.10034,1.99987,5.77874,0.19394,0.15777,0.48068
55.20000,14.06722,-2.43682,1.90398,85.43186,1.96719,74.65257,0.10033,1.99987,5.83634,0.19403,0.15814,0.48019
55.25000,14.15827,-2.40903,1.90396,85.52705,1.96771,74.50462,0.10032,1.99988,5.89427,0.19412,0.15819,0.47983
55.30000,14.24936,-2.38137,1.90389,85.62222,1.96822,74.41714,0.10031,1.99988,5.95179,0.19420,0.15800,0.47958
55.35000,14.34049,-2.35385,1.90377,85.71739,1.96875,74.40145,0.10029,1.99988,6.00586,0.19428,0.15762,0.47944
55.40000,14.43164,-2.32646,1.90362,85.81256,1.97411,74.04717,0.10022,1.99988,6.47354,0.19431,0.16099,0.48086
55.45000,14.52282,-2.29916,1.90343,85.90770,1.97464,74.17814,0.10021,1.99988,6.51718,0.19439,0.16074,0.48073
55.50000,14.61401,-2.27192,1.90320,86.00283,1.97515,74.39709,0.10020,1.99989,6.55622,0.19447,0.16021,0.48077
55.55000,14.70518,-2.24470,1.90293,86.09794,1.97567,74.70231,0.10019,1.99989,6.59113,0.19455,0.15949,0.48095
55.60000,14.79633,-2.21744,1.90262,86.19303,1.97618,75.08308,0.10018,1.99989,6.62230,0.19462,0.15864,0.48125
55.65000,14.88743,-2.19006,1.90230,86.28811,1.98035,75.11390,0.10013,1.99989,7.08915,0.19463,0.16154,0.48309
55.70000,14.97845,-2.16248,1.90194,86.38316,1.98080,75.58741,0.10012,1.99989,7.11766,0.19470,0.16089,0.48338
55.75000,15.06935,-2.13457,1.90154,86.47820,1.98123,76.09213,0.10011,1.99989,7.14171,0.19477,0.16006,0.48377
55.80000,15.16008,-2.10621,1.90109,86.57322,1.98163,76.60865,0.10011,1.99989,7.16209,0.19482,0.15915,0.48423
55.85000,15.25061,-2.07724,1.90060,86.66822,1.98200,77.11735,0.10010,1.99990,7.17939,0.19488,0.15823,0.48473
55.90000,15.34085,-2.04750,1.90006,86.76320,1.98233,77.60066,0.10010,1.99990,7.19403,0.19492,0.15733,0.48523
55.95000,15.43074,-2.01680,1.89946,86.85815,1.98263,78.04456,0.10009,1.99990,7.20629,0.19496,0.15648,0.48571
56.00000,15.52017,-1.98490,1.89879,86.95308,1.98289,78.44005,0.10009,1.99990,7.21644,0.19500,0.15571,0.48615
56.05000,15.60905,-1.95155,1.89805,87.04796,1.98310,78.78349,0.10008,1.99990,7.22475,0.19502,0.15500,0.48656
56.10000,15.69722,-1.91651,1.89721,87.14280,1.98328,79.07554,0.10008,1.99990,7.23155,0.19504,0.15436,0.48692
56.15000,15.78453,-1.87948,1.89625,87.23758,1.98343,79.31886,0.10008,1.99990,7.23714,0.19506,0.15378,0.48724
56.20000,15.87077,-1.84016,1.89515,87.33229,1.98354,79.51779,0.10008,1.99990,7.24184,0.19507,0.15322,0.48753
56.25000,15.95571,-1.79824,1.89392,87.42690,1.98361,79.67760,0.10007,1.99990,7.24605,0.19507,0.15268,0.48778
56.30000,16.03908,-1.75340,1.89253,87.52140,1.98366,79.80407,0.10007,1.99990,7.25017,0.19507,0.15212,0.48801
56.35000,16.12056,-1.70537,1.89096,87.61578,1.98368,79.90351,0.10007,1.99990,7.25459,0.19506,0.15152,0.48822
56.40000,16.19979,-1.65386,1.88917,87.71001,1.98367,79.98184,0.10007,1.99990,7.25972,0.19505,0.15086,0.48842
56.45000,16.27634,-1.59861,1.88717,87.80407,1.98364,80.04415,0.10007,1.99990,7.26597,0.19503,0.15011,0.48862
56.50000,16.34974,-1.53942,1.88496,87.89795,1.98357,80.09452,0.10007,1.99991,7.27378,0.19501,0.14924,0.48882
56.55000,16.41949,-1.47613,1.88253,87.99164,1.98348,80.13631,0.10007,1.99991,7.28358,0.19499,0.14822,0.48903
56.60000,16.48504,-1.40869,1.87989,88.08512,1.98340,80.18290,0.10007,1.99991,7.28747,0.19494,0.14700,0.48944
56.65000,16.54581,-1.33709,1.87705,88.17838,1.98326,80.21789,0.10006,1.99991,7.30077,0.19490,0.14561,0.48972
56.70000,16.60121,-1.26144,1.87402,88.27141,1.98307,80.25104,0.10006,1.99991,7.31704,0.19485,0.14401,0.49003
56.75000,16.65063,-1.18195,1.87084,88.36422,1.98285,80.28376,0.10006,1.99991,7.33647,0.19480,0.14217,0.49038
56.80000,16.69350,-1.09892,1.86754,88.45680,1.98258,80.31720,0.10006,1.99991,7.35903,0.19474,0.14011,0.49076
56.85000,16.72927,-1.01278,1.86416,88.54916,1.98227,80.35225,0.10006,1.99991,7.38442,0.19467,0.13785,0.49119
56.90000,16.75744,-0.92404,1.86073,88.64133,1.98193,80.38954,0.10005,1.99991,7.41203,0.19460,0.13546,0.49165
56.95000,16.77761,-0.83333,1.85731,88.73329,1.98155,80.42950,0.10005,1.99991,7.44117,0.19452,0.13298,0.49214
57.00000,16.78945,-0.74134,1.85394,88.82500,1.98115,80.47246,0.10005,1.99992,7.47110,0.19444,0.13049,0.49266
57.05000,16.79275,-0.64881,1.85065,88.91649,1.98073,80.51877,0.10005,1.99992,7.50113,0.19435,0.12803,0.49319
57.10000,16.78739,-0.55654,1.84747,89.00783,1.98029,80.56885,0.10004,1.99992,7.53068,0.19426,0.12563,0.49374
57.15000,16.77341,-0.46534,1.84446,89.09901,1.97983,80.62320,0.10004,1.99992,7.55917,0.19417,0.12333,0.49429
57.20000,16.75092,-0.37601,1.84164,89.18998,1.97937,80.68231,0.10004,1.99992,7.58600,0.19408,0.12115,0.49484
57.25000,16.72019,-0.28932,1.83901,89.28078,1.97899,80.76356,0.10004,1.99992,7.59748,0.19395,0.11909,0.49566
57.30000,16.68155,-0.20598,1.83659,89.37147,1.97854,80.83710,0.10004,1.99992,7.61702,0.19385,0.11723,0.49622
57.35000,16.63544,-0.12667,1.83441,89.46202,1.97810,80.91698,0.10004,1.99992,7.63302,0.19375,0.11557,0.49676
57.40000,16.58239,-0.05195,1.83245,89.55238,1.97767,81.00405,0.10003,1.99992,7.64502,0.19366,0.11408,0.49728
57.45000,16.52295,0.01768,1.83070,89.64255,1.97725,81.09923,0.10003,1.99992,7.65268,0.19356,0.11277,0.49777
57.50000,16.45774,0.08181,1.82913,89.73263,1.97261,81.56219,0.10004,1.99993,7.23582,0.19354,0.10950,0.49694
57.55000,16.38738,0.14013,1.82779,89.82262,1.97213,81.69912,0.10004,1.99993,7.23043,0.19344,0.10837,0.49754
57.60000,16.31251,0.19243,1.82665,89.91246,1.97165,81.84018,0.10004,1.99993,7.22151,0.19335,0.10742,0.49806
57.65000,16.23376,0.23859,1.82568,90.00217,1.97118,81.98370,0.10004,1.99993,7.20875,0.19325,0.10663,0.49852
57.70000,16.15173,0.27855,1.82487,90.09178,1.97070,82.12657,0.10004,1.99993,7.19235,0.19314,0.10595,0.49894
57.75000,16.06702,0.31233,1.82419,90.18133,1.96488,82.61729,0.10005,1.99993,6.72404,0.19308,0.10353,0.49826
57.80000,15.98015,0.34001,1.82365,90.27080,1.96428,82.76601,0.10005,1.99993,6.69627,0.19297,0.10290,0.49877
57.85000,15.89163,0.36174,1.82323,90.36023,1.96366,82.89600,0.10005,1.99993,6.66821,0.19285,0.10240,0.49918
57.90000,15.80190,0.37770,1.82291,90.44962,1.96302,83.00304,0.10005,1.99993,6.63984,0.19273,0.10201,0.49951
57.95000,15.71138,0.38810,1.82269,90.53900,1.96235,83.08289,0.10005,1.99992,6.61137,0.19261,0.10168,0.49976
58.00000,15.62041,0.39319,1.82255,90.62837,1.96162,83.13098,0.10005,1.99992,6.58326,0.19249,0.10141,0.49996
58.05000,15.52930,0.39324,1.82249,90.71774,1.95368,83.46697,0.10007,1.99992,6.12526,0.19244,0.09954,0.49883
58.10000,15.43831,0.38852,1.82251,90.80715,1.95258,83.45383,0.10007,1.99992,6.09681,0.19230,0.09915,0.49904
58.15000,15.34766,0.37934,1.82259,90.89659,1.95139,83.39250,0.10007,1.99992,6.07216,0.19215,0.09882,0.49914
58.20000,15.25752,0.36598,1.82272,90.98610,1.95017,83.28762,0.10007,1.99992,6.04554,0.19197,0.09850,0.49928
58.25000,15.16804,0.34872,1.82290,91.07569,1.94875,83.12883,0.10008,1.99992,6.02775,0.19180,0.09818,0.49925
58.30000,15.07932,0.32786,1.82316,91.16537,1.93763,83.24983,0.10010,1.99992,5.48426,0.19171,0.09639,0.49788
58.35000,14.99143,0.30366,1.82350,91.25515,1.93549,83.02797,0.10010,1.99992,5.46714,0.19152,0.09588,0.49787
58.40000,14.90442,0.27641,1.82390,91.34504,1.93320,82.77501,0.10011,1.99992,5.45710,0.19132,0.09537,0.49779
58.45000,14.81830,0.24638,1.82435,91.43506,1.93071,82.49684,0.10011,1.99992,5.45373,0.19111,0.09483,0.49766
58.50000,14.73307,0.21385,1.82484,91.52519,1.92803,82.19944,0.10011,1.99992,5.45665,0.19089,0.09424,0.49750
58.55000,14.64872,0.17906,1.82536,91.61546,1.92514,81.88924,0.10011,1.99992,5.46537,0.19066,0.09360,0.49734
58.60000,14.56518,0.14227,1.82593,91.70586,1.90813,81.90938,0.10015,1.99992,5.00849,0.19050,0.09175,0.49587
58.65000,14.48242,0.10370,1.82652,91.79640,1.90406,81.60968,0.10015,1.99992,5.01940,0.19024,0.09094,0.49586
58.70000,14.40037,0.06357,1.82708,91.88706,1.91509,80.98024,0.10012,1.99991,5.50728,0.18987,0.09126,0.49716
58.75000,14.31897,0.02208,1.82764,91.97785,1.91175,80.69038,0.10012,1.99991,5.53381,0.18963,0.09064,0.49696
58.80000,14.23814,-0.02058,1.82820,92.06875,1.90838,80.42001,0.10012,1.99991,5.55981,0.18939,0.09004,0.49680
58.85000,14.15781,-0.06424,1.82874,92.15975,1.90506,80.17332,0.10012,1.99991,5.58388,0.18915,0.08947,0.49667
58.90000,14.07791,-0.10872,1.82927,92.25086,1.90186,79.95314,0.10012,1.99991,5.60462,0.18893,0.08898,0.49655
58.95000,13.99837,-0.15389,1.82977,92.34205,1.89882,79.76157,0.10012,1.99991,5.62088,0.18873,0.08855,0.49644
59.00000,13.91911,-0.19961,1.83023,92.43332,1.91166,79.23065,0.10010,1.99991,6.13456,0.18843,0.08915,0.49765
59.05000,13.84007,-0.24575,1.83066,92.52466,1.90960,79.07694,0.10010,1.99991,6.14361,0.18828,0.08897,0.49743
59.10000,13.76119,-0.29220,1.83106,92.61607,1.90766,78.95231,0.10010,1.99991,6.14665,0.18813,0.08883,0.49725
59.15000,13.68240,-0.33886,1.83143,92.70754,1.90584,78.85761,0.10010,1.99991,6.14428,0.18799,0.08873,0.49709
59.20000,13.60367,-0.38563,1.83177,92.79905,1.90413,78.79365,0.10010,1.99990,6.13696,0.18786,0.08867,0.49696
59.25000,13.52493,-0.43243,1.83206,92.89059,1.91718,78.37393,0.10008,1.99990,6.55617,0.18762,0.08959,0.49818
59.30000,13.44615,-0.47919,1.83231,92.98227,1.91593,78.34430,0.10008,1.99990,6.54402,0.18750,0.08969,0.49798
59.35000,13.36730,-0.52583,1.83252,93.07416,1.91463,78.34317,0.10009,1.99990,6.52643,0.18738,0.08977,0.49782
59.40000,13.28833,-0.57231,1.83268,93.16616,1.91328,78.36426,0.10009,1.99989,6.50434,0.18725,0.08985,0.49770
59.45000,13.20922,-0.61856,1.83280,93.25810,1.91188,78.39727,0.10009,1.99989,6.47868,0.18711,0.08994,0.49759
59.50000,13.12995,-0.66454,1.83287,93.34991,1.91041,78.43018,0.10009,1.99989,6.45052,0.18696,0.09004,0.49748
59.55000,13.05048,-0.71019,1.83290,93.44163,1.92251,78.05297,0.10008,1.99988,6.85905,0.18667,0.09117,0.49871
59.60000,12.97081,-0.75548,1.83288,93.53328,1.92113,78.01935,0.10008,1.99988,6.83304,0.18651,0.09139,0.49847
59.65000,12.89091,-0.80036,1.83281,93.62493,1.91966,77.95743,0.10008,1.99987,6.80677,0.18635,0.09159,0.49824
59.70000,12.81076,-0.84479,1.83270,93.71658,1.91812,77.85814,0.10009,1.99987,6.78149,0.18618,0.09179,0.49798
59.75000,12.73035,-0.88873,1.83254,93.80821,1.91653,77.71163,0.10009,1.99987,6.75803,0.18602,0.09200,0.49769
59.80000,12.64967,-0.93214,1.83235,93.89983,1.92755,77.09472,0.10008,1.99986,7.17362,0.18569,0.09334,0.49872
59.85000,12.56869,-0.97497,1.83211,93.99143,1.92597,76.78931,0.10008,1.99985,7.15940,0.18552,0.09369,0.49823
59.90000,12.48739,-1.01718,1.83183,94.08301,1.92433,76.42588,0.10008,1.99985,7.14600,0.18535,0.09402,0.49773
59.95000,12.40576,-1.05870,1.83150,94.17457,1.92263,76.00701,0.10009,1.99985,7.13419,0.18518,0.09436,0.49718
60.00000,12.32378,-1.09949,1.83112,94.26610,1.92089,75.54018,0.10009,1.99984,7.12383,0.18501,0.09472,0.49660
60.05000,12.24142,-1.13945,1.83069,94.35761,1.91914,75.03786,0.10010,1.99984,7.11472,0.18485,0.09508,0.49600
60.10000,12.15865,-1.17850,1.83021,94.44908,1.91740,74.51721,0.10011,1.99984,7.10671,0.18470,0.09544,0.49538
60.15000,12.07543,-1.21654,1.82967,94.54052,1.91573,73.99760,0.10011,1.99983,7.09972,0.18456,0.09579,0.49477
60.20000,11.99174,-1.25345,1.82908,94.63192,1.91415,73.49710,0.10012,1.99983,7.09366,0.18443,0.09613,0.49419
60.25000,11.90752,-1.28906,1.82842,94.72327,1.91271,73.03040,0.10012,1.99983,7.08839,0.18431,0.09646,0.49365
60.30000,11.82273,-1.32319,1.82769,94.81457,1.91143,72.60866,0.10013,1.99982,7.08374,0.18422,0.09677,0.49315
60.35000,11.73733,-1.35564,1.82688,94.90580,1.91035,72.23983,0.10013,1.99982,7.07947,0.18414,0.09706,0.49271
60.40000,11.65125,-1.38615,1.82597,94.99696,1.90948,71.92815,0.10014,1.99982,7.07519,0.18407,0.09734,0.49233
60.45000,11.56447,-1.41443,1.82494,95.08804,1.90873,71.66781,0.10014,1.99982,7.07473,0.18406,0.09762,0.49192
60.50000,11.47696,-1.44016,1.82377,95.17902,1.90828,71.46366,0.10015,1.99982,7.07091,0.18405,0.09790,0.49162
60.55000,11.38870,-1.46295,1.82244,95.26988,1.90805,71.30463,0.10015,1.99981,7.06598,0.18406,0.09821,0.49135
60.60000,11.29972,-1.48241,1.82095,95.36062,1.90807,71.18241,0.10015,1.99981,7.05921,0.18409,0.09858,0.49110
60.65000,11.21009,-1.49812,1.81926,95.45121,1.90834,71.08930,0.10016,1.99981,7.04973,0.18415,0.09904,0.49087
60.70000,11.11991,-1.50963,1.81733,95.54164,1.90890,71.01858,0.10016,1.99981,7.03654,0.18424,0.09962,0.49064
60.75000,11.02936,-1.51645,1.81515,95.63189,1.90979,70.96465,0.10016,1.99981,7.01845,0.18437,0.10039,0.49039
60.80000,10.93868,-1.51812,1.81273,95.72194,1.91106,70.92296,0.10017,1.99981,6.99402,0.18454,0.10140,0.49011
60.85000,10.84821,-1.51418,1.81005,95.81177,1.91278,70.88989,0.10018,1.99980,6.96162,0.18475,0.10274,0.48979
60.90000,10.75834,-1.50420,1.80711,95.90139,1.91499,70.86263,0.10019,1.99980,6.91960,0.18502,0.10452,0.48942
60.95000,10.66958,-1.48781,1.80393,95.99077,1.91748,70.82442,0.10020,1.99980,6.87665,0.18541,0.10688,0.48875
61.00000,10.58250,-1.46468,1.80054,96.07991,1.92067,70.79829,0.10022,1.99979,6.81485,0.18582,0.10992,0.48816
61.05000,10.49776,-1.43460,1.79695,96.16880,1.92430,70.77270,0.10024,1.99979,6.74198,0.18628,0.11376,0.48747
61.10000,10.41607,-1.39746,1.79322,96.25745,1.92823,70.74653,0.10026,1.99978,6.65974,0.18678,0.11847,0.48670
61.15000,10.33820,-1.35326,1.78940,96.34586,1.93230,70.71995,0.10030,1.99978,6.57110,0.18730,0.12399,0.48587
61.20000,10.26492,-1.30214,1.78554,96.43403,1.93630,70.69203,0.10033,1.99977,6.48013,0.18782,0.13017,0.48500
61.25000,10.19700,-1.24439,1.78171,96.52195,1.94007,70.66162,0.10037,1.99976,6.39113,0.18832,0.13671,0.48413
61.30000,10.13518,-1.18041,1.77796,96.60961,1.94348,70.62860,0.10041,1.99976,6.30781,0.18878,0.14329,0.48329
61.35000,10.08014,-1.11076,1.77434,96.69707,1.94649,70.59010,0.10045,1.99975,6.23312,0.18918,0.14957,0.48249
61.40000,10.03247,-1.03608,1.77090,96.78432,1.94883,70.51929,0.10049,1.99975,6.18419,0.18961,0.15538,0.48138
61.45000,9.99264,-0.95713,1.76771,96.87133,1.95097,70.45401,0.10053,1.99975,6.13435,0.18993,0.16045,0.48062
61.50000,9.96102,-0.87471,1.76477,96.95810,1.95277,70.37197,0.10056,1.99975,6.09585,0.19020,0.16477,0.47994
61.55000,9.93782,-0.78968,1.76224,97.04471,1.94891,69.76449,0.10059,1.99976,5.74380,0.19142,0.17233,0.48490
61.60000,9.92312,-0.70290,1.75987,97.13119,1.95016,69.60232,0.10062,1.99976,5.71754,0.19159,0.17487,0.48466
61.65000,9.91691,-0.61521,1.75781,97.21746,1.95130,69.41758,0.10063,1.99976,5.70706,0.19174,0.17702,0.48434
61.70000,9.91905,-0.52743,1.75605,97.30347,1.95235,69.19478,0.10064,1.99977,5.71148,0.19190,0.17878,0.48398
61.75000,9.92928,-0.44030,1.75453,97.38931,1.95314,68.89877,0.10064,1.99977,5.74816,0.19210,0.18023,0.48326
61.80000,9.94728,-0.35450,1.75341,97.47507,1.94857,68.03259,0.10065,1.99979,5.45800,0.19306,0.18524,0.48825
61.85000,9.97260,-0.27063,1.75236,97.56074,1.94933,67.58326,0.10064,1.99979,5.50403,0.19319,0.18552,0.48807
61.90000,10.00483,-0.18921,1.75153,97.64628,1.95020,67.08625,0.10063,1.99980,5.56638,0.19334,0.18576,0.48773
61.95000,10.04349,-0.11068,1.75086,97.73170,1.95114,66.54726,0.10061,1.99981,5.64309,0.19349,0.18590,0.48730
62.00000,10.08809,-0.03540,1.75038,97.81705,1.95213,65.98447,0.10059,1.99981,5.73145,0.19365,0.18589,0.48682
62.05000,10.13811,0.03638,1.75008,97.90237,1.95315,65.42745,0.10056,1.99982,5.82794,0.19381,0.18572,0.48634
62.10000,10.19302,0.10448,1.74999,97.98766,1.94848,64.34154,0.10055,1.99984,5.59964,0.19461,0.18919,0.49115
62.15000,10.25230,0.16881,1.74996,98.07295,1.94927,63.84908,0.10052,1.99984,5.68937,0.19472,0.18801,0.49117
62.20000,10.31547,0.22933,1.75004,98.15826,1.95016,63.49782,0.10050,1.99985,5.77823,0.19482,0.18686,0.49118
62.25000,10.38207,0.28606,1.75021,98.24360,1.95114,63.31437,0.10047,1.99985,5.86340,0.19493,0.18565,0.49124
62.30000,10.45167,0.33909,1.75044,98.32901,1.95221,63.32383,0.10044,1.99986,5.94345,0.19503,0.18432,0.49143
62.35000,10.52387,0.38854,1.75073,98.41450,1.95339,63.54771,0.10040,1.99986,6.01327,0.19512,0.18280,0.49176
62.40000,10.59831,0.43461,1.75111,98.50007,1.94915,63.43508,0.10038,1.99987,5.73581,0.19571,0.18479,0.49749
62.45000,10.67464,0.47749,1.75149,98.58578,1.95029,64.04626,0.10034,1.99988,5.79699,0.19578,0.18212,0.49846
62.50000,10.75258,0.51743,1.75190,98.67162,1.95177,64.90793,0.10031,1.99988,5.85055,0.19585,0.17946,0.49958
62.55000,10.83186,0.55468,1.75231,98.75763,1.95343,65.97295,0.10027,1.99988,5.90282,0.19593,0.17677,0.50075
62.60000,10.91226,0.58952,1.75273,98.84383,1.95521,67.18539,0.10024,1.99989,5.95359,0.19601,0.17407,0.50196
62.65000,10.99356,0.62224,1.75313,98.93022,1.95701,68.47698,0.10021,1.99989,6.00182,0.19610,0.17140,0.50319
62.70000,11.07559,0.65316,1.75354,99.01681,1.95365,69.22735,0.10018,1.99990,5.69934,0.19656,0.17241,0.50886
62.75000,11.15819,0.68260,1.75392,99.10362,1.95506,70.41503,0.10016,1.99990,5.73220,0.19661,0.16917,0.51026
62.80000,11.24121,0.71086,1.75426,99.19068,1.95637,71.52491,0.10014,1.99990,5.76614,0.19666,0.16635,0.51142
62.85000,11.32453,0.73829,1.75455,99.27798,1.95755,72.52689,0.10013,1.99990,5.79633,0.19670,0.16389,0.51241
62.90000,11.40804,0.76518,1.75478,99.36554,1.95856,73.40208,0.10012,1.99991,5.82432,0.19673,0.16172,0.51325
62.95000,11.49162,0.79187,1.75496,99.45340,1.95939,74.14827,0.10011,1.99991,5.85004,0.19676,0.15981,0.51395
63.00000,11.57518,0.81868,1.75507,99.54159,1.96004,74.77350,0.10010,1.99991,5.87361,0.19679,0.15808,0.51453
63.05000,11.65860,0.84590,1.75510,99.63010,1.96053,75.29161,0.10009,1.99991,5.89523,0.19680,0.15649,0.51502
63.10000,11.74179,0.87385,1.75506,99.71888,1.96087,75.71834,0.10009,1.99991,5.91514,0.19681,0.15499,0.51544
63.15000,11.82462,0.90283,1.75494,99.80777,1.96109,76.06884,0.10008,1.99991,5.93354,0.19682,0.15355,0.51581
63.20000,11.90697,0.93310,1.75473,99.89672,1.96124,76.36054,0.10008,1.99991,5.94706,0.19681,0.15213,0.51618
63.25000,11.98871,0.96496,1.75446,99.98577,1.96127,76.59921,0.10008,1.99992,5.96149,0.19680,0.15074,0.51649
63.30000,12.06970,0.99864,1.75411,100.07493,1.96122,76.79762,0.10007,1.99992,5.97474,0.19678,0.14935,0.51678
63.35000,12.14978,1.03439,1.75370,100.16418,1.96110,76.96425,0.10007,1.99992,5.98699,0.19676,0.14795,0.51706
63.40000,12.22878,1.07241,1.75323,100.25346,1.96093,77.10587,0.10007,1.99992,5.99840,0.19674,0.14653,0.51733
63.45000,12.30652,1.11287,1.75271,100.34275,1.96070,77.22786,0.10007,1.99992,6.00675,0.19671,0.14509,0.51760
63.50000,12.38282,1.15595,1.75215,100.43200,1.96041,77.33447,0.10007,1.99992,6.01432,0.19668,0.14362,0.51787
63.55000,12.45749,1.20174,1.75157,100.52119,1.96008,77.42896,0.10006,1.99992,6.02167,0.19664,0.14212,0.51814
63.60000,12.53031,1.25035,1.75096,100.61028,1.95971,77.51372,0.10006,1.99992,6.02884,0.19660,0.14058,0.51840
63.65000,12.60110,1.30183,1.75035,100.69925,1.95929,77.59037,0.10006,1.99992,6.03576,0.19656,0.13903,0.51867
63.70000,12.66966,1.35620,1.74975,100.78807,1.95892,77.66935,0.10006,1.99992,6.03590,0.19650,0.13746,0.51902
63.75000,12.73578,1.41346,1.74916,100.87672,1.95846,77.73540,0.10006,1.99992,6.04052,0.19645,0.13594,0.51930
63.80000,12.79928,1.47356,1.74860,100.96519,1.95797,77.79602,0.10006,1.99992,6.04439,0.19639,0.13445,0.51957
63.85000,12.86000,1.53644,1.74807,101.05346,1.95746,77.85207,0.10006,1.99992,6.04744,0.19634,0.13300,0.51984
63.90000,12.91777,1.60201,1.74758,101.14154,1.95692,77.90435,0.10006,1.99992,6.04966,0.19628,0.13160,0.52009
63.95000,12.97245,1.67014,1.74713,101.22942,1.95635,77.95343,0.10005,1.99992,6.05107,0.19622,0.13025,0.52034
64.00000,13.02392,1.74070,1.74674,101.31710,1.95577,77.99951,0.10005,1.99992,6.05166,0.19616,0.12896,0.52058
64.05000,13.07208,1.81354,1.74639,101.40461,1.95516,78.04247,0.10005,1.99992,6.05135,0.19610,0.12773,0.52080
64.10000,13.11684,1.88850,1.74611,101.49195,1.95463,78.09060,0.10005,1.99992,6.04400,0.19603,0.12657,0.52109
64.15000,13.15814,1.96541,1.74587,101.57913,1.95402,78.12848,0.10005,1.99992,6.04034,0.19597,0.12551,0.52130
64.20000,13.19594,2.04408,1.74569,101.66618,1.95340,78.16201,0.10005,1.99992,6.03550,0.19590,0.12455,0.52149
64.25000,13.23022,2.12433,1.74554,101.75311,1.95028,79.04292,0.10006,1.99992,5.83660,0.19542,0.11857,0.51741
64.30000,13.26097,2.20601,1.74547,101.83993,1.94990,79.14394,0.10006,1.99992,5.82746,0.19538,0.11802,0.51743
64.35000,13.28821,2.28891,1.74545,101.92666,1.94945,79.21671,0.10006,1.99992,5.81632,0.19534,0.11751,0.51748
64.40000,13.31199,2.37287,1.74547,102.01333,1.94893,79.26812,0.10006,1.99992,5.80318,0.19529,0.11706,0.51753
64.45000,13.33234,2.45774,1.74555,102.09993,1.94838,79.30226,0.10006,1.99992,5.78807,0.19524,0.11668,0.51759
64.50000,13.34933,2.54334,1.74567,102.18649,1.94790,79.32890,0.10006,1.99992,5.76386,0.19517,0.11638,0.51771
64.55000,13.36304,2.62954,1.74581,102.27303,1.94456,80.15742,0.10008,1.99992,5.55211,0.19463,0.11170,0.51306
64.60000,13.37354,2.71619,1.74602,102.35954,1.94426,80.22104,0.10008,1.99992,5.53209,0.19460,0.11173,0.51292
64.65000,13.38092,2.80318,1.74627,102.44605,1.94388,80.24722,0.10008,1.99992,5.51044,0.19456,0.11181,0.51281
64.70000,13.38530,2.89039,1.74655,102.53257,1.94344,80.24412,0.10008,1.99992,5.48733,0.19453,0.11194,0.51271
64.75000,13.38678,2.97771,1.74688,102.61910,1.94298,80.21742,0.10009,1.99992,5.46288,0.19449,0.11216,0.51261
64.80000,13.38547,3.06504,1.74724,102.70565,1.94252,80.17094,0.10009,1.99992,5.43723,0.19446,0.11246,0.51249
64.85000,13.38147,3.15232,1.74763,102.79224,1.93906,80.90692,0.10011,1.99991,5.22957,0.19385,0.10866,0.50718
64.90000,13.37491,3.23946,1.74807,102.87887,1.93890,80.89138,0.10012,1.99991,5.20321,0.19384,0.10919,0.50685
64.95000,13.36590,3.32641,1.74854,102.96553,1.93865,80.83619,0.10012,1.99991,5.17595,0.19383,0.10977,0.50656
65.00000,13.35456,3.41311,1.74905,103.05224,1.93836,80.74880,0.10013,1.99991,5.14808,0.19381,0.11042,0.50627
65.05000,13.34102,3.49951,1.74959,103.13901,1.93805,80.63448,0.10013,1.99991,5.11985,0.19379,0.11114,0.50598
65.10000,13.32539,3.58560,1.75017,103.22584,1.93776,80.49760,0.10014,1.99991,5.09145,0.19378,0.11196,0.50568
65.15000,13.30780,3.67133,1.75077,103.31275,1.93413,81.11972,0.10018,1.99991,4.90515,0.19314,0.10864,0.49947
65.20000,13.28834,3.75669,1.75141,103.39971,1.93416,81.00695,0.10019,1.99990,4.87920,0.19316,0.10961,0.49892
65.25000,13.26714,3.84167,1.75208,103.48674,1.93419,80.86629,0.10019,1.99990,4.85039,0.19316,0.11063,0.49848
65.30000,13.24431,3.92627,1.75279,103.57384,1.93416,80.69989,0.10021,1.99990,4.82445,0.19318,0.11170,0.49801
65.35000,13.21996,4.01048,1.75355,103.66101,1.93414,80.51603,0.10022,1.99990,4.79919,0.19319,0.11284,0.49754
65.40000,13.19419,4.09430,1.75437,103.74827,1.93051,81.08255,0.10028,1.99990,4.63427,0.19252,0.10967,0.49058
65.45000,13.16708,4.17775,1.75525,103.83560,1.93074,80.92131,0.10030,1.99990,4.61327,0.19256,0.11085,0.48989
65.50000,13.13875,4.26083,1.75620,103.92301,1.93091,80.73454,0.10031,1.99989,4.59320,0.19259,0.11204,0.48925
65.55000,13.10929,4.34358,1.75720,104.01051,1.93106,80.53201,0.10033,1.99989,4.57434,0.19263,0.11326,0.48864
65.60000,13.07880,4.42601,1.75826,104.09809,1.93127,80.32268,0.10035,1.99989,4.55567,0.19267,0.11451,0.48809
65.65000,13.04738,4.50814,1.75936,104.18575,1.93148,80.10832,0.10037,1.99989,4.53968,0.19271,0.11577,0.48753
65.70000,13.01512,4.59001,1.76049,104.27351,1.93172,79.89405,0.10038,1.99989,4.52546,0.19275,0.11705,0.48697
65.75000,12.98209,4.67164,1.76166,104.36134,1.93200,79.68225,0.10040,1.99989,4.51314,0.19280,0.11831,0.48644
65.80000,12.94839,4.75305,1.76286,104.44927,1.93230,79.47431,0.10042,1.99989,4.50283,0.19285,0.11955,0.48591
65.85000,12.91409,4.83428,1.76409,104.53725,1.93623,78.46918,0.10035,1.99989,4.62554,0.19356,0.12620,0.49220
65.90000,12.87925,4.91534,1.76534,104.62533,1.93642,78.22412,0.10036,1.99989,4.61820,0.19360,0.12741,0.49194
65.95000,12.84395,4.99628,1.76659,104.71350,1.93671,78.00268,0.10037,1.99989,4.61348,0.19364,0.12859,0.49163
66.00000,12.80825,5.07710,1.76786,104.80175,1.93707,77.80097,0.10038,1.99989,4.61122,0.19369,0.12971,0.49130
66.05000,12.77219,5.15784,1.76912,104.89008,1.93749,77.61807,0.10039,1.99989,4.61085,0.19374,0.13075,0.49098
66.10000,12.73582,5.23851,1.77037,104.97849,1.93794,77.45200,0.10040,1.99988,4.61313,0.19380,0.13171,0.49065
66.15000,12.69919,5.31913,1.77163,105.06694,1.94168,76.44628,0.10032,1.99989,4.75692,0.19443,0.13891,0.49689
66.20000,12.66233,5.39971,1.77288,105.15549,1.94199,76.25857,0.10033,1.99989,4.76281,0.19447,0.13965,0.49683
66.25000,12.62528,5.48027,1.77410,105.24412,1.94240,76.10828,0.10033,1.99989,4.77093,0.19451,0.14034,0.49672
66.30000,12.58805,5.56082,1.77530,105.33281,1.94286,75.98940,0.10033,1.99989,4.78098,0.19456,0.14095,0.49659
66.35000,12.55066,5.64136,1.77647,105.42158,1.94336,75.89823,0.10033,1.99989,4.79272,0.19461,0.14147,0.49646
66.40000,12.51313,5.72190,1.77761,105.51055,1.94389,75.83271,0.10033,1.99989,4.80598,0.19466,0.14190,0.49634
66.45000,12.47546,5.80243,1.77872,105.59978,1.94737,74.89420,0.10026,1.99989,4.97299,0.19520,0.14912,0.50241
66.50000,12.43765,5.88296,1.77979,105.68922,1.94773,74.81338,0.10026,1.99989,4.98888,0.19524,0.14924,0.50254
66.55000,12.39969,5.96347,1.78082,105.77872,1.94818,74.78004,0.10026,1.99989,5.00619,0.19527,0.14934,0.50263
66.60000,12.36157,6.04397,1.78180,105.86811,1.94868,74.78789,0.10025,1.99989,5.02448,0.19531,0.14937,0.50270
66.65000,12.32327,6.12443,1.78274,105.95731,1.94921,74.83174,0.10025,1.99989,5.04339,0.19536,0.14934,0.50276
66.70000,12.28476,6.20485,1.78364,106.04648,1.95238,73.98433,0.10019,1.99990,5.22952,0.19583,0.15644,0.50849
66.75000,12.24603,6.28520,1.78450,106.13566,1.95272,74.01413,0.10019,1.99990,5.24913,0.19585,0.15609,0.50877
66.80000,12.20702,6.36547,1.78532,106.22490,1.95312,74.08966,0.10018,1.99990,5.26918,0.19588,0.15575,0.50899
66.85000,12.16771,6.44564,1.78610,106.31417,1.95355,74.20086,0.10018,1.99990,5.28955,0.19591,0.15537,0.50918
66.90000,12.12804,6.52567,1.78684,106.40347,1.95399,74.34124,0.10017,1.99990,5.30988,0.19594,0.15492,0.50937
66.95000,12.08798,6.60555,1.78755,106.49282,1.95440,74.50372,0.10017,1.99990,5.33199,0.19597,0.15430,0.50955
67.00000,12.04745,6.68523,1.78821,106.58225,1.95710,73.75279,0.10013,1.99990,5.53839,0.19636,0.16084,0.51479
67.05000,12.00641,6.76468,1.78885,106.67170,1.95718,73.87033,0.10013,1.99990,5.56423,0.19636,0.15961,0.51516
67.10000,11.96479,6.84387,1.78944,106.76119,1.95726,74.01945,0.10012,1.99990,5.59238,0.19637,0.15824,0.51548
67.15000,11.92253,6.92274,1.79000,106.85073,1.95742,74.18745,0.10012,1.99990,5.61686,0.19638,0.15716,0.51575
67.20000,11.87956,7.00127,1.79052,106.94031,1.95767,74.36550,0.10011,1.99990,5.63708,0.19639,0.15638,0.51598
67.25000,11.83580,7.07938,1.79101,107.02995,1.95788,74.54852,0.10011,1.99991,5.65832,0.19640,0.15549,0.51619
67.30000,11.79119,7.15704,1.79147,107.11963,1.95815,74.73041,0.10011,1.99991,5.67509,0.19642,0.15489,0.51636
67.35000,11.74565,7.23419,1.79189,107.20936,1.95842,74.90899,0.10010,1.99991,5.69036,0.19644,0.15436,0.51652
67.40000,11.69911,7.31076,1.79228,107.29914,1.95868,75.08596,0.10010,1.99991,5.70299,0.19645,0.15376,0.51670
67.45000,11.65149,7.38669,1.79264,107.38897,1.95886,75.25485,0.10010,1.99991,5.71846,0.19646,0.15305,0.51686
67.50000,11.60273,7.46190,1.79297,107.47884,1.95899,75.41679,0.10010,1.99991,5.73455,0.19646,0.15223,0.51701
67.55000,11.55276,7.53634,1.79326,107.56875,1.95908,75.57071,0.10009,1.99991,5.75031,0.19647,0.15138,0.51717
67.60000,11.50150,7.60991,1.79353,107.65870,1.95916,75.71562,0.10009,1.99991,5.76433,0.19647,0.15060,0.51732
67.65000,11.44890,7.68255,1.79377,107.74868,1.95926,75.85108,0.10009,1.99991,5.77520,0.19647,0.14999,0.51745
67.70000,11.39490,7.75416,1.79399,107.83869,1.95938,75.97864,0.10009,1.99991,5.78260,0.19648,0.14955,0.51757
67.75000,11.33944,7.82467,1.79418,107.92873,1.95951,76.10260,0.10009,1.99991,5.78655,0.19648,0.14924,0.51768
67.80000,11.28247,7.89397,1.79435,108.01879,1.95960,76.22939,0.10008,1.99991,5.78847,0.19648,0.14889,0.51779
67.85000,11.22395,7.96198,1.79451,108.10886,1.95945,76.36507,0.10008,1.99991,5.79718,0.19647,0.14785,0.51795
67.90000,11.16386,8.02861,1.79465,108.19894,1.95935,76.50885,0.10008,1.99991,5.79714,0.19645,0.14694,0.51816
67.95000,11.10217,8.09378,1.79477,108.28902,1.95907,76.65512,0.10008,1.99991,5.80350,0.19642,0.14568,0.51836
68.00000,11.03885,8.15737,1.79486,108.37911,1.95873,76.76025,0.10008,1.99991,5.81925,0.19639,0.14418,0.51855
68.05000,10.97389,8.21929,1.79496,108.46918,1.95833,76.85907,0.10008,1.99991,5.83562,0.19636,0.14260,0.51876
68.10000,10.90728,8.27944,1.79506,108.55925,1.95791,76.94485,0.10007,1.99991,5.85222,0.19632,0.14107,0.51895
68.15000,10.83902,8.33771,1.79515,108.64930,1.95751,77.00742,0.10007,1.99992,5.87047,0.19629,0.13961,0.51914
68.20000,10.76913,8.39403,1.79525,108.73933,1.95709,77.06209,0.10007,1.99992,5.88823,0.19626,0.13819,0.51931
68.25000,10.69763,8.44830,1.79536,108.82934,1.95662,77.11393,0.10007,1.99992,5.90472,0.19622,0.13677,0.51949
68.30000,10.62455,8.50044,1.79547,108.91933,1.95609,77.15994,0.10007,1.99992,5.91941,0.19618,0.13535,0.51966
68.35000,10.54995,8.55037,1.79559,109.00928,1.95550,77.18681,0.10007,1.99992,5.93260,0.19613,0.13397,0.51981
68.40000,10.47386,8.59803,1.79573,109.09919,1.95488,77.18741,0.10006,1.99992,5.93932,0.19608,0.13262,0.52001
68.45000,10.39635,8.64335,1.79589,109.18908,1.95417,77.14903,0.10006,1.99992,5.95185,0.19603,0.13132,0.52012
68.50000,10.31748,8.68628,1.79606,109.27896,1.95339,77.06342,0.10006,1.99992,5.96624,0.19597,0.13008,0.52021
68.55000,10.23733,8.72677,1.79625,109.36880,1.95270,77.02407,0.10006,1.99992,5.98336,0.19592,0.12877,0.52034
68.60000,10.15596,8.76480,1.79646,109.45859,1.95202,76.98184,0.10006,1.99992,6.00171,0.19588,0.12749,0.52046
68.65000,10.07346,8.80033,1.79669,109.54833,1.95130,76.96166,0.10006,1.99992,6.01169,0.19582,0.12624,0.52060
68.70000,9.98991,8.83335,1.79695,109.63804,1.95059,77.01244,0.10006,1.99992,6.01675,0.19577,0.12500,0.52077
68.75000,9.90540,8.86386,1.79722,109.72772,1.94725,77.93761,0.10007,1.99992,5.82676,0.19528,0.11870,0.51662
68.80000,9.82000,8.89183,1.79753,109.81737,1.94676,78.08380,0.10007,1.99992,5.82663,0.19524,0.11784,0.51666
68.85000,9.73380,8.91729,1.79785,109.90700,1.94621,78.20460,0.10007,1.99992,5.81710,0.19517,0.11702,0.51681
68.90000,9.64688,8.94026,1.79820,109.99664,1.94553,78.29172,0.10007,1.99992,5.80938,0.19511,0.11625,0.51691
68.95000,9.55933,8.96074,1.79858,110.08621,1.94481,78.35758,0.10007,1.99992,5.80134,0.19505,0.11553,0.51703
69.00000,9.47122,8.97877,1.79898,110.17568,1.94409,78.42124,0.10007,1.99992,5.79371,0.19499,0.11485,0.51714
69.05000,9.38263,8.99438,1.79939,110.26522,1.94043,79.34596,0.10008,1.99992,5.59314,0.19442,0.10990,0.51252
69.10000,9.29363,9.00759,1.79984,110.35502,1.94005,79.51311,0.10008,1.99992,5.58767,0.19439,0.10946,0.51250
69.15000,9.20429,9.01845,1.80029,110.44496,1.93959,79.67082,0.10008,1.99992,5.58279,0.19436,0.10900,0.51252
69.20000,9.11467,9.02698,1.80076,110.53473,1.93901,79.78337,0.10008,1.99992,5.57573,0.19432,0.10860,0.51254
69.25000,9.02484,9.03322,1.80125,110.62435,1.93819,79.79460,0.10008,1.99992,5.56596,0.19427,0.10832,0.51248
69.30000,8.93485,9.03721,1.80176,110.71402,1.93410,80.61995,0.10010,1.99992,5.37139,0.19364,0.10433,0.50722
69.35000,8.84477,9.03899,1.80230,110.80378,1.93354,80.64231,0.10010,1.99992,5.35357,0.19359,0.10427,0.50704
69.40000,8.75464,9.03861,1.80287,110.89358,1.93272,80.59876,0.10010,1.99992,5.33687,0.19354,0.10424,0.50685
69.45000,8.66452,9.03613,1.80347,110.98339,1.93182,80.52357,0.10011,1.99992,5.31846,0.19347,0.10423,0.50668
69.50000,8.57445,9.03163,1.80410,111.07322,1.93090,80.43719,0.10011,1.99991,5.29920,0.19341,0.10424,0.50655
69.55000,8.48446,9.02515,1.80477,111.16306,1.92999,80.34456,0.10011,1.99991,5.27955,0.19334,0.10428,0.50642
69.60000,8.39460,9.01678,1.80545,111.25295,1.92533,81.02752,0.10014,1.99991,5.09081,0.19260,0.10097,0.50051
69.65000,8.30488,9.00659,1.80618,111.34286,1.92471,80.97344,0.10015,1.99991,5.07234,0.19256,0.10114,0.50020
69.70000,8.21535,8.99465,1.80695,111.43281,1.92399,80.88612,0.10015,1.99991,5.05345,0.19251,0.10131,0.49994
69.75000,8.12601,8.98106,1.80775,111.52281,1.92322,80.77413,0.10016,1.99991,5.03432,0.19246,0.10150,0.49970
69.80000,8.03689,8.96589,1.80858,111.61287,1.92242,80.64304,0.10016,1.99991,5.01506,0.19240,0.10172,0.49947
69.85000,7.94798,8.94925,1.80944,111.70300,1.91747,81.26632,0.10021,1.99991,4.83957,0.19157,0.09882,0.49297
69.90000,7.85931,8.93121,1.81034,111.79318,1.91695,81.16026,0.10021,1.99990,4.82200,0.19154,0.09912,0.49254
69.95000,7.77086,8.91187,1.81128,111.88342,1.91633,81.02652,0.10022,1.99990,4.80450,0.19151,0.09943,0.49218
70.00000,7.68263,8.89133,1.81224,111.97373,1.91568,80.87470,0.10023,1.99990,4.78732,0.19147,0.09976,0.49183
70.05000,7.59462,8.86968,1.81324,112.06411,1.91504,80.71123,0.10024,1.99990,4.77060,0.19144,0.10011,0.49151
70.10000,7.50681,8.84701,1.81428,112.15455,1.91443,80.54061,0.10025,1.99990,4.75439,0.19140,0.10049,0.49118
70.15000,7.41919,8.82341,1.81534,112.24507,1.91387,80.36612,0.10026,1.99990,4.73875,0.19138,0.10090,0.49085
70.20000,7.33174,8.79898,1.81644,112.33567,1.91337,80.19018,0.10027,1.99990,4.72368,0.19136,0.10134,0.49053
70.25000,7.24445,8.77381,1.81756,112.42635,1.91294,80.01442,0.10028,1.99990,4.70917,0.19134,0.10181,0.49020
70.30000,7.15729,8.74798,1.81872,112.51710,1.91259,79.83990,0.10029,1.99990,4.69521,0.19133,0.10230,0.48986
70.35000,7.07024,8.72159,1.81990,112.60794,1.91232,79.66824,0.10030,1.99990,4.68120,0.19133,0.10282,0.48954
70.40000,6.98328,8.69470,1.82112,112.69885,1.91212,79.49862,0.10031,1.99989,4.66838,0.19134,0.10337,0.48920
70.45000,6.89637,8.66741,1.82236,112.78985,1.91199,79.33300,0.10032,1.99989,4.65621,0.19135,0.10394,0.48886
70.50000,6.80951,8.63980,1.82362,112.88093,1.91194,79.17245,0.10033,1.99989,4.64470,0.19136,0.10454,0.48852
70.55000,6.72266,8.61192,1.82491,112.97209,1.91197,79.01755,0.10034,1.99989,4.63388,0.19139,0.10515,0.48819
70.60000,6.63580,8.58387,1.82626,113.06333,1.91207,78.86850,0.10035,1.99989,4.62375,0.19142,0.10579,0.48785
70.65000,6.54890,8.55571,1.82768,113.15466,1.91226,78.72550,0.10037,1.99989,4.61430,0.19145,0.10644,0.48752
70.70000,6.46194,8.52751,1.82916,113.24606,1.91253,78.58892,0.10038,1.99989,4.60551,0.19149,0.10712,0.48719
70.75000,6.37488,8.49934,1.83071,113.33755,1.91286,78.45922,0.10039,1.99989,4.59734,0.19154,0.10781,0.48686
70.80000,6.28772,8.47125,1.83232,113.42913,1.91327,78.33653,0.10040,1.99989,4.58975,0.19159,0.10851,0.48654
70.85000,6.20043,8.44331,1.83397,113.52080,1.91373,78.22076,0.10041,1.99989,4.58276,0.19164,0.10923,0.48623
70.90000,6.11299,8.41556,1.83567,113.61256,1.91424,78.11144,0.10042,1.99989,4.57665,0.19170,0.10995,0.48593
70.95000,6.02538,8.38804,1.83742,113.70440,1.91481,78.00944,0.10042,1.99989,4.57103,0.19176,0.11067,0.48563
71.00000,5.93759,8.36079,1.83920,113.79634,1.91542,77.91475,0.10043,1.99989,4.56608,0.19182,0.11139,0.48535
71.05000,5.84962,8.33385,1.84101,113.88837,1.91608,77.82764,0.10044,1.99988,4.56182,0.19189,0.11211,0.48507
71.10000,5.76145,8.30724,1.84285,113.98049,1.91679,77.74849,0.10045,1.99988,4.55824,0.19196,0.11283,0.48481
71.15000,5.67308,8.28098,1.84471,114.07270,1.91753,77.67781,0.10045,1.99988,4.55536,0.19202,0.11354,0.48457
71.20000,5.58451,8.25510,1.84658,114.16501,1.91831,77.61599,0.10046,1.99988,4.55320,0.19209,0.11424,0.48433
71.25000,5.49572,8.22960,1.84847,114.25740,1.91912,77.56295,0.10047,1.99988,4.55176,0.19217,0.11492,0.48411
71.30000,5.40672,8.20449,1.85037,114.34989,1.91995,77.51818,0.10047,1.99988,4.55108,0.19224,0.11558,0.48390
71.35000,5.31752,8.17977,1.85226,114.44247,1.92079,77.48112,0.10047,1.99988,4.55117,0.19231,0.11622,0.48371
71.40000,5.22811,8.15544,1.85415,114.53514,1.92165,77.45148,0.10048,1.99988,4.55208,0.19238,0.11683,0.48353
71.45000,5.13850,8.13150,1.85604,114.62790,1.92250,77.42936,0.10048,1.99988,4.55382,0.19245,0.11741,0.48336
71.50000,5.04869,8.10794,1.85791,114.72077,1.92336,77.41506,0.10048,1.99988,4.55641,0.19252,0.11796,0.48321
71.55000,4.95869,8.08474,1.85975,114.81374,1.92421,77.40821,0.10048,1.99988,4.56028,0.19260,0.11848,0.48306
71.60000,4.86850,8.06189,1.86158,114.90675,1.92507,77.41053,0.10048,1.99988,4.56454,0.19267,0.11895,0.48293
71.65000,4.77815,8.03937,1.86339,114.99986,1.92985,76.57379,0.10038,1.99989,4.70585,0.19341,0.12471,0.48976
71.70000,4.68762,8.01714,1.86516,115.09350,1.93049,76.54561,0.10038,1.99989,4.71139,0.19346,0.12509,0.48988
71.75000,4.59693,7.99520,1.86690,115.18765,1.93120,76.54398,0.10038,1.99989,4.71815,0.19351,0.12545,0.48994
71.80000,4.50610,7.97350,1.86860,115.28165,1.93195,76.56222,0.10038,1.99989,4.72598,0.19357,0.12578,0.48998
71.85000,4.41513,7.95203,1.87025,115.37528,1.93270,76.59568,0.10037,1.99989,4.73473,0.19363,0.12605,0.49001
71.90000,4.32403,7.93074,1.87187,115.46888,1.93694,75.76660,0.10029,1.99989,4.89217,0.19427,0.13212,0.49659
71.95000,4.23282,7.90959,1.87345,115.56254,1.93744,75.76614,0.10029,1.99989,4.90254,0.19430,0.13220,0.49682
72.00000,4.14150,7.88856,1.87499,115.65627,1.93801,75.79580,0.10029,1.99989,4.91413,0.19434,0.13225,0.49700
72.05000,4.05008,7.86759,1.87649,115.75004,1.93859,75.84805,0.10028,1.99989,4.92668,0.19438,0.13226,0.49713
72.10000,3.95859,7.84665,1.87795,115.84388,1.93918,75.91763,0.10028,1.99989,4.93998,0.19442,0.13222,0.49725
72.15000,3.86703,7.82568,1.87937,115.93784,1.94290,75.10267,0.10022,1.99990,5.11463,0.19497,0.13837,0.50344
72.20000,3.77541,7.80464,1.88075,116.03184,1.94323,75.12959,0.10021,1.99990,5.12899,0.19499,0.13808,0.50375
72.25000,3.68375,7.78348,1.88209,116.12591,1.94361,75.18648,0.10021,1.99990,5.14396,0.19501,0.13780,0.50398
72.30000,3.59206,7.76214,1.88339,116.22004,1.94403,75.26535,0.10020,1.99990,5.15891,0.19504,0.13752,0.50419
72.35000,3.50037,7.74057,1.88466,116.31424,1.94446,75.35975,0.10020,1.99990,5.17403,0.19507,0.13723,0.50436
72.40000,3.40867,7.71871,1.88589,116.40850,1.94490,75.46592,0.10020,1.99990,5.18882,0.19509,0.13694,0.50452
72.45000,3.31700,7.69650,1.88708,116.50287,1.94817,74.66705,0.10015,1.99990,5.37773,0.19557,0.14318,0.51015
72.50000,3.22537,7.67388,1.88824,116.59728,1.94837,74.71497,0.10015,1.99990,5.39093,0.19558,0.14274,0.51046
72.55000,3.13379,7.65079,1.88936,116.69175,1.94864,74.79108,0.10015,1.99990,5.40322,0.19559,0.14240,0.51071
72.60000,3.04230,7.62717,1.89046,116.78628,1.94898,74.88713,0.10015,1.99990,5.41420,0.19561,0.14215,0.51091
72.65000,2.95090,7.60295,1.89153,116.88087,1.94935,74.99686,0.10014,1.99990,5.42361,0.19563,0.14199,0.51107
72.70000,2.85963,7.57807,1.89256,116.97555,1.95234,74.18903,0.10011,1.99991,5.61756,0.19605,0.14873,0.51609
72.75000,2.76851,7.55245,1.89357,117.07027,1.95250,74.23362,0.10011,1.99990,5.62307,0.19605,0.14853,0.51636
72.80000,2.67756,7.52604,1.89456,117.16504,1.95274,74.30465,0.10011,1.99990,5.62702,0.19606,0.14845,0.51656
72.85000,2.58682,7.49876,1.89553,117.25988,1.95303,74.39435,0.10011,1.99990,5.62941,0.19607,0.14848,0.51672
72.90000,2.49632,7.47055,1.89647,117.35476,1.95336,74.49662,0.10011,1.99990,5.63032,0.19609,0.14858,0.51685
72.95000,2.40608,7.44135,1.89740,117.44971,1.95370,74.60635,0.10011,1.99990,5.62994,0.19610,0.14874,0.51696
73.00000,2.31614,7.41109,1.89830,117.54470,1.95404,74.71921,0.10011,1.99990,5.62849,0.19612,0.14893,0.51705
73.05000,2.22654,7.37970,1.89919,117.63976,1.95437,74.83165,0.10011,1.99990,5.62626,0.19614,0.14914,0.51713
73.10000,2.13732,7.34714,1.90006,117.73486,1.95469,74.94074,0.10011,1.99990,5.62359,0.19615,0.14935,0.51720
73.15000,2.04850,7.31335,1.90091,117.83001,1.95498,75.04385,0.10011,1.99990,5.62081,0.19617,0.14955,0.51726
73.20000,1.96015,7.27827,1.90174,117.92521,1.95524,75.13841,0.10011,1.99990,5.61827,0.19618,0.14971,0.51731
73.25000,1.87229,7.24185,1.90256,118.02045,1.95550,75.22493,0.10011,1.99990,5.61390,0.19619,0.14984,0.51739
73.30000,1.78497,7.20406,1.90337,118.11574,1.95570,75.29596,0.10011,1.99990,5.61247,0.19619,0.14992,0.51744
73.35000,1.69823,7.16485,1.90415,118.21108,1.95586,75.35242,0.10010,1.99990,5.61210,0.19620,0.14996,0.51748
73.40000,1.61212,7.12420,1.90492,118.30645,1.95599,75.39354,0.10010,1.99990,5.61298,0.19620,0.14994,0.51752
73.45000,1.52668,7.08206,1.90568,118.40186,1.95608,75.41924,0.10010,1.99990,5.61520,0.19621,0.14987,0.51755
73.50000,1.44195,7.03843,1.90642,118.49731,1.95614,75.43008,0.10010,1.99990,5.61879,0.19621,0.14974,0.51758
73.55000,1.35798,6.99328,1.90715,118.59279,1.95616,75.42729,0.10010,1.99990,5.62368,0.19621,0.14956,0.51761
73.60000,1.27481,6.94660,1.90786,118.68832,1.95617,75.41279,0.10010,1.99990,5.62974,0.19621,0.14932,0.51763
73.65000,1.19248,6.89839,1.90855,118.78387,1.95614,75.38920,0.10010,1.99991,5.63684,0.19620,0.14903,0.51766
73.70000,1.11104,6.84864,1.90923,118.87946,1.95610,75.35978,0.10010,1.99991,5.64481,0.19620,0.14870,0.51769
73.75000,1.03051,6.79734,1.90990,118.97508,1.95605,75.32833,0.10010,1.99991,5.65340,0.19619,0.14832,0.51772
73.80000,0.95093,6.74452,1.91055,119.07072,1.95598,75.29885,0.10010,1.99991,5.66231,0.19619,0.14791,0.51776
73.85000,0.87236,6.69016,1.91118,119.16639,1.95593,75.27524,0.10010,1.99991,5.67118,0.19618,0.14748,0.51781
73.90000,0.79482,6.63429,1.91180,119.26207,1.95588,75.26092,0.10010,1.99991,5.67968,0.19617,0.14705,0.51787
73.95000,0.71835,6.57692,1.91241,119.35776,1.95584,75.25862,0.10010,1.99991,5.68754,0.19617,0.14662,0.51793
74.00000,0.64298,6.51804,1.91300,119.45347,1.95582,75.27006,0.10010,1.99991,5.69458,0.19616,0.14622,0.51800
74.05000,0.56876,6.45770,1.91358,119.54919,1.95583,75.29589,0.10010,1.99991,5.70068,0.19616,0.14583,0.51807
74.10000,0.49571,6.39588,1.91414,119.64492,1.95585,75.33578,0.10009,1.99991,5.70576,0.19615,0.14547,0.51815
74.15000,0.42388,6.33262,1.91469,119.74066,1.95588,75.38870,0.10009,1.99991,5.70980,0.19615,0.14514,0.51823
74.20000,0.35330,6.26792,1.91523,119.83642,1.95593,75.45314,0.10009,1.99991,5.71280,0.19615,0.14484,0.51831
74.25000,0.28401,6.20180,1.91576,119.93219,1.95598,75.52711,0.10009,1.99991,5.71480,0.19614,0.14457,0.51839
74.30000,0.21605,6.13428,1.91628,120.02799,1.95604,75.60812,0.10009,1.99991,5.71588,0.19614,0.14434,0.51847
74.35000,0.14947,6.06536,1.91679,120.12380,1.95613,75.69687,0.10009,1.99991,5.71316,0.19614,0.14412,0.51858
74.40000,0.08431,5.99507,1.91729,120.21963,1.95619,75.78384,0.10009,1.99991,5.71248,0.19614,0.14393,0.51865
74.45000,0.02060,5.92342,1.91778,120.31548,1.95622,75.86927,0.10009,1.99991,5.71131,0.19614,0.14374,0.51872
74.50000,-0.04159,5.85042,1.91827,120.41136,1.95624,75.95070,0.10009,1.99991,5.70986,0.19613,0.14355,0.51878
74.55000,-0.10223,5.77610,1.91875,120.50726,1.95622,76.02575,0.10009,1.99991,5.70835,0.19613,0.14334,0.51884
74.60000,-0.16127,5.70046,1.91923,120.60319,1.95617,76.09213,0.10009,1.99991,5.70703,0.19612,0.14311,0.51889
74.65000,-0.21866,5.62354,1.91971,120.69914,1.95609,76.14782,0.10009,1.99991,5.70608,0.19612,0.14286,0.51894
74.70000,-0.27436,5.54536,1.92020,120.79511,1.95598,76.19121,0.10009,1.99991,5.70568,0.19611,0.14257,0.51899
74.75000,-0.32832,5.46594,1.92068,120.89111,1.95584,76.22131,0.10009,1.99991,5.70595,0.19610,0.14225,0.51902
74.80000,-0.38050,5.38530,1.92117,120.98712,1.95566,76.23770,0.10009,1.99991,5.70701,0.19609,0.14190,0.51906
74.85000,-0.43086,5.30349,1.92167,121.08314,1.95545,76.24054,0.10009,1.99991,5.70893,0.19607,0.14151,0.51909
74.90000,-0.47936,5.22053,1.92217,121.17920,1.95521,76.23027,0.10009,1.99991,5.71174,0.19605,0.14108,0.51912
74.95000,-0.52597,5.13647,1.92269,121.27529,1.95494,76.20761,0.10009,1.99991,5.71541,0.19604,0.14061,0.51915
75.00000,-0.57066,5.05134,1.92321,121.37139,1.95464,76.17362,0.10009,1.99991,5.71991,0.19602,0.14011,0.51918
75.05000,-0.61341,4.96519,1.92375,121.46748,1.95432,76.13008,0.10008,1.99991,5.72520,0.19599,0.13957,0.51921
75.10000,-0.65419,4.87807,1.92430,121.56359,1.95397,76.07973,0.10008,1.99991,5.73125,0.19597,0.13899,0.51923
75.15000,-0.69300,4.79001,1.92486,121.65972,1.95361,76.02606,0.10008,1.99991,5.73800,0.19594,0.13837,0.51927
75.20000,-0.72981,4.70108,1.92543,121.75586,1.95322,75.97278,0.10008,1.99991,5.74532,0.19592,0.13771,0.51931
75.25000,-0.76463,4.61131,1.92602,121.85202,1.95282,75.92326,0.10008,1.99991,5.75303,0.19589,0.13701,0.51935
75.30000,-0.79746,4.52076,1.92663,121.94819,1.95241,75.88019,0.10008,1.99991,5.76098,0.19586,0.13628,0.51940
75.35000,-0.82829,4.42948,1.92724,122.04438,1.95199,75.84545,0.10008,1.99991,5.76903,0.19583,0.13551,0.51947
75.40000,-0.85714,4.33753,1.92787,122.14060,1.95155,75.82019,0.10008,1.99991,5.77708,0.19580,0.13472,0.51953
75.45000,-0.88401,4.24494,1.92851,122.23684,1.95111,75.80492,0.10008,1.99991,5.78510,0.19577,0.13391,0.51961
75.50000,-0.90891,4.15177,1.92917,122.33311,1.95066,75.79972,0.10008,1.99991,5.79304,0.19573,0.13308,0.51969
75.55000,-0.93186,4.05806,1.92983,122.42941,1.95020,75.80437,0.10008,1.99991,5.80085,0.19570,0.13224,0.51977
75.60000,-0.95287,3.96387,1.93050,122.52574,1.94977,75.82183,0.10008,1.99991,5.80542,0.19566,0.13139,0.51989
75.65000,-0.97195,3.86924,1.93119,122.62211,1.94929,75.84411,0.10008,1.99991,5.81264,0.19563,0.13055,0.51999
75.70000,-0.98912,3.77420,1.93188,122.71852,1.94611,76.77762,0.10010,1.99991,5.62442,0.19515,0.12413,0.51565
75.75000,-1.00439,3.67880,1.93259,122.81496,1.94589,76.89142,0.10009,1.99991,5.63105,0.19514,0.12352,0.51561
75.80000,-1.01777,3.58309,1.93331,122.91144,1.94557,76.98066,0.10009,1.99991,5.63690,0.19512,0.12288,0.51560
75.85000,-1.02928,3.48710,1.93404,123.00796,1.94517,77.05084,0.10009,1.99991,5.64188,0.19509,0.12222,0.51563
75.90000,-1.03894,3.39086,1.93477,123.10452,1.94471,77.10585,0.10009,1.99991,5.64591,0.19506,0.12157,0.51567
75.95000,-1.04675,3.29442,1.93552,123.20113,1.94127,78.02555,0.10011,1.99991,5.46119,0.19453,0.11606,0.51080
76.00000,-1.05274,3.19781,1.93628,123.29777,1.94102,78.13459,0.10011,1.99991,5.46357,0.19452,0.11564,0.51069
76.05000,-1.05691,3.10107,1.93706,123.39445,1.94064,78.20925,0.10011,1.99991,5.46457,0.19449,0.11519,0.51064
76.10000,-1.05928,3.00423,1.93784,123.49116,1.94016,78.25833,0.10011,1.99991,5.46422,0.19446,0.11475,0.51062
76.15000,-1.05989,2.90732,1.93864,123.58791,1.93962,78.28753,0.10011,1.99991,5.46260,0.19443,0.11432,0.51062
76.20000,-1.05873,2.81037,1.93946,123.68470,1.93582,79.14445,0.10013,1.99991,5.28088,0.19382,0.10964,0.50520
76.25000,-1.05584,2.71343,1.94029,123.78153,1.93549,79.21341,0.10013,1.99991,5.27764,0.19381,0.10942,0.50504
76.30000,-1.05123,2.61650,1.94114,123.87839,1.93503,79.24793,0.10013,1.99991,5.27298,0.19378,0.10918,0.50494
76.35000,-1.04494,2.51963,1.94201,123.97529,1.93450,79.25769,0.10013,1.99991,5.26703,0.19374,0.10895,0.50488
76.40000,-1.03699,2.42283,1.94290,124.07223,1.93391,79.24874,0.10013,1.99991,5.25988,0.19370,0.10875,0.50484
76.45000,-1.02742,2.32614,1.94381,124.16921,1.93329,79.22497,0.10013,1.99991,5.25159,0.19365,0.10859,0.50480
76.50000,-1.01627,2.22957,1.94475,124.26625,1.92908,80.00063,0.10016,1.99991,5.07442,0.19297,0.10467,0.49883
76.55000,-1.00356,2.13314,1.94571,124.36332,1.92872,80.01410,0.10017,1.99991,5.06520,0.19294,0.10468,0.49860
76.60000,-0.98932,2.03688,1.94673,124.46044,1.92825,79.99735,0.10017,1.99991,5.05480,0.19291,0.10468,0.49844
76.65000,-0.97359,1.94079,1.94781,124.55761,1.92774,79.95928,0.10017,1.99991,5.04345,0.19287,0.10471,0.49830
76.70000,-0.95640,1.84490,1.94896,124.65484,1.92721,79.90552,0.10017,1.99991,5.03134,0.19283,0.10477,0.49818
76.75000,-0.93780,1.74922,1.95016,124.75215,1.92270,80.62307,0.10022,1.99991,4.86319,0.19207,0.10142,0.49164
76.80000,-0.91784,1.65374,1.95141,124.84951,1.92242,80.59805,0.10022,1.99991,4.85124,0.19206,0.10160,0.49132
76.85000,-0.89658,1.55848,1.95272,124.94694,1.92206,80.54661,0.10023,1.99991,4.83847,0.19203,0.10179,0.49106
76.90000,-0.87409,1.46344,1.95407,125.04444,1.92168,80.47706,0.10023,1.99991,4.82507,0.19201,0.10202,0.49083
76.95000,-0.85044,1.36861,1.95546,125.14201,1.92130,80.39451,0.10024,1.99991,4.81119,0.19199,0.10229,0.49061
77.00000,-0.82569,1.27398,1.95689,125.23967,1.92096,80.30227,0.10025,1.99991,4.79688,0.19197,0.10261,0.49039
77.05000,-0.79991,1.17956,1.95835,125.33740,1.92067,80.20260,0.10025,1.99990,4.78220,0.19196,0.10298,0.49015
77.10000,-0.77318,1.08532,1.95983,125.43522,1.92043,80.09706,0.10026,1.99990,4.76719,0.19195,0.10341,0.48991
77.15000,-0.74557,0.99126,1.96134,125.53312,1.92030,79.98800,0.10027,1.99990,4.75099,0.19194,0.10390,0.48968
77.20000,-0.71713,0.89737,1.96286,125.63111,1.92021,79.87373,0.10028,1.99990,4.73547,0.19195,0.10445,0.48941
77.25000,-0.68796,0.80362,1.96440,125.72918,1.92021,79.75617,0.10029,1.99990,4.71971,0.19196,0.10506,0.48913
77.30000,-0.65810,0.71001,1.96593,125.82734,1.92029,79.63604,0.10030,1.99990,4.70379,0.19198,0.10573,0.48883
77.35000,-0.62764,0.61652,1.96747,125.92559,1.92046,79.51410,0.10031,1.99990,4.68780,0.19200,0.10646,0.48853
77.40000,-0.59662,0.52312,1.96901,126.02392,1.92071,79.39102,0.10032,1.99990,4.67180,0.19203,0.10726,0.48821
77.45000,-0.56511,0.42981,1.97054,126.12234,1.92104,79.26724,0.10033,1.99990,4.65585,0.19207,0.10812,0.48788
77.50000,-0.53317,0.33656,1.97205,126.22086,1.92146,79.14295,0.10034,1.99989,4.63997,0.19211,0.10904,0.48754
77.55000,-0.50086,0.24336,1.97354,126.31945,1.92197,79.01837,0.10036,1.99989,4.62425,0.19216,0.11003,0.48719
77.60000,-0.46823,0.15020,1.97500,126.41816,1.92255,78.89401,0.10037,1.99989,4.60882,0.19221,0.11108,0.48684
77.65000,-0.43532,0.05706,1.97643,126.51716,1.92321,78.77052,0.10038,1.99989,4.59384,0.19227,0.11219,0.48647
77.70000,-0.40218,-0.03608,1.97783,126.61644,1.92393,78.64838,0.10040,1.99989,4.57942,0.19234,0.11335,0.48611
77.75000,-0.36886,-0.12922,1.97918,126.71586,1.92471,78.52813,0.10041,1.99989,4.56572,0.19241,0.11456,0.48573
77.80000,-0.33539,-0.22239,1.98049,126.81523,1.92555,78.41047,0.10043,1.99989,4.55289,0.19248,0.11580,0.48536
77.85000,-0.30181,-0.31558,1.98175,126.91444,1.92642,78.29594,0.10044,1.99989,4.54109,0.19256,0.11707,0.48498
77.90000,-0.26815,-0.40881,1.98296,127.01356,1.92733,78.18493,0.10045,1.99989,4.53051,0.19264,0.11835,0.48461
77.95000,-0.23445,-0.50208,1.98412,127.11273,1.92826,78.07770,0.10047,1.99989,4.52128,0.19272,0.11964,0.48425
78.00000,-0.20073,-0.59541,1.98524,127.21196,1.92921,77.97478,0.10048,1.99989,4.51351,0.19280,0.12091,0.48388
78.05000,-0.16700,-0.68879,1.98624,127.31124,1.94101,77.50097,0.10039,1.99988,4.89187,0.19283,0.12507,0.48493
78.10000,-0.13331,-0.78224,1.98718,127.41057,1.94209,77.39974,0.10039,1.99988,4.89160,0.19293,0.12675,0.48440
78.15000,-0.09965,-0.87575,1.98808,127.50994,1.94310,77.30506,0.10040,1.99988,4.89159,0.19303,0.12826,0.48395
78.20000,-0.06603,-0.96932,1.98892,127.60935,1.94407,77.21876,0.10040,1.99988,4.89238,0.19313,0.12963,0.48355
78.25000,-0.03248,-1.06295,1.98972,127.70880,1.94501,77.14186,0.10041,1.99988,4.89436,0.19322,0.13090,0.48320
78.30000,0.00102,-1.15665,1.99041,127.80829,1.95437,76.68563,0.10032,1.99988,5.35202,0.19326,0.13537,0.48429
78.35000,0.03446,-1.25040,1.99106,127.90782,1.95530,76.61561,0.10032,1.99988,5.36371,0.19337,0.13692,0.48381
78.40000,0.06784,-1.34420,1.99166,128.00737,1.95616,76.55890,0.10032,1.99988,5.37525,0.19347,0.13823,0.48342
78.45000,0.10119,-1.43805,1.99221,128.10694,1.95697,76.51842,0.10032,1.99988,5.38710,0.19356,0.13936,0.48310
78.50000,0.13452,-1.53193,1.99272,128.20654,1.95775,76.49578,0.10032,1.99988,5.39955,0.19366,0.14036,0.48282
78.55000,0.16785,-1.62584,1.99316,128.30617,1.96501,76.09162,0.10025,1.99988,5.93995,0.19369,0.14481,0.48401
78.60000,0.20121,-1.71976,1.99354,128.40582,1.96574,76.08720,0.10025,1.99988,5.96233,0.19379,0.14602,0.48363
78.65000,0.23463,-1.81368,1.99389,128.50548,1.96640,76.10224,0.10025,1.99988,5.98361,0.19388,0.14698,0.48334
78.70000,0.26816,-1.90757,1.99420,128.60515,1.96703,76.13866,0.10024,1.99989,6.00333,0.19397,0.14774,0.48312
78.75000,0.30183,-2.00143,1.99446,128.70484,1.96763,76.19758,0.10024,1.99989,6.01872,0.19405,0.14834,0.48296
78.80000,0.33571,-2.09523,1.99468,128.80455,1.97318,75.87303,0.10018,1.99989,6.46164,0.19408,0.15252,0.48427
78.85000,0.36984,-2.18895,1.99485,128.90427,1.97370,75.95468,0.10018,1.99989,6.48262,0.19416,0.15326,0.48402
78.90000,0.40430,-2.28255,1.99499,129.00400,1.97418,76.05714,0.10018,1.99989,6.50212,0.19424,0.15375,0.48386
78.95000,0.43915,-2.37602,1.99509,129.10374,1.97463,76.17891,0.10017,1.99989,6.52072,0.19431,0.15406,0.48377
79.00000,0.47446,-2.46931,1.99515,129.20349,1.97505,76.31765,0.10017,1.99989,6.53872,0.19437,0.15423,0.48373
79.05000,0.51033,-2.56240,1.99518,129.30326,1.97928,76.06242,0.10013,1.99989,6.99584,0.19438,0.15804,0.48517
79.10000,0.54682,-2.65525,1.99516,129.40303,1.97963,76.20387,0.10013,1.99989,7.01736,0.19444,0.15834,0.48503
79.15000,0.58404,-2.74780,1.99511,129.50281,1.97994,76.35686,0.10012,1.99989,7.03703,0.19450,0.15842,0.48498
79.20000,0.62207,-2.84002,1.99502,129.60260,1.98023,76.51857,0.10012,1.99989,7.05544,0.19455,0.15836,0.48498
79.25000,0.66102,-2.93185,1.99489,129.70239,1.98050,76.68576,0.10011,1.99989,7.07293,0.19460,0.15820,0.48503
79.30000,0.70099,-3.02323,1.99472,129.80219,1.98076,76.85623,0.10011,1.99989,7.08956,0.19465,0.15798,0.48511
79.35000,0.74208,-3.11410,1.99450,129.90199,1.98101,77.02770,0.10011,1.99989,7.10538,0.19469,0.15770,0.48521
79.40000,0.78440,-3.20439,1.99425,130.00179,1.98124,77.19879,0.10011,1.99989,7.12032,0.19473,0.15740,0.48533
79.45000,0.82806,-3.29403,1.99395,130.10158,1.98145,77.36874,0.10010,1.99990,7.13432,0.19477,0.15707,0.48546
79.50000,0.87317,-3.38293,1.99361,130.20137,1.98166,77.53685,0.10010,1.99990,7.14735,0.19480,0.15673,0.48561
79.55000,0.91983,-3.47100,1.99322,130.30115,1.98185,77.70241,0.10010,1.99990,7.15947,0.19483,0.15637,0.48577
79.60000,0.96817,-3.55814,1.99279,130.40091,1.98203,77.86477,0.10009,1.99990,7.17069,0.19486,0.15600,0.48594
79.65000,1.01828,-3.64425,1.99231,130.50064,1.98219,78.02306,0.10009,1.99990,7.18101,0.19488,0.15562,0.48611
79.70000,1.07027,-3.72921,1.99178,130.60035,1.98235,78.17815,0.10009,1.99990,7.19044,0.19490,0.15523,0.48629
79.75000,1.12425,-3.81288,1.99120,130.70002,1.98249,78.33073,0.10009,1.99990,7.19901,0.19492,0.15483,0.48648
79.80000,1.18032,-3.89513,1.99058,130.79965,1.98263,78.47976,0.10009,1.99990,7.20673,0.19494,0.15443,0.48668
79.85000,1.23857,-3.97581,1.98989,130.89924,1.98275,78.62490,0.10008,1.99990,7.21364,0.19495,0.15402,0.48688
79.90000,1.29909,-4.05475,1.98915,130.99877,1.98286,78.76486,0.10008,1.99990,7.21986,0.19496,0.15361,0.48709
79.95000,1.36196,-4.13178,1.98836,131.09824,1.98296,78.89816,0.10008,1.99990,7.22552,0.19497,0.15319,0.48729
80.00000,1.42727,-4.20671,1.98751,131.19765,1.98305,79.02421,0.10008,1.99990,7.23076,0.19497,0.15276,0.48749
80.05000,1.49505,-4.27934,1.98659,131.29699,1.98312,79.14284,0.10008,1.99990,7.23576,0.19498,0.15231,0.48769
80.10000,1.56538,-4.34945,1.98562,131.39626,1.98318,79.25395,0.10008,1.99990,7.24064,0.19498,0.15185,0.48788
80.15000,1.63827,-4.41681,1.98458,131.49546,1.98323,79.35725,0.10007,1.99990,7.24551,0.19498,0.15137,0.48808
80.20000,1.71374,-4.48119,1.98348,131.59457,1.98327,79.45252,0.10007,1.99990,7.25044,0.19498,0.15087,0.48826
80.25000,1.79179,-4.54232,1.98231,131.69361,1.98329,79.53982,0.10007,1.99990,7.25551,0.19497,0.15036,0.48844
80.30000,1.87239,-4.59994,1.98107,131.79257,1.98330,79.61909,0.10007,1.99991,7.26078,0.19497,0.14982,0.48861
80.35000,1.95547,-4.65380,1.97977,131.89144,1.98329,79.69045,0.10007,1.99991,7.26635,0.19496,0.14925,0.48878
80.40000,2.04097,-4.70360,1.97841,131.99024,1.98327,79.75475,0.10007,1.99991,7.27231,0.19495,0.14864,0.48895
80.45000,2.12877,-4.74908,1.97699,132.08895,1.98323,79.81270,0.10007,1.99991,7.27871,0.19494,0.14799,0.48911
80.50000,2.21872,-4.78997,1.97551,132.18759,1.98318,79.86491,0.10007,1.99991,7.28558,0.19493,0.14730,0.48928
80.55000,2.31064,-4.82599,1.97398,132.28614,1.98312,79.91221,0.10007,1.99991,7.29292,0.19491,0.14656,0.48944
80.60000,2.40432,-4.85689,1.97241,132.38462,1.98305,79.95536,0.10007,1.99991,7.30071,0.19489,0.14579,0.48961
80.65000,2.49953,-4.88243,1.97080,132.48302,1.98296,79.99519,0.10006,1.99991,7.30893,0.19487,0.14498,0.48978
80.70000,2.59597,-4.90239,1.96916,132.58134,1.98286,80.03259,0.10006,1.99991,7.31757,0.19485,0.14413,0.48995
80.75000,2.69334,-4.91659,1.96749,132.67959,1.98274,80.06838,0.10006,1.99991,7.32658,0.19483,0.14322,0.49013
80.80000,2.79131,-4.92486,1.96582,132.77777,1.98262,80.10314,0.10006,1.99991,7.33592,0.19480,0.14226,0.49033
80.85000,2.88952,-4.92707,1.96416,132.87586,1.98248,80.13726,0.10006,1.99991,7.34555,0.19477,0.14125,0.49054
80.90000,2.98760,-4.92315,1.96250,132.97386,1.98232,80.17097,0.10006,1.99991,7.35539,0.19474,0.14018,0.49076
80.95000,3.08514,-4.91303,1.96086,133.07178,1.98216,80.20449,0.10006,1.99991,7.36533,0.19470,0.13907,0.49100
81.00000,3.18157,-4.89597,1.95428,133.16986,1.98198,80.23813,0.10006,1.99991,7.37530,0.19466,0.13792,0.49125
81.05000,3.27552,-4.86933,1.95446,133.26745,1.98176,80.27467,0.10006,1.99991,7.38669,0.19463,0.13673,0.49148
81.10000,3.36774,-4.83689,1.95884,133.36522,1.98151,80.29581,0.10005,1.99991,7.40634,0.19461,0.13555,0.49155
81.15000,3.45903,-4.80151,1.95678,133.46355,1.98124,80.31486,0.10005,1.99991,7.42550,0.19458,0.13433,0.49165
81.20000,3.54783,-4.76056,1.95508,133.56182,1.98099,80.35005,0.10005,1.99991,7.43696,0.19453,0.13303,0.49192
81.25000,3.63391,-4.71435,1.95370,133.65999,1.98073,80.38660,0.10005,1.99991,7.44774,0.19448,0.13171,0.49221
81.30000,3.71701,-4.66308,1.95236,133.75803,1.98045,80.42404,0.10005,1.99992,7.45748,0.19442,0.13036,0.49254
81.35000,3.79680,-4.60692,1.95108,133.85596,1.98016,80.46198,0.10005,1.99992,7.46609,0.19435,0.12900,0.49290
81.40000,3.87302,-4.54610,1.94987,133.95376,1.97987,80.49998,0.10005,1.99992,7.47366,0.19428,0.12763,0.49329
81.45000,3.94541,-4.48086,1.94874,134.05140,1.97955,80.53797,0.10005,1.99992,7.48028,0.19421,0.12627,0.49369
81.50000,4.01375,-4.41148,1.94769,134.14888,1.97923,80.57595,0.10005,1.99992,7.48599,0.19412,0.12492,0.49411
81.55000,4.07787,-4.33823,1.94672,134.24620,1.97889,80.61351,0.10004,1.99992,7.49082,0.19404,0.12359,0.49453
81.60000,4.13762,-4.26144,1.94584,134.34338,1.97858,80.65805,0.10004,1.99992,7.48829,0.19393,0.12226,0.49510
81.65000,4.19290,-4.18141,1.94505,134.44041,1.97821,80.69230,0.10004,1.99992,7.49136,0.19383,0.12097,0.49553
81.70000,4.24362,-4.09847,1.94434,134.53730,1.97782,80.72265,0.10004,1.99992,7.49388,0.19373,0.11970,0.49595
81.75000,4.28975,-4.01293,1.94371,134.63407,1.97740,80.74847,0.10004,1.99992,7.49597,0.19363,0.11845,0.49637
81.80000,4.33129,-3.92510,1.94315,134.73074,1.97696,80.76963,0.10004,1.99992,7.49762,0.19352,0.11723,0.49677
81.85000,4.36826,-3.83528,1.94267,134.82731,1.97649,80.78617,0.10004,1.99992,7.49877,0.19340,0.11604,0.49716
81.90000,4.40070,-3.74375,1.94224,134.92381,1.97164,81.16292,0.10005,1.99992,7.07133,0.19337,0.11264,0.49623
81.95000,4.42869,-3.65078,1.94189,135.02024,1.97105,81.19548,0.10005,1.99992,7.06754,0.19325,0.11141,0.49672
82.00000,4.45232,-3.55662,1.94160,135.11662,1.97043,81.21771,0.10005,1.99992,7.06452,0.19313,0.11031,0.49714
82.05000,4.47170,-3.46151,1.94137,135.21297,1.96979,81.22904,0.10005,1.99992,7.06180,0.19301,0.10929,0.49750
82.10000,4.48695,-3.36566,1.94120,135.30928,1.96911,81.22914,0.10005,1.99992,7.05907,0.19288,0.10833,0.49782
82.15000,4.49822,-3.26927,1.94107,135.40558,1.96263,81.57358,0.10006,1.99992,6.61692,0.19284,0.10550,0.49680
82.20000,4.50563,-3.17251,1.94100,135.50187,1.96173,81.57427,0.10006,1.99992,6.60955,0.19270,0.10452,0.49719
82.25000,4.50935,-3.07554,1.94097,135.59816,1.96080,81.56118,0.10006,1.99992,6.60327,0.19257,0.10367,0.49748
82.30000,4.50953,-2.97849,1.94099,135.69447,1.95985,81.53512,0.10006,1.99992,6.59753,0.19243,0.10290,0.49772
82.35000,4.50632,-2.88150,1.94106,135.79079,1.95886,81.49689,0.10006,1.99992,6.59194,0.19230,0.10220,0.49791
82.40000,4.49989,-2.78466,1.94117,135.88713,1.95018,81.79510,0.10008,1.99992,6.15410,0.19224,0.09991,0.49676
82.45000,4.49039,-2.68807,1.94132,135.98350,1.94886,81.75400,0.10008,1.99992,6.14398,0.19209,0.09918,0.49701
82.50000,4.47799,-2.59180,1.94152,136.07991,1.94753,81.69999,0.10008,1.99992,6.13482,0.19194,0.09856,0.49718
82.55000,4.46284,-2.49591,1.94175,136.17635,1.94617,81.63326,0.10008,1.99992,6.12606,0.19180,0.09802,0.49728
82.60000,4.44511,-2.40046,1.94202,136.27283,1.94478,81.55405,0.10008,1.99992,6.11737,0.19165,0.09754,0.49735
82.65000,4.42491,-2.30547,1.94236,136.36936,1.93312,81.80546,0.10011,1.99992,5.60008,0.19158,0.09570,0.49607
82.70000,4.40240,-2.21099,1.94277,136.46594,1.93128,81.71915,0.10011,1.99992,5.58349,0.19143,0.09519,0.49619
82.75000,4.37771,-2.11704,1.94324,136.56258,1.92945,81.62191,0.10011,1.99992,5.56858,0.19127,0.09477,0.49624
82.80000,4.35099,-2.02361,1.94376,136.65927,1.92761,81.51530,0.10011,1.99992,5.55472,0.19112,0.09441,0.49623
82.85000,4.32239,-1.93072,1.94434,136.75603,1.92576,81.40055,0.10012,1.99992,5.54144,0.19097,0.09411,0.49618
82.90000,4.29203,-1.83834,1.94496,136.85285,1.92390,81.27799,0.10012,1.99992,5.52842,0.19082,0.09384,0.49610
82.95000,4.26008,-1.74648,1.94562,136.94973,1.92202,81.14696,0.10012,1.99991,5.51549,0.19067,0.09361,0.49599
83.00000,4.22667,-1.65510,1.94631,137.04668,1.92012,81.00674,0.10012,1.99991,5.50258,0.19053,0.09341,0.49586
83.05000,4.19193,-1.56418,1.94703,137.14370,1.91825,80.85963,0.10013,1.99991,5.48771,0.19037,0.09323,0.49574
83.10000,4.15599,-1.47368,1.94777,137.24079,1.91633,80.70309,0.10013,1.99991,5.47487,0.19023,0.09308,0.49557
83.15000,4.11899,-1.38358,1.94853,137.33795,1.91440,80.54113,0.10014,1.99991,5.46211,0.19009,0.09295,0.49540
83.20000,4.08106,-1.29382,1.94925,137.43517,1.92578,80.01629,0.10011,1.99991,5.98067,0.18985,0.09407,0.49654
83.25000,4.04230,-1.20438,1.94997,137.53246,1.92428,79.82775,0.10011,1.99991,5.97321,0.18972,0.09410,0.49623
83.30000,4.00284,-1.11520,1.95069,137.62980,1.92270,79.63668,0.10012,1.99990,5.96407,0.18958,0.09408,0.49597
83.35000,3.96280,-1.02625,1.95141,137.72721,1.92107,79.44356,0.10012,1.99990,5.95391,0.18945,0.09403,0.49573
83.40000,3.92228,-0.93747,1.95212,137.82468,1.91942,79.24834,0.10012,1.99990,5.94318,0.18931,0.09398,0.49551
83.45000,3.88138,-0.84882,1.95278,137.92220,1.93022,78.66938,0.10010,1.99990,6.37271,0.18906,0.09521,0.49664
83.50000,3.84022,-0.76027,1.95343,138.01978,1.92886,78.44533,0.10010,1.99990,6.36877,0.18892,0.09528,0.49632
83.55000,3.79890,-0.67175,1.95406,138.11742,1.92743,78.22456,0.10011,1.99989,6.36375,0.18878,0.09529,0.49605
83.60000,3.75750,-0.58323,1.95467,138.21512,1.92596,78.00899,0.10011,1.99989,6.35829,0.18863,0.09525,0.49581
83.65000,3.71614,-0.49467,1.95526,138.31285,1.92447,77.79890,0.10011,1.99989,6.35271,0.18849,0.09520,0.49560
83.70000,3.67490,-0.40602,1.95579,138.41075,1.93460,77.18868,0.10009,1.99989,6.78418,0.18821,0.09646,0.49676
83.75000,3.63386,-0.31724,1.95629,138.50901,1.93332,76.95408,0.10009,1.99988,6.78275,0.18806,0.09649,0.49648
83.80000,3.59314,-0.22829,1.95676,138.60739,1.93200,76.72629,0.10010,1.99988,6.78028,0.18791,0.09648,0.49623
83.85000,3.55281,-0.13914,1.95719,138.70557,1.93067,76.50729,0.10010,1.99988,6.77736,0.18776,0.09643,0.49601
83.90000,3.51297,-0.04974,1.95759,138.80361,1.92936,76.29893,0.10010,1.99988,6.77434,0.18761,0.09637,0.49581
83.95000,3.47372,0.03993,1.95795,138.90161,1.92807,76.10192,0.10010,1.99988,6.77136,0.18747,0.09629,0.49563
84.00000,3.43514,0.12991,1.95826,138.99962,1.93778,75.48759,0.10008,1.99987,7.20504,0.18718,0.09756,0.49686
84.05000,3.39733,0.22024,1.95854,139.09765,1.93664,75.27281,0.10008,1.99987,7.20576,0.18702,0.09757,0.49662
84.10000,3.36037,0.31093,1.95879,139.19570,1.93549,75.07166,0.10009,1.99987,7.20547,0.18687,0.09753,0.49641
84.15000,3.32437,0.40202,1.95900,139.29376,1.93436,74.88369,0.10009,1.99987,7.20461,0.18673,0.09747,0.49624
84.20000,3.28941,0.49352,1.95918,139.39185,1.93327,74.70843,0.10009,1.99986,7.20339,0.18658,0.09741,0.49608
84.25000,3.25559,0.58546,1.95932,139.48996,1.93221,74.54600,0.10009,1.99986,7.20184,0.18645,0.09733,0.49593
84.30000,3.22299,0.67785,1.95944,139.58808,1.93119,74.39673,0.10009,1.99986,7.19989,0.18632,0.09726,0.49580
84.35000,3.19172,0.77069,1.95952,139.68621,1.93021,74.26034,0.10009,1.99986,7.19751,0.18620,0.09719,0.49567
84.40000,3.16186,0.86401,1.95956,139.78436,1.92926,74.13538,0.10010,1.99986,7.19471,0.18608,0.09713,0.49555
84.45000,3.13350,0.95779,1.95958,139.88251,1.92836,74.01923,0.10010,1.99985,7.19158,0.18597,0.09708,0.49544
84.50000,3.10673,1.05204,1.95956,139.98066,1.92748,73.90908,0.10010,1.99985,7.18819,0.18586,0.09703,0.49533
84.55000,3.08164,1.14675,1.95951,140.07881,1.92663,73.80325,0.10010,1.99985,7.18460,0.18576,0.09699,0.49522
84.60000,3.05832,1.24191,1.95943,140.17696,1.92581,73.70182,0.10010,1.99985,7.18084,0.18567,0.09696,0.49510
84.65000,3.03686,1.33750,1.95931,140.27510,1.92502,73.60568,0.10010,1.99985,7.17691,0.18558,0.09694,0.49499
84.70000,3.01734,1.43349,1.95917,140.37322,1.92426,73.51487,0.10010,1.99985,7.17274,0.18549,0.09693,0.49489
84.75000,2.99986,1.52987,1.95899,140.47134,1.92353,73.42763,0.10011,1.99985,7.16830,0.18541,0.09693,0.49478
84.80000,2.98448,1.62660,1.95878,140.56944,1.92282,73.34124,0.10011,1.99984,7.16359,0.18533,0.09694,0.49466
84.85000,2.97131,1.72364,1.95854,140.66752,1.92213,73.25352,0.10011,1.99984,7.15870,0.18525,0.09697,0.49455
84.90000,2.96042,1.82095,1.95827,140.76557,1.92145,73.16376,0.10011,1.99984,7.15371,0.18518,0.09700,0.49443
84.95000,2.95189,1.91848,1.95796,140.86360,1.92080,73.07249,0.10011,1.99984,7.14869,0.18511,0.09704,0.49430
85.00000,2.94582,2.01618,1.95762,140.96161,1.92017,72.98044,0.10011,1.99984,7.14366,0.18505,0.09709,0.49417
85.05000,2.94227,2.11399,1.95725,141.05958,1.91956,72.88796,0.10012,1.99984,7.13865,0.18499,0.09714,0.49405
85.10000,2.94135,2.21183,1.95684,141.15753,1.91897,72.79496,0.10012,1.99984,7.13375,0.18493,0.09720,0.49392
85.15000,2.94312,2.30965,1.95640,141.25544,1.91841,72.70111,0.10012,1.99983,7.12898,0.18487,0.09727,0.49379
85.20000,2.94767,2.40735,1.95593,141.35331,1.91788,72.60596,0.10012,1.99983,7.12432,0.18482,0.09735,0.49365
85.25000,2.95509,2.50484,1.95542,141.45114,1.91729,72.50435,0.10012,1.99983,7.12316,0.18480,0.09744,0.49344
85.30000,2.96544,2.60205,1.95488,141.54894,1.91680,72.40605,0.10012,1.99983,7.11876,0.18475,0.09753,0.49330
85.35000,2.97882,2.69885,1.95430,141.64670,1.91634,72.30765,0.10013,1.99983,7.11435,0.18471,0.09763,0.49316
85.40000,2.99530,2.79515,1.95368,141.74441,1.91592,72.21038,0.10013,1.99983,7.10995,0.18468,0.09774,0.49302
85.45000,3.01496,2.89081,1.95303,141.84209,1.91553,72.11493,0.10013,1.99983,7.10562,0.18465,0.09785,0.49288
85.50000,3.03788,2.98572,1.95233,141.93971,1.91518,72.02153,0.10013,1.99983,7.10136,0.18462,0.09797,0.49275
85.55000,3.06412,3.07972,1.95160,142.03730,1.91487,71.93063,0.10013,1.99983,7.09718,0.18460,0.09809,0.49261
85.60000,3.09375,3.17267,1.95083,142.13483,1.91460,71.84323,0.10014,1.99983,7.09301,0.18458,0.09822,0.49248
85.65000,3.12683,3.26440,1.95002,142.23231,1.91437,71.76036,0.10014,1.99982,7.08879,0.18456,0.09836,0.49236
85.70000,3.16342,3.35475,1.94917,142.32975,1.91419,71.68243,0.10014,1.99982,7.08444,0.18455,0.09851,0.49224
85.75000,3.20356,3.44352,1.94828,142.42713,1.91406,71.60920,0.10014,1.99982,7.07991,0.18455,0.09866,0.49212
85.80000,3.24729,3.53054,1.94735,142.52446,1.91398,71.54020,0.10014,1.99982,7.07515,0.18455,0.09883,0.49200
85.85000,3.29463,3.61559,1.94638,142.62174,1.91394,71.47522,0.10014,1.99982,7.07017,0.18456,0.09901,0.49189
85.90000,3.34559,3.69846,1.94537,142.71896,1.91395,71.41448,0.10015,1.99982,7.06501,0.18456,0.09920,0.49179
85.95000,3.40017,3.77893,1.94433,142.81612,1.91401,71.35842,0.10015,1.99982,7.05968,0.18458,0.09941,0.49168
86.00000,3.45834,3.85678,1.94325,142.91323,1.91411,71.30714,0.10015,1.99982,7.05418,0.18460,0.09962,0.49158
86.05000,3.52007,3.93177,1.94214,143.01028,1.91427,71.26028,0.10015,1.99982,7.04849,0.18462,0.09985,0.49148
86.10000,3.58530,4.00366,1.94100,143.10727,1.91447,71.21719,0.10015,1.99982,7.04258,0.18465,0.10009,0.49138
86.15000,3.65394,4.07221,1.93984,143.20420,1.91472,71.17731,0.10015,1.99982,7.03647,0.18469,0.10035,0.49128
86.20000,3.72589,4.13719,1.93865,143.30106,1.91501,71.14026,0.10016,1.99982,7.03016,0.18473,0.10062,0.49118
86.25000,3.80104,4.19837,1.93744,143.39786,1.91534,71.10581,0.10016,1.99982,7.02366,0.18478,0.10092,0.49108
86.30000,3.87921,4.25550,1.93622,143.49459,1.91572,71.07380,0.10016,1.99982,7.01694,0.18483,0.10122,0.49099
86.35000,3.96026,4.30838,1.93499,143.59126,1.91614,71.04403,0.10016,1.99982,7.01000,0.18489,0.10155,0.49089
86.40000,4.04398,4.35679,1.93375,143.68785,1.91660,71.01621,0.10016,1.99982,7.00284,0.18495,0.10189,0.49079
86.45000,4.13015,4.40054,1.93251,143.78439,1.91711,70.98998,0.10016,1.99982,6.99547,0.18502,0.10226,0.49068
86.50000,4.21855,4.43946,1.93128,143.88086,1.91766,70.96496,0.10017,1.99982,6.98793,0.18509,0.10265,0.49058
86.55000,4.30892,4.47338,1.93006,143.97726,1.91826,70.94093,0.10017,1.99982,6.98019,0.18517,0.10307,0.49047
86.60000,4.40098,4.50216,1.92886,144.07358,1.91891,70.91788,0.10017,1.99982,6.97219,0.18526,0.10351,0.49036
86.65000,4.49446,4.52570,1.92767,144.16983,1.91961,70.89601,0.10017,1.99982,6.96391,0.18535,0.10399,0.49024
86.70000,4.58907,4.54392,1.92651,144.26603,1.92036,70.87556,0.10017,1.99981,6.95533,0.18545,0.10450,0.49012
86.75000,4.68450,4.55673,1.92538,144.36214,1.92116,70.85653,0.10018,1.99981,6.94645,0.18556,0.10504,0.48999
86.80000,4.78044,4.56413,1.92428,144.45818,1.92200,70.83855,0.10018,1.99981,6.93724,0.18567,0.10563,0.48985
86.85000,4.87659,4.56609,1.92322,144.55417,1.92291,70.82121,0.10018,1.99981,6.92763,0.18580,0.10627,0.48971
86.90000,4.97265,4.56264,1.92220,144.65008,1.92371,70.79396,0.10018,1.99982,6.92479,0.18597,0.10697,0.48940
86.95000,5.06832,4.55382,1.92123,144.74592,1.92471,70.77747,0.10019,1.99982,6.91474,0.18612,0.10771,0.48922
87.00000,5.16406,4.53877,1.95521,145.14592,1.92578,70.76308,0.10019,1.99982,6.90420,0.18627,0.10851,0.48904
87.05000,5.25745,4.51122,1.94976,145.14592,1.93083,70.68105,0.10020,1.99981,6.85343,0.18692,0.11271,0.48844
87.10000,5.34994,4.47943,1.96091,145.14592,1.93135,70.72185,0.10020,1.99981,6.83497,0.18685,0.11258,0.48876
87.15000,5.44282,4.44804,1.95879,145.17884,1.93193,70.74011,0.10020,1.99982,6.82016,0.18679,0.11248,0.48908
87.20000,5.53371,4.41167,1.95746,145.25149,1.93249,70.74939,0.10021,1.99982,6.81349,0.18686,0.11283,0.48904
87.25000,5.62270,4.37100,1.95672,145.33972,1.93355,70.75413,0.10021,1.99982,6.80113,0.18700,0.11370,0.48893
87.30000,5.70968,4.32627,1.95597,145.43406,1.93481,70.75608,0.10021,1.99982,6.78758,0.18718,0.11483,0.48875
87.35000,5.79446,4.27757,1.95524,145.53072,1.93616,70.75735,0.10022,1.99982,6.77426,0.18738,0.11613,0.48852
87.40000,5.87684,4.22498,1.95455,145.62823,1.93756,70.75908,0.10022,1.99982,6.76143,0.18760,0.11755,0.48824
87.45000,5.95667,4.16865,1.95391,145.72598,1.93898,70.76177,0.10022,1.99982,6.74919,0.18784,0.11907,0.48793
87.50000,6.03378,4.10871,1.95332,145.82374,1.94043,70.76531,0.10023,1.99982,6.73762,0.18808,0.12066,0.48760
87.55000,6.10806,4.04533,1.95278,145.92143,1.94187,70.76911,0.10023,1.99982,6.72676,0.18833,0.12232,0.48725
87.60000,6.17939,3.97868,1.95230,146.01902,1.93334,71.24549,0.10030,1.99983,6.28127,0.18872,0.12138,0.48541
87.65000,6.24769,3.90896,1.95188,146.11650,1.93512,71.29129,0.10030,1.99983,6.26814,0.18898,0.12283,0.48516
87.70000,6.31288,3.83636,1.95152,146.21388,1.93689,71.32900,0.10031,1.99983,6.25699,0.18924,0.12439,0.48487
87.75000,6.37493,3.76108,1.95121,146.31118,1.93864,71.35998,0.10031,1.99983,6.24754,0.18950,0.12603,0.48456
87.80000,6.43381,3.68330,1.95096,146.40840,1.94035,71.38615,0.10031,1.99983,6.23963,0.18974,0.12772,0.48425
87.85000,6.48951,3.60324,1.95076,146.50555,1.93174,71.87134,0.10040,1.99984,5.75556,0.19010,0.12649,0.48244
87.90000,6.54205,3.52107,1.95062,146.60266,1.93365,71.92952,0.10040,1.99984,5.74383,0.19034,0.12784,0.48228
87.95000,6.59146,3.43699,1.95053,146.69972,1.93553,71.98037,0.10041,1.99984,5.73577,0.19056,0.12927,0.48207
88.00000,6.63777,3.35117,1.95048,146.79676,1.93735,72.02554,0.10041,1.99985,5.73095,0.19078,0.13073,0.48184
88.05000,6.68103,3.26378,1.95049,146.89378,1.93910,72.06738,0.10041,1.99985,5.72918,0.19099,0.13219,0.48161
88.10000,6.72133,3.17497,1.95055,146.99079,1.93020,72.55664,0.10052,1.99985,5.22774,0.19129,0.13047,0.47991
88.15000,6.75873,3.08490,1.95065,147.08780,1.93202,72.62842,0.10051,1.99986,5.22613,0.19148,0.13143,0.47987
88.20000,6.79331,2.99371,1.95080,147.18481,1.93380,72.69976,0.10051,1.99986,5.22869,0.19166,0.13243,0.47978
88.25000,6.82514,2.90151,1.95101,147.28184,1.93553,72.77353,0.10051,1.99986,5.23471,0.19183,0.13343,0.47968
88.30000,6.85432,2.80842,1.95128,147.37889,1.93721,72.85258,0.10050,1.99986,5.24366,0.19199,0.13438,0.47959
88.35000,6.88093,2.71455,1.95162,147.47597,1.93882,72.93926,0.10049,1.99986,5.25516,0.19215,0.13527,0.47950
88.40000,6.90512,2.62001,1.95206,147.57307,1.93326,72.53135,0.10049,1.99987,4.98025,0.19308,0.13915,0.48511
88.45000,6.92699,2.52488,1.95255,147.67022,1.93455,72.59772,0.10049,1.99987,4.98900,0.19318,0.13939,0.48547
88.50000,6.94668,2.42925,1.95308,147.76743,1.93592,72.69601,0.10048,1.99987,5.00134,0.19328,0.13971,0.48572
88.55000,6.96432,2.33319,1.95365,147.86468,1.93732,72.82018,0.10047,1.99987,5.01645,0.19339,0.14004,0.48591
88.60000,6.98003,2.23676,1.95425,147.96200,1.93873,72.96728,0.10045,1.99988,5.03376,0.19350,0.14033,0.48607
88.65000,6.99397,2.14003,1.95495,148.05935,1.93293,72.62404,0.10045,1.99988,4.78437,0.19425,0.14372,0.49168
88.70000,7.00628,2.04305,1.95567,148.15677,1.93398,72.76132,0.10043,1.99988,4.79898,0.19431,0.14332,0.49221
88.75000,7.01710,1.94585,1.95641,148.25427,1.93518,72.94010,0.10042,1.99988,4.81435,0.19438,0.14304,0.49265
88.80000,7.02657,1.84847,1.95715,148.35183,1.93644,73.14755,0.10041,1.99988,4.83148,0.19445,0.14282,0.49302
88.85000,7.03485,1.75094,1.95791,148.44945,1.93771,73.37692,0.10039,1.99989,4.84974,0.19453,0.14262,0.49334
88.90000,7.04206,1.65330,1.95868,148.54711,1.94216,72.68212,0.10030,1.99989,5.02432,0.19510,0.14930,0.49998
88.95000,7.04837,1.55555,1.95945,148.64486,1.94314,72.87612,0.10029,1.99989,5.04394,0.19515,0.14893,0.50047
89.00000,7.05392,1.45771,1.96021,148.74267,1.94418,73.10517,0.10028,1.99989,5.06385,0.19520,0.14862,0.50088
89.05000,7.05884,1.35981,1.96096,148.84055,1.94525,73.35915,0.10027,1.99989,5.08364,0.19526,0.14833,0.50124
89.10000,7.06329,1.26184,1.96169,148.93851,1.94631,73.63044,0.10026,1.99989,5.10306,0.19531,0.14805,0.50157
89.15000,7.06740,1.16383,1.96239,149.03655,1.94735,73.91318,0.10025,1.99990,5.12197,0.19537,0.14775,0.50189
89.20000,7.07132,1.06577,1.96309,149.13460,1.95103,73.26463,0.10019,1.99990,5.31153,0.19585,0.15455,0.50790
89.25000,7.07518,0.96767,1.96375,149.23280,1.95173,73.48459,0.10018,1.99990,5.32926,0.19588,0.15404,0.50836
89.30000,7.07913,0.86955,1.96438,149.33136,1.95245,73.72730,0.10018,1.99990,5.34649,0.19591,0.15358,0.50876
89.35000,7.08330,0.77141,1.96497,149.43020,1.95318,73.98315,0.10017,1.99990,5.36297,0.19594,0.15316,0.50910
89.40000,7.08782,0.67325,1.96553,149.52891,1.95388,74.24413,0.10017,1.99990,5.37849,0.19598,0.15277,0.50941
89.45000,7.09284,0.57509,1.96605,149.62744,1.95692,73.56758,0.10013,1.99990,5.57713,0.19638,0.15973,0.51472
89.50000,7.09850,0.47693,1.96653,149.72592,1.95733,73.74418,0.10013,1.99990,5.59040,0.19640,0.15916,0.51513
89.55000,7.10493,0.37881,1.96698,149.82441,1.95775,73.93478,0.10012,1.99990,5.60315,0.19641,0.15866,0.51546
89.60000,7.11227,0.28072,1.96738,149.92292,1.95817,74.13074,0.10012,1.99990,5.61539,0.19643,0.15819,0.51574
89.65000,7.12065,0.18270,1.96775,150.02147,1.95856,74.32567,0.10012,1.99991,5.62714,0.19644,0.15773,0.51599
89.70000,7.13020,0.08477,1.96809,150.12006,1.95893,74.51483,0.10011,1.99991,5.63846,0.19646,0.15728,0.51620
89.75000,7.14106,-0.01304,1.96839,150.21869,1.95927,74.69479,0.10011,1.99991,5.64933,0.19647,0.15682,0.51640
89.80000,7.15334,-0.11070,1.96865,150.31735,1.95958,74.86338,0.10011,1.99991,5.65971,0.19648,0.15637,0.51658
89.85000,7.16718,-0.20816,1.96888,150.41604,1.95986,75.01970,0.10010,1.99991,5.66954,0.19649,0.15592,0.51674
89.90000,7.18269,-0.30538,1.96907,150.51475,1.96011,75.16390,0.10010,1.99991,5.67881,0.19650,0.15547,0.51690
89.95000,7.19998,-0.40230,1.96924,150.61349,1.96032,75.29677,0.10010,1.99991,5.68758,0.19651,0.15501,0.51704
90.00000,7.21915,-0.49888,1.96938,150.71224,1.96049,75.41912,0.10010,1.99991,5.69597,0.19652,0.15453,0.51718
90.05000,7.24032,-0.59505,1.96949,150.81100,1.96063,75.53155,0.10010,1.99991,5.70409,0.19652,0.15403,0.51732
90.10000,7.26357,-0.69074,1.96957,150.90976,1.96074,75.63447,0.10009,1.99991,5.71201,0.19652,0.15350,0.51745
90.15000,7.28900,-0.78588,1.96963,151.00853,1.96083,75.72859,0.10009,1.99991,5.71975,0.19652,0.15295,0.51758
90.20000,7.31667,-0.88039,1.96967,151.10729,1.96089,75.81528,0.10009,1.99991,5.72729,0.19651,0.15239,0.51770
90.25000,7.34665,-0.97420,1.96969,151.20604,1.96093,75.89650,0.10009,1.99991,5.73455,0.19651,0.15181,0.51783
90.30000,7.37902,-1.06721,1.96969,151.30478,1.96095,75.97408,0.10009,1.99991,5.74142,0.19650,0.15123,0.51795
90.35000,7.41382,-1.15934,1.96968,151.40351,1.96096,76.04902,0.10009,1.99991,5.74780,0.19650,0.15064,0.51807
90.40000,7.45110,-1.25049,1.96965,151.50221,1.96094,76.12134,0.10009,1.99991,5.75365,0.19649,0.15004,0.51819
90.45000,7.49089,-1.34057,1.96961,151.60089,1.96091,76.19049,0.10008,1.99991,5.75903,0.19648,0.14944,0.51831
90.50000,7.53322,-1.42949,1.96956,151.69956,1.96086,76.25598,0.10008,1.99991,5.76403,0.19647,0.14882,0.51843
90.55000,7.57810,-1.51714,1.96950,151.79819,1.96078,76.31773,0.10008,1.99991,5.76878,0.19646,0.14821,0.51855
90.60000,7.62555,-1.60342,1.96944,151.89681,1.96070,76.37627,0.10008,1.99991,5.77333,0.19644,0.14759,0.51866
90.65000,7.67557,-1.68824,1.96937,151.99540,1.96059,76.43256,0.10008,1.99991,5.77769,0.19643,0.14697,0.51877
90.70000,7.72814,-1.77149,1.96930,152.09396,1.96048,76.48746,0.10008,1.99991,5.78178,0.19642,0.14635,0.51887
90.75000,7.78325,-1.85308,1.96923,152.19251,1.96035,76.54099,0.10008,1.99991,5.78554,0.19640,0.14573,0.51898
90.80000,7.84088,-1.93291,1.96916,152.29103,1.96020,76.59216,0.10008,1.99991,5.78895,0.19639,0.14511,0.51908
90.85000,7.90099,-2.01088,1.96910,152.38953,1.96002,76.63945,0.10008,1.99991,5.79206,0.19637,0.14448,0.51917
90.90000,7.96355,-2.08690,1.96903,152.48800,1.95983,76.68158,0.10008,1.99991,5.79493,0.19635,0.14384,0.51927
90.95000,8.02850,-2.16088,1.96898,152.58645,1.95961,76.71802,0.10008,1.99991,5.79767,0.19633,0.14319,0.51936
91.00000,8.09579,-2.23273,1.96893,152.68487,1.95936,76.74908,0.10008,1.99991,5.80035,0.19631,0.14253,0.51944
91.05000,8.16537,-2.30238,1.96890,152.78327,1.95910,76.77565,0.10008,1.99992,5.80306,0.19629,0.14186,0.51953
91.10000,8.23715,-2.36974,1.96887,152.88166,1.95881,76.79857,0.10007,1.99992,5.80592,0.19627,0.14118,0.51961
91.15000,8.31107,-2.43475,1.96886,152.98003,1.95850,76.81799,0.10007,1.99992,5.80900,0.19624,0.14047,0.51969
91.20000,8.38705,-2.49734,1.96887,153.07837,1.95817,76.83328,0.10007,1.99992,5.81236,0.19621,0.13974,0.51977
91.25000,8.46501,-2.55745,1.96889,153.17670,1.95780,76.84341,0.10007,1.99992,5.81598,0.19619,0.13898,0.51985
91.30000,8.54485,-2.61503,1.96893,153.27501,1.95741,76.84760,0.10007,1.99992,5.81986,0.19616,0.13819,0.51993
91.35000,8.62649,-2.67003,1.96899,153.37330,1.95698,76.84580,0.10007,1.99992,5.82397,0.19612,0.13737,0.52000
91.40000,8.70984,-2.72243,1.96906,153.47158,1.95652,76.83863,0.10007,1.99992,5.82836,0.19609,0.13654,0.52008
91.45000,8.79479,-2.77218,1.96916,153.56984,1.95604,76.82705,0.10007,1.99992,5.83305,0.19605,0.13568,0.52016
91.50000,8.88126,-2.81927,1.96928,153.66809,1.95553,76.81197,0.10007,1.99992,5.83809,0.19602,0.13480,0.52023
91.55000,8.96914,-2.86368,1.96943,153.76633,1.95499,76.79431,0.10007,1.99992,5.84344,0.19598,0.13390,0.52031
91.60000,9.05834,-2.90540,1.96959,153.86456,1.95447,76.77990,0.10007,1.99991,5.84461,0.19593,0.13297,0.52043
91.65000,9.14875,-2.94444,1.96978,153.96278,1.95388,76.75944,0.10007,1.99991,5.85030,0.19589,0.13204,0.52051
91.70000,9.24029,-2.98079,1.97000,154.06099,1.95326,76.73741,0.10007,1.99991,5.85603,0.19584,0.13110,0.52059
91.75000,9.33286,-3.01446,1.97024,154.15921,1.95261,76.71375,0.10007,1.99991,5.86167,0.19580,0.13016,0.52066
91.80000,9.42636,-3.04548,1.97050,154.25743,1.95194,76.68872,0.10007,1.99991,5.86709,0.19575,0.12922,0.52074
91.85000,9.52071,-3.07387,1.97078,154.35565,1.95125,76.66295,0.10007,1.99991,5.87225,0.19570,0.12830,0.52081
91.90000,9.61582,-3.09964,1.97108,154.45389,1.94793,77.52553,0.10008,1.99991,5.67972,0.19521,0.12198,0.51655
91.95000,9.71161,-3.12283,1.97142,154.55213,1.94747,77.58274,0.10008,1.99991,5.68438,0.19518,0.12131,0.51649
92.00000,9.80800,-3.14348,1.97177,154.65039,1.94691,77.61707,0.10008,1.99991,5.68815,0.19514,0.12060,0.51647
92.05000,9.90492,-3.16162,1.97215,154.74865,1.94628,77.63558,0.10008,1.99991,5.69092,0.19510,0.11989,0.51648
92.10000,10.00228,-3.17731,1.97256,154.84694,1.94559,77.64244,0.10008,1.99992,5.69265,0.19505,0.11919,0.51651
92.15000,10.10001,-3.19057,1.97298,154.94526,1.94197,78.50564,0.10010,1.99991,5.50370,0.19450,0.11383,0.51171
92.20000,10.19807,-3.20146,1.97344,155.04359,1.94150,78.57317,0.10010,1.99991,5.50395,0.19447,0.11338,0.51159
92.25000,10.29638,-3.21003,1.97392,155.14195,1.94090,78.61065,0.10010,1.99992,5.50288,0.19443,0.11290,0.51153
92.30000,10.39488,-3.21633,1.97442,155.24034,1.94023,78.62735,0.10010,1.99992,5.50047,0.19439,0.11243,0.51150
92.35000,10.49353,-3.22042,1.97496,155.33875,1.93950,78.62917,0.10010,1.99992,5.49669,0.19434,0.11198,0.51149
92.40000,10.59227,-3.22231,1.97553,155.43721,1.93551,79.45570,0.10012,1.99991,5.31105,0.19371,0.10752,0.50614
92.45000,10.69106,-3.22205,1.97617,155.53570,1.93502,79.50473,0.10012,1.99991,5.30517,0.19369,0.10731,0.50596
92.50000,10.78986,-3.21968,1.97687,155.63423,1.93442,79.52040,0.10012,1.99992,5.29748,0.19365,0.10711,0.50584
92.55000,10.88875,-3.21435,1.98299,155.73255,1.93376,79.51113,0.10012,1.99991,5.28807,0.19360,0.10696,0.50573
92.60000,10.98595,-3.19788,1.96076,155.83152,1.93307,79.47517,0.10012,1.99991,5.27965,0.19357,0.10687,0.50561
92.65000,11.07886,-3.16747,1.96155,155.92710,1.92808,80.23026,0.10015,1.99991,5.11984,0.19294,0.10325,0.49916
92.70000,11.17160,-3.13444,1.97408,156.02257,1.92654,80.17168,0.10015,1.99991,5.15988,0.19309,0.10345,0.49783
92.75000,11.26622,-3.10638,1.97345,156.12072,1.92489,80.06510,0.10015,1.99991,5.20077,0.19323,0.10367,0.49651
92.80000,11.36219,-3.08339,1.97385,156.21985,1.92338,79.96228,0.10016,1.99991,5.22134,0.19332,0.10394,0.49548
92.85000,11.45874,-3.06286,1.97495,156.31933,1.92225,79.85830,0.10016,1.99991,5.22254,0.19336,0.10429,0.49477
92.90000,11.55569,-3.04393,1.97610,156.41909,1.91721,80.53506,0.10021,1.99991,5.04502,0.19271,0.10131,0.48757
92.95000,11.65289,-3.02610,1.97722,156.51895,1.91695,80.47494,0.10021,1.99991,5.02480,0.19274,0.10191,0.48694
93.00000,11.75028,-3.00896,1.97827,156.61881,1.91691,80.39431,0.10022,1.99991,4.99556,0.19275,0.10264,0.48648
93.05000,11.84779,-2.99216,1.97928,156.71862,1.91712,80.30057,0.10024,1.99991,4.95878,0.19275,0.10353,0.48612
93.10000,11.94534,-2.97540,1.98024,156.81833,1.91761,80.19726,0.10025,1.99990,4.91576,0.19275,0.10463,0.48582
93.15000,12.04291,-2.95840,1.98115,156.91794,1.91839,80.08532,0.10027,1.99990,4.86777,0.19276,0.10595,0.48556
93.20000,12.14044,-2.94097,1.98204,157.01744,1.91945,79.96459,0.10029,1.99990,4.81609,0.19277,0.10752,0.48530
93.25000,12.23791,-2.92293,1.98290,157.11687,1.92075,79.83510,0.10031,1.99990,4.76194,0.19280,0.10936,0.48503
93.30000,12.33528,-2.90415,1.98374,157.21622,1.92228,79.69743,0.10034,1.99989,4.70652,0.19284,0.11148,0.48473
93.35000,12.43253,-2.88454,1.98455,157.31555,1.92397,79.55195,0.10037,1.99989,4.65105,0.19289,0.11387,0.48441
93.40000,12.52964,-2.86404,1.98533,157.41489,1.92578,79.39812,0.10040,1.99989,4.59664,0.19295,0.11651,0.48404
93.45000,12.62659,-2.84263,1.98608,157.51435,1.92764,79.23479,0.10043,1.99988,4.54455,0.19302,0.11937,0.48364
93.50000,12.72337,-2.82031,1.98680,157.61402,1.92950,79.06089,0.10047,1.99988,4.49605,0.19310,0.12237,0.48321
93.55000,12.81998,-2.79710,1.98748,157.71378,1.93129,78.87586,0.10051,1.99988,4.45222,0.19318,0.12544,0.48275
93.60000,12.91641,-2.77302,1.98810,157.81330,1.93297,78.68011,0.10055,1.99988,4.41405,0.19326,0.12846,0.48228
93.65000,13.01266,-2.74814,1.98865,157.91265,1.94470,78.10456,0.10046,1.99987,4.74203,0.19328,0.13463,0.48322
93.70000,13.10875,-2.72251,1.98914,158.01202,1.94611,77.87894,0.10049,1.99987,4.71698,0.19337,0.13780,0.48256
93.75000,13.20467,-2.69621,1.98958,158.11143,1.94730,77.64430,0.10051,1.99987,4.69870,0.19345,0.14051,0.48197
93.80000,13.30045,-2.66930,1.98995,158.21086,1.94832,77.40220,0.10053,1.99987,4.68769,0.19353,0.14278,0.48145
93.85000,13.39611,-2.64188,1.99027,158.31031,1.94920,77.15309,0.10055,1.99987,4.68414,0.19359,0.14462,0.48098
93.90000,13.49165,-2.61403,1.99052,158.40980,1.95780,76.50675,0.10044,1.99987,5.10637,0.19361,0.14982,0.48197
93.95000,13.58710,-2.58582,1.99070,158.50930,1.95854,76.23151,0.10044,1.99987,5.12499,0.19369,0.15142,0.48136
94.00000,13.68248,-2.55734,1.99083,158.60882,1.95918,75.95764,0.10044,1.99987,5.14995,0.19376,0.15253,0.48084
94.05000,13.77780,-2.52866,1.99089,158.70834,1.95976,75.69214,0.10044,1.99987,5.18122,0.19383,0.15325,0.48040
94.10000,13.87308,-2.49985,1.99090,158.80788,1.96032,75.44295,0.10043,1.99987,5.21827,0.19391,0.15367,0.48001
94.15000,13.96835,-2.47098,1.99085,158.90743,1.96701,74.80834,0.10034,1.99987,5.76800,0.19393,0.15773,0.48111
94.20000,14.06361,-2.44210,1.99076,159.00696,1.96758,74.60003,0.10033,1.99988,5.82657,0.19402,0.15814,0.48063
94.25000,14.15887,-2.41327,1.99061,159.10649,1.96812,74.44191,0.10032,1.99988,5.88610,0.19411,0.15821,0.48027
94.30000,14.25415,-2.38450,1.99042,159.20600,1.96867,74.34898,0.10030,1.99988,5.94559,0.19419,0.15802,0.48003
94.35000,14.34945,-2.35583,1.99017,159.30550,1.96922,74.33418,0.10029,1.99988,6.00283,0.19428,0.15762,0.47990
94.40000,14.44476,-2.32726,1.98991,159.40498,1.97452,73.98794,0.10022,1.99988,6.47190,0.19431,0.16096,0.48133
94.45000,14.54009,-2.29880,1.98960,159.50444,1.97507,74.13564,0.10021,1.99989,6.51684,0.19439,0.16067,0.48122
94.50000,14.63542,-2.27040,1.98926,159.60387,1.97560,74.37938,0.10020,1.99989,6.55688,0.19448,0.16009,0.48129
94.55000,14.73075,-2.24205,1.98888,159.70328,1.97614,74.71542,0.10018,1.99989,6.59244,0.19455,0.15931,0.48151
94.60000,14.82604,-2.21366,1.98846,159.80265,1.97667,75.13151,0.10017,1.99989,6.62390,0.19463,0.15840,0.48186
94.65000,14.92128,-2.18517,1.98803,159.90200,1.98077,75.19967,0.10013,1.99989,7.09091,0.19464,0.16124,0.48374
94.70000,15.01644,-2.15646,1.98756,160.00131,1.98124,75.70853,0.10012,1.99989,7.11916,0.19471,0.16053,0.48407
94.75000,15.11146,-2.12739,1.98706,160.10059,1.98167,76.24347,0.10011,1.99990,7.14265,0.19478,0.15965,0.48451
94.80000,15.20629,-2.09781,1.98651,160.19983,1.98207,76.78228,0.10010,1.99990,7.16223,0.19484,0.15871,0.48501
94.85000,15.30087,-2.06752,1.98592,160.29903,1.98244,77.30361,0.10010,1.99990,7.17850,0.19489,0.15776,0.48553
94.90000,15.39511,-2.03631,1.98526,160.39818,1.98277,77.78931,0.10009,1.99990,7.19187,0.19493,0.15686,0.48605
94.95000,15.48892,-2.00390,1.98453,160.49728,1.98306,78.22624,0.10009,1.99990,7.20270,0.19497,0.15602,0.48655
95.00000,15.58216,-1.97002,1.98371,160.59630,1.98330,78.60753,0.10008,1.99990,7.21133,0.19499,0.15525,0.48700
95.05000,15.67469,-1.93436,1.98279,160.69523,1.98351,78.93214,0.10008,1.99990,7.21817,0.19502,0.15456,0.48741
95.10000,15.76631,-1.89657,1.98172,160.79407,1.98367,79.20265,0.10008,1.99990,7.22358,0.19503,0.15393,0.48777
95.15000,15.85681,-1.85629,1.98050,160.89279,1.98379,79.42317,0.10008,1.99990,7.22801,0.19504,0.15334,0.48809
95.20000,15.94590,-1.81316,1.97913,160.99136,1.98388,79.59953,0.10007,1.99990,7.23192,0.19504,0.15277,0.48837
95.25000,16.03331,-1.76684,1.97757,161.08978,1.98394,79.73807,0.10007,1.99990,7.23577,0.19504,0.15220,0.48862
95.30000,16.11864,-1.71698,1.97576,161.18803,1.98396,79.84598,0.10007,1.99990,7.24000,0.19503,0.15159,0.48884
95.35000,16.20148,-1.66326,1.97372,161.28607,1.98396,79.93003,0.10007,1.99991,7.24510,0.19502,0.15091,0.48905
95.40000,16.28134,-1.60540,1.97144,161.38391,1.98392,79.99596,0.10007,1.99991,7.25158,0.19501,0.15013,0.48926
95.45000,16.35769,-1.54317,1.96892,161.48152,1.98386,80.04851,0.10007,1.99991,7.25990,0.19498,0.14922,0.48946
95.50000,16.42996,-1.47643,1.96614,161.57891,1.98376,80.09155,0.10007,1.99991,7.27050,0.19496,0.14816,0.48966
95.55000,16.49751,-1.40513,1.96311,161.67606,1.98363,80.12812,0.10007,1.99991,7.28384,0.19493,0.14692,0.48988
95.60000,16.55969,-1.32930,1.95985,161.77298,1.98346,80.16062,0.10006,1.99991,7.30034,0.19489,0.14545,0.49012
95.65000,16.61582,-1.24910,1.95639,161.86969,1.98330,80.20320,0.10006,1.99991,7.31084,0.19483,0.14372,0.49059
95.70000,16.66525,-1.16482,1.95276,161.96617,1.98305,80.23539,0.10006,1.99991,7.33318,0.19477,0.14177,0.49092
95.75000,16.70733,-1.07684,1.94899,162.06245,1.98276,80.26843,0.10006,1.99991,7.35888,0.19471,0.13959,0.49129
95.80000,16.74148,-0.98570,1.94514,162.15857,1.98243,80.30336,0.10005,1.99991,7.38748,0.19465,0.13720,0.49170
95.85000,16.76719,-0.89203,1.94124,162.25455,1.98205,80.34094,0.10005,1.99991,7.41820,0.19457,0.13468,0.49215
95.90000,16.78403,-0.79657,1.93737,162.35034,1.98165,80.38171,0.10005,1.99992,7.45018,0.19449,0.13209,0.49264
95.95000,16.79171,-0.70013,1.93357,162.44595,1.98122,80.42614,0.10005,1.99992,7.48256,0.19440,0.12949,0.49316
96.00000,16.79006,-0.60360,1.92985,162.54143,1.98076,80.47476,0.10004,1.99992,7.51458,0.19431,0.12695,0.49370
96.05000,16.77904,-0.50786,1.92630,162.63684,1.98030,80.52816,0.10004,1.99992,7.54555,0.19422,0.12448,0.49425
96.10000,16.75873,-0.41383,1.92294,162.73210,1.97982,80.58697,0.10004,1.99992,7.57479,0.19413,0.12214,0.49481
96.15000,16.72939,-0.32240,1.91979,162.82720,1.97933,80.65179,0.10004,1.99992,7.60155,0.19403,0.11994,0.49537
96.20000,16.69137,-0.23438,1.91687,162.92221,1.97885,80.72326,0.10004,1.99992,7.62504,0.19393,0.11792,0.49593
96.25000,16.64512,-0.15055,1.91420,163.01714,1.97837,80.80214,0.10004,1.99992,7.64454,0.19383,0.11611,0.49646
96.30000,16.59122,-0.07158,1.91181,163.11189,1.97791,80.88932,0.10003,1.99993,7.65946,0.19374,0.11449,0.49698
96.35000,16.53029,0.00195,1.90966,163.20644,1.97746,80.98583,0.10003,1.99993,7.66936,0.19364,0.11307,0.49748
96.40000,16.46300,0.06958,1.90770,163.30089,1.97283,81.45261,0.10004,1.99993,7.25503,0.19362,0.10970,0.49667
96.45000,16.39007,0.13093,1.90603,163.39524,1.97232,81.59363,0.10004,1.99993,7.25040,0.19352,0.10850,0.49729
96.50000,16.31220,0.18576,1.90459,163.48942,1.97183,81.74036,0.10004,1.99993,7.24145,0.19341,0.10750,0.49784
96.55000,16.23012,0.23392,1.90336,163.58342,1.97134,81.89093,0.10004,1.99993,7.22792,0.19331,0.10666,0.49834
96.60000,16.14452,0.27536,1.90232,163.67730,1.97084,82.04162,0.10004,1.99993,7.21009,0.19320,0.10595,0.49879
96.65000,16.05603,0.31010,1.90142,163.77106,1.96502,82.53987,0.10005,1.99993,6.74112,0.19313,0.10350,0.49813
96.70000,15.96526,0.33824,1.90070,163.86473,1.96439,82.69449,0.10005,1.99993,6.71166,0.19301,0.10285,0.49866
96.75000,15.87277,0.35994,1.90013,163.95830,1.96375,82.82874,0.10005,1.99993,6.68161,0.19289,0.10235,0.49909
96.80000,15.77907,0.37542,1.89967,164.05181,1.96309,82.93757,0.10005,1.99993,6.65105,0.19277,0.10195,0.49943
96.85000,15.68459,0.38493,1.89933,164.14527,1.96239,83.01590,0.10005,1.99992,6.62033,0.19264,0.10162,0.49971
96.90000,15.58973,0.38876,1.89909,164.23869,1.95462,83.38385,0.10007,1.99993,6.15789,0.19258,0.09971,0.49865
96.95000,15.49481,0.38721,1.89895,164.33209,1.95357,83.40108,0.10007,1.99992,6.12586,0.19244,0.09930,0.49893
97.00000,15.40011,0.38061,1.89889,164.42549,1.95243,83.36876,0.10007,1.99992,6.09747,0.19228,0.09896,0.49909
97.05000,15.30585,0.36928,1.89889,164.51892,1.95117,83.28297,0.10007,1.99992,6.07283,0.19213,0.09865,0.49917
97.10000,15.21223,0.35354,1.89896,164.61239,1.94978,83.14320,0.10007,1.99992,6.05203,0.19196,0.09833,0.49916
97.15000,15.11938,0.33372,1.89912,164.70593,1.94824,82.95327,0.10008,1.99992,6.03522,0.19178,0.09800,0.49910
97.20000,15.02741,0.31014,1.89936,164.79955,1.93687,83.04598,0.10010,1.99992,5.49488,0.19167,0.09619,0.49770
97.25000,14.93636,0.28312,1.89968,164.89326,1.93455,82.79485,0.10010,1.99992,5.47977,0.19146,0.09563,0.49768
97.30000,14.84628,0.25299,1.90005,164.98708,1.93205,82.51432,0.10011,1.99992,5.47229,0.19125,0.09506,0.49759
97.35000,14.75717,0.22004,1.90045,165.08101,1.92935,82.21085,0.10011,1.99992,5.47197,0.19102,0.09445,0.49747
97.40000,14.66901,0.18458,1.90090,165.17506,1.92643,81.89138,0.10011,1.99992,5.47823,0.19078,0.09379,0.49732
97.45000,14.58175,0.14688,1.90138,165.26924,1.90966,81.90311,0.10015,1.99992,5.01529,0.19060,0.09190,0.49592
97.50000,14.49535,0.10720,1.90188,165.36355,1.90552,81.58995,0.10015,1.99992,5.02541,0.19033,0.09107,0.49592
97.55000,14.40973,0.06580,1.90236,165.45798,1.91620,80.94350,0.10012,1.99991,5.51631,0.18996,0.09136,0.49718
97.60000,14.32483,0.02290,1.90283,165.55252,1.91275,80.63960,0.10012,1.99991,5.54308,0.18970,0.09071,0.49698
97.65000,14.24056,-0.02129,1.90330,165.64718,1.90928,80.35654,0.10012,1.99991,5.56954,0.18945,0.09007,0.49683
97.70000,14.15684,-0.06657,1.90375,165.74194,1.90586,80.09907,0.10012,1.99991,5.59408,0.18921,0.08948,0.49671
97.75000,14.07360,-0.11276,1.90418,165.83680,1.90256,79.87030,0.10012,1.99991,5.61511,0.18897,0.08896,0.49659
97.80000,13.99075,-0.15969,1.90458,165.93174,1.89943,79.67257,0.10012,1.99991,5.63130,0.18876,0.08852,0.49649
97.85000,13.90822,-0.20721,1.90494,166.02675,1.91213,79.13707,0.10010,1.99991,6.14258,0.18846,0.08911,0.49771
97.90000,13.82592,-0.25518,1.90527,166.12183,1.91004,78.98200,0.10010,1.99991,6.15090,0.18830,0.08893,0.49748
97.95000,13.74381,-0.30348,1.90557,166.21698,1.90807,78.85814,0.10010,1.99991,6.15289,0.18814,0.08879,0.49730
98.00000,13.66180,-0.35200,1.90583,166.31218,1.90622,78.76650,0.10010,1.99991,6.14917,0.18800,0.08870,0.49715
98.05000,13.57984,-0.40063,1.90605,166.40741,1.90449,78.70810,0.10010,1.99991,6.14023,0.18787,0.08864,0.49701
98.10000,13.49789,-0.44929,1.90623,166.50268,1.91746,78.29551,0.10008,1.99990,6.55764,0.18762,0.08957,0.49824
98.15000,13.41590,-0.49789,1.90637,166.59812,1.91619,78.27530,0.10008,1.99990,6.54330,0.18750,0.08968,0.49803
98.20000,13.33382,-0.54636,1.90646,166.69374,1.91485,78.28323,0.10009,1.99990,6.52339,0.18737,0.08977,0.49788
98.25000,13.25163,-0.59464,1.90650,166.78938,1.91344,78.31082,0.10009,1.99989,6.49896,0.18723,0.08986,0.49776
98.30000,13.16929,-0.64267,1.90650,166.88492,1.91197,78.34565,0.10009,1.99989,6.47115,0.18709,0.08996,0.49764
98.35000,13.08677,-0.69040,1.90645,166.98035,1.92384,77.97563,0.10007,1.99988,6.87947,0.18679,0.09108,0.49887
98.40000,13.00406,-0.73777,1.90636,167.07569,1.92243,77.95286,0.10008,1.99988,6.85289,0.18663,0.09131,0.49862
98.45000,12.92113,-0.78475,1.90621,167.17100,1.92092,77.90427,0.10008,1.99988,6.82530,0.18646,0.09151,0.49839
98.50000,12.83796,-0.83129,1.90603,167.26631,1.91935,77.81914,0.10008,1.99987,6.79859,0.18629,0.09171,0.49813
98.55000,12.75453,-0.87734,1.90579,167.36159,1.91771,77.68621,0.10009,1.99987,6.77380,0.18613,0.09192,0.49783
98.60000,12.67082,-0.92287,1.90552,167.45685,1.92853,77.08061,0.10007,1.99986,7.18806,0.18580,0.09326,0.49886
98.65000,12.58683,-0.96782,1.90521,167.55209,1.92692,76.78341,0.10008,1.99986,7.17224,0.18562,0.09361,0.49837
98.70000,12.50252,-1.01215,1.90485,167.64730,1.92523,76.42152,0.10008,1.99985,7.15826,0.18545,0.09395,0.49785
98.75000,12.41788,-1.05580,1.90444,167.74248,1.92348,75.99767,0.10009,1.99985,7.14624,0.18528,0.09430,0.49728
98.80000,12.33288,-1.09869,1.90398,167.83763,1.92167,75.51940,0.10009,1.99985,7.13603,0.18512,0.09466,0.49667
98.85000,12.24749,-1.14075,1.90348,167.93273,1.91984,74.99999,0.10010,1.99984,7.12736,0.18496,0.09503,0.49602
98.90000,12.16168,-1.18188,1.90292,168.02778,1.91803,74.45829,0.10010,1.99984,7.12004,0.18481,0.09541,0.49536
98.95000,12.07540,-1.22195,1.90231,168.12278,1.91626,73.91609,0.10011,1.99983,7.11397,0.18467,0.09578,0.49470
99.00000,11.98860,-1.26082,1.90163,168.21771,1.91460,73.39390,0.10012,1.99983,7.10905,0.18455,0.09613,0.49406
99.05000,11.90123,-1.29828,1.90088,168.31257,1.91308,72.90829,0.10012,1.99983,7.10509,0.18444,0.09647,0.49346
99.10000,11.81323,-1.33412,1.90005,168.40734,1.91173,72.47167,0.10013,1.99983,7.10186,0.18435,0.09679,0.49292
99.15000,11.72453,-1.36809,1.89912,168.50201,1.91058,72.09269,0.10013,1.99982,7.09908,0.18428,0.09709,0.49243
99.20000,11.63508,-1.39987,1.89807,168.59656,1.90967,71.77553,0.10014,1.99982,7.09633,0.18424,0.09739,0.49201
99.25000,11.54483,-1.42910,1.89686,168.69098,1.90900,71.51920,0.10014,1.99982,7.09339,0.18421,0.09767,0.49164
99.30000,11.45373,-1.45538,1.89549,168.78524,1.90857,71.31798,0.10015,1.99982,7.08952,0.18420,0.09797,0.49133
99.35000,11.36181,-1.47827,1.89396,168.87933,1.90840,71.16370,0.10015,1.99982,7.08395,0.18422,0.09831,0.49106
99.40000,11.26910,-1.49734,1.89219,168.97322,1.90835,71.03886,0.10015,1.99982,7.08148,0.18430,0.09872,0.49069
99.45000,11.17569,-1.51205,1.89016,169.06691,1.90870,70.94940,0.10016,1.99981,7.07126,0.18438,0.09924,0.49043
99.50000,11.08176,-1.52190,1.88787,169.16037,1.90937,70.88193,0.10016,1.99981,7.05650,0.18448,0.09991,0.49017
99.55000,10.98755,-1.52635,1.88530,169.25360,1.91042,70.83063,0.10016,1.99981,7.03581,0.18463,0.10079,0.48989
99.60000,10.89337,-1.52490,1.88244,169.34658,1.91191,70.79083,0.10017,1.99981,7.00756,0.18482,0.10198,0.48957
99.65000,10.79967,-1.51707,1.87930,169.43932,1.91390,70.75883,0.10018,1.99981,6.96996,0.18507,0.10357,0.48920
99.70000,10.70695,-1.50242,1.87587,169.53180,1.91644,70.73183,0.10019,1.99980,6.92132,0.18538,0.10569,0.48877
99.75000,10.61585,-1.48058,1.87218,169.62405,1.91954,70.70769,0.10021,1.99980,6.86044,0.18575,0.10849,0.48825
99.80000,10.52706,-1.45130,1.86828,169.71606,1.92315,70.68499,0.10023,1.99979,6.78717,0.18618,0.11210,0.48764
99.85000,10.44136,-1.41442,1.86419,169.80786,1.92715,70.66255,0.10025,1.99979,6.70279,0.18667,0.11661,0.48695
99.90000,10.35960,-1.36994,1.85998,169.89946,1.93136,70.63966,0.10028,1.99978,6.61014,0.18718,0.12204,0.48617
99.95000,10.28263,-1.31799,1.85570,169.99088,1.93557,70.61614,0.10032,1.99977,6.51342,0.18771,0.12824,0.48535
100.00000,10.21130,-1.25886,1.85144,170.08212,1.93957,70.58994,0.10036,1.99977,6.41758,0.18822,0.13494,0.48451
100.05000,10.14644,-1.19300,1.84723,170.17317,1.94298,70.54016,0.10040,1.99976,6.34086,0.18876,0.14184,0.48336
100.10000,10.08879,-1.12101,1.84316,170.26408,1.94616,70.50095,0.10044,1.99976,6.26182,0.18919,0.14846,0.48250
100.15000,10.03903,-1.04361,1.83929,170.35487,1.94889,70.45280,0.10048,1.99975,6.19394,0.18957,0.15455,0.48170
100.20000,9.99767,-0.96161,1.83567,170.44549,1.95118,70.39158,0.10052,1.99975,6.13837,0.18990,0.15992,0.48096
100.25000,9.96513,-0.87592,1.83232,170.53591,1.95310,70.31214,0.10056,1.99975,6.09547,0.19018,0.16450,0.48029
100.30000,9.94163,-0.78749,1.82942,170.62623,1.94937,69.70398,0.10059,1.99976,5.73950,0.19140,0.17224,0.48524
100.35000,9.92724,-0.69727,1.82670,170.71645,1.95068,69.53845,0.10062,1.99976,5.71125,0.19157,0.17492,0.48501
100.40000,9.92196,-0.60619,1.82433,170.80648,1.95187,69.34616,0.10063,1.99976,5.70056,0.19173,0.17715,0.48468
100.45000,9.92559,-0.51514,1.82228,170.89625,1.95295,69.11019,0.10064,1.99977,5.70662,0.19189,0.17896,0.48430
100.50000,9.93786,-0.42494,1.82051,170.98586,1.95395,68.81543,0.10064,1.99977,5.73049,0.19206,0.18038,0.48385
100.55000,9.95837,-0.33633,1.81915,171.07538,1.94936,67.90747,0.10065,1.99979,5.45719,0.19306,0.18543,0.48858
100.60000,9.98664,-0.24994,1.81790,171.16478,1.95015,67.42447,0.10064,1.99980,5.50900,0.19320,0.18569,0.48836
100.65000,10.02219,-0.16635,1.81689,171.25400,1.95105,66.89018,0.10062,1.99980,5.57858,0.19336,0.18589,0.48798
100.70000,10.06449,-0.08601,1.81610,171.34309,1.95202,66.31469,0.10060,1.99981,5.66342,0.19353,0.18598,0.48751
100.75000,10.11295,-0.00927,1.81552,171.43208,1.95304,65.72292,0.10058,1.99982,5.76008,0.19370,0.18591,0.48699
100.80000,10.16700,0.06361,1.81513,171.52100,1.95408,65.15176,0.10055,1.99983,5.86426,0.19387,0.18565,0.48648
100.85000,10.22605,0.13249,1.81496,171.60987,1.94968,64.08869,0.10053,1.99984,5.62761,0.19464,0.18898,0.49149
100.90000,10.28954,0.19729,1.81485,171.69870,1.95052,63.63320,0.10051,1.99985,5.71952,0.19475,0.18768,0.49156
100.95000,10.35695,0.25801,1.81486,171.78753,1.95146,63.34739,0.10048,1.99985,5.80950,0.19486,0.18640,0.49164
101.00000,10.42779,0.31470,1.81496,171.87638,1.95238,63.24745,0.10045,1.99986,5.90428,0.19498,0.18505,0.49164
101.05000,10.50159,0.36749,1.81513,171.96526,1.95350,63.38128,0.10042,1.99986,5.98559,0.19508,0.18352,0.49191
101.10000,10.57792,0.41656,1.81541,172.05419,1.94923,63.19368,0.10039,1.99987,5.71116,0.19567,0.18549,0.49756
101.15000,10.65641,0.46214,1.81570,172.14321,1.95043,63.75975,0.10035,1.99988,5.76968,0.19574,0.18279,0.49861
101.20000,10.73672,0.50447,1.81602,172.23235,1.95190,64.59164,0.10032,1.99988,5.82671,0.19581,0.18008,0.49970
101.25000,10.81855,0.54384,1.81637,172.32162,1.95358,65.65244,0.10028,1.99988,5.88227,0.19590,0.17734,0.50087
101.30000,10.90162,0.58054,1.81672,172.41106,1.95539,66.88511,0.10024,1.99989,5.93622,0.19598,0.17455,0.50209
101.35000,10.98571,0.61490,1.81707,172.50067,1.95723,68.21625,0.10021,1.99989,5.98818,0.19607,0.17178,0.50334
101.40000,11.07061,0.64727,1.81743,172.59048,1.95396,69.01601,0.10018,1.99990,5.68871,0.19655,0.17268,0.50902
101.45000,11.15613,0.67801,1.81775,172.68050,1.95543,70.25660,0.10016,1.99990,5.72407,0.19660,0.16933,0.51045
101.50000,11.24212,0.70747,1.81803,172.77076,1.95678,71.41485,0.10014,1.99990,5.76030,0.19665,0.16641,0.51163
101.55000,11.32843,0.73600,1.81827,172.86126,1.95799,72.45699,0.10013,1.99990,5.79220,0.19669,0.16386,0.51265
101.60000,11.41494,0.76397,1.81845,172.95202,1.95902,73.36224,0.10011,1.99991,5.82160,0.19673,0.16162,0.51350
101.65000,11.50152,0.79173,1.81856,173.04307,1.95986,74.12886,0.10011,1.99991,5.84844,0.19676,0.15964,0.51421
101.70000,11.58806,0.81964,1.81860,173.13444,1.96050,74.76643,0.10010,1.99991,5.87284,0.19678,0.15787,0.51480
101.75000,11.67444,0.84804,1.81856,173.22613,1.96098,75.29081,0.10009,1.99991,5.89505,0.19680,0.15623,0.51529
101.80000,11.76053,0.87728,1.81843,173.31806,1.96131,75.71966,0.10009,1.99991,5.91531,0.19681,0.15469,0.51572
101.85000,11.84622,0.90768,1.81821,173.41010,1.96152,76.06965,0.10008,1.99991,5.93384,0.19681,0.15320,0.51609
101.90000,11.93134,0.93957,1.81791,173.50222,1.96161,76.35536,0.10008,1.99992,5.95085,0.19681,0.15175,0.51642
101.95000,12.01577,0.97323,1.81752,173.59445,1.96160,76.58968,0.10008,1.99992,5.96653,0.19679,0.15031,0.51672
102.00000,12.09932,1.00894,1.81706,173.68679,1.96152,76.78355,0.10007,1.99992,5.98104,0.19678,0.14887,0.51700
102.05000,12.18182,1.04695,1.81652,173.77919,1.96141,76.95177,0.10007,1.99992,5.98915,0.19675,0.14740,0.51734
102.10000,12.26308,1.08749,1.81593,173.87161,1.96121,77.09117,0.10007,1.99992,6.00038,0.19672,0.14593,0.51762
102.15000,12.34290,1.13073,1.81528,173.96402,1.96096,77.21145,0.10007,1.99992,6.00822,0.19669,0.14442,0.51790
102.20000,12.42106,1.17684,1.81459,174.05637,1.96065,77.31690,0.10006,1.99992,6.01568,0.19666,0.14288,0.51817
102.25000,12.49734,1.22592,1.81387,174.14864,1.96029,77.41073,0.10006,1.99992,6.02284,0.19662,0.14131,0.51845
102.30000,12.57152,1.27806,1.81315,174.24080,1.95989,77.49514,0.10006,1.99992,6.02969,0.19657,0.13971,0.51873
102.35000,12.64338,1.33329,1.81242,174.33281,1.95945,77.57166,0.10006,1.99992,6.03612,0.19652,0.13811,0.51901
102.40000,12.71271,1.39161,1.81170,174.42465,1.95897,77.64132,0.10006,1.99992,6.04193,0.19647,0.13651,0.51929
102.45000,12.77929,1.45300,1.81101,174.51631,1.95846,77.70502,0.10006,1.99992,6.04694,0.19642,0.13495,0.51956
102.50000,12.84293,1.51738,1.81035,174.60777,1.95793,77.76363,0.10006,1.99992,6.05102,0.19636,0.13344,0.51983
102.55000,12.90345,1.58466,1.80973,174.69902,1.95737,77.81810,0.10006,1.99992,6.05413,0.19631,0.13197,0.52009
102.60000,12.96069,1.65471,1.80917,174.79006,1.95679,77.86916,0.10005,1.99992,6.05628,0.19625,0.13056,0.52034
102.65000,13.01451,1.72739,1.80865,174.88090,1.95627,77.92517,0.10005,1.99992,6.05191,0.19618,0.12919,0.52065
102.70000,13.06480,1.80252,1.80819,174.97156,1.95566,77.97190,0.10005,1.99992,6.05112,0.19611,0.12791,0.52090
102.75000,13.11147,1.87994,1.80779,175.06203,1.95504,78.01503,0.10005,1.99992,6.04918,0.19605,0.12670,0.52112
102.80000,13.15443,1.95944,1.80746,175.15234,1.95440,78.05412,0.10005,1.99992,6.04598,0.19598,0.12559,0.52133
102.85000,13.19366,2.04084,1.80718,175.24250,1.95376,78.08880,0.10005,1.99992,6.04140,0.19592,0.12458,0.52152
102.90000,13.22913,2.12393,1.80693,175.33253,1.95062,78.97233,0.10006,1.99992,5.84444,0.19544,0.11857,0.51746
102.95000,13.26082,2.20853,1.80677,175.42245,1.95022,79.07437,0.10006,1.99992,5.83511,0.19539,0.11799,0.51748
103.00000,13.28876,2.29442,1.80666,175.51227,1.94975,79.14802,0.10006,1.99992,5.82351,0.19535,0.11746,0.51753
103.05000,13.31301,2.38143,1.80661,175.60201,1.94922,79.20009,0.10006,1.99992,5.80964,0.19529,0.11700,0.51759
103.10000,13.33360,2.46938,1.80661,175.69169,1.94865,79.23448,0.10006,1.99992,5.79354,0.19524,0.11661,0.51765
103.15000,13.35062,2.55808,1.80667,175.78132,1.94805,79.25315,0.10006,1.99992,5.77531,0.19519,0.11632,0.51770
103.20000,13.36414,2.64739,1.80674,175.87093,1.94478,80.08805,0.10008,1.99992,5.55633,0.19463,0.11164,0.51311
103.25000,13.37426,2.73716,1.80689,175.96050,1.94447,80.14979,0.10008,1.99992,5.53502,0.19460,0.11169,0.51297
103.30000,13.38108,2.82724,1.80708,176.05007,1.94408,80.17310,0.10008,1.99992,5.51191,0.19457,0.11179,0.51286
103.35000,13.38472,2.91753,1.80732,176.13964,1.94364,80.16623,0.10008,1.99992,5.48719,0.19453,0.11196,0.51276
103.40000,13.38529,3.00789,1.80759,176.22923,1.94318,80.13495,0.10009,1.99992,5.46101,0.19449,0.11221,0.51266
103.45000,13.38294,3.09824,1.80791,176.31883,1.94272,80.08289,0.10009,1.99992,5.43352,0.19445,0.11256,0.51253
103.50000,13.37776,3.18849,1.80825,176.40848,1.93920,80.80959,0.10011,1.99991,5.22875,0.19386,0.10880,0.50714
103.55000,13.36989,3.27857,1.80865,176.49815,1.93902,80.78498,0.10012,1.99991,5.20132,0.19385,0.10939,0.50678
103.60000,13.35947,3.36841,1.80908,176.58786,1.93877,80.71902,0.10012,1.99991,5.17290,0.19384,0.11003,0.50647
103.65000,13.34663,3.45795,1.80955,176.67762,1.93855,80.62375,0.10013,1.99991,5.14016,0.19381,0.11073,0.50622
103.70000,13.33149,3.54716,1.81006,176.76743,1.93826,80.49704,0.10013,1.99991,5.11031,0.19380,0.11153,0.50591
103.75000,13.31420,3.63601,1.81060,176.85732,1.93466,81.12554,0.10017,1.99991,4.92151,0.19316,0.10825,0.49973
103.80000,13.29486,3.72446,1.81118,176.94726,1.93468,81.01554,0.10018,1.99991,4.89407,0.19317,0.10922,0.49918
103.85000,13.27362,3.81251,1.81179,177.03727,1.93464,80.87133,0.10019,1.99990,4.86660,0.19318,0.11024,0.49868
103.90000,13.25060,3.90014,1.81245,177.12734,1.93459,80.70279,0.10020,1.99990,4.83943,0.19320,0.11133,0.49820
103.95000,13.22591,3.98735,1.81316,177.21748,1.93456,80.51573,0.10021,1.99990,4.81287,0.19321,0.11248,0.49773
104.00000,13.19967,4.07414,1.81394,177.30769,1.93455,80.31359,0.10022,1.99990,4.78722,0.19322,0.11371,0.49725
104.05000,13.17198,4.16053,1.81478,177.39800,1.93096,80.86914,0.10029,1.99990,4.62291,0.19256,0.11053,0.49025
104.10000,13.14296,4.24653,1.81568,177.48838,1.93123,80.69361,0.10031,1.99990,4.60198,0.19260,0.11179,0.48953
104.15000,13.11271,4.33215,1.81663,177.57884,1.93147,80.49668,0.10033,1.99989,4.58075,0.19264,0.11306,0.48891
104.20000,13.08136,4.41742,1.81763,177.66939,1.93169,80.28448,0.10034,1.99989,4.56229,0.19268,0.11436,0.48829
104.25000,13.04900,4.50238,1.81868,177.76002,1.93192,80.06603,0.10036,1.99989,4.54548,0.19272,0.11567,0.48770
104.30000,13.01574,4.58704,1.81975,177.85073,1.93218,79.84627,0.10038,1.99989,4.53052,0.19277,0.11698,0.48712
104.35000,12.98167,4.67143,1.82085,177.94153,1.93246,79.62836,0.10040,1.99989,4.51755,0.19282,0.11829,0.48656
104.40000,12.94688,4.75560,1.82198,178.03241,1.93278,79.41417,0.10041,1.99989,4.50670,0.19287,0.11957,0.48602
104.45000,12.91145,4.83955,1.82314,178.12334,1.93669,78.40088,0.10035,1.99989,4.62928,0.19358,0.12626,0.49229
104.50000,12.87546,4.92334,1.82431,178.21437,1.93690,78.14952,0.10036,1.99989,4.62168,0.19362,0.12751,0.49202
104.55000,12.83898,5.00697,1.82549,178.30549,1.93720,77.92251,0.10037,1.99989,4.61686,0.19367,0.12872,0.49170
104.60000,12.80208,5.09049,1.82667,178.39668,1.93758,77.71616,0.10038,1.99989,4.61466,0.19372,0.12986,0.49136
104.65000,12.76481,5.17391,1.82784,178.48795,1.93800,77.52898,0.10039,1.99989,4.61496,0.19377,0.13093,0.49102
104.70000,12.72723,5.25724,1.82901,178.57930,1.93847,77.36111,0.10040,1.99989,4.61725,0.19382,0.13190,0.49070
104.75000,12.68938,5.34053,1.83017,178.67068,1.94220,76.35212,0.10032,1.99989,4.76182,0.19445,0.13911,0.49693
104.80000,12.65130,5.42376,1.83132,178.76215,1.94253,76.16446,0.10033,1.99989,4.76831,0.19449,0.13986,0.49687
104.85000,12.61301,5.50697,1.83245,178.85370,1.94296,76.01579,0.10033,1.99989,4.77713,0.19454,0.14054,0.49677
104.90000,12.57455,5.59016,1.83355,178.94531,1.94344,75.90010,0.10033,1.99989,4.78796,0.19459,0.14113,0.49665
104.95000,12.53592,5.67333,1.83462,179.03702,1.94396,75.81374,0.10033,1.99989,4.80054,0.19464,0.14163,0.49652
105.00000,12.49715,5.75650,1.83566,179.12896,1.94743,74.85583,0.10026,1.99989,4.96690,0.19518,0.14891,0.50256
105.05000,12.45823,5.83965,1.83666,179.22118,1.94779,74.75771,0.10026,1.99989,4.98256,0.19522,0.14910,0.50269
105.10000,12.41915,5.92278,1.83763,179.31351,1.94824,74.70852,0.10026,1.99989,4.99986,0.19526,0.14926,0.50276
105.15000,12.37992,6.00589,1.83854,179.40583,1.94876,74.70229,0.10025,1.99989,5.01834,0.19530,0.14934,0.50282
105.20000,12.34051,6.08896,1.83942,179.49797,1.94930,74.73450,0.10025,1.99989,5.03763,0.19534,0.14935,0.50287
105.25000,12.30090,6.17199,1.84024,179.58997,1.94986,74.80069,0.10024,1.99989,5.05739,0.19539,0.14928,0.50293
105.30000,12.26106,6.25495,1.84104,179.68200,1.95302,73.97394,0.10019,1.99990,5.24463,0.19586,0.15633,0.50866
105.35000,12.22095,6.33783,1.84179,179.77406,1.95338,74.02346,0.10019,1.99990,5.26476,0.19588,0.15593,0.50894
105.40000,12.18053,6.42059,1.84251,179.86615,1.95379,74.11770,0.10018,1.99990,5.28528,0.19591,0.15553,0.50918
105.45000,12.13975,6.50322,1.84319,179.95828,1.95422,74.24679,0.10018,1.99990,5.30634,0.19594,0.15508,0.50938
105.50000,12.09857,6.58568,1.84382,180.05044,1.95464,74.40346,0.10017,1.99990,5.32859,0.19597,0.15449,0.50959
105.55000,12.05691,6.66794,1.84442,180.14267,1.95734,73.64908,0.10013,1.99990,5.53498,0.19636,0.16107,0.51483
105.60000,12.01472,6.74997,1.84499,180.23492,1.95744,73.76757,0.10013,1.99990,5.56133,0.19637,0.15984,0.51520
105.65000,11.97194,6.83171,1.84552,180.32722,1.95753,73.91983,0.10012,1.99990,5.58984,0.19637,0.15848,0.51553
105.70000,11.92848,6.91312,1.84601,180.41955,1.95767,74.09323,0.10012,1.99990,5.61666,0.19638,0.15724,0.51582
105.75000,11.88427,6.99416,1.84647,180.51193,1.95794,74.27715,0.10011,1.99991,5.63727,0.19639,0.15646,0.51605
105.80000,11.83924,7.07477,1.84689,180.60435,1.95815,74.46666,0.10011,1.99991,5.65940,0.19640,0.15553,0.51627
105.85000,11.79331,7.15489,1.84728,180.69682,1.95843,74.65505,0.10011,1.99991,5.67684,0.19642,0.15489,0.51645
105.90000,11.74639,7.23446,1.84763,180.78934,1.95873,74.84246,0.10010,1.99991,5.69037,0.19643,0.15433,0.51664
105.95000,11.69841,7.31342,1.84795,180.88190,1.95898,75.02297,0.10010,1.99991,5.70538,0.19645,0.15373,0.51680
106.00000,11.64929,7.39168,1.84824,180.97450,1.95916,75.19722,0.10010,1.99991,5.72124,0.19646,0.15299,0.51697
106.05000,11.59894,7.46918,1.84850,181.06714,1.95929,75.36409,0.10010,1.99991,5.73772,0.19646,0.15214,0.51713
106.10000,11.54729,7.54584,1.84872,181.15983,1.95938,75.52241,0.10009,1.99991,5.75374,0.19647,0.15127,0.51730
106.15000,11.49428,7.62156,1.84892,181.25254,1.95946,75.67114,0.10009,1.99991,5.76774,0.19647,0.15048,0.51745
106.20000,11.43982,7.69627,1.84908,181.34529,1.95957,75.80989,0.10009,1.99991,5.77816,0.19647,0.14988,0.51759
106.25000,11.38386,7.76987,1.84922,181.43806,1.95970,75.94091,0.10009,1.99991,5.78504,0.19648,0.14944,0.51771
106.30000,11.32634,7.84226,1.84934,181.53085,1.95984,76.06926,0.10009,1.99991,5.78781,0.19648,0.14916,0.51782
106.35000,11.26720,7.91334,1.84944,181.62366,1.95988,76.20262,0.10008,1.99991,5.79096,0.19648,0.14864,0.51795
106.40000,11.20641,7.98302,1.84952,181.71648,1.95971,76.34423,0.10008,1.99991,5.79923,0.19646,0.14755,0.51812
106.45000,11.14394,8.05121,1.84958,181.80930,1.95954,76.48982,0.10008,1.99991,5.80329,0.19644,0.14657,0.51829
106.50000,11.07976,8.11779,1.84961,181.90211,1.95921,76.63255,0.10008,1.99991,5.81287,0.19642,0.14516,0.51849
106.55000,11.01383,8.18264,1.84964,181.99492,1.95884,76.72983,0.10008,1.99991,5.83151,0.19639,0.14357,0.51869
106.60000,10.94614,8.24566,1.84967,182.08772,1.95845,76.83744,0.10007,1.99991,5.84346,0.19634,0.14194,0.51894
106.65000,10.87670,8.30675,1.84970,182.18051,1.95804,76.91380,0.10007,1.99992,5.86147,0.19631,0.14040,0.51914
106.70000,10.80553,8.36580,1.84973,182.27327,1.95763,76.97435,0.10007,1.99992,5.87988,0.19628,0.13892,0.51933
106.75000,10.73263,8.42272,1.84977,182.36601,1.95718,77.02996,0.10007,1.99992,5.89733,0.19624,0.13745,0.51951
106.80000,10.65805,8.47741,1.84981,182.45873,1.95668,77.08251,0.10007,1.99992,5.91298,0.19620,0.13599,0.51969
106.85000,10.58183,8.52980,1.84986,182.55141,1.95611,77.12190,0.10007,1.99992,5.92676,0.19615,0.13455,0.51987
106.90000,10.50402,8.57979,1.84992,182.64406,1.95546,77.13207,0.10006,1.99992,5.93934,0.19611,0.13315,0.52002
106.95000,10.42468,8.62733,1.85000,182.73667,1.95474,77.10671,0.10006,1.99992,5.95216,0.19605,0.13180,0.52014
107.00000,10.34388,8.67236,1.85010,182.82926,1.95396,77.03616,0.10006,1.99992,5.96660,0.19600,0.13050,0.52024
107.05000,10.26169,8.71482,1.85022,182.92182,1.95319,76.96371,0.10006,1.99992,5.98353,0.19595,0.12919,0.52034
107.10000,10.17820,8.75467,1.85036,183.01432,1.95251,76.93844,0.10006,1.99992,6.00219,0.19590,0.12784,0.52048
107.15000,10.09350,8.79188,1.85052,183.10678,1.95178,76.89101,0.10006,1.99992,6.01484,0.19585,0.12656,0.52060
107.20000,10.00767,8.82644,1.85070,183.19919,1.95103,76.93754,0.10006,1.99992,6.02034,0.19579,0.12527,0.52077
107.25000,9.92080,8.85833,1.85091,183.29157,1.94777,77.86854,0.10007,1.99992,5.82771,0.19529,0.11888,0.51668
107.30000,9.83298,8.88754,1.85114,183.38391,1.94728,78.01578,0.10007,1.99992,5.82820,0.19525,0.11798,0.51674
107.35000,9.74431,8.91409,1.85141,183.47623,1.94666,78.13596,0.10007,1.99992,5.82334,0.19519,0.11712,0.51684
107.40000,9.65488,8.93799,1.85169,183.56854,1.94596,78.22621,0.10007,1.99992,5.81571,0.19513,0.11632,0.51696
107.45000,9.56476,8.95925,1.85200,183.66080,1.94521,78.29387,0.10007,1.99992,5.80744,0.19506,0.11557,0.51707
107.50000,9.47406,8.97792,1.85234,183.75296,1.94446,78.35799,0.10007,1.99992,5.79952,0.19500,0.11486,0.51720
107.55000,9.38285,8.99402,1.85270,183.84518,1.94080,79.28515,0.10008,1.99992,5.59843,0.19443,0.10989,0.51259
107.60000,9.29120,9.00758,1.85309,183.93763,1.94040,79.45511,0.10008,1.99992,5.59271,0.19440,0.10943,0.51257
107.65000,9.19921,9.01865,1.85348,184.03020,1.93993,79.61676,0.10008,1.99992,5.58754,0.19436,0.10896,0.51259
107.70000,9.10693,9.02725,1.85390,184.12260,1.93932,79.72701,0.10008,1.99992,5.57995,0.19432,0.10855,0.51261
107.75000,9.01443,9.03343,1.85434,184.21488,1.93848,79.73867,0.10008,1.99992,5.56954,0.19427,0.10827,0.51256
107.80000,8.92178,9.03723,1.85480,184.30722,1.93439,80.56250,0.10010,1.99992,5.37392,0.19364,0.10428,0.50730
107.85000,8.82904,9.03869,1.85530,184.39963,1.93371,80.57207,0.10010,1.99992,5.35942,0.19360,0.10424,0.50705
107.90000,8.73627,9.03787,1.85582,184.49207,1.93293,80.52618,0.10010,1.99992,5.33837,0.19353,0.10421,0.50690
107.95000,8.64352,9.03486,1.85638,184.58453,1.93201,80.44708,0.10011,1.99992,5.31907,0.19347,0.10421,0.50674
108.00000,8.55083,9.02970,1.85697,184.67700,1.93108,80.35854,0.10011,1.99991,5.29899,0.19340,0.10423,0.50660
108.05000,8.45825,9.02248,1.85759,184.76949,1.92645,81.04742,0.10014,1.99991,5.10873,0.19267,0.10091,0.50070
108.10000,8.36581,9.01326,1.85825,184.86201,1.92582,81.00031,0.10014,1.99991,5.08965,0.19262,0.10105,0.50039
108.15000,8.27355,9.00215,1.85895,184.95457,1.92507,80.91910,0.10015,1.99991,5.07011,0.19257,0.10120,0.50014
108.20000,8.18149,8.98923,1.85968,185.04716,1.92426,80.81169,0.10015,1.99991,5.05029,0.19251,0.10137,0.49991
108.25000,8.08965,8.97459,1.86045,185.13980,1.92343,80.68383,0.10016,1.99991,5.03031,0.19245,0.10157,0.49969
108.30000,7.99804,8.95834,1.86126,185.23249,1.92260,80.53932,0.10016,1.99991,5.01029,0.19240,0.10182,0.49946
108.35000,7.90667,8.94056,1.86209,185.32527,1.91758,81.15134,0.10021,1.99991,4.83651,0.19157,0.09893,0.49290
108.40000,7.81555,8.92135,1.86297,185.41809,1.91704,81.03500,0.10022,1.99991,4.81855,0.19154,0.09926,0.49247
108.45000,7.72467,8.90082,1.86388,185.51097,1.91643,80.89205,0.10023,1.99990,4.80073,0.19151,0.09959,0.49209
108.50000,7.63402,8.87907,1.86483,185.60391,1.91578,80.73202,0.10023,1.99990,4.78325,0.19147,0.09994,0.49173
108.55000,7.54360,8.85621,1.86580,185.69693,1.91516,80.56133,0.10024,1.99990,4.76625,0.19144,0.10032,0.49139
108.60000,7.45340,8.83233,1.86682,185.79001,1.91460,80.38602,0.10025,1.99990,4.74867,0.19140,0.10073,0.49108
108.65000,7.36338,8.80753,1.86786,185.88317,1.91408,80.20630,0.10026,1.99990,4.73282,0.19138,0.10117,0.49075
108.70000,7.27354,8.78192,1.86894,185.97641,1.91362,80.02588,0.10027,1.99990,4.71758,0.19136,0.10164,0.49041
108.75000,7.18386,8.75558,1.87004,186.06972,1.91323,79.84618,0.10028,1.99990,4.70294,0.19135,0.10214,0.49006
108.80000,7.09430,8.72862,1.87118,186.16311,1.91292,79.66818,0.10030,1.99990,4.68890,0.19135,0.10266,0.48972
108.85000,7.00484,8.70112,1.87235,186.25659,1.91269,79.49284,0.10031,1.99990,4.67546,0.19135,0.10322,0.48937
108.90000,6.91546,8.67318,1.87354,186.35014,1.91254,79.32138,0.10032,1.99989,4.66267,0.19136,0.10380,0.48903
108.95000,6.82613,8.64487,1.87476,186.44377,1.91247,79.15504,0.10033,1.99989,4.65058,0.19138,0.10441,0.48868
109.00000,6.73683,8.61628,1.87601,186.53748,1.91248,78.99459,0.10034,1.99989,4.63922,0.19140,0.10504,0.48833
109.05000,6.64752,8.58749,1.87733,186.63127,1.91258,78.84032,0.10035,1.99989,4.62858,0.19143,0.10569,0.48799
109.10000,6.55818,8.55858,1.87872,186.72515,1.91276,78.69238,0.10036,1.99989,4.61867,0.19147,0.10636,0.48765
109.15000,6.46878,8.52963,1.88018,186.81910,1.91303,78.55120,0.10037,1.99989,4.60946,0.19151,0.10705,0.48731
109.20000,6.37929,8.50071,1.88169,186.91315,1.91337,78.41727,0.10038,1.99989,4.60090,0.19155,0.10776,0.48698
109.25000,6.28969,8.47187,1.88326,187.00727,1.91378,78.29077,0.10039,1.99989,4.59297,0.19160,0.10848,0.48666
109.30000,6.19996,8.44319,1.88488,187.10149,1.91425,78.17159,0.10040,1.99989,4.58568,0.19166,0.10921,0.48634
109.35000,6.11008,8.41471,1.88653,187.19579,1.91477,78.05928,0.10041,1.99989,4.57931,0.19172,0.10995,0.48602
109.40000,6.02003,8.38647,1.88823,187.29018,1.91535,77.95470,0.10042,1.99989,4.57347,0.19178,0.11070,0.48572
109.45000,5.92981,8.35853,1.88996,187.38465,1.91599,77.85786,0.10043,1.99989,4.56834,0.19184,0.11144,0.48543
109.50000,5.83939,8.33090,1.89172,187.47922,1.91667,77.76905,0.10044,1.99989,4.56395,0.19191,0.11218,0.48516
109.55000,5.74877,8.30363,1.89350,187.57388,1.91739,77.68869,0.10045,1.99989,4.56031,0.19198,0.11292,0.48489
109.60000,5.65795,8.27674,1.89530,187.66862,1.91816,77.61734,0.10045,1.99988,4.55741,0.19205,0.11364,0.48464
109.65000,5.56692,8.25024,1.89711,187.76345,1.91896,77.55536,0.10046,1.99988,4.55528,0.19212,0.11436,0.48440
109.70000,5.47568,8.22414,1.89893,187.85837,1.91979,77.50258,0.10046,1.99988,4.55393,0.19219,0.11506,0.48418
109.75000,5.38423,8.19845,1.90075,187.95339,1.92064,77.45839,0.10047,1.99988,4.55339,0.19227,0.11573,0.48397
109.80000,5.29256,8.17318,1.90257,188.04848,1.92150,77.42222,0.10047,1.99988,4.55369,0.19234,0.11639,0.48377
109.85000,5.20069,8.14832,1.90439,188.14366,1.92237,77.39387,0.10047,1.99988,4.55487,0.19241,0.11701,0.48359
109.90000,5.10862,8.12386,1.90619,188.23894,1.92324,77.37354,0.10048,1.99988,4.55694,0.19249,0.11759,0.48342
109.95000,5.01635,8.09980,1.90798,188.33432,1.92412,77.36158,0.10048,1.99989,4.55990,0.19256,0.11815,0.48327
110.00000,4.92390,8.07611,1.90974,188.42977,1.92500,77.35840,0.10048,1.99989,4.56373,0.19263,0.11866,0.48313
110.05000,4.83126,8.05279,1.91149,188.52525,1.92980,76.51465,0.10038,1.99989,4.70460,0.19338,0.12444,0.48993
110.10000,4.73845,8.02979,1.91321,188.62101,1.93046,76.48109,0.10038,1.99989,4.70983,0.19343,0.12486,0.49004
110.15000,4.64547,8.00711,1.91489,188.71736,1.93119,76.47469,0.10038,1.99989,4.71630,0.19349,0.12526,0.49009
110.20000,4.55234,7.98471,1.91653,188.81395,1.93196,76.48891,0.10038,1.99989,4.72389,0.19355,0.12563,0.49012
110.25000,4.45907,7.96256,1.91813,188.91019,1.93274,76.51926,0.10037,1.99989,4.73248,0.19361,0.12594,0.49013
110.30000,4.36566,7.94063,1.91970,189.00622,1.93700,75.68553,0.10029,1.99989,4.88969,0.19425,0.13204,0.49670
110.35000,4.27214,7.91887,1.92123,189.10226,1.93752,75.68199,0.10029,1.99989,4.90022,0.19429,0.13215,0.49692
110.40000,4.17850,7.89724,1.92271,189.19838,1.93810,75.70948,0.10029,1.99989,4.91175,0.19433,0.13223,0.49708
110.45000,4.08477,7.87571,1.92416,189.29455,1.93871,75.76027,0.10028,1.99989,4.92431,0.19437,0.13227,0.49722
110.50000,3.99096,7.85423,1.92556,189.39077,1.93932,75.82915,0.10028,1.99989,4.93769,0.19441,0.13225,0.49733
110.55000,3.89708,7.83274,1.92692,189.48707,1.93992,75.91223,0.10027,1.99990,4.95169,0.19445,0.13216,0.49744
110.60000,3.80313,7.81120,1.92824,189.58347,1.94360,75.10821,0.10021,1.99990,5.12760,0.19501,0.13826,0.50361
110.65000,3.70915,7.78954,1.92953,189.67991,1.94392,75.14481,0.10021,1.99990,5.14242,0.19502,0.13793,0.50392
110.70000,3.61514,7.76772,1.93078,189.77642,1.94430,75.21040,0.10020,1.99990,5.15773,0.19504,0.13762,0.50417
110.75000,3.52113,7.74567,1.93199,189.87298,1.94471,75.29686,0.10020,1.99990,5.17317,0.19507,0.13731,0.50437
110.80000,3.42711,7.72334,1.93316,189.96961,1.94514,75.39859,0.10020,1.99990,5.18839,0.19510,0.13700,0.50455
110.85000,3.33313,7.70065,1.93430,190.06634,1.94840,74.59660,0.10015,1.99990,5.37781,0.19557,0.14322,0.51019
110.90000,3.23918,7.67755,1.93540,190.16311,1.94860,74.64406,0.10015,1.99990,5.39157,0.19558,0.14277,0.51051
110.95000,3.14530,7.65396,1.93647,190.25993,1.94888,74.72089,0.10015,1.99990,5.40440,0.19559,0.14242,0.51076
111.00000,3.05151,7.62982,1.93752,190.35681,1.94922,74.81860,0.10015,1.99990,5.41587,0.19561,0.14215,0.51097
111.05000,2.95782,7.60507,1.93853,190.45376,1.94960,74.93069,0.10014,1.99990,5.42571,0.19563,0.14198,0.51114
111.10000,2.86427,7.57962,1.93951,190.55078,1.95258,74.12461,0.10011,1.99991,5.62011,0.19605,0.14871,0.51615
111.15000,2.77088,7.55340,1.94047,190.64785,1.95275,74.17226,0.10011,1.99990,5.62587,0.19606,0.14850,0.51642
111.20000,2.67768,7.52635,1.94140,190.74497,1.95300,74.24650,0.10011,1.99990,5.62996,0.19607,0.14843,0.51663
111.25000,2.58470,7.49840,1.94231,190.84214,1.95330,74.33953,0.10011,1.99990,5.63237,0.19608,0.14845,0.51679
111.30000,2.49198,7.46946,1.94320,190.93937,1.95363,74.44517,0.10011,1.99990,5.63323,0.19609,0.14856,0.51693
111.35000,2.39953,7.43948,1.94407,191.03665,1.95398,74.55817,0.10011,1.99990,5.63272,0.19611,0.14872,0.51704
111.40000,2.30742,7.40838,1.94492,191.13398,1.95433,74.67409,0.10011,1.99990,5.63110,0.19612,0.14892,0.51713
111.45000,2.21567,7.37610,1.94575,191.23136,1.95466,74.78926,0.10011,1.99990,5.62867,0.19614,0.14913,0.51721
111.50000,2.12432,7.34257,1.94656,191.32879,1.95498,74.90062,0.10011,1.99990,5.62578,0.19616,0.14935,0.51728
111.55000,2.03341,7.30774,1.94735,191.42627,1.95528,75.00539,0.10011,1.99990,5.62283,0.19617,0.14954,0.51735
111.60000,1.94300,7.27156,1.94812,191.52379,1.95554,75.10083,0.10011,1.99990,5.62016,0.19618,0.14970,0.51740
111.65000,1.85312,7.23397,1.94888,191.62135,1.95577,75.18437,0.10011,1.99990,5.61812,0.19619,0.14983,0.51745
111.70000,1.76382,7.19493,1.94962,191.71896,1.95596,75.25387,0.10011,1.99990,5.61699,0.19620,0.14991,0.51750
111.75000,1.67514,7.15439,1.95034,191.81660,1.95611,75.30792,0.10010,1.99990,5.61703,0.19621,0.14993,0.51754
111.80000,1.58714,7.11234,1.95105,191.91428,1.95623,75.34585,0.10010,1.99990,5.61839,0.19621,0.14990,0.51757
111.85000,1.49987,7.06872,1.95174,192.01200,1.95631,75.36774,0.10010,1.99990,5.62117,0.19621,0.14981,0.51760
111.90000,1.41335,7.02354,1.95241,192.10975,1.95636,75.37438,0.10010,1.99990,5.62535,0.19622,0.14966,0.51763
111.95000,1.32765,6.97676,1.95307,192.20754,1.95637,75.36732,0.10010,1.99991,5.63084,0.19621,0.14945,0.51766
112.00000,1.24281,6.92838,1.95372,192.30535,1.95640,75.35229,0.10010,1.99991,5.63471,0.19621,0.14919,0.51772
112.05000,1.15886,6.87840,1.95435,192.40320,1.95637,75.32588,0.10010,1.99991,5.64224,0.19620,0.14887,0.51775
112.10000,1.07586,6.82680,1.95496,192.50107,1.95632,75.29480,0.10010,1.99991,5.65057,0.19620,0.14851,0.51778
112.15000,0.99385,6.77359,1.95556,192.59897,1.95626,75.26328,0.10010,1.99991,5.65942,0.19619,0.14811,0.51782
112.20000,0.91286,6.71879,1.95614,192.69688,1.95620,75.23563,0.10010,1.99991,5.66843,0.19618,0.14768,0.51787
112.25000,0.83293,6.66239,1.95671,192.79482,1.95615,75.21584,0.10010,1.99991,5.67722,0.19618,0.14724,0.51792
112.30000,0.75411,6.60441,1.95727,192.89276,1.95611,75.20729,0.10010,1.99991,5.68547,0.19617,0.14680,0.51798
112.35000,0.67644,6.54486,1.95781,192.99071,1.95609,75.21239,0.10010,1.99991,5.69294,0.19616,0.14638,0.51805
112.40000,0.59995,6.48375,1.95834,193.08867,1.95608,75.23240,0.10010,1.99991,5.69946,0.19616,0.14597,0.51813
112.45000,0.52467,6.42111,1.95885,193.18664,1.95609,75.26739,0.10009,1.99991,5.70495,0.19615,0.14559,0.51821
112.50000,0.45066,6.35694,1.95935,193.28461,1.95613,75.31656,0.10009,1.99991,5.70933,0.19615,0.14524,0.51829
112.55000,0.37795,6.29127,1.95984,193.38260,1.95617,75.37851,0.10009,1.99991,5.71261,0.19615,0.14492,0.51838
112.60000,0.30658,6.22411,1.96032,193.48060,1.95623,75.45132,0.10009,1.99991,5.71480,0.19614,0.14463,0.51846
112.65000,0.23660,6.15547,1.96079,193.57862,1.95629,75.53250,0.10009,1.99991,5.71598,0.19614,0.14438,0.51855
112.70000,0.16805,6.08537,1.96125,193.67665,1.95635,75.61907,0.10009,1.99991,5.71625,0.19614,0.14416,0.51863
112.75000,0.10097,6.01382,1.96170,193.77470,1.95641,75.70789,0.10009,1.99991,5.71576,0.19614,0.14396,0.51870
112.80000,0.03541,5.94085,1.96214,193.87277,1.95645,75.79595,0.10009,1.99991,5.71470,0.19614,0.14376,0.51877
112.85000,-0.02857,5.86646,1.96258,193.97085,1.95647,75.88052,0.10009,1.99991,5.71329,0.19614,0.14357,0.51884
112.90000,-0.09093,5.79069,1.96301,194.06896,1.95645,75.95902,0.10009,1.99991,5.71176,0.19613,0.14336,0.51889
112.95000,-0.15162,5.71354,1.96344,194.16710,1.95641,76.02898,0.10009,1.99991,5.71038,0.19613,0.14313,0.51895
113.00000,-0.21059,5.63504,1.96387,194.26525,1.95633,76.08814,0.10009,1.99991,5.70935,0.19612,0.14287,0.51900
113.05000,-0.26779,5.55522,1.96430,194.36342,1.95622,76.13468,0.10009,1.99991,5.70886,0.19611,0.14258,0.51904
113.10000,-0.32318,5.47410,1.96474,194.46162,1.95608,76.16743,0.10009,1.99991,5.70906,0.19610,0.14226,0.51908
113.15000,-0.37670,5.39171,1.96518,194.55983,1.95591,76.18587,0.10009,1.99991,5.71006,0.19609,0.14191,0.51912
113.20000,-0.42831,5.30809,1.96562,194.65805,1.95570,76.19007,0.10009,1.99991,5.71196,0.19608,0.14151,0.51915
113.25000,-0.47798,5.22327,1.96608,194.75630,1.95545,76.18052,0.10009,1.99991,5.71477,0.19606,0.14107,0.51918
113.30000,-0.52568,5.13730,1.96655,194.85458,1.95518,76.15796,0.10009,1.99991,5.71848,0.19604,0.14060,0.51921
113.35000,-0.57136,5.05022,1.96702,194.95286,1.95488,76.12350,0.10008,1.99991,5.72305,0.19602,0.14008,0.51924
113.40000,-0.61501,4.96208,1.96751,195.05114,1.95455,76.07905,0.10008,1.99991,5.72844,0.19600,0.13953,0.51927
113.45000,-0.65660,4.87291,1.96801,195.14944,1.95420,76.02752,0.10008,1.99991,5.73462,0.19597,0.13894,0.51930
113.50000,-0.69613,4.78279,1.96853,195.24775,1.95382,75.97268,0.10008,1.99991,5.74150,0.19595,0.13830,0.51933
113.55000,-0.73357,4.69175,1.96906,195.34607,1.95343,75.91848,0.10008,1.99991,5.74896,0.19592,0.13763,0.51937
113.60000,-0.76893,4.59985,1.96960,195.44440,1.95302,75.86848,0.10008,1.99991,5.75682,0.19589,0.13691,0.51942
113.65000,-0.80221,4.50715,1.97016,195.54275,1.95260,75.82549,0.10008,1.99991,5.76489,0.19586,0.13615,0.51948
113.70000,-0.83340,4.41370,1.97073,195.64112,1.95217,75.79142,0.10008,1.99991,5.77303,0.19583,0.13537,0.51954
113.75000,-0.86252,4.31955,1.97132,195.73950,1.95173,75.76738,0.10008,1.99991,5.78117,0.19580,0.13455,0.51961
113.80000,-0.88958,4.22476,1.97192,195.83791,1.95128,75.75385,0.10008,1.99991,5.78925,0.19576,0.13372,0.51969
113.85000,-0.91458,4.12937,1.97253,195.93635,1.95082,75.75084,0.10008,1.99991,5.79723,0.19573,0.13287,0.51977
113.90000,-0.93754,4.03344,1.97315,196.03481,1.95035,75.75805,0.10008,1.99991,5.80506,0.19570,0.13201,0.51986
113.95000,-0.95849,3.93702,1.97378,196.13330,1.94987,75.77469,0.10008,1.99991,5.81266,0.19566,0.13115,0.51995
114.00000,-0.97742,3.84015,1.97442,196.23183,1.94938,75.79918,0.10008,1.99991,5.81996,0.19563,0.13029,0.52005
114.05000,-0.99436,3.74288,1.97507,196.33040,1.94619,76.73534,0.10009,1.99991,5.63148,0.19515,0.12387,0.51572
114.10000,-1.00931,3.64525,1.97574,196.42900,1.94595,76.85033,0.10009,1.99991,5.63810,0.19513,0.12325,0.51568
114.15000,-1.02230,3.54730,1.97642,196.52763,1.94562,76.94002,0.10009,1.99991,5.64385,0.19511,0.12260,0.51567
114.20000,-1.03334,3.44909,1.97711,196.62630,1.94520,77.01000,0.10009,1.99991,5.64863,0.19509,0.12194,0.51570
114.25000,-1.04245,3.35064,1.97780,196.72501,1.94472,77.06429,0.10009,1.99991,5.65238,0.19505,0.12129,0.51574
114.30000,-1.04964,3.25199,1.97851,196.82376,1.94126,77.98396,0.10011,1.99991,5.46700,0.19452,0.11580,0.51087
114.35000,-1.05492,3.15319,1.97924,196.92255,1.94099,78.09165,0.10011,1.99991,5.46892,0.19451,0.11538,0.51076
114.40000,-1.05831,3.05427,1.97998,197.02136,1.94060,78.16433,0.10011,1.99991,5.46938,0.19448,0.11494,0.51071
114.45000,-1.05984,2.95527,1.98073,197.12022,1.94011,78.21076,0.10011,1.99991,5.46842,0.19445,0.11451,0.51069
114.50000,-1.05952,2.85621,1.98149,197.21910,1.93955,78.23673,0.10010,1.99991,5.46612,0.19441,0.11409,0.51068
114.55000,-1.05738,2.75714,1.98227,197.31803,1.93573,79.09168,0.10013,1.99991,5.28353,0.19381,0.10945,0.50527
114.60000,-1.05343,2.65809,1.98308,197.41699,1.93539,79.15723,0.10013,1.99991,5.27954,0.19379,0.10924,0.50510
114.65000,-1.04771,2.55908,1.98390,197.51599,1.93493,79.18793,0.10013,1.99991,5.27409,0.19376,0.10902,0.50500
114.70000,-1.04025,2.46015,1.98474,197.61502,1.93438,79.19335,0.10013,1.99991,5.26729,0.19372,0.10881,0.50493
114.75000,-1.03109,2.36131,1.98561,197.71409,1.93379,79.17958,0.10013,1.99991,5.25924,0.19368,0.10864,0.50488
114.80000,-1.02025,2.26261,1.98649,197.81321,1.92965,79.96626,0.10016,1.99991,5.07978,0.19299,0.10470,0.49895
114.85000,-1.00777,2.16405,1.98742,197.91237,1.92929,79.98489,0.10016,1.99991,5.07068,0.19296,0.10469,0.49872
114.90000,-0.99368,2.06566,1.98839,198.01157,1.92882,79.97159,0.10017,1.99991,5.06031,0.19293,0.10468,0.49855
114.95000,-0.97801,1.96745,1.98943,198.11082,1.92830,79.93571,0.10017,1.99991,5.04895,0.19289,0.10470,0.49842
115.00000,-0.96082,1.86945,1.99053,198.21013,1.92775,79.88321,0.10017,1.99991,5.03679,0.19285,0.10475,0.49829
115.05000,-0.94213,1.77167,1.99169,198.30951,1.92325,80.60215,0.10022,1.99991,4.86825,0.19209,0.10138,0.49176
115.10000,-0.92202,1.67411,1.99290,198.40895,1.92295,80.57736,0.10022,1.99991,4.85618,0.19207,0.10156,0.49145
115.15000,-0.90055,1.57677,1.99416,198.50845,1.92258,80.52566,0.10023,1.99991,4.84326,0.19205,0.10175,0.49119
115.20000,-0.87778,1.47966,1.99546,198.60801,1.92217,80.45545,0.10023,1.99991,4.82969,0.19203,0.10197,0.49095
115.25000,-0.85380,1.38278,1.99681,198.70766,1.92178,80.37186,0.10024,1.99991,4.81560,0.19200,0.10224,0.49073
115.30000,-0.82866,1.28612,1.99818,198.80737,1.92142,80.27824,0.10024,1.99991,4.80107,0.19198,0.10256,0.49050
115.35000,-0.80246,1.18968,1.99959,198.90717,1.92111,80.17690,0.10025,1.99990,4.78614,0.19197,0.10293,0.49027
115.40000,-0.77525,1.09343,2.00102,199.00705,1.92087,80.06943,0.10026,1.99990,4.77086,0.19196,0.10336,0.49002
115.45000,-0.74713,0.99738,2.00248,199.10701,1.92069,79.95699,0.10027,1.99990,4.75527,0.19196,0.10386,0.48976
115.50000,-0.71815,0.90150,2.00394,199.20705,1.92060,79.84043,0.10028,1.99990,4.73939,0.19196,0.10441,0.48949
115.55000,-0.68840,0.80578,2.00542,199.30718,1.92059,79.72048,0.10029,1.99990,4.72326,0.19197,0.10503,0.48921
115.60000,-0.65795,0.71021,2.00690,199.40739,1.92067,79.59788,0.10030,1.99990,4.70695,0.19199,0.10571,0.48891
115.65000,-0.62686,0.61477,2.00838,199.50768,1.92084,79.47341,0.10031,1.99990,4.69056,0.19201,0.10646,0.48859
115.70000,-0.59520,0.51943,2.00985,199.60805,1.92109,79.34779,0.10032,1.99990,4.67417,0.19204,0.10727,0.48827
115.75000,-0.56304,0.42418,2.01131,199.70852,1.92144,79.22147,0.10033,1.99990,4.65782,0.19208,0.10815,0.48794
115.80000,-0.53043,0.32901,2.01276,199.80907,1.92187,79.09465,0.10034,1.99990,4.64155,0.19212,0.10910,0.48759
115.85000,-0.49744,0.23390,2.01418,199.90970,1.92239,78.96756,0.10036,1.99989,4.62545,0.19217,0.11011,0.48724
115.90000,-0.46412,0.13882,2.01557,200.01046,1.92299,78.84078,0.10037,1.99989,4.60968,0.19223,0.11120,0.48687
115.95000,-0.43052,0.04377,2.01694,200.11151,1.92366,78.71496,0.10038,1.99989,4.59438,0.19229,0.11233,0.48650
116.00000,-0.39669,-0.05126,2.01826,200.21283,1.92441,78.59063,0.10040,1.99989,4.57970,0.19236,0.11353,0.48613
116.05000,-0.36268,-0.14631,2.01953,200.31425,1.92521,78.46840,0.10041,1.99989,4.56579,0.19243,0.11476,0.48575
116.10000,-0.32852,-0.24136,2.02076,200.41559,1.92606,78.34896,0.10043,1.99989,4.55283,0.19251,0.11604,0.48537
116.15000,-0.29426,-0.33645,2.02195,200.51677,1.92696,78.23289,0.10044,1.99989,4.54097,0.19259,0.11734,0.48499
116.20000,-0.25993,-0.43157,2.02308,200.61789,1.92789,78.12053,0.10045,1.99989,4.53041,0.19267,0.11865,0.48461
116.25000,-0.22555,-0.52673,2.02416,200.71907,1.92884,78.01218,0.10047,1.99989,4.52130,0.19275,0.11995,0.48424
116.30000,-0.19117,-0.62194,2.02520,200.82030,1.92981,77.90857,0.10048,1.99989,4.51373,0.19284,0.12125,0.48387
116.35000,-0.15679,-0.71721,2.02612,200.92157,1.94154,77.43409,0.10039,1.99988,4.89240,0.19286,0.12544,0.48492
116.40000,-0.12244,-0.81254,2.02698,201.02289,1.94263,77.33335,0.10039,1.99988,4.89253,0.19297,0.12714,0.48438
116.45000,-0.08814,-0.90793,2.02780,201.12425,1.94365,77.23964,0.10040,1.99988,4.89301,0.19307,0.12866,0.48393
116.50000,-0.05390,-1.00338,2.02856,201.22564,1.94464,77.15475,0.10040,1.99988,4.89438,0.19317,0.13004,0.48353
116.55000,-0.01972,-1.09890,2.02928,201.32707,1.94559,77.07981,0.10041,1.99988,4.89703,0.19327,0.13131,0.48318
116.60000,0.01440,-1.19447,2.02990,201.42854,1.95487,76.62584,0.10032,1.99988,5.35598,0.19330,0.13580,0.48427
116.65000,0.04846,-1.29010,2.03047,201.53003,1.95581,76.55966,0.10032,1.99988,5.36857,0.19341,0.13734,0.48380
116.70000,0.08246,-1.38577,2.03099,201.63155,1.95668,76.50795,0.10032,1.99988,5.38102,0.19351,0.13864,0.48341
116.75000,0.11643,-1.48148,2.03147,201.73309,1.95750,76.47365,0.10032,1.99988,5.39373,0.19361,0.13977,0.48309
116.80000,0.15038,-1.57723,2.03190,201.83465,1.95829,76.45816,0.10032,1.99989,5.40705,0.19370,0.14075,0.48283
116.85000,0.18435,-1.67299,2.03226,201.93624,1.96547,76.06179,0.10025,1.99988,5.94938,0.19374,0.14519,0.48402
116.90000,0.21835,-1.76875,2.03258,202.03783,1.96620,76.06623,0.10025,1.99988,5.97272,0.19384,0.14638,0.48365
116.95000,0.25244,-1.86450,2.03286,202.13944,1.96687,76.09118,0.10024,1.99989,5.99495,0.19393,0.14731,0.48337
117.00000,0.28666,-1.96021,2.03309,202.24106,1.96751,76.13883,0.10024,1.99989,6.01234,0.19402,0.14803,0.48316
117.05000,0.32106,-2.05588,2.03328,202.34270,1.96811,76.21006,0.10024,1.99989,6.02832,0.19410,0.14859,0.48302
117.10000,0.35569,-2.15146,2.03343,202.44435,1.97358,75.89874,0.10018,1.99989,6.47225,0.19413,0.15272,0.48435
117.15000,0.39063,-2.24695,2.03354,202.54600,1.97410,75.99318,0.10018,1.99989,6.49369,0.19421,0.15342,0.48411
117.20000,0.42594,-2.34230,2.03361,202.64766,1.97458,76.10770,0.10017,1.99989,6.51360,0.19429,0.15387,0.48397
117.25000,0.46171,-2.43748,2.03364,202.74933,1.97502,76.24072,0.10017,1.99989,6.53254,0.19436,0.15412,0.48390
117.30000,0.49800,-2.53246,2.03363,202.85102,1.97928,75.98102,0.10013,1.99989,6.99034,0.19436,0.15800,0.48531
117.35000,0.53493,-2.62720,2.03359,202.95270,1.97963,76.12037,0.10013,1.99989,7.01239,0.19443,0.15835,0.48516
117.40000,0.57257,-2.72165,2.03350,203.05439,1.97995,76.27294,0.10012,1.99989,7.03252,0.19449,0.15846,0.48510
117.45000,0.61103,-2.81577,2.03338,203.15609,1.98026,76.43606,0.10012,1.99989,7.05129,0.19454,0.15842,0.48510
117.50000,0.65041,-2.90950,2.03322,203.25778,1.98054,76.60579,0.10012,1.99989,7.06910,0.19459,0.15827,0.48514
117.55000,0.69081,-3.00278,2.03301,203.35948,1.98081,76.77944,0.10011,1.99989,7.08605,0.19464,0.15805,0.48522
117.60000,0.73235,-3.09555,2.03276,203.46118,1.98106,76.95472,0.10011,1.99989,7.10215,0.19468,0.15778,0.48533
117.65000,0.77515,-3.18773,2.03247,203.56287,1.98129,77.12972,0.10011,1.99989,7.11738,0.19473,0.15747,0.48545
117.70000,0.81931,-3.27925,2.03214,203.66456,1.98152,77.30369,0.10010,1.99990,7.13163,0.19476,0.15714,0.48559
117.75000,0.86496,-3.37001,2.03176,203.76623,1.98173,77.47585,0.10010,1.99990,7.14488,0.19480,0.15680,0.48574
117.80000,0.91220,-3.45993,2.03133,203.86789,1.98193,77.64547,0.10010,1.99990,7.15716,0.19483,0.15643,0.48590
117.85000,0.96117,-3.54890,2.03086,203.96952,1.98211,77.81187,0.10009,1.99990,7.16851,0.19485,0.15606,0.48608
117.90000,1.01197,-3.63681,2.03033,204.07113,1.98228,77.97416,0.10009,1.99990,7.17893,0.19488,0.15567,0.48626
117.95000,1.06471,-3.72353,2.02976,204.17270,1.98244,78.13287,0.10009,1.99990,7.18841,0.19490,0.15527,0.48645
118.00000,1.11952,-3.80892,2.02913,204.27423,1.98259,78.28900,0.10009,1.99990,7.19701,0.19492,0.15487,0.48665
118.05000,1.17649,-3.89285,2.02846,204.37571,1.98273,78.44154,0.10009,1.99990,7.20473,0.19493,0.15446,0.48685
118.10000,1.23573,-3.97515,2.02772,204.47713,1.98285,78.59001,0.10008,1.99990,7.21162,0.19495,0.15404,0.48706
118.15000,1.29733,-4.05565,2.02692,204.57850,1.98297,78.73318,0.10008,1.99990,7.21779,0.19496,0.15362,0.48727
118.20000,1.36139,-4.13415,2.02607,204.67979,1.98307,78.86941,0.10008,1.99990,7.22340,0.19497,0.15319,0.48748
118.25000,1.42796,-4.21047,2.02515,204.78102,1.98316,78.99810,0.10008,1.99990,7.22860,0.19497,0.15275,0.48769
118.30000,1.49713,-4.28438,2.02416,204.88217,1.98323,79.11906,0.10008,1.99990,7.23356,0.19498,0.15230,0.48789
118.35000,1.56894,-4.35566,2.02311,204.98324,1.98330,79.23217,0.10008,1.99990,7.23842,0.19498,0.15183,0.48809
118.40000,1.64343,-4.42405,2.02200,205.08423,1.98334,79.33711,0.10007,1.99990,7.24331,0.19498,0.15134,0.48829
118.45000,1.72060,-4.48931,2.02081,205.18513,1.98338,79.43367,0.10007,1.99990,7.24829,0.19497,0.15083,0.48848
118.50000,1.80045,-4.55116,2.01955,205.28595,1.98340,79.52196,0.10007,1.99991,7.25344,0.19497,0.15030,0.48866
118.55000,1.88294,-4.60933,2.01822,205.38668,1.98340,79.60185,0.10007,1.99991,7.25884,0.19496,0.14975,0.48883
118.60000,1.96801,-4.66354,2.01683,205.48732,1.98340,79.67356,0.10007,1.99991,7.26457,0.19496,0.14916,0.48900
118.65000,2.05556,-4.71348,2.01536,205.58787,1.98337,79.73807,0.10007,1.99991,7.27076,0.19495,0.14854,0.48917
118.70000,2.14547,-4.75887,2.01383,205.68835,1.98333,79.79600,0.10007,1.99991,7.27742,0.19493,0.14787,0.48934
118.75000,2.23758,-4.79943,2.01225,205.78874,1.98328,79.84813,0.10007,1.99991,7.28460,0.19492,0.14716,0.48950
118.80000,2.33169,-4.83487,2.01061,205.88905,1.98321,79.89528,0.10007,1.99991,7.29226,0.19490,0.14640,0.48966
118.85000,2.42757,-4.86493,2.00892,205.98928,1.98313,79.93828,0.10006,1.99991,7.30041,0.19489,0.14561,0.48983
118.90000,2.52494,-4.88936,2.00719,206.08943,1.98304,79.97803,0.10006,1.99991,7.30901,0.19487,0.14477,0.49000
118.95000,2.62351,-4.90795,2.00544,206.18951,1.98293,80.01549,0.10006,1.99991,7.31803,0.19484,0.14389,0.49017
119.00000,2.72293,-4.92050,2.00366,206.28952,1.98281,80.05146,0.10006,1.99991,7.32744,0.19482,0.14295,0.49036
119.05000,2.82285,-4.92685,2.00188,206.38946,1.98268,80.08648,0.10006,1.99991,7.33718,0.19479,0.14196,0.49056
119.10000,2.92289,-4.92688,2.00011,206.48932,1.98253,80.12092,0.10006,1.99991,7.34719,0.19476,0.14091,0.49077
119.15000,3.02263,-4.92053,1.99834,206.58909,1.98237,80.15501,0.10006,1.99991,7.35737,0.19473,0.13980,0.49100
119.20000,3.12210,-4.90692,2.01641,206.76082,1.98220,80.18900,0.10006,1.99991,7.36762,0.19469,0.13866,0.49124
119.25000,3.21873,-4.87989,2.00911,206.81748,1.98190,80.22218,0.10006,1.99991,7.38886,0.19462,0.13658,0.49162
119.30000,3.31445,-4.84819,2.02198,206.90107,1.98167,80.22993,0.10005,1.99991,7.41111,0.19464,0.13595,0.49145
119.35000,3.41062,-4.81712,2.01810,206.99653,1.98144,80.23124,0.10005,1.99991,7.43333,0.19464,0.13494,0.49145
119.40000,3.50393,-4.77911,2.01340,207.09563,1.98123,80.27270,0.10005,1.99991,7.43919,0.19458,0.13368,0.49182
119.45000,3.59420,-4.73467,2.01187,207.19591,1.98098,80.31569,0.10005,1.99992,7.44690,0.19452,0.13234,0.49217
119.50000,3.68143,-4.68468,2.01032,207.29662,1.98072,80.35585,0.10005,1.99992,7.45565,0.19446,0.13097,0.49253
119.55000,3.76525,-4.62930,2.00881,207.39738,1.98044,80.39685,0.10005,1.99992,7.46347,0.19439,0.12958,0.49292
119.60000,3.84533,-4.56876,2.00740,207.49808,1.98015,80.43776,0.10005,1.99992,7.47048,0.19431,0.12817,0.49333
119.65000,3.92139,-4.50335,2.00608,207.59863,1.97985,80.47833,0.10005,1.99992,7.47674,0.19423,0.12676,0.49375
119.70000,3.99318,-4.43337,2.00486,207.69900,1.97953,80.51861,0.10005,1.99992,7.48225,0.19415,0.12536,0.49419
119.75000,4.06050,-4.35915,2.00373,207.79920,1.97919,80.55837,0.10005,1.99992,7.48702,0.19406,0.12399,0.49464
119.80000,4.12318,-4.28105,2.00271,207.89924,1.97884,80.59682,0.10004,1.99992,7.49104,0.19397,0.12263,0.49508
119.85000,4.18110,-4.19941,2.00178,207.99912,1.97846,80.63267,0.10004,1.99992,7.49440,0.19387,0.12130,0.49552
119.90000,4.23418,-4.11460,2.00095,208.09886,1.97806,80.66461,0.10004,1.99992,7.49724,0.19377,0.11998,0.49595
119.95000,4.28238,-4.02697,2.00020,208.19848,1.97764,80.69182,0.10004,1.99992,7.49967,0.19366,0.11869,0.49637
120.00000,4.32571,-3.93686,1.99954,208.29798,1.97719,80.71407,0.10004,1.99992,7.50168,0.19355,0.11742,0.49679
120.05000,4.36417,-3.84461,1.99896,208.39739,1.97671,80.73144,0.10004,1.99992,7.50319,0.19344,0.11620,0.49718
120.10000,4.39784,-3.75053,1.99845,208.49671,1.97188,81.10933,0.10005,1.99992,7.07631,0.19340,0.11275,0.49626
120.15000,4.42678,-3.65492,1.99801,208.59597,1.97128,81.14222,0.10005,1.99992,7.07282,0.19328,0.11149,0.49675
120.20000,4.45112,-3.55805,1.99765,208.69517,1.97065,81.16455,0.10005,1.99992,7.07004,0.19316,0.11035,0.49718
120.25000,4.47096,-3.46018,1.99734,208.79434,1.96999,81.17572,0.10005,1.99992,7.06749,0.19303,0.10930,0.49754
120.30000,4.48645,-3.36153,1.99710,208.89347,1.96929,81.17528,0.10005,1.99992,7.06486,0.19290,0.10832,0.49787
120.35000,4.49774,-3.26233,1.99691,208.99259,1.96283,81.51936,0.10006,1.99992,6.62276,0.19285,0.10546,0.49686
120.40000,4.50497,-3.16276,1.99678,209.09169,1.96190,81.51863,0.10006,1.99992,6.61534,0.19271,0.10447,0.49724
120.45000,4.50832,-3.06299,1.99670,209.19080,1.96095,81.50370,0.10006,1.99992,6.60895,0.19258,0.10359,0.49754
120.50000,4.50797,-2.96316,1.99666,209.28992,1.95997,81.47539,0.10006,1.99992,6.60302,0.19244,0.10281,0.49778
120.55000,4.50407,-2.86341,1.99668,209.38904,1.95895,81.43446,0.10006,1.99992,6.59718,0.19230,0.10209,0.49797
120.60000,4.49680,-2.76385,1.99674,209.48819,1.95025,81.73033,0.10008,1.99992,6.15883,0.19223,0.09980,0.49682
120.65000,4.48633,-2.66456,1.99685,209.58737,1.94890,81.68568,0.10008,1.99992,6.14832,0.19208,0.09907,0.49707
120.70000,4.47285,-2.56564,1.99701,209.68657,1.94752,81.62760,0.10008,1.99992,6.13871,0.19193,0.09844,0.49724
120.75000,4.45651,-2.46713,1.99720,209.78581,1.94612,81.55619,0.10008,1.99992,6.12944,0.19178,0.09789,0.49734
120.80000,4.43747,-2.36910,1.99744,209.88509,1.94470,81.47167,0.10008,1.99992,6.12021,0.19163,0.09741,0.49740
120.85000,4.41588,-2.27159,1.99777,209.98442,1.93298,81.71842,0.10011,1.99992,5.60296,0.19156,0.09558,0.49612
120.90000,4.39189,-2.17462,1.99816,210.08380,1.93109,81.62621,0.10011,1.99992,5.58579,0.19139,0.09507,0.49624
120.95000,4.36566,-2.07820,1.99862,210.18323,1.92920,81.52311,0.10011,1.99992,5.57032,0.19124,0.09465,0.49628
121.00000,4.33735,-1.98236,1.99912,210.28271,1.92732,81.41070,0.10011,1.99992,5.55587,0.19108,0.09430,0.49626
121.05000,4.30712,-1.88707,1.99967,210.38226,1.92542,81.28993,0.10012,1.99992,5.54197,0.19093,0.09400,0.49620
121.10000,4.27513,-1.79233,2.00031,210.48188,1.90983,81.50183,0.10015,1.99992,5.05098,0.19086,0.09251,0.49479
121.15000,4.24152,-1.69811,2.00093,210.58155,1.92138,81.03403,0.10012,1.99991,5.50909,0.19061,0.09336,0.49613
121.20000,4.20645,-1.60440,2.00159,210.68129,1.91949,80.88496,0.10013,1.99991,5.49736,0.19046,0.09322,0.49593
121.25000,4.17006,-1.51115,2.00226,210.78109,1.91757,80.72630,0.10013,1.99991,5.48505,0.19032,0.09308,0.49574
121.30000,4.13249,-1.41834,2.00296,210.88097,1.91562,80.56066,0.10013,1.99991,5.47241,0.19017,0.09296,0.49554
121.35000,4.09388,-1.32591,2.00366,210.98090,1.91366,80.39042,0.10014,1.99991,5.45969,0.19002,0.09284,0.49535
121.40000,4.05436,-1.23384,2.00432,211.08090,1.92512,79.85611,0.10011,1.99991,5.97795,0.18978,0.09397,0.49648
121.45000,4.01406,-1.14207,2.00498,211.18095,1.92359,79.65963,0.10011,1.99991,5.97040,0.18965,0.09400,0.49616
121.50000,3.97309,-1.05055,2.00564,211.28107,1.92197,79.45997,0.10012,1.99990,5.96109,0.18951,0.09399,0.49589
121.55000,3.93159,-0.95924,2.00629,211.38124,1.92031,79.25776,0.10012,1.99990,5.95072,0.18937,0.09395,0.49565
121.60000,3.88967,-0.86809,2.00694,211.48147,1.91863,79.05379,0.10012,1.99990,5.93986,0.18923,0.09390,0.49541
121.65000,3.84744,-0.77704,2.00753,211.58175,1.92952,78.46496,0.10010,1.99990,6.37015,0.18897,0.09513,0.49654
121.70000,3.80501,-0.68606,2.00810,211.68209,1.92813,78.23448,0.10010,1.99990,6.36638,0.18883,0.09519,0.49622
121.75000,3.76249,-0.59509,2.00866,211.78248,1.92666,78.00828,0.10011,1.99989,6.36162,0.18869,0.09520,0.49596
121.80000,3.71998,-0.50408,2.00918,211.88291,1.92516,77.78779,0.10011,1.99989,6.35644,0.18854,0.09516,0.49572
121.85000,3.67758,-0.41300,2.00968,211.98349,1.92364,77.57295,0.10011,1.99989,6.35115,0.18839,0.09509,0.49550
121.90000,3.63540,-0.32178,2.01013,212.08439,1.93386,76.95541,0.10009,1.99989,6.78288,0.18811,0.09635,0.49667
121.95000,3.59353,-0.23040,2.01054,212.18544,1.93256,76.71580,0.10009,1.99988,6.78179,0.18796,0.09638,0.49638
122.00000,3.55207,-0.13881,2.01091,212.28630,1.93122,76.48471,0.10010,1.99988,6.77974,0.18781,0.09636,0.49613
122.05000,3.51113,-0.04697,2.01125,212.38701,1.92988,76.26501,0.10010,1.99988,6.77729,0.18765,0.09631,0.49591
122.10000,3.47081,0.04516,2.01155,212.48769,1.92855,76.05789,0.10010,1.99988,6.77472,0.18751,0.09624,0.49572
122.15000,3.43119,0.13762,2.01180,212.58838,1.93816,75.43473,0.10008,1.99987,7.20865,0.18721,0.09752,0.49693
122.20000,3.39240,0.23043,2.01202,212.68908,1.93699,75.21246,0.10008,1.99987,7.20960,0.18705,0.09753,0.49668
122.25000,3.35452,0.32364,2.01220,212.78980,1.93581,75.00469,0.10009,1.99987,7.20952,0.18690,0.09749,0.49647
122.30000,3.31766,0.41725,2.01235,212.89053,1.93466,74.81091,0.10009,1.99987,7.20886,0.18675,0.09744,0.49628
122.35000,3.28191,0.51131,2.01246,212.99128,1.93354,74.63073,0.10009,1.99986,7.20782,0.18661,0.09737,0.49611
122.40000,3.24739,0.60583,2.01254,213.09205,1.93245,74.46437,0.10009,1.99986,7.20641,0.18647,0.09730,0.49596
122.45000,3.21418,0.70082,2.01259,213.19282,1.93141,74.31213,0.10009,1.99986,7.20457,0.18634,0.09723,0.49582
122.50000,3.18238,0.79629,2.01260,213.29360,1.93041,74.17347,0.10009,1.99986,7.20226,0.18622,0.09716,0.49568
122.55000,3.15210,0.89225,2.01257,213.39439,1.92944,74.04643,0.10010,1.99986,7.19953,0.18610,0.09710,0.49556
122.60000,3.12343,0.98871,2.01251,213.49517,1.92852,73.92795,0.10010,1.99986,7.19648,0.18599,0.09705,0.49544
122.65000,3.09648,1.08566,2.01242,213.59596,1.92762,73.81519,0.10010,1.99985,7.19319,0.18588,0.09700,0.49532
122.70000,3.07133,1.18308,2.01229,213.69673,1.92675,73.70696,0.10010,1.99985,7.18970,0.18578,0.09697,0.49520
122.75000,3.04808,1.28096,2.01213,213.79750,1.92591,73.60383,0.10010,1.99985,7.18604,0.18568,0.09694,0.49508
122.80000,3.02682,1.37929,2.01194,213.89824,1.92511,73.50659,0.10010,1.99985,7.18218,0.18559,0.09693,0.49496
122.85000,3.00765,1.47804,2.01171,213.99898,1.92434,73.41446,0.10010,1.99985,7.17806,0.18551,0.09692,0.49484
122.90000,2.99067,1.57717,2.01145,214.09969,1.92360,73.32489,0.10011,1.99985,7.17365,0.18543,0.09693,0.49472
122.95000,2.97596,1.67665,2.01116,214.20037,1.92287,73.23501,0.10011,1.99985,7.16899,0.18535,0.09694,0.49460
123.00000,2.96361,1.77644,2.01083,214.30103,1.92216,73.14322,0.10011,1.99984,7.16420,0.18528,0.09697,0.49447
123.05000,2.95371,1.87648,2.01046,214.40166,1.92147,73.04950,0.10011,1.99984,7.15936,0.18521,0.09701,0.49434
123.10000,2.94636,1.97672,2.01007,214.50225,1.92081,72.95466,0.10011,1.99984,7.15452,0.18514,0.09706,0.49420
123.15000,2.94165,2.07710,2.00963,214.60281,1.92016,72.85928,0.10011,1.99984,7.14969,0.18508,0.09711,0.49406
123.20000,2.93966,2.17755,2.00917,214.70334,1.91955,72.76344,0.10012,1.99984,7.14494,0.18502,0.09717,0.49392
123.25000,2.94048,2.27799,2.00867,214.80382,1.91895,72.66686,0.10012,1.99984,7.14034,0.18496,0.09724,0.49378
123.30000,2.94421,2.37834,2.00813,214.90426,1.91839,72.56908,0.10012,1.99984,7.13587,0.18491,0.09732,0.49363
123.35000,2.95093,2.47850,2.00755,215.00465,1.91785,72.46969,0.10012,1.99983,7.13148,0.18486,0.09740,0.49349
123.40000,2.96072,2.57838,2.00694,215.10500,1.91734,72.36886,0.10012,1.99983,7.12709,0.18482,0.09750,0.49334
123.45000,2.97369,2.67787,2.00628,215.20530,1.91686,72.26761,0.10013,1.99983,7.12267,0.18478,0.09760,0.49319
123.50000,2.98990,2.77684,2.00559,215.30555,1.91642,72.16730,0.10013,1.99983,7.11825,0.18474,0.09770,0.49305
123.55000,3.00946,2.87517,2.00486,215.40575,1.91601,72.06881,0.10013,1.99983,7.11388,0.18471,0.09782,0.49290
123.60000,3.03243,2.97272,2.00409,215.50590,1.91564,71.97245,0.10013,1.99983,7.10958,0.18468,0.09794,0.49276
123.65000,3.05890,3.06934,2.00327,215.60599,1.91531,71.87862,0.10013,1.99983,7.10535,0.18466,0.09807,0.49262
123.70000,3.08894,3.16487,2.00241,215.70603,1.91503,71.78834,0.10013,1.99983,7.10114,0.18464,0.09820,0.49249
123.75000,3.12262,3.25913,2.00151,215.80601,1.91479,71.70272,0.10014,1.99983,7.09688,0.18462,0.09834,0.49236
123.80000,3.15998,3.35193,2.00057,215.90594,1.91460,71.62232,0.10014,1.99983,7.09248,0.18461,0.09849,0.49223
123.85000,3.20110,3.44309,1.99958,216.00580,1.91446,71.54691,0.10014,1.99982,7.08787,0.18461,0.09865,0.49211
123.90000,3.24600,3.53238,1.99854,216.10561,1.91437,71.47600,0.10014,1.99982,7.08301,0.18461,0.09882,0.49199
123.95000,3.29470,3.61960,1.99747,216.20536,1.91433,71.40933,0.10014,1.99982,7.07791,0.18461,0.09901,0.49188
124.00000,3.34722,3.70450,1.99636,216.30504,1.91434,71.34716,0.10014,1.99982,7.07261,0.18462,0.09921,0.49177
124.05000,3.40356,3.78686,1.99520,216.40467,1.91440,71.28993,0.10015,1.99982,7.06713,0.18464,0.09941,0.49166
124.10000,3.46368,3.86642,1.99400,216.50423,1.91451,71.23775,0.10015,1.99982,7.06145,0.18466,0.09963,0.49156
124.15000,3.52754,3.94294,1.99277,216.60373,1.91467,71.19018,0.10015,1.99982,7.05555,0.18468,0.09987,0.49146
124.20000,3.59507,4.01614,1.99151,216.70316,1.91488,71.14652,0.10015,1.99982,7.04943,0.18472,0.10012,0.49136
124.25000,3.66618,4.08579,1.99022,216.80253,1.91514,71.10617,0.10015,1.99982,7.04308,0.18475,0.10039,0.49126
124.30000,3.74075,4.15162,1.98891,216.90183,1.91545,71.06877,0.10016,1.99982,7.03653,0.18480,0.10067,0.49116
124.35000,3.81864,4.21337,1.98757,217.00107,1.91580,71.03408,0.10016,1.99982,7.02977,0.18485,0.10097,0.49105
124.40000,3.89968,4.27081,1.98622,217.10024,1.91619,71.00191,0.10016,1.99982,7.02278,0.18490,0.10129,0.49095
124.45000,3.98368,4.32371,1.98486,217.19934,1.91663,70.97202,0.10016,1.99982,7.01557,0.18496,0.10163,0.49085
124.50000,4.07042,4.37183,1.98350,217.29837,1.91711,70.94407,0.10016,1.99982,7.00814,0.18502,0.10199,0.49075
124.55000,4.15967,4.41499,1.98214,217.39734,1.91764,70.91766,0.10016,1.99982,7.00051,0.18509,0.10237,0.49064
124.60000,4.25115,4.45298,1.98078,217.49625,1.91822,70.89243,0.10017,1.99982,6.99270,0.18517,0.10278,0.49053
124.65000,4.34459,4.48567,1.97944,217.59508,1.91885,70.86817,0.10017,1.99982,6.98468,0.18525,0.10322,0.49042
124.70000,4.43969,4.51290,1.97811,217.69384,1.91953,70.84497,0.10017,1.99982,6.97641,0.18535,0.10369,0.49030
124.75000,4.53615,4.53458,1.97681,217.79254,1.92026,70.82308,0.10017,1.99982,6.96786,0.18544,0.10419,0.49018
124.80000,4.63363,4.55061,1.97554,217.89117,1.92105,70.80270,0.10017,1.99982,6.95901,0.18555,0.10473,0.49005
124.85000,4.73182,4.56096,1.97430,217.98973,1.92188,70.78364,0.10018,1.99982,6.94985,0.18566,0.10531,0.48991
124.90000,4.83038,4.56559,1.97310,218.08821,1.92277,70.76542,0.10018,1.99982,6.94034,0.18579,0.10594,0.48976
124.95000,4.92899,4.56453,1.97194,218.18664,1.92371,70.74774,0.10018,1.99982,6.93040,0.18592,0.10662,0.48961
125.00000,5.02731,4.55780,1.97083,218.28500,1.92472,70.73091,0.10018,1.99982,6.91998,0.18606,0.10735,0.48944
125.05000,5.12499,4.54462,1.96883,218.38262,1.92579,70.71581,0.10019,1.99982,6.90908,0.18621,0.10815,0.48927
125.10000,5.21943,4.51881,1.96000,218.48126,1.92694,70.70738,0.10019,1.99982,6.89575,0.18635,0.10899,0.48913
125.15000,5.31320,4.48917,1.97161,218.57932,1.92846,70.73453,0.10019,1.99982,6.86429,0.18640,0.10988,0.48934
125.20000,5.40751,4.46057,1.96877,218.67862,1.93012,70.73723,0.10020,1.99982,6.83750,0.18650,0.11084,0.48949
125.25000,5.49982,4.42657,1.96688,218.77763,1.93140,70.73620,0.10020,1.99982,6.82439,0.18668,0.11193,0.48929
125.30000,5.59021,4.38789,1.96602,218.87647,1.93274,70.73704,0.10021,1.99982,6.81015,0.18688,0.11308,0.48909
125.35000,5.67859,4.34492,1.96520,218.97521,1.93412,70.73744,0.10021,1.99982,6.79619,0.18708,0.11432,0.48886
125.40000,5.76475,4.29776,1.96442,219.07384,1.93552,70.73801,0.10021,1.99982,6.78298,0.18730,0.11564,0.48860
125.45000,5.84852,4.24652,1.96369,219.17234,1.93694,70.73940,0.10022,1.99982,6.77031,0.18752,0.11705,0.48831
125.50000,5.92971,4.19136,1.96302,219.27071,1.93839,70.74198,0.10022,1.99982,6.75809,0.18776,0.11854,0.48800
125.55000,6.00817,4.13243,1.96241,219.36894,1.93984,70.74570,0.10023,1.99982,6.74633,0.18801,0.12012,0.48766
125.60000,6.08377,4.06992,1.96185,219.46705,1.94131,70.75007,0.10023,1.99982,6.73511,0.18826,0.12176,0.48732
125.65000,6.15640,4.00401,1.96135,219.56503,1.93270,71.22761,0.10030,1.99983,6.28893,0.18865,0.12082,0.48547
125.70000,6.22595,3.93491,1.96091,219.66291,1.93451,71.27456,0.10030,1.99983,6.27517,0.18891,0.12226,0.48523
125.75000,6.29238,3.86282,1.96053,219.76069,1.93630,71.31318,0.10030,1.99983,6.26330,0.18917,0.12381,0.48495
125.80000,6.35563,3.78795,1.96020,219.85839,1.93807,71.34475,0.10031,1.99983,6.25303,0.18943,0.12545,0.48465
125.85000,6.41568,3.71051,1.95994,219.95601,1.93981,71.37123,0.10031,1.99983,6.24425,0.18967,0.12713,0.48434
125.90000,6.47252,3.63070,1.95972,220.05358,1.94151,71.39442,0.10032,1.99983,6.23692,0.18992,0.12885,0.48402
125.95000,6.52617,3.54872,1.95955,220.15110,1.93307,71.87721,0.10040,1.99984,5.75284,0.19027,0.12759,0.48223
126.00000,6.57664,3.46475,1.95944,220.24859,1.93496,71.93433,0.10040,1.99984,5.74185,0.19049,0.12893,0.48208
126.05000,6.62398,3.37898,1.95938,220.34605,1.93681,71.98535,0.10041,1.99984,5.73466,0.19071,0.13035,0.48189
126.10000,6.66825,3.29159,1.95936,220.44350,1.93860,72.03196,0.10041,1.99985,5.73088,0.19093,0.13180,0.48168
126.15000,6.70951,3.20274,1.95939,220.54093,1.94034,72.07649,0.10041,1.99985,5.73036,0.19113,0.13322,0.48146
126.20000,6.74784,3.11259,1.95947,220.63837,1.93161,72.56924,0.10051,1.99985,5.23003,0.19142,0.13142,0.47979
126.25000,6.78331,3.02126,1.95960,220.73582,1.93332,72.64053,0.10051,1.99986,5.23366,0.19161,0.13233,0.47968
126.30000,6.81600,2.92890,1.95978,220.83328,1.93507,72.71824,0.10051,1.99986,5.23756,0.19179,0.13327,0.47962
126.35000,6.84599,2.83561,1.96003,220.93077,1.93676,72.79997,0.10050,1.99986,5.24487,0.19196,0.13420,0.47955
126.40000,6.87338,2.74151,1.96034,221.02828,1.93840,72.88814,0.10050,1.99986,5.25507,0.19212,0.13508,0.47947
126.45000,6.89830,2.64671,1.96076,221.12582,1.93281,72.48008,0.10050,1.99987,4.97925,0.19305,0.13898,0.48509
126.50000,6.92087,2.55129,1.96123,221.22340,1.93412,72.54575,0.10049,1.99987,4.98725,0.19315,0.13923,0.48545
126.55000,6.94121,2.45535,1.96174,221.32104,1.93552,72.64257,0.10048,1.99987,4.99897,0.19326,0.13958,0.48569
126.60000,6.95944,2.35896,1.96229,221.41873,1.93694,72.76457,0.10047,1.99987,5.01358,0.19336,0.13993,0.48588
126.65000,6.97572,2.26220,1.96287,221.51647,1.93837,72.90892,0.10046,1.99987,5.03047,0.19347,0.14025,0.48604
126.70000,6.99017,2.16511,1.96353,221.61427,1.92887,73.50043,0.10056,1.99988,4.63995,0.19364,0.13705,0.48480
126.75000,7.00294,2.06775,1.96423,221.71211,1.93389,72.76584,0.10044,1.99988,4.79426,0.19431,0.14338,0.49200
126.80000,7.01418,1.97017,1.96495,221.81002,1.93502,72.91997,0.10042,1.99988,4.80918,0.19437,0.14306,0.49251
126.85000,7.02402,1.87240,1.96568,221.90800,1.93623,73.11062,0.10041,1.99988,4.82612,0.19444,0.14283,0.49292
126.90000,7.03263,1.77447,1.96643,222.00605,1.93749,73.32840,0.10039,1.99989,4.84435,0.19451,0.14263,0.49327
126.95000,7.04013,1.67642,1.96717,222.10416,1.93876,73.56717,0.10038,1.99989,4.86335,0.19458,0.14243,0.49359
127.00000,7.04668,1.57826,1.96793,222.20231,1.94314,72.88484,0.10029,1.99989,5.03919,0.19515,0.14910,0.50022
127.05000,7.05243,1.48002,1.96868,222.30053,1.94411,73.08733,0.10028,1.99989,5.05896,0.19520,0.14873,0.50071
127.10000,7.05753,1.38170,1.96942,222.39883,1.94513,73.32338,0.10027,1.99989,5.07882,0.19525,0.14841,0.50112
127.15000,7.06211,1.28331,1.97014,222.49720,1.94617,73.58275,0.10026,1.99989,5.09844,0.19530,0.14811,0.50148
127.20000,7.06631,1.18488,1.97084,222.59565,1.94720,73.85782,0.10025,1.99990,5.11761,0.19536,0.14781,0.50181
127.25000,7.07029,1.08640,1.97153,222.69412,1.95089,73.20404,0.10019,1.99990,5.30725,0.19584,0.15461,0.50784
127.30000,7.07419,0.98788,1.97218,222.79270,1.95160,73.42160,0.10019,1.99990,5.32533,0.19587,0.15410,0.50832
127.35000,7.07814,0.88934,1.97281,222.89162,1.95234,73.66344,0.10018,1.99990,5.34294,0.19590,0.15364,0.50872
127.40000,7.08228,0.79077,1.97340,222.99086,1.95307,73.91957,0.10017,1.99990,5.35980,0.19594,0.15323,0.50906
127.45000,7.08675,0.69219,1.97395,223.09003,1.95379,74.18196,0.10017,1.99990,5.37570,0.19597,0.15284,0.50937
127.50000,7.09170,0.59360,1.97447,223.18901,1.95684,73.50666,0.10013,1.99990,5.57459,0.19638,0.15979,0.51470
127.55000,7.09726,0.49502,1.97495,223.28792,1.95726,73.68591,0.10013,1.99990,5.58820,0.19639,0.15923,0.51510
127.60000,7.10357,0.39647,1.97539,223.38683,1.95769,73.87948,0.10012,1.99990,5.60123,0.19641,0.15873,0.51544
127.65000,7.11077,0.29795,1.97580,223.48576,1.95812,74.07865,0.10012,1.99990,5.61370,0.19642,0.15826,0.51572
127.70000,7.11900,0.19949,1.97616,223.58473,1.95853,74.27694,0.10012,1.99991,5.62566,0.19644,0.15780,0.51597
127.75000,7.12839,0.10112,1.97649,223.68373,1.95891,74.46957,0.10011,1.99991,5.63716,0.19646,0.15735,0.51619
127.80000,7.13907,0.00287,1.97678,223.78277,1.95925,74.65301,0.10011,1.99991,5.64820,0.19647,0.15689,0.51638
127.85000,7.15117,-0.09523,1.97704,223.88185,1.95957,74.82498,0.10011,1.99991,5.65875,0.19648,0.15644,0.51656
127.90000,7.16481,-0.19314,1.97727,223.98095,1.95985,74.98444,0.10010,1.99991,5.66875,0.19649,0.15599,0.51673
127.95000,7.18012,-0.29082,1.97746,224.08008,1.96011,75.13145,0.10010,1.99991,5.67817,0.19650,0.15554,0.51688
128.00000,7.19721,-0.38820,1.97761,224.17923,1.96032,75.26679,0.10010,1.99991,5.68707,0.19651,0.15508,0.51703
128.05000,7.21619,-0.48525,1.97774,224.27840,1.96050,75.39135,0.10010,1.99991,5.69556,0.19652,0.15460,0.51717
128.10000,7.23717,-0.58189,1.97785,224.37758,1.96065,75.50579,0.10010,1.99991,5.70377,0.19652,0.15409,0.51731
128.15000,7.26023,-0.67805,1.97792,224.47676,1.96077,75.61055,0.10009,1.99991,5.71176,0.19652,0.15356,0.51744
128.20000,7.28547,-0.77367,1.97797,224.57594,1.96085,75.70628,0.10009,1.99991,5.71958,0.19652,0.15302,0.51757
128.25000,7.31296,-0.86867,1.97800,224.67512,1.96092,75.79427,0.10009,1.99991,5.72719,0.19652,0.15245,0.51769
128.30000,7.34279,-0.96297,1.97801,224.77429,1.96096,75.87645,0.10009,1.99991,5.73454,0.19651,0.15188,0.51782
128.35000,7.37501,-1.05647,1.97800,224.87344,1.96099,75.95476,0.10009,1.99991,5.74150,0.19651,0.15129,0.51794
128.40000,7.40968,-1.14909,1.97798,224.97258,1.96099,76.03034,0.10009,1.99991,5.74798,0.19650,0.15070,0.51807
128.45000,7.44684,-1.24074,1.97794,225.07170,1.96098,76.10332,0.10009,1.99991,5.75392,0.19649,0.15010,0.51819
128.50000,7.48653,-1.33132,1.97789,225.17080,1.96095,76.17317,0.10008,1.99991,5.75937,0.19648,0.14950,0.51831
128.55000,7.52878,-1.42073,1.97783,225.26987,1.96090,76.23937,0.10008,1.99991,5.76444,0.19647,0.14888,0.51843
128.60000,7.57361,-1.50887,1.97776,225.36893,1.96083,76.30177,0.10008,1.99991,5.76923,0.19646,0.14827,0.51854
128.65000,7.62102,-1.59564,1.97769,225.46795,1.96074,76.36084,0.10008,1.99991,5.77383,0.19645,0.14764,0.51865
128.70000,7.67102,-1.68095,1.97761,225.56695,1.96064,76.41755,0.10008,1.99991,5.77824,0.19643,0.14702,0.51876
128.75000,7.72360,-1.76469,1.97753,225.66593,1.96052,76.47280,0.10008,1.99991,5.78238,0.19642,0.14640,0.51887
128.80000,7.77874,-1.84675,1.97744,225.76489,1.96039,76.52672,0.10008,1.99991,5.78620,0.19640,0.14578,0.51897
128.85000,7.83642,-1.92705,1.97736,225.86382,1.96024,76.57836,0.10008,1.99991,5.78966,0.19639,0.14515,0.51908
128.90000,7.89661,-2.00548,1.97728,225.96272,1.96007,76.62622,0.10008,1.99991,5.79280,0.19637,0.14452,0.51917
128.95000,7.95926,-2.08195,1.97721,226.06161,1.95988,76.66895,0.10008,1.99991,5.79571,0.19635,0.14388,0.51927
129.00000,8.02434,-2.15636,1.97714,226.16046,1.95966,76.70595,0.10008,1.99992,5.79846,0.19633,0.14323,0.51936
129.05000,8.09177,-2.22864,1.97709,226.25929,1.95941,76.73748,0.10008,1.99992,5.80115,0.19631,0.14257,0.51945
129.10000,8.16151,-2.29869,1.97704,226.35810,1.95915,76.76443,0.10008,1.99992,5.80387,0.19629,0.14190,0.51953
129.15000,8.23348,-2.36645,1.97700,226.45690,1.95886,76.78766,0.10007,1.99992,5.80673,0.19627,0.14121,0.51961
129.20000,8.30761,-2.43183,1.97698,226.55567,1.95855,76.80739,0.10007,1.99992,5.80981,0.19624,0.14050,0.51970
129.25000,8.38382,-2.49478,1.97697,226.65442,1.95822,76.82299,0.10007,1.99992,5.81316,0.19622,0.13977,0.51978
129.30000,8.46202,-2.55523,1.97698,226.75315,1.95785,76.83343,0.10007,1.99992,5.81678,0.19619,0.13900,0.51985
129.35000,8.54213,-2.61314,1.97701,226.85187,1.95746,76.83791,0.10007,1.99992,5.82065,0.19616,0.13821,0.51993
129.40000,8.62406,-2.66845,1.97706,226.95056,1.95703,76.83634,0.10007,1.99992,5.82476,0.19613,0.13740,0.52001
129.45000,8.70770,-2.72112,1.97712,227.04924,1.95657,76.82934,0.10007,1.99992,5.82914,0.19609,0.13656,0.52009
129.50000,8.79297,-2.77114,1.97721,227.14791,1.95609,76.81785,0.10007,1.99992,5.83382,0.19606,0.13570,0.52016
129.55000,8.87976,-2.81847,1.97732,227.24656,1.95557,76.80282,0.10007,1.99992,5.83885,0.19602,0.13481,0.52024
129.60000,8.96798,-2.86310,1.97746,227.34520,1.95508,76.79025,0.10007,1.99992,5.83972,0.19597,0.13390,0.52036
129.65000,9.05753,-2.90501,1.97761,227.44383,1.95452,76.77116,0.10007,1.99992,5.84528,0.19593,0.13298,0.52044
129.70000,9.14831,-2.94422,1.97779,227.54245,1.95392,76.75054,0.10007,1.99991,5.85100,0.19589,0.13204,0.52052
129.75000,9.24021,-2.98072,1.97800,227.64107,1.95330,76.72837,0.10007,1.99991,5.85676,0.19584,0.13110,0.52060
129.80000,9.33316,-3.01453,1.97822,227.73968,1.95265,76.70458,0.10007,1.99991,5.86242,0.19580,0.13015,0.52067
129.85000,9.42705,-3.04566,1.97848,227.83830,1.95198,76.67942,0.10007,1.99991,5.86787,0.19575,0.12922,0.52075
129.90000,9.52179,-3.07414,1.97875,227.93692,1.95129,76.65354,0.10007,1.99991,5.87304,0.19570,0.12829,0.52082
129.95000,9.61729,-3.09998,1.97905,228.03556,1.94797,77.51620,0.10008,1.99991,5.68050,0.19521,0.12196,0.51657
130.00000,9.71348,-3.12322,1.97937,228.13420,1.94750,77.57335,0.10008,1.99991,5.68517,0.19518,0.12129,0.51650
130.05000,9.81027,-3.14390,1.97972,228.23285,1.94694,77.60764,0.10008,1.99991,5.68893,0.19514,0.12058,0.51648
130.10000,9.90759,-3.16205,1.98009,228.33152,1.94630,77.62610,0.10008,1.99992,5.69168,0.19510,0.11986,0.51649
130.15000,10.00535,-3.17772,1.98049,228.43020,1.94562,77.63290,0.10008,1.99992,5.69338,0.19505,0.11916,0.51652
130.20000,10.10349,-3.19096,1.98091,228.52891,1.94200,78.49624,0.10010,1.99991,5.50437,0.19450,0.11381,0.51173
130.25000,10.20195,-3.20181,1.98135,228.62764,1.94152,78.56370,0.10010,1.99991,5.50458,0.19447,0.11335,0.51161
130.30000,10.30066,-3.21031,1.98183,228.72640,1.94092,78.60108,0.10010,1.99992,5.50344,0.19443,0.11287,0.51154
130.35000,10.39957,-3.21654,1.98233,228.82518,1.94024,78.61767,0.10010,1.99992,5.50096,0.19439,0.11240,0.51151
130.40000,10.49861,-3.22053,1.98286,228.92399,1.93951,78.61932,0.10010,1.99992,5.49710,0.19434,0.11196,0.51150
130.45000,10.59775,-3.22231,1.98343,229.02284,1.93552,79.44588,0.10012,1.99991,5.31134,0.19371,0.10750,0.50616
130.50000,10.69694,-3.22192,1.98407,229.12173,1.93503,79.49458,0.10012,1.99991,5.30536,0.19368,0.10729,0.50598
130.55000,10.79612,-3.21941,1.98476,229.22065,1.93443,79.50976,0.10012,1.99992,5.29754,0.19364,0.10710,0.50585
130.60000,10.89543,-3.21506,1.99185,229.32038,1.93377,79.49989,0.10012,1.99991,5.28801,0.19360,0.10695,0.50575
130.65000,10.99489,-3.20921,1.99283,229.41931,1.93314,79.46510,0.10012,1.99991,5.27658,0.19356,0.10686,0.50567
130.70000,11.09421,-3.20102,1.99361,229.51857,1.92890,80.22978,0.10015,1.99991,5.09294,0.19286,0.10322,0.49974
130.75000,11.19339,-3.19087,1.99446,229.61795,1.92854,80.23447,0.10016,1.99991,5.07863,0.19284,0.10336,0.49945
130.80000,11.29241,-3.17888,1.99535,229.71742,1.92811,80.20613,0.10016,1.99991,5.06225,0.19281,0.10355,0.49921
130.85000,11.39125,-3.16514,1.99627,229.81695,1.92769,80.15312,0.10016,1.99991,5.04375,0.19279,0.10384,0.49898
130.90000,11.48989,-3.14975,1.99721,229.91655,1.92731,80.08070,0.10017,1.99991,5.02306,0.19277,0.10424,0.49874
130.95000,11.58833,-3.13282,1.99816,230.01623,1.92308,80.77241,0.10022,1.99991,4.84567,0.19203,0.10133,0.49209
131.00000,11.68655,-3.11443,1.99912,230.11596,1.92315,80.72214,0.10023,1.99991,4.82212,0.19205,0.10199,0.49161
131.05000,11.78456,-3.09468,2.00009,230.21575,1.92327,80.64258,0.10024,1.99991,4.79565,0.19207,0.10278,0.49116
131.10000,11.88236,-3.07367,2.00106,230.31560,1.92348,80.54253,0.10025,1.99990,4.76635,0.19210,0.10374,0.49070
131.15000,11.97994,-3.05148,2.00202,230.41552,1.92386,80.42683,0.10026,1.99990,4.73431,0.19214,0.10491,0.49023
131.20000,12.07733,-3.02822,2.00298,230.51549,1.92441,80.29765,0.10028,1.99990,4.69971,0.19220,0.10630,0.48973
131.25000,12.17452,-3.00397,2.00392,230.61553,1.92515,80.15615,0.10030,1.99990,4.66294,0.19227,0.10795,0.48918
131.30000,12.27153,-2.97882,2.00484,230.71563,1.92608,80.00360,0.10032,1.99990,4.62436,0.19235,0.10988,0.48859
131.35000,12.36837,-2.95284,2.00574,230.81580,1.92719,79.84159,0.10035,1.99989,4.58464,0.19245,0.11208,0.48795
131.40000,12.46506,-2.92614,2.00660,230.91604,1.92844,79.67112,0.10038,1.99989,4.54445,0.19256,0.11456,0.48728
131.45000,12.56161,-2.89878,2.00743,231.01639,1.92980,79.49207,0.10041,1.99989,4.50462,0.19267,0.11729,0.48656
131.50000,12.65803,-2.87084,2.00821,231.11694,1.93122,79.30370,0.10044,1.99989,4.46623,0.19280,0.12022,0.48582
131.55000,12.75435,-2.84239,2.00893,231.21775,1.93265,79.10539,0.10048,1.99988,4.43042,0.19292,0.12328,0.48506
131.60000,12.85057,-2.81351,2.00960,231.31858,1.93404,78.89697,0.10052,1.99988,4.39824,0.19304,0.12639,0.48430
131.65000,12.94672,-2.78427,2.01021,231.41917,1.93533,78.67929,0.10056,1.99988,4.37069,0.19316,0.12941,0.48354
131.70000,13.04280,-2.75473,2.01072,231.51966,1.94640,78.08348,0.10047,1.99987,4.70121,0.19321,0.13556,0.48421
131.75000,13.13884,-2.72495,2.01117,231.62018,1.94751,77.83944,0.10049,1.99987,4.68640,0.19333,0.13867,0.48332
131.80000,13.23484,-2.69499,2.01156,231.72073,1.94845,77.58799,0.10052,1.99987,4.67742,0.19343,0.14130,0.48254
131.85000,13.33083,-2.66493,2.01188,231.82129,1.94925,77.33039,0.10053,1.99987,4.67479,0.19352,0.14346,0.48183
131.90000,13.42681,-2.63480,2.01213,231.92186,1.94994,77.06706,0.10055,1.99987,4.67879,0.19361,0.14520,0.48120
131.95000,13.52281,-2.60467,2.01232,232.02246,1.95830,76.40800,0.10044,1.99987,5.10793,0.19363,0.15031,0.48205
132.00000,13.61883,-2.57459,2.01244,232.12306,1.95893,76.12349,0.10044,1.99987,5.13361,0.19372,0.15180,0.48133
132.05000,13.71487,-2.54459,2.01250,232.22366,1.95949,75.84290,0.10044,1.99987,5.16488,0.19380,0.15281,0.48073
132.10000,13.81096,-2.51473,2.01250,232.32427,1.96002,75.57460,0.10044,1.99987,5.20155,0.19389,0.15344,0.48022
132.15000,13.90710,-2.48502,2.01245,232.42489,1.96673,74.91770,0.10034,1.99987,5.74845,0.19391,0.15766,0.48122
132.20000,14.00330,-2.45551,2.01235,232.52550,1.96728,74.67965,0.10033,1.99987,5.80666,0.19400,0.15821,0.48066
132.25000,14.09955,-2.42620,2.01220,232.62609,1.96780,74.48504,0.10032,1.99988,5.86623,0.19409,0.15838,0.48023
132.30000,14.19586,-2.39712,2.01200,232.72668,1.96833,74.34927,0.10031,1.99988,5.92626,0.19418,0.15828,0.47992
132.35000,14.29222,-2.36826,2.01175,232.82725,1.96887,74.28639,0.10030,1.99988,5.98556,0.19426,0.15796,0.47974
132.40000,14.38864,-2.33961,2.01148,232.92781,1.97423,73.88783,0.10022,1.99988,6.45893,0.19429,0.16138,0.48111
132.45000,14.48509,-2.31115,2.01117,233.02834,1.97477,73.98348,0.10021,1.99989,6.50525,0.19438,0.16113,0.48097
132.50000,14.58158,-2.28285,2.01083,233.12886,1.97531,74.17762,0.10020,1.99989,6.54664,0.19446,0.16060,0.48100
132.55000,14.67807,-2.25465,2.01044,233.22934,1.97585,74.47069,0.10019,1.99989,6.58341,0.19454,0.15986,0.48119
132.60000,14.77456,-2.22649,2.01001,233.32980,1.97639,74.85255,0.10018,1.99989,6.61588,0.19461,0.15897,0.48151
132.65000,14.87101,-2.19828,2.00958,233.43024,1.98055,74.89383,0.10013,1.99989,7.08376,0.19462,0.16183,0.48339
132.70000,14.96739,-2.16992,2.00911,233.53064,1.98103,75.39030,0.10012,1.99989,7.11264,0.19469,0.16112,0.48372
132.75000,15.06366,-2.14126,2.00861,233.63101,1.98149,75.92551,0.10011,1.99989,7.13658,0.19476,0.16023,0.48418
132.80000,15.15976,-2.11213,2.00806,233.73133,1.98191,76.47645,0.10011,1.99990,7.15644,0.19481,0.15925,0.48472
132.85000,15.25563,-2.08236,2.00747,233.83161,1.98231,77.01980,0.10010,1.99990,7.17285,0.19487,0.15826,0.48529
132.90000,15.35119,-2.05172,2.00681,233.93184,1.98267,77.53474,0.10009,1.99990,7.18627,0.19491,0.15730,0.48586
132.95000,15.44635,-2.01995,2.00608,234.03200,1.98299,78.00492,0.10009,1.99990,7.19704,0.19495,0.15641,0.48641
133.00000,15.54099,-1.98676,2.00528,234.13209,1.98326,78.42016,0.10009,1.99990,7.20552,0.19498,0.15559,0.48692
133.05000,15.63495,-1.95185,2.00437,234.23208,1.98349,78.77689,0.10008,1.99990,7.21209,0.19500,0.15486,0.48738
133.10000,15.72807,-1.91487,2.00332,234.33197,1.98367,79.07657,0.10008,1.99990,7.21712,0.19502,0.15419,0.48779
133.15000,15.82012,-1.87544,2.00212,234.43172,1.98382,79.32270,0.10008,1.99990,7.22105,0.19503,0.15358,0.48815
133.20000,15.91084,-1.83321,2.00077,234.53133,1.98393,79.52085,0.10007,1.99990,7.22435,0.19503,0.15300,0.48847
133.25000,15.99994,-1.78782,1.99923,234.63078,1.98400,79.67726,0.10007,1.99990,7.22749,0.19503,0.15242,0.48875
133.30000,16.08706,-1.73891,1.99745,234.73003,1.98405,79.79924,0.10007,1.99990,7.23089,0.19502,0.15182,0.48900
133.35000,16.17179,-1.68613,1.99543,234.82908,1.98405,79.89405,0.10007,1.99991,7.23505,0.19501,0.15116,0.48924
133.40000,16.25364,-1.62919,1.99317,234.92792,1.98403,79.96807,0.10007,1.99991,7.24049,0.19499,0.15042,0.48945
133.45000,16.33208,-1.56784,1.99066,235.02652,1.98398,80.02661,0.10007,1.99991,7.24768,0.19497,0.14956,0.48967
133.50000,16.40655,-1.50191,1.98788,235.12489,1.98390,80.07401,0.10007,1.99991,7.25705,0.19495,0.14855,0.48988
133.55000,16.47640,-1.43132,1.98484,235.22302,1.98378,80.11374,0.10007,1.99991,7.26906,0.19492,0.14736,0.49011
133.60000,16.54097,-1.35608,1.98157,235.32091,1.98363,80.14851,0.10006,1.99991,7.28414,0.19488,0.14596,0.49035
133.65000,16.59957,-1.27632,1.97807,235.41859,1.98344,80.18048,0.10006,1.99991,7.30265,0.19484,0.14433,0.49061
133.70000,16.65153,-1.19230,1.97439,235.51606,1.98320,80.21145,0.10006,1.99991,7.32479,0.19479,0.14244,0.49091
133.75000,16.69617,-1.10438,1.97055,235.61332,1.98291,80.24288,0.10006,1.99991,7.35050,0.19474,0.14030,0.49125
133.80000,16.73289,-1.01308,1.96660,235.71042,1.98258,80.27598,0.10006,1.99991,7.37938,0.19467,0.13795,0.49163
133.85000,16.76112,-0.91902,1.96260,235.80739,1.98221,80.31161,0.10005,1.99991,7.41069,0.19460,0.13544,0.49205
133.90000,16.78042,-0.82294,1.95860,235.90422,1.98181,80.35040,0.10005,1.99992,7.44355,0.19452,0.13283,0.49251
133.95000,16.79045,-0.72566,1.95465,236.00087,1.98137,80.39287,0.10005,1.99992,7.47703,0.19444,0.13021,0.49301
134.00000,16.79100,-0.62806,1.95079,236.09739,1.98092,80.43956,0.10005,1.99992,7.51029,0.19435,0.12762,0.49353
134.05000,16.78198,-0.53107,1.94706,236.19385,1.98044,80.49111,0.10004,1.99992,7.54260,0.19426,0.12511,0.49407
134.10000,16.76349,-0.43562,1.94353,236.29020,1.97995,80.54816,0.10004,1.99992,7.57325,0.19417,0.12270,0.49462
134.15000,16.73571,-0.34262,1.94022,236.38640,1.97946,80.61137,0.10004,1.99992,7.60147,0.19407,0.12044,0.49517
134.20000,16.69901,-0.25295,1.93713,236.48250,1.97897,80.68139,0.10004,1.99992,7.62646,0.19397,0.11836,0.49572
134.25000,16.65383,-0.16740,1.93430,236.57855,1.97848,80.75898,0.10004,1.99992,7.64744,0.19388,0.11648,0.49626
134.30000,16.60073,-0.08669,1.93175,236.67443,1.97801,80.84502,0.10003,1.99993,7.66377,0.19378,0.11480,0.49678
134.35000,16.54035,-0.01142,1.92946,236.77010,1.97755,80.94054,0.10003,1.99993,7.67495,0.19368,0.11333,0.49729
134.40000,16.47337,0.05789,1.92737,236.86566,1.97293,81.40703,0.10004,1.99993,7.26213,0.19366,0.10991,0.49648
134.45000,16.40052,0.12085,1.92557,236.96112,1.97241,81.54762,0.10004,1.99993,7.25845,0.19356,0.10866,0.49711
134.50000,16.32254,0.17719,1.92402,237.05641,1.97191,81.69451,0.10004,1.99993,7.25026,0.19345,0.10763,0.49767
134.55000,16.24016,0.22675,1.92270,237.15151,1.97151,81.85844,0.10004,1.99993,7.22671,0.19331,0.10674,0.49839
134.60000,16.15410,0.26945,1.92156,237.24647,1.97102,82.01197,0.10004,1.99993,7.20863,0.19320,0.10601,0.49887
134.65000,16.06503,0.30531,1.92058,237.34131,1.96514,82.50311,0.10005,1.99993,6.74880,0.19316,0.10357,0.49804
134.70000,15.97357,0.33443,1.91980,237.43603,1.96450,82.66043,0.10005,1.99993,6.71937,0.19304,0.10290,0.49857
134.75000,15.88030,0.35696,1.91916,237.53065,1.96386,82.79779,0.10005,1.99993,6.68918,0.19292,0.10239,0.49901
134.80000,15.78575,0.37312,1.91866,237.62518,1.96319,82.90991,0.10005,1.99993,6.65834,0.19279,0.10197,0.49937
134.85000,15.69038,0.38318,1.91827,237.71966,1.96248,82.99150,0.10005,1.99992,6.62722,0.19266,0.10164,0.49965
134.90000,15.59458,0.38742,1.91799,237.81409,1.95474,83.36272,0.10007,1.99993,6.16405,0.19261,0.09972,0.49860
134.95000,15.49871,0.38615,1.91782,237.90848,1.95368,83.38250,0.10007,1.99992,6.13146,0.19246,0.09931,0.49889
135.00000,15.40306,0.37972,1.91772,238.00288,1.95254,83.35208,0.10007,1.99992,6.10249,0.19231,0.09897,0.49906
135.05000,15.30785,0.36845,1.91769,238.09728,1.95127,83.26725,0.10007,1.99992,6.07729,0.19214,0.09865,0.49914
135.10000,15.21328,0.35268,1.91774,238.19173,1.94988,83.12733,0.10007,1.99992,6.05600,0.19197,0.09834,0.49914
135.15000,15.11950,0.33273,1.91788,238.28623,1.94833,82.93612,0.10008,1.99992,6.03877,0.19179,0.09800,0.49908
135.20000,15.02661,0.30894,1.91811,238.38081,1.93696,83.02684,0.10010,1.99992,5.49881,0.19168,0.09619,0.49768
135.25000,14.93467,0.28166,1.91841,238.47548,1.93463,82.77282,0.10010,1.99992,5.48340,0.19147,0.09562,0.49767
135.30000,14.84371,0.25120,1.91876,238.57025,1.93211,82.48894,0.10011,1.99992,5.47577,0.19125,0.09505,0.49758
135.35000,14.75374,0.21789,1.91915,238.66514,1.92938,82.18184,0.10011,1.99992,5.47542,0.19102,0.09443,0.49745
135.40000,14.66473,0.18201,1.91958,238.76014,1.92643,81.85871,0.10011,1.99992,5.48179,0.19078,0.09376,0.49731
135.45000,14.57664,0.14388,1.92004,238.85526,1.90961,81.86713,0.10015,1.99992,5.01879,0.19060,0.09186,0.49591
135.50000,14.48942,0.10374,1.92052,238.95051,1.90543,81.55101,0.10015,1.99992,5.02915,0.19032,0.09102,0.49591
135.55000,14.40300,0.06186,1.92098,239.04588,1.91610,80.90183,0.10012,1.99991,5.52089,0.18995,0.09131,0.49717
135.60000,14.31731,0.01847,1.92143,239.14137,1.91262,80.59651,0.10012,1.99991,5.54787,0.18969,0.09065,0.49698
135.65000,14.23225,-0.02623,1.92187,239.23697,1.90913,80.31289,0.10012,1.99991,5.57440,0.18944,0.09001,0.49683
135.70000,14.14776,-0.07201,1.92229,239.33266,1.90569,80.05564,0.10012,1.99991,5.59881,0.18919,0.08942,0.49671
135.75000,14.06374,-0.11870,1.92269,239.42845,1.90239,79.82791,0.10012,1.99991,5.61949,0.18896,0.08890,0.49660
135.80000,13.98011,-0.16614,1.92305,239.52432,1.91449,79.26393,0.10009,1.99991,6.13720,0.18864,0.08943,0.49781
135.85000,13.89680,-0.21416,1.92338,239.62026,1.91219,79.07964,0.10010,1.99991,6.14980,0.18846,0.08917,0.49759
135.90000,13.81373,-0.26263,1.92368,239.71627,1.91003,78.92815,0.10010,1.99991,6.15595,0.18829,0.08896,0.49742
135.95000,13.73083,-0.31142,1.92395,239.81235,1.90802,78.80981,0.10010,1.99991,6.15620,0.18813,0.08881,0.49726
136.00000,13.64804,-0.36041,1.92418,239.90847,1.90616,78.72478,0.10010,1.99991,6.15101,0.18799,0.08871,0.49713
136.05000,13.56529,-0.40951,1.92437,240.00462,1.90442,78.67367,0.10010,1.99991,6.14076,0.18786,0.08865,0.49700
136.10000,13.48255,-0.45862,1.92452,240.10082,1.91739,78.26815,0.10008,1.99990,6.55693,0.18761,0.08958,0.49823
136.15000,13.39976,-0.50767,1.92462,240.19721,1.91610,78.25493,0.10008,1.99990,6.54142,0.18748,0.08969,0.49803
136.20000,13.31688,-0.55658,1.92468,240.29375,1.91474,78.26845,0.10009,1.99990,6.52044,0.18735,0.08978,0.49788
136.25000,13.23388,-0.60528,1.92469,240.39028,1.91332,78.29928,0.10009,1.99989,6.49506,0.18721,0.08988,0.49776
136.30000,13.15073,-0.65372,1.92465,240.48669,1.91182,78.33439,0.10009,1.99989,6.46651,0.18707,0.08998,0.49763
136.35000,13.06740,-0.70185,1.92456,240.58300,1.92369,77.96133,0.10008,1.99988,6.87430,0.18677,0.09111,0.49885
136.40000,12.98386,-0.74961,1.92444,240.67924,1.92226,77.93308,0.10008,1.99988,6.84707,0.18660,0.09133,0.49861
136.45000,12.90011,-0.79697,1.92426,240.77545,1.92073,77.87525,0.10008,1.99988,6.81952,0.18643,0.09154,0.49836
136.50000,12.81610,-0.84387,1.92404,240.87165,1.91913,77.77731,0.10009,1.99987,6.79311,0.18626,0.09175,0.49809
136.55000,12.73184,-0.89027,1.92376,240.96782,1.91747,77.62778,0.10009,1.99987,6.76883,0.18610,0.09197,0.49777
136.60000,12.64730,-0.93614,1.92346,241.06398,1.92829,77.00132,0.10007,1.99986,7.18382,0.18577,0.09332,0.49878
136.65000,12.56246,-0.98142,1.92311,241.16011,1.92666,76.68135,0.10008,1.99986,7.16874,0.18559,0.09368,0.49827
136.70000,12.47731,-1.02605,1.92272,241.25620,1.92491,76.29440,0.10008,1.99985,7.15643,0.18543,0.09403,0.49770
136.75000,12.39181,-1.06999,1.92228,241.35226,1.92312,75.84707,0.10009,1.99985,7.14528,0.18526,0.09439,0.49710
136.80000,12.30594,-1.11314,1.92179,241.44828,1.92128,75.34785,0.10009,1.99984,7.13588,0.18510,0.09476,0.49646
136.85000,12.21967,-1.15542,1.92124,241.54425,1.91942,74.81226,0.10010,1.99984,7.12799,0.18494,0.09514,0.49579
136.90000,12.13296,-1.19673,1.92065,241.64016,1.91759,74.26108,0.10011,1.99984,7.12148,0.18480,0.09552,0.49511
136.95000,12.04576,-1.23691,1.91999,241.73601,1.91582,73.71678,0.10011,1.99983,7.11623,0.18467,0.09589,0.49444
137.00000,11.95801,-1.27580,1.91927,241.83178,1.91417,73.19921,0.10012,1.99983,7.11213,0.18455,0.09625,0.49380
137.05000,11.86964,-1.31318,1.91847,241.92747,1.91268,72.72377,0.10012,1.99983,7.10896,0.18445,0.09659,0.49320
137.10000,11.78061,-1.34882,1.91758,242.02306,1.91137,72.30188,0.10013,1.99983,7.10650,0.18437,0.09690,0.49266
137.15000,11.69084,-1.38242,1.91658,242.11852,1.91028,71.94091,0.10013,1.99982,7.10436,0.18431,0.09720,0.49218
137.20000,11.60027,-1.41365,1.91544,242.21386,1.90943,71.64321,0.10014,1.99982,7.10223,0.18428,0.09749,0.49176
137.25000,11.50886,-1.44209,1.91412,242.30903,1.90882,71.40567,0.10014,1.99982,7.09969,0.18426,0.09779,0.49139
137.30000,11.41658,-1.46732,1.91266,242.40403,1.90847,71.22119,0.10015,1.99982,7.09593,0.18427,0.09810,0.49108
137.35000,11.32346,-1.48891,1.91098,242.49884,1.90838,71.08059,0.10015,1.99982,7.09015,0.18430,0.09847,0.49080
137.40000,11.22957,-1.50634,1.90904,242.59344,1.90858,70.97460,0.10015,1.99982,7.08146,0.18436,0.09892,0.49055
137.45000,11.13503,-1.51909,1.90683,242.68780,1.90908,70.89536,0.10016,1.99981,7.06871,0.18444,0.09950,0.49030
137.50000,11.04005,-1.52662,1.90436,242.78192,1.90994,70.83613,0.10016,1.99981,7.05059,0.18456,0.10026,0.49005
137.55000,10.94493,-1.52839,1.90159,242.87579,1.91121,70.79146,0.10017,1.99981,7.02555,0.18472,0.10127,0.48978
137.60000,10.85004,-1.52390,1.89851,242.96941,1.91295,70.75704,0.10017,1.99981,6.99185,0.18493,0.10263,0.48946
137.65000,10.75588,-1.51268,1.89514,243.06277,1.91523,70.72952,0.10018,1.99980,6.94763,0.18520,0.10446,0.48910
137.70000,10.66303,-1.49431,1.89150,243.15589,1.91785,70.69188,0.10020,1.99980,6.90132,0.18559,0.10691,0.48844
137.75000,10.57217,-1.46848,1.88760,243.24877,1.92121,70.66757,0.10022,1.99980,6.83447,0.18600,0.11011,0.48786
137.80000,10.48407,-1.43497,1.88350,243.34143,1.92504,70.64404,0.10024,1.99979,6.75554,0.18646,0.11418,0.48719
137.85000,10.39956,-1.39371,1.87924,243.43390,1.92919,70.61997,0.10027,1.99978,6.66661,0.18697,0.11919,0.48643
137.90000,10.31951,-1.34477,1.87488,243.52620,1.93344,70.59547,0.10030,1.99978,6.57130,0.18750,0.12507,0.48560
137.95000,10.24480,-1.28837,1.87049,243.61834,1.93758,70.56891,0.10034,1.99977,6.47444,0.18803,0.13163,0.48474
138.00000,10.17630,-1.22490,1.86614,243.71030,1.94143,70.53954,0.10038,1.99977,6.38090,0.18852,0.13852,0.48387
138.05000,10.11481,-1.15491,1.86189,243.80213,1.94488,70.50612,0.10042,1.99976,6.29484,0.18898,0.14535,0.48302
138.10000,10.06105,-1.07908,1.85780,243.89384,1.94786,70.46517,0.10047,1.99976,6.21930,0.18938,0.15178,0.48223
138.15000,10.01563,-0.99821,1.85395,243.98544,1.95039,70.41295,0.10051,1.99975,6.15597,0.18972,0.15756,0.48149
138.20000,9.97901,-0.91319,1.85038,244.07685,1.95251,70.34452,0.10054,1.99975,6.10559,0.19002,0.16254,0.48082
138.25000,9.95150,-0.82498,1.84724,244.16812,1.94888,69.74935,0.10058,1.99976,5.74356,0.19127,0.17065,0.48576
138.30000,9.93324,-0.73456,1.84429,244.25933,1.95033,69.59961,0.10061,1.99976,5.70708,0.19145,0.17366,0.48552
138.35000,9.92427,-0.64290,1.84166,244.35039,1.95140,69.40288,0.10062,1.99976,5.70688,0.19168,0.17624,0.48486
138.40000,9.92447,-0.55091,1.83940,244.44120,1.95252,69.18456,0.10064,1.99977,5.70811,0.19185,0.17827,0.48444
138.45000,9.93358,-0.45948,1.83745,244.53179,1.95355,68.91077,0.10064,1.99977,5.72666,0.19202,0.17988,0.48397
138.50000,9.95124,-0.36941,1.83577,244.62228,1.95453,68.57108,0.10064,1.99978,5.76327,0.19219,0.18111,0.48344
138.55000,9.97701,-0.28138,1.83452,244.71266,1.95017,67.62840,0.10064,1.99979,5.48580,0.19315,0.18593,0.48840
138.60000,10.01035,-0.19600,1.83335,244.80288,1.95101,67.09724,0.10063,1.99980,5.54746,0.19330,0.18603,0.48817
138.65000,10.05074,-0.11377,1.83244,244.89292,1.95194,66.52314,0.10061,1.99981,5.62639,0.19346,0.18608,0.48778
138.70000,10.09760,-0.03509,1.83175,244.98285,1.95294,65.92442,0.10059,1.99982,5.71916,0.19363,0.18601,0.48731
138.75000,10.15034,0.03973,1.83125,245.07270,1.95397,65.33425,0.10056,1.99982,5.82153,0.19380,0.18579,0.48682
138.80000,10.20836,0.11053,1.83100,245.16247,1.94957,64.23999,0.10054,1.99984,5.58787,0.19458,0.18917,0.49180
138.85000,10.27106,0.17719,1.83081,245.25220,1.95027,63.72546,0.10052,1.99985,5.69255,0.19471,0.18796,0.49165
138.90000,10.33791,0.23969,1.83076,245.34189,1.95119,63.38422,0.10049,1.99985,5.78620,0.19483,0.18672,0.49166
138.95000,10.40839,0.29807,1.83080,245.43159,1.95220,63.23475,0.10046,1.99986,5.87557,0.19494,0.18540,0.49174
139.00000,10.48202,0.35244,1.83093,245.52130,1.95331,63.30536,0.10043,1.99986,5.95923,0.19505,0.18393,0.49196
139.05000,10.55835,0.40297,1.83112,245.61106,1.95454,63.61875,0.10039,1.99987,6.02724,0.19515,0.18225,0.49236
139.10000,10.63698,0.44986,1.83141,245.70089,1.95052,63.62173,0.10036,1.99988,5.75638,0.19573,0.18404,0.49814
139.15000,10.71754,0.49339,1.83171,245.79081,1.95186,64.37821,0.10032,1.99988,5.81262,0.19580,0.18114,0.49932
139.20000,10.79971,0.53383,1.83203,245.88087,1.95345,65.38431,0.10029,1.99988,5.86799,0.19588,0.17825,0.50055
139.25000,10.88322,0.57148,1.83236,245.97107,1.95520,66.58481,0.10025,1.99989,5.92223,0.19597,0.17536,0.50181
139.30000,10.96781,0.60667,1.83270,246.06145,1.95702,67.90647,0.10022,1.99989,5.97488,0.19605,0.17250,0.50309
139.35000,11.05327,0.63975,1.83305,246.15200,1.95369,68.71078,0.10019,1.99990,5.68076,0.19654,0.17334,0.50878
139.40000,11.13940,0.67110,1.83336,246.24278,1.95520,69.97644,0.10017,1.99990,5.71684,0.19659,0.16990,0.51025
139.45000,11.22603,0.70107,1.83364,246.33377,1.95661,71.17085,0.10015,1.99990,5.75178,0.19664,0.16690,0.51150
139.50000,11.31303,0.73002,1.83388,246.42501,1.95787,72.24931,0.10013,1.99990,5.78468,0.19668,0.16427,0.51255
139.55000,11.40025,0.75833,1.83405,246.51651,1.95895,73.18975,0.10012,1.99991,5.81508,0.19672,0.16198,0.51343
139.60000,11.48756,0.78637,1.83416,246.60828,1.95982,73.98795,0.10011,1.99991,5.84285,0.19675,0.15995,0.51416
139.65000,11.57485,0.81450,1.83420,246.70038,1.96051,74.65232,0.10010,1.99991,5.86812,0.19678,0.15813,0.51477
139.70000,11.66199,0.84308,1.83416,246.79279,1.96101,75.19844,0.10009,1.99991,5.89110,0.19680,0.15646,0.51527
139.75000,11.74887,0.87245,1.83402,246.88546,1.96136,75.64449,0.10009,1.99991,5.91206,0.19681,0.15490,0.51571
139.80000,11.83534,0.90296,1.83380,246.97826,1.96158,76.00787,0.10008,1.99991,5.93123,0.19681,0.15339,0.51608
139.85000,11.92126,0.93494,1.83349,247.07113,1.96168,76.30390,0.10008,1.99992,5.94881,0.19681,0.15193,0.51642
139.90000,12.00649,0.96869,1.83309,247.16412,1.96169,76.54603,0.10008,1.99992,5.96500,0.19680,0.15048,0.51672
139.95000,12.09084,1.00450,1.83261,247.25722,1.96166,76.75149,0.10007,1.99992,5.97486,0.19678,0.14901,0.51706
140.00000,12.17415,1.04262,1.83205,247.35038,1.96152,76.91987,0.10007,1.99992,5.98755,0.19675,0.14755,0.51735
140.05000,12.25621,1.08330,1.83144,247.44357,1.96132,77.06254,0.10007,1.99992,5.99927,0.19673,0.14606,0.51763
140.10000,12.33681,1.12671,1.83076,247.53675,1.96107,77.18528,0.10007,1.99992,6.00754,0.19670,0.14455,0.51791
140.15000,12.41574,1.17302,1.83005,247.62987,1.96076,77.29261,0.10006,1.99992,6.01522,0.19666,0.14300,0.51819
140.20000,12.49278,1.22236,1.82930,247.72292,1.96041,77.38788,0.10006,1.99992,6.02260,0.19662,0.14142,0.51847
140.25000,12.56769,1.27480,1.82855,247.81585,1.96000,77.47346,0.10006,1.99992,6.02966,0.19657,0.13981,0.51875
140.30000,12.64026,1.33038,1.82779,247.90863,1.95955,77.55093,0.10006,1.99992,6.03629,0.19653,0.13819,0.51902
140.35000,12.71025,1.38910,1.82704,248.00125,1.95907,77.62140,0.10006,1.99992,6.04230,0.19648,0.13658,0.51930
140.40000,12.77745,1.45095,1.82632,248.09368,1.95856,77.68577,0.10006,1.99992,6.04749,0.19642,0.13500,0.51957
140.45000,12.84167,1.51583,1.82563,248.18591,1.95803,77.74496,0.10006,1.99992,6.05172,0.19637,0.13347,0.51984
140.50000,12.90271,1.58366,1.82498,248.27793,1.95746,77.79993,0.10006,1.99992,6.05495,0.19631,0.13199,0.52010
140.55000,12.96043,1.65431,1.82438,248.36974,1.95688,77.85145,0.10005,1.99992,6.05718,0.19625,0.13057,0.52035
140.60000,13.01467,1.72763,1.82384,248.46135,1.95635,77.90798,0.10005,1.99992,6.05280,0.19618,0.12919,0.52067
140.65000,13.06531,1.80344,1.82335,248.55276,1.95574,77.95500,0.10005,1.99992,6.05210,0.19611,0.12789,0.52092
140.70000,13.11227,1.88156,1.82293,248.64400,1.95511,77.99840,0.10005,1.99992,6.05022,0.19605,0.12668,0.52114
140.75000,13.15547,1.96180,1.82257,248.73507,1.95446,78.03771,0.10005,1.99992,6.04702,0.19598,0.12556,0.52135
140.80000,13.19487,2.04395,1.82227,248.82599,1.95381,78.07256,0.10005,1.99992,6.04241,0.19592,0.12455,0.52155
140.85000,13.23045,2.12781,1.82200,248.91678,1.95068,78.95657,0.10006,1.99992,5.84563,0.19544,0.11853,0.51748
140.90000,13.26219,2.21319,1.82182,249.00745,1.95028,79.05873,0.10006,1.99992,5.83611,0.19539,0.11795,0.51751
140.95000,13.29013,2.29988,1.82170,249.09803,1.94979,79.13243,0.10006,1.99992,5.82426,0.19534,0.11742,0.51756
141.00000,13.31430,2.38769,1.82163,249.18852,1.94926,79.18442,0.10006,1.99992,5.81006,0.19529,0.11696,0.51762
141.05000,13.33478,2.47643,1.82161,249.27896,1.94869,79.21856,0.10006,1.99992,5.79359,0.19524,0.11658,0.51768
141.10000,13.35163,2.56593,1.82165,249.36934,1.94809,79.23676,0.10006,1.99992,5.77494,0.19518,0.11629,0.51772
141.15000,13.36494,2.65603,1.82171,249.45969,1.94480,80.07044,0.10008,1.99992,5.55638,0.19463,0.11162,0.51313
141.20000,13.37480,2.74658,1.82185,249.55003,1.94449,80.13113,0.10008,1.99992,5.53464,0.19460,0.11168,0.51299
141.25000,13.38132,2.83743,1.82203,249.64035,1.94410,80.15310,0.10008,1.99992,5.51106,0.19456,0.11179,0.51288
141.30000,13.38462,2.92848,1.82225,249.73067,1.94366,80.14467,0.10008,1.99992,5.48584,0.19453,0.11197,0.51277
141.35000,13.38482,3.01959,1.82252,249.82100,1.94321,80.11162,0.10009,1.99992,5.45915,0.19449,0.11224,0.51266
141.40000,13.38206,3.11068,1.82281,249.91137,1.93971,80.85452,0.10011,1.99991,5.25373,0.19389,0.10844,0.50730
141.45000,13.37644,3.20165,1.82315,250.00176,1.93952,80.84603,0.10011,1.99991,5.22671,0.19388,0.10895,0.50697
141.50000,13.36812,3.29243,1.82354,250.09218,1.93925,80.79623,0.10012,1.99991,5.19851,0.19387,0.10951,0.50667
141.55000,13.35722,3.38296,1.82397,250.18264,1.93893,80.71255,0.10012,1.99991,5.16945,0.19385,0.11015,0.50639
141.60000,13.34388,3.47318,1.82443,250.27315,1.93860,80.59994,0.10013,1.99991,5.13982,0.19383,0.11086,0.50610
141.65000,13.32825,3.56307,1.82493,250.36371,1.93829,80.46262,0.10013,1.99991,5.10988,0.19381,0.11168,0.50580
141.70000,13.31044,3.65257,1.82546,250.45435,1.93473,81.08777,0.10017,1.99991,4.91780,0.19316,0.10840,0.49967
141.75000,13.29058,3.74167,1.82603,250.54505,1.93475,80.97187,0.10018,1.99991,4.89003,0.19318,0.10939,0.49912
141.80000,13.26881,3.83035,1.82664,250.63580,1.93472,80.82277,0.10019,1.99990,4.86228,0.19319,0.11044,0.49862
141.85000,13.24526,3.91861,1.82730,250.72662,1.93468,80.64986,0.10020,1.99990,4.83489,0.19320,0.11155,0.49813
141.90000,13.22003,4.00644,1.82802,250.81751,1.93466,80.45861,0.10021,1.99990,4.80819,0.19321,0.11273,0.49765
141.95000,13.19325,4.09384,1.82880,250.90850,1.93106,81.01911,0.10028,1.99990,4.64141,0.19254,0.10961,0.49069
142.00000,13.16502,4.18084,1.82965,250.99955,1.93129,80.84951,0.10030,1.99990,4.61920,0.19258,0.11084,0.48997
142.05000,13.13547,4.26744,1.83055,251.09068,1.93147,80.65367,0.10031,1.99990,4.59803,0.19262,0.11209,0.48932
142.10000,13.10471,4.35367,1.83151,251.18189,1.93164,80.44172,0.10033,1.99989,4.57820,0.19266,0.11337,0.48870
142.15000,13.07285,4.43955,1.83250,251.27319,1.93184,80.22115,0.10035,1.99989,4.55991,0.19270,0.11468,0.48810
142.20000,13.03999,4.52510,1.83354,251.36457,1.93209,79.99908,0.10037,1.99989,4.54235,0.19274,0.11600,0.48754
142.25000,13.00624,4.61037,1.83461,251.45603,1.93236,79.77631,0.10038,1.99989,4.52769,0.19279,0.11733,0.48697
142.30000,12.97170,4.69538,1.83570,251.54758,1.93265,79.55663,0.10040,1.99989,4.51513,0.19284,0.11864,0.48642
142.35000,12.93645,4.78015,1.83681,251.63921,1.93298,79.34147,0.10042,1.99989,4.50476,0.19289,0.11992,0.48588
142.40000,12.90058,4.86473,1.83796,251.73089,1.93689,78.32612,0.10035,1.99989,4.62777,0.19360,0.12664,0.49217
142.45000,12.86416,4.94914,1.83911,251.82267,1.93711,78.07509,0.10036,1.99989,4.62080,0.19364,0.12787,0.49190
142.50000,12.82727,5.03340,1.84027,251.91453,1.93743,77.84934,0.10037,1.99989,4.61667,0.19368,0.12907,0.49159
142.55000,12.78997,5.11754,1.84143,252.00647,1.93782,77.64520,0.10038,1.99989,4.61520,0.19374,0.13020,0.49126
142.60000,12.75232,5.20159,1.84258,252.09848,1.93825,77.46111,0.10039,1.99989,4.61623,0.19379,0.13125,0.49093
142.65000,12.71436,5.28557,1.84373,252.19053,1.94197,76.43881,0.10032,1.99989,4.75920,0.19442,0.13850,0.49713
142.70000,12.67614,5.36949,1.84487,252.28267,1.94230,76.23605,0.10032,1.99989,4.76433,0.19446,0.13932,0.49706
142.75000,12.63769,5.45337,1.84599,252.37489,1.94271,76.07245,0.10033,1.99989,4.77192,0.19450,0.14008,0.49694
142.80000,12.59905,5.53723,1.84709,252.46718,1.94319,75.94197,0.10033,1.99989,4.78166,0.19455,0.14076,0.49680
142.85000,12.56024,5.62106,1.84815,252.55952,1.94371,75.84119,0.10033,1.99989,4.79310,0.19460,0.14133,0.49666
142.90000,12.52127,5.70488,1.84919,252.65203,1.94426,75.76744,0.10033,1.99989,4.80640,0.19466,0.14180,0.49653
142.95000,12.48215,5.78868,1.85019,252.74478,1.94772,74.82024,0.10026,1.99989,4.97379,0.19520,0.14905,0.50257
143.00000,12.44288,5.87247,1.85116,252.83776,1.94810,74.73379,0.10026,1.99989,4.99006,0.19524,0.14920,0.50270
143.05000,12.40346,5.95623,1.85208,252.93081,1.94856,74.69676,0.10025,1.99989,5.00786,0.19528,0.14932,0.50278
143.10000,12.36386,6.03997,1.85296,253.02377,1.94908,74.70309,0.10025,1.99989,5.02674,0.19532,0.14936,0.50285
143.15000,12.32408,6.12367,1.85379,253.11653,1.94963,74.74773,0.10024,1.99989,5.04630,0.19536,0.14934,0.50291
143.20000,12.28408,6.20730,1.85459,253.20925,1.95280,73.90163,0.10019,1.99990,5.23331,0.19584,0.15643,0.50863
143.25000,12.24383,6.29086,1.85535,253.30198,1.95315,73.93608,0.10019,1.99990,5.25363,0.19586,0.15607,0.50891
143.30000,12.20329,6.37433,1.85607,253.39475,1.95357,74.01796,0.10018,1.99990,5.27437,0.19589,0.15571,0.50914
143.35000,12.16242,6.45766,1.85675,253.48755,1.95401,74.13694,0.10018,1.99990,5.29544,0.19592,0.15531,0.50933
143.40000,12.12117,6.54085,1.85739,253.58039,1.95446,74.28531,0.10017,1.99990,5.31725,0.19595,0.15482,0.50952
143.45000,12.07947,6.62385,1.85799,253.67326,1.95487,74.45725,0.10017,1.99990,5.34062,0.19598,0.15414,0.50972
143.50000,12.03727,6.70663,1.85855,253.76620,1.95755,73.71694,0.10013,1.99990,5.54791,0.19637,0.16059,0.51496
143.55000,11.99450,6.78914,1.85908,253.85917,1.95763,73.84489,0.10012,1.99990,5.57500,0.19637,0.15928,0.51534
143.60000,11.95108,6.87135,1.85958,253.95217,1.95770,74.00380,0.10012,1.99990,5.60418,0.19637,0.15783,0.51568
143.65000,11.90695,6.95320,1.86004,254.04522,1.95792,74.17968,0.10012,1.99991,5.62643,0.19639,0.15691,0.51594
143.70000,11.86202,7.03464,1.86046,254.13831,1.95814,74.36548,0.10011,1.99991,5.64840,0.19640,0.15598,0.51618
143.75000,11.81621,7.11561,1.86085,254.23144,1.95839,74.55412,0.10011,1.99991,5.66798,0.19641,0.15519,0.51639
143.80000,11.76945,7.19606,1.86120,254.32462,1.95867,74.74090,0.10011,1.99991,5.68402,0.19643,0.15461,0.51657
143.85000,11.72164,7.27591,1.86152,254.41785,1.95894,74.92374,0.10010,1.99991,5.69921,0.19644,0.15403,0.51674
143.90000,11.67272,7.35509,1.86180,254.51111,1.95915,75.10116,0.10010,1.99991,5.71487,0.19646,0.15335,0.51690
143.95000,11.62259,7.43354,1.86206,254.60442,1.95930,75.27190,0.10010,1.99991,5.73145,0.19646,0.15255,0.51707
144.00000,11.57117,7.51117,1.86228,254.69777,1.95940,75.43472,0.10009,1.99991,5.74818,0.19647,0.15167,0.51723
144.05000,11.51840,7.58789,1.86247,254.79115,1.95948,75.58843,0.10009,1.99991,5.76369,0.19647,0.15081,0.51739
144.10000,11.46420,7.66361,1.86263,254.88456,1.95957,75.73215,0.10009,1.99991,5.77625,0.19647,0.15011,0.51753
144.15000,11.40850,7.73825,1.86277,254.97800,1.95969,75.86657,0.10009,1.99991,5.78488,0.19648,0.14961,0.51766
144.20000,11.35123,7.81171,1.86287,255.07146,1.95986,75.99979,0.10009,1.99991,5.78664,0.19648,0.14924,0.51781
144.25000,11.29235,7.88388,1.86296,255.16494,1.95998,76.13123,0.10008,1.99991,5.78740,0.19648,0.14896,0.51793
144.30000,11.23180,7.95467,1.86304,255.25842,1.95987,76.27213,0.10008,1.99991,5.79514,0.19647,0.14796,0.51810
144.35000,11.16956,8.02398,1.86309,255.35192,1.95973,76.41659,0.10008,1.99991,5.79958,0.19645,0.14701,0.51827
144.40000,11.10560,8.09170,1.86311,255.44541,1.95945,76.56896,0.10008,1.99991,5.80560,0.19642,0.14575,0.51847
144.45000,11.03988,8.15771,1.86312,255.53890,1.95910,76.68132,0.10008,1.99991,5.82140,0.19639,0.14420,0.51867
144.50000,10.97237,8.22191,1.86314,255.63237,1.95869,76.78353,0.10008,1.99991,5.83858,0.19636,0.14257,0.51888
144.55000,10.90308,8.28417,1.86315,255.72583,1.95826,76.87221,0.10007,1.99992,5.85592,0.19632,0.14098,0.51908
144.60000,10.83203,8.34441,1.86316,255.81927,1.95785,76.93675,0.10007,1.99992,5.87487,0.19629,0.13947,0.51927
144.65000,10.75922,8.40252,1.86318,255.91269,1.95741,76.99345,0.10007,1.99992,5.89318,0.19626,0.13799,0.51945
144.70000,10.68469,8.45841,1.86320,256.00609,1.95692,77.04722,0.10007,1.99992,5.90998,0.19622,0.13651,0.51963
144.75000,10.60848,8.51198,1.86322,256.09946,1.95637,77.09299,0.10007,1.99992,5.92478,0.19617,0.13505,0.51981
144.80000,10.53063,8.56316,1.86327,256.19278,1.95574,77.11527,0.10006,1.99992,5.93804,0.19613,0.13362,0.51996
144.85000,10.45122,8.61186,1.86333,256.28607,1.95503,77.10137,0.10006,1.99992,5.95092,0.19608,0.13225,0.52010
144.90000,10.37030,8.65804,1.86340,256.37934,1.95426,77.04798,0.10006,1.99992,5.96507,0.19602,0.13091,0.52020
144.95000,10.28796,8.70162,1.86350,256.47258,1.95346,76.95832,0.10006,1.99992,5.98143,0.19597,0.12962,0.52029
145.00000,10.20426,8.74257,1.86361,256.56576,1.95284,76.94071,0.10006,1.99992,5.99488,0.19591,0.12824,0.52049
145.05000,10.11931,8.78086,1.86375,256.65890,1.95212,76.88340,0.10006,1.99992,6.01015,0.19586,0.12694,0.52061
145.10000,10.03319,8.81646,1.86391,256.75199,1.95138,76.91112,0.10006,1.99992,6.01668,0.19580,0.12564,0.52078
145.15000,9.94600,8.84935,1.86409,256.84505,1.94807,77.83875,0.10007,1.99992,5.82767,0.19531,0.11921,0.51663
145.20000,9.85781,8.87953,1.86430,256.93806,1.94759,77.98009,0.10007,1.99992,5.83073,0.19527,0.11827,0.51669
145.25000,9.76873,8.90700,1.86454,257.03104,1.94697,78.10328,0.10007,1.99992,5.82719,0.19522,0.11738,0.51680
145.30000,9.67886,8.93179,1.86481,257.12401,1.94626,78.19759,0.10007,1.99992,5.82019,0.19515,0.11654,0.51692
145.35000,9.58827,8.95390,1.86510,257.21696,1.94550,78.26787,0.10007,1.99992,5.81188,0.19509,0.11576,0.51704
145.40000,9.49707,8.97336,1.86541,257.30980,1.94474,78.32913,0.10007,1.99992,5.80374,0.19502,0.11504,0.51716
145.45000,9.40533,8.99021,1.86575,257.40264,1.94107,79.25009,0.10008,1.99992,5.60224,0.19445,0.11004,0.51255
145.50000,9.31313,9.00448,1.86612,257.49568,1.94066,79.41723,0.10008,1.99992,5.59642,0.19442,0.10956,0.51253
145.55000,9.22056,9.01621,1.86650,257.58891,1.94016,79.57301,0.10008,1.99992,5.59155,0.19438,0.10908,0.51255
145.60000,9.12768,9.02543,1.86689,257.68201,1.93959,79.70681,0.10008,1.99992,5.58477,0.19434,0.10863,0.51260
145.65000,9.03458,9.03219,1.86732,257.77495,1.93875,79.72270,0.10008,1.99992,5.57490,0.19429,0.10833,0.51255
145.70000,8.94130,9.03651,1.86776,257.86793,1.93474,80.55758,0.10010,1.99992,5.37506,0.19365,0.10432,0.50736
145.75000,8.84793,9.03846,1.86823,257.96098,1.93409,80.57986,0.10010,1.99992,5.36083,0.19361,0.10425,0.50713
145.80000,8.75451,9.03809,1.86874,258.05407,1.93324,80.53451,0.10010,1.99992,5.34360,0.19355,0.10422,0.50693
145.85000,8.66109,9.03547,1.86928,258.14717,1.93231,80.45572,0.10011,1.99992,5.32446,0.19349,0.10421,0.50677
145.90000,8.56774,9.03067,1.86986,258.24029,1.93137,80.36562,0.10011,1.99992,5.30438,0.19342,0.10422,0.50663
145.95000,8.47449,9.02377,1.87046,258.33342,1.93043,80.26915,0.10011,1.99991,5.28386,0.19335,0.10426,0.50650
146.00000,8.38138,9.01484,1.87110,258.42659,1.92577,80.94987,0.10014,1.99991,5.09404,0.19261,0.10097,0.50059
146.05000,8.28845,9.00396,1.87178,258.51979,1.92513,80.89062,0.10015,1.99991,5.07468,0.19257,0.10114,0.50027
146.10000,8.19571,8.99124,1.87250,258.61302,1.92439,80.79721,0.10015,1.99991,5.05491,0.19252,0.10133,0.50001
146.15000,8.10320,8.97675,1.87325,258.70630,1.92360,80.67829,0.10016,1.99991,5.03488,0.19246,0.10154,0.49976
146.20000,8.01092,8.96062,1.87404,258.79963,1.92279,80.53952,0.10016,1.99991,5.01474,0.19241,0.10178,0.49952
146.25000,7.91888,8.94292,1.87486,258.89304,1.91779,81.15530,0.10021,1.99991,4.84054,0.19158,0.09889,0.49296
146.30000,7.82710,8.92376,1.87572,258.98650,1.91725,81.04105,0.10022,1.99991,4.82238,0.19155,0.09922,0.49252
146.35000,7.73556,8.90326,1.87662,259.08001,1.91663,80.89904,0.10022,1.99990,4.80432,0.19152,0.09955,0.49214
146.40000,7.64426,8.88150,1.87755,259.17359,1.91602,80.74099,0.10023,1.99990,4.78526,0.19148,0.09990,0.49182
146.45000,7.55320,8.85860,1.87852,259.26724,1.91539,80.56999,0.10024,1.99990,4.76803,0.19144,0.10028,0.49147
146.50000,7.46235,8.83465,1.87952,259.36096,1.91479,80.39234,0.10025,1.99990,4.75138,0.19141,0.10069,0.49114
146.55000,7.37170,8.80978,1.88055,259.45475,1.91426,80.21144,0.10026,1.99990,4.73534,0.19139,0.10112,0.49080
146.60000,7.28123,8.78406,1.88161,259.54862,1.91379,80.02970,0.10027,1.99990,4.71992,0.19137,0.10159,0.49046
146.65000,7.19092,8.75760,1.88270,259.64256,1.91339,79.84862,0.10028,1.99990,4.70511,0.19136,0.10209,0.49011
146.70000,7.10074,8.73051,1.88383,259.73658,1.91307,79.66920,0.10029,1.99990,4.69090,0.19135,0.10262,0.48977
146.75000,7.01066,8.70286,1.88499,259.83068,1.91283,79.49242,0.10031,1.99990,4.67730,0.19136,0.10318,0.48942
146.80000,6.92067,8.67476,1.88617,259.92487,1.91268,79.31949,0.10032,1.99989,4.66436,0.19137,0.10377,0.48907
146.85000,6.83073,8.64628,1.88737,260.01913,1.91260,79.15168,0.10033,1.99989,4.65211,0.19138,0.10437,0.48872
146.90000,6.74082,8.61751,1.88862,260.11347,1.91261,78.98982,0.10034,1.99989,4.64060,0.19140,0.10500,0.48837
146.95000,6.65091,8.58854,1.88993,260.20789,1.91271,78.83421,0.10035,1.99989,4.62984,0.19143,0.10566,0.48803
147.00000,6.56097,8.55945,1.89132,260.30239,1.91288,78.68501,0.10036,1.99989,4.61981,0.19147,0.10633,0.48768
147.05000,6.47097,8.53032,1.89276,260.39698,1.91315,78.54265,0.10037,1.99989,4.61048,0.19151,0.10703,0.48734
147.10000,6.38088,8.50121,1.89427,260.49165,1.91349,78.40763,0.10038,1.99989,4.60182,0.19156,0.10774,0.48701
147.15000,6.29068,8.47219,1.89582,260.58641,1.91390,78.28014,0.10039,1.99989,4.59381,0.19161,0.10847,0.48668
147.20000,6.20035,8.44332,1.89743,260.68125,1.91437,78.16009,0.10040,1.99989,4.58644,0.19166,0.10921,0.48637
147.25000,6.10987,8.41466,1.89907,260.77617,1.91490,78.04698,0.10041,1.99989,4.58001,0.19172,0.10995,0.48605
147.30000,6.01922,8.38624,1.90076,260.87119,1.91548,77.94173,0.10042,1.99989,4.57410,0.19178,0.11070,0.48575
147.35000,5.92839,8.35812,1.90247,260.96629,1.91612,77.84432,0.10043,1.99989,4.56893,0.19185,0.11145,0.48546
147.40000,5.83737,8.33033,1.90422,261.06149,1.91681,77.75505,0.10044,1.99989,4.56451,0.19191,0.11219,0.48518
147.45000,5.74615,8.30290,1.90598,261.15677,1.91754,77.67436,0.10045,1.99989,4.56083,0.19198,0.11293,0.48491
147.50000,5.65473,8.27584,1.90777,261.25213,1.91831,77.60280,0.10045,1.99989,4.55793,0.19205,0.11367,0.48466
147.55000,5.56310,8.24919,1.90956,261.34759,1.91911,77.54074,0.10046,1.99988,4.55580,0.19213,0.11439,0.48442
147.60000,5.47125,8.22294,1.91137,261.44314,1.91995,77.48799,0.10046,1.99988,4.55447,0.19220,0.11509,0.48419
147.65000,5.37919,8.19711,1.91317,261.53877,1.92080,77.44390,0.10047,1.99988,4.55396,0.19227,0.11577,0.48398
147.70000,5.28692,8.17170,1.91498,261.63449,1.92167,77.40793,0.10047,1.99988,4.55431,0.19235,0.11642,0.48379
147.75000,5.19445,8.14670,1.91677,261.73029,1.92254,77.37988,0.10047,1.99989,4.55555,0.19242,0.11705,0.48360
147.80000,5.10177,8.12212,1.91855,261.82618,1.92342,77.35997,0.10048,1.99989,4.55770,0.19250,0.11763,0.48344
147.85000,5.00890,8.09793,1.92032,261.92218,1.92430,77.34857,0.10048,1.99989,4.56074,0.19257,0.11819,0.48328
147.90000,4.91583,8.07412,1.92206,262.01825,1.92519,77.34609,0.10048,1.99989,4.56467,0.19264,0.11870,0.48315
147.95000,4.82259,8.05068,1.92378,262.11434,1.92998,76.50288,0.10038,1.99989,4.70572,0.19339,0.12448,0.48995
148.00000,4.72917,8.02757,1.92548,262.21076,1.93064,76.47026,0.10038,1.99989,4.71107,0.19344,0.12490,0.49006
148.05000,4.63559,8.00477,1.92714,262.30777,1.93138,76.46495,0.10038,1.99989,4.71768,0.19350,0.12530,0.49011
148.10000,4.54186,7.98226,1.92876,262.40493,1.93215,76.48036,0.10037,1.99989,4.72541,0.19356,0.12566,0.49014
148.15000,4.44799,7.96000,1.93034,262.50173,1.93293,76.51195,0.10037,1.99989,4.73415,0.19362,0.12597,0.49015
148.20000,4.35398,7.93795,1.93188,262.59835,1.93718,75.67938,0.10029,1.99989,4.89163,0.19426,0.13206,0.49672
148.25000,4.25986,7.91607,1.93339,262.69501,1.93770,75.67763,0.10029,1.99989,4.90211,0.19430,0.13216,0.49695
148.30000,4.16563,7.89433,1.93485,262.79173,1.93828,75.70668,0.10029,1.99989,4.91387,0.19434,0.13224,0.49712
148.35000,4.07131,7.87267,1.93627,262.88850,1.93889,75.75910,0.10028,1.99989,4.92667,0.19438,0.13227,0.49725
148.40000,3.97690,7.85106,1.93765,262.98533,1.93950,75.82963,0.10028,1.99990,4.94028,0.19442,0.13224,0.49737
148.45000,3.88243,7.82943,1.93899,263.08227,1.94322,75.01439,0.10022,1.99990,5.11530,0.19498,0.13839,0.50354
148.50000,3.78791,7.80774,1.94029,263.17925,1.94356,75.04341,0.10021,1.99990,5.13002,0.19499,0.13810,0.50385
148.55000,3.69334,7.78593,1.94156,263.27629,1.94396,75.10306,0.10021,1.99990,5.14535,0.19502,0.13782,0.50409
148.60000,3.59876,7.76394,1.94278,263.37339,1.94439,75.18481,0.10020,1.99990,5.16097,0.19504,0.13754,0.50429
148.65000,3.50416,7.74171,1.94397,263.47056,1.94483,75.28276,0.10020,1.99990,5.17658,0.19507,0.13724,0.50446
148.70000,3.40958,7.71918,1.94512,263.56778,1.94528,75.39285,0.10019,1.99990,5.19184,0.19510,0.13694,0.50463
148.75000,3.31503,7.69629,1.94624,263.66511,1.94854,74.59670,0.10015,1.99990,5.38137,0.19558,0.14316,0.51026
148.80000,3.22053,7.67296,1.94732,263.76247,1.94875,74.64887,0.10015,1.99990,5.39496,0.19559,0.14271,0.51057
148.85000,3.12610,7.64913,1.94837,263.85990,1.94903,74.72945,0.10015,1.99990,5.40754,0.19560,0.14237,0.51082
148.90000,3.03176,7.62472,1.94939,263.95737,1.94938,74.83013,0.10015,1.99990,5.41870,0.19562,0.14212,0.51102
148.95000,2.93754,7.59968,1.95039,264.05491,1.94976,74.94452,0.10014,1.99990,5.42815,0.19564,0.14195,0.51119
149.00000,2.84346,7.57392,1.95135,264.15253,1.95274,74.14046,0.10011,1.99991,5.62222,0.19606,0.14870,0.51620
149.05000,2.74955,7.54736,1.95229,264.25019,1.95292,74.18961,0.10011,1.99991,5.62751,0.19606,0.14850,0.51647
149.10000,2.65584,7.51995,1.95320,264.34791,1.95317,74.26512,0.10011,1.99990,5.63113,0.19607,0.14844,0.51667
149.15000,2.56236,7.49160,1.95409,264.44567,1.95347,74.35917,0.10011,1.99990,5.63310,0.19608,0.14848,0.51684
149.20000,2.46915,7.46224,1.95496,264.54349,1.95380,74.46546,0.10011,1.99990,5.63354,0.19610,0.14860,0.51697
149.25000,2.37624,7.43181,1.95581,264.64136,1.95415,74.57862,0.10011,1.99990,5.63266,0.19611,0.14877,0.51708
149.30000,2.28366,7.40023,1.95664,264.73928,1.95449,74.69420,0.10011,1.99990,5.63072,0.19613,0.14897,0.51717
149.35000,2.19147,7.36743,1.95745,264.83725,1.95483,74.80853,0.10011,1.99990,5.62805,0.19615,0.14918,0.51725
149.40000,2.09970,7.33337,1.95824,264.93526,1.95514,74.91852,0.10011,1.99990,5.62503,0.19616,0.14939,0.51733
149.45000,2.00839,7.29796,1.95902,265.03332,1.95543,75.02128,0.10011,1.99990,5.62202,0.19617,0.14958,0.51739
149.50000,1.91759,7.26118,1.95977,265.13143,1.95568,75.11402,0.10011,1.99990,5.61940,0.19619,0.14974,0.51745
149.55000,1.82734,7.22295,1.96051,265.22958,1.95590,75.19416,0.10011,1.99990,5.61750,0.19619,0.14985,0.51750
149.60000,1.73770,7.18325,1.96123,265.32777,1.95608,75.25970,0.10010,1.99990,5.61660,0.19620,0.14991,0.51754
149.65000,1.64871,7.14203,1.96193,265.42599,1.95622,75.30940,0.10010,1.99990,5.61693,0.19621,0.14992,0.51758
149.70000,1.56041,7.09926,1.96262,265.52425,1.95633,75.34278,0.10010,1.99990,5.61864,0.19621,0.14987,0.51762
149.75000,1.47285,7.05490,1.96329,265.62255,1.95640,75.36012,0.10010,1.99990,5.62178,0.19621,0.14976,0.51765
149.80000,1.38609,7.00896,1.96395,265.72087,1.95644,75.36246,0.10010,1.99991,5.62632,0.19621,0.14959,0.51768
149.85000,1.30016,6.96140,1.96459,265.81923,1.95645,75.35160,0.10010,1.99991,5.63215,0.19621,0.14937,0.51770
149.90000,1.21512,6.91221,1.96521,265.91762,1.95644,75.33010,0.10010,1.99991,5.63911,0.19621,0.14909,0.51773
149.95000,1.13100,6.86140,1.96582,266.01604,1.95640,75.30132,0.10010,1.99991,5.64702,0.19621,0.14876,0.51776
