t_s,x_m,y_m,v_mps,dist_m,q_c,q_l,q_v,r_d,r_a,r_dv,d_obs,k_v
0.00000,9.22737,9.00158,1.00126,0.05000,0.30037,50.00000,2.61781,1.00000,6.00000,0.10000,0.15000,0.54982
0.05000,9.17749,9.00626,1.00272,0.10044,0.30000,50.00000,2.62010,1.00000,6.00000,0.10000,0.15000,0.55000
0.10000,9.12749,9.01044,1.00422,0.15061,0.29993,50.00000,2.62052,1.00000,6.00000,0.10000,0.15000,0.55003
0.15000,9.07738,9.01420,1.00574,0.20046,0.29994,50.00000,2.62047,1.00000,6.00000,0.10000,0.15000,0.55003
0.20000,9.02717,9.01754,1.00725,0.25033,0.29996,50.00000,2.62034,1.00000,6.00000,0.10000,0.15000,0.55002
0.25000,8.97685,9.02046,1.00876,0.30045,0.29999,50.00000,2.62014,1.00000,6.00000,0.10000,0.15000,0.55000
0.30000,8.92644,9.02295,1.01028,0.35085,0.29999,50.00000,2.62017,1.00000,6.00000,0.10000,0.15000,0.55001
0.35000,8.87593,9.02501,1.01179,0.40148,0.29999,50.00000,2.62017,1.00000,6.00000,0.10000,0.15000,0.55001
0.40000,8.82533,9.02663,1.01330,0.45220,0.29999,50.00000,2.62016,1.00000,6.00000,0.10000,0.15000,0.55001
0.45000,8.77464,9.02780,1.01481,0.50293,0.29999,50.00000,2.62015,1.00000,6.00000,0.10000,0.15000,0.55000
0.50000,8.72386,9.02852,1.01632,0.55366,0.29999,50.00000,2.62013,1.00000,6.00000,0.10000,0.15000,0.55000
0.55000,8.67301,9.02877,1.01783,0.60439,0.30000,50.00000,2.62011,1.00000,6.00000,0.10000,0.15000,0.55000
0.60000,8.62208,9.02855,1.01935,0.65512,0.30000,50.00000,2.62009,1.00000,6.00000,0.10000,0.15000,0.55000
0.65000,8.57108,9.02785,1.02086,0.70585,0.30000,50.00000,2.62007,1.00000,6.00000,0.10000,0.15000,0.55000
0.70000,8.52002,9.02666,1.02238,0.75660,0.30001,50.00000,2.62005,1.00000,6.00000,0.10000,0.15000,0.55000
0.75000,8.46889,9.02499,1.02391,0.80738,0.30003,50.00000,2.61988,1.00000,6.00000,0.10000,0.15000,0.54998
0.80000,8.41770,9.02281,1.02544,0.85821,0.30003,50.00000,2.61994,1.00000,6.00000,0.10000,0.15000,0.54999
0.85000,8.36646,9.02012,1.02698,0.90907,0.30002,50.00000,2.61996,1.00000,6.00000,0.10000,0.15000,0.54999
0.90000,8.31517,9.01693,1.02852,0.95999,0.30002,50.00000,2.61996,1.00000,6.00000,0.10000,0.15000,0.54999
0.95000,8.26384,9.01321,1.03008,1.01096,0.30002,50.00000,2.61995,1.00000,6.00000,0.10000,0.15000,0.54999
1.00000,8.21247,9.00898,1.03164,1.06198,0.30003,50.00000,2.61993,1.00000,6.00000,0.10000,0.15000,0.54999
1.05000,8.16107,9.00422,1.03321,1.11307,0.30003,50.00000,2.61991,1.00000,6.00000,0.10000,0.15000,0.54999
1.10000,8.10964,8.99893,1.03479,1.16423,0.30003,50.00000,2.61988,1.00000,6.00000,0.10000,0.15000,0.54998
1.15000,8.05819,8.99310,1.03637,1.21545,0.30004,50.00000,2.61986,1.00000,6.00000,0.10000,0.15000,0.54998
1.20000,8.00672,8.98675,1.03797,1.26675,0.30004,50.00000,2.61983,1.00000,6.00000,0.10000,0.15000,0.54998
1.25000,7.95524,8.97986,1.03958,1.31814,0.30007,50.00000,2.61967,1.00000,6.00000,0.10000,0.15000,0.54997
1.30000,7.90376,8.97243,1.04121,1.36960,0.30006,50.00000,2.61973,1.00000,6.00000,0.10000,0.15000,0.54997
1.35000,7.85227,8.96447,1.04284,1.42114,0.30005,50.00000,2.61976,1.00000,6.00000,0.10000,0.15000,0.54997
1.40000,7.80078,8.95598,1.04449,1.47277,0.30005,50.00000,2.61976,1.00000,6.00000,0.10000,0.15000,0.54997
1.45000,7.74930,8.94695,1.04615,1.52449,0.30005,50.00000,2.61976,1.00000,6.00000,0.10000,0.15000,0.54997
1.50000,7.69783,8.93740,1.04782,1.57631,0.30006,50.00000,2.61974,1.00000,6.00000,0.10000,0.15000,0.54997
1.55000,7.64637,8.92733,1.04951,1.62822,0.30006,50.00000,2.61972,1.00000,6.00000,0.10000,0.15000,0.54997
1.60000,7.59494,8.91674,1.05121,1.68023,0.30006,50.00000,2.61970,1.00000,6.00000,0.10000,0.15000,0.54997
1.65000,7.54352,8.90563,1.05293,1.73235,0.30007,50.00000,2.61968,1.00000,6.00000,0.10000,0.15000,0.54997
1.70000,7.49212,8.89403,1.05466,1.78457,0.30007,50.00000,2.61966,1.00000,6.00000,0.10000,0.15000,0.54997
1.75000,7.44075,8.88193,1.05640,1.83690,0.30007,50.00000,2.61965,1.00000,6.00000,0.10000,0.15000,0.54996
1.80000,7.38941,8.86934,1.05816,1.88935,0.30008,50.00000,2.61963,1.00000,6.00000,0.10000,0.15000,0.54996
1.85000,7.33809,8.85628,1.05994,1.94190,0.30008,50.00000,2.61961,1.00000,6.00000,0.10000,0.15000,0.54996
1.90000,7.28680,8.84276,1.06173,1.99457,0.30008,50.00000,2.61960,1.00000,6.00000,0.10000,0.15000,0.54996
1.95000,7.23554,8.82878,1.06354,2.04735,0.30008,50.00000,2.61959,1.00000,6.00000,0.10000,0.15000,0.54996
2.00000,7.18431,8.81438,1.06536,2.10025,0.30008,50.00000,2.61958,1.00000,6.00000,0.10000,0.15000,0.54996
2.05000,7.13310,8.79955,1.06721,2.15327,0.30008,50.00000,2.61957,1.00000,6.00000,0.10000,0.15000,0.54996
2.10000,7.08191,8.78431,1.06906,2.20641,0.30009,50.00000,2.61957,1.00000,6.00000,0.10000,0.15000,0.54996
2.15000,7.03074,8.76869,1.07093,2.25966,0.30009,50.00000,2.61956,1.00000,6.00000,0.10000,0.15000,0.54996
2.20000,6.97959,8.75269,1.07282,2.31303,0.30009,50.00000,2.61956,1.00000,6.00000,0.10000,0.15000,0.54996
2.25000,6.92845,8.73635,1.07473,2.36653,0.30009,50.00000,2.61956,1.00000,6.00000,0.10000,0.15000,0.54996
2.30000,6.87732,8.71967,1.07665,2.42014,0.30009,50.00000,2.61956,1.00000,6.00000,0.10000,0.15000,0.54996
2.35000,6.82619,8.70268,1.07859,2.47387,0.30009,50.00000,2.61956,1.00000,6.00000,0.10000,0.15000,0.54996
2.40000,6.77505,8.68539,1.08054,2.52772,0.30009,50.00000,2.61956,1.00000,6.00000,0.10000,0.15000,0.54996
2.45000,6.72390,8.66783,1.08251,2.58168,0.30009,50.00000,2.61957,1.00000,6.00000,0.10000,0.15000,0.54996
2.50000,6.67274,8.65002,1.08449,2.63576,0.30008,50.00000,2.61958,1.00000,6.00000,0.10000,0.15000,0.54996
2.55000,6.62155,8.63199,1.08649,2.68995,0.30008,50.00000,2.61959,1.00000,6.00000,0.10000,0.15000,0.54996
2.60000,6.57033,8.61374,1.08851,2.74426,0.30008,50.00000,2.61960,1.00000,6.00000,0.10000,0.15000,0.54996
2.65000,6.51907,8.59531,1.09053,2.79868,0.30008,50.00000,2.61961,1.00000,6.00000,0.10000,0.15000,0.54996
2.70000,6.46775,8.57672,1.09258,2.85321,0.30008,50.00000,2.61962,1.00000,6.00000,0.10000,0.15000,0.54996
2.75000,6.41638,8.55798,1.09464,2.90785,0.30007,50.00000,2.61964,1.00000,6.00000,0.10000,0.15000,0.54996
2.80000,6.36494,8.53913,1.09671,2.96260,0.30007,50.00000,2.61965,1.00000,6.00000,0.10000,0.15000,0.54996
2.85000,6.31343,8.52018,1.09879,3.01746,0.30007,50.00000,2.61967,1.00000,6.00000,0.10000,0.15000,0.54997
2.90000,6.26184,8.50115,1.10089,3.07242,0.30007,50.00000,2.61969,1.00000,6.00000,0.10000,0.15000,0.54997
2.95000,6.21015,8.48206,1.10301,3.12750,0.30006,50.00000,2.61971,1.00000,6.00000,0.10000,0.15000,0.54997
3.00000,6.15836,8.46295,1.10514,3.18269,0.30006,50.00000,2.61973,1.00000,6.00000,0.10000,0.15000,0.54997
3.05000,6.10646,8.44383,1.10729,3.23798,0.30006,50.00000,2.61975,1.00000,6.00000,0.10000,0.15000,0.54997
3.10000,6.05445,8.42471,1.10944,3.29338,0.30005,50.00000,2.61977,1.00000,6.00000,0.10000,0.15000,0.54997
3.15000,6.00231,8.40561,1.11159,3.34888,0.30005,50.00000,2.61979,1.00000,6.00000,0.10000,0.15000,0.54998
3.20000,5.95004,8.38654,1.11376,3.40449,0.30004,50.00000,2.61982,1.00000,6.00000,0.10000,0.15000,0.54998
3.25000,5.89764,8.36754,1.11596,3.46021,0.30004,50.00000,2.61984,1.00000,6.00000,0.10000,0.15000,0.54998
3.30000,5.84508,8.34865,1.11822,3.51604,0.30004,50.00000,2.61986,1.00000,6.00000,0.10000,0.15000,0.54998
3.35000,5.79234,8.32991,1.12057,3.57199,0.30003,50.00000,2.61988,1.00000,6.00000,0.10000,0.15000,0.54998
3.40000,5.73940,8.31137,1.12300,3.62806,0.30003,50.00000,2.61991,1.00000,6.00000,0.10000,0.15000,0.54998
3.45000,5.68626,8.29305,1.12550,3.68425,0.30003,50.00000,2.61993,1.00000,6.00000,0.10000,0.15000,0.54999
3.50000,5.63290,8.27497,1.12807,3.74057,0.30002,50.00000,2.61995,1.00000,6.00000,0.10000,0.15000,0.54999
3.55000,5.57932,8.25714,1.13070,3.79702,0.30002,50.00000,2.61997,1.00000,6.00000,0.10000,0.15000,0.54999
3.60000,5.52551,8.23957,1.13339,3.85360,0.30002,50.00000,2.61999,1.00000,6.00000,0.10000,0.15000,0.54999
3.65000,5.47148,8.22227,1.13614,3.91031,0.30001,50.00000,2.62000,1.00000,6.00000,0.10000,0.15000,0.54999
3.70000,5.41721,8.20524,1.13894,3.96717,0.30001,50.00000,2.62002,1.00000,6.00000,0.10000,0.15000,0.54999
3.75000,5.36271,8.18848,1.14178,4.02417,0.30001,50.00000,2.62004,1.00000,6.00000,0.10000,0.15000,0.55000
3.80000,5.30798,8.17199,1.14467,4.08131,0.30001,50.00000,2.62005,1.00000,6.00000,0.10000,0.15000,0.55000
3.85000,5.25302,8.15575,1.14759,4.13858,0.30000,50.00000,2.62006,1.00000,6.00000,0.10000,0.15000,0.55000
3.90000,5.19783,8.13978,1.15055,4.19599,0.30000,50.00000,2.62008,1.00000,6.00000,0.10000,0.15000,0.55000
3.95000,5.14242,8.12404,1.15353,4.25354,0.30000,50.00000,2.62009,1.00000,6.00000,0.10000,0.15000,0.55000
4.00000,5.08679,8.10855,1.15653,4.31128,0.30000,50.00000,2.62010,1.00000,6.00000,0.10000,0.15000,0.55000
4.05000,5.03094,8.09327,1.15954,4.36923,0.30000,50.00000,2.62011,1.00000,6.00000,0.10000,0.15000,0.55000
4.10000,4.97487,8.07821,1.16257,4.42732,0.30000,50.00000,2.62011,1.00000,6.00000,0.10000,0.15000,0.55000
4.15000,4.91860,8.06334,1.16561,4.48543,0.30000,50.00000,2.62012,1.00000,6.00000,0.10000,0.15000,0.55000
4.20000,4.86212,8.04865,1.16864,4.54351,0.29997,50.00000,2.62028,1.00000,6.00000,0.10000,0.15000,0.55002
4.25000,4.80544,8.03414,1.17167,4.60169,0.29998,50.00000,2.62020,1.00000,6.00000,0.10000,0.15000,0.55001
4.30000,4.74857,8.01977,1.17470,4.66051,0.29999,50.00000,2.62016,1.00000,6.00000,0.10000,0.15000,0.55001
4.35000,4.69151,8.00554,1.17771,4.72044,0.29999,50.00000,2.62014,1.00000,6.00000,0.10000,0.15000,0.55000
4.40000,4.63426,7.99143,1.18069,4.78139,0.29999,50.00000,2.62014,1.00000,6.00000,0.10000,0.15000,0.55000
4.45000,4.57684,7.97743,1.18366,4.84256,0.29999,50.00000,2.62014,1.00000,6.00000,0.10000,0.15000,0.55000
4.50000,4.51923,7.96352,1.18660,4.90309,0.29999,50.00000,2.62014,1.00000,6.00000,0.10000,0.15000,0.55000
4.55000,4.46147,7.94969,1.18952,4.96285,0.29999,50.00000,2.62014,1.00000,6.00000,0.10000,0.15000,0.55000
4.60000,4.40353,7.93592,1.19241,5.02225,0.29996,50.00000,2.62031,1.00000,6.00000,0.10000,0.15000,0.55002
4.65000,4.34544,7.92219,1.19527,5.08177,0.29998,50.00000,2.62023,1.00000,6.00000,0.10000,0.15000,0.55001
4.70000,4.28719,7.90850,1.19811,5.14155,0.29998,50.00000,2.62020,1.00000,6.00000,0.10000,0.15000,0.55001
4.75000,4.22880,7.89482,1.20092,5.20157,0.29999,50.00000,2.62018,1.00000,6.00000,0.10000,0.15000,0.55001
4.80000,4.17026,7.88114,1.20370,5.26171,0.29999,50.00000,2.62018,1.00000,6.00000,0.10000,0.15000,0.55001
4.85000,4.11158,7.86745,1.20646,5.32195,0.29999,50.00000,2.62018,1.00000,6.00000,0.10000,0.15000,0.55001
4.90000,4.05277,7.85373,1.20919,5.38231,0.29999,50.00000,2.62018,1.00000,6.00000,0.10000,0.15000,0.55001
4.95000,3.99383,7.83996,1.21189,5.44280,0.29999,50.00000,2.62018,1.00000,6.00000,0.10000,0.15000,0.55001
5.00000,3.93476,7.82614,1.21456,5.50344,0.29998,50.00000,2.62019,1.00000,6.00000,0.10000,0.15000,0.55001
5.05000,3.87558,7.81223,1.21721,5.56422,0.29996,50.00000,2.62036,1.00000,6.00000,0.10000,0.15000,0.55002
5.10000,3.81628,7.79824,1.21983,5.62513,0.29997,50.00000,2.62029,1.00000,6.00000,0.10000,0.15000,0.55002
5.15000,3.75688,7.78414,1.22242,5.68617,0.29997,50.00000,2.62026,1.00000,6.00000,0.10000,0.15000,0.55001
5.20000,3.69737,7.76992,1.22498,5.74735,0.29998,50.00000,2.62025,1.00000,6.00000,0.10000,0.15000,0.55001
5.25000,3.63776,7.75556,1.22751,5.80865,0.29998,50.00000,2.62024,1.00000,6.00000,0.10000,0.15000,0.55001
5.30000,3.57806,7.74104,1.23002,5.87009,0.29998,50.00000,2.62024,1.00000,6.00000,0.10000,0.15000,0.55001
5.35000,3.51828,7.72635,1.23249,5.93166,0.29997,50.00000,2.62025,1.00000,6.00000,0.10000,0.15000,0.55001
5.40000,3.45841,7.71148,1.23494,5.99336,0.29997,50.00000,2.62025,1.00000,6.00000,0.10000,0.15000,0.55001
5.45000,3.39847,7.69641,1.23737,6.05519,0.29994,50.00000,2.62043,1.00000,6.00000,0.10000,0.15000,0.55003
5.50000,3.33846,7.68111,1.23976,6.11714,0.29996,50.00000,2.62037,1.00000,6.00000,0.10000,0.15000,0.55002
5.55000,3.27839,7.66559,1.24213,6.17923,0.29996,50.00000,2.62033,1.00000,6.00000,0.10000,0.15000,0.55002
5.60000,3.21826,7.64981,1.24447,6.24144,0.29996,50.00000,2.62032,1.00000,6.00000,0.10000,0.15000,0.55002
5.65000,3.15808,7.63377,1.24678,6.30379,0.29996,50.00000,2.62032,1.00000,6.00000,0.10000,0.15000,0.55002
5.70000,3.09786,7.61744,1.24906,6.36626,0.29996,50.00000,2.62032,1.00000,6.00000,0.10000,0.15000,0.55002
5.75000,3.03760,7.60082,1.25132,6.42886,0.29996,50.00000,2.62033,1.00000,6.00000,0.10000,0.15000,0.55002
5.80000,2.97731,7.58388,1.25356,6.49158,0.29996,50.00000,2.62033,1.00000,6.00000,0.10000,0.15000,0.55002
5.85000,2.91700,7.56661,1.25576,6.55443,0.29993,50.00000,2.62052,1.00000,6.00000,0.10000,0.15000,0.55003
5.90000,2.85668,7.54900,1.25795,6.61741,0.29994,50.00000,2.62045,1.00000,6.00000,0.10000,0.15000,0.55003
5.95000,2.79634,7.53103,1.26010,6.68052,0.29995,50.00000,2.62042,1.00000,6.00000,0.10000,0.15000,0.55003
6.00000,2.73602,7.51268,1.26224,6.74375,0.29995,50.00000,2.62041,1.00000,6.00000,0.10000,0.15000,0.55003
6.05000,2.67570,7.49393,1.26435,6.80711,0.29995,50.00000,2.62040,1.00000,6.00000,0.10000,0.15000,0.55002
6.10000,2.61540,7.47478,1.26643,6.87059,0.29995,50.00000,2.62041,1.00000,6.00000,0.10000,0.15000,0.55003
6.15000,2.55512,7.45520,1.26850,6.93420,0.29995,50.00000,2.62041,1.00000,6.00000,0.10000,0.15000,0.55003
6.20000,2.49489,7.43517,1.27055,6.99793,0.29995,50.00000,2.62041,1.00000,6.00000,0.10000,0.15000,0.55003
6.25000,2.43470,7.41469,1.27257,7.06179,0.29995,50.00000,2.62042,1.00000,6.00000,0.10000,0.15000,0.55003
6.30000,2.37457,7.39373,1.27458,7.12577,0.29995,50.00000,2.62043,1.00000,6.00000,0.10000,0.15000,0.55003
6.35000,2.31451,7.37227,1.27657,7.18988,0.29994,50.00000,2.62043,1.00000,6.00000,0.10000,0.15000,0.55003
6.40000,2.25453,7.35030,1.27855,7.25411,0.29994,50.00000,2.62044,1.00000,6.00000,0.10000,0.15000,0.55003
6.45000,2.19464,7.32780,1.28052,7.31846,0.29994,50.00000,2.62045,1.00000,6.00000,0.10000,0.15000,0.55003
6.50000,2.13486,7.30474,1.28247,7.38293,0.29994,50.00000,2.62045,1.00000,6.00000,0.10000,0.15000,0.55003
6.55000,2.07519,7.28112,1.28441,7.44752,0.29994,50.00000,2.62046,1.00000,6.00000,0.10000,0.15000,0.55003
6.60000,2.01566,7.25691,1.28634,7.51223,0.29994,50.00000,2.62046,1.00000,6.00000,0.10000,0.15000,0.55003
6.65000,1.95627,7.23209,1.28826,7.57707,0.29994,50.00000,2.62047,1.00000,6.00000,0.10000,0.15000,0.55003
6.70000,1.89704,7.20665,1.29018,7.64202,0.29994,50.00000,2.62047,1.00000,6.00000,0.10000,0.15000,0.55003
6.75000,1.83799,7.18057,1.29208,7.70709,0.29994,50.00000,2.62048,1.00000,6.00000,0.10000,0.15000,0.55003
6.80000,1.77912,7.15383,1.29398,7.77227,0.29994,50.00000,2.62048,1.00000,6.00000,0.10000,0.15000,0.55003
6.85000,1.72046,7.12643,1.29588,7.83758,0.29994,50.00000,2.62049,1.00000,6.00000,0.10000,0.15000,0.55003
6.90000,1.66202,7.09834,1.29776,7.90299,0.29994,50.00000,2.62049,1.00000,6.00000,0.10000,0.15000,0.55003
6.95000,1.60382,7.06955,1.29964,7.96853,0.29994,50.00000,2.62049,1.00000,6.00000,0.10000,0.15000,0.55003
7.00000,1.54586,7.04006,1.30151,8.03417,0.29993,50.00000,2.62050,1.00000,6.00000,0.10000,0.15000,0.55003
7.05000,1.48817,7.00986,1.30338,8.09993,0.29993,50.00000,2.62049,1.00000,6.00000,0.10000,0.15000,0.55003
7.10000,1.43075,6.97893,1.30524,8.16581,0.29993,50.00000,2.62050,1.00000,6.00000,0.10000,0.15000,0.55003
7.15000,1.37364,6.94726,1.30709,8.23180,0.29993,50.00000,2.62050,1.00000,6.00000,0.10000,0.15000,0.55003
7.20000,1.31683,6.91486,1.30893,8.29790,0.29993,50.00000,2.62050,1.00000,6.00000,0.10000,0.15000,0.55003
7.25000,1.26034,6.88172,1.31077,8.36412,0.29993,50.00000,2.62050,1.00000,6.00000,0.10000,0.15000,0.55003
7.30000,1.20419,6.84782,1.31259,8.43045,0.29993,50.00000,2.62050,1.00000,6.00000,0.10000,0.15000,0.55003
7.35000,1.14840,6.81318,1.31440,8.49689,0.29993,50.00000,2.62050,1.00000,6.00000,0.10000,0.15000,0.55003
7.40000,1.09297,6.77779,1.31621,8.56344,0.29993,50.00000,2.62050,1.00000,6.00000,0.10000,0.15000,0.55003
7.45000,1.03792,6.74164,1.31800,8.63010,0.29993,50.00000,2.62050,1.00000,6.00000,0.10000,0.15000,0.55003
7.50000,0.98327,6.70474,1.31977,8.69685,0.29993,50.00000,2.62049,1.00000,6.00000,0.10000,0.15000,0.55003
7.55000,0.92902,6.66709,1.32154,8.76370,0.29994,50.00000,2.62049,1.00000,6.00000,0.10000,0.15000,0.55003
7.60000,0.87520,6.62868,1.32329,8.83063,0.29993,50.00000,2.62049,1.00000,6.00000,0.10000,0.15000,0.55003
7.65000,0.82181,6.58953,1.32502,8.89764,0.29994,50.00000,2.62049,1.00000,6.00000,0.10000,0.15000,0.55003
7.70000,0.76887,6.54962,1.32674,8.96473,0.29994,50.00000,2.62048,1.00000,6.00000,0.10000,0.15000,0.55003
7.75000,0.71640,6.50897,1.32845,9.03189,0.29994,50.00000,2.62048,1.00000,6.00000,0.10000,0.15000,0.55003
7.80000,0.66440,6.46758,1.33013,9.09913,0.29994,50.00000,2.62048,1.00000,6.00000,0.10000,0.15000,0.55003
7.85000,0.61289,6.42545,1.33181,9.16644,0.29994,50.00000,2.62047,1.00000,6.00000,0.10000,0.15000,0.55003
7.90000,0.56187,6.38258,1.33346,9.23382,0.29994,50.00000,2.62047,1.00000,6.00000,0.10000,0.15000,0.55003
7.95000,0.51138,6.33898,1.33510,9.30127,0.29994,50.00000,2.62047,1.00000,6.00000,0.10000,0.15000,0.55003
8.00000,0.46141,6.29465,1.33672,9.36879,0.29994,50.00000,2.62046,1.00000,6.00000,0.10000,0.15000,0.55003
8.05000,0.41200,6.24959,1.33833,9.43639,0.29994,50.00000,2.62046,1.00000,6.00000,0.10000,0.15000,0.55003
8.10000,0.36314,6.20381,1.33992,9.50406,0.29994,50.00000,2.62046,1.00000,6.00000,0.10000,0.15000,0.55003
8.15000,0.31486,6.15731,1.34150,9.57181,0.29994,50.00000,2.62046,1.00000,6.00000,0.10000,0.15000,0.55003
8.20000,0.26717,6.11009,1.34307,9.63963,0.29994,50.00000,2.62046,1.00000,6.00000,0.10000,0.15000,0.55003
8.25000,0.22008,6.06215,1.34462,9.70753,0.29994,50.00000,2.62045,1.00000,6.00000,0.10000,0.15000,0.55003
8.30000,0.17361,6.01352,1.34616,9.77551,0.29994,50.00000,2.62045,1.00000,6.00000,0.10000,0.15000,0.55003
8.35000,0.12777,5.96418,1.34768,9.84358,0.29994,50.00000,2.62045,1.00000,6.00000,0.10000,0.15000,0.55003
8.40000,0.08259,5.91414,1.34919,9.91172,0.29994,50.00000,2.62045,1.00000,6.00000,0.10000,0.15000,0.55003
8.45000,0.03806,5.86341,1.35070,9.97995,0.29994,50.00000,2.62045,1.00000,6.00000,0.10000,0.15000,0.55003
8.50000,-0.00578,5.81199,1.35219,10.04825,0.29994,50.00000,2.62045,1.00000,6.00000,0.10000,0.15000,0.55003
8.55000,-0.04892,5.75989,1.35367,10.11664,0.29994,50.00000,2.62044,1.00000,6.00000,0.10000,0.15000,0.55003
8.60000,-0.09136,5.70711,1.35514,10.18510,0.29994,50.00000,2.62044,1.00000,6.00000,0.10000,0.15000,0.55003
8.65000,-0.13307,5.65367,1.35660,10.25363,0.29994,50.00000,2.62044,1.00000,6.00000,0.10000,0.15000,0.55003
8.70000,-0.17403,5.59956,1.35806,10.32224,0.29994,50.00000,2.62044,1.00000,6.00000,0.10000,0.15000,0.55003
8.75000,-0.21424,5.54480,1.35951,10.39093,0.29994,50.00000,2.62044,1.00000,6.00000,0.10000,0.15000,0.55003
8.80000,-0.25367,5.48939,1.36095,10.45968,0.29994,50.00000,2.62044,1.00000,6.00000,0.10000,0.15000,0.55003
8.85000,-0.29231,5.43333,1.36239,10.52850,0.29995,50.00000,2.62043,1.00000,6.00000,0.10000,0.15000,0.55003
8.90000,-0.33014,5.37664,1.36382,10.59736,0.29995,50.00000,2.62042,1.00000,6.00000,0.10000,0.15000,0.55003
8.95000,-0.36715,5.31932,1.36525,10.66626,0.29995,50.00000,2.62042,1.00000,6.00000,0.10000,0.15000,0.55003
9.00000,-0.40331,5.26138,1.36669,10.73522,0.29995,50.00000,2.62042,1.00000,6.00000,0.10000,0.15000,0.55003
9.05000,-0.43860,5.20283,1.36812,10.80429,0.29995,50.00000,2.62041,1.00000,6.00000,0.10000,0.15000,0.55003
9.10000,-0.47302,5.14367,1.36955,10.87345,0.29995,50.00000,2.62040,1.00000,6.00000,0.10000,0.15000,0.55002
9.15000,-0.50654,5.08392,1.37098,10.94263,0.29995,50.00000,2.62040,1.00000,6.00000,0.10000,0.15000,0.55002
9.20000,-0.53915,5.02358,1.37241,11.01181,0.29995,50.00000,2.62038,1.00000,6.00000,0.10000,0.15000,0.55002
9.25000,-0.57082,4.96267,1.37385,11.08100,0.29995,50.00000,2.62037,1.00000,6.00000,0.10000,0.15000,0.55002
9.30000,-0.60155,4.90119,1.37529,11.15023,0.29996,50.00000,2.62037,1.00000,6.00000,0.10000,0.15000,0.55002
9.35000,-0.63131,4.83916,1.37674,11.21953,0.29996,50.00000,2.62035,1.00000,6.00000,0.10000,0.15000,0.55002
9.40000,-0.66008,4.77659,1.37819,11.28887,0.29996,50.00000,2.62034,1.00000,6.00000,0.10000,0.15000,0.55002
9.45000,-0.68786,4.71348,1.37966,11.35825,0.29996,50.00000,2.62033,1.00000,6.00000,0.10000,0.15000,0.55002
9.50000,-0.71463,4.64987,1.38113,11.42767,0.29996,50.00000,2.62031,1.00000,6.00000,0.10000,0.15000,0.55002
9.55000,-0.74038,4.58575,1.38261,11.49712,0.29997,50.00000,2.62030,1.00000,6.00000,0.10000,0.15000,0.55002
9.60000,-0.76509,4.52115,1.38410,11.56662,0.29997,50.00000,2.62029,1.00000,6.00000,0.10000,0.15000,0.55002
9.65000,-0.78877,4.45608,1.38559,11.63616,0.29997,50.00000,2.62028,1.00000,6.00000,0.10000,0.15000,0.55002
9.70000,-0.81139,4.39056,1.38710,11.70576,0.29997,50.00000,2.62027,1.00000,6.00000,0.10000,0.15000,0.55001
9.75000,-0.83296,4.32461,1.38862,11.77541,0.29997,50.00000,2.62026,1.00000,6.00000,0.10000,0.15000,0.55001
9.80000,-0.85347,4.25824,1.39015,11.84511,0.29998,50.00000,2.62025,1.00000,6.00000,0.10000,0.15000,0.55001
9.85000,-0.87292,4.19147,1.39168,11.91487,0.29998,50.00000,2.62023,1.00000,6.00000,0.10000,0.15000,0.55001
9.90000,-0.89131,4.12432,1.39323,11.98469,0.29998,50.00000,2.62022,1.00000,6.00000,0.10000,0.15000,0.55001
9.95000,-0.90864,4.05681,1.39478,12.05457,0.29998,50.00000,2.62021,1.00000,6.00000,0.10000,0.15000,0.55001
10.00000,-0.92492,3.98896,1.39634,12.12452,0.29998,50.00000,2.62020,1.00000,6.00000,0.10000,0.15000,0.55001
10.05000,-0.94015,3.92078,1.39791,12.19454,0.29998,50.00000,2.62019,1.00000,6.00000,0.10000,0.15000,0.55001
10.10000,-0.95434,3.85230,1.39948,12.26463,0.29998,50.00000,2.62019,1.00000,6.00000,0.10000,0.15000,0.55001
10.15000,-0.96749,3.78353,1.40106,12.33480,0.30001,50.00000,2.62002,1.00000,6.00000,0.10000,0.15000,0.54999
10.20000,-0.97961,3.71450,1.40264,12.40504,0.30000,50.00000,2.62008,1.00000,6.00000,0.10000,0.15000,0.55000
10.25000,-0.99071,3.64521,1.40423,12.47535,0.30000,50.00000,2.62012,1.00000,6.00000,0.10000,0.15000,0.55000
10.30000,-1.00079,3.57569,1.40582,12.54574,0.29999,50.00000,2.62014,1.00000,6.00000,0.10000,0.15000,0.55000
10.35000,-1.00988,3.50595,1.40741,12.61620,0.29999,50.00000,2.62014,1.00000,6.00000,0.10000,0.15000,0.55000
10.40000,-1.01797,3.43600,1.40901,12.68674,0.29999,50.00000,2.62015,1.00000,6.00000,0.10000,0.15000,0.55000
10.45000,-1.02508,3.36587,1.41061,12.75736,0.29999,50.00000,2.62015,1.00000,6.00000,0.10000,0.15000,0.55000
10.50000,-1.03122,3.29557,1.41221,12.82804,0.30002,50.00000,2.61998,1.00000,6.00000,0.10000,0.15000,0.54999
10.55000,-1.03639,3.22511,1.41381,12.89880,0.30001,50.00000,2.62006,1.00000,6.00000,0.10000,0.15000,0.55000
10.60000,-1.04061,3.15451,1.41542,12.96963,0.30000,50.00000,2.62010,1.00000,6.00000,0.10000,0.15000,0.55000
10.65000,-1.04389,3.08377,1.41703,13.04053,0.30000,50.00000,2.62012,1.00000,6.00000,0.10000,0.15000,0.55000
10.70000,-1.04624,3.01292,1.41864,13.11149,0.30000,50.00000,2.62012,1.00000,6.00000,0.10000,0.15000,0.55000
10.75000,-1.04766,2.94196,1.42025,13.18251,0.30000,50.00000,2.62012,1.00000,6.00000,0.10000,0.15000,0.55000
10.80000,-1.04817,2.87091,1.42187,13.25359,0.30000,50.00000,2.62012,1.00000,6.00000,0.10000,0.15000,0.55000
10.85000,-1.04778,2.79978,1.42349,13.32474,0.30002,50.00000,2.61995,1.00000,6.00000,0.10000,0.15000,0.54999
10.90000,-1.04649,2.72858,1.42511,13.39594,0.30001,50.00000,2.62003,1.00000,6.00000,0.10000,0.15000,0.55000
10.95000,-1.04432,2.65732,1.42674,13.46721,0.30000,50.00000,2.62007,1.00000,6.00000,0.10000,0.15000,0.55000
11.00000,-1.04127,2.58600,1.42837,13.53853,0.30000,50.00000,2.62009,1.00000,6.00000,0.10000,0.15000,0.55000
11.05000,-1.03736,2.51465,1.43001,13.60992,0.30000,50.00000,2.62009,1.00000,6.00000,0.10000,0.15000,0.55000
11.10000,-1.03259,2.44327,1.43165,13.68137,0.30000,50.00000,2.62009,1.00000,6.00000,0.10000,0.15000,0.55000
11.15000,-1.02697,2.37187,1.43330,13.75288,0.30000,50.00000,2.62008,1.00000,6.00000,0.10000,0.15000,0.55000
11.20000,-1.02051,2.30045,1.43496,13.82446,0.30003,50.00000,2.61992,1.00000,6.00000,0.10000,0.15000,0.54999
11.25000,-1.01323,2.22903,1.43663,13.89610,0.30002,50.00000,2.62000,1.00000,6.00000,0.10000,0.15000,0.54999
11.30000,-1.00513,2.15762,1.43830,13.96780,0.30001,50.00000,2.62004,1.00000,6.00000,0.10000,0.15000,0.55000
11.35000,-0.99622,2.08622,1.43998,14.03958,0.30001,50.00000,2.62005,1.00000,6.00000,0.10000,0.15000,0.55000
11.40000,-0.98651,2.01483,1.44167,14.11142,0.30001,50.00000,2.62005,1.00000,6.00000,0.10000,0.15000,0.55000
11.45000,-0.97602,1.94347,1.44337,14.18333,0.30001,50.00000,2.62004,1.00000,6.00000,0.10000,0.15000,0.55000
11.50000,-0.96476,1.87215,1.44509,14.25531,0.30001,50.00000,2.62004,1.00000,6.00000,0.10000,0.15000,0.55000
11.55000,-0.95273,1.80086,1.44681,14.32737,0.30003,50.00000,2.61988,1.00000,6.00000,0.10000,0.15000,0.54998
11.60000,-0.93995,1.72961,1.44854,14.39950,0.30002,50.00000,2.61996,1.00000,6.00000,0.10000,0.15000,0.54999
11.65000,-0.92644,1.65841,1.45029,14.47172,0.30001,50.00000,2.62000,1.00000,6.00000,0.10000,0.15000,0.54999
11.70000,-0.91219,1.58726,1.45206,14.54401,0.30001,50.00000,2.62002,1.00000,6.00000,0.10000,0.15000,0.54999
11.75000,-0.89720,1.51618,1.45388,14.61639,0.30001,50.00000,2.62001,1.00000,6.00000,0.10000,0.15000,0.54999
11.80000,-0.88146,1.44516,1.45576,14.68886,0.30001,50.00000,2.62001,1.00000,6.00000,0.10000,0.15000,0.54999
11.85000,-0.86496,1.37422,1.45771,14.76142,0.30001,50.00000,2.62000,1.00000,6.00000,0.10000,0.15000,0.54999
11.90000,-0.84770,1.30336,1.45973,14.83409,0.30002,50.00000,2.61999,1.00000,6.00000,0.10000,0.15000,0.54999
11.95000,-0.82969,1.23257,1.46182,14.90686,0.30002,50.00000,2.61998,1.00000,6.00000,0.10000,0.15000,0.54999
12.00000,-0.81097,1.16186,1.46397,14.97975,0.30002,50.00000,2.61997,1.00000,6.00000,0.10000,0.15000,0.54999
12.05000,-0.79156,1.09123,1.46617,15.05276,0.30002,50.00000,2.61996,1.00000,6.00000,0.10000,0.15000,0.54999
12.10000,-0.77149,1.02066,1.46843,15.12588,0.30002,50.00000,2.61995,1.00000,6.00000,0.10000,0.15000,0.54999
12.15000,-0.75081,0.95015,1.47074,15.19914,0.30002,50.00000,2.61995,1.00000,6.00000,0.10000,0.15000,0.54999
12.20000,-0.72955,0.87970,1.47308,15.27251,0.30002,50.00000,2.61994,1.00000,6.00000,0.10000,0.15000,0.54999
12.25000,-0.70776,0.80928,1.47546,15.34602,0.30003,50.00000,2.61994,1.00000,6.00000,0.10000,0.15000,0.54999
12.30000,-0.68547,0.73889,1.47787,15.41967,0.30003,50.00000,2.61993,1.00000,6.00000,0.10000,0.15000,0.54999
12.35000,-0.66272,0.66852,1.48030,15.49344,0.30003,50.00000,2.61993,1.00000,6.00000,0.10000,0.15000,0.54999
12.40000,-0.63956,0.59816,1.48276,15.56735,0.30003,50.00000,2.61993,1.00000,6.00000,0.10000,0.15000,0.54999
12.45000,-0.61602,0.52779,1.48522,15.64139,0.30003,50.00000,2.61993,1.00000,6.00000,0.10000,0.15000,0.54999
12.50000,-0.59214,0.45741,1.48770,15.71558,0.30003,50.00000,2.61992,1.00000,6.00000,0.10000,0.15000,0.54999
12.55000,-0.56795,0.38700,1.49018,15.78992,0.30003,50.00000,2.61992,1.00000,6.00000,0.10000,0.15000,0.54999
12.60000,-0.54350,0.31656,1.49267,15.86440,0.30003,50.00000,2.61992,1.00000,6.00000,0.10000,0.15000,0.54999
12.65000,-0.51879,0.24606,1.49515,15.93893,0.30003,50.00000,2.61992,1.00000,6.00000,0.10000,0.15000,0.54999
12.70000,-0.49388,0.17552,1.49762,16.01360,0.30003,50.00000,2.61992,1.00000,6.00000,0.10000,0.15000,0.54999
12.75000,-0.46877,0.10490,1.50008,16.08872,0.30003,50.00000,2.61992,1.00000,6.00000,0.10000,0.15000,0.54999
12.80000,-0.44349,0.03422,1.50252,16.16450,0.30003,50.00000,2.61992,1.00000,6.00000,0.10000,0.15000,0.54999
12.85000,-0.41807,-0.03653,1.50493,16.24085,0.30003,50.00000,2.61992,1.00000,6.00000,0.10000,0.15000,0.54999
12.90000,-0.39252,-0.10737,1.50733,16.31745,0.30003,50.00000,2.61992,1.00000,6.00000,0.10000,0.15000,0.54999
12.95000,-0.36685,-0.17830,1.50969,16.39407,0.30003,50.00000,2.61992,1.00000,6.00000,0.10000,0.15000,0.54999
13.00000,-0.34108,-0.24931,1.51202,16.47037,0.30003,50.00000,2.61992,1.00000,6.00000,0.10000,0.15000,0.54999
13.05000,-0.31521,-0.32041,1.51432,16.54626,0.30003,50.00000,2.61992,1.00000,6.00000,0.10000,0.15000,0.54999
13.10000,-0.28927,-0.39160,1.51659,16.62196,0.30003,50.00000,2.61992,1.00000,6.00000,0.10000,0.15000,0.54999
13.15000,-0.26326,-0.46289,1.51883,16.69777,0.30003,50.00000,2.61992,1.00000,6.00000,0.10000,0.15000,0.54999
13.20000,-0.23719,-0.53428,1.52104,16.77377,0.30003,50.00000,2.61992,1.00000,6.00000,0.10000,0.15000,0.54999
13.25000,-0.21106,-0.60575,1.52322,16.84989,0.30003,50.00000,2.61992,1.00000,6.00000,0.10000,0.15000,0.54999
13.30000,-0.18487,-0.67733,1.52536,16.92609,0.30002,50.00000,2.61999,1.00000,6.00000,0.10000,0.15000,0.54999
13.35000,-0.15863,-0.74900,1.52748,17.00239,0.30002,50.00000,2.61998,1.00000,6.00000,0.10000,0.15000,0.54999
13.40000,-0.13234,-0.82076,1.52956,17.07881,0.30002,50.00000,2.61997,1.00000,6.00000,0.10000,0.15000,0.54999
13.45000,-0.10600,-0.89261,1.53160,17.15532,0.30002,50.00000,2.61997,1.00000,6.00000,0.10000,0.15000,0.54999
13.50000,-0.07960,-0.96455,1.53361,17.23194,0.30002,50.00000,2.61997,1.00000,6.00000,0.10000,0.15000,0.54999
13.55000,-0.05314,-1.03658,1.53559,17.30866,0.30002,50.00000,2.61998,1.00000,6.00000,0.10000,0.15000,0.54999
13.60000,-0.02662,-1.10868,1.53754,17.38547,0.30001,50.00000,2.62004,1.00000,6.00000,0.10000,0.15000,0.55000
13.65000,-0.00003,-1.18086,1.53945,17.46238,0.30001,50.00000,2.62003,1.00000,6.00000,0.10000,0.15000,0.55000
13.70000,0.02665,-1.25312,1.54132,17.53937,0.30001,50.00000,2.62003,1.00000,6.00000,0.10000,0.15000,0.55000
13.75000,0.05341,-1.32544,1.54316,17.61646,0.30001,50.00000,2.62003,1.00000,6.00000,0.10000,0.15000,0.55000
13.80000,0.08028,-1.39781,1.54496,17.69363,0.30001,50.00000,2.62004,1.00000,6.00000,0.10000,0.15000,0.55000
13.85000,0.10726,-1.47024,1.54673,17.77088,0.30001,50.00000,2.62005,1.00000,6.00000,0.10000,0.15000,0.55000
13.90000,0.13437,-1.54272,1.54846,17.84822,0.30001,50.00000,2.62006,1.00000,6.00000,0.10000,0.15000,0.55000
13.95000,0.16163,-1.61523,1.55015,17.92563,0.29999,50.00000,2.62012,1.00000,6.00000,0.10000,0.15000,0.55000
14.00000,0.18906,-1.68776,1.55181,18.00313,0.30000,50.00000,2.62012,1.00000,6.00000,0.10000,0.15000,0.55000
14.05000,0.21668,-1.76031,1.55342,18.08070,0.30000,50.00000,2.62012,1.00000,6.00000,0.10000,0.15000,0.55000
14.10000,0.24450,-1.83287,1.55500,18.15834,0.29999,50.00000,2.62013,1.00000,6.00000,0.10000,0.15000,0.55000
14.15000,0.27256,-1.90543,1.55655,18.23606,0.29999,50.00000,2.62014,1.00000,6.00000,0.10000,0.15000,0.55000
14.20000,0.30087,-1.97796,1.55805,18.31386,0.29999,50.00000,2.62015,1.00000,6.00000,0.10000,0.15000,0.55000
14.25000,0.32946,-2.05047,1.55952,18.39173,0.29998,50.00000,2.62021,1.00000,6.00000,0.10000,0.15000,0.55001
14.30000,0.35836,-2.12293,1.56094,18.46968,0.29998,50.00000,2.62020,1.00000,6.00000,0.10000,0.15000,0.55001
14.35000,0.38760,-2.19533,1.56233,18.54770,0.29998,50.00000,2.62020,1.00000,6.00000,0.10000,0.15000,0.55001
14.40000,0.41721,-2.26765,1.56369,18.62580,0.29998,50.00000,2.62021,1.00000,6.00000,0.10000,0.15000,0.55001
14.45000,0.44722,-2.33989,1.56500,18.70399,0.29998,50.00000,2.62022,1.00000,6.00000,0.10000,0.15000,0.55001
14.50000,0.47766,-2.41200,1.56627,18.78226,0.29998,50.00000,2.62024,1.00000,6.00000,0.10000,0.15000,0.55001
14.55000,0.50858,-2.48399,1.56751,18.86061,0.29997,50.00000,2.62025,1.00000,6.00000,0.10000,0.15000,0.55001
14.60000,0.54000,-2.55583,1.56871,18.93906,0.29997,50.00000,2.62029,1.00000,6.00000,0.10000,0.15000,0.55002
14.65000,0.57196,-2.62748,1.56987,19.01761,0.29997,50.00000,2.62027,1.00000,6.00000,0.10000,0.15000,0.55001
14.70000,0.60451,-2.69894,1.57099,19.09626,0.29997,50.00000,2.62027,1.00000,6.00000,0.10000,0.15000,0.55001
14.75000,0.63768,-2.77017,1.57207,19.17502,0.29997,50.00000,2.62027,1.00000,6.00000,0.10000,0.15000,0.55001
14.80000,0.67152,-2.84115,1.57311,19.25390,0.29997,50.00000,2.62028,1.00000,6.00000,0.10000,0.15000,0.55002
14.85000,0.70606,-2.91184,1.57411,19.33290,0.29997,50.00000,2.62029,1.00000,6.00000,0.10000,0.15000,0.55002
14.90000,0.74136,-2.98222,1.57508,19.41203,0.29997,50.00000,2.62031,1.00000,6.00000,0.10000,0.15000,0.55002
14.95000,0.77745,-3.05224,1.57600,19.49131,0.29996,50.00000,2.62032,1.00000,6.00000,0.10000,0.15000,0.55002
15.00000,0.81438,-3.12187,1.57689,19.57073,0.29996,50.00000,2.62034,1.00000,6.00000,0.10000,0.15000,0.55002
15.05000,0.85220,-3.19108,1.57773,19.65031,0.29996,50.00000,2.62035,1.00000,6.00000,0.10000,0.15000,0.55002
15.10000,0.89095,-3.25981,1.57854,19.73006,0.29996,50.00000,2.62036,1.00000,6.00000,0.10000,0.15000,0.55002
15.15000,0.93069,-3.32803,1.57931,19.80999,0.29995,50.00000,2.62038,1.00000,6.00000,0.10000,0.15000,0.55002
15.20000,0.97145,-3.39568,1.58004,19.89010,0.29995,50.00000,2.62039,1.00000,6.00000,0.10000,0.15000,0.55002
15.25000,1.01328,-3.46272,1.58072,19.97040,0.29995,50.00000,2.62041,1.00000,6.00000,0.10000,0.15000,0.55003
15.30000,1.05624,-3.52908,1.58137,20.05092,0.29995,50.00000,2.62041,1.00000,6.00000,0.10000,0.15000,0.55003
15.35000,1.10036,-3.59471,1.58198,20.13164,0.29995,50.00000,2.62043,1.00000,6.00000,0.10000,0.15000,0.55003
15.40000,1.14570,-3.65955,1.58255,20.21258,0.29994,50.00000,2.62044,1.00000,6.00000,0.10000,0.15000,0.55003
15.45000,1.19229,-3.72352,1.58308,20.29376,0.29994,50.00000,2.62045,1.00000,6.00000,0.10000,0.15000,0.55003
15.50000,1.24018,-3.78656,1.58357,20.37517,0.29994,50.00000,2.62047,1.00000,6.00000,0.10000,0.15000,0.55003
15.55000,1.28940,-3.84858,1.58402,20.45682,0.29994,50.00000,2.62048,1.00000,6.00000,0.10000,0.15000,0.55003
15.60000,1.34001,-3.90952,1.58443,20.53873,0.29994,50.00000,2.62048,1.00000,6.00000,0.10000,0.15000,0.55003
15.65000,1.39202,-3.96929,1.58480,20.62091,0.29994,50.00000,2.62049,1.00000,6.00000,0.10000,0.15000,0.55003
15.70000,1.44548,-4.02778,1.58513,20.70337,0.29993,50.00000,2.62050,1.00000,6.00000,0.10000,0.15000,0.55003
15.75000,1.50042,-4.08492,1.58542,20.78612,0.29993,50.00000,2.62051,1.00000,6.00000,0.10000,0.15000,0.55003
15.80000,1.55686,-4.14059,1.58567,20.86917,0.29993,50.00000,2.62052,1.00000,6.00000,0.10000,0.15000,0.55003
15.85000,1.61481,-4.19470,1.58588,20.95253,0.29993,50.00000,2.62053,1.00000,6.00000,0.10000,0.15000,0.55003
15.90000,1.67430,-4.24713,1.58605,21.03623,0.29993,50.00000,2.62054,1.00000,6.00000,0.10000,0.15000,0.55004
15.95000,1.73534,-4.29776,1.58618,21.12026,0.29993,50.00000,2.62054,1.00000,6.00000,0.10000,0.15000,0.55004
16.00000,1.79793,-4.34647,1.58627,21.20465,0.29993,50.00000,2.62055,1.00000,6.00000,0.10000,0.15000,0.55004
16.05000,1.86206,-4.39313,1.58632,21.28942,0.29992,50.00000,2.62056,1.00000,6.00000,0.10000,0.15000,0.55004
16.10000,1.92774,-4.43760,1.58633,21.37459,0.29992,50.00000,2.62057,1.00000,6.00000,0.10000,0.15000,0.55004
16.15000,1.99492,-4.47975,1.58630,21.46014,0.29992,50.00000,2.62058,1.00000,6.00000,0.10000,0.15000,0.55004
16.20000,2.06360,-4.51942,1.58622,21.54608,0.29992,50.00000,2.62058,1.00000,6.00000,0.10000,0.15000,0.55004
16.25000,2.13372,-4.55647,1.58612,21.63242,0.29992,50.00000,2.62058,1.00000,6.00000,0.10000,0.15000,0.55004
16.30000,2.20522,-4.59075,1.58597,21.71913,0.29992,50.00000,2.62059,1.00000,6.00000,0.10000,0.15000,0.55004
16.35000,2.27805,-4.62210,1.58579,21.80622,0.29992,50.00000,2.62060,1.00000,6.00000,0.10000,0.15000,0.55004
16.40000,2.35211,-4.65038,1.58557,21.89367,0.29992,50.00000,2.62060,1.00000,6.00000,0.10000,0.15000,0.55004
16.45000,2.42732,-4.67543,1.58532,21.98148,0.29992,50.00000,2.62061,1.00000,6.00000,0.10000,0.15000,0.55004
16.50000,2.50355,-4.69711,1.58505,22.06961,0.29992,50.00000,2.62061,1.00000,6.00000,0.10000,0.15000,0.55004
16.55000,2.58068,-4.71528,1.58475,22.15804,0.29992,50.00000,2.62060,1.00000,6.00000,0.10000,0.15000,0.55004
16.60000,2.65856,-4.72979,1.58444,22.24672,0.29992,50.00000,2.62060,1.00000,6.00000,0.10000,0.15000,0.55004
16.65000,2.73703,-4.74055,1.58411,22.33560,0.29992,50.00000,2.62060,1.00000,6.00000,0.10000,0.15000,0.55004
16.70000,2.81593,-4.74742,1.58378,22.42462,0.29992,50.00000,2.62060,1.00000,6.00000,0.10000,0.15000,0.55004
16.75000,2.89505,-4.75034,1.58344,22.51372,0.29992,50.00000,2.62059,1.00000,6.00000,0.10000,0.15000,0.55004
16.80000,2.97419,-4.74921,1.58311,22.60282,0.29992,50.00000,2.62059,1.00000,6.00000,0.10000,0.15000,0.55004
16.85000,3.05316,-4.74399,1.58279,22.69184,0.29992,50.00000,2.62058,1.00000,6.00000,0.10000,0.15000,0.55004
16.90000,3.12865,-4.73426,1.44990,22.69184,0.29992,50.00000,2.62057,1.00000,6.00000,0.10000,0.15000,0.55004
16.95000,3.19810,-4.71618,1.43861,22.82631,0.29992,50.00000,2.62055,1.00000,6.00000,0.10000,0.15000,0.55004
17.00000,3.26777,-4.69726,1.44642,22.92690,0.29992,50.00000,2.62057,1.00000,6.00000,0.10000,0.15000,0.55004
17.05000,3.33721,-4.67709,1.44615,23.01603,0.29992,50.00000,2.62058,1.00000,6.00000,0.10000,0.15000,0.55004
17.10000,3.40569,-4.65387,1.44615,23.10013,0.29992,50.00000,2.62057,1.00000,6.00000,0.10000,0.15000,0.55004
17.15000,3.47308,-4.62769,1.44620,23.18210,0.29992,50.00000,2.62056,1.00000,6.00000,0.10000,0.15000,0.55004
17.20000,3.53926,-4.59856,1.44627,23.26302,0.29993,50.00000,2.62055,1.00000,6.00000,0.10000,0.15000,0.55004
17.25000,3.60408,-4.56651,1.44637,23.34329,0.29993,50.00000,2.62051,1.00000,6.00000,0.10000,0.15000,0.55003
17.30000,3.66740,-4.53158,1.44649,23.42303,0.29993,50.00000,2.62050,1.00000,6.00000,0.10000,0.15000,0.55003
17.35000,3.72908,-4.49382,1.44664,23.50222,0.29994,50.00000,2.62048,1.00000,6.00000,0.10000,0.15000,0.55003
17.40000,3.78900,-4.45329,1.44682,23.58088,0.29994,50.00000,2.62046,1.00000,6.00000,0.10000,0.15000,0.55003
17.45000,3.84701,-4.41008,1.44703,23.65903,0.29994,50.00000,2.62044,1.00000,6.00000,0.10000,0.15000,0.55003
17.50000,3.90302,-4.36428,1.44728,23.73667,0.29995,50.00000,2.62040,1.00000,6.00000,0.10000,0.15000,0.55002
17.55000,3.95691,-4.31598,1.44756,23.81383,0.29995,50.00000,2.62037,1.00000,6.00000,0.10000,0.15000,0.55002
17.60000,4.00858,-4.26530,1.44788,23.89050,0.29996,50.00000,2.62035,1.00000,6.00000,0.10000,0.15000,0.55002
17.65000,4.05795,-4.21235,1.44824,23.96671,0.29996,50.00000,2.62033,1.00000,6.00000,0.10000,0.15000,0.55002
17.70000,4.10494,-4.15725,1.44863,24.04248,0.29997,50.00000,2.62029,1.00000,6.00000,0.10000,0.15000,0.55002
17.75000,4.14948,-4.10012,1.44905,24.11783,0.29997,50.00000,2.62026,1.00000,6.00000,0.10000,0.15000,0.55001
17.80000,4.19152,-4.04111,1.44952,24.19278,0.29998,50.00000,2.62024,1.00000,6.00000,0.10000,0.15000,0.55001
17.85000,4.23102,-3.98033,1.45001,24.26736,0.29998,50.00000,2.62022,1.00000,6.00000,0.10000,0.15000,0.55001
17.90000,4.26794,-3.91793,1.45054,24.34160,0.29999,50.00000,2.62018,1.00000,6.00000,0.10000,0.15000,0.55001
17.95000,4.30227,-3.85403,1.45110,24.41552,0.29999,50.00000,2.62015,1.00000,6.00000,0.10000,0.15000,0.55000
18.00000,4.33400,-3.78877,1.45169,24.48916,0.29999,50.00000,2.62013,1.00000,6.00000,0.10000,0.15000,0.55000
18.05000,4.36311,-3.72227,1.45232,24.56255,0.29999,50.00000,2.62015,1.00000,6.00000,0.10000,0.15000,0.55000
18.10000,4.38964,-3.65466,1.45297,24.63571,0.29999,50.00000,2.62014,1.00000,6.00000,0.10000,0.15000,0.55000
18.15000,4.41358,-3.58606,1.45365,24.70868,0.29999,50.00000,2.62013,1.00000,6.00000,0.10000,0.15000,0.55000
18.20000,4.43496,-3.51658,1.45436,24.78147,0.30000,50.00000,2.62011,1.00000,6.00000,0.10000,0.15000,0.55000
18.25000,4.45382,-3.44633,1.45510,24.85411,0.30000,50.00000,2.62010,1.00000,6.00000,0.10000,0.15000,0.55000
18.30000,4.47019,-3.37543,1.45586,24.92662,0.30000,50.00000,2.62007,1.00000,6.00000,0.10000,0.15000,0.55000
18.35000,4.48412,-3.30397,1.45664,24.99902,0.30001,50.00000,2.62003,1.00000,6.00000,0.10000,0.15000,0.54999
18.40000,4.49566,-3.23204,1.45745,25.07132,0.30001,50.00000,2.62004,1.00000,6.00000,0.10000,0.15000,0.55000
18.45000,4.50485,-3.15973,1.45828,25.14356,0.30001,50.00000,2.62003,1.00000,6.00000,0.10000,0.15000,0.55000
18.50000,4.51176,-3.08713,1.45914,25.21574,0.30001,50.00000,2.62002,1.00000,6.00000,0.10000,0.15000,0.54999
18.55000,4.51645,-3.01430,1.46001,25.28788,0.30001,50.00000,2.62001,1.00000,6.00000,0.10000,0.15000,0.54999
18.60000,4.51897,-2.94133,1.46091,25.36000,0.30002,50.00000,2.61999,1.00000,6.00000,0.10000,0.15000,0.54999
18.65000,4.51940,-2.86826,1.46183,25.43210,0.30002,50.00000,2.61996,1.00000,6.00000,0.10000,0.15000,0.54999
18.70000,4.51780,-2.79517,1.46277,25.50421,0.30003,50.00000,2.61991,1.00000,6.00000,0.10000,0.15000,0.54998
18.75000,4.51423,-2.72210,1.46373,25.57632,0.30003,50.00000,2.61992,1.00000,6.00000,0.10000,0.15000,0.54999
18.80000,4.50877,-2.64909,1.46471,25.64846,0.30003,50.00000,2.61991,1.00000,6.00000,0.10000,0.15000,0.54999
18.85000,4.50149,-2.57620,1.46571,25.72063,0.30003,50.00000,2.61990,1.00000,6.00000,0.10000,0.15000,0.54998
18.90000,4.49244,-2.50345,1.46673,25.79285,0.30003,50.00000,2.61989,1.00000,6.00000,0.10000,0.15000,0.54998
18.95000,4.48171,-2.43088,1.46777,25.86511,0.30004,50.00000,2.61988,1.00000,6.00000,0.10000,0.15000,0.54998
19.00000,4.46936,-2.35851,1.46883,25.93744,0.30004,50.00000,2.61985,1.00000,6.00000,0.10000,0.15000,0.54998
19.05000,4.45546,-2.28637,1.46990,26.00983,0.30005,50.00000,2.61978,1.00000,6.00000,0.10000,0.15000,0.54998
19.10000,4.44007,-2.21448,1.47100,26.08230,0.30005,50.00000,2.61979,1.00000,6.00000,0.10000,0.15000,0.54998
19.15000,4.42326,-2.14285,1.47212,26.15484,0.30005,50.00000,2.61979,1.00000,6.00000,0.10000,0.15000,0.54998
19.20000,4.40510,-2.07149,1.47326,26.22747,0.30005,50.00000,2.61978,1.00000,6.00000,0.10000,0.15000,0.54997
19.25000,4.38565,-2.00041,1.47442,26.30019,0.30005,50.00000,2.61977,1.00000,6.00000,0.10000,0.15000,0.54997
19.30000,4.36499,-1.92962,1.47560,26.37300,0.30005,50.00000,2.61977,1.00000,6.00000,0.10000,0.15000,0.54997
19.35000,4.34317,-1.85911,1.47680,26.44591,0.30006,50.00000,2.61975,1.00000,6.00000,0.10000,0.15000,0.54997
19.40000,4.32022,-1.78889,1.47807,26.51891,0.30006,50.00000,2.61974,1.00000,6.00000,0.10000,0.15000,0.54997
19.45000,4.29619,-1.71897,1.47941,26.59203,0.30006,50.00000,2.61974,1.00000,6.00000,0.10000,0.15000,0.54997
19.50000,4.27114,-1.64933,1.48082,26.66525,0.30006,50.00000,2.61973,1.00000,6.00000,0.10000,0.15000,0.54997
19.55000,4.24514,-1.57997,1.48230,26.73859,0.30006,50.00000,2.61972,1.00000,6.00000,0.10000,0.15000,0.54997
19.60000,4.21827,-1.51086,1.48384,26.81206,0.30006,50.00000,2.61971,1.00000,6.00000,0.10000,0.15000,0.54997
19.65000,4.19060,-1.44197,1.48543,26.88566,0.30006,50.00000,2.61971,1.00000,6.00000,0.10000,0.15000,0.54997
19.70000,4.16222,-1.37330,1.48708,26.95939,0.30006,50.00000,2.61970,1.00000,6.00000,0.10000,0.15000,0.54997
19.75000,4.13320,-1.30479,1.48876,27.03326,0.30005,50.00000,2.61976,1.00000,6.00000,0.10000,0.15000,0.54997
19.80000,4.10362,-1.23644,1.49047,27.10725,0.30006,50.00000,2.61974,1.00000,6.00000,0.10000,0.15000,0.54997
19.85000,4.07355,-1.16820,1.49222,27.18138,0.30006,50.00000,2.61973,1.00000,6.00000,0.10000,0.15000,0.54997
19.90000,4.04308,-1.10005,1.49399,27.25564,0.30006,50.00000,2.61972,1.00000,6.00000,0.10000,0.15000,0.54997
19.95000,4.01226,-1.03196,1.49577,27.33004,0.30006,50.00000,2.61971,1.00000,6.00000,0.10000,0.15000,0.54997
20.00000,3.98117,-0.96389,1.49757,27.40458,0.30006,50.00000,2.61970,1.00000,6.00000,0.10000,0.15000,0.54997
20.05000,3.94987,-0.89581,1.49938,27.47924,0.30006,50.00000,2.61970,1.00000,6.00000,0.10000,0.15000,0.54997
20.10000,3.91843,-0.82771,1.50120,27.55404,0.30005,50.00000,2.61976,1.00000,6.00000,0.10000,0.15000,0.54997
20.15000,3.88689,-0.75955,1.50301,27.62897,0.30006,50.00000,2.61974,1.00000,6.00000,0.10000,0.15000,0.54997
20.20000,3.85531,-0.69130,1.50482,27.70406,0.30006,50.00000,2.61972,1.00000,6.00000,0.10000,0.15000,0.54997
20.25000,3.82374,-0.62295,1.50662,27.77932,0.30006,50.00000,2.61971,1.00000,6.00000,0.10000,0.15000,0.54997
20.30000,3.79223,-0.55448,1.50842,27.85463,0.30006,50.00000,2.61970,1.00000,6.00000,0.10000,0.15000,0.54997
20.35000,3.76082,-0.48586,1.51019,27.92997,0.30007,50.00000,2.61969,1.00000,6.00000,0.10000,0.15000,0.54997
20.40000,3.72956,-0.41708,1.51195,28.00561,0.30007,50.00000,2.61968,1.00000,6.00000,0.10000,0.15000,0.54997
20.45000,3.69849,-0.34811,1.51368,28.08212,0.30006,50.00000,2.61974,1.00000,6.00000,0.10000,0.15000,0.54997
20.50000,3.66764,-0.27895,1.51539,28.15951,0.30006,50.00000,2.61972,1.00000,6.00000,0.10000,0.15000,0.54997
20.55000,3.63707,-0.20958,1.51706,28.23693,0.30006,50.00000,2.61970,1.00000,6.00000,0.10000,0.15000,0.54997
20.60000,3.60680,-0.13998,1.51870,28.31383,0.30007,50.00000,2.61968,1.00000,6.00000,0.10000,0.15000,0.54997
20.65000,3.57688,-0.07015,1.52031,28.39031,0.30007,50.00000,2.61966,1.00000,6.00000,0.10000,0.15000,0.54997
20.70000,3.54736,-0.00005,1.52189,28.46673,0.30007,50.00000,2.61965,1.00000,6.00000,0.10000,0.15000,0.54996
20.75000,3.51828,0.07030,1.52343,28.54322,0.30006,50.00000,2.61971,1.00000,6.00000,0.10000,0.15000,0.54997
20.80000,3.48967,0.14094,1.52494,28.61981,0.30007,50.00000,2.61968,1.00000,6.00000,0.10000,0.15000,0.54997
20.85000,3.46158,0.21186,1.52642,28.69652,0.30007,50.00000,2.61966,1.00000,6.00000,0.10000,0.15000,0.54997
20.90000,3.43404,0.28308,1.52787,28.77335,0.30007,50.00000,2.61964,1.00000,6.00000,0.10000,0.15000,0.54996
20.95000,3.40710,0.35461,1.52929,28.85031,0.30008,50.00000,2.61963,1.00000,6.00000,0.10000,0.15000,0.54996
21.00000,3.38081,0.42644,1.53068,28.92740,0.30008,50.00000,2.61961,1.00000,6.00000,0.10000,0.15000,0.54996
21.05000,3.35520,0.49860,1.53203,29.00462,0.30008,50.00000,2.61960,1.00000,6.00000,0.10000,0.15000,0.54996
21.10000,3.33031,0.57108,1.53336,29.08198,0.30008,50.00000,2.61958,1.00000,6.00000,0.10000,0.15000,0.54996
21.15000,3.30619,0.64389,1.53466,29.15946,0.30008,50.00000,2.61957,1.00000,6.00000,0.10000,0.15000,0.54996
21.20000,3.28287,0.71703,1.53592,29.23709,0.30009,50.00000,2.61956,1.00000,6.00000,0.10000,0.15000,0.54996
21.25000,3.26041,0.79050,1.53716,29.31484,0.30009,50.00000,2.61955,1.00000,6.00000,0.10000,0.15000,0.54996
21.30000,3.23884,0.86430,1.53837,29.39273,0.30009,50.00000,2.61954,1.00000,6.00000,0.10000,0.15000,0.54996
21.35000,3.21821,0.93843,1.53955,29.47075,0.30009,50.00000,2.61953,1.00000,6.00000,0.10000,0.15000,0.54995
21.40000,3.19856,1.01289,1.54069,29.54890,0.30009,50.00000,2.61952,1.00000,6.00000,0.10000,0.15000,0.54995
21.45000,3.17994,1.08766,1.54181,29.62719,0.30009,50.00000,2.61951,1.00000,6.00000,0.10000,0.15000,0.54995
21.50000,3.16238,1.16276,1.54290,29.70561,0.30010,50.00000,2.61950,1.00000,6.00000,0.10000,0.15000,0.54995
21.55000,3.14594,1.23816,1.54396,29.78416,0.30010,50.00000,2.61949,1.00000,6.00000,0.10000,0.15000,0.54995
21.60000,3.13066,1.31385,1.54499,29.86285,0.30010,50.00000,2.61948,1.00000,6.00000,0.10000,0.15000,0.54995
21.65000,3.11659,1.38983,1.54599,29.94167,0.30010,50.00000,2.61947,1.00000,6.00000,0.10000,0.15000,0.54995
21.70000,3.10377,1.46609,1.54696,30.02062,0.30010,50.00000,2.61946,1.00000,6.00000,0.10000,0.15000,0.54995
21.75000,3.09224,1.54259,1.54790,30.09969,0.30010,50.00000,2.61945,1.00000,6.00000,0.10000,0.15000,0.54995
21.80000,3.08206,1.61934,1.54881,30.17890,0.30011,50.00000,2.61944,1.00000,6.00000,0.10000,0.15000,0.54995
21.85000,3.07327,1.69630,1.54969,30.25824,0.30011,50.00000,2.61943,1.00000,6.00000,0.10000,0.15000,0.54995
21.90000,3.06592,1.77345,1.55054,30.33770,0.30011,50.00000,2.61942,1.00000,6.00000,0.10000,0.15000,0.54995
21.95000,3.06006,1.85078,1.55136,30.41730,0.30011,50.00000,2.61941,1.00000,6.00000,0.10000,0.15000,0.54995
22.00000,3.05572,1.92824,1.55215,30.49704,0.30011,50.00000,2.61940,1.00000,6.00000,0.10000,0.15000,0.54994
22.05000,3.05297,2.00582,1.55291,30.57691,0.30011,50.00000,2.61939,1.00000,6.00000,0.10000,0.15000,0.54994
22.10000,3.05185,2.08348,1.55364,30.65692,0.30011,50.00000,2.61939,1.00000,6.00000,0.10000,0.15000,0.54994
22.15000,3.05242,2.16117,1.55434,30.73707,0.30012,50.00000,2.61937,1.00000,6.00000,0.10000,0.15000,0.54994
22.20000,3.05470,2.23887,1.55501,30.81735,0.30012,50.00000,2.61936,1.00000,6.00000,0.10000,0.15000,0.54994
22.25000,3.05877,2.31653,1.55565,30.89777,0.30012,50.00000,2.61935,1.00000,6.00000,0.10000,0.15000,0.54994
22.30000,3.06465,2.39410,1.55626,30.97833,0.30012,50.00000,2.61934,1.00000,6.00000,0.10000,0.15000,0.54994
22.35000,3.07241,2.47154,1.55685,31.05904,0.30012,50.00000,2.61933,1.00000,6.00000,0.10000,0.15000,0.54994
22.40000,3.08209,2.54879,1.55740,31.13989,0.30013,50.00000,2.61932,1.00000,6.00000,0.10000,0.15000,0.54994
22.45000,3.09373,2.62580,1.55792,31.22091,0.30013,50.00000,2.61931,1.00000,6.00000,0.10000,0.15000,0.54994
22.50000,3.10738,2.70250,1.55841,31.30211,0.30013,50.00000,2.61929,1.00000,6.00000,0.10000,0.15000,0.54994
22.55000,3.12309,2.77883,1.55887,31.38348,0.30013,50.00000,2.61928,1.00000,6.00000,0.10000,0.15000,0.54993
22.60000,3.14090,2.85472,1.55930,31.46502,0.30013,50.00000,2.61927,1.00000,6.00000,0.10000,0.15000,0.54993
22.65000,3.16084,2.93010,1.55970,31.54674,0.30014,50.00000,2.61926,1.00000,6.00000,0.10000,0.15000,0.54993
22.70000,3.18297,3.00489,1.56008,31.62865,0.30014,50.00000,2.61925,1.00000,6.00000,0.10000,0.15000,0.54993
22.75000,3.20732,3.07900,1.56042,31.71074,0.30014,50.00000,2.61923,1.00000,6.00000,0.10000,0.15000,0.54993
22.80000,3.23391,3.15236,1.56074,31.79301,0.30014,50.00000,2.61922,1.00000,6.00000,0.10000,0.15000,0.54993
22.85000,3.26280,3.22486,1.56103,31.87549,0.30014,50.00000,2.61920,1.00000,6.00000,0.10000,0.15000,0.54993
22.90000,3.29399,3.29641,1.56129,31.95817,0.30015,50.00000,2.61920,1.00000,6.00000,0.10000,0.15000,0.54993
22.95000,3.32753,3.36690,1.56153,32.04106,0.30015,50.00000,2.61919,1.00000,6.00000,0.10000,0.15000,0.54993
23.00000,3.36342,3.43624,1.56173,32.12415,0.30015,50.00000,2.61917,1.00000,6.00000,0.10000,0.15000,0.54993
23.05000,3.40168,3.50432,1.56192,32.20746,0.30015,50.00000,2.61916,1.00000,6.00000,0.10000,0.15000,0.54992
23.10000,3.44233,3.57100,1.56207,32.29099,0.30015,50.00000,2.61915,1.00000,6.00000,0.10000,0.15000,0.54992
23.15000,3.48536,3.63618,1.56221,32.37473,0.30016,50.00000,2.61913,1.00000,6.00000,0.10000,0.15000,0.54992
23.20000,3.53076,3.69974,1.56232,32.45868,0.30016,50.00000,2.61914,1.00000,6.00000,0.10000,0.15000,0.54992
23.25000,3.57854,3.76154,1.56241,32.54285,0.30016,50.00000,2.61913,1.00000,6.00000,0.10000,0.15000,0.54992
23.30000,3.62867,3.82145,1.56247,32.62722,0.30016,50.00000,2.61912,1.00000,6.00000,0.10000,0.15000,0.54992
23.35000,3.68111,3.87935,1.56252,32.71178,0.30016,50.00000,2.61911,1.00000,6.00000,0.10000,0.15000,0.54992
23.40000,3.73584,3.93510,1.56256,32.79650,0.30016,50.00000,2.61910,1.00000,6.00000,0.10000,0.15000,0.54992
23.45000,3.79281,3.98856,1.56257,32.88136,0.30016,50.00000,2.61910,1.00000,6.00000,0.10000,0.15000,0.54992
23.50000,3.85195,4.03961,1.56258,32.96635,0.30016,50.00000,2.61911,1.00000,6.00000,0.10000,0.15000,0.54992
23.55000,3.91320,4.08810,1.56257,33.05146,0.30016,50.00000,2.61911,1.00000,6.00000,0.10000,0.15000,0.54992
23.60000,3.97648,4.13391,1.56255,33.13668,0.30016,50.00000,2.61911,1.00000,6.00000,0.10000,0.15000,0.54992
23.65000,4.04170,4.17691,1.56253,33.22199,0.30016,50.00000,2.61911,1.00000,6.00000,0.10000,0.15000,0.54992
23.70000,4.10876,4.21699,1.56250,33.30737,0.30016,50.00000,2.61912,1.00000,6.00000,0.10000,0.15000,0.54992
23.75000,4.17755,4.25401,1.56248,33.39278,0.30016,50.00000,2.61912,1.00000,6.00000,0.10000,0.15000,0.54992
23.80000,4.24795,4.28787,1.56245,33.47819,0.30016,50.00000,2.61912,1.00000,6.00000,0.10000,0.15000,0.54992
23.85000,4.31982,4.31847,1.56243,33.56356,0.30015,50.00000,2.61915,1.00000,6.00000,0.10000,0.15000,0.54992
23.90000,4.39303,4.34572,1.56242,33.64890,0.30015,50.00000,2.61916,1.00000,6.00000,0.10000,0.15000,0.54993
23.95000,4.46742,4.36953,1.56241,33.73416,0.30015,50.00000,2.61918,1.00000,6.00000,0.10000,0.15000,0.54993
24.00000,4.54285,4.38983,1.56242,33.81932,0.30015,50.00000,2.61919,1.00000,6.00000,0.10000,0.15000,0.54993
24.05000,4.61915,4.40657,1.56244,33.90435,0.30014,50.00000,2.61921,1.00000,6.00000,0.10000,0.15000,0.54993
24.10000,4.69616,4.41969,1.56248,33.98923,0.30014,50.00000,2.61922,1.00000,6.00000,0.10000,0.15000,0.54993
24.15000,4.77370,4.42915,1.56254,34.07392,0.30014,50.00000,2.61924,1.00000,6.00000,0.10000,0.15000,0.54993
24.20000,4.85161,4.43495,1.56261,34.15840,0.30013,50.00000,2.61928,1.00000,6.00000,0.10000,0.15000,0.54993
24.25000,4.92970,4.43706,1.56272,34.24265,0.30013,50.00000,2.61931,1.00000,6.00000,0.10000,0.15000,0.54994
24.30000,5.00782,4.43549,1.56285,34.32667,0.30012,50.00000,2.61933,1.00000,6.00000,0.10000,0.15000,0.54994
24.35000,5.08578,4.43027,1.56300,34.41047,0.30012,50.00000,2.61936,1.00000,6.00000,0.10000,0.15000,0.54994
24.40000,5.16261,4.42070,1.52900,34.81047,0.30012,50.00000,2.61938,1.00000,6.00000,0.10000,0.15000,0.54994
24.45000,5.23502,4.40140,1.47502,34.91246,0.30012,50.00000,2.61936,1.00000,6.00000,0.10000,0.15000,0.54994
24.50000,5.30388,4.37425,1.49014,34.91246,0.30012,50.00000,2.61936,1.00000,6.00000,0.10000,0.15000,0.54994
24.55000,5.37081,4.34113,1.50078,34.91246,0.30013,50.00000,2.61932,1.00000,6.00000,0.10000,0.15000,0.54994
24.60000,5.43854,4.30814,1.51110,34.91246,0.30014,50.00000,2.61926,1.00000,6.00000,0.10000,0.15000,0.54993
24.65000,5.50729,4.27674,1.51152,34.93201,0.30014,50.00000,2.61921,1.00000,6.00000,0.10000,0.15000,0.54993
24.70000,5.57515,4.24345,1.51205,34.99076,0.30015,50.00000,2.61919,1.00000,6.00000,0.10000,0.15000,0.54993
24.75000,5.64218,4.20847,1.51250,35.06404,0.30015,50.00000,2.61920,1.00000,6.00000,0.10000,0.15000,0.54993
24.80000,5.70828,4.17171,1.51295,35.14259,0.30015,50.00000,2.61919,1.00000,6.00000,0.10000,0.15000,0.54993
24.85000,5.77337,4.13314,1.51341,35.22294,0.30015,50.00000,2.61919,1.00000,6.00000,0.10000,0.15000,0.54993
24.90000,5.83737,4.09274,1.51387,35.30376,0.30014,50.00000,2.61920,1.00000,6.00000,0.10000,0.15000,0.54993
24.95000,5.90020,4.05052,1.51435,35.38453,0.30014,50.00000,2.61922,1.00000,6.00000,0.10000,0.15000,0.54993
25.00000,5.96178,4.00645,1.51484,35.46504,0.30013,50.00000,2.61926,1.00000,6.00000,0.10000,0.15000,0.54993
25.05000,6.02205,3.96055,1.51535,35.54521,0.30013,50.00000,2.61930,1.00000,6.00000,0.10000,0.15000,0.54994
25.10000,6.08093,3.91285,1.51588,35.62502,0.30014,50.00000,2.61925,1.00000,6.00000,0.10000,0.15000,0.54993
25.15000,6.13835,3.86336,1.51644,35.70446,0.30013,50.00000,2.61929,1.00000,6.00000,0.10000,0.15000,0.54994
25.20000,6.19425,3.81212,1.51702,35.78355,0.30012,50.00000,2.61934,1.00000,6.00000,0.10000,0.15000,0.54994
25.25000,6.24858,3.75917,1.51762,35.86229,0.30011,50.00000,2.61940,1.00000,6.00000,0.10000,0.15000,0.54994
25.30000,6.30128,3.70456,1.51824,35.94070,0.30010,50.00000,2.61945,1.00000,6.00000,0.10000,0.15000,0.54995
25.35000,6.35231,3.64833,1.51890,36.01880,0.30010,50.00000,2.61951,1.00000,6.00000,0.10000,0.15000,0.54995
25.40000,6.40162,3.59056,1.51957,36.09661,0.30010,50.00000,2.61948,1.00000,6.00000,0.10000,0.15000,0.54995
25.45000,6.44918,3.53129,1.52028,36.17415,0.30009,50.00000,2.61954,1.00000,6.00000,0.10000,0.15000,0.54996
25.50000,6.49497,3.47059,1.52101,36.25144,0.30008,50.00000,2.61961,1.00000,6.00000,0.10000,0.15000,0.54996
25.55000,6.53895,3.40853,1.52177,36.32851,0.30007,50.00000,2.61967,1.00000,6.00000,0.10000,0.15000,0.54997
25.60000,6.58113,3.34518,1.52255,36.40538,0.30006,50.00000,2.61973,1.00000,6.00000,0.10000,0.15000,0.54997
25.65000,6.62148,3.28061,1.52336,36.48206,0.30005,50.00000,2.61978,1.00000,6.00000,0.10000,0.15000,0.54997
25.70000,6.66001,3.21488,1.52419,36.55859,0.30004,50.00000,2.61984,1.00000,6.00000,0.10000,0.15000,0.54998
25.75000,6.69671,3.14807,1.52505,36.63497,0.30004,50.00000,2.61982,1.00000,6.00000,0.10000,0.15000,0.54998
25.80000,6.73160,3.08025,1.52594,36.71122,0.30003,50.00000,2.61989,1.00000,6.00000,0.10000,0.15000,0.54998
25.85000,6.76469,3.01148,1.52685,36.78737,0.30002,50.00000,2.61994,1.00000,6.00000,0.10000,0.15000,0.54999
25.90000,6.79599,2.94182,1.52778,36.86344,0.30001,50.00000,2.62000,1.00000,6.00000,0.10000,0.15000,0.54999
25.95000,6.82553,2.87135,1.52874,36.93943,0.30001,50.00000,2.62005,1.00000,6.00000,0.10000,0.15000,0.55000
26.00000,6.85333,2.80013,1.52973,37.01537,0.30000,50.00000,2.62010,1.00000,6.00000,0.10000,0.15000,0.55000
26.05000,6.87943,2.72821,1.53074,37.09128,0.29999,50.00000,2.62014,1.00000,6.00000,0.10000,0.15000,0.55000
26.10000,6.90388,2.65566,1.53177,37.16716,0.29997,50.00000,2.62027,1.00000,6.00000,0.10000,0.15000,0.55001
26.15000,6.92669,2.58252,1.53281,37.24304,0.29997,50.00000,2.62025,1.00000,6.00000,0.10000,0.15000,0.55001
26.20000,6.94784,2.50883,1.53390,37.31893,0.29997,50.00000,2.62025,1.00000,6.00000,0.10000,0.15000,0.55001
26.25000,6.96734,2.43462,1.53506,37.39485,0.29997,50.00000,2.62027,1.00000,6.00000,0.10000,0.15000,0.55001
26.30000,6.98521,2.35995,1.53630,37.47081,0.29997,50.00000,2.62029,1.00000,6.00000,0.10000,0.15000,0.55002
26.35000,7.00152,2.28486,1.53763,37.54683,0.29996,50.00000,2.62032,1.00000,6.00000,0.10000,0.15000,0.55002
26.40000,7.01633,2.20938,1.53902,37.62292,0.29997,50.00000,2.62028,1.00000,6.00000,0.10000,0.15000,0.55002
26.45000,7.02974,2.13357,1.54049,37.69910,0.29994,50.00000,2.62049,1.00000,6.00000,0.10000,0.15000,0.55003
26.50000,7.04183,2.05746,1.54201,37.77538,0.29994,50.00000,2.62044,1.00000,6.00000,0.10000,0.15000,0.55003
26.55000,7.05270,1.98110,1.54357,37.85176,0.29994,50.00000,2.62043,1.00000,6.00000,0.10000,0.15000,0.55003
26.60000,7.06247,1.90450,1.54517,37.92826,0.29995,50.00000,2.62043,1.00000,6.00000,0.10000,0.15000,0.55003
26.65000,7.07124,1.82770,1.54680,38.00488,0.29994,50.00000,2.62044,1.00000,6.00000,0.10000,0.15000,0.55003
26.70000,7.07912,1.75072,1.54845,38.08162,0.29994,50.00000,2.62044,1.00000,6.00000,0.10000,0.15000,0.55003
26.75000,7.08622,1.67358,1.55012,38.15850,0.29991,50.00000,2.62063,1.00000,6.00000,0.10000,0.15000,0.55004
26.80000,7.09264,1.59630,1.55180,38.23551,0.29992,50.00000,2.62057,1.00000,6.00000,0.10000,0.15000,0.55004
26.85000,7.09850,1.51889,1.55348,38.31265,0.29993,50.00000,2.62054,1.00000,6.00000,0.10000,0.15000,0.55004
26.90000,7.10389,1.44137,1.55516,38.38993,0.29993,50.00000,2.62053,1.00000,6.00000,0.10000,0.15000,0.55003
26.95000,7.10891,1.36373,1.55683,38.46734,0.29993,50.00000,2.62052,1.00000,6.00000,0.10000,0.15000,0.55003
27.00000,7.11365,1.28599,1.55850,38.54493,0.29993,50.00000,2.62053,1.00000,6.00000,0.10000,0.15000,0.55003
27.05000,7.11821,1.20816,1.56015,38.62269,0.29993,50.00000,2.62053,1.00000,6.00000,0.10000,0.15000,0.55004
27.10000,7.12266,1.13024,1.56179,38.70055,0.29990,50.00000,2.62071,1.00000,6.00000,0.10000,0.15000,0.55005
27.15000,7.12709,1.05223,1.56340,38.77846,0.29991,50.00000,2.62065,1.00000,6.00000,0.10000,0.15000,0.55004
27.20000,7.13158,0.97415,1.56499,38.85666,0.29991,50.00000,2.62062,1.00000,6.00000,0.10000,0.15000,0.55004
27.25000,7.13619,0.89600,1.56656,38.93573,0.29992,50.00000,2.62061,1.00000,6.00000,0.10000,0.15000,0.55004
27.30000,7.14100,0.81778,1.56809,39.01570,0.29992,50.00000,2.62061,1.00000,6.00000,0.10000,0.15000,0.55004
27.35000,7.14609,0.73950,1.56959,39.09569,0.29992,50.00000,2.62061,1.00000,6.00000,0.10000,0.15000,0.55004
27.40000,7.15152,0.66117,1.57105,39.17518,0.29989,50.00000,2.62080,1.00000,6.00000,0.10000,0.15000,0.55006
27.45000,7.15736,0.58280,1.57248,39.25433,0.29990,50.00000,2.62073,1.00000,6.00000,0.10000,0.15000,0.55005
27.50000,7.16367,0.50440,1.57387,39.33348,0.29990,50.00000,2.62071,1.00000,6.00000,0.10000,0.15000,0.55005
27.55000,7.17053,0.42597,1.57523,39.41273,0.29990,50.00000,2.62070,1.00000,6.00000,0.10000,0.15000,0.55005
27.60000,7.17800,0.34753,1.57656,39.49213,0.29990,50.00000,2.62070,1.00000,6.00000,0.10000,0.15000,0.55005
27.65000,7.18613,0.26909,1.57786,39.57168,0.29990,50.00000,2.62070,1.00000,6.00000,0.10000,0.15000,0.55005
27.70000,7.19499,0.19066,1.57913,39.65139,0.29990,50.00000,2.62070,1.00000,6.00000,0.10000,0.15000,0.55005
27.75000,7.20464,0.11227,1.58038,39.73127,0.29990,50.00000,2.62071,1.00000,6.00000,0.10000,0.15000,0.55005
27.80000,7.21514,0.03392,1.58159,39.81133,0.29990,50.00000,2.62072,1.00000,6.00000,0.10000,0.15000,0.55005
27.85000,7.22654,-0.04436,1.58278,39.89155,0.29990,50.00000,2.62073,1.00000,6.00000,0.10000,0.15000,0.55005
27.90000,7.23891,-0.12256,1.58394,39.97195,0.29990,50.00000,2.62073,1.00000,6.00000,0.10000,0.15000,0.55005
27.95000,7.25228,-0.20065,1.58507,40.05252,0.29990,50.00000,2.62074,1.00000,6.00000,0.10000,0.15000,0.55005
28.00000,7.26673,-0.27860,1.58618,40.13327,0.29989,50.00000,2.62075,1.00000,6.00000,0.10000,0.15000,0.55005
28.05000,7.28230,-0.35639,1.58727,40.21418,0.29989,50.00000,2.62075,1.00000,6.00000,0.10000,0.15000,0.55005
28.10000,7.29904,-0.43400,1.58833,40.29525,0.29989,50.00000,2.62076,1.00000,6.00000,0.10000,0.15000,0.55005
28.15000,7.31700,-0.51138,1.58938,40.37649,0.29989,50.00000,2.62077,1.00000,6.00000,0.10000,0.15000,0.55005
28.20000,7.33623,-0.58852,1.59040,40.45789,0.29989,50.00000,2.62077,1.00000,6.00000,0.10000,0.15000,0.55005
28.25000,7.35676,-0.66537,1.59141,40.53944,0.29989,50.00000,2.62077,1.00000,6.00000,0.10000,0.15000,0.55005
28.30000,7.37863,-0.74190,1.59239,40.62114,0.29989,50.00000,2.62078,1.00000,6.00000,0.10000,0.15000,0.55006
28.35000,7.40189,-0.81807,1.59336,40.70297,0.29989,50.00000,2.62078,1.00000,6.00000,0.10000,0.15000,0.55006
28.40000,7.42657,-0.89384,1.59430,40.78494,0.29989,50.00000,2.62079,1.00000,6.00000,0.10000,0.15000,0.55006
28.45000,7.45271,-0.96917,1.59524,40.86703,0.29989,50.00000,2.62078,1.00000,6.00000,0.10000,0.15000,0.55006
28.50000,7.48034,-1.04402,1.59615,40.94924,0.29989,50.00000,2.62078,1.00000,6.00000,0.10000,0.15000,0.55006
28.55000,7.50948,-1.11834,1.59706,41.03155,0.29989,50.00000,2.62078,1.00000,6.00000,0.10000,0.15000,0.55006
28.60000,7.54017,-1.19208,1.59794,41.11397,0.29989,50.00000,2.62078,1.00000,6.00000,0.10000,0.15000,0.55006
28.65000,7.57242,-1.26520,1.59882,41.19647,0.29989,50.00000,2.62078,1.00000,6.00000,0.10000,0.15000,0.55006
28.70000,7.60626,-1.33765,1.59969,41.27906,0.29989,50.00000,2.62078,1.00000,6.00000,0.10000,0.15000,0.55006
28.75000,7.64170,-1.40938,1.60054,41.36172,0.29989,50.00000,2.62077,1.00000,6.00000,0.10000,0.15000,0.55005
28.80000,7.67876,-1.48033,1.60139,41.44445,0.29989,50.00000,2.62077,1.00000,6.00000,0.10000,0.15000,0.55005
28.85000,7.71744,-1.55046,1.60222,41.52725,0.29989,50.00000,2.62077,1.00000,6.00000,0.10000,0.15000,0.55005
28.90000,7.75776,-1.61971,1.60305,41.61010,0.29989,50.00000,2.62076,1.00000,6.00000,0.10000,0.15000,0.55005
28.95000,7.79971,-1.68802,1.60387,41.69301,0.29989,50.00000,2.62076,1.00000,6.00000,0.10000,0.15000,0.55005
29.00000,7.84330,-1.75536,1.60469,41.77596,0.29989,50.00000,2.62075,1.00000,6.00000,0.10000,0.15000,0.55005
29.05000,7.88852,-1.82166,1.60550,41.85896,0.29990,50.00000,2.62074,1.00000,6.00000,0.10000,0.15000,0.55005
29.10000,7.93537,-1.88687,1.60631,41.94199,0.29990,50.00000,2.62073,1.00000,6.00000,0.10000,0.15000,0.55005
29.15000,7.98384,-1.95093,1.60712,42.02505,0.29990,50.00000,2.62072,1.00000,6.00000,0.10000,0.15000,0.55005
29.20000,8.03391,-2.01380,1.60792,42.10814,0.29990,50.00000,2.62072,1.00000,6.00000,0.10000,0.15000,0.55005
29.25000,8.08557,-2.07543,1.60872,42.19121,0.29990,50.00000,2.62071,1.00000,6.00000,0.10000,0.15000,0.55005
29.30000,8.13880,-2.13576,1.60953,42.27424,0.29990,50.00000,2.62069,1.00000,6.00000,0.10000,0.15000,0.55005
29.35000,8.19357,-2.19474,1.61033,42.35725,0.29990,50.00000,2.62068,1.00000,6.00000,0.10000,0.15000,0.55005
29.40000,8.24986,-2.25234,1.61114,42.44027,0.29991,50.00000,2.62067,1.00000,6.00000,0.10000,0.15000,0.55005
29.45000,8.30765,-2.30849,1.61196,42.52330,0.29991,50.00000,2.62066,1.00000,6.00000,0.10000,0.15000,0.55005
29.50000,8.36689,-2.36316,1.61277,42.60630,0.29991,50.00000,2.62065,1.00000,6.00000,0.10000,0.15000,0.55004
29.55000,8.42756,-2.41631,1.61359,42.68925,0.29991,50.00000,2.62064,1.00000,6.00000,0.10000,0.15000,0.55004
29.60000,8.48962,-2.46790,1.61442,42.77216,0.29991,50.00000,2.62062,1.00000,6.00000,0.10000,0.15000,0.55004
29.65000,8.55303,-2.51788,1.61526,42.85503,0.29992,50.00000,2.62060,1.00000,6.00000,0.10000,0.15000,0.55004
29.70000,8.61774,-2.56623,1.61610,42.93786,0.29992,50.00000,2.62059,1.00000,6.00000,0.10000,0.15000,0.55004
29.75000,8.68372,-2.61291,1.61695,43.02064,0.29992,50.00000,2.62057,1.00000,6.00000,0.10000,0.15000,0.55004
29.80000,8.75093,-2.65789,1.61782,43.10335,0.29992,50.00000,2.62056,1.00000,6.00000,0.10000,0.15000,0.55004
29.85000,8.81930,-2.70115,1.61869,43.18600,0.29993,50.00000,2.62055,1.00000,6.00000,0.10000,0.15000,0.55004
29.90000,8.88880,-2.74267,1.61957,43.26858,0.29993,50.00000,2.62052,1.00000,6.00000,0.10000,0.15000,0.55003
29.95000,8.95937,-2.78242,1.62047,43.35110,0.29993,50.00000,2.62050,1.00000,6.00000,0.10000,0.15000,0.55003
30.00000,9.03097,-2.82039,1.62138,43.43356,0.29994,50.00000,2.62048,1.00000,6.00000,0.10000,0.15000,0.55003
30.05000,9.10355,-2.85656,1.62230,43.51597,0.29994,50.00000,2.62047,1.00000,6.00000,0.10000,0.15000,0.55003
30.10000,9.17704,-2.89093,1.62323,43.59832,0.29994,50.00000,2.62045,1.00000,6.00000,0.10000,0.15000,0.55003
30.15000,9.25141,-2.92349,1.62418,43.68062,0.29994,50.00000,2.62043,1.00000,6.00000,0.10000,0.15000,0.55003
30.20000,9.32660,-2.95424,1.62514,43.76288,0.29995,50.00000,2.62040,1.00000,6.00000,0.10000,0.15000,0.55003
30.25000,9.40255,-2.98317,1.62612,43.84509,0.29995,50.00000,2.62039,1.00000,6.00000,0.10000,0.15000,0.55002
30.30000,9.47922,-3.01030,1.62711,43.92727,0.29996,50.00000,2.62037,1.00000,6.00000,0.10000,0.15000,0.55002
30.35000,9.55656,-3.03562,1.62811,44.00940,0.29996,50.00000,2.62035,1.00000,6.00000,0.10000,0.15000,0.55002
30.40000,9.63452,-3.05915,1.62913,44.09151,0.29999,50.00000,2.62016,1.00000,6.00000,0.10000,0.15000,0.55001
30.45000,9.71304,-3.08090,1.63016,44.17359,0.29998,50.00000,2.62021,1.00000,6.00000,0.10000,0.15000,0.55001
30.50000,9.79209,-3.10089,1.63121,44.25564,0.29998,50.00000,2.62024,1.00000,6.00000,0.10000,0.15000,0.55001
30.55000,9.87161,-3.11912,1.63228,44.33767,0.29998,50.00000,2.62024,1.00000,6.00000,0.10000,0.15000,0.55001
30.60000,9.95156,-3.13563,1.63336,44.41970,0.29998,50.00000,2.62023,1.00000,6.00000,0.10000,0.15000,0.55001
30.65000,10.03190,-3.15043,1.63445,44.50171,0.29998,50.00000,2.62022,1.00000,6.00000,0.10000,0.15000,0.55001
30.70000,10.11259,-3.16354,1.63556,44.58371,0.30001,50.00000,2.62005,1.00000,6.00000,0.10000,0.15000,0.55000
30.75000,10.19359,-3.17499,1.63668,44.66572,0.30000,50.00000,2.62010,1.00000,6.00000,0.10000,0.15000,0.55000
30.80000,10.27486,-3.18482,1.63782,44.74773,0.29999,50.00000,2.62013,1.00000,6.00000,0.10000,0.15000,0.55000
30.85000,10.35636,-3.19303,1.63897,44.82974,0.29999,50.00000,2.62014,1.00000,6.00000,0.10000,0.15000,0.55000
30.90000,10.43807,-3.19967,1.64014,44.91176,0.29999,50.00000,2.62013,1.00000,6.00000,0.10000,0.15000,0.55000
30.95000,10.51995,-3.20477,1.64132,44.99380,0.30000,50.00000,2.62012,1.00000,6.00000,0.10000,0.15000,0.55000
31.00000,10.60197,-3.20835,1.64252,45.07585,0.30002,50.00000,2.61995,1.00000,6.00000,0.10000,0.15000,0.54999
31.05000,10.68409,-3.21044,1.64374,45.15792,0.30001,50.00000,2.62002,1.00000,6.00000,0.10000,0.15000,0.54999
31.10000,10.76631,-3.21108,1.64497,45.24001,0.30001,50.00000,2.62004,1.00000,6.00000,0.10000,0.15000,0.55000
31.15000,10.84858,-3.21028,1.64621,45.32213,0.30001,50.00000,2.62005,1.00000,6.00000,0.10000,0.15000,0.55000
31.20000,10.93089,-3.20802,1.64749,45.40429,0.30001,50.00000,2.62005,1.00000,6.00000,0.10000,0.15000,0.55000
31.25000,11.01247,-3.20348,1.61683,45.40429,0.30001,50.00000,2.62004,1.00000,6.00000,0.10000,0.15000,0.55000
31.30000,11.09074,-3.19002,1.56049,45.40429,0.30001,50.00000,2.62002,1.00000,6.00000,0.10000,0.15000,0.54999
31.35000,11.16342,-3.16590,1.50752,45.40429,0.30001,50.00000,2.62006,1.00000,6.00000,0.10000,0.15000,0.55000
31.40000,11.23402,-3.13409,1.59917,45.80429,0.29999,50.00000,2.62017,1.00000,6.00000,0.10000,0.15000,0.55001
31.45000,11.30411,-3.09472,1.61583,45.81889,0.29998,50.00000,2.62020,1.00000,6.00000,0.10000,0.15000,0.55001
31.50000,11.37479,-3.05488,1.62789,45.87545,0.29994,50.00000,2.62048,1.00000,6.00000,0.10000,0.15000,0.55003
31.55000,11.44804,-3.01931,1.62863,45.94810,0.29990,50.00000,2.62071,1.00000,6.00000,0.10000,0.15000,0.55005
31.60000,11.52332,-2.98825,1.62888,46.02687,0.29989,50.00000,2.62075,1.00000,6.00000,0.10000,0.15000,0.55005
31.65000,11.59980,-2.96017,1.63029,46.10780,0.29986,50.00000,2.62096,1.00000,6.00000,0.10000,0.15000,0.55007
31.70000,11.67718,-2.93439,1.63215,46.18989,0.29984,50.00000,2.62110,1.00000,6.00000,0.10000,0.15000,0.55008
31.75000,11.75526,-2.91051,1.63416,46.27266,0.29982,50.00000,2.62119,1.00000,6.00000,0.10000,0.15000,0.55009
31.80000,11.83393,-2.88825,1.63620,46.35583,0.29981,50.00000,2.62125,1.00000,6.00000,0.10000,0.15000,0.55009
31.85000,11.91308,-2.86736,1.63824,46.43923,0.29981,50.00000,2.62129,1.00000,6.00000,0.10000,0.15000,0.55010
31.90000,11.99263,-2.84764,1.64025,46.52275,0.29980,50.00000,2.62131,1.00000,6.00000,0.10000,0.15000,0.55010
31.95000,12.07252,-2.82887,1.64224,46.60631,0.29980,50.00000,2.62131,1.00000,6.00000,0.10000,0.15000,0.55010
32.00000,12.15268,-2.81087,1.64420,46.68984,0.29980,50.00000,2.62131,1.00000,6.00000,0.10000,0.15000,0.55010
32.05000,12.23307,-2.79347,1.64612,46.77332,0.29981,50.00000,2.62129,1.00000,6.00000,0.10000,0.15000,0.55010
32.10000,12.31366,-2.77651,1.64801,46.85673,0.29981,50.00000,2.62126,1.00000,6.00000,0.10000,0.15000,0.55009
32.15000,12.39441,-2.75986,1.64987,46.94008,0.29982,50.00000,2.62122,1.00000,6.00000,0.10000,0.15000,0.55009
32.20000,12.47529,-2.74341,1.65169,47.02345,0.29982,50.00000,2.62118,1.00000,6.00000,0.10000,0.15000,0.55009
32.25000,12.55629,-2.72706,1.65347,47.10697,0.29983,50.00000,2.62114,1.00000,6.00000,0.10000,0.15000,0.55008
32.30000,12.63738,-2.71072,1.65521,47.19098,0.29984,50.00000,2.62109,1.00000,6.00000,0.10000,0.15000,0.55008
32.35000,12.71854,-2.69434,1.65692,47.27554,0.29985,50.00000,2.62103,1.00000,6.00000,0.10000,0.15000,0.55008
32.40000,12.79978,-2.67786,1.65858,47.35990,0.29986,50.00000,2.62098,1.00000,6.00000,0.10000,0.15000,0.55007
32.45000,12.88107,-2.66125,1.66020,47.44342,0.29987,50.00000,2.62092,1.00000,6.00000,0.10000,0.15000,0.55007
32.50000,12.96240,-2.64447,1.66179,47.52635,0.29987,50.00000,2.62091,1.00000,6.00000,0.10000,0.15000,0.55007
32.55000,13.04378,-2.62749,1.66333,47.60927,0.29988,50.00000,2.62083,1.00000,6.00000,0.10000,0.15000,0.55006
32.60000,13.12518,-2.61029,1.66482,47.69231,0.29989,50.00000,2.62076,1.00000,6.00000,0.10000,0.15000,0.55005
32.65000,13.20661,-2.59283,1.66628,47.77537,0.29990,50.00000,2.62070,1.00000,6.00000,0.10000,0.15000,0.55005
32.70000,13.28805,-2.57511,1.66769,47.85844,0.29991,50.00000,2.62064,1.00000,6.00000,0.10000,0.15000,0.55004
32.75000,13.36951,-2.55711,1.66906,47.94154,0.29992,50.00000,2.62059,1.00000,6.00000,0.10000,0.15000,0.55004
32.80000,13.45096,-2.53880,1.67038,48.02470,0.29992,50.00000,2.62059,1.00000,6.00000,0.10000,0.15000,0.55004
32.85000,13.53241,-2.52017,1.67166,48.10794,0.29993,50.00000,2.62052,1.00000,6.00000,0.10000,0.15000,0.55003
32.90000,13.61385,-2.50122,1.67290,48.19124,0.29994,50.00000,2.62047,1.00000,6.00000,0.10000,0.15000,0.55003
32.95000,13.69526,-2.48192,1.67408,48.27461,0.29994,50.00000,2.62043,1.00000,6.00000,0.10000,0.15000,0.55003
33.00000,13.77666,-2.46225,1.67522,48.35806,0.29995,50.00000,2.62040,1.00000,6.00000,0.10000,0.15000,0.55002
33.05000,13.85801,-2.44221,1.67631,48.44160,0.29996,50.00000,2.62037,1.00000,6.00000,0.10000,0.15000,0.55002
33.10000,13.93932,-2.42178,1.67735,48.52521,0.29995,50.00000,2.62039,1.00000,6.00000,0.10000,0.15000,0.55002
33.15000,14.02058,-2.40092,1.67834,48.60891,0.29996,50.00000,2.62035,1.00000,6.00000,0.10000,0.15000,0.55002
33.20000,14.10178,-2.37962,1.67928,48.69267,0.29996,50.00000,2.62033,1.00000,6.00000,0.10000,0.15000,0.55002
33.25000,14.18289,-2.35786,1.68017,48.77651,0.29996,50.00000,2.62032,1.00000,6.00000,0.10000,0.15000,0.55002
33.30000,14.26392,-2.33559,1.68100,48.86042,0.29996,50.00000,2.62032,1.00000,6.00000,0.10000,0.15000,0.55002
33.35000,14.34484,-2.31280,1.68179,48.94438,0.29996,50.00000,2.62032,1.00000,6.00000,0.10000,0.15000,0.55002
33.40000,14.42564,-2.28944,1.68252,49.02838,0.29996,50.00000,2.62036,1.00000,6.00000,0.10000,0.15000,0.55002
33.45000,14.50629,-2.26546,1.68321,49.11244,0.29996,50.00000,2.62035,1.00000,6.00000,0.10000,0.15000,0.55002
33.50000,14.58679,-2.24084,1.68383,49.19652,0.29996,50.00000,2.62034,1.00000,6.00000,0.10000,0.15000,0.55002
33.55000,14.66710,-2.21551,1.68441,49.28065,0.29996,50.00000,2.62035,1.00000,6.00000,0.10000,0.15000,0.55002
33.60000,14.74719,-2.18943,1.68493,49.36480,0.29996,50.00000,2.62036,1.00000,6.00000,0.10000,0.15000,0.55002
33.65000,14.82704,-2.16255,1.68540,49.44898,0.29995,50.00000,2.62038,1.00000,6.00000,0.10000,0.15000,0.55002
33.70000,14.90662,-2.13479,1.68582,49.53320,0.29995,50.00000,2.62041,1.00000,6.00000,0.10000,0.15000,0.55003
33.75000,14.98589,-2.10611,1.68618,49.61747,0.29995,50.00000,2.62039,1.00000,6.00000,0.10000,0.15000,0.55002
33.80000,15.06482,-2.07645,1.68649,49.70180,0.29995,50.00000,2.62038,1.00000,6.00000,0.10000,0.15000,0.55002
33.85000,15.14337,-2.04576,1.68675,49.78622,0.29995,50.00000,2.62038,1.00000,6.00000,0.10000,0.15000,0.55002
33.90000,15.22149,-2.01397,1.68696,49.87077,0.29995,50.00000,2.62039,1.00000,6.00000,0.10000,0.15000,0.55002
33.95000,15.29915,-1.98104,1.68712,49.95549,0.29995,50.00000,2.62039,1.00000,6.00000,0.10000,0.15000,0.55002
34.00000,15.37629,-1.94690,1.68724,50.04043,0.29995,50.00000,2.62040,1.00000,6.00000,0.10000,0.15000,0.55003
34.05000,15.45288,-1.91152,1.68729,50.12564,0.29995,50.00000,2.62042,1.00000,6.00000,0.10000,0.15000,0.55003
34.10000,15.52884,-1.87481,1.68729,50.21119,0.29995,50.00000,2.62043,1.00000,6.00000,0.10000,0.15000,0.55003
34.15000,15.60410,-1.83670,1.68724,50.29715,0.29994,50.00000,2.62044,1.00000,6.00000,0.10000,0.15000,0.55003
34.20000,15.67858,-1.79709,1.68711,50.38359,0.29994,50.00000,2.62045,1.00000,6.00000,0.10000,0.15000,0.55003
34.25000,15.75216,-1.75586,1.68690,50.47059,0.29994,50.00000,2.62047,1.00000,6.00000,0.10000,0.15000,0.55003
34.30000,15.82471,-1.71286,1.68659,50.55823,0.29994,50.00000,2.62049,1.00000,6.00000,0.10000,0.15000,0.55003
34.35000,15.89606,-1.66793,1.68619,50.64660,0.29993,50.00000,2.62050,1.00000,6.00000,0.10000,0.15000,0.55003
34.40000,15.96603,-1.62091,1.68567,50.73577,0.29993,50.00000,2.62052,1.00000,6.00000,0.10000,0.15000,0.55003
34.45000,16.03437,-1.57162,1.68499,50.82583,0.29993,50.00000,2.62054,1.00000,6.00000,0.10000,0.15000,0.55004
34.50000,16.10081,-1.51984,1.68415,50.91684,0.29992,50.00000,2.62056,1.00000,6.00000,0.10000,0.15000,0.55004
34.55000,16.16501,-1.46541,1.68312,51.00889,0.29992,50.00000,2.62058,1.00000,6.00000,0.10000,0.15000,0.55004
34.60000,16.22662,-1.40813,1.68189,51.10203,0.29992,50.00000,2.62059,1.00000,6.00000,0.10000,0.15000,0.55004
34.65000,16.28523,-1.34788,1.68044,51.19633,0.29992,50.00000,2.62059,1.00000,6.00000,0.10000,0.15000,0.55004
34.70000,16.34037,-1.28455,1.67876,51.29182,0.29992,50.00000,2.62061,1.00000,6.00000,0.10000,0.15000,0.55004
34.75000,16.39157,-1.21810,1.67685,51.38856,0.29991,50.00000,2.62063,1.00000,6.00000,0.10000,0.15000,0.55004
34.80000,16.43829,-1.14855,1.67471,51.48654,0.29991,50.00000,2.62064,1.00000,6.00000,0.10000,0.15000,0.55004
34.85000,16.48000,-1.07603,1.67237,51.58569,0.29991,50.00000,2.62066,1.00000,6.00000,0.10000,0.15000,0.55005
34.90000,16.51618,-1.00072,1.66986,51.68589,0.29991,50.00000,2.62067,1.00000,6.00000,0.10000,0.15000,0.55005
34.95000,16.54630,-0.92294,1.66722,51.78694,0.29991,50.00000,2.62068,1.00000,6.00000,0.10000,0.15000,0.55005
35.00000,16.56990,-0.84307,1.66452,51.88862,0.29990,50.00000,2.62068,1.00000,6.00000,0.10000,0.15000,0.55005
35.05000,16.58657,-0.76162,1.66181,51.99060,0.29990,50.00000,2.62068,1.00000,6.00000,0.10000,0.15000,0.55005
35.10000,16.59600,-0.67916,1.65915,52.09253,0.29990,50.00000,2.62068,1.00000,6.00000,0.10000,0.15000,0.55005
35.15000,16.59796,-0.59631,1.65660,52.19418,0.29991,50.00000,2.62067,1.00000,6.00000,0.10000,0.15000,0.55005
35.20000,16.59233,-0.51375,1.65423,52.29526,0.29991,50.00000,2.62065,1.00000,6.00000,0.10000,0.15000,0.55005
35.25000,16.57912,-0.43219,1.65208,52.39543,0.29991,50.00000,2.62063,1.00000,6.00000,0.10000,0.15000,0.55004
35.30000,16.55845,-0.35229,1.65016,52.49450,0.29992,50.00000,2.62060,1.00000,6.00000,0.10000,0.15000,0.55004
35.35000,16.53054,-0.27472,1.64851,52.59238,0.29992,50.00000,2.62057,1.00000,6.00000,0.10000,0.15000,0.55004
35.40000,16.49571,-0.20009,1.64715,52.68891,0.29993,50.00000,2.62052,1.00000,6.00000,0.10000,0.15000,0.55003
35.45000,16.45435,-0.12893,1.64604,52.78394,0.29994,50.00000,2.62048,1.00000,6.00000,0.10000,0.15000,0.55003
35.50000,16.40692,-0.06173,1.64516,52.87746,0.29994,50.00000,2.62044,1.00000,6.00000,0.10000,0.15000,0.55003
35.55000,16.35392,0.00112,1.64451,52.96954,0.29994,50.00000,2.62044,1.00000,6.00000,0.10000,0.15000,0.55003
35.60000,16.29587,0.05930,1.64409,53.06018,0.29995,50.00000,2.62041,1.00000,6.00000,0.10000,0.15000,0.55003
35.65000,16.23333,0.11259,1.64386,53.14941,0.29995,50.00000,2.62037,1.00000,6.00000,0.10000,0.15000,0.55002
35.70000,16.16682,0.16084,1.64379,53.23734,0.29996,50.00000,2.62033,1.00000,6.00000,0.10000,0.15000,0.55002
35.75000,16.09687,0.20396,1.64385,53.32412,0.29997,50.00000,2.62028,1.00000,6.00000,0.10000,0.15000,0.55002
35.80000,16.02399,0.24192,1.64403,53.40988,0.29998,50.00000,2.62023,1.00000,6.00000,0.10000,0.15000,0.55001
35.85000,15.94865,0.27475,1.64431,53.49472,0.29998,50.00000,2.62023,1.00000,6.00000,0.10000,0.15000,0.55001
35.90000,15.87128,0.30253,1.64466,53.57877,0.29999,50.00000,2.62018,1.00000,6.00000,0.10000,0.15000,0.55001
35.95000,15.79229,0.32537,1.64508,53.66211,0.29999,50.00000,2.62015,1.00000,6.00000,0.10000,0.15000,0.55000
36.00000,15.71204,0.34341,1.64555,53.74484,0.30000,50.00000,2.62011,1.00000,6.00000,0.10000,0.15000,0.55000
36.05000,15.63087,0.35682,1.64607,53.82705,0.30000,50.00000,2.62007,1.00000,6.00000,0.10000,0.15000,0.55000
36.10000,15.54905,0.36577,1.64664,53.90880,0.30001,50.00000,2.62002,1.00000,6.00000,0.10000,0.15000,0.54999
36.15000,15.46685,0.37046,1.64723,53.99019,0.30001,50.00000,2.62002,1.00000,6.00000,0.10000,0.15000,0.54999
36.20000,15.38449,0.37109,1.64786,54.07126,0.30002,50.00000,2.61998,1.00000,6.00000,0.10000,0.15000,0.54999
36.25000,15.30215,0.36787,1.64852,54.15210,0.30002,50.00000,2.61995,1.00000,6.00000,0.10000,0.15000,0.54999
36.30000,15.22000,0.36100,1.64923,54.23276,0.30003,50.00000,2.61992,1.00000,6.00000,0.10000,0.15000,0.54999
36.35000,15.13818,0.35070,1.64995,54.31332,0.30003,50.00000,2.61989,1.00000,6.00000,0.10000,0.15000,0.54998
36.40000,15.05679,0.33716,1.65067,54.39383,0.30005,50.00000,2.61982,1.00000,6.00000,0.10000,0.15000,0.54998
36.45000,14.97593,0.32054,1.65140,54.47433,0.30005,50.00000,2.61979,1.00000,6.00000,0.10000,0.15000,0.54998
36.50000,14.89570,0.30099,1.65218,54.55488,0.30005,50.00000,2.61977,1.00000,6.00000,0.10000,0.15000,0.54997
36.55000,14.81614,0.27867,1.65306,54.63550,0.30006,50.00000,2.61975,1.00000,6.00000,0.10000,0.15000,0.54997
36.60000,14.73731,0.25378,1.65402,54.71625,0.30006,50.00000,2.61972,1.00000,6.00000,0.10000,0.15000,0.54997
36.65000,14.65921,0.22650,1.65506,54.79713,0.30006,50.00000,2.61969,1.00000,6.00000,0.10000,0.15000,0.54997
36.70000,14.58186,0.19704,1.65616,54.87819,0.30008,50.00000,2.61959,1.00000,6.00000,0.10000,0.15000,0.54996
36.75000,14.50522,0.16560,1.65732,54.95943,0.30008,50.00000,2.61957,1.00000,6.00000,0.10000,0.15000,0.54996
36.80000,14.42928,0.13238,1.65851,55.04089,0.30009,50.00000,2.61956,1.00000,6.00000,0.10000,0.15000,0.54996
36.85000,14.35398,0.09756,1.65974,55.12255,0.30008,50.00000,2.61961,1.00000,6.00000,0.10000,0.15000,0.54996
36.90000,14.27929,0.06133,1.66098,55.20441,0.30008,50.00000,2.61957,1.00000,6.00000,0.10000,0.15000,0.54996
36.95000,14.20514,0.02386,1.66224,55.28648,0.30009,50.00000,2.61954,1.00000,6.00000,0.10000,0.15000,0.54996
37.00000,14.13147,-0.01468,1.66350,55.36875,0.30010,50.00000,2.61951,1.00000,6.00000,0.10000,0.15000,0.54995
37.05000,14.05823,-0.05416,1.66476,55.45120,0.30010,50.00000,2.61948,1.00000,6.00000,0.10000,0.15000,0.54995
37.10000,13.98534,-0.09441,1.66601,55.53384,0.30010,50.00000,2.61945,1.00000,6.00000,0.10000,0.15000,0.54995
37.15000,13.91274,-0.13532,1.66725,55.61665,0.30009,50.00000,2.61951,1.00000,6.00000,0.10000,0.15000,0.54995
37.20000,13.84037,-0.17676,1.66848,55.69962,0.30010,50.00000,2.61948,1.00000,6.00000,0.10000,0.15000,0.54995
37.25000,13.76817,-0.21861,1.66969,55.78275,0.30010,50.00000,2.61946,1.00000,6.00000,0.10000,0.15000,0.54995
37.30000,13.69609,-0.26078,1.67087,55.86605,0.30011,50.00000,2.61944,1.00000,6.00000,0.10000,0.15000,0.54995
37.35000,13.62406,-0.30317,1.67203,55.94948,0.30011,50.00000,2.61942,1.00000,6.00000,0.10000,0.15000,0.54995
37.40000,13.55205,-0.34569,1.67316,56.03298,0.30011,50.00000,2.61941,1.00000,6.00000,0.10000,0.15000,0.54994
37.45000,13.48000,-0.38826,1.67424,56.11660,0.30010,50.00000,2.61948,1.00000,6.00000,0.10000,0.15000,0.54995
37.50000,13.40787,-0.43080,1.67529,56.20065,0.30010,50.00000,2.61947,1.00000,6.00000,0.10000,0.15000,0.54995
37.55000,13.33563,-0.47325,1.67630,56.28535,0.30010,50.00000,2.61946,1.00000,6.00000,0.10000,0.15000,0.54995
37.60000,13.26324,-0.51554,1.67725,56.37036,0.30010,50.00000,2.61946,1.00000,6.00000,0.10000,0.15000,0.54995
37.65000,13.19066,-0.55760,1.67815,56.45522,0.30010,50.00000,2.61945,1.00000,6.00000,0.10000,0.15000,0.54995
37.70000,13.11786,-0.59937,1.67900,56.53982,0.30010,50.00000,2.61946,1.00000,6.00000,0.10000,0.15000,0.54995
37.75000,13.04482,-0.64079,1.67979,56.62419,0.30009,50.00000,2.61953,1.00000,6.00000,0.10000,0.15000,0.54995
37.80000,12.97150,-0.68179,1.68053,56.70844,0.30009,50.00000,2.61952,1.00000,6.00000,0.10000,0.15000,0.54995
37.85000,12.89786,-0.72230,1.68121,56.79272,0.30009,50.00000,2.61952,1.00000,6.00000,0.10000,0.15000,0.54995
37.90000,12.82388,-0.76225,1.68183,56.87708,0.30009,50.00000,2.61952,1.00000,6.00000,0.10000,0.15000,0.54995
37.95000,12.74954,-0.80158,1.68240,56.96150,0.30009,50.00000,2.61951,1.00000,6.00000,0.10000,0.15000,0.54995
38.00000,12.67480,-0.84021,1.68292,57.04597,0.30009,50.00000,2.61951,1.00000,6.00000,0.10000,0.15000,0.54995
38.05000,12.59964,-0.87807,1.68337,57.13049,0.30008,50.00000,2.61958,1.00000,6.00000,0.10000,0.15000,0.54996
38.10000,12.52404,-0.91509,1.68377,57.21507,0.30009,50.00000,2.61956,1.00000,6.00000,0.10000,0.15000,0.54996
38.15000,12.44797,-0.95119,1.68412,57.29970,0.30009,50.00000,2.61954,1.00000,6.00000,0.10000,0.15000,0.54996
38.20000,12.37143,-0.98631,1.68441,57.38441,0.30009,50.00000,2.61952,1.00000,6.00000,0.10000,0.15000,0.54995
38.25000,12.29441,-1.02038,1.68465,57.46920,0.30010,50.00000,2.61951,1.00000,6.00000,0.10000,0.15000,0.54995
38.30000,12.21689,-1.05335,1.68484,57.55411,0.30010,50.00000,2.61948,1.00000,6.00000,0.10000,0.15000,0.54995
38.35000,12.13888,-1.08516,1.68498,57.63914,0.30010,50.00000,2.61946,1.00000,6.00000,0.10000,0.15000,0.54995
38.40000,12.06038,-1.11576,1.68507,57.72434,0.30011,50.00000,2.61943,1.00000,6.00000,0.10000,0.15000,0.54995
38.45000,11.98141,-1.14513,1.68512,57.80972,0.30011,50.00000,2.61939,1.00000,6.00000,0.10000,0.15000,0.54994
38.50000,11.90197,-1.17319,1.68511,57.89533,0.30012,50.00000,2.61936,1.00000,6.00000,0.10000,0.15000,0.54994
38.55000,11.82205,-1.19988,1.68503,57.98121,0.30012,50.00000,2.61932,1.00000,6.00000,0.10000,0.15000,0.54994
38.60000,11.74167,-1.22509,1.68490,58.06744,0.30013,50.00000,2.61929,1.00000,6.00000,0.10000,0.15000,0.54994
38.65000,11.66081,-1.24870,1.68468,58.15408,0.30014,50.00000,2.61925,1.00000,6.00000,0.10000,0.15000,0.54993
38.70000,11.57946,-1.27052,1.68436,58.24118,0.30014,50.00000,2.61921,1.00000,6.00000,0.10000,0.15000,0.54993
38.75000,11.49761,-1.29033,1.68397,58.32884,0.30015,50.00000,2.61917,1.00000,6.00000,0.10000,0.15000,0.54993
38.80000,11.41528,-1.30792,1.68349,58.41711,0.30016,50.00000,2.61913,1.00000,6.00000,0.10000,0.15000,0.54992
38.85000,11.33250,-1.32307,1.68296,58.50611,0.30016,50.00000,2.61909,1.00000,6.00000,0.10000,0.15000,0.54992
38.90000,11.24930,-1.33556,1.68229,58.59590,0.30017,50.00000,2.61907,1.00000,6.00000,0.10000,0.15000,0.54992
38.95000,11.16575,-1.34504,1.68132,58.68656,0.30017,50.00000,2.61905,1.00000,6.00000,0.10000,0.15000,0.54992
39.00000,11.08193,-1.35107,1.68022,58.77812,0.30017,50.00000,2.61903,1.00000,6.00000,0.10000,0.15000,0.54991
39.05000,10.99798,-1.35332,1.67907,58.87062,0.30018,50.00000,2.61901,1.00000,6.00000,0.10000,0.15000,0.54991
39.10000,10.91409,-1.35150,1.67768,58.96407,0.30018,50.00000,2.61899,1.00000,6.00000,0.10000,0.15000,0.54991
39.15000,10.83050,-1.34512,1.67562,59.05846,0.30018,50.00000,2.61898,1.00000,6.00000,0.10000,0.15000,0.54991
39.20000,10.74758,-1.33361,1.67345,59.15372,0.30018,50.00000,2.61897,1.00000,6.00000,0.10000,0.15000,0.54991
39.25000,10.66570,-1.31666,1.67126,59.24972,0.30018,50.00000,2.61897,1.00000,6.00000,0.10000,0.15000,0.54991
39.30000,10.58534,-1.29402,1.66872,59.34632,0.30018,50.00000,2.61897,1.00000,6.00000,0.10000,0.15000,0.54991
39.35000,10.50707,-1.26537,1.66573,59.44326,0.30018,50.00000,2.61898,1.00000,6.00000,0.10000,0.15000,0.54991
39.40000,10.43157,-1.23044,1.66220,59.54029,0.30018,50.00000,2.61900,1.00000,6.00000,0.10000,0.15000,0.54991
39.45000,10.35972,-1.18894,1.65745,59.63717,0.30017,50.00000,2.61902,1.00000,6.00000,0.10000,0.15000,0.54991
39.50000,10.29251,-1.14068,1.65307,59.73353,0.30017,50.00000,2.61906,1.00000,6.00000,0.10000,0.15000,0.54992
39.55000,10.23079,-1.08592,1.64816,59.82924,0.30016,50.00000,2.61909,1.00000,6.00000,0.10000,0.15000,0.54992
39.60000,10.17558,-1.02495,1.64311,59.92411,0.30015,50.00000,2.61914,1.00000,6.00000,0.10000,0.15000,0.54992
39.65000,10.12756,-0.95841,1.64067,60.01794,0.30015,50.00000,2.61919,1.00000,6.00000,0.10000,0.15000,0.54993
39.70000,10.08684,-0.88730,1.63844,60.11074,0.30014,50.00000,2.61924,1.00000,6.00000,0.10000,0.15000,0.54993
39.75000,10.05382,-0.81243,1.63624,60.20245,0.30011,50.00000,2.61942,1.00000,6.00000,0.10000,0.15000,0.54995
39.80000,10.02882,-0.73463,1.63407,60.29310,0.30011,50.00000,2.61942,1.00000,6.00000,0.10000,0.15000,0.54995
39.85000,10.01207,-0.65475,1.63213,60.38266,0.30010,50.00000,2.61945,1.00000,6.00000,0.10000,0.15000,0.54995
39.90000,10.00351,-0.57365,1.63147,60.47107,0.30010,50.00000,2.61949,1.00000,6.00000,0.10000,0.15000,0.54995
39.95000,10.00276,-0.49213,1.63119,60.55838,0.30009,50.00000,2.61954,1.00000,6.00000,0.10000,0.15000,0.54996
40.00000,10.00949,-0.41088,1.63115,60.64467,0.30008,50.00000,2.61959,1.00000,6.00000,0.10000,0.15000,0.54996
40.05000,10.02331,-0.33054,1.63131,60.73005,0.30006,50.00000,2.61975,1.00000,6.00000,0.10000,0.15000,0.54997
40.10000,10.04380,-0.25161,1.63159,60.81451,0.30006,50.00000,2.61974,1.00000,6.00000,0.10000,0.15000,0.54997
40.15000,10.07052,-0.17455,1.63191,60.89811,0.30005,50.00000,2.61979,1.00000,6.00000,0.10000,0.15000,0.54998
40.20000,10.10305,-0.09974,1.63222,60.98093,0.30004,50.00000,2.61983,1.00000,6.00000,0.10000,0.15000,0.54998
40.25000,10.14099,-0.02750,1.63255,61.06307,0.30004,50.00000,2.61987,1.00000,6.00000,0.10000,0.15000,0.54998
40.30000,10.18392,0.04191,1.63301,61.14461,0.30003,50.00000,2.61991,1.00000,6.00000,0.10000,0.15000,0.54999
40.35000,10.23140,0.10833,1.63364,61.22562,0.30001,50.00000,2.62005,1.00000,6.00000,0.10000,0.15000,0.55000
40.40000,10.28298,0.17167,1.63443,61.30619,0.30001,50.00000,2.62003,1.00000,6.00000,0.10000,0.15000,0.54999
40.45000,10.33821,0.23191,1.63531,61.38638,0.30000,50.00000,2.62007,1.00000,6.00000,0.10000,0.15000,0.55000
40.50000,10.39667,0.28909,1.63628,61.46627,0.30000,50.00000,2.62011,1.00000,6.00000,0.10000,0.15000,0.55000
40.55000,10.45798,0.34327,1.63729,61.54592,0.29999,50.00000,2.62015,1.00000,6.00000,0.10000,0.15000,0.55000
40.60000,10.52178,0.39460,1.63834,61.62537,0.29998,50.00000,2.62021,1.00000,6.00000,0.10000,0.15000,0.55001
40.65000,10.58774,0.44321,1.63940,61.70470,0.29996,50.00000,2.62036,1.00000,6.00000,0.10000,0.15000,0.55002
40.70000,10.65556,0.48928,1.64046,61.78394,0.29995,50.00000,2.62038,1.00000,6.00000,0.10000,0.15000,0.55002
40.75000,10.72497,0.53301,1.64152,61.86317,0.29995,50.00000,2.62042,1.00000,6.00000,0.10000,0.15000,0.55003
40.80000,10.79575,0.57461,1.64256,61.94245,0.29994,50.00000,2.62047,1.00000,6.00000,0.10000,0.15000,0.55003
40.85000,10.86768,0.61429,1.64358,62.02182,0.29993,50.00000,2.62054,1.00000,6.00000,0.10000,0.15000,0.55004
40.90000,10.94057,0.65229,1.64457,62.10135,0.29992,50.00000,2.62060,1.00000,6.00000,0.10000,0.15000,0.55004
40.95000,11.01425,0.68884,1.64553,62.18110,0.29989,50.00000,2.62080,1.00000,6.00000,0.10000,0.15000,0.55006
41.00000,11.08859,0.72415,1.64645,62.26113,0.29988,50.00000,2.62081,1.00000,6.00000,0.10000,0.15000,0.55006
41.05000,11.16344,0.75846,1.64733,62.34149,0.29988,50.00000,2.62085,1.00000,6.00000,0.10000,0.15000,0.55006
41.10000,11.23870,0.79199,1.64817,62.42226,0.29987,50.00000,2.62089,1.00000,6.00000,0.10000,0.15000,0.55006
41.15000,11.31424,0.82496,1.64897,62.50348,0.29986,50.00000,2.62094,1.00000,6.00000,0.10000,0.15000,0.55007
41.20000,11.38998,0.85759,1.64973,62.58528,0.29986,50.00000,2.62098,1.00000,6.00000,0.10000,0.15000,0.55007
41.25000,11.46581,0.89008,1.65043,62.66782,0.29985,50.00000,2.62102,1.00000,6.00000,0.10000,0.15000,0.55007
41.30000,11.54165,0.92265,1.65109,62.75126,0.29984,50.00000,2.62105,1.00000,6.00000,0.10000,0.15000,0.55008
41.35000,11.61741,0.95550,1.65170,62.83567,0.29984,50.00000,2.62108,1.00000,6.00000,0.10000,0.15000,0.55008
41.40000,11.69299,0.98882,1.65225,62.92101,0.29983,50.00000,2.62112,1.00000,6.00000,0.10000,0.15000,0.55008
41.45000,11.76830,1.02281,1.65275,63.00698,0.29983,50.00000,2.62115,1.00000,6.00000,0.10000,0.15000,0.55008
41.50000,11.84324,1.05766,1.65320,63.09341,0.29983,50.00000,2.62117,1.00000,6.00000,0.10000,0.15000,0.55009
41.55000,11.91771,1.09356,1.65359,63.18051,0.29982,50.00000,2.62119,1.00000,6.00000,0.10000,0.15000,0.55009
41.60000,11.99160,1.13067,1.65394,63.26847,0.29982,50.00000,2.62121,1.00000,6.00000,0.10000,0.15000,0.55009
41.65000,12.06480,1.16917,1.65424,63.35727,0.29981,50.00000,2.62123,1.00000,6.00000,0.10000,0.15000,0.55009
41.70000,12.13719,1.20919,1.65450,63.44682,0.29981,50.00000,2.62125,1.00000,6.00000,0.10000,0.15000,0.55009
41.75000,12.20864,1.25089,1.65472,63.53706,0.29981,50.00000,2.62126,1.00000,6.00000,0.10000,0.15000,0.55009
41.80000,12.27903,1.29438,1.65490,63.62792,0.29981,50.00000,2.62127,1.00000,6.00000,0.10000,0.15000,0.55009
41.85000,12.34821,1.33978,1.65506,63.71930,0.29981,50.00000,2.62127,1.00000,6.00000,0.10000,0.15000,0.55010
41.90000,12.41605,1.38717,1.65519,63.81110,0.29981,50.00000,2.62126,1.00000,6.00000,0.10000,0.15000,0.55009
41.95000,12.48240,1.43663,1.65530,63.90319,0.29981,50.00000,2.62125,1.00000,6.00000,0.10000,0.15000,0.55009
42.00000,12.54712,1.48823,1.65540,63.99545,0.29981,50.00000,2.62124,1.00000,6.00000,0.10000,0.15000,0.55009
42.05000,12.61005,1.54199,1.65549,64.08772,0.29982,50.00000,2.62123,1.00000,6.00000,0.10000,0.15000,0.55009
42.10000,12.67106,1.59793,1.65558,64.17984,0.29982,50.00000,2.62121,1.00000,6.00000,0.10000,0.15000,0.55009
42.15000,12.72999,1.65606,1.65568,64.27170,0.29982,50.00000,2.62118,1.00000,6.00000,0.10000,0.15000,0.55009
42.20000,12.78672,1.71635,1.65579,64.36322,0.29983,50.00000,2.62115,1.00000,6.00000,0.10000,0.15000,0.55009
42.25000,12.84111,1.77876,1.65592,64.45430,0.29983,50.00000,2.62111,1.00000,6.00000,0.10000,0.15000,0.55008
42.30000,12.89305,1.84325,1.65607,64.54485,0.29984,50.00000,2.62108,1.00000,6.00000,0.10000,0.15000,0.55008
42.35000,12.94241,1.90973,1.65625,64.63483,0.29985,50.00000,2.62103,1.00000,6.00000,0.10000,0.15000,0.55008
42.40000,12.98911,1.97812,1.65646,64.72423,0.29985,50.00000,2.62099,1.00000,6.00000,0.10000,0.15000,0.55007
42.45000,13.03305,2.04832,1.65670,64.81306,0.29986,50.00000,2.62094,1.00000,6.00000,0.10000,0.15000,0.55007
42.50000,13.07416,2.12024,1.65697,64.90130,0.29987,50.00000,2.62088,1.00000,6.00000,0.10000,0.15000,0.55006
42.55000,13.11239,2.19374,1.65729,64.98896,0.29991,50.00000,2.62066,1.00000,6.00000,0.10000,0.15000,0.55005
42.60000,13.14768,2.26872,1.65764,65.07608,0.29990,50.00000,2.62069,1.00000,6.00000,0.10000,0.15000,0.55005
42.65000,13.18001,2.34504,1.65803,65.16267,0.29991,50.00000,2.62068,1.00000,6.00000,0.10000,0.15000,0.55005
42.70000,13.20935,2.42258,1.65846,65.24877,0.29991,50.00000,2.62065,1.00000,6.00000,0.10000,0.15000,0.55004
42.75000,13.23571,2.50121,1.65893,65.33440,0.29992,50.00000,2.62060,1.00000,6.00000,0.10000,0.15000,0.55004
42.80000,13.25908,2.58080,1.65943,65.41960,0.29992,50.00000,2.62056,1.00000,6.00000,0.10000,0.15000,0.55004
42.85000,13.27949,2.66124,1.65998,65.50441,0.29996,50.00000,2.62034,1.00000,6.00000,0.10000,0.15000,0.55002
42.90000,13.29696,2.74238,1.66056,65.58886,0.29996,50.00000,2.62037,1.00000,6.00000,0.10000,0.15000,0.55002
42.95000,13.31154,2.82413,1.66118,65.67300,0.29996,50.00000,2.62036,1.00000,6.00000,0.10000,0.15000,0.55002
43.00000,13.32327,2.90637,1.66183,65.75684,0.29996,50.00000,2.62033,1.00000,6.00000,0.10000,0.15000,0.55002
43.05000,13.33220,2.98899,1.66252,65.84044,0.29997,50.00000,2.62029,1.00000,6.00000,0.10000,0.15000,0.55002
43.10000,13.33840,3.07190,1.66324,65.92382,0.29997,50.00000,2.62025,1.00000,6.00000,0.10000,0.15000,0.55001
43.15000,13.34195,3.15500,1.66400,66.00702,0.30001,50.00000,2.62005,1.00000,6.00000,0.10000,0.15000,0.55000
43.20000,13.34290,3.23821,1.66478,66.09006,0.30000,50.00000,2.62007,1.00000,6.00000,0.10000,0.15000,0.55000
43.25000,13.34134,3.32145,1.66560,66.17297,0.30000,50.00000,2.62007,1.00000,6.00000,0.10000,0.15000,0.55000
43.30000,13.33736,3.40466,1.66645,66.25579,0.30001,50.00000,2.62005,1.00000,6.00000,0.10000,0.15000,0.55000
43.35000,13.33103,3.48776,1.66734,66.33852,0.30001,50.00000,2.62002,1.00000,6.00000,0.10000,0.15000,0.54999
43.40000,13.32244,3.57070,1.66825,66.42121,0.30002,50.00000,2.61998,1.00000,6.00000,0.10000,0.15000,0.54999
43.45000,13.31168,3.65344,1.66919,66.50388,0.30005,50.00000,2.61979,1.00000,6.00000,0.10000,0.15000,0.54998
43.50000,13.29885,3.73593,1.67016,66.58654,0.30004,50.00000,2.61984,1.00000,6.00000,0.10000,0.15000,0.54998
43.55000,13.28403,3.81813,1.67117,66.66921,0.30004,50.00000,2.61984,1.00000,6.00000,0.10000,0.15000,0.54998
43.60000,13.26731,3.90002,1.67220,66.75191,0.30004,50.00000,2.61983,1.00000,6.00000,0.10000,0.15000,0.54998
43.65000,13.24880,3.98158,1.67325,66.83467,0.30005,50.00000,2.61981,1.00000,6.00000,0.10000,0.15000,0.54998
43.70000,13.22856,4.06279,1.67434,66.91748,0.30005,50.00000,2.61979,1.00000,6.00000,0.10000,0.15000,0.54998
43.75000,13.20667,4.14362,1.67548,67.00037,0.30008,50.00000,2.61961,1.00000,6.00000,0.10000,0.15000,0.54996
43.80000,13.18318,4.22406,1.67669,67.08335,0.30007,50.00000,2.61967,1.00000,6.00000,0.10000,0.15000,0.54997
43.85000,13.15817,4.30411,1.67797,67.16643,0.30006,50.00000,2.61970,1.00000,6.00000,0.10000,0.15000,0.54997
43.90000,13.13172,4.38377,1.67933,67.24962,0.30006,50.00000,2.61970,1.00000,6.00000,0.10000,0.15000,0.54997
43.95000,13.10394,4.46304,1.68075,67.33294,0.30006,50.00000,2.61970,1.00000,6.00000,0.10000,0.15000,0.54997
44.00000,13.07493,4.54195,1.68224,67.41639,0.30007,50.00000,2.61969,1.00000,6.00000,0.10000,0.15000,0.54997
44.05000,13.04478,4.62051,1.68377,67.49997,0.30007,50.00000,2.61968,1.00000,6.00000,0.10000,0.15000,0.54997
44.10000,13.01360,4.69875,1.68534,67.58367,0.30007,50.00000,2.61968,1.00000,6.00000,0.10000,0.15000,0.54997
44.15000,12.98148,4.77670,1.68695,67.66751,0.30007,50.00000,2.61967,1.00000,6.00000,0.10000,0.15000,0.54997
44.20000,12.94852,4.85439,1.68859,67.75147,0.30004,50.00000,2.61982,1.00000,6.00000,0.10000,0.15000,0.54998
44.25000,12.91480,4.93183,1.69025,67.83557,0.30006,50.00000,2.61973,1.00000,6.00000,0.10000,0.15000,0.54997
44.30000,12.88039,5.00907,1.69193,67.91979,0.30007,50.00000,2.61969,1.00000,6.00000,0.10000,0.15000,0.54997
44.35000,12.84539,5.08613,1.69362,68.00414,0.30007,50.00000,2.61967,1.00000,6.00000,0.10000,0.15000,0.54997
44.40000,12.80984,5.16304,1.69532,68.08860,0.30007,50.00000,2.61967,1.00000,6.00000,0.10000,0.15000,0.54997
44.45000,12.77381,5.23981,1.69702,68.17318,0.30007,50.00000,2.61967,1.00000,6.00000,0.10000,0.15000,0.54997
44.50000,12.73735,5.31648,1.69872,68.25787,0.30004,50.00000,2.61984,1.00000,6.00000,0.10000,0.15000,0.54998
44.55000,12.70050,5.39305,1.70042,68.34268,0.30005,50.00000,2.61977,1.00000,6.00000,0.10000,0.15000,0.54997
44.60000,12.66330,5.46955,1.70210,68.42760,0.30006,50.00000,2.61975,1.00000,6.00000,0.10000,0.15000,0.54997
44.65000,12.62578,5.54598,1.70377,68.51259,0.30006,50.00000,2.61975,1.00000,6.00000,0.10000,0.15000,0.54997
44.70000,12.58796,5.62236,1.70542,68.59764,0.30005,50.00000,2.61976,1.00000,6.00000,0.10000,0.15000,0.54997
44.75000,12.54986,5.69869,1.70705,68.68295,0.30005,50.00000,2.61978,1.00000,6.00000,0.10000,0.15000,0.54997
44.80000,12.51148,5.77497,1.70864,68.76880,0.30002,50.00000,2.61996,1.00000,6.00000,0.10000,0.15000,0.54999
44.85000,12.47282,5.85120,1.71021,68.85515,0.30003,50.00000,2.61991,1.00000,6.00000,0.10000,0.15000,0.54999
44.90000,12.43389,5.92738,1.71174,68.94171,0.30003,50.00000,2.61990,1.00000,6.00000,0.10000,0.15000,0.54998
44.95000,12.39466,6.00349,1.71323,69.02820,0.30003,50.00000,2.61991,1.00000,6.00000,0.10000,0.15000,0.54999
45.00000,12.35511,6.07952,1.71468,69.11426,0.30003,50.00000,2.61993,1.00000,6.00000,0.10000,0.15000,0.54999
45.05000,12.31524,6.15545,1.71610,69.19993,0.30002,50.00000,2.61996,1.00000,6.00000,0.10000,0.15000,0.54999
45.10000,12.27501,6.23128,1.71747,69.28555,0.29999,50.00000,2.62016,1.00000,6.00000,0.10000,0.15000,0.55001
45.15000,12.23440,6.30698,1.71881,69.37129,0.30000,50.00000,2.62012,1.00000,6.00000,0.10000,0.15000,0.55000
45.20000,12.19338,6.38254,1.72011,69.45711,0.30000,50.00000,2.62011,1.00000,6.00000,0.10000,0.15000,0.55000
45.25000,12.15193,6.45793,1.72138,69.54299,0.29999,50.00000,2.62013,1.00000,6.00000,0.10000,0.15000,0.55000
45.30000,12.10999,6.53313,1.72261,69.62895,0.29999,50.00000,2.62016,1.00000,6.00000,0.10000,0.15000,0.55001
45.35000,12.06755,6.60811,1.72380,69.71500,0.29998,50.00000,2.62019,1.00000,6.00000,0.10000,0.15000,0.55001
45.40000,12.02456,6.68285,1.72496,69.80115,0.29995,50.00000,2.62040,1.00000,6.00000,0.10000,0.15000,0.55002
45.45000,11.98098,6.75731,1.72608,69.88741,0.29996,50.00000,2.62037,1.00000,6.00000,0.10000,0.15000,0.55002
45.50000,11.93678,6.83146,1.72717,69.97379,0.29996,50.00000,2.62037,1.00000,6.00000,0.10000,0.15000,0.55002
45.55000,11.89190,6.90527,1.72822,70.06031,0.29995,50.00000,2.62039,1.00000,6.00000,0.10000,0.15000,0.55002
45.60000,11.84630,6.97871,1.72925,70.14697,0.29995,50.00000,2.62041,1.00000,6.00000,0.10000,0.15000,0.55003
45.65000,11.79994,7.05172,1.73024,70.23381,0.29994,50.00000,2.62044,1.00000,6.00000,0.10000,0.15000,0.55003
45.70000,11.75277,7.12427,1.73120,70.32082,0.29994,50.00000,2.62048,1.00000,6.00000,0.10000,0.15000,0.55003
45.75000,11.70475,7.19632,1.73213,70.40802,0.29993,50.00000,2.62050,1.00000,6.00000,0.10000,0.15000,0.55003
45.80000,11.65584,7.26782,1.73303,70.49543,0.29993,50.00000,2.62054,1.00000,6.00000,0.10000,0.15000,0.55004
45.85000,11.60598,7.33871,1.73390,70.58305,0.29992,50.00000,2.62057,1.00000,6.00000,0.10000,0.15000,0.55004
45.90000,11.55514,7.40896,1.73475,70.67089,0.29992,50.00000,2.62060,1.00000,6.00000,0.10000,0.15000,0.55004
45.95000,11.50327,7.47850,1.73557,70.75897,0.29991,50.00000,2.62063,1.00000,6.00000,0.10000,0.15000,0.55004
46.00000,11.45033,7.54729,1.73636,70.84730,0.29991,50.00000,2.62066,1.00000,6.00000,0.10000,0.15000,0.55005
46.05000,11.39630,7.61526,1.73713,70.93586,0.29990,50.00000,2.62068,1.00000,6.00000,0.10000,0.15000,0.55005
46.10000,11.34113,7.68237,1.73788,71.02468,0.29990,50.00000,2.62071,1.00000,6.00000,0.10000,0.15000,0.55005
46.15000,11.28480,7.74856,1.73860,71.11374,0.29990,50.00000,2.62072,1.00000,6.00000,0.10000,0.15000,0.55005
46.20000,11.22726,7.81374,1.73930,71.20303,0.29990,50.00000,2.62074,1.00000,6.00000,0.10000,0.15000,0.55005
46.25000,11.16850,7.87788,1.74000,71.29255,0.29989,50.00000,2.62076,1.00000,6.00000,0.10000,0.15000,0.55005
46.30000,11.10852,7.94092,1.74071,71.38229,0.29989,50.00000,2.62077,1.00000,6.00000,0.10000,0.15000,0.55005
46.35000,11.04734,8.00285,1.74138,71.47224,0.29989,50.00000,2.62079,1.00000,6.00000,0.10000,0.15000,0.55006
46.40000,10.98495,8.06360,1.74200,71.56237,0.29988,50.00000,2.62080,1.00000,6.00000,0.10000,0.15000,0.55006
46.45000,10.92125,8.12302,1.74258,71.65266,0.29988,50.00000,2.62081,1.00000,6.00000,0.10000,0.15000,0.55006
46.50000,10.85621,8.18102,1.74317,71.74309,0.29988,50.00000,2.62082,1.00000,6.00000,0.10000,0.15000,0.55006
46.55000,10.78981,8.23750,1.74377,71.83363,0.29988,50.00000,2.62082,1.00000,6.00000,0.10000,0.15000,0.55006
46.60000,10.72206,8.29240,1.74437,71.92426,0.29988,50.00000,2.62082,1.00000,6.00000,0.10000,0.15000,0.55006
46.65000,10.65295,8.34562,1.74496,72.01497,0.29988,50.00000,2.62081,1.00000,6.00000,0.10000,0.15000,0.55006
46.70000,10.58248,8.39708,1.74555,72.10573,0.29988,50.00000,2.62080,1.00000,6.00000,0.10000,0.15000,0.55006
46.75000,10.51066,8.44671,1.74615,72.19649,0.29989,50.00000,2.62080,1.00000,6.00000,0.10000,0.15000,0.55006
46.80000,10.43752,8.49441,1.74676,72.28723,0.29989,50.00000,2.62079,1.00000,6.00000,0.10000,0.15000,0.55006
46.85000,10.36310,8.54014,1.74739,72.37795,0.29989,50.00000,2.62077,1.00000,6.00000,0.10000,0.15000,0.55005
46.90000,10.28742,8.58383,1.74803,72.46868,0.29989,50.00000,2.62076,1.00000,6.00000,0.10000,0.15000,0.55005
46.95000,10.21055,8.62544,1.74868,72.55935,0.29989,50.00000,2.62074,1.00000,6.00000,0.10000,0.15000,0.55005
47.00000,10.13252,8.66492,1.74935,72.64988,0.29990,50.00000,2.62072,1.00000,6.00000,0.10000,0.15000,0.55005
47.05000,10.05340,8.70224,1.75004,72.74029,0.29990,50.00000,2.62070,1.00000,6.00000,0.10000,0.15000,0.55005
47.10000,9.97324,8.73738,1.75075,72.83058,0.29991,50.00000,2.62068,1.00000,6.00000,0.10000,0.15000,0.55005
47.15000,9.89211,8.77030,1.75147,72.92073,0.29994,50.00000,2.62049,1.00000,6.00000,0.10000,0.15000,0.55003
47.20000,9.81008,8.80100,1.75221,73.01073,0.29993,50.00000,2.62053,1.00000,6.00000,0.10000,0.15000,0.55003
47.25000,9.72721,8.82947,1.75297,73.10055,0.29993,50.00000,2.62054,1.00000,6.00000,0.10000,0.15000,0.55004
47.30000,9.64356,8.85571,1.75375,73.19017,0.29993,50.00000,2.62053,1.00000,6.00000,0.10000,0.15000,0.55004
47.35000,9.55921,8.87972,1.75455,73.27940,0.29993,50.00000,2.62051,1.00000,6.00000,0.10000,0.15000,0.55003
47.40000,9.47421,8.90152,1.75537,73.36806,0.29994,50.00000,2.62048,1.00000,6.00000,0.10000,0.15000,0.55003
47.45000,9.38864,8.92111,1.75621,73.45653,0.29997,50.00000,2.62029,1.00000,6.00000,0.10000,0.15000,0.55002
47.50000,9.30256,8.93854,1.75707,73.54566,0.29996,50.00000,2.62035,1.00000,6.00000,0.10000,0.15000,0.55002
47.55000,9.21603,8.95383,1.75794,73.63546,0.29995,50.00000,2.62037,1.00000,6.00000,0.10000,0.15000,0.55002
47.60000,9.12910,8.96699,1.75881,73.72481,0.29996,50.00000,2.62037,1.00000,6.00000,0.10000,0.15000,0.55002
47.65000,9.04184,8.97804,1.75971,73.81363,0.29996,50.00000,2.62035,1.00000,6.00000,0.10000,0.15000,0.55002
47.70000,8.95429,8.98701,1.76062,73.90240,0.29999,50.00000,2.62018,1.00000,6.00000,0.10000,0.15000,0.55001
47.75000,8.86651,8.99392,1.76154,73.99125,0.29998,50.00000,2.62024,1.00000,6.00000,0.10000,0.15000,0.55001
47.80000,8.77855,8.99882,1.76249,74.08000,0.29997,50.00000,2.62025,1.00000,6.00000,0.10000,0.15000,0.55001
47.85000,8.69045,9.00173,1.76345,74.16857,0.29998,50.00000,2.62024,1.00000,6.00000,0.10000,0.15000,0.55001
47.90000,8.60226,9.00269,1.76444,74.25697,0.29998,50.00000,2.62022,1.00000,6.00000,0.10000,0.15000,0.55001
47.95000,8.51402,9.00174,1.76545,74.34524,0.29998,50.00000,2.62019,1.00000,6.00000,0.10000,0.15000,0.55001
48.00000,8.42577,8.99892,1.76648,74.43341,0.30001,50.00000,2.62001,1.00000,6.00000,0.10000,0.15000,0.54999
48.05000,8.33754,8.99428,1.76754,74.52152,0.30000,50.00000,2.62006,1.00000,6.00000,0.10000,0.15000,0.55000
48.10000,8.24937,8.98787,1.76863,74.60959,0.30000,50.00000,2.62007,1.00000,6.00000,0.10000,0.15000,0.55000
48.15000,8.16129,8.97973,1.76974,74.69764,0.30001,50.00000,2.62005,1.00000,6.00000,0.10000,0.15000,0.55000
48.20000,8.07332,8.96993,1.77088,74.78569,0.30001,50.00000,2.62003,1.00000,6.00000,0.10000,0.15000,0.54999
48.25000,7.98548,8.95852,1.77206,74.87375,0.30002,50.00000,2.62000,1.00000,6.00000,0.10000,0.15000,0.54999
48.30000,7.89780,8.94557,1.77326,74.96185,0.30004,50.00000,2.61982,1.00000,6.00000,0.10000,0.15000,0.54998
48.35000,7.81029,8.93113,1.77449,75.04999,0.30003,50.00000,2.61988,1.00000,6.00000,0.10000,0.15000,0.54998
48.40000,7.72297,8.91528,1.77575,75.13818,0.30003,50.00000,2.61990,1.00000,6.00000,0.10000,0.15000,0.54998
48.45000,7.63583,8.89809,1.77703,75.22644,0.30003,50.00000,2.61989,1.00000,6.00000,0.10000,0.15000,0.54998
48.50000,7.54888,8.87962,1.77835,75.31479,0.30004,50.00000,2.61987,1.00000,6.00000,0.10000,0.15000,0.54998
48.55000,7.46214,8.85995,1.77970,75.40322,0.30004,50.00000,2.61985,1.00000,6.00000,0.10000,0.15000,0.54998
48.60000,7.37558,8.83915,1.78108,75.49175,0.30004,50.00000,2.61982,1.00000,6.00000,0.10000,0.15000,0.54998
48.65000,7.28921,8.81731,1.78249,75.58039,0.30005,50.00000,2.61980,1.00000,6.00000,0.10000,0.15000,0.54998
48.70000,7.20302,8.79450,1.78392,75.66914,0.30005,50.00000,2.61978,1.00000,6.00000,0.10000,0.15000,0.54997
48.75000,7.11699,8.77080,1.78538,75.75801,0.30005,50.00000,2.61976,1.00000,6.00000,0.10000,0.15000,0.54997
48.80000,7.03112,8.74628,1.78687,75.84700,0.30006,50.00000,2.61974,1.00000,6.00000,0.10000,0.15000,0.54997
48.85000,6.94538,8.72102,1.78838,75.93612,0.30006,50.00000,2.61972,1.00000,6.00000,0.10000,0.15000,0.54997
48.90000,6.85976,8.69511,1.78992,76.02536,0.30006,50.00000,2.61971,1.00000,6.00000,0.10000,0.15000,0.54997
48.95000,6.77423,8.66862,1.79148,76.11473,0.30006,50.00000,2.61970,1.00000,6.00000,0.10000,0.15000,0.54997
49.00000,6.68878,8.64162,1.79305,76.20423,0.30006,50.00000,2.61969,1.00000,6.00000,0.10000,0.15000,0.54997
49.05000,6.60339,8.61418,1.79469,76.29384,0.30007,50.00000,2.61969,1.00000,6.00000,0.10000,0.15000,0.54997
49.10000,6.51801,8.58643,1.79640,76.38358,0.30007,50.00000,2.61969,1.00000,6.00000,0.10000,0.15000,0.54997
49.15000,6.43261,8.55846,1.79818,76.47343,0.30007,50.00000,2.61969,1.00000,6.00000,0.10000,0.15000,0.54997
49.20000,6.34715,8.53037,1.80002,76.56341,0.30006,50.00000,2.61969,1.00000,6.00000,0.10000,0.15000,0.54997
49.25000,6.26161,8.50225,1.80191,76.65351,0.30006,50.00000,2.61970,1.00000,6.00000,0.10000,0.15000,0.54997
49.30000,6.17595,8.47417,1.80386,76.74372,0.30006,50.00000,2.61971,1.00000,6.00000,0.10000,0.15000,0.54997
49.35000,6.09015,8.44621,1.80586,76.83406,0.30006,50.00000,2.61971,1.00000,6.00000,0.10000,0.15000,0.54997
49.40000,6.00418,8.41842,1.80791,76.92451,0.30006,50.00000,2.61972,1.00000,6.00000,0.10000,0.15000,0.54997
49.45000,5.91804,8.39084,1.80999,77.01508,0.30006,50.00000,2.61973,1.00000,6.00000,0.10000,0.15000,0.54997
49.50000,5.83171,8.36352,1.81211,77.10576,0.30006,50.00000,2.61975,1.00000,6.00000,0.10000,0.15000,0.54997
49.55000,5.74518,8.33649,1.81426,77.19656,0.30005,50.00000,2.61976,1.00000,6.00000,0.10000,0.15000,0.54997
49.60000,5.65843,8.30976,1.81644,77.28747,0.30005,50.00000,2.61977,1.00000,6.00000,0.10000,0.15000,0.54997
49.65000,5.57147,8.28336,1.81864,77.37849,0.30005,50.00000,2.61978,1.00000,6.00000,0.10000,0.15000,0.54997
49.70000,5.48430,8.25729,1.82086,77.46961,0.30005,50.00000,2.61979,1.00000,6.00000,0.10000,0.15000,0.54998
49.75000,5.39691,8.23155,1.82309,77.56085,0.30005,50.00000,2.61980,1.00000,6.00000,0.10000,0.15000,0.54998
49.80000,5.30931,8.20614,1.82533,77.65218,0.30004,50.00000,2.61982,1.00000,6.00000,0.10000,0.15000,0.54998
49.85000,5.22151,8.18105,1.82758,77.74361,0.30004,50.00000,2.61983,1.00000,6.00000,0.10000,0.15000,0.54998
49.90000,5.13349,8.15627,1.82982,77.83513,0.30004,50.00000,2.61985,1.00000,6.00000,0.10000,0.15000,0.54998
49.95000,5.04528,8.13178,1.83205,77.92679,0.30004,50.00000,2.61986,1.00000,6.00000,0.10000,0.15000,0.54998
50.00000,4.95688,8.10756,1.83427,78.01859,0.30003,50.00000,2.61988,1.00000,6.00000,0.10000,0.15000,0.54998
50.05000,4.86830,8.08358,1.83648,78.11033,0.30003,50.00000,2.61990,1.00000,6.00000,0.10000,0.15000,0.54998
50.10000,4.77955,8.05983,1.83866,78.20221,0.30001,50.00000,2.62006,1.00000,6.00000,0.10000,0.15000,0.55000
50.15000,4.69063,8.03626,1.84082,78.29513,0.30002,50.00000,2.61999,1.00000,6.00000,0.10000,0.15000,0.54999
50.20000,4.60156,8.01286,1.84294,78.38925,0.30002,50.00000,2.61996,1.00000,6.00000,0.10000,0.15000,0.54999
50.25000,4.51235,7.98957,1.84503,78.48298,0.30002,50.00000,2.61996,1.00000,6.00000,0.10000,0.15000,0.54999
50.30000,4.42301,7.96638,1.84709,78.57567,0.30002,50.00000,2.61997,1.00000,6.00000,0.10000,0.15000,0.54999
50.35000,4.33355,7.94325,1.84910,78.66804,0.29999,50.00000,2.62014,1.00000,6.00000,0.10000,0.15000,0.55000
50.40000,4.24398,7.92013,1.85108,78.76055,0.30000,50.00000,2.62008,1.00000,6.00000,0.10000,0.15000,0.55000
50.45000,4.15431,7.89699,1.85303,78.85314,0.30001,50.00000,2.62006,1.00000,6.00000,0.10000,0.15000,0.55000
50.50000,4.06456,7.87379,1.85493,78.94577,0.30001,50.00000,2.62006,1.00000,6.00000,0.10000,0.15000,0.55000
50.55000,3.97474,7.85049,1.85680,79.03847,0.30000,50.00000,2.62007,1.00000,6.00000,0.10000,0.15000,0.55000
50.60000,3.88486,7.82706,1.85863,79.13127,0.29997,50.00000,2.62026,1.00000,6.00000,0.10000,0.15000,0.55001
50.65000,3.79493,7.80344,1.86043,79.22416,0.29998,50.00000,2.62020,1.00000,6.00000,0.10000,0.15000,0.55001
50.70000,3.70497,7.77961,1.86219,79.31714,0.29998,50.00000,2.62019,1.00000,6.00000,0.10000,0.15000,0.55001
50.75000,3.61499,7.75552,1.86392,79.41021,0.29998,50.00000,2.62020,1.00000,6.00000,0.10000,0.15000,0.55001
50.80000,3.52500,7.73112,1.86561,79.50339,0.29998,50.00000,2.62021,1.00000,6.00000,0.10000,0.15000,0.55001
50.85000,3.43501,7.70638,1.86727,79.59667,0.29998,50.00000,2.62024,1.00000,6.00000,0.10000,0.15000,0.55001
50.90000,3.34505,7.68125,1.86889,79.69007,0.29995,50.00000,2.62043,1.00000,6.00000,0.10000,0.15000,0.55003
50.95000,3.25514,7.65568,1.87049,79.78358,0.29995,50.00000,2.62038,1.00000,6.00000,0.10000,0.15000,0.55002
51.00000,3.16527,7.62962,1.87205,79.87720,0.29996,50.00000,2.62037,1.00000,6.00000,0.10000,0.15000,0.55002
51.05000,3.07548,7.60304,1.87358,79.97096,0.29995,50.00000,2.62038,1.00000,6.00000,0.10000,0.15000,0.55002
51.10000,2.98579,7.57588,1.87509,80.06485,0.29995,50.00000,2.62039,1.00000,6.00000,0.10000,0.15000,0.55002
51.15000,2.89621,7.54809,1.87657,80.15887,0.29992,50.00000,2.62058,1.00000,6.00000,0.10000,0.15000,0.55004
51.20000,2.80677,7.51961,1.87802,80.25304,0.29993,50.00000,2.62053,1.00000,6.00000,0.10000,0.15000,0.55004
51.25000,2.71749,7.49040,1.87946,80.34735,0.29993,50.00000,2.62052,1.00000,6.00000,0.10000,0.15000,0.55003
51.30000,2.62840,7.46040,1.88087,80.44180,0.29993,50.00000,2.62052,1.00000,6.00000,0.10000,0.15000,0.55003
51.35000,2.53952,7.42955,1.88225,80.53641,0.29993,50.00000,2.62053,1.00000,6.00000,0.10000,0.15000,0.55004
51.40000,2.45089,7.39780,1.88362,80.63118,0.29993,50.00000,2.62054,1.00000,6.00000,0.10000,0.15000,0.55004
51.45000,2.36253,7.36510,1.88497,80.72610,0.29992,50.00000,2.62056,1.00000,6.00000,0.10000,0.15000,0.55004
51.50000,2.27448,7.33139,1.88630,80.82118,0.29992,50.00000,2.62058,1.00000,6.00000,0.10000,0.15000,0.55004
51.55000,2.18677,7.29663,1.88762,80.91643,0.29992,50.00000,2.62060,1.00000,6.00000,0.10000,0.15000,0.55004
51.60000,2.09944,7.26076,1.88891,81.01183,0.29991,50.00000,2.62062,1.00000,6.00000,0.10000,0.15000,0.55004
51.65000,2.01251,7.22374,1.89019,81.10740,0.29991,50.00000,2.62063,1.00000,6.00000,0.10000,0.15000,0.55004
51.70000,1.92604,7.18554,1.89145,81.20313,0.29991,50.00000,2.62065,1.00000,6.00000,0.10000,0.15000,0.55004
51.75000,1.84005,7.14610,1.89270,81.29901,0.29991,50.00000,2.62067,1.00000,6.00000,0.10000,0.15000,0.55005
51.80000,1.75458,7.10540,1.89393,81.39505,0.29990,50.00000,2.62068,1.00000,6.00000,0.10000,0.15000,0.55005
51.85000,1.66967,7.06340,1.89514,81.49123,0.29990,50.00000,2.62069,1.00000,6.00000,0.10000,0.15000,0.55005
51.90000,1.58536,7.02008,1.89633,81.58755,0.29990,50.00000,2.62071,1.00000,6.00000,0.10000,0.15000,0.55005
51.95000,1.50170,6.97541,1.89751,81.68401,0.29990,50.00000,2.62072,1.00000,6.00000,0.10000,0.15000,0.55005
52.00000,1.41871,6.92937,1.89868,81.78060,0.29990,50.00000,2.62072,1.00000,6.00000,0.10000,0.15000,0.55005
52.05000,1.33644,6.88194,1.89982,81.87732,0.29990,50.00000,2.62073,1.00000,6.00000,0.10000,0.15000,0.55005
52.10000,1.25493,6.83311,1.90095,81.97415,0.29990,50.00000,2.62074,1.00000,6.00000,0.10000,0.15000,0.55005
52.15000,1.17421,6.78288,1.90207,82.07110,0.29989,50.00000,2.62074,1.00000,6.00000,0.10000,0.15000,0.55005
52.20000,1.09432,6.73123,1.90316,82.16813,0.29989,50.00000,2.62074,1.00000,6.00000,0.10000,0.15000,0.55005
52.25000,1.01530,6.67816,1.90424,82.26525,0.29989,50.00000,2.62074,1.00000,6.00000,0.10000,0.15000,0.55005
52.30000,0.93719,6.62367,1.90530,82.36242,0.29989,50.00000,2.62074,1.00000,6.00000,0.10000,0.15000,0.55005
52.35000,0.86004,6.56775,1.90634,82.45964,0.29989,50.00000,2.62074,1.00000,6.00000,0.10000,0.15000,0.55005
52.40000,0.78386,6.51041,1.90737,82.55689,0.29990,50.00000,2.62074,1.00000,6.00000,0.10000,0.15000,0.55005
52.45000,0.70872,6.45165,1.90838,82.65417,0.29990,50.00000,2.62073,1.00000,6.00000,0.10000,0.15000,0.55005
52.50000,0.63464,6.39148,1.90938,82.75147,0.29990,50.00000,2.62073,1.00000,6.00000,0.10000,0.15000,0.55005
52.55000,0.56166,6.32989,1.91035,82.84879,0.29990,50.00000,2.62072,1.00000,6.00000,0.10000,0.15000,0.55005
52.60000,0.48983,6.26690,1.91132,82.94613,0.29990,50.00000,2.62072,1.00000,6.00000,0.10000,0.15000,0.55005
52.65000,0.41918,6.20251,1.91227,83.04352,0.29990,50.00000,2.62071,1.00000,6.00000,0.10000,0.15000,0.55005
52.70000,0.34975,6.13673,1.91320,83.14094,0.29990,50.00000,2.62071,1.00000,6.00000,0.10000,0.15000,0.55005
52.75000,0.28160,6.06958,1.91413,83.23841,0.29990,50.00000,2.62069,1.00000,6.00000,0.10000,0.15000,0.55005
52.80000,0.21475,6.00106,1.91504,83.33595,0.29990,50.00000,2.62069,1.00000,6.00000,0.10000,0.15000,0.55005
52.85000,0.14926,5.93118,1.91595,83.43355,0.29990,50.00000,2.62068,1.00000,6.00000,0.10000,0.15000,0.55005
52.90000,0.08516,5.85995,1.91684,83.53122,0.29990,50.00000,2.62068,1.00000,6.00000,0.10000,0.15000,0.55005
52.95000,0.02251,5.78740,1.91773,83.62896,0.29991,50.00000,2.62068,1.00000,6.00000,0.10000,0.15000,0.55005
53.00000,-0.03865,5.71352,1.91861,83.72677,0.29991,50.00000,2.62067,1.00000,6.00000,0.10000,0.15000,0.55005
53.05000,-0.09827,5.63834,1.91949,83.82464,0.29991,50.00000,2.62067,1.00000,6.00000,0.10000,0.15000,0.55005
53.10000,-0.15631,5.56188,1.92036,83.92257,0.29991,50.00000,2.62066,1.00000,6.00000,0.10000,0.15000,0.55005
53.15000,-0.21271,5.48415,1.92124,84.02055,0.29991,50.00000,2.62066,1.00000,6.00000,0.10000,0.15000,0.55005
53.20000,-0.26743,5.40517,1.92211,84.11856,0.29991,50.00000,2.62065,1.00000,6.00000,0.10000,0.15000,0.55005
53.25000,-0.32042,5.32497,1.92299,84.21659,0.29991,50.00000,2.62065,1.00000,6.00000,0.10000,0.15000,0.55004
53.30000,-0.37163,5.24357,1.92388,84.31463,0.29991,50.00000,2.62064,1.00000,6.00000,0.10000,0.15000,0.55004
53.35000,-0.42103,5.16100,1.92477,84.41273,0.29991,50.00000,2.62063,1.00000,6.00000,0.10000,0.15000,0.55004
53.40000,-0.46857,5.07730,1.92566,84.51084,0.29991,50.00000,2.62062,1.00000,6.00000,0.10000,0.15000,0.55004
53.45000,-0.51422,4.99251,1.92657,84.60890,0.29992,50.00000,2.62061,1.00000,6.00000,0.10000,0.15000,0.55004
53.50000,-0.55794,4.90665,1.92749,84.70691,0.29992,50.00000,2.62060,1.00000,6.00000,0.10000,0.15000,0.55004
53.55000,-0.59972,4.81977,1.92842,84.80492,0.29992,50.00000,2.62059,1.00000,6.00000,0.10000,0.15000,0.55004
53.60000,-0.63951,4.73193,1.92937,84.90291,0.29992,50.00000,2.62057,1.00000,6.00000,0.10000,0.15000,0.55004
53.65000,-0.67732,4.64315,1.93032,85.00087,0.29992,50.00000,2.62056,1.00000,6.00000,0.10000,0.15000,0.55004
53.70000,-0.71313,4.55350,1.93130,85.09878,0.29993,50.00000,2.62054,1.00000,6.00000,0.10000,0.15000,0.55004
53.75000,-0.74692,4.46302,1.93228,85.19667,0.29993,50.00000,2.62053,1.00000,6.00000,0.10000,0.15000,0.55004
53.80000,-0.77871,4.37176,1.93328,85.29453,0.29993,50.00000,2.62051,1.00000,6.00000,0.10000,0.15000,0.55003
53.85000,-0.80848,4.27977,1.93429,85.39237,0.29993,50.00000,2.62050,1.00000,6.00000,0.10000,0.15000,0.55003
53.90000,-0.83626,4.18710,1.93532,85.49019,0.29994,50.00000,2.62048,1.00000,6.00000,0.10000,0.15000,0.55003
53.95000,-0.86204,4.09381,1.93636,85.58800,0.29994,50.00000,2.62047,1.00000,6.00000,0.10000,0.15000,0.55003
54.00000,-0.88585,3.99994,1.93741,85.68581,0.29994,50.00000,2.62045,1.00000,6.00000,0.10000,0.15000,0.55003
54.05000,-0.90769,3.90554,1.93847,85.78362,0.29994,50.00000,2.62044,1.00000,6.00000,0.10000,0.15000,0.55003
54.10000,-0.92759,3.81065,1.93955,85.88146,0.29995,50.00000,2.62042,1.00000,6.00000,0.10000,0.15000,0.55003
54.15000,-0.94556,3.71533,1.94063,85.97931,0.29998,50.00000,2.62024,1.00000,6.00000,0.10000,0.15000,0.55001
54.20000,-0.96163,3.61961,1.94172,86.07719,0.29997,50.00000,2.62031,1.00000,6.00000,0.10000,0.15000,0.55002
54.25000,-0.97581,3.52354,1.94283,86.17509,0.29996,50.00000,2.62034,1.00000,6.00000,0.10000,0.15000,0.55002
54.30000,-0.98813,3.42716,1.94394,86.27303,0.29996,50.00000,2.62035,1.00000,6.00000,0.10000,0.15000,0.55002
54.35000,-0.99861,3.33050,1.94507,86.37098,0.29996,50.00000,2.62035,1.00000,6.00000,0.10000,0.15000,0.55002
54.40000,-1.00727,3.23361,1.94620,86.46895,0.29999,50.00000,2.62018,1.00000,6.00000,0.10000,0.15000,0.55001
54.45000,-1.01413,3.13651,1.94734,86.56694,0.29997,50.00000,2.62025,1.00000,6.00000,0.10000,0.15000,0.55001
54.50000,-1.01923,3.03925,1.94850,86.66493,0.29997,50.00000,2.62028,1.00000,6.00000,0.10000,0.15000,0.55002
54.55000,-1.02257,2.94186,1.94966,86.76293,0.29997,50.00000,2.62029,1.00000,6.00000,0.10000,0.15000,0.55002
54.60000,-1.02419,2.84436,1.95084,86.86092,0.29997,50.00000,2.62029,1.00000,6.00000,0.10000,0.15000,0.55002
54.65000,-1.02411,2.74679,1.95203,86.95891,0.30000,50.00000,2.62012,1.00000,6.00000,0.10000,0.15000,0.55000
54.70000,-1.02235,2.64917,1.95324,87.05690,0.29998,50.00000,2.62019,1.00000,6.00000,0.10000,0.15000,0.55001
54.75000,-1.01895,2.55154,1.95446,87.15489,0.29998,50.00000,2.62022,1.00000,6.00000,0.10000,0.15000,0.55001
54.80000,-1.01391,2.45392,1.95569,87.25287,0.29998,50.00000,2.62022,1.00000,6.00000,0.10000,0.15000,0.55001
54.85000,-1.00728,2.35633,1.95694,87.35085,0.29998,50.00000,2.62022,1.00000,6.00000,0.10000,0.15000,0.55001
54.90000,-0.99909,2.25879,1.95821,87.44883,0.30001,50.00000,2.62005,1.00000,6.00000,0.10000,0.15000,0.55000
54.95000,-0.98935,2.16134,1.95950,87.54681,0.30000,50.00000,2.62012,1.00000,6.00000,0.10000,0.15000,0.55000
55.00000,-0.97804,2.06399,1.96082,87.64481,0.29999,50.00000,2.62015,1.00000,6.00000,0.10000,0.15000,0.55000
55.05000,-0.96513,1.96677,1.96220,87.74283,0.29999,50.00000,2.62015,1.00000,6.00000,0.10000,0.15000,0.55000
55.10000,-0.95063,1.86970,1.96364,87.84088,0.29999,50.00000,2.62013,1.00000,6.00000,0.10000,0.15000,0.55000
55.15000,-0.93453,1.77281,1.96515,87.93896,0.30002,50.00000,2.61998,1.00000,6.00000,0.10000,0.15000,0.54999
55.20000,-0.91687,1.67611,1.96672,88.03710,0.30001,50.00000,2.62005,1.00000,6.00000,0.10000,0.15000,0.55000
55.25000,-0.89772,1.57962,1.96835,88.13529,0.30000,50.00000,2.62009,1.00000,6.00000,0.10000,0.15000,0.55000
55.30000,-0.87713,1.48334,1.97003,88.23355,0.30000,50.00000,2.62010,1.00000,6.00000,0.10000,0.15000,0.55000
55.35000,-0.85517,1.38727,1.97176,88.33189,0.30000,50.00000,2.62009,1.00000,6.00000,0.10000,0.15000,0.55000
55.40000,-0.83192,1.29142,1.97354,88.43031,0.30000,50.00000,2.62008,1.00000,6.00000,0.10000,0.15000,0.55000
55.45000,-0.80747,1.19577,1.97534,88.52881,0.30000,50.00000,2.62007,1.00000,6.00000,0.10000,0.15000,0.55000
55.50000,-0.78190,1.10033,1.97718,88.62741,0.30001,50.00000,2.62006,1.00000,6.00000,0.10000,0.15000,0.55000
55.55000,-0.75529,1.00507,1.97904,88.72610,0.30001,50.00000,2.62005,1.00000,6.00000,0.10000,0.15000,0.55000
55.60000,-0.72774,0.90998,1.98092,88.82490,0.30001,50.00000,2.62003,1.00000,6.00000,0.10000,0.15000,0.55000
55.65000,-0.69932,0.81505,1.98281,88.92380,0.30001,50.00000,2.62002,1.00000,6.00000,0.10000,0.15000,0.54999
55.70000,-0.67011,0.72026,1.98471,89.02280,0.30001,50.00000,2.62001,1.00000,6.00000,0.10000,0.15000,0.54999
55.75000,-0.64019,0.62559,1.98661,89.12191,0.30002,50.00000,2.62000,1.00000,6.00000,0.10000,0.15000,0.54999
55.80000,-0.60964,0.53103,1.98851,89.22112,0.30002,50.00000,2.61999,1.00000,6.00000,0.10000,0.15000,0.54999
55.85000,-0.57852,0.43655,1.99040,89.32046,0.30002,50.00000,2.61998,1.00000,6.00000,0.10000,0.15000,0.54999
55.90000,-0.54689,0.34214,1.99227,89.41992,0.30002,50.00000,2.61997,1.00000,6.00000,0.10000,0.15000,0.54999
55.95000,-0.51481,0.24779,1.99413,89.51945,0.30002,50.00000,2.61996,1.00000,6.00000,0.10000,0.15000,0.54999
56.00000,-0.48234,0.15347,1.99596,89.61916,0.30002,50.00000,2.61996,1.00000,6.00000,0.10000,0.15000,0.54999
56.05000,-0.44952,0.05917,1.99777,89.71945,0.30002,50.00000,2.61995,1.00000,6.00000,0.10000,0.15000,0.54999
56.10000,-0.41639,-0.03511,1.99954,89.82042,0.30002,50.00000,2.61994,1.00000,6.00000,0.10000,0.15000,0.54999
56.15000,-0.38301,-0.12939,2.00127,89.92164,0.30003,50.00000,2.61994,1.00000,6.00000,0.10000,0.15000,0.54999
56.20000,-0.34938,-0.22368,2.00297,90.02270,0.30003,50.00000,2.61993,1.00000,6.00000,0.10000,0.15000,0.54999
56.25000,-0.31555,-0.31799,2.00462,90.12326,0.30003,50.00000,2.61993,1.00000,6.00000,0.10000,0.15000,0.54999
56.30000,-0.28153,-0.41231,2.00623,90.22352,0.30003,50.00000,2.61992,1.00000,6.00000,0.10000,0.15000,0.54999
56.35000,-0.24735,-0.50666,2.00780,90.32385,0.30003,50.00000,2.61992,1.00000,6.00000,0.10000,0.15000,0.54999
56.40000,-0.21301,-0.60104,2.00932,90.42428,0.30003,50.00000,2.61992,1.00000,6.00000,0.10000,0.15000,0.54999
56.45000,-0.17853,-0.69544,2.01080,90.52477,0.30002,50.00000,2.61999,1.00000,6.00000,0.10000,0.15000,0.54999
56.50000,-0.14391,-0.78987,2.01224,90.62532,0.30002,50.00000,2.61998,1.00000,6.00000,0.10000,0.15000,0.54999
56.55000,-0.10916,-0.88433,2.01364,90.72595,0.30002,50.00000,2.61998,1.00000,6.00000,0.10000,0.15000,0.54999
56.60000,-0.07428,-0.97881,2.01499,90.82664,0.30002,50.00000,2.61998,1.00000,6.00000,0.10000,0.15000,0.54999
56.65000,-0.03924,-1.07331,2.01629,90.92739,0.30002,50.00000,2.61998,1.00000,6.00000,0.10000,0.15000,0.54999
56.70000,-0.00406,-1.16782,2.01755,91.02820,0.30001,50.00000,2.62005,1.00000,6.00000,0.10000,0.15000,0.55000
56.75000,0.03129,-1.26233,2.01876,91.12906,0.30001,50.00000,2.62005,1.00000,6.00000,0.10000,0.15000,0.55000
56.80000,0.06683,-1.35684,2.01993,91.22998,0.30001,50.00000,2.62005,1.00000,6.00000,0.10000,0.15000,0.55000
56.85000,0.10258,-1.45132,2.02105,91.33093,0.30001,50.00000,2.62006,1.00000,6.00000,0.10000,0.15000,0.55000
56.90000,0.13856,-1.54578,2.02213,91.43193,0.30000,50.00000,2.62007,1.00000,6.00000,0.10000,0.15000,0.55000
56.95000,0.17481,-1.64020,2.02316,91.53298,0.29999,50.00000,2.62014,1.00000,6.00000,0.10000,0.15000,0.55000
57.00000,0.21135,-1.73455,2.02414,91.63406,0.29999,50.00000,2.62014,1.00000,6.00000,0.10000,0.15000,0.55000
57.05000,0.24824,-1.82882,2.02507,91.73518,0.29999,50.00000,2.62015,1.00000,6.00000,0.10000,0.15000,0.55000
57.10000,0.28550,-1.92299,2.02596,91.83635,0.29999,50.00000,2.62017,1.00000,6.00000,0.10000,0.15000,0.55001
57.15000,0.32319,-2.01704,2.02680,91.93756,0.29998,50.00000,2.62019,1.00000,6.00000,0.10000,0.15000,0.55001
57.20000,0.36135,-2.11094,2.02760,92.03882,0.29997,50.00000,2.62025,1.00000,6.00000,0.10000,0.15000,0.55001
57.25000,0.40004,-2.20467,2.02834,92.14013,0.29998,50.00000,2.62024,1.00000,6.00000,0.10000,0.15000,0.55001
57.30000,0.43932,-2.29819,2.02904,92.24151,0.29997,50.00000,2.62025,1.00000,6.00000,0.10000,0.15000,0.55001
57.35000,0.47925,-2.39147,2.02969,92.34297,0.29997,50.00000,2.62027,1.00000,6.00000,0.10000,0.15000,0.55001
57.40000,0.51990,-2.48448,2.03029,92.44452,0.29997,50.00000,2.62029,1.00000,6.00000,0.10000,0.15000,0.55002
57.45000,0.56133,-2.57716,2.03084,92.54616,0.29996,50.00000,2.62033,1.00000,6.00000,0.10000,0.15000,0.55002
57.50000,0.60363,-2.66949,2.03134,92.64792,0.29996,50.00000,2.62031,1.00000,6.00000,0.10000,0.15000,0.55002
57.55000,0.64686,-2.76141,2.03179,92.74981,0.29996,50.00000,2.62032,1.00000,6.00000,0.10000,0.15000,0.55002
57.60000,0.69111,-2.85287,2.03220,92.85186,0.29996,50.00000,2.62033,1.00000,6.00000,0.10000,0.15000,0.55002
57.65000,0.73647,-2.94380,2.03255,92.95407,0.29996,50.00000,2.62034,1.00000,6.00000,0.10000,0.15000,0.55002
57.70000,0.78301,-3.03415,2.03285,93.05648,0.29996,50.00000,2.62036,1.00000,6.00000,0.10000,0.15000,0.55002
57.75000,0.83084,-3.12385,2.03310,93.15910,0.29995,50.00000,2.62038,1.00000,6.00000,0.10000,0.15000,0.55002
57.80000,0.88004,-3.21281,2.03329,93.26196,0.29995,50.00000,2.62039,1.00000,6.00000,0.10000,0.15000,0.55002
57.85000,0.93070,-3.30095,2.03344,93.36507,0.29995,50.00000,2.62041,1.00000,6.00000,0.10000,0.15000,0.55003
57.90000,0.98293,-3.38819,2.03352,93.46845,0.29995,50.00000,2.62043,1.00000,6.00000,0.10000,0.15000,0.55003
57.95000,1.03681,-3.47441,2.03356,93.57213,0.29994,50.00000,2.62044,1.00000,6.00000,0.10000,0.15000,0.55003
58.00000,1.09246,-3.55951,2.03353,93.67612,0.29994,50.00000,2.62046,1.00000,6.00000,0.10000,0.15000,0.55003
58.05000,1.14995,-3.64336,2.03345,93.78044,0.29994,50.00000,2.62047,1.00000,6.00000,0.10000,0.15000,0.55003
58.10000,1.20940,-3.72584,2.03331,93.88510,0.29994,50.00000,2.62048,1.00000,6.00000,0.10000,0.15000,0.55003
58.15000,1.27090,-3.80678,2.03309,93.99011,0.29993,50.00000,2.62049,1.00000,6.00000,0.10000,0.15000,0.55003
58.20000,1.33455,-3.88603,2.03282,94.09550,0.29993,50.00000,2.62050,1.00000,6.00000,0.10000,0.15000,0.55003
58.25000,1.40044,-3.96341,2.03246,94.20127,0.29993,50.00000,2.62051,1.00000,6.00000,0.10000,0.15000,0.55003
58.30000,1.46867,-4.03870,2.03203,94.30745,0.29993,50.00000,2.62052,1.00000,6.00000,0.10000,0.15000,0.55003
58.35000,1.53932,-4.11170,2.03152,94.41406,0.29993,50.00000,2.62053,1.00000,6.00000,0.10000,0.15000,0.55004
58.40000,1.61246,-4.18215,2.03092,94.52111,0.29993,50.00000,2.62054,1.00000,6.00000,0.10000,0.15000,0.55004
58.45000,1.68816,-4.24981,2.03023,94.62864,0.29993,50.00000,2.62054,1.00000,6.00000,0.10000,0.15000,0.55004
58.50000,1.76645,-4.31439,2.02943,94.73667,0.29993,50.00000,2.62055,1.00000,6.00000,0.10000,0.15000,0.55004
58.55000,1.84736,-4.37558,2.02854,94.84523,0.29992,50.00000,2.62056,1.00000,6.00000,0.10000,0.15000,0.55004
58.60000,1.93088,-4.43307,2.02754,94.95436,0.29992,50.00000,2.62057,1.00000,6.00000,0.10000,0.15000,0.55004
58.65000,2.01699,-4.48651,2.02643,95.06409,0.29992,50.00000,2.62059,1.00000,6.00000,0.10000,0.15000,0.55004
58.70000,2.10560,-4.53556,2.02522,95.17441,0.29992,50.00000,2.62059,1.00000,6.00000,0.10000,0.15000,0.55004
58.75000,2.19660,-4.57988,2.02392,95.28534,0.29992,50.00000,2.62060,1.00000,6.00000,0.10000,0.15000,0.55004
58.80000,2.28984,-4.61910,2.02252,95.39689,0.29992,50.00000,2.62061,1.00000,6.00000,0.10000,0.15000,0.55004
58.85000,2.38510,-4.65290,2.02104,95.50906,0.29992,50.00000,2.62061,1.00000,6.00000,0.10000,0.15000,0.55004
58.90000,2.48213,-4.68094,2.01948,95.62185,0.29991,50.00000,2.62062,1.00000,6.00000,0.10000,0.15000,0.55004
58.95000,2.58062,-4.70294,2.01787,95.73524,0.29991,50.00000,2.62063,1.00000,6.00000,0.10000,0.15000,0.55004
59.00000,2.68024,-4.71861,2.01622,95.84918,0.29991,50.00000,2.62063,1.00000,6.00000,0.10000,0.15000,0.55004
59.05000,2.78057,-4.72775,2.01455,95.96361,0.29991,50.00000,2.62064,1.00000,6.00000,0.10000,0.15000,0.55004
59.10000,2.88121,-4.73016,2.01288,96.07843,0.29991,50.00000,2.62065,1.00000,6.00000,0.10000,0.15000,0.55005
59.15000,2.98170,-4.72574,2.01122,96.19349,0.29991,50.00000,2.62065,1.00000,6.00000,0.10000,0.15000,0.55005
59.20000,3.08157,-4.71443,2.00960,96.30868,0.29991,50.00000,2.62065,1.00000,6.00000,0.10000,0.15000,0.55004
59.25000,3.18031,-4.69541,2.01010,96.30868,0.29991,50.00000,2.62064,1.00000,6.00000,0.10000,0.15000,0.55004
59.30000,3.27488,-4.66286,2.00064,96.56757,0.29991,50.00000,2.62063,1.00000,6.00000,0.10000,0.15000,0.55004
59.35000,3.36534,-4.62007,2.00830,96.66617,0.29990,50.00000,2.62068,1.00000,6.00000,0.10000,0.15000,0.55005
59.40000,3.45526,-4.57478,2.01521,96.77608,0.29990,50.00000,2.62072,1.00000,6.00000,0.10000,0.15000,0.55005
59.45000,3.54331,-4.52588,2.01375,96.89078,0.29989,50.00000,2.62074,1.00000,6.00000,0.10000,0.15000,0.55005
59.50000,3.62829,-4.47194,2.01266,97.00671,0.29990,50.00000,2.62073,1.00000,6.00000,0.10000,0.15000,0.55005
59.55000,3.70993,-4.41318,2.01165,97.12272,0.29990,50.00000,2.62071,1.00000,6.00000,0.10000,0.15000,0.55005
59.60000,3.78795,-4.34975,2.01071,97.23822,0.29990,50.00000,2.62069,1.00000,6.00000,0.10000,0.15000,0.55005
59.65000,3.86207,-4.28189,2.00985,97.35289,0.29991,50.00000,2.62066,1.00000,6.00000,0.10000,0.15000,0.55005
59.70000,3.93206,-4.20982,2.00909,97.46659,0.29991,50.00000,2.62063,1.00000,6.00000,0.10000,0.15000,0.55004
59.75000,3.99772,-4.13383,2.00842,97.57924,0.29992,50.00000,2.62061,1.00000,6.00000,0.10000,0.15000,0.55004
59.80000,4.05888,-4.05422,2.00784,97.69079,0.29992,50.00000,2.62057,1.00000,6.00000,0.10000,0.15000,0.55004
59.85000,4.11543,-3.97130,2.00737,97.80122,0.29993,50.00000,2.62054,1.00000,6.00000,0.10000,0.15000,0.55004
59.90000,4.16728,-3.88539,2.00699,97.91055,0.29993,50.00000,2.62050,1.00000,6.00000,0.10000,0.15000,0.55003
59.95000,4.21439,-3.79681,2.00670,98.01882,0.29994,50.00000,2.62046,1.00000,6.00000,0.10000,0.15000,0.55003
60.00000,4.25675,-3.70588,2.00651,98.12612,0.29995,50.00000,2.62043,1.00000,6.00000,0.10000,0.15000,0.55003
60.05000,4.29438,-3.61290,2.00640,98.23253,0.29994,50.00000,2.62045,1.00000,6.00000,0.10000,0.15000,0.55003
60.10000,4.32734,-3.51816,2.00637,98.33811,0.29994,50.00000,2.62044,1.00000,6.00000,0.10000,0.15000,0.55003
60.15000,4.35570,-3.42194,2.00641,98.44294,0.29995,50.00000,2.62042,1.00000,6.00000,0.10000,0.15000,0.55003
60.20000,4.37956,-3.32451,2.00653,98.54708,0.29995,50.00000,2.62039,1.00000,6.00000,0.10000,0.15000,0.55002
60.25000,4.39902,-3.22609,2.00671,98.65059,0.29996,50.00000,2.62036,1.00000,6.00000,0.10000,0.15000,0.55002
60.30000,4.41423,-3.12692,2.00695,98.75355,0.29995,50.00000,2.62037,1.00000,6.00000,0.10000,0.15000,0.55002
60.35000,4.42532,-3.02719,2.00726,98.85601,0.29996,50.00000,2.62037,1.00000,6.00000,0.10000,0.15000,0.55002
60.40000,4.43244,-2.92708,2.00762,98.95805,0.29996,50.00000,2.62034,1.00000,6.00000,0.10000,0.15000,0.55002
60.45000,4.43575,-2.82675,2.00803,99.05971,0.29996,50.00000,2.62032,1.00000,6.00000,0.10000,0.15000,0.55002
60.50000,4.43539,-2.72634,2.00850,99.16105,0.29997,50.00000,2.62027,1.00000,6.00000,0.10000,0.15000,0.55001
60.55000,4.43155,-2.62598,2.00903,99.26210,0.29997,50.00000,2.62027,1.00000,6.00000,0.10000,0.15000,0.55001
60.60000,4.42440,-2.52578,2.00958,99.36291,0.29997,50.00000,2.62025,1.00000,6.00000,0.10000,0.15000,0.55001
60.65000,4.41405,-2.42583,2.01015,99.46353,0.29998,50.00000,2.62023,1.00000,6.00000,0.10000,0.15000,0.55001
60.70000,4.40059,-2.32621,2.01078,99.56399,0.29998,50.00000,2.62019,1.00000,6.00000,0.10000,0.15000,0.55001
60.75000,4.38412,-2.22702,2.01151,99.66434,0.30000,50.00000,2.62012,1.00000,6.00000,0.10000,0.15000,0.55000
60.80000,4.36482,-2.12830,2.01233,99.76462,0.30000,50.00000,2.62011,1.00000,6.00000,0.10000,0.15000,0.55000
60.85000,4.34284,-2.03009,2.01324,99.86485,0.30000,50.00000,2.62009,1.00000,6.00000,0.10000,0.15000,0.55000
60.90000,4.31840,-1.93242,2.01422,99.96506,0.30000,50.00000,2.62007,1.00000,6.00000,0.10000,0.15000,0.55000
60.95000,4.29166,-1.83530,2.01526,100.06528,0.30001,50.00000,2.62004,1.00000,6.00000,0.10000,0.15000,0.55000
61.00000,4.26285,-1.73872,2.01636,100.16552,0.30001,50.00000,2.62001,1.00000,6.00000,0.10000,0.15000,0.54999
61.05000,4.23214,-1.64266,2.01749,100.26580,0.30002,50.00000,2.61998,1.00000,6.00000,0.10000,0.15000,0.54999
61.10000,4.19974,-1.54710,2.01866,100.36614,0.30002,50.00000,2.61996,1.00000,6.00000,0.10000,0.15000,0.54999
61.15000,4.16584,-1.45200,2.01986,100.46654,0.30003,50.00000,2.61993,1.00000,6.00000,0.10000,0.15000,0.54999
61.20000,4.13062,-1.35732,2.02108,100.56703,0.30003,50.00000,2.61990,1.00000,6.00000,0.10000,0.15000,0.54998
61.25000,4.09425,-1.26301,2.02230,100.66760,0.30003,50.00000,2.61993,1.00000,6.00000,0.10000,0.15000,0.54999
61.30000,4.05690,-1.16901,2.02353,100.76827,0.30003,50.00000,2.61989,1.00000,6.00000,0.10000,0.15000,0.54998
61.35000,4.01874,-1.07528,2.02477,100.86903,0.30004,50.00000,2.61985,1.00000,6.00000,0.10000,0.15000,0.54998
61.40000,3.97990,-0.98175,2.02599,100.96990,0.30005,50.00000,2.61981,1.00000,6.00000,0.10000,0.15000,0.54998
61.45000,3.94054,-0.88838,2.02721,101.07088,0.30005,50.00000,2.61978,1.00000,6.00000,0.10000,0.15000,0.54997
61.50000,3.90079,-0.79510,2.02841,101.17198,0.30004,50.00000,2.61982,1.00000,6.00000,0.10000,0.15000,0.54998
61.55000,3.86078,-0.70187,2.02959,101.27322,0.30005,50.00000,2.61977,1.00000,6.00000,0.10000,0.15000,0.54997
61.60000,3.82063,-0.60864,2.03075,101.37462,0.30006,50.00000,2.61973,1.00000,6.00000,0.10000,0.15000,0.54997
61.65000,3.78046,-0.51536,2.03189,101.47609,0.30006,50.00000,2.61970,1.00000,6.00000,0.10000,0.15000,0.54997
61.70000,3.74037,-0.42198,2.03299,101.57778,0.30007,50.00000,2.61967,1.00000,6.00000,0.10000,0.15000,0.54997
61.75000,3.70049,-0.32845,2.03405,101.68026,0.30006,50.00000,2.61971,1.00000,6.00000,0.10000,0.15000,0.54997
61.80000,3.66090,-0.23474,2.03508,101.78345,0.30007,50.00000,2.61967,1.00000,6.00000,0.10000,0.15000,0.54997
61.85000,3.62173,-0.14080,2.03606,101.88636,0.30008,50.00000,2.61963,1.00000,6.00000,0.10000,0.15000,0.54996
61.90000,3.58308,-0.04660,2.03699,101.98885,0.30008,50.00000,2.61960,1.00000,6.00000,0.10000,0.15000,0.54996
61.95000,3.54505,0.04791,2.03789,102.09132,0.30009,50.00000,2.61957,1.00000,6.00000,0.10000,0.15000,0.54996
62.00000,3.50775,0.14275,2.03873,102.19387,0.30008,50.00000,2.61961,1.00000,6.00000,0.10000,0.15000,0.54996
62.05000,3.47128,0.23796,2.03954,102.29657,0.30008,50.00000,2.61957,1.00000,6.00000,0.10000,0.15000,0.54996
62.10000,3.43574,0.33357,2.04030,102.39943,0.30009,50.00000,2.61954,1.00000,6.00000,0.10000,0.15000,0.54996
62.15000,3.40124,0.42959,2.04101,102.50247,0.30009,50.00000,2.61951,1.00000,6.00000,0.10000,0.15000,0.54995
62.20000,3.36788,0.52605,2.04169,102.60568,0.30010,50.00000,2.61948,1.00000,6.00000,0.10000,0.15000,0.54995
62.25000,3.33575,0.62297,2.04231,102.70908,0.30010,50.00000,2.61946,1.00000,6.00000,0.10000,0.15000,0.54995
62.30000,3.30497,0.72035,2.04290,102.81266,0.30011,50.00000,2.61943,1.00000,6.00000,0.10000,0.15000,0.54995
62.35000,3.27564,0.81820,2.04344,102.91643,0.30011,50.00000,2.61941,1.00000,6.00000,0.10000,0.15000,0.54995
62.40000,3.24785,0.91653,2.04393,103.02039,0.30011,50.00000,2.61939,1.00000,6.00000,0.10000,0.15000,0.54994
62.45000,3.22171,1.01534,2.04438,103.12452,0.30012,50.00000,2.61938,1.00000,6.00000,0.10000,0.15000,0.54994
62.50000,3.19732,1.11462,2.04479,103.22884,0.30012,50.00000,2.61936,1.00000,6.00000,0.10000,0.15000,0.54994
62.55000,3.17479,1.21435,2.04515,103.33334,0.30012,50.00000,2.61934,1.00000,6.00000,0.10000,0.15000,0.54994
62.60000,3.15423,1.31453,2.04547,103.43803,0.30012,50.00000,2.61933,1.00000,6.00000,0.10000,0.15000,0.54994
62.65000,3.13574,1.41512,2.04574,103.54289,0.30013,50.00000,2.61931,1.00000,6.00000,0.10000,0.15000,0.54994
62.70000,3.11942,1.51610,2.04596,103.64793,0.30013,50.00000,2.61930,1.00000,6.00000,0.10000,0.15000,0.54994
62.75000,3.10539,1.61744,2.04614,103.75314,0.30013,50.00000,2.61928,1.00000,6.00000,0.10000,0.15000,0.54993
62.80000,3.09375,1.71908,2.04627,103.85852,0.30013,50.00000,2.61927,1.00000,6.00000,0.10000,0.15000,0.54993
62.85000,3.08461,1.82099,2.04636,103.96408,0.30014,50.00000,2.61926,1.00000,6.00000,0.10000,0.15000,0.54993
62.90000,3.07809,1.92309,2.04640,104.06981,0.30014,50.00000,2.61924,1.00000,6.00000,0.10000,0.15000,0.54993
62.95000,3.07428,2.02534,2.04639,104.17573,0.30014,50.00000,2.61923,1.00000,6.00000,0.10000,0.15000,0.54993
63.00000,3.07331,2.12765,2.04633,104.28184,0.30014,50.00000,2.61922,1.00000,6.00000,0.10000,0.15000,0.54993
63.05000,3.07529,2.22994,2.04622,104.38813,0.30014,50.00000,2.61921,1.00000,6.00000,0.10000,0.15000,0.54993
63.10000,3.08032,2.33212,2.04607,104.49461,0.30015,50.00000,2.61920,1.00000,6.00000,0.10000,0.15000,0.54993
63.15000,3.08853,2.43409,2.04586,104.60127,0.30015,50.00000,2.61918,1.00000,6.00000,0.10000,0.15000,0.54993
63.20000,3.10001,2.53572,2.04560,104.70814,0.30015,50.00000,2.61917,1.00000,6.00000,0.10000,0.15000,0.54993
63.25000,3.11489,2.63690,2.04529,104.81524,0.30015,50.00000,2.61916,1.00000,6.00000,0.10000,0.15000,0.54992
63.30000,3.13327,2.73749,2.04492,104.92258,0.30015,50.00000,2.61915,1.00000,6.00000,0.10000,0.15000,0.54992
63.35000,3.15526,2.83733,2.04449,105.03018,0.30016,50.00000,2.61914,1.00000,6.00000,0.10000,0.15000,0.54992
63.40000,3.18097,2.93625,2.04402,105.13804,0.30016,50.00000,2.61912,1.00000,6.00000,0.10000,0.15000,0.54992
63.45000,3.21049,3.03408,2.04347,105.24616,0.30016,50.00000,2.61911,1.00000,6.00000,0.10000,0.15000,0.54992
63.50000,3.24391,3.13061,2.04286,105.35456,0.30016,50.00000,2.61910,1.00000,6.00000,0.10000,0.15000,0.54992
63.55000,3.28133,3.22562,2.04220,105.46325,0.30016,50.00000,2.61908,1.00000,6.00000,0.10000,0.15000,0.54992
63.60000,3.32281,3.31890,2.04148,105.57225,0.30017,50.00000,2.61907,1.00000,6.00000,0.10000,0.15000,0.54992
63.65000,3.36842,3.41019,2.04068,105.68159,0.30017,50.00000,2.61904,1.00000,6.00000,0.10000,0.15000,0.54992
63.70000,3.41820,3.49922,2.03983,105.79125,0.30017,50.00000,2.61903,1.00000,6.00000,0.10000,0.15000,0.54991
63.75000,3.47217,3.58573,2.03892,105.90127,0.30018,50.00000,2.61901,1.00000,6.00000,0.10000,0.15000,0.54991
63.80000,3.53034,3.66941,2.03794,106.01165,0.30018,50.00000,2.61900,1.00000,6.00000,0.10000,0.15000,0.54991
63.85000,3.59268,3.74997,2.03692,106.12240,0.30018,50.00000,2.61899,1.00000,6.00000,0.10000,0.15000,0.54991
63.90000,3.65914,3.82709,2.03583,106.23352,0.30018,50.00000,2.61898,1.00000,6.00000,0.10000,0.15000,0.54991
63.95000,3.72964,3.90046,2.03471,106.34497,0.30018,50.00000,2.61897,1.00000,6.00000,0.10000,0.15000,0.54991
64.00000,3.80407,3.96976,2.03355,106.45672,0.30018,50.00000,2.61895,1.00000,6.00000,0.10000,0.15000,0.54991
64.05000,3.88227,4.03468,2.03235,106.56876,0.30019,50.00000,2.61894,1.00000,6.00000,0.10000,0.15000,0.54991
64.10000,3.96405,4.09492,2.03113,106.68108,0.30019,50.00000,2.61892,1.00000,6.00000,0.10000,0.15000,0.54991
64.15000,4.04920,4.15018,2.02990,106.79367,0.30019,50.00000,2.61891,1.00000,6.00000,0.10000,0.15000,0.54991
64.20000,4.13747,4.20019,2.02866,106.90648,0.30019,50.00000,2.61891,1.00000,6.00000,0.10000,0.15000,0.54990
64.25000,4.22856,4.24471,2.02742,107.01948,0.30019,50.00000,2.61891,1.00000,6.00000,0.10000,0.15000,0.54990
64.30000,4.32217,4.28350,2.02621,107.13259,0.30019,50.00000,2.61891,1.00000,6.00000,0.10000,0.15000,0.54990
64.35000,4.41794,4.31640,2.02501,107.24574,0.30019,50.00000,2.61891,1.00000,6.00000,0.10000,0.15000,0.54990
64.40000,4.51552,4.34323,2.02385,107.35891,0.30019,50.00000,2.61891,1.00000,6.00000,0.10000,0.15000,0.54991
64.45000,4.61454,4.36388,2.02273,107.47205,0.30019,50.00000,2.61892,1.00000,6.00000,0.10000,0.15000,0.54991
64.50000,4.71461,4.37827,2.02166,107.58504,0.30019,50.00000,2.61891,1.00000,6.00000,0.10000,0.15000,0.54991
64.55000,4.81532,4.38638,2.02065,107.69782,0.30019,50.00000,2.61893,1.00000,6.00000,0.10000,0.15000,0.54991
64.60000,4.91630,4.38821,2.01970,107.81037,0.30019,50.00000,2.61895,1.00000,6.00000,0.10000,0.15000,0.54991
64.65000,5.01715,4.38379,2.01882,107.92259,0.30018,50.00000,2.61897,1.00000,6.00000,0.10000,0.15000,0.54991
64.70000,5.11750,4.37322,2.01802,108.03442,0.30018,50.00000,2.61899,1.00000,6.00000,0.10000,0.15000,0.54991
64.75000,5.21949,4.35550,2.12882,108.43442,0.30018,50.00000,2.61902,1.00000,6.00000,0.10000,0.15000,0.54991
64.80000,5.32354,4.32324,2.23449,108.57058,0.30018,50.00000,2.61901,1.00000,6.00000,0.10000,0.15000,0.54991
64.85000,5.42683,4.27365,2.35345,108.71336,0.30018,50.00000,2.61899,1.00000,6.00000,0.10000,0.15000,0.54991
64.90000,5.52733,4.20697,2.47443,108.86296,0.30019,50.00000,2.61893,1.00000,6.00000,0.10000,0.15000,0.54991
64.95000,5.62184,4.12310,2.58284,109.01870,0.30021,50.00000,2.61880,1.00000,6.00000,0.10000,0.15000,0.54990
65.00000,5.70622,4.02280,2.66216,109.17957,0.30024,50.00000,2.61859,1.00000,6.00000,0.10000,0.15000,0.54988
65.05000,5.77596,3.90917,2.67723,109.20350,0.30031,50.00000,2.61819,1.00000,6.00000,0.10000,0.15000,0.54985
65.10000,5.83520,3.78875,2.68036,109.20913,0.30037,50.00000,2.61784,1.00000,6.00000,0.10000,0.15000,0.54982
65.15000,5.87784,3.66264,2.65796,109.30202,0.30043,50.00000,2.61744,1.00000,6.00000,0.10000,0.15000,0.54979
65.20000,5.90878,3.53294,2.67414,109.42512,0.30051,50.00000,2.61698,1.00000,6.00000,0.10000,0.15000,0.54975
65.25000,5.94257,3.40354,2.67240,109.57474,0.30059,50.00000,2.61646,1.00000,6.00000,0.10000,0.15000,0.54971
65.30000,5.98818,3.27845,2.65724,109.73514,0.30066,50.00000,2.61602,1.00000,6.00000,0.10000,0.15000,0.54967
65.35000,6.04555,3.15873,2.65610,109.89581,0.30071,50.00000,2.61571,1.00000,6.00000,0.10000,0.15000,0.54965
65.40000,6.11028,3.04277,2.65810,110.05633,0.30072,50.00000,2.61564,1.00000,6.00000,0.10000,0.15000,0.54964
65.45000,6.17912,2.92905,2.65992,110.21578,0.30073,50.00000,2.61561,1.00000,6.00000,0.10000,0.15000,0.54964
65.50000,6.24988,2.81641,2.66099,110.37270,0.30075,50.00000,2.61545,1.00000,6.00000,0.10000,0.15000,0.54963
65.55000,6.32091,2.70390,2.66148,110.52568,0.30074,50.00000,2.61553,1.00000,6.00000,0.10000,0.15000,0.54963
65.60000,6.39100,2.59077,2.66158,110.67440,0.30070,50.00000,2.61579,1.00000,6.00000,0.10000,0.15000,0.54966
65.65000,6.45917,2.47648,2.66147,110.81915,0.30065,50.00000,2.61606,1.00000,6.00000,0.10000,0.15000,0.54968
65.70000,6.52472,2.36068,2.66124,110.96048,0.30062,50.00000,2.61628,1.00000,6.00000,0.10000,0.15000,0.54969
65.75000,6.58716,2.24318,2.66099,111.09899,0.30057,50.00000,2.61659,1.00000,6.00000,0.10000,0.15000,0.54972
65.80000,6.64614,2.12393,2.66077,111.23522,0.30053,50.00000,2.61681,1.00000,6.00000,0.10000,0.15000,0.54974
65.85000,6.70148,2.00296,2.66060,111.36965,0.30045,50.00000,2.61729,1.00000,6.00000,0.10000,0.15000,0.54978
65.90000,6.75310,1.88036,2.66051,111.50268,0.30041,50.00000,2.61756,1.00000,6.00000,0.10000,0.15000,0.54980
65.95000,6.80101,1.75627,2.66049,111.63469,0.30036,50.00000,2.61788,1.00000,6.00000,0.10000,0.15000,0.54982
66.00000,6.84533,1.63085,2.66055,111.76598,0.30031,50.00000,2.61821,1.00000,6.00000,0.10000,0.15000,0.54985
66.05000,6.88624,1.50427,2.66068,111.89681,0.30023,50.00000,2.61868,1.00000,6.00000,0.10000,0.15000,0.54989
66.10000,6.92396,1.37669,2.66087,112.02739,0.30020,50.00000,2.61889,1.00000,6.00000,0.10000,0.15000,0.54990
66.15000,6.95878,1.24829,2.66111,112.15789,0.30016,50.00000,2.61913,1.00000,6.00000,0.10000,0.15000,0.54992
66.20000,6.99103,1.11919,2.66139,112.28847,0.30009,50.00000,2.61952,1.00000,6.00000,0.10000,0.15000,0.54995
66.25000,7.02106,0.98955,2.66169,112.41925,0.30007,50.00000,2.61966,1.00000,6.00000,0.10000,0.15000,0.54997
66.30000,7.04924,0.85948,2.66199,112.55058,0.30004,50.00000,2.61982,1.00000,6.00000,0.10000,0.15000,0.54998
66.35000,7.07599,0.72909,2.66229,112.68247,0.30002,50.00000,2.61998,1.00000,6.00000,0.10000,0.15000,0.54999
66.40000,7.10170,0.59847,2.66257,112.81451,0.29997,50.00000,2.62030,1.00000,6.00000,0.10000,0.15000,0.55002
66.45000,7.12681,0.46773,2.66282,112.94688,0.29996,50.00000,2.62036,1.00000,6.00000,0.10000,0.15000,0.55002
66.50000,7.15177,0.33694,2.66302,113.07974,0.29994,50.00000,2.62044,1.00000,6.00000,0.10000,0.15000,0.55003
66.55000,7.17700,0.20620,2.66316,113.21313,0.29993,50.00000,2.62053,1.00000,6.00000,0.10000,0.15000,0.55004
66.60000,7.20295,0.07559,2.66324,113.34710,0.29992,50.00000,2.62061,1.00000,6.00000,0.10000,0.15000,0.55004
66.65000,7.23006,-0.05478,2.66325,113.48167,0.29990,50.00000,2.62068,1.00000,6.00000,0.10000,0.15000,0.55005
66.70000,7.25874,-0.18482,2.66318,113.61683,0.29989,50.00000,2.62075,1.00000,6.00000,0.10000,0.15000,0.55005
66.75000,7.28940,-0.31439,2.66303,113.75258,0.29989,50.00000,2.62080,1.00000,6.00000,0.10000,0.15000,0.55006
66.80000,7.32244,-0.44337,2.66279,113.88889,0.29988,50.00000,2.62084,1.00000,6.00000,0.10000,0.15000,0.55006
66.85000,7.35822,-0.57161,2.66247,114.02573,0.29987,50.00000,2.62089,1.00000,6.00000,0.10000,0.15000,0.55006
66.90000,7.39706,-0.69892,2.66206,114.16307,0.29987,50.00000,2.62092,1.00000,6.00000,0.10000,0.15000,0.55007
66.95000,7.43929,-0.82513,2.66157,114.30086,0.29986,50.00000,2.62094,1.00000,6.00000,0.10000,0.15000,0.55007
67.00000,7.48516,-0.95004,2.66100,114.43907,0.29986,50.00000,2.62097,1.00000,6.00000,0.10000,0.15000,0.55007
67.05000,7.53491,-1.07342,2.66037,114.57763,0.29985,50.00000,2.62099,1.00000,6.00000,0.10000,0.15000,0.55007
67.10000,7.58872,-1.19504,2.65968,114.71652,0.29985,50.00000,2.62101,1.00000,6.00000,0.10000,0.15000,0.55007
67.15000,7.64675,-1.31467,2.65893,114.85568,0.29985,50.00000,2.62102,1.00000,6.00000,0.10000,0.15000,0.55007
67.20000,7.70912,-1.43205,2.65815,114.99508,0.29985,50.00000,2.62103,1.00000,6.00000,0.10000,0.15000,0.55008
67.25000,7.77588,-1.54694,2.65734,115.13470,0.29985,50.00000,2.62104,1.00000,6.00000,0.10000,0.15000,0.55008
67.30000,7.84708,-1.65909,2.65650,115.27450,0.29985,50.00000,2.62104,1.00000,6.00000,0.10000,0.15000,0.55008
67.35000,7.92270,-1.76825,2.65565,115.41446,0.29985,50.00000,2.62105,1.00000,6.00000,0.10000,0.15000,0.55008
67.40000,8.00271,-1.87418,2.65480,115.55455,0.29984,50.00000,2.62105,1.00000,6.00000,0.10000,0.15000,0.55008
67.45000,8.08703,-1.97665,2.65395,115.69474,0.29984,50.00000,2.62105,1.00000,6.00000,0.10000,0.15000,0.55008
67.50000,8.17557,-2.07546,2.65311,115.83496,0.29984,50.00000,2.62106,1.00000,6.00000,0.10000,0.15000,0.55008
67.55000,8.26818,-2.17040,2.65230,115.97515,0.29984,50.00000,2.62105,1.00000,6.00000,0.10000,0.15000,0.55008
67.60000,8.36471,-2.26128,2.65152,116.11527,0.29984,50.00000,2.62105,1.00000,6.00000,0.10000,0.15000,0.55008
67.65000,8.46498,-2.34797,2.65077,116.25529,0.29984,50.00000,2.62105,1.00000,6.00000,0.10000,0.15000,0.55008
67.70000,8.56880,-2.43031,2.65006,116.39520,0.29985,50.00000,2.62104,1.00000,6.00000,0.10000,0.15000,0.55008
67.75000,8.67597,-2.50819,2.64941,116.53490,0.29985,50.00000,2.62104,1.00000,6.00000,0.10000,0.15000,0.55008
67.80000,8.78626,-2.58153,2.64880,116.67433,0.29985,50.00000,2.62102,1.00000,6.00000,0.10000,0.15000,0.55007
67.85000,8.89944,-2.65025,2.64824,116.81346,0.29985,50.00000,2.62101,1.00000,6.00000,0.10000,0.15000,0.55007
67.90000,9.01530,-2.71431,2.64774,116.95226,0.29985,50.00000,2.62100,1.00000,6.00000,0.10000,0.15000,0.55007
67.95000,9.13360,-2.77369,2.64731,117.09069,0.29986,50.00000,2.62098,1.00000,6.00000,0.10000,0.15000,0.55007
68.00000,9.25412,-2.82839,2.64693,117.22877,0.29986,50.00000,2.62096,1.00000,6.00000,0.10000,0.15000,0.55007
68.05000,9.37662,-2.87842,2.64661,117.36646,0.29986,50.00000,2.62093,1.00000,6.00000,0.10000,0.15000,0.55007
68.10000,9.50090,-2.92383,2.64635,117.50377,0.29987,50.00000,2.62091,1.00000,6.00000,0.10000,0.15000,0.55007
68.15000,9.62675,-2.96465,2.64615,117.64069,0.29987,50.00000,2.62088,1.00000,6.00000,0.10000,0.15000,0.55006
68.20000,9.75398,-3.00092,2.64594,117.77724,0.29990,50.00000,2.62069,1.00000,6.00000,0.10000,0.15000,0.55005
68.25000,9.88241,-3.03260,2.64576,117.91343,0.29990,50.00000,2.62073,1.00000,6.00000,0.10000,0.15000,0.55005
68.30000,10.01189,-3.05967,2.64568,118.04929,0.29989,50.00000,2.62074,1.00000,6.00000,0.10000,0.15000,0.55005
68.35000,10.14224,-3.08220,2.64567,118.18484,0.29992,50.00000,2.62057,1.00000,6.00000,0.10000,0.15000,0.55004
68.40000,10.27328,-3.10027,2.64575,118.32010,0.29991,50.00000,2.62063,1.00000,6.00000,0.10000,0.15000,0.55004
68.45000,10.40484,-3.11403,2.64591,118.45511,0.29991,50.00000,2.62065,1.00000,6.00000,0.10000,0.15000,0.55004
68.50000,10.53679,-3.12360,2.64613,118.58988,0.29991,50.00000,2.62064,1.00000,6.00000,0.10000,0.15000,0.55004
68.55000,10.66898,-3.12916,2.64642,118.72443,0.29994,50.00000,2.62047,1.00000,6.00000,0.10000,0.15000,0.55003
68.60000,10.80130,-3.13089,2.64677,118.85878,0.29993,50.00000,2.62053,1.00000,6.00000,0.10000,0.15000,0.55004
68.65000,10.93362,-3.12897,2.64716,118.99293,0.29993,50.00000,2.62055,1.00000,6.00000,0.10000,0.15000,0.55004
68.70000,11.06588,-3.12258,2.64694,119.12066,0.29993,50.00000,2.62055,1.00000,6.00000,0.10000,0.15000,0.55004
68.75000,11.19631,-3.10317,2.63789,119.25816,0.29995,50.00000,2.62038,1.00000,6.00000,0.10000,0.15000,0.55002
68.80000,11.32613,-3.07869,2.64394,119.39302,0.29993,50.00000,2.62051,1.00000,6.00000,0.10000,0.15000,0.55003
68.85000,11.45585,-3.05309,2.64513,119.52747,0.29992,50.00000,2.62061,1.00000,6.00000,0.10000,0.15000,0.55004
68.90000,11.58580,-3.02841,2.64581,119.66160,0.29993,50.00000,2.62053,1.00000,6.00000,0.10000,0.15000,0.55004
68.95000,11.71575,-3.00355,2.64643,119.79556,0.29991,50.00000,2.62065,1.00000,6.00000,0.10000,0.15000,0.55004
69.00000,11.84566,-2.97833,2.64702,119.92936,0.29990,50.00000,2.62070,1.00000,6.00000,0.10000,0.15000,0.55005
69.05000,11.97550,-2.95258,2.64757,120.06299,0.29990,50.00000,2.62071,1.00000,6.00000,0.10000,0.15000,0.55005
69.10000,12.10523,-2.92619,2.64808,120.19643,0.29990,50.00000,2.62069,1.00000,6.00000,0.10000,0.15000,0.55005
69.15000,12.23484,-2.89907,2.64854,120.32967,0.29991,50.00000,2.62066,1.00000,6.00000,0.10000,0.15000,0.55005
69.20000,12.36431,-2.87117,2.64895,120.46274,0.29992,50.00000,2.62061,1.00000,6.00000,0.10000,0.15000,0.55004
69.25000,12.49361,-2.84246,2.64931,120.59571,0.29992,50.00000,2.62055,1.00000,6.00000,0.10000,0.15000,0.55004
69.30000,12.62275,-2.81291,2.64961,120.72874,0.29993,50.00000,2.62050,1.00000,6.00000,0.10000,0.15000,0.55003
69.35000,12.75170,-2.78254,2.64985,120.86205,0.29994,50.00000,2.62043,1.00000,6.00000,0.10000,0.15000,0.55003
69.40000,12.88048,-2.75135,2.65002,120.99512,0.29995,50.00000,2.62037,1.00000,6.00000,0.10000,0.15000,0.55002
69.45000,13.00906,-2.71937,2.65012,121.12764,0.29996,50.00000,2.62036,1.00000,6.00000,0.10000,0.15000,0.55002
69.50000,13.13747,-2.68664,2.65017,121.26006,0.29997,50.00000,2.62029,1.00000,6.00000,0.10000,0.15000,0.55002
69.55000,13.26569,-2.65323,2.65014,121.39243,0.29998,50.00000,2.62023,1.00000,6.00000,0.10000,0.15000,0.55001
69.60000,13.39376,-2.61921,2.65006,121.52477,0.29999,50.00000,2.62018,1.00000,6.00000,0.10000,0.15000,0.55001
69.65000,13.52167,-2.58467,2.64991,121.65709,0.29998,50.00000,2.62019,1.00000,6.00000,0.10000,0.15000,0.55001
69.70000,13.64947,-2.54972,2.64970,121.78942,0.29999,50.00000,2.62014,1.00000,6.00000,0.10000,0.15000,0.55000
69.75000,13.77718,-2.51449,2.64944,121.92174,0.30000,50.00000,2.62010,1.00000,6.00000,0.10000,0.15000,0.55000
69.80000,13.90484,-2.47915,2.64911,122.05407,0.30000,50.00000,2.62008,1.00000,6.00000,0.10000,0.15000,0.55000
69.85000,14.03253,-2.44395,2.64871,122.18639,0.30000,50.00000,2.62012,1.00000,6.00000,0.10000,0.15000,0.55000
69.90000,14.16013,-2.40858,2.64781,122.31870,0.30000,50.00000,2.62009,1.00000,6.00000,0.10000,0.15000,0.55000
69.95000,14.28732,-2.37193,2.64589,122.45097,0.30000,50.00000,2.62008,1.00000,6.00000,0.10000,0.15000,0.55000
70.00000,14.41556,-2.33966,2.64467,122.58311,0.30000,50.00000,2.62009,1.00000,6.00000,0.10000,0.15000,0.55000
70.05000,14.54310,-2.30486,2.64331,122.71515,0.29999,50.00000,2.62012,1.00000,6.00000,0.10000,0.15000,0.55000
70.10000,14.66933,-2.26600,2.63828,122.84711,0.30000,50.00000,2.62011,1.00000,6.00000,0.10000,0.15000,0.55000
70.15000,14.79294,-2.22009,2.63828,122.97862,0.30000,50.00000,2.62012,1.00000,6.00000,0.10000,0.15000,0.55000
70.20000,14.91801,-2.17880,2.62898,123.11008,0.29998,50.00000,2.62020,1.00000,6.00000,0.10000,0.15000,0.55001
70.25000,15.04564,-2.14778,2.62873,123.24110,0.29999,50.00000,2.62018,1.00000,6.00000,0.10000,0.15000,0.55001
70.30000,15.17252,-2.11381,2.62414,123.37205,0.30000,50.00000,2.62011,1.00000,6.00000,0.10000,0.15000,0.55000
70.35000,15.29636,-2.07105,2.61413,123.50261,0.30000,50.00000,2.62007,1.00000,6.00000,0.10000,0.15000,0.55000
70.40000,15.41308,-2.01417,2.58530,123.63178,0.30000,50.00000,2.62007,1.00000,6.00000,0.10000,0.15000,0.55000
70.45000,15.52030,-1.94243,2.58517,123.75860,0.29999,50.00000,2.62013,1.00000,6.00000,0.10000,0.15000,0.55000
70.50000,15.62521,-1.86641,2.59414,123.88540,0.29997,50.00000,2.62026,1.00000,6.00000,0.10000,0.15000,0.55001
70.55000,15.73388,-1.79587,2.58678,124.01614,0.29995,50.00000,2.62040,1.00000,6.00000,0.10000,0.15000,0.55002
70.60000,15.84734,-1.73409,2.58566,124.14877,0.29994,50.00000,2.62045,1.00000,6.00000,0.10000,0.15000,0.55003
70.65000,15.95950,-1.66993,2.58151,124.28296,0.29994,50.00000,2.62043,1.00000,6.00000,0.10000,0.15000,0.55003
70.70000,16.06641,-1.59795,2.57290,124.41847,0.29995,50.00000,2.62041,1.00000,6.00000,0.10000,0.15000,0.55003
70.75000,16.16714,-1.51805,2.57417,124.55509,0.29995,50.00000,2.62043,1.00000,6.00000,0.10000,0.15000,0.55003
70.80000,16.26718,-1.43706,2.57134,124.69359,0.29994,50.00000,2.62045,1.00000,6.00000,0.10000,0.15000,0.55003
70.85000,16.36128,-1.34984,2.55899,124.83313,0.29994,50.00000,2.62045,1.00000,6.00000,0.10000,0.15000,0.55003
70.90000,16.44374,-1.25279,2.53578,124.97313,0.29995,50.00000,2.62042,1.00000,6.00000,0.10000,0.15000,0.55003
70.95000,16.50922,-1.14536,2.50437,125.11348,0.29995,50.00000,2.62043,1.00000,6.00000,0.10000,0.15000,0.55003
71.00000,16.55633,-1.02979,2.50169,125.25464,0.29994,50.00000,2.62049,1.00000,6.00000,0.10000,0.15000,0.55003
71.05000,16.59376,-0.91017,2.50405,125.40076,0.29993,50.00000,2.62055,1.00000,6.00000,0.10000,0.15000,0.55004
71.10000,16.61798,-0.78777,2.48668,125.54779,0.29992,50.00000,2.62061,1.00000,6.00000,0.10000,0.15000,0.55004
71.15000,16.62429,-0.66417,2.46762,125.69524,0.29992,50.00000,2.62062,1.00000,6.00000,0.10000,0.15000,0.55004
71.20000,16.61198,-0.54190,2.45276,125.84215,0.29991,50.00000,2.62065,1.00000,6.00000,0.10000,0.15000,0.55005
71.25000,16.58172,-0.42350,2.43999,125.98835,0.29991,50.00000,2.62065,1.00000,6.00000,0.10000,0.15000,0.55004
71.30000,16.53449,-0.31147,2.42727,126.13401,0.29991,50.00000,2.62065,1.00000,6.00000,0.10000,0.15000,0.55005
71.35000,16.47131,-0.20838,2.41301,126.27893,0.29991,50.00000,2.62066,1.00000,6.00000,0.10000,0.15000,0.55005
71.40000,16.39350,-0.11676,2.40016,126.42298,0.29991,50.00000,2.62064,1.00000,6.00000,0.10000,0.15000,0.55004
71.45000,16.30314,-0.03842,2.38820,126.56632,0.29991,50.00000,2.62064,1.00000,6.00000,0.10000,0.15000,0.55004
71.50000,16.20277,0.02593,2.39196,126.70831,0.29991,50.00000,2.62068,1.00000,6.00000,0.10000,0.15000,0.55005
71.55000,16.09745,0.08314,2.39396,126.85001,0.29990,50.00000,2.62071,1.00000,6.00000,0.10000,0.15000,0.55005
71.60000,15.98730,0.12947,2.38972,126.98967,0.29991,50.00000,2.62068,1.00000,6.00000,0.10000,0.15000,0.55005
71.65000,15.87342,0.16533,2.38800,127.12689,0.29990,50.00000,2.62071,1.00000,6.00000,0.10000,0.15000,0.55005
71.70000,15.75699,0.19142,2.38681,127.26184,0.29990,50.00000,2.62068,1.00000,6.00000,0.10000,0.15000,0.55005
71.75000,15.63892,0.20840,2.38593,127.39457,0.29991,50.00000,2.62065,1.00000,6.00000,0.10000,0.15000,0.55004
71.80000,15.51998,0.21693,2.38532,127.52515,0.29991,50.00000,2.62063,1.00000,6.00000,0.10000,0.15000,0.55004
71.85000,15.40076,0.21769,2.38492,127.65369,0.29991,50.00000,2.62064,1.00000,6.00000,0.10000,0.15000,0.55004
71.90000,15.28171,0.21135,2.38470,127.78033,0.29991,50.00000,2.62063,1.00000,6.00000,0.10000,0.15000,0.55004
71.95000,15.16319,0.19856,2.38462,127.90528,0.29992,50.00000,2.62061,1.00000,6.00000,0.10000,0.15000,0.55004
72.00000,15.04543,0.17995,2.38464,128.02877,0.29992,50.00000,2.62058,1.00000,6.00000,0.10000,0.15000,0.55004
72.05000,14.92862,0.15611,2.38476,128.15106,0.29992,50.00000,2.62058,1.00000,6.00000,0.10000,0.15000,0.55004
72.10000,14.81285,0.12759,2.38494,128.27239,0.29992,50.00000,2.62056,1.00000,6.00000,0.10000,0.15000,0.55004
72.15000,14.69818,0.09490,2.38516,128.39295,0.29993,50.00000,2.62052,1.00000,6.00000,0.10000,0.15000,0.55003
72.20000,14.58461,0.05851,2.38542,128.51292,0.29994,50.00000,2.62044,1.00000,6.00000,0.10000,0.15000,0.55003
72.25000,14.47212,0.01884,2.38570,128.63245,0.29995,50.00000,2.62040,1.00000,6.00000,0.10000,0.15000,0.55003
72.30000,14.36068,-0.02370,2.38598,128.75167,0.29995,50.00000,2.62040,1.00000,6.00000,0.10000,0.15000,0.55003
72.35000,14.25022,-0.06877,2.38626,128.87071,0.29996,50.00000,2.62031,1.00000,6.00000,0.10000,0.15000,0.55002
72.40000,14.14066,-0.11603,2.38652,128.98965,0.29998,50.00000,2.62023,1.00000,6.00000,0.10000,0.15000,0.55001
72.45000,14.03193,-0.16518,2.38676,129.10855,0.29999,50.00000,2.62014,1.00000,6.00000,0.10000,0.15000,0.55000
72.50000,13.92393,-0.21597,2.38697,129.22747,0.30000,50.00000,2.62012,1.00000,6.00000,0.10000,0.15000,0.55000
72.55000,13.81658,-0.26814,2.38715,129.34644,0.30001,50.00000,2.62003,1.00000,6.00000,0.10000,0.15000,0.54999
72.60000,13.70980,-0.32147,2.38728,129.46549,0.30003,50.00000,2.61994,1.00000,6.00000,0.10000,0.15000,0.54999
72.65000,13.60350,-0.37577,2.38737,129.58463,0.30004,50.00000,2.61986,1.00000,6.00000,0.10000,0.15000,0.54998
72.70000,13.49761,-0.43086,2.38740,129.70387,0.30004,50.00000,2.61987,1.00000,6.00000,0.10000,0.15000,0.54998
72.75000,13.39205,-0.48660,2.38738,129.82336,0.30005,50.00000,2.61980,1.00000,6.00000,0.10000,0.15000,0.54998
72.80000,13.28678,-0.54287,2.38730,129.94316,0.30006,50.00000,2.61975,1.00000,6.00000,0.10000,0.15000,0.54997
72.85000,13.18174,-0.59956,2.38715,130.06292,0.30006,50.00000,2.61971,1.00000,6.00000,0.10000,0.15000,0.54997
72.90000,13.07691,-0.65663,2.38694,130.18254,0.30006,50.00000,2.61975,1.00000,6.00000,0.10000,0.15000,0.54997
72.95000,12.97229,-0.71404,2.38668,130.30206,0.30006,50.00000,2.61972,1.00000,6.00000,0.10000,0.15000,0.54997
73.00000,12.86786,-0.77177,2.38637,130.42157,0.30006,50.00000,2.61971,1.00000,6.00000,0.10000,0.15000,0.54997
73.05000,12.76361,-0.82980,2.38601,130.54105,0.30006,50.00000,2.61971,1.00000,6.00000,0.10000,0.15000,0.54997
73.10000,12.65953,-0.88809,2.38562,130.66050,0.30006,50.00000,2.61972,1.00000,6.00000,0.10000,0.15000,0.54997
73.15000,12.55550,-0.94643,2.38519,130.77990,0.30005,50.00000,2.61980,1.00000,6.00000,0.10000,0.15000,0.54998
73.20000,12.45138,-1.00456,2.38472,130.89924,0.30005,50.00000,2.61981,1.00000,6.00000,0.10000,0.15000,0.54998
73.25000,12.34679,-1.06174,2.38335,131.01856,0.30004,50.00000,2.61984,1.00000,6.00000,0.10000,0.15000,0.54998
73.30000,12.24048,-1.11547,2.38082,131.13785,0.30004,50.00000,2.61987,1.00000,6.00000,0.10000,0.15000,0.54998
73.35000,12.13247,-1.16549,2.38090,131.25703,0.30003,50.00000,2.61988,1.00000,6.00000,0.10000,0.15000,0.54998
73.40000,12.02603,-1.21869,2.37910,131.37602,0.30003,50.00000,2.61988,1.00000,6.00000,0.10000,0.15000,0.54998
73.45000,11.92085,-1.27422,2.37790,131.49481,0.30003,50.00000,2.61992,1.00000,6.00000,0.10000,0.15000,0.54999
73.50000,11.81293,-1.32364,2.37052,131.61333,0.30002,50.00000,2.61998,1.00000,6.00000,0.10000,0.15000,0.54999
73.55000,11.70180,-1.36436,2.36416,131.73154,0.30001,50.00000,2.62003,1.00000,6.00000,0.10000,0.15000,0.54999
73.60000,11.58794,-1.39520,2.35209,131.84940,0.30001,50.00000,2.62003,1.00000,6.00000,0.10000,0.15000,0.55000
73.65000,11.47192,-1.41335,2.35326,131.96692,0.30002,50.00000,2.61999,1.00000,6.00000,0.10000,0.15000,0.54999
73.70000,11.35523,-1.42991,2.35878,132.08510,0.30003,50.00000,2.61990,1.00000,6.00000,0.10000,0.15000,0.54998
73.75000,11.23845,-1.44593,2.35404,132.20478,0.30004,50.00000,2.61982,1.00000,6.00000,0.10000,0.15000,0.54998
73.80000,11.12119,-1.45302,2.34586,132.32486,0.30005,50.00000,2.61977,1.00000,6.00000,0.10000,0.15000,0.54997
73.85000,11.00418,-1.44947,2.33662,132.44542,0.30006,50.00000,2.61972,1.00000,6.00000,0.10000,0.15000,0.54997
73.90000,10.88882,-1.43329,2.32103,132.56678,0.30007,50.00000,2.61965,1.00000,6.00000,0.10000,0.15000,0.54996
73.95000,10.77720,-1.40248,2.32141,132.68933,0.30009,50.00000,2.61956,1.00000,6.00000,0.10000,0.15000,0.54996
74.00000,10.66639,-1.36701,2.32879,132.81472,0.30011,50.00000,2.61942,1.00000,6.00000,0.10000,0.15000,0.54995
74.05000,10.55734,-1.32661,2.32055,132.94322,0.30013,50.00000,2.61930,1.00000,6.00000,0.10000,0.15000,0.54994
74.10000,10.45337,-1.27576,2.31015,133.07293,0.30014,50.00000,2.61925,1.00000,6.00000,0.10000,0.15000,0.54993
74.15000,10.35619,-1.21386,2.29962,133.20334,0.30014,50.00000,2.61922,1.00000,6.00000,0.10000,0.15000,0.54993
74.20000,10.26782,-1.14086,2.28656,133.33387,0.30015,50.00000,2.61917,1.00000,6.00000,0.10000,0.15000,0.54993
74.25000,10.19089,-1.05689,2.26962,133.46395,0.30015,50.00000,2.61919,1.00000,6.00000,0.10000,0.15000,0.54993
74.30000,10.12812,-0.96287,2.25762,133.59304,0.30014,50.00000,2.61922,1.00000,6.00000,0.10000,0.15000,0.54993
74.35000,10.07984,-0.86120,2.24841,133.72099,0.30014,50.00000,2.61924,1.00000,6.00000,0.10000,0.15000,0.54993
74.40000,10.04665,-0.75413,2.23951,133.84783,0.30012,50.00000,2.61935,1.00000,6.00000,0.10000,0.15000,0.54994
74.45000,10.02905,-0.64386,2.23079,133.97351,0.30012,50.00000,2.61933,1.00000,6.00000,0.10000,0.15000,0.54994
74.50000,10.02719,-0.53264,2.22224,134.09751,0.30012,50.00000,2.61935,1.00000,6.00000,0.10000,0.15000,0.54994
74.55000,10.04094,-0.42269,2.21385,134.21986,0.30012,50.00000,2.61934,1.00000,6.00000,0.10000,0.15000,0.54994
74.60000,10.06953,-0.31597,2.21020,134.34095,0.30010,50.00000,2.61948,1.00000,6.00000,0.10000,0.15000,0.54995
74.65000,10.11087,-0.21361,2.20920,134.46087,0.30011,50.00000,2.61944,1.00000,6.00000,0.10000,0.15000,0.54995
74.70000,10.16299,-0.11631,2.20925,134.57977,0.30011,50.00000,2.61942,1.00000,6.00000,0.10000,0.15000,0.54995
74.75000,10.22416,-0.02439,2.20961,134.69772,0.30011,50.00000,2.61941,1.00000,6.00000,0.10000,0.15000,0.54995
74.80000,10.29288,0.06206,2.21006,134.81465,0.30010,50.00000,2.61947,1.00000,6.00000,0.10000,0.15000,0.54995
74.85000,10.36790,0.14315,2.21051,134.93049,0.30011,50.00000,2.61942,1.00000,6.00000,0.10000,0.15000,0.54995
74.90000,10.44814,0.21913,2.21095,135.04520,0.30011,50.00000,2.61942,1.00000,6.00000,0.10000,0.15000,0.54995
74.95000,10.53269,0.29033,2.21138,135.15878,0.30010,50.00000,2.61947,1.00000,6.00000,0.10000,0.15000,0.54995
75.00000,10.62078,0.35714,2.21180,135.27127,0.30009,50.00000,2.61954,1.00000,6.00000,0.10000,0.15000,0.54996
75.05000,10.71176,0.42000,2.21222,135.38274,0.30006,50.00000,2.61971,1.00000,6.00000,0.10000,0.15000,0.54997
75.10000,10.80510,0.47936,2.21262,135.49332,0.30005,50.00000,2.61976,1.00000,6.00000,0.10000,0.15000,0.54997
75.15000,10.90032,0.53569,2.21302,135.60316,0.30004,50.00000,2.61986,1.00000,6.00000,0.10000,0.15000,0.54998
75.20000,10.99702,0.58946,2.21340,135.71245,0.30002,50.00000,2.61997,1.00000,6.00000,0.10000,0.15000,0.54999
75.25000,11.09487,0.64118,2.21377,135.82141,0.29998,50.00000,2.62022,1.00000,6.00000,0.10000,0.15000,0.55001
75.30000,11.19356,0.69132,2.21410,135.93025,0.29997,50.00000,2.62030,1.00000,6.00000,0.10000,0.15000,0.55002
75.35000,11.29281,0.74036,2.21438,136.03919,0.29995,50.00000,2.62041,1.00000,6.00000,0.10000,0.15000,0.55003
75.40000,11.39239,0.78879,2.21462,136.14847,0.29993,50.00000,2.62051,1.00000,6.00000,0.10000,0.15000,0.55003
75.45000,11.49204,0.83707,2.21478,136.25833,0.29992,50.00000,2.62062,1.00000,6.00000,0.10000,0.15000,0.55004
75.50000,11.59155,0.88567,2.21487,136.36903,0.29990,50.00000,2.62071,1.00000,6.00000,0.10000,0.15000,0.55005
75.55000,11.69068,0.93503,2.21486,136.48079,0.29989,50.00000,2.62080,1.00000,6.00000,0.10000,0.15000,0.55006
75.60000,11.78920,0.98560,2.21475,136.59372,0.29987,50.00000,2.62088,1.00000,6.00000,0.10000,0.15000,0.55006
75.65000,11.88685,1.03782,2.21452,136.70795,0.29986,50.00000,2.62095,1.00000,6.00000,0.10000,0.15000,0.55007
75.70000,11.98336,1.09208,2.21417,136.82364,0.29985,50.00000,2.62102,1.00000,6.00000,0.10000,0.15000,0.55008
75.75000,12.07843,1.14878,2.21371,136.94082,0.29984,50.00000,2.62108,1.00000,6.00000,0.10000,0.15000,0.55008
75.80000,12.17178,1.20822,2.21313,137.05950,0.29983,50.00000,2.62114,1.00000,6.00000,0.10000,0.15000,0.55008
75.85000,12.26308,1.27071,2.21246,137.17960,0.29982,50.00000,2.62118,1.00000,6.00000,0.10000,0.15000,0.55009
75.90000,12.35202,1.33646,2.21171,137.30100,0.29982,50.00000,2.62122,1.00000,6.00000,0.10000,0.15000,0.55009
75.95000,12.43825,1.40565,2.21089,137.42355,0.29981,50.00000,2.62126,1.00000,6.00000,0.10000,0.15000,0.55009
76.00000,12.52145,1.47839,2.21002,137.54700,0.29981,50.00000,2.62128,1.00000,6.00000,0.10000,0.15000,0.55010
76.05000,12.60131,1.55473,2.20913,137.67108,0.29980,50.00000,2.62129,1.00000,6.00000,0.10000,0.15000,0.55010
76.10000,12.67750,1.63466,2.20823,137.79546,0.29980,50.00000,2.62130,1.00000,6.00000,0.10000,0.15000,0.55010
76.15000,12.74975,1.71811,2.20736,137.91978,0.29981,50.00000,2.62129,1.00000,6.00000,0.10000,0.15000,0.55010
76.20000,12.81779,1.80496,2.20651,138.04376,0.29981,50.00000,2.62129,1.00000,6.00000,0.10000,0.15000,0.55010
76.25000,12.88141,1.89506,2.20572,138.16722,0.29981,50.00000,2.62126,1.00000,6.00000,0.10000,0.15000,0.55009
76.30000,12.94041,1.98821,2.20499,138.28994,0.29982,50.00000,2.62123,1.00000,6.00000,0.10000,0.15000,0.55009
76.35000,12.99464,2.08416,2.20434,138.41176,0.29982,50.00000,2.62119,1.00000,6.00000,0.10000,0.15000,0.55009
76.40000,13.04400,2.18268,2.20377,138.53264,0.29983,50.00000,2.62116,1.00000,6.00000,0.10000,0.15000,0.55009
76.45000,13.08842,2.28349,2.20328,138.65254,0.29986,50.00000,2.62094,1.00000,6.00000,0.10000,0.15000,0.55007
76.50000,13.12787,2.38633,2.20288,138.77142,0.29986,50.00000,2.62097,1.00000,6.00000,0.10000,0.15000,0.55007
76.55000,13.16235,2.49092,2.20257,138.88931,0.29986,50.00000,2.62095,1.00000,6.00000,0.10000,0.15000,0.55007
76.60000,13.19191,2.59699,2.20234,139.00622,0.29987,50.00000,2.62092,1.00000,6.00000,0.10000,0.15000,0.55007
76.65000,13.21661,2.70428,2.20220,139.12221,0.29990,50.00000,2.62073,1.00000,6.00000,0.10000,0.15000,0.55005
76.70000,13.23655,2.81256,2.20215,139.23735,0.29989,50.00000,2.62075,1.00000,6.00000,0.10000,0.15000,0.55005
76.75000,13.25185,2.92159,2.20217,139.35169,0.29990,50.00000,2.62073,1.00000,6.00000,0.10000,0.15000,0.55005
76.80000,13.26264,3.03116,2.20227,139.46530,0.29990,50.00000,2.62069,1.00000,6.00000,0.10000,0.15000,0.55005
76.85000,13.26908,3.14108,2.20244,139.57826,0.29994,50.00000,2.62049,1.00000,6.00000,0.10000,0.15000,0.55003
76.90000,13.27133,3.25118,2.20270,139.69064,0.29993,50.00000,2.62051,1.00000,6.00000,0.10000,0.15000,0.55003
76.95000,13.26956,3.36130,2.20300,139.80251,0.29993,50.00000,2.62050,1.00000,6.00000,0.10000,0.15000,0.55003
77.00000,13.26394,3.47131,2.20334,139.91393,0.29994,50.00000,2.62047,1.00000,6.00000,0.10000,0.15000,0.55003
77.05000,13.25456,3.58108,2.20374,140.02498,0.29995,50.00000,2.62041,1.00000,6.00000,0.10000,0.15000,0.55003
77.10000,13.24154,3.69050,2.20422,140.13572,0.29998,50.00000,2.62020,1.00000,6.00000,0.10000,0.15000,0.55001
77.15000,13.22505,3.79948,2.20481,140.24622,0.29998,50.00000,2.62023,1.00000,6.00000,0.10000,0.15000,0.55001
77.20000,13.20526,3.90794,2.20550,140.35655,0.29998,50.00000,2.62021,1.00000,6.00000,0.10000,0.15000,0.55001
77.25000,13.18239,4.01583,2.20627,140.46676,0.29999,50.00000,2.62018,1.00000,6.00000,0.10000,0.15000,0.55001
77.30000,13.15664,4.12312,2.20712,140.57689,0.30002,50.00000,2.61999,1.00000,6.00000,0.10000,0.15000,0.54999
77.35000,13.12822,4.22977,2.20802,140.68699,0.30001,50.00000,2.62003,1.00000,6.00000,0.10000,0.15000,0.55000
77.40000,13.09736,4.33579,2.20898,140.79708,0.30001,50.00000,2.62004,1.00000,6.00000,0.10000,0.15000,0.55000
77.45000,13.06424,4.44118,2.20998,140.90720,0.30001,50.00000,2.62002,1.00000,6.00000,0.10000,0.15000,0.54999
77.50000,13.02909,4.54597,2.21101,141.01737,0.30002,50.00000,2.62000,1.00000,6.00000,0.10000,0.15000,0.54999
77.55000,12.99207,4.65016,2.21206,141.12760,0.30002,50.00000,2.61997,1.00000,6.00000,0.10000,0.15000,0.54999
77.60000,12.95337,4.75380,2.21313,141.23790,0.30002,50.00000,2.61994,1.00000,6.00000,0.10000,0.15000,0.54999
77.65000,12.91314,4.85691,2.21421,141.34828,0.30000,50.00000,2.62007,1.00000,6.00000,0.10000,0.15000,0.55000
77.70000,12.87154,4.95954,2.21529,141.45875,0.30002,50.00000,2.61996,1.00000,6.00000,0.10000,0.15000,0.54999
77.75000,12.82871,5.06171,2.21637,141.56931,0.30003,50.00000,2.61990,1.00000,6.00000,0.10000,0.15000,0.54998
77.80000,12.78475,5.16347,2.21744,141.67996,0.30004,50.00000,2.61987,1.00000,6.00000,0.10000,0.15000,0.54998
77.85000,12.73979,5.26484,2.21849,141.79068,0.30004,50.00000,2.61985,1.00000,6.00000,0.10000,0.15000,0.54998
77.90000,12.69392,5.36586,2.21953,141.90148,0.30001,50.00000,2.62000,1.00000,6.00000,0.10000,0.15000,0.54999
77.95000,12.64720,5.46656,2.22054,142.01236,0.30003,50.00000,2.61992,1.00000,6.00000,0.10000,0.15000,0.54999
78.00000,12.59973,5.56695,2.22153,142.12330,0.30003,50.00000,2.61989,1.00000,6.00000,0.10000,0.15000,0.54998
78.05000,12.55153,5.66705,2.22249,142.23434,0.30003,50.00000,2.61989,1.00000,6.00000,0.10000,0.15000,0.54998
78.10000,12.50267,5.76688,2.22341,142.34579,0.30001,50.00000,2.62006,1.00000,6.00000,0.10000,0.15000,0.55000
78.15000,12.45314,5.86644,2.22430,142.45767,0.30002,50.00000,2.62000,1.00000,6.00000,0.10000,0.15000,0.54999
78.20000,12.40297,5.96572,2.22514,142.56965,0.30002,50.00000,2.61998,1.00000,6.00000,0.10000,0.15000,0.54999
78.25000,12.35215,6.06471,2.22594,142.68132,0.30002,50.00000,2.62000,1.00000,6.00000,0.10000,0.15000,0.54999
78.30000,12.30066,6.16340,2.22669,142.79257,0.30001,50.00000,2.62002,1.00000,6.00000,0.10000,0.15000,0.54999
78.35000,12.24847,6.26176,2.22741,142.90375,0.29998,50.00000,2.62023,1.00000,6.00000,0.10000,0.15000,0.55001
78.40000,12.19554,6.35977,2.22808,143.01498,0.29998,50.00000,2.62019,1.00000,6.00000,0.10000,0.15000,0.55001
78.45000,12.14182,6.45739,2.22872,143.12625,0.29998,50.00000,2.62020,1.00000,6.00000,0.10000,0.15000,0.55001
78.50000,12.08727,6.55458,2.22931,143.23758,0.29998,50.00000,2.62023,1.00000,6.00000,0.10000,0.15000,0.55001
78.55000,12.03182,6.65128,2.22987,143.34901,0.29994,50.00000,2.62044,1.00000,6.00000,0.10000,0.15000,0.55003
78.60000,11.97539,6.74746,2.23039,143.46057,0.29995,50.00000,2.62041,1.00000,6.00000,0.10000,0.15000,0.55003
78.65000,11.91791,6.84304,2.23087,143.57227,0.29995,50.00000,2.62043,1.00000,6.00000,0.10000,0.15000,0.55003
78.70000,11.85929,6.93795,2.23131,143.68417,0.29994,50.00000,2.62046,1.00000,6.00000,0.10000,0.15000,0.55003
78.75000,11.79945,7.03212,2.23171,143.79628,0.29993,50.00000,2.62049,1.00000,6.00000,0.10000,0.15000,0.55003
78.80000,11.73829,7.12546,2.23208,143.90866,0.29993,50.00000,2.62054,1.00000,6.00000,0.10000,0.15000,0.55004
78.85000,11.67571,7.21788,2.23241,144.02132,0.29992,50.00000,2.62058,1.00000,6.00000,0.10000,0.15000,0.55004
78.90000,11.61164,7.30928,2.23270,144.13429,0.29991,50.00000,2.62062,1.00000,6.00000,0.10000,0.15000,0.55004
78.95000,11.54596,7.39956,2.23296,144.24762,0.29991,50.00000,2.62067,1.00000,6.00000,0.10000,0.15000,0.55005
79.00000,11.47860,7.48860,2.23319,144.36131,0.29990,50.00000,2.62071,1.00000,6.00000,0.10000,0.15000,0.55005
79.05000,11.40949,7.57631,2.23339,144.47539,0.29989,50.00000,2.62074,1.00000,6.00000,0.10000,0.15000,0.55005
79.10000,11.33854,7.66255,2.23353,144.58987,0.29989,50.00000,2.62077,1.00000,6.00000,0.10000,0.15000,0.55005
79.15000,11.26563,7.74715,2.23364,144.70473,0.29988,50.00000,2.62080,1.00000,6.00000,0.10000,0.15000,0.55006
79.20000,11.19069,7.82995,2.23373,144.81998,0.29988,50.00000,2.62083,1.00000,6.00000,0.10000,0.15000,0.55006
79.25000,11.11364,7.91080,2.23379,144.93560,0.29988,50.00000,2.62086,1.00000,6.00000,0.10000,0.15000,0.55006
79.30000,11.03445,7.98956,2.23382,145.05158,0.29987,50.00000,2.62088,1.00000,6.00000,0.10000,0.15000,0.55006
79.35000,10.95307,8.06605,2.23384,145.16788,0.29987,50.00000,2.62091,1.00000,6.00000,0.10000,0.15000,0.55007
79.40000,10.86947,8.14012,2.23384,145.28448,0.29986,50.00000,2.62093,1.00000,6.00000,0.10000,0.15000,0.55007
79.45000,10.78367,8.21162,2.23383,145.40134,0.29986,50.00000,2.62094,1.00000,6.00000,0.10000,0.15000,0.55007
79.50000,10.69568,8.28041,2.23382,145.51842,0.29986,50.00000,2.62095,1.00000,6.00000,0.10000,0.15000,0.55007
79.55000,10.60553,8.34633,2.23381,145.63567,0.29986,50.00000,2.62096,1.00000,6.00000,0.10000,0.15000,0.55007
79.60000,10.51327,8.40928,2.23380,145.75303,0.29986,50.00000,2.62096,1.00000,6.00000,0.10000,0.15000,0.55007
79.65000,10.41898,8.46914,2.23381,145.87045,0.29986,50.00000,2.62096,1.00000,6.00000,0.10000,0.15000,0.55007
79.70000,10.32273,8.52579,2.23383,145.98787,0.29986,50.00000,2.62095,1.00000,6.00000,0.10000,0.15000,0.55007
79.75000,10.22461,8.57916,2.23387,146.10524,0.29986,50.00000,2.62094,1.00000,6.00000,0.10000,0.15000,0.55007
79.80000,10.12474,8.62916,2.23393,146.22248,0.29986,50.00000,2.62093,1.00000,6.00000,0.10000,0.15000,0.55007
79.85000,10.02322,8.67573,2.23403,146.33953,0.29987,50.00000,2.62091,1.00000,6.00000,0.10000,0.15000,0.55007
79.90000,9.92017,8.71883,2.23415,146.45633,0.29987,50.00000,2.62088,1.00000,6.00000,0.10000,0.15000,0.55006
79.95000,9.81572,8.75843,2.23430,146.57281,0.29990,50.00000,2.62069,1.00000,6.00000,0.10000,0.15000,0.55005
80.00000,9.70999,8.79451,2.23450,146.68884,0.29990,50.00000,2.62073,1.00000,6.00000,0.10000,0.15000,0.55005
80.05000,9.60312,8.82708,2.23472,146.80430,0.29990,50.00000,2.62073,1.00000,6.00000,0.10000,0.15000,0.55005
80.10000,9.49523,8.85614,2.23499,146.91906,0.29990,50.00000,2.62072,1.00000,6.00000,0.10000,0.15000,0.55005
80.15000,9.38644,8.88172,2.23530,147.03330,0.29993,50.00000,2.62054,1.00000,6.00000,0.10000,0.15000,0.55004
80.20000,9.27689,8.90388,2.23565,147.14771,0.29992,50.00000,2.62058,1.00000,6.00000,0.10000,0.15000,0.55004
80.25000,9.16669,8.92264,2.23602,147.26242,0.29992,50.00000,2.62060,1.00000,6.00000,0.10000,0.15000,0.55004
80.30000,9.05595,8.93806,2.23642,147.37683,0.29992,50.00000,2.62059,1.00000,6.00000,0.10000,0.15000,0.55004
80.35000,8.94478,8.95016,2.23686,147.49108,0.29992,50.00000,2.62057,1.00000,6.00000,0.10000,0.15000,0.55004
80.40000,8.83328,8.95903,2.23734,147.60513,0.29995,50.00000,2.62038,1.00000,6.00000,0.10000,0.15000,0.55002
80.45000,8.72155,8.96472,2.23787,147.71878,0.29995,50.00000,2.62043,1.00000,6.00000,0.10000,0.15000,0.55003
80.50000,8.60968,8.96733,2.23843,147.83203,0.29994,50.00000,2.62043,1.00000,6.00000,0.10000,0.15000,0.55003
80.55000,8.49775,8.96693,2.23905,147.94493,0.29995,50.00000,2.62041,1.00000,6.00000,0.10000,0.15000,0.55003
80.60000,8.38583,8.96363,2.23971,148.05755,0.29998,50.00000,2.62022,1.00000,6.00000,0.10000,0.15000,0.55001
80.65000,8.27400,8.95753,2.24042,148.16994,0.29997,50.00000,2.62026,1.00000,6.00000,0.10000,0.15000,0.55001
80.70000,8.16230,8.94876,2.24118,148.28215,0.29997,50.00000,2.62025,1.00000,6.00000,0.10000,0.15000,0.55001
80.75000,8.05080,8.93743,2.24199,148.39420,0.29998,50.00000,2.62022,1.00000,6.00000,0.10000,0.15000,0.55001
80.80000,7.93953,8.92367,2.24284,148.50615,0.30001,50.00000,2.62004,1.00000,6.00000,0.10000,0.15000,0.55000
80.85000,7.82852,8.90762,2.24375,148.61802,0.30000,50.00000,2.62009,1.00000,6.00000,0.10000,0.15000,0.55000
80.90000,7.71780,8.88940,2.24470,148.72984,0.30000,50.00000,2.62009,1.00000,6.00000,0.10000,0.15000,0.55000
80.95000,7.60739,8.86916,2.24569,148.84166,0.30000,50.00000,2.62007,1.00000,6.00000,0.10000,0.15000,0.55000
81.00000,7.49728,8.84705,2.24673,148.95349,0.30001,50.00000,2.62003,1.00000,6.00000,0.10000,0.15000,0.54999
81.05000,7.38748,8.82319,2.24781,149.06538,0.30002,50.00000,2.61999,1.00000,6.00000,0.10000,0.15000,0.54999
81.10000,7.27798,8.79774,2.24892,149.17733,0.30002,50.00000,2.61994,1.00000,6.00000,0.10000,0.15000,0.54999
81.15000,7.16877,8.77083,2.25008,149.28936,0.30003,50.00000,2.61990,1.00000,6.00000,0.10000,0.15000,0.54998
81.20000,7.05983,8.74263,2.25131,149.40151,0.30004,50.00000,2.61986,1.00000,6.00000,0.10000,0.15000,0.54998
81.25000,6.95113,8.71327,2.25262,149.51377,0.30004,50.00000,2.61982,1.00000,6.00000,0.10000,0.15000,0.54998
81.30000,6.84262,8.68293,2.25400,149.62617,0.30005,50.00000,2.61979,1.00000,6.00000,0.10000,0.15000,0.54998
81.35000,6.73428,8.65176,2.25544,149.73871,0.30005,50.00000,2.61976,1.00000,6.00000,0.10000,0.15000,0.54997
81.40000,6.62606,8.61993,2.25693,149.85138,0.30006,50.00000,2.61973,1.00000,6.00000,0.10000,0.15000,0.54997
81.45000,6.51791,8.58757,2.25847,149.96420,0.30006,50.00000,2.61971,1.00000,6.00000,0.10000,0.15000,0.54997
81.50000,6.40980,8.55482,2.26005,150.07716,0.30007,50.00000,2.61969,1.00000,6.00000,0.10000,0.15000,0.54997
81.55000,6.30169,8.52180,2.26166,150.19025,0.30007,50.00000,2.61968,1.00000,6.00000,0.10000,0.15000,0.54997
81.60000,6.19354,8.48862,2.26330,150.30347,0.30007,50.00000,2.61967,1.00000,6.00000,0.10000,0.15000,0.54997
81.65000,6.08532,8.45539,2.26497,150.41682,0.30007,50.00000,2.61966,1.00000,6.00000,0.10000,0.15000,0.54996
81.70000,5.97700,8.42218,2.26666,150.53029,0.30007,50.00000,2.61965,1.00000,6.00000,0.10000,0.15000,0.54996
81.75000,5.86857,8.38907,2.26837,150.64388,0.30007,50.00000,2.61965,1.00000,6.00000,0.10000,0.15000,0.54996
81.80000,5.76000,8.35611,2.27009,150.75757,0.30007,50.00000,2.61966,1.00000,6.00000,0.10000,0.15000,0.54996
81.85000,5.65128,8.32336,2.27181,150.87137,0.30007,50.00000,2.61966,1.00000,6.00000,0.10000,0.15000,0.54997
81.90000,5.54239,8.29086,2.27354,150.98525,0.30007,50.00000,2.61967,1.00000,6.00000,0.10000,0.15000,0.54997
81.95000,5.43334,8.25863,2.27526,151.09921,0.30007,50.00000,2.61968,1.00000,6.00000,0.10000,0.15000,0.54997
82.00000,5.32411,8.22668,2.27698,151.21325,0.30006,50.00000,2.61970,1.00000,6.00000,0.10000,0.15000,0.54997
82.05000,5.21470,8.19503,2.27868,151.32735,0.30006,50.00000,2.61972,1.00000,6.00000,0.10000,0.15000,0.54997
82.10000,5.10512,8.16368,2.28038,151.44150,0.30006,50.00000,2.61974,1.00000,6.00000,0.10000,0.15000,0.54997
82.15000,4.99538,8.13261,2.28205,151.55577,0.30005,50.00000,2.61976,1.00000,6.00000,0.10000,0.15000,0.54997
82.20000,4.88547,8.10181,2.28369,151.67005,0.30005,50.00000,2.61979,1.00000,6.00000,0.10000,0.15000,0.54998
82.25000,4.77540,8.07126,2.28531,151.78439,0.30002,50.00000,2.61996,1.00000,6.00000,0.10000,0.15000,0.54999
82.30000,4.66520,8.04092,2.28689,151.89973,0.30003,50.00000,2.61990,1.00000,6.00000,0.10000,0.15000,0.54998
82.35000,4.55486,8.01076,2.28844,152.01586,0.30003,50.00000,2.61989,1.00000,6.00000,0.10000,0.15000,0.54998
82.40000,4.44441,7.98073,2.28994,152.13107,0.30003,50.00000,2.61990,1.00000,6.00000,0.10000,0.15000,0.54998
82.45000,4.33386,7.95078,2.29141,152.24564,0.30000,50.00000,2.62008,1.00000,6.00000,0.10000,0.15000,0.55000
82.50000,4.22323,7.92086,2.29283,152.36023,0.30001,50.00000,2.62003,1.00000,6.00000,0.10000,0.15000,0.54999
82.55000,4.11253,7.89092,2.29422,152.47482,0.30001,50.00000,2.62002,1.00000,6.00000,0.10000,0.15000,0.54999
82.60000,4.00179,7.86088,2.29556,152.58941,0.30001,50.00000,2.62004,1.00000,6.00000,0.10000,0.15000,0.55000
82.65000,3.89102,7.83070,2.29687,152.70406,0.30000,50.00000,2.62007,1.00000,6.00000,0.10000,0.15000,0.55000
82.70000,3.78024,7.80029,2.29814,152.81878,0.29997,50.00000,2.62027,1.00000,6.00000,0.10000,0.15000,0.55001
82.75000,3.66947,7.76960,2.29938,152.93356,0.29998,50.00000,2.62023,1.00000,6.00000,0.10000,0.15000,0.55001
82.80000,3.55875,7.73855,2.30058,153.04843,0.29998,50.00000,2.62023,1.00000,6.00000,0.10000,0.15000,0.55001
82.85000,3.44808,7.70705,2.30174,153.16340,0.29997,50.00000,2.62025,1.00000,6.00000,0.10000,0.15000,0.55001
82.90000,3.33751,7.67503,2.30287,153.27848,0.29994,50.00000,2.62045,1.00000,6.00000,0.10000,0.15000,0.55003
82.95000,3.22706,7.64240,2.30398,153.39369,0.29995,50.00000,2.62041,1.00000,6.00000,0.10000,0.15000,0.55003
83.00000,3.11676,7.60907,2.30505,153.50903,0.29995,50.00000,2.62041,1.00000,6.00000,0.10000,0.15000,0.55003
83.05000,3.00665,7.57495,2.30609,153.62452,0.29995,50.00000,2.62043,1.00000,6.00000,0.10000,0.15000,0.55003
83.10000,2.89676,7.53994,2.30710,153.74018,0.29991,50.00000,2.62063,1.00000,6.00000,0.10000,0.15000,0.55004
83.15000,2.78714,7.50394,2.30808,153.85601,0.29992,50.00000,2.62058,1.00000,6.00000,0.10000,0.15000,0.55004
83.20000,2.67783,7.46687,2.30903,153.97202,0.29992,50.00000,2.62058,1.00000,6.00000,0.10000,0.15000,0.55004
83.25000,2.56887,7.42862,2.30995,154.08822,0.29992,50.00000,2.62059,1.00000,6.00000,0.10000,0.15000,0.55004
83.30000,2.46032,7.38910,2.31084,154.20463,0.29992,50.00000,2.62061,1.00000,6.00000,0.10000,0.15000,0.55004
83.35000,2.35223,7.34821,2.31171,154.32124,0.29991,50.00000,2.62063,1.00000,6.00000,0.10000,0.15000,0.55004
83.40000,2.24466,7.30588,2.31254,154.43806,0.29991,50.00000,2.62066,1.00000,6.00000,0.10000,0.15000,0.55005
83.45000,2.13765,7.26202,2.31335,154.55510,0.29990,50.00000,2.62069,1.00000,6.00000,0.10000,0.15000,0.55005
83.50000,2.03128,7.21654,2.31413,154.67236,0.29990,50.00000,2.62071,1.00000,6.00000,0.10000,0.15000,0.55005
83.55000,1.92561,7.16937,2.31488,154.78982,0.29990,50.00000,2.62073,1.00000,6.00000,0.10000,0.15000,0.55005
83.60000,1.82069,7.12045,2.31561,154.90748,0.29989,50.00000,2.62075,1.00000,6.00000,0.10000,0.15000,0.55005
83.65000,1.71660,7.06971,2.31631,155.02534,0.29989,50.00000,2.62077,1.00000,6.00000,0.10000,0.15000,0.55005
83.70000,1.61340,7.01710,2.31699,155.14337,0.29989,50.00000,2.62079,1.00000,6.00000,0.10000,0.15000,0.55006
83.75000,1.51117,6.96258,2.31765,155.26158,0.29988,50.00000,2.62081,1.00000,6.00000,0.10000,0.15000,0.55006
83.80000,1.40997,6.90609,2.31828,155.37993,0.29988,50.00000,2.62082,1.00000,6.00000,0.10000,0.15000,0.55006
83.85000,1.30988,6.84761,2.31889,155.49841,0.29988,50.00000,2.62082,1.00000,6.00000,0.10000,0.15000,0.55006
83.90000,1.21096,6.78711,2.31948,155.61700,0.29988,50.00000,2.62083,1.00000,6.00000,0.10000,0.15000,0.55006
83.95000,1.11328,6.72456,2.32005,155.73568,0.29988,50.00000,2.62083,1.00000,6.00000,0.10000,0.15000,0.55006
84.00000,1.01693,6.65994,2.32060,155.85441,0.29988,50.00000,2.62084,1.00000,6.00000,0.10000,0.15000,0.55006
84.05000,0.92197,6.59325,2.32113,155.97317,0.29988,50.00000,2.62084,1.00000,6.00000,0.10000,0.15000,0.55006
84.10000,0.82847,6.52447,2.32164,156.09194,0.29988,50.00000,2.62083,1.00000,6.00000,0.10000,0.15000,0.55006
84.15000,0.73651,6.45361,2.32214,156.21069,0.29988,50.00000,2.62082,1.00000,6.00000,0.10000,0.15000,0.55006
84.20000,0.64617,6.38066,2.32262,156.32943,0.29988,50.00000,2.62082,1.00000,6.00000,0.10000,0.15000,0.55006
84.25000,0.55752,6.30563,2.32308,156.44816,0.29988,50.00000,2.62081,1.00000,6.00000,0.10000,0.15000,0.55006
84.30000,0.47064,6.22853,2.32353,156.56688,0.29988,50.00000,2.62080,1.00000,6.00000,0.10000,0.15000,0.55006
84.35000,0.38560,6.14936,2.32396,156.68562,0.29989,50.00000,2.62080,1.00000,6.00000,0.10000,0.15000,0.55006
84.40000,0.30250,6.06813,2.32439,156.80440,0.29989,50.00000,2.62079,1.00000,6.00000,0.10000,0.15000,0.55006
84.45000,0.22141,5.98487,2.32480,156.92323,0.29989,50.00000,2.62078,1.00000,6.00000,0.10000,0.15000,0.55006
84.50000,0.14241,5.89959,2.32520,157.04213,0.29989,50.00000,2.62078,1.00000,6.00000,0.10000,0.15000,0.55006
84.55000,0.06559,5.81232,2.32560,157.16112,0.29989,50.00000,2.62078,1.00000,6.00000,0.10000,0.15000,0.55006
84.60000,-0.00897,5.72308,2.32600,157.28018,0.29989,50.00000,2.62077,1.00000,6.00000,0.10000,0.15000,0.55005
84.65000,-0.08119,5.63191,2.32639,157.39932,0.29989,50.00000,2.62077,1.00000,6.00000,0.10000,0.15000,0.55005
84.70000,-0.15098,5.53885,2.32679,157.51853,0.29989,50.00000,2.62076,1.00000,6.00000,0.10000,0.15000,0.55005
84.75000,-0.21828,5.44394,2.32718,157.63778,0.29989,50.00000,2.62076,1.00000,6.00000,0.10000,0.15000,0.55005
84.80000,-0.28300,5.34723,2.32759,157.75707,0.29989,50.00000,2.62076,1.00000,6.00000,0.10000,0.15000,0.55005
84.85000,-0.34509,5.24879,2.32801,157.87636,0.29989,50.00000,2.62076,1.00000,6.00000,0.10000,0.15000,0.55005
84.90000,-0.40449,5.14868,2.32843,157.99567,0.29989,50.00000,2.62075,1.00000,6.00000,0.10000,0.15000,0.55005
84.95000,-0.46114,5.04696,2.32887,158.11495,0.29989,50.00000,2.62074,1.00000,6.00000,0.10000,0.15000,0.55005
85.00000,-0.51501,4.94372,2.32933,158.23417,0.29990,50.00000,2.62073,1.00000,6.00000,0.10000,0.15000,0.55005
85.05000,-0.56606,4.83903,2.32980,158.35331,0.29990,50.00000,2.62073,1.00000,6.00000,0.10000,0.15000,0.55005
85.10000,-0.61427,4.73297,2.33030,158.47239,0.29990,50.00000,2.62071,1.00000,6.00000,0.10000,0.15000,0.55005
85.15000,-0.65963,4.62564,2.33081,158.59136,0.29990,50.00000,2.62070,1.00000,6.00000,0.10000,0.15000,0.55005
85.20000,-0.70212,4.51711,2.33134,158.71023,0.29990,50.00000,2.62068,1.00000,6.00000,0.10000,0.15000,0.55005
85.25000,-0.74174,4.40747,2.33189,158.82900,0.29991,50.00000,2.62067,1.00000,6.00000,0.10000,0.15000,0.55005
85.30000,-0.77850,4.29681,2.33247,158.94766,0.29991,50.00000,2.62066,1.00000,6.00000,0.10000,0.15000,0.55005
85.35000,-0.81240,4.18521,2.33306,159.06623,0.29991,50.00000,2.62064,1.00000,6.00000,0.10000,0.15000,0.55004
85.40000,-0.84348,4.07276,2.33367,159.18471,0.29992,50.00000,2.62062,1.00000,6.00000,0.10000,0.15000,0.55004
85.45000,-0.87174,3.95954,2.33430,159.30313,0.29992,50.00000,2.62060,1.00000,6.00000,0.10000,0.15000,0.55004
85.50000,-0.89722,3.84563,2.33495,159.42149,0.29992,50.00000,2.62058,1.00000,6.00000,0.10000,0.15000,0.55004
85.55000,-0.91993,3.73109,2.33562,159.53982,0.29995,50.00000,2.62039,1.00000,6.00000,0.10000,0.15000,0.55002
85.60000,-0.93990,3.61602,2.33631,159.65812,0.29994,50.00000,2.62046,1.00000,6.00000,0.10000,0.15000,0.55003
85.65000,-0.95718,3.50047,2.33702,159.77641,0.29994,50.00000,2.62048,1.00000,6.00000,0.10000,0.15000,0.55003
85.70000,-0.97179,3.38452,2.33775,159.89466,0.29994,50.00000,2.62048,1.00000,6.00000,0.10000,0.15000,0.55003
85.75000,-0.98376,3.26824,2.33849,160.01289,0.29996,50.00000,2.62032,1.00000,6.00000,0.10000,0.15000,0.55002
85.80000,-0.99313,3.15167,2.33926,160.13108,0.29995,50.00000,2.62038,1.00000,6.00000,0.10000,0.15000,0.55002
85.85000,-0.99994,3.03489,2.34005,160.24922,0.29995,50.00000,2.62041,1.00000,6.00000,0.10000,0.15000,0.55003
85.90000,-1.00423,2.91795,2.34085,160.36731,0.29995,50.00000,2.62042,1.00000,6.00000,0.10000,0.15000,0.55003
85.95000,-1.00603,2.80090,2.34169,160.48534,0.29995,50.00000,2.62041,1.00000,6.00000,0.10000,0.15000,0.55003
86.00000,-1.00540,2.68380,2.34254,160.60330,0.29998,50.00000,2.62023,1.00000,6.00000,0.10000,0.15000,0.55001
86.05000,-1.00236,2.56669,2.34341,160.72120,0.29997,50.00000,2.62030,1.00000,6.00000,0.10000,0.15000,0.55002
86.10000,-0.99687,2.44963,2.34431,160.83904,0.29996,50.00000,2.62032,1.00000,6.00000,0.10000,0.15000,0.55002
86.15000,-0.98892,2.33266,2.34526,160.95682,0.29996,50.00000,2.62032,1.00000,6.00000,0.10000,0.15000,0.55002
86.20000,-0.97850,2.21584,2.34629,161.07455,0.29999,50.00000,2.62015,1.00000,6.00000,0.10000,0.15000,0.55000
86.25000,-0.96566,2.09920,2.34737,161.19224,0.29998,50.00000,2.62022,1.00000,6.00000,0.10000,0.15000,0.55001
86.30000,-0.95047,1.98280,2.34852,161.30991,0.29998,50.00000,2.62024,1.00000,6.00000,0.10000,0.15000,0.55001
86.35000,-0.93301,1.86665,2.34973,161.42757,0.29998,50.00000,2.62024,1.00000,6.00000,0.10000,0.15000,0.55001
86.40000,-0.91339,1.75078,2.35098,161.54522,0.30000,50.00000,2.62009,1.00000,6.00000,0.10000,0.15000,0.55000
86.45000,-0.89171,1.63522,2.35228,161.66289,0.29999,50.00000,2.62017,1.00000,6.00000,0.10000,0.15000,0.55001
86.50000,-0.86809,1.51997,2.35363,161.78056,0.29998,50.00000,2.62020,1.00000,6.00000,0.10000,0.15000,0.55001
86.55000,-0.84266,1.40503,2.35500,161.89827,0.29998,50.00000,2.62020,1.00000,6.00000,0.10000,0.15000,0.55001
86.60000,-0.81554,1.29041,2.35640,162.01601,0.29998,50.00000,2.62019,1.00000,6.00000,0.10000,0.15000,0.55001
86.65000,-0.78687,1.17610,2.35783,162.13379,0.29999,50.00000,2.62018,1.00000,6.00000,0.10000,0.15000,0.55001
86.70000,-0.75675,1.06208,2.35926,162.25162,0.29999,50.00000,2.62017,1.00000,6.00000,0.10000,0.15000,0.55001
86.75000,-0.72533,0.94835,2.36071,162.36951,0.29999,50.00000,2.62014,1.00000,6.00000,0.10000,0.15000,0.55000
86.80000,-0.69270,0.83487,2.36216,162.48746,0.29999,50.00000,2.62012,1.00000,6.00000,0.10000,0.15000,0.55000
86.85000,-0.65900,0.72164,2.36360,162.60547,0.30000,50.00000,2.62010,1.00000,6.00000,0.10000,0.15000,0.55000
86.90000,-0.62431,0.60863,2.36503,162.72355,0.30000,50.00000,2.62008,1.00000,6.00000,0.10000,0.15000,0.55000
86.95000,-0.58875,0.49581,2.36645,162.84171,0.30000,50.00000,2.62006,1.00000,6.00000,0.10000,0.15000,0.55000
87.00000,-0.55240,0.38318,2.36785,162.95996,0.30001,50.00000,2.62005,1.00000,6.00000,0.10000,0.15000,0.55000
87.05000,-0.51536,0.27069,2.36922,163.07830,0.30001,50.00000,2.62003,1.00000,6.00000,0.10000,0.15000,0.54999
87.10000,-0.47769,0.15834,2.37056,163.19677,0.30001,50.00000,2.62001,1.00000,6.00000,0.10000,0.15000,0.54999
87.15000,-0.43948,0.04611,2.37186,163.31577,0.30002,50.00000,2.62000,1.00000,6.00000,0.10000,0.15000,0.54999
87.20000,-0.40078,-0.06603,2.37312,163.43536,0.30002,50.00000,2.61998,1.00000,6.00000,0.10000,0.15000,0.54999
87.25000,-0.36166,-0.17808,2.37433,163.55504,0.30002,50.00000,2.61997,1.00000,6.00000,0.10000,0.15000,0.54999
87.30000,-0.32216,-0.29006,2.37549,163.67432,0.30002,50.00000,2.61996,1.00000,6.00000,0.10000,0.15000,0.54999
87.35000,-0.28232,-0.40198,2.37661,163.79318,0.30002,50.00000,2.61995,1.00000,6.00000,0.10000,0.15000,0.54999
87.40000,-0.24217,-0.51386,2.37767,163.91203,0.30002,50.00000,2.61995,1.00000,6.00000,0.10000,0.15000,0.54999
87.45000,-0.20175,-0.62568,2.37868,164.03093,0.30002,50.00000,2.61994,1.00000,6.00000,0.10000,0.15000,0.54999
87.50000,-0.16107,-0.73747,2.37964,164.14986,0.30001,50.00000,2.62001,1.00000,6.00000,0.10000,0.15000,0.54999
87.55000,-0.12014,-0.84922,2.38055,164.26884,0.30002,50.00000,2.62000,1.00000,6.00000,0.10000,0.15000,0.54999
87.60000,-0.07899,-0.96092,2.38140,164.38785,0.30002,50.00000,2.61999,1.00000,6.00000,0.10000,0.15000,0.54999
87.65000,-0.03759,-1.07259,2.38221,164.50690,0.30002,50.00000,2.62000,1.00000,6.00000,0.10000,0.15000,0.54999
87.70000,0.00404,-1.18421,2.38296,164.62598,0.30000,50.00000,2.62007,1.00000,6.00000,0.10000,0.15000,0.55000
87.75000,0.04593,-1.29577,2.38366,164.74507,0.30001,50.00000,2.62006,1.00000,6.00000,0.10000,0.15000,0.55000
87.80000,0.08808,-1.40726,2.38431,164.86419,0.30000,50.00000,2.62007,1.00000,6.00000,0.10000,0.15000,0.55000
87.85000,0.13053,-1.51868,2.38490,164.98332,0.30000,50.00000,2.62008,1.00000,6.00000,0.10000,0.15000,0.55000
87.90000,0.17332,-1.63000,2.38544,165.10247,0.29999,50.00000,2.62015,1.00000,6.00000,0.10000,0.15000,0.55000
87.95000,0.21647,-1.74121,2.38594,165.22163,0.29999,50.00000,2.62015,1.00000,6.00000,0.10000,0.15000,0.55000
88.00000,0.26003,-1.85228,2.38637,165.34081,0.29999,50.00000,2.62016,1.00000,6.00000,0.10000,0.15000,0.55001
88.05000,0.30406,-1.96319,2.38676,165.46001,0.29998,50.00000,2.62019,1.00000,6.00000,0.10000,0.15000,0.55001
88.10000,0.34862,-2.07390,2.38709,165.57924,0.29998,50.00000,2.62024,1.00000,6.00000,0.10000,0.15000,0.55001
88.15000,0.39378,-2.18439,2.38737,165.69852,0.29998,50.00000,2.62024,1.00000,6.00000,0.10000,0.15000,0.55001
88.20000,0.43962,-2.29461,2.38760,165.81785,0.29997,50.00000,2.62025,1.00000,6.00000,0.10000,0.15000,0.55001
88.25000,0.48621,-2.40453,2.38777,165.93726,0.29997,50.00000,2.62027,1.00000,6.00000,0.10000,0.15000,0.55001
88.30000,0.53366,-2.51409,2.38789,166.05677,0.29997,50.00000,2.62029,1.00000,6.00000,0.10000,0.15000,0.55002
88.35000,0.58207,-2.62323,2.38795,166.17639,0.29996,50.00000,2.62033,1.00000,6.00000,0.10000,0.15000,0.55002
88.40000,0.63154,-2.73189,2.38796,166.29615,0.29996,50.00000,2.62032,1.00000,6.00000,0.10000,0.15000,0.55002
88.45000,0.68221,-2.84001,2.38791,166.41608,0.29996,50.00000,2.62032,1.00000,6.00000,0.10000,0.15000,0.55002
88.50000,0.73421,-2.94748,2.38781,166.53619,0.29996,50.00000,2.62032,1.00000,6.00000,0.10000,0.15000,0.55002
88.55000,0.78768,-3.05422,2.38764,166.65653,0.29996,50.00000,2.62034,1.00000,6.00000,0.10000,0.15000,0.55002
88.60000,0.84278,-3.16012,2.38739,166.77711,0.29996,50.00000,2.62035,1.00000,6.00000,0.10000,0.15000,0.55002
88.65000,0.89969,-3.26504,2.38709,166.89794,0.29996,50.00000,2.62036,1.00000,6.00000,0.10000,0.15000,0.55002
88.70000,0.95857,-3.36885,2.38671,167.01906,0.29995,50.00000,2.62037,1.00000,6.00000,0.10000,0.15000,0.55002
88.75000,1.01962,-3.47137,2.38622,167.14047,0.29995,50.00000,2.62038,1.00000,6.00000,0.10000,0.15000,0.55002
88.80000,1.08306,-3.57240,2.38565,167.26220,0.29995,50.00000,2.62040,1.00000,6.00000,0.10000,0.15000,0.55002
88.85000,1.14908,-3.67172,2.38497,167.38425,0.29995,50.00000,2.62041,1.00000,6.00000,0.10000,0.15000,0.55003
88.90000,1.21793,-3.76906,2.38415,167.50663,0.29995,50.00000,2.62041,1.00000,6.00000,0.10000,0.15000,0.55003
88.95000,1.28982,-3.86412,2.38323,167.62935,0.29995,50.00000,2.62042,1.00000,6.00000,0.10000,0.15000,0.55003
89.00000,1.36492,-3.95659,2.38215,167.75244,0.29995,50.00000,2.62043,1.00000,6.00000,0.10000,0.15000,0.55003
89.05000,1.44346,-4.04609,2.38090,167.87592,0.29994,50.00000,2.62044,1.00000,6.00000,0.10000,0.15000,0.55003
89.10000,1.52558,-4.13222,2.37950,167.99982,0.29994,50.00000,2.62044,1.00000,6.00000,0.10000,0.15000,0.55003
89.15000,1.61143,-4.21453,2.37791,168.12419,0.29994,50.00000,2.62045,1.00000,6.00000,0.10000,0.15000,0.55003
89.20000,1.70108,-4.29254,2.37615,168.24906,0.29994,50.00000,2.62046,1.00000,6.00000,0.10000,0.15000,0.55003
89.25000,1.79456,-4.36577,2.37420,168.37451,0.29994,50.00000,2.62048,1.00000,6.00000,0.10000,0.15000,0.55003
89.30000,1.89185,-4.43367,2.37206,168.50061,0.29994,50.00000,2.62049,1.00000,6.00000,0.10000,0.15000,0.55003
89.35000,1.99285,-4.49572,2.36974,168.62744,0.29993,50.00000,2.62050,1.00000,6.00000,0.10000,0.15000,0.55003
89.40000,2.09737,-4.55136,2.36724,168.75507,0.29993,50.00000,2.62052,1.00000,6.00000,0.10000,0.15000,0.55003
89.45000,2.20516,-4.60006,2.36457,168.88355,0.29993,50.00000,2.62055,1.00000,6.00000,0.10000,0.15000,0.55004
89.50000,2.31587,-4.64130,2.36174,169.01297,0.29992,50.00000,2.62057,1.00000,6.00000,0.10000,0.15000,0.55004
89.55000,2.42907,-4.67459,2.35878,169.14338,0.29992,50.00000,2.62059,1.00000,6.00000,0.10000,0.15000,0.55004
89.60000,2.54425,-4.69948,2.35569,169.27484,0.29991,50.00000,2.62062,1.00000,6.00000,0.10000,0.15000,0.55004
89.65000,2.66082,-4.71559,2.35253,169.40735,0.29991,50.00000,2.62064,1.00000,6.00000,0.10000,0.15000,0.55004
89.70000,2.77813,-4.72263,2.34931,169.54090,0.29991,50.00000,2.62066,1.00000,6.00000,0.10000,0.15000,0.55005
89.75000,2.89546,-4.72037,2.34609,169.67539,0.29990,50.00000,2.62069,1.00000,6.00000,0.10000,0.15000,0.55005
89.80000,3.01208,-4.70874,2.34290,169.81060,0.29990,50.00000,2.62070,1.00000,6.00000,0.10000,0.15000,0.55005
89.85000,3.12796,-4.68861,2.36739,169.94777,0.29990,50.00000,2.62071,1.00000,6.00000,0.10000,0.15000,0.55005
89.90000,3.24546,-4.66995,2.38892,170.08773,0.29990,50.00000,2.62072,1.00000,6.00000,0.10000,0.15000,0.55005
89.95000,3.36441,-4.66118,2.38632,170.21792,0.29991,50.00000,2.62066,1.00000,6.00000,0.10000,0.15000,0.55005
90.00000,3.48325,-4.65102,2.38241,170.34130,0.29993,50.00000,2.62051,1.00000,6.00000,0.10000,0.15000,0.55003
90.05000,3.59949,-4.62804,2.35810,170.46446,0.29996,50.00000,2.62035,1.00000,6.00000,0.10000,0.15000,0.55002
90.10000,3.70980,-4.58833,2.33621,170.58588,0.29998,50.00000,2.62022,1.00000,6.00000,0.10000,0.15000,0.55001
90.15000,3.81233,-4.53320,2.32524,170.70558,0.29999,50.00000,2.62014,1.00000,6.00000,0.10000,0.15000,0.55000
90.20000,3.90626,-4.46507,2.32082,170.82443,0.30000,50.00000,2.62010,1.00000,6.00000,0.10000,0.15000,0.55000
90.25000,3.99139,-4.38641,2.31910,170.94283,0.30000,50.00000,2.62009,1.00000,6.00000,0.10000,0.15000,0.55000
90.30000,4.06776,-4.29929,2.31833,171.06100,0.30000,50.00000,2.62011,1.00000,6.00000,0.10000,0.15000,0.55000
90.35000,4.13562,-4.20539,2.31789,171.17905,0.30000,50.00000,2.62012,1.00000,6.00000,0.10000,0.15000,0.55000
90.40000,4.19530,-4.10612,2.31759,171.29705,0.29999,50.00000,2.62013,1.00000,6.00000,0.10000,0.15000,0.55000
90.45000,4.24724,-4.00258,2.31736,171.41507,0.29999,50.00000,2.62015,1.00000,6.00000,0.10000,0.15000,0.55000
90.50000,4.29190,-3.89571,2.31717,171.53314,0.29999,50.00000,2.62016,1.00000,6.00000,0.10000,0.15000,0.55001
90.55000,4.32973,-3.78623,2.31701,171.65128,0.29999,50.00000,2.62018,1.00000,6.00000,0.10000,0.15000,0.55001
90.60000,4.36117,-3.67475,2.31690,171.76950,0.29998,50.00000,2.62019,1.00000,6.00000,0.10000,0.15000,0.55001
90.65000,4.38665,-3.56177,2.31682,171.88779,0.29998,50.00000,2.62024,1.00000,6.00000,0.10000,0.15000,0.55001
90.70000,4.40655,-3.44766,2.31679,172.00610,0.29997,50.00000,2.62027,1.00000,6.00000,0.10000,0.15000,0.55001
90.75000,4.42123,-3.33277,2.31680,172.12440,0.29997,50.00000,2.62028,1.00000,6.00000,0.10000,0.15000,0.55002
90.80000,4.43102,-3.21736,2.31686,172.24263,0.29997,50.00000,2.62028,1.00000,6.00000,0.10000,0.15000,0.55002
90.85000,4.43623,-3.10164,2.31697,172.36077,0.29996,50.00000,2.62033,1.00000,6.00000,0.10000,0.15000,0.55002
90.90000,4.43713,-2.98580,2.31714,172.47877,0.29996,50.00000,2.62035,1.00000,6.00000,0.10000,0.15000,0.55002
90.95000,4.43400,-2.86998,2.31733,172.59661,0.29996,50.00000,2.62035,1.00000,6.00000,0.10000,0.15000,0.55002
91.00000,4.42701,-2.75433,2.31754,172.71427,0.29996,50.00000,2.62033,1.00000,6.00000,0.10000,0.15000,0.55002
91.05000,4.41630,-2.63895,2.31781,172.83174,0.29996,50.00000,2.62035,1.00000,6.00000,0.10000,0.15000,0.55002
91.10000,4.40203,-2.52394,2.31818,172.94901,0.29996,50.00000,2.62036,1.00000,6.00000,0.10000,0.15000,0.55002
91.15000,4.38439,-2.40937,2.31863,173.06609,0.29996,50.00000,2.62036,1.00000,6.00000,0.10000,0.15000,0.55002
91.20000,4.36361,-2.29531,2.31916,173.18298,0.29996,50.00000,2.62031,1.00000,6.00000,0.10000,0.15000,0.55002
91.25000,4.33988,-2.18179,2.31976,173.29971,0.29996,50.00000,2.62033,1.00000,6.00000,0.10000,0.15000,0.55002
91.30000,4.31342,-2.06885,2.32042,173.41629,0.29996,50.00000,2.62032,1.00000,6.00000,0.10000,0.15000,0.55002
91.35000,4.28445,-1.95649,2.32114,173.53274,0.29997,50.00000,2.62031,1.00000,6.00000,0.10000,0.15000,0.55002
91.40000,4.25318,-1.84471,2.32189,173.64908,0.29997,50.00000,2.62028,1.00000,6.00000,0.10000,0.15000,0.55002
91.45000,4.21983,-1.73349,2.32269,173.76532,0.29997,50.00000,2.62026,1.00000,6.00000,0.10000,0.15000,0.55001
91.50000,4.18460,-1.62280,2.32351,173.88148,0.29998,50.00000,2.62023,1.00000,6.00000,0.10000,0.15000,0.55001
91.55000,4.14770,-1.51263,2.32435,173.99758,0.29998,50.00000,2.62019,1.00000,6.00000,0.10000,0.15000,0.55001
91.60000,4.10931,-1.40291,2.32521,174.11363,0.29999,50.00000,2.62016,1.00000,6.00000,0.10000,0.15000,0.55001
91.65000,4.06962,-1.29361,2.32608,174.22967,0.29999,50.00000,2.62017,1.00000,6.00000,0.10000,0.15000,0.55001
91.70000,4.02883,-1.18467,2.32695,174.34569,0.30000,50.00000,2.62011,1.00000,6.00000,0.10000,0.15000,0.55000
91.75000,3.98710,-1.07604,2.32781,174.46173,0.30001,50.00000,2.62005,1.00000,6.00000,0.10000,0.15000,0.55000
91.80000,3.94460,-0.96767,2.32867,174.57781,0.30001,50.00000,2.62000,1.00000,6.00000,0.10000,0.15000,0.54999
91.85000,3.90150,-0.85948,2.32951,174.69393,0.30002,50.00000,2.61995,1.00000,6.00000,0.10000,0.15000,0.54999
91.90000,3.85795,-0.75143,2.33033,174.81012,0.30002,50.00000,2.61997,1.00000,6.00000,0.10000,0.15000,0.54999
91.95000,3.81412,-0.64346,2.33112,174.92643,0.30003,50.00000,2.61990,1.00000,6.00000,0.10000,0.15000,0.54998
92.00000,3.77013,-0.53550,2.33189,175.04284,0.30004,50.00000,2.61985,1.00000,6.00000,0.10000,0.15000,0.54998
92.05000,3.72616,-0.42749,2.33262,175.15942,0.30005,50.00000,2.61979,1.00000,6.00000,0.10000,0.15000,0.54998
92.10000,3.68234,-0.31939,2.33331,175.27669,0.30005,50.00000,2.61981,1.00000,6.00000,0.10000,0.15000,0.54998
92.15000,3.63882,-0.21113,2.33395,175.39445,0.30006,50.00000,2.61975,1.00000,6.00000,0.10000,0.15000,0.54997
92.20000,3.59575,-0.10265,2.33454,175.51190,0.30006,50.00000,2.61970,1.00000,6.00000,0.10000,0.15000,0.54997
92.25000,3.55328,0.00609,2.33508,175.62919,0.30007,50.00000,2.61965,1.00000,6.00000,0.10000,0.15000,0.54996
92.30000,3.51156,0.11515,2.33557,175.74655,0.30007,50.00000,2.61968,1.00000,6.00000,0.10000,0.15000,0.54997
92.35000,3.47075,0.22458,2.33600,175.86408,0.30008,50.00000,2.61962,1.00000,6.00000,0.10000,0.15000,0.54996
92.40000,3.43099,0.33441,2.33639,175.98179,0.30008,50.00000,2.61958,1.00000,6.00000,0.10000,0.15000,0.54996
92.45000,3.39244,0.44470,2.33672,176.09970,0.30009,50.00000,2.61954,1.00000,6.00000,0.10000,0.15000,0.54996
92.50000,3.35525,0.55546,2.33699,176.21784,0.30010,50.00000,2.61950,1.00000,6.00000,0.10000,0.15000,0.54995
92.55000,3.31957,0.66673,2.33721,176.33620,0.30010,50.00000,2.61947,1.00000,6.00000,0.10000,0.15000,0.54995
92.60000,3.28556,0.77854,2.33738,176.45478,0.30011,50.00000,2.61944,1.00000,6.00000,0.10000,0.15000,0.54995
92.65000,3.25336,0.89089,2.33748,176.57359,0.30011,50.00000,2.61941,1.00000,6.00000,0.10000,0.15000,0.54994
92.70000,3.22315,1.00379,2.33753,176.69261,0.30011,50.00000,2.61939,1.00000,6.00000,0.10000,0.15000,0.54994
92.75000,3.19508,1.11724,2.33752,176.81184,0.30012,50.00000,2.61937,1.00000,6.00000,0.10000,0.15000,0.54994
92.80000,3.16931,1.23124,2.33746,176.93128,0.30012,50.00000,2.61935,1.00000,6.00000,0.10000,0.15000,0.54994
92.85000,3.14600,1.34576,2.33733,177.05092,0.30012,50.00000,2.61933,1.00000,6.00000,0.10000,0.15000,0.54994
92.90000,3.12533,1.46078,2.33714,177.17075,0.30013,50.00000,2.61931,1.00000,6.00000,0.10000,0.15000,0.54994
92.95000,3.10746,1.57625,2.33689,177.29076,0.30013,50.00000,2.61930,1.00000,6.00000,0.10000,0.15000,0.54994
93.00000,3.09257,1.69213,2.33658,177.41095,0.30013,50.00000,2.61929,1.00000,6.00000,0.10000,0.15000,0.54994
93.05000,3.08082,1.80836,2.33620,177.53132,0.30013,50.00000,2.61928,1.00000,6.00000,0.10000,0.15000,0.54993
93.10000,3.07240,1.92485,2.33575,177.65186,0.30013,50.00000,2.61928,1.00000,6.00000,0.10000,0.15000,0.54993
93.15000,3.06749,2.04152,2.33524,177.77258,0.30014,50.00000,2.61926,1.00000,6.00000,0.10000,0.15000,0.54993
93.20000,3.06627,2.15825,2.33464,177.89348,0.30014,50.00000,2.61926,1.00000,6.00000,0.10000,0.15000,0.54993
93.25000,3.06893,2.27494,2.33398,178.01455,0.30014,50.00000,2.61925,1.00000,6.00000,0.10000,0.15000,0.54993
93.30000,3.07566,2.39142,2.33323,178.13580,0.30014,50.00000,2.61924,1.00000,6.00000,0.10000,0.15000,0.54993
93.35000,3.08664,2.50753,2.33240,178.25724,0.30014,50.00000,2.61924,1.00000,6.00000,0.10000,0.15000,0.54993
93.40000,3.10206,2.62310,2.33150,178.37889,0.30014,50.00000,2.61922,1.00000,6.00000,0.10000,0.15000,0.54993
93.45000,3.12211,2.73791,2.33048,178.50078,0.30014,50.00000,2.61922,1.00000,6.00000,0.10000,0.15000,0.54993
93.50000,3.14697,2.85171,2.32936,178.62293,0.30014,50.00000,2.61921,1.00000,6.00000,0.10000,0.15000,0.54993
93.55000,3.17681,2.96425,2.32818,178.74535,0.30015,50.00000,2.61920,1.00000,6.00000,0.10000,0.15000,0.54993
93.60000,3.21180,3.07524,2.32687,178.86805,0.30015,50.00000,2.61917,1.00000,6.00000,0.10000,0.15000,0.54993
93.65000,3.25206,3.18435,2.32546,178.99107,0.30015,50.00000,2.61916,1.00000,6.00000,0.10000,0.15000,0.54992
93.70000,3.29772,3.29123,2.32395,179.11443,0.30015,50.00000,2.61915,1.00000,6.00000,0.10000,0.15000,0.54992
93.75000,3.34888,3.39550,2.32233,179.23816,0.30016,50.00000,2.61913,1.00000,6.00000,0.10000,0.15000,0.54992
93.80000,3.40559,3.49676,2.32061,179.36231,0.30016,50.00000,2.61911,1.00000,6.00000,0.10000,0.15000,0.54992
93.85000,3.46787,3.59459,2.31879,179.48690,0.30016,50.00000,2.61908,1.00000,6.00000,0.10000,0.15000,0.54992
93.90000,3.53571,3.68853,2.31688,179.61198,0.30017,50.00000,2.61906,1.00000,6.00000,0.10000,0.15000,0.54992
93.95000,3.60904,3.77813,2.31487,179.73756,0.30017,50.00000,2.61904,1.00000,6.00000,0.10000,0.15000,0.54992
94.00000,3.68772,3.86292,2.31279,179.86366,0.30018,50.00000,2.61901,1.00000,6.00000,0.10000,0.15000,0.54991
94.05000,3.77158,3.94244,2.31064,179.99027,0.30018,50.00000,2.61897,1.00000,6.00000,0.10000,0.15000,0.54991
94.10000,3.86038,4.01623,2.30844,180.11736,0.30019,50.00000,2.61895,1.00000,6.00000,0.10000,0.15000,0.54991
94.15000,3.95383,4.08385,2.30620,180.24496,0.30019,50.00000,2.61893,1.00000,6.00000,0.10000,0.15000,0.54991
94.20000,4.05157,4.14489,2.30393,180.37306,0.30019,50.00000,2.61890,1.00000,6.00000,0.10000,0.15000,0.54990
94.25000,4.15320,4.19896,2.30166,180.50162,0.30020,50.00000,2.61887,1.00000,6.00000,0.10000,0.15000,0.54990
94.30000,4.25826,4.24574,2.29939,180.63062,0.30020,50.00000,2.61885,1.00000,6.00000,0.10000,0.15000,0.54990
94.35000,4.36626,4.28493,2.29716,180.75995,0.30021,50.00000,2.61883,1.00000,6.00000,0.10000,0.15000,0.54990
94.40000,4.47667,4.31631,2.29497,180.88950,0.30021,50.00000,2.61880,1.00000,6.00000,0.10000,0.15000,0.54990
94.45000,4.58892,4.33972,2.29284,181.01927,0.30021,50.00000,2.61879,1.00000,6.00000,0.10000,0.15000,0.54990
94.50000,4.70246,4.35506,2.29079,181.14911,0.30021,50.00000,2.61878,1.00000,6.00000,0.10000,0.15000,0.54989
94.55000,4.81669,4.36230,2.28883,181.27886,0.30022,50.00000,2.61876,1.00000,6.00000,0.10000,0.15000,0.54989
94.60000,4.93106,4.36148,2.28698,181.40848,0.30022,50.00000,2.61877,1.00000,6.00000,0.10000,0.15000,0.54989
94.65000,5.04500,4.35269,2.28525,181.53779,0.30021,50.00000,2.61878,1.00000,6.00000,0.10000,0.15000,0.54989
94.70000,5.16047,4.33512,2.39300,181.53779,0.30021,50.00000,2.61879,1.00000,6.00000,0.10000,0.15000,0.54990
94.75000,5.27244,4.30169,2.27063,181.62623,0.30021,50.00000,2.61881,1.00000,6.00000,0.10000,0.15000,0.54990
94.80000,5.37378,4.25248,2.24980,181.84315,0.30022,50.00000,2.61877,1.00000,6.00000,0.10000,0.15000,0.54989
94.85000,5.46601,4.18897,2.23293,182.02342,0.30023,50.00000,2.61865,1.00000,6.00000,0.10000,0.15000,0.54988
94.90000,5.54851,4.11386,2.24022,182.17005,0.30027,50.00000,2.61846,1.00000,6.00000,0.10000,0.15000,0.54987
94.95000,5.62681,4.03332,2.24534,182.30658,0.30030,50.00000,2.61824,1.00000,6.00000,0.10000,0.15000,0.54985
95.00000,5.69794,3.94651,2.24971,182.43636,0.30034,50.00000,2.61802,1.00000,6.00000,0.10000,0.15000,0.54983
95.05000,5.76929,3.85932,2.25424,182.56788,0.30037,50.00000,2.61779,1.00000,6.00000,0.10000,0.15000,0.54981
95.10000,5.84516,3.77603,2.25349,182.70217,0.30041,50.00000,2.61758,1.00000,6.00000,0.10000,0.15000,0.54980
95.15000,5.92263,3.69419,2.25402,182.83688,0.30045,50.00000,2.61735,1.00000,6.00000,0.10000,0.15000,0.54978
95.20000,6.00043,3.61263,2.25449,182.97098,0.30046,50.00000,2.61729,1.00000,6.00000,0.10000,0.15000,0.54977
95.25000,6.07776,3.53061,2.25475,183.10366,0.30046,50.00000,2.61729,1.00000,6.00000,0.10000,0.15000,0.54977
95.30000,6.15403,3.44758,2.25485,183.23439,0.30044,50.00000,2.61736,1.00000,6.00000,0.10000,0.15000,0.54978
95.35000,6.22875,3.36315,2.25484,183.36292,0.30045,50.00000,2.61734,1.00000,6.00000,0.10000,0.15000,0.54978
95.40000,6.30147,3.27701,2.25471,183.48924,0.30043,50.00000,2.61745,1.00000,6.00000,0.10000,0.15000,0.54979
95.45000,6.37173,3.18885,2.25445,183.61345,0.30040,50.00000,2.61762,1.00000,6.00000,0.10000,0.15000,0.54980
95.50000,6.43905,3.09845,2.25419,183.73573,0.30037,50.00000,2.61780,1.00000,6.00000,0.10000,0.15000,0.54982
95.55000,6.50310,3.00572,2.25398,183.85628,0.30036,50.00000,2.61789,1.00000,6.00000,0.10000,0.15000,0.54982
95.60000,6.56363,2.91067,2.25388,183.97533,0.30033,50.00000,2.61807,1.00000,6.00000,0.10000,0.15000,0.54984
95.65000,6.62049,2.81337,2.25390,184.09309,0.30029,50.00000,2.61828,1.00000,6.00000,0.10000,0.15000,0.54985
95.70000,6.67358,2.71397,2.25404,184.20976,0.30026,50.00000,2.61848,1.00000,6.00000,0.10000,0.15000,0.54987
95.75000,6.72290,2.61264,2.25430,184.32550,0.30025,50.00000,2.61858,1.00000,6.00000,0.10000,0.15000,0.54988
95.80000,6.76848,2.50954,2.25468,184.44048,0.30019,50.00000,2.61891,1.00000,6.00000,0.10000,0.15000,0.54990
95.85000,6.81041,2.40489,2.25515,184.55482,0.30018,50.00000,2.61900,1.00000,6.00000,0.10000,0.15000,0.54991
95.90000,6.84883,2.29888,2.25572,184.66864,0.30016,50.00000,2.61911,1.00000,6.00000,0.10000,0.15000,0.54992
95.95000,6.88391,2.19167,2.25637,184.78203,0.30014,50.00000,2.61925,1.00000,6.00000,0.10000,0.15000,0.54993
96.00000,6.91584,2.08345,2.25708,184.89507,0.30010,50.00000,2.61946,1.00000,6.00000,0.10000,0.15000,0.54995
96.05000,6.94484,1.97437,2.25784,185.00784,0.30009,50.00000,2.61953,1.00000,6.00000,0.10000,0.15000,0.54995
96.10000,6.97114,1.86457,2.25864,185.12040,0.30008,50.00000,2.61962,1.00000,6.00000,0.10000,0.15000,0.54996
96.15000,6.99500,1.75417,2.25947,185.23282,0.30006,50.00000,2.61973,1.00000,6.00000,0.10000,0.15000,0.54997
96.20000,7.01665,1.64327,2.26031,185.34515,0.30001,50.00000,2.62001,1.00000,6.00000,0.10000,0.15000,0.54999
96.25000,7.03637,1.53197,2.26117,185.45745,0.30001,50.00000,2.62003,1.00000,6.00000,0.10000,0.15000,0.55000
96.30000,7.05441,1.42034,2.26202,185.56977,0.30000,50.00000,2.62009,1.00000,6.00000,0.10000,0.15000,0.55000
96.35000,7.07102,1.30845,2.26287,185.68216,0.29999,50.00000,2.62017,1.00000,6.00000,0.10000,0.15000,0.55001
96.40000,7.08646,1.19634,2.26370,185.79467,0.29998,50.00000,2.62024,1.00000,6.00000,0.10000,0.15000,0.55001
96.45000,7.10098,1.08407,2.26451,185.90731,0.29994,50.00000,2.62049,1.00000,6.00000,0.10000,0.15000,0.55003
96.50000,7.11484,0.97168,2.26529,186.02019,0.29994,50.00000,2.62049,1.00000,6.00000,0.10000,0.15000,0.55003
96.55000,7.12828,0.85920,2.26604,186.13384,0.29993,50.00000,2.62051,1.00000,6.00000,0.10000,0.15000,0.55003
96.60000,7.14154,0.74666,2.26675,186.24804,0.29993,50.00000,2.62055,1.00000,6.00000,0.10000,0.15000,0.55004
96.65000,7.15488,0.63409,2.26741,186.36202,0.29989,50.00000,2.62077,1.00000,6.00000,0.10000,0.15000,0.55005
96.70000,7.16852,0.52153,2.26802,186.47595,0.29989,50.00000,2.62075,1.00000,6.00000,0.10000,0.15000,0.55005
96.75000,7.18270,0.40900,2.26859,186.59007,0.29989,50.00000,2.62075,1.00000,6.00000,0.10000,0.15000,0.55005
96.80000,7.19766,0.29655,2.26911,186.70447,0.29989,50.00000,2.62077,1.00000,6.00000,0.10000,0.15000,0.55005
96.85000,7.21362,0.18421,2.26959,186.81920,0.29989,50.00000,2.62080,1.00000,6.00000,0.10000,0.15000,0.55006
96.90000,7.23079,0.07203,2.27001,186.93426,0.29988,50.00000,2.62082,1.00000,6.00000,0.10000,0.15000,0.55006
96.95000,7.24939,-0.03995,2.27039,187.04968,0.29988,50.00000,2.62085,1.00000,6.00000,0.10000,0.15000,0.55006
97.00000,7.26962,-0.15166,2.27072,187.16545,0.29987,50.00000,2.62087,1.00000,6.00000,0.10000,0.15000,0.55006
97.05000,7.29167,-0.26304,2.27101,187.28158,0.29987,50.00000,2.62090,1.00000,6.00000,0.10000,0.15000,0.55006
97.10000,7.31575,-0.37401,2.27125,187.39806,0.29987,50.00000,2.62091,1.00000,6.00000,0.10000,0.15000,0.55007
97.15000,7.34203,-0.48450,2.27145,187.51487,0.29986,50.00000,2.62093,1.00000,6.00000,0.10000,0.15000,0.55007
97.20000,7.37067,-0.59440,2.27160,187.63200,0.29986,50.00000,2.62094,1.00000,6.00000,0.10000,0.15000,0.55007
97.25000,7.40183,-0.70362,2.27171,187.74943,0.29986,50.00000,2.62095,1.00000,6.00000,0.10000,0.15000,0.55007
97.30000,7.43566,-0.81205,2.27179,187.86713,0.29986,50.00000,2.62096,1.00000,6.00000,0.10000,0.15000,0.55007
97.35000,7.47229,-0.91957,2.27183,187.98508,0.29986,50.00000,2.62098,1.00000,6.00000,0.10000,0.15000,0.55007
97.40000,7.51184,-1.02606,2.27184,188.10325,0.29986,50.00000,2.62098,1.00000,6.00000,0.10000,0.15000,0.55007
97.45000,7.55440,-1.13137,2.27182,188.22161,0.29986,50.00000,2.62098,1.00000,6.00000,0.10000,0.15000,0.55007
97.50000,7.60007,-1.23537,2.27177,188.34014,0.29986,50.00000,2.62098,1.00000,6.00000,0.10000,0.15000,0.55007
97.55000,7.64892,-1.33791,2.27170,188.45881,0.29986,50.00000,2.62098,1.00000,6.00000,0.10000,0.15000,0.55007
97.60000,7.70099,-1.43885,2.27161,188.57760,0.29985,50.00000,2.62099,1.00000,6.00000,0.10000,0.15000,0.55007
97.65000,7.75632,-1.53803,2.27151,188.69649,0.29986,50.00000,2.62098,1.00000,6.00000,0.10000,0.15000,0.55007
97.70000,7.81494,-1.63530,2.27139,188.81547,0.29986,50.00000,2.62098,1.00000,6.00000,0.10000,0.15000,0.55007
97.75000,7.87684,-1.73051,2.27127,188.93451,0.29986,50.00000,2.62097,1.00000,6.00000,0.10000,0.15000,0.55007
97.80000,7.94201,-1.82350,2.27115,189.05361,0.29986,50.00000,2.62097,1.00000,6.00000,0.10000,0.15000,0.55007
97.85000,8.01043,-1.91413,2.27102,189.17275,0.29986,50.00000,2.62096,1.00000,6.00000,0.10000,0.15000,0.55007
97.90000,8.08204,-2.00224,2.27090,189.29189,0.29986,50.00000,2.62096,1.00000,6.00000,0.10000,0.15000,0.55007
97.95000,8.15678,-2.08771,2.27079,189.41098,0.29986,50.00000,2.62095,1.00000,6.00000,0.10000,0.15000,0.55007
98.00000,8.23457,-2.17039,2.27069,189.53001,0.29986,50.00000,2.62094,1.00000,6.00000,0.10000,0.15000,0.55007
98.05000,8.31534,-2.25017,2.27061,189.64895,0.29986,50.00000,2.62093,1.00000,6.00000,0.10000,0.15000,0.55007
98.10000,8.39897,-2.32694,2.27054,189.76781,0.29987,50.00000,2.62091,1.00000,6.00000,0.10000,0.15000,0.55007
98.15000,8.48536,-2.40059,2.27050,189.88655,0.29987,50.00000,2.62091,1.00000,6.00000,0.10000,0.15000,0.55007
98.20000,8.57438,-2.47103,2.27048,190.00515,0.29987,50.00000,2.62089,1.00000,6.00000,0.10000,0.15000,0.55006
98.25000,8.66590,-2.53818,2.27048,190.12359,0.29987,50.00000,2.62088,1.00000,6.00000,0.10000,0.15000,0.55006
98.30000,8.75980,-2.60198,2.27052,190.24182,0.29988,50.00000,2.62086,1.00000,6.00000,0.10000,0.15000,0.55006
98.35000,8.85592,-2.66237,2.27059,190.35983,0.29988,50.00000,2.62084,1.00000,6.00000,0.10000,0.15000,0.55006
98.40000,8.95413,-2.71931,2.27069,190.47762,0.29988,50.00000,2.62083,1.00000,6.00000,0.10000,0.15000,0.55006
98.45000,9.05429,-2.77278,2.27082,190.59517,0.29988,50.00000,2.62080,1.00000,6.00000,0.10000,0.15000,0.55006
98.50000,9.15624,-2.82275,2.27099,190.71248,0.29989,50.00000,2.62078,1.00000,6.00000,0.10000,0.15000,0.55006
98.55000,9.25984,-2.86923,2.27120,190.82956,0.29989,50.00000,2.62076,1.00000,6.00000,0.10000,0.15000,0.55005
98.60000,9.36495,-2.91222,2.27144,190.94641,0.29990,50.00000,2.62073,1.00000,6.00000,0.10000,0.15000,0.55005
98.65000,9.47142,-2.95174,2.27172,191.06303,0.29990,50.00000,2.62070,1.00000,6.00000,0.10000,0.15000,0.55005
98.70000,9.57913,-2.98782,2.27203,191.17942,0.29990,50.00000,2.62068,1.00000,6.00000,0.10000,0.15000,0.55005
98.75000,9.68794,-3.02049,2.27239,191.29559,0.29994,50.00000,2.62049,1.00000,6.00000,0.10000,0.15000,0.55003
98.80000,9.79772,-3.04980,2.27277,191.41155,0.29993,50.00000,2.62053,1.00000,6.00000,0.10000,0.15000,0.55004
98.85000,9.90835,-3.07580,2.27320,191.52731,0.29993,50.00000,2.62054,1.00000,6.00000,0.10000,0.15000,0.55004
98.90000,10.01971,-3.09854,2.27366,191.64288,0.29993,50.00000,2.62053,1.00000,6.00000,0.10000,0.15000,0.55004
98.95000,10.13171,-3.11807,2.27412,191.75828,0.29996,50.00000,2.62035,1.00000,6.00000,0.10000,0.15000,0.55002
99.00000,10.24425,-3.13436,2.27459,191.87352,0.29995,50.00000,2.62041,1.00000,6.00000,0.10000,0.15000,0.55003
99.05000,10.35725,-3.14737,2.27511,191.98863,0.29995,50.00000,2.62043,1.00000,6.00000,0.10000,0.15000,0.55003
99.10000,10.47059,-3.15712,2.27572,192.10360,0.29995,50.00000,2.62042,1.00000,6.00000,0.10000,0.15000,0.55003
99.15000,10.58420,-3.16366,2.27639,192.21848,0.29997,50.00000,2.62025,1.00000,6.00000,0.10000,0.15000,0.55001
99.20000,10.69799,-3.16708,2.27713,192.33327,0.29996,50.00000,2.62031,1.00000,6.00000,0.10000,0.15000,0.55002
99.25000,10.81186,-3.16748,2.27794,192.44798,0.29996,50.00000,2.62033,1.00000,6.00000,0.10000,0.15000,0.55002
99.30000,10.92575,-3.16497,2.27880,192.56264,0.29996,50.00000,2.62033,1.00000,6.00000,0.10000,0.15000,0.55002
99.35000,11.04217,-3.15873,2.39241,192.72904,0.29996,50.00000,2.62033,1.00000,6.00000,0.10000,0.15000,0.55002
99.40000,11.15779,-3.13932,2.27818,192.81675,0.29999,50.00000,2.62018,1.00000,6.00000,0.10000,0.15000,0.55001
99.45000,11.26476,-3.10286,2.26626,192.91814,0.29997,50.00000,2.62031,1.00000,6.00000,0.10000,0.15000,0.55002
99.50000,11.37062,-3.06124,2.28096,193.02419,0.29993,50.00000,2.62051,1.00000,6.00000,0.10000,0.15000,0.55003
99.55000,11.47848,-3.02415,2.28138,193.13627,0.29990,50.00000,2.62071,1.00000,6.00000,0.10000,0.15000,0.55005
99.60000,11.58770,-2.99118,2.28198,193.25078,0.29990,50.00000,2.62070,1.00000,6.00000,0.10000,0.15000,0.55005
99.65000,11.69768,-2.96071,2.28302,193.36615,0.29987,50.00000,2.62088,1.00000,6.00000,0.10000,0.15000,0.55006
99.70000,11.80821,-2.93210,2.28416,193.48196,0.29985,50.00000,2.62099,1.00000,6.00000,0.10000,0.15000,0.55007
99.75000,11.91916,-2.90492,2.28529,193.59795,0.29984,50.00000,2.62105,1.00000,6.00000,0.10000,0.15000,0.55008
99.80000,12.03044,-2.87886,2.28639,193.71394,0.29984,50.00000,2.62107,1.00000,6.00000,0.10000,0.15000,0.55008
99.85000,12.14197,-2.85361,2.28745,193.82983,0.29984,50.00000,2.62107,1.00000,6.00000,0.10000,0.15000,0.55008
99.90000,12.25367,-2.82893,2.28847,193.94556,0.29984,50.00000,2.62105,1.00000,6.00000,0.10000,0.15000,0.55008
99.95000,12.36550,-2.80460,2.28943,194.06112,0.29985,50.00000,2.62101,1.00000,6.00000,0.10000,0.15000,0.55007
100.00000,12.47742,-2.78044,2.29035,194.17656,0.29986,50.00000,2.62097,1.00000,6.00000,0.10000,0.15000,0.55007
100.05000,12.58938,-2.75628,2.29121,194.29205,0.29987,50.00000,2.62091,1.00000,6.00000,0.10000,0.15000,0.55007
100.10000,12.70136,-2.73200,2.29201,194.40792,0.29988,50.00000,2.62085,1.00000,6.00000,0.10000,0.15000,0.55006
100.15000,12.81333,-2.70750,2.29275,194.52376,0.29989,50.00000,2.62079,1.00000,6.00000,0.10000,0.15000,0.55006
100.20000,12.92527,-2.68271,2.29343,194.63878,0.29990,50.00000,2.62072,1.00000,6.00000,0.10000,0.15000,0.55005
100.25000,13.03716,-2.65754,2.29404,194.75340,0.29990,50.00000,2.62070,1.00000,6.00000,0.10000,0.15000,0.55005
100.30000,13.14899,-2.63195,2.29460,194.86798,0.29992,50.00000,2.62061,1.00000,6.00000,0.10000,0.15000,0.55004
100.35000,13.26073,-2.60590,2.29509,194.98250,0.29993,50.00000,2.62054,1.00000,6.00000,0.10000,0.15000,0.55004
100.40000,13.37238,-2.57933,2.29552,195.09698,0.29994,50.00000,2.62047,1.00000,6.00000,0.10000,0.15000,0.55003
100.45000,13.48392,-2.55224,2.29589,195.21146,0.29994,50.00000,2.62046,1.00000,6.00000,0.10000,0.15000,0.55003
100.50000,13.59535,-2.52459,2.29619,195.32596,0.29995,50.00000,2.62039,1.00000,6.00000,0.10000,0.15000,0.55002
100.55000,13.70664,-2.49637,2.29644,195.44049,0.29996,50.00000,2.62034,1.00000,6.00000,0.10000,0.15000,0.55002
100.60000,13.81780,-2.46757,2.29663,195.55506,0.29997,50.00000,2.62030,1.00000,6.00000,0.10000,0.15000,0.55002
100.65000,13.92881,-2.43820,2.29675,195.66966,0.29996,50.00000,2.62032,1.00000,6.00000,0.10000,0.15000,0.55002
100.70000,14.03967,-2.40824,2.29682,195.78430,0.29997,50.00000,2.62028,1.00000,6.00000,0.10000,0.15000,0.55002
100.75000,14.15038,-2.37772,2.29684,195.89896,0.29997,50.00000,2.62026,1.00000,6.00000,0.10000,0.15000,0.55001
100.80000,14.26094,-2.34665,2.29680,196.01364,0.29997,50.00000,2.62026,1.00000,6.00000,0.10000,0.15000,0.55001
100.85000,14.37135,-2.31505,2.29670,196.12834,0.29997,50.00000,2.62026,1.00000,6.00000,0.10000,0.15000,0.55001
100.90000,14.48161,-2.28298,2.29656,196.24304,0.29996,50.00000,2.62031,1.00000,6.00000,0.10000,0.15000,0.55002
100.95000,14.59173,-2.25047,2.29637,196.35775,0.29997,50.00000,2.62030,1.00000,6.00000,0.10000,0.15000,0.55002
101.00000,14.70172,-2.21751,2.29613,196.47247,0.29997,50.00000,2.62029,1.00000,6.00000,0.10000,0.15000,0.55002
101.05000,14.81156,-2.18416,2.29585,196.58720,0.29997,50.00000,2.62030,1.00000,6.00000,0.10000,0.15000,0.55002
101.10000,14.92124,-2.15031,2.29552,196.70196,0.29996,50.00000,2.62032,1.00000,6.00000,0.10000,0.15000,0.55002
101.15000,15.03070,-2.11581,2.29515,196.81677,0.29997,50.00000,2.62029,1.00000,6.00000,0.10000,0.15000,0.55002
101.20000,15.13987,-2.08046,2.29469,196.93164,0.29997,50.00000,2.62026,1.00000,6.00000,0.10000,0.15000,0.55001
101.25000,15.24858,-2.04384,2.29412,197.04660,0.29998,50.00000,2.62025,1.00000,6.00000,0.10000,0.15000,0.55001
101.30000,15.35668,-2.00551,2.29346,197.16167,0.29998,50.00000,2.62023,1.00000,6.00000,0.10000,0.15000,0.55001
101.35000,15.46396,-1.96507,2.29259,197.27688,0.29998,50.00000,2.62022,1.00000,6.00000,0.10000,0.15000,0.55001
101.40000,15.57013,-1.92191,2.29143,197.39228,0.29998,50.00000,2.62022,1.00000,6.00000,0.10000,0.15000,0.55001
101.45000,15.67479,-1.87540,2.29004,197.50791,0.29998,50.00000,2.62021,1.00000,6.00000,0.10000,0.15000,0.55001
101.50000,15.77755,-1.82500,2.28837,197.62383,0.29998,50.00000,2.62021,1.00000,6.00000,0.10000,0.15000,0.55001
101.55000,15.87793,-1.77019,2.28636,197.74013,0.29998,50.00000,2.62022,1.00000,6.00000,0.10000,0.15000,0.55001
101.60000,15.97535,-1.71050,2.28404,197.85694,0.29998,50.00000,2.62024,1.00000,6.00000,0.10000,0.15000,0.55001
101.65000,16.06919,-1.64555,2.28134,197.97440,0.29997,50.00000,2.62026,1.00000,6.00000,0.10000,0.15000,0.55001
101.70000,16.15872,-1.57501,2.27829,198.09268,0.29997,50.00000,2.62030,1.00000,6.00000,0.10000,0.15000,0.55002
101.75000,16.24317,-1.49870,2.27482,198.21198,0.29996,50.00000,2.62033,1.00000,6.00000,0.10000,0.15000,0.55002
101.80000,16.32164,-1.41653,2.27090,198.33252,0.29996,50.00000,2.62036,1.00000,6.00000,0.10000,0.15000,0.55002
101.85000,16.39321,-1.32854,2.26644,198.45455,0.29995,50.00000,2.62040,1.00000,6.00000,0.10000,0.15000,0.55002
101.90000,16.45683,-1.23495,2.26134,198.57829,0.29994,50.00000,2.62044,1.00000,6.00000,0.10000,0.15000,0.55003
101.95000,16.51139,-1.13611,2.25552,198.70394,0.29993,50.00000,2.62050,1.00000,6.00000,0.10000,0.15000,0.55003
102.00000,16.55573,-1.03263,2.24890,198.83157,0.29993,50.00000,2.62053,1.00000,6.00000,0.10000,0.15000,0.55004
102.05000,16.58869,-0.92536,2.24144,198.96127,0.29992,50.00000,2.62057,1.00000,6.00000,0.10000,0.15000,0.55004
102.10000,16.60918,-0.81543,2.23323,199.09302,0.29992,50.00000,2.62061,1.00000,6.00000,0.10000,0.15000,0.55004
102.15000,16.61629,-0.70426,2.22455,199.22613,0.29991,50.00000,2.62065,1.00000,6.00000,0.10000,0.15000,0.55005
102.20000,16.60944,-0.59353,2.21576,199.36026,0.29991,50.00000,2.62067,1.00000,6.00000,0.10000,0.15000,0.55005
102.25000,16.58844,-0.48504,2.20707,199.49419,0.29990,50.00000,2.62068,1.00000,6.00000,0.10000,0.15000,0.55005
102.30000,16.55352,-0.38065,2.19886,199.62780,0.29990,50.00000,2.62070,1.00000,6.00000,0.10000,0.15000,0.55005
102.35000,16.50541,-0.28206,2.19282,199.76092,0.29990,50.00000,2.62069,1.00000,6.00000,0.10000,0.15000,0.55005
102.40000,16.44549,-0.19046,2.18854,199.89402,0.29990,50.00000,2.62068,1.00000,6.00000,0.10000,0.15000,0.55005
102.45000,16.37527,-0.10675,2.18515,200.02626,0.29991,50.00000,2.62067,1.00000,6.00000,0.10000,0.15000,0.55005
102.50000,16.29619,-0.03156,2.18244,200.15736,0.29991,50.00000,2.62063,1.00000,6.00000,0.10000,0.15000,0.55004
102.55000,16.20966,0.03473,2.18036,200.28665,0.29991,50.00000,2.62064,1.00000,6.00000,0.10000,0.15000,0.55004
102.60000,16.11701,0.09200,2.17876,200.41376,0.29991,50.00000,2.62063,1.00000,6.00000,0.10000,0.15000,0.55004
102.65000,16.01946,0.14031,2.17754,200.53870,0.29992,50.00000,2.62058,1.00000,6.00000,0.10000,0.15000,0.55004
102.70000,15.91809,0.17987,2.17666,200.66149,0.29993,50.00000,2.62053,1.00000,6.00000,0.10000,0.15000,0.55004
102.75000,15.81387,0.21102,2.17605,200.78220,0.29993,50.00000,2.62053,1.00000,6.00000,0.10000,0.15000,0.55004
102.80000,15.70761,0.23416,2.17553,200.90099,0.29993,50.00000,2.62052,1.00000,6.00000,0.10000,0.15000,0.55003
102.85000,15.59999,0.24968,2.17508,201.01801,0.29994,50.00000,2.62048,1.00000,6.00000,0.10000,0.15000,0.55003
102.90000,15.49158,0.25795,2.17478,201.13340,0.29994,50.00000,2.62044,1.00000,6.00000,0.10000,0.15000,0.55003
102.95000,15.38288,0.25940,2.17466,201.24735,0.29994,50.00000,2.62045,1.00000,6.00000,0.10000,0.15000,0.55003
103.00000,15.27427,0.25453,2.17472,201.36003,0.29995,50.00000,2.62043,1.00000,6.00000,0.10000,0.15000,0.55003
103.05000,15.16608,0.24381,2.17493,201.47162,0.29995,50.00000,2.62041,1.00000,6.00000,0.10000,0.15000,0.55003
103.10000,15.05853,0.22776,2.17525,201.58231,0.29996,50.00000,2.62037,1.00000,6.00000,0.10000,0.15000,0.55002
103.15000,14.95180,0.20684,2.17566,201.69231,0.29996,50.00000,2.62036,1.00000,6.00000,0.10000,0.15000,0.55002
103.20000,14.84600,0.18153,2.17614,201.80175,0.29996,50.00000,2.62034,1.00000,6.00000,0.10000,0.15000,0.55002
103.25000,14.74120,0.15227,2.17667,201.91079,0.29997,50.00000,2.62030,1.00000,6.00000,0.10000,0.15000,0.55002
103.30000,14.63742,0.11947,2.17724,202.01953,0.29997,50.00000,2.62026,1.00000,6.00000,0.10000,0.15000,0.55001
103.35000,14.53465,0.08353,2.17783,202.12806,0.29999,50.00000,2.62016,1.00000,6.00000,0.10000,0.15000,0.55001
103.40000,14.43287,0.04481,2.17844,202.23648,0.29999,50.00000,2.62013,1.00000,6.00000,0.10000,0.15000,0.55000
103.45000,14.33201,0.00364,2.17905,202.34485,0.29999,50.00000,2.62014,1.00000,6.00000,0.10000,0.15000,0.55000
103.50000,14.23202,-0.03966,2.17965,202.45323,0.30000,50.00000,2.62007,1.00000,6.00000,0.10000,0.15000,0.55000
103.55000,14.13282,-0.08480,2.18024,202.56165,0.30002,50.00000,2.62000,1.00000,6.00000,0.10000,0.15000,0.54999
103.60000,14.03432,-0.13154,2.18082,202.67015,0.30003,50.00000,2.61993,1.00000,6.00000,0.10000,0.15000,0.54999
103.65000,13.93643,-0.17961,2.18136,202.77874,0.30003,50.00000,2.61993,1.00000,6.00000,0.10000,0.15000,0.54999
103.70000,13.83907,-0.22880,2.18187,202.88743,0.30004,50.00000,2.61986,1.00000,6.00000,0.10000,0.15000,0.54998
103.75000,13.74215,-0.27890,2.18234,202.99623,0.30005,50.00000,2.61979,1.00000,6.00000,0.10000,0.15000,0.54998
103.80000,13.64559,-0.32973,2.18276,203.10515,0.30006,50.00000,2.61973,1.00000,6.00000,0.10000,0.15000,0.54997
103.85000,13.54929,-0.38111,2.18313,203.21417,0.30007,50.00000,2.61967,1.00000,6.00000,0.10000,0.15000,0.54997
103.90000,13.45318,-0.43287,2.18345,203.32334,0.30006,50.00000,2.61971,1.00000,6.00000,0.10000,0.15000,0.54997
103.95000,13.35718,-0.48489,2.18371,203.43296,0.30007,50.00000,2.61966,1.00000,6.00000,0.10000,0.15000,0.54996
104.00000,13.26124,-0.53701,2.18391,203.54287,0.30008,50.00000,2.61962,1.00000,6.00000,0.10000,0.15000,0.54996
104.05000,13.16528,-0.58913,2.18405,203.65267,0.30008,50.00000,2.61959,1.00000,6.00000,0.10000,0.15000,0.54996
104.10000,13.06925,-0.64113,2.18412,203.76228,0.30007,50.00000,2.61964,1.00000,6.00000,0.10000,0.15000,0.54996
104.15000,12.97312,-0.69294,2.18413,203.87175,0.30008,50.00000,2.61961,1.00000,6.00000,0.10000,0.15000,0.54996
104.20000,12.87684,-0.74448,2.18408,203.98123,0.30008,50.00000,2.61959,1.00000,6.00000,0.10000,0.15000,0.54996
104.25000,12.78041,-0.79572,2.18398,204.09076,0.30008,50.00000,2.61958,1.00000,6.00000,0.10000,0.15000,0.54996
104.30000,12.68380,-0.84663,2.18383,204.20031,0.30008,50.00000,2.61958,1.00000,6.00000,0.10000,0.15000,0.54996
104.35000,12.58702,-0.89718,2.18363,204.30989,0.30007,50.00000,2.61964,1.00000,6.00000,0.10000,0.15000,0.54996
104.40000,12.49007,-0.94738,2.18338,204.41949,0.30008,50.00000,2.61963,1.00000,6.00000,0.10000,0.15000,0.54996
104.45000,12.39292,-0.99715,2.18308,204.52914,0.30008,50.00000,2.61962,1.00000,6.00000,0.10000,0.15000,0.54996
104.50000,12.29548,-1.04632,2.18273,204.63883,0.30008,50.00000,2.61963,1.00000,6.00000,0.10000,0.15000,0.54996
104.55000,12.19768,-1.09474,2.18231,204.74858,0.30007,50.00000,2.61964,1.00000,6.00000,0.10000,0.15000,0.54996
104.60000,12.09936,-1.14203,2.18175,204.85840,0.30007,50.00000,2.61965,1.00000,6.00000,0.10000,0.15000,0.54996
104.65000,12.00031,-1.18771,2.18109,204.96829,0.30007,50.00000,2.61966,1.00000,6.00000,0.10000,0.15000,0.54996
104.70000,11.90040,-1.23136,2.18024,205.07827,0.30007,50.00000,2.61967,1.00000,6.00000,0.10000,0.15000,0.54997
104.75000,11.79942,-1.27236,2.17904,205.18836,0.30007,50.00000,2.61967,1.00000,6.00000,0.10000,0.15000,0.54997
104.80000,11.69725,-1.31012,2.17807,205.29859,0.30007,50.00000,2.61968,1.00000,6.00000,0.10000,0.15000,0.54997
104.85000,11.59391,-1.34433,2.17632,205.40902,0.30007,50.00000,2.61968,1.00000,6.00000,0.10000,0.15000,0.54997
104.90000,11.48922,-1.37377,2.17373,205.51967,0.30007,50.00000,2.61968,1.00000,6.00000,0.10000,0.15000,0.54997
104.95000,11.38323,-1.39765,2.17233,205.63059,0.30007,50.00000,2.61967,1.00000,6.00000,0.10000,0.15000,0.54997
105.00000,11.27627,-1.41626,2.17075,205.74197,0.30007,50.00000,2.61965,1.00000,6.00000,0.10000,0.15000,0.54996
105.05000,11.16857,-1.42911,2.16823,205.85392,0.30008,50.00000,2.61963,1.00000,6.00000,0.10000,0.15000,0.54996
105.10000,11.06042,-1.43519,2.16475,205.96649,0.30008,50.00000,2.61961,1.00000,6.00000,0.10000,0.15000,0.54996
105.15000,10.95230,-1.43358,2.16136,206.07972,0.30008,50.00000,2.61958,1.00000,6.00000,0.10000,0.15000,0.54996
105.20000,10.84482,-1.42369,2.15637,206.19378,0.30009,50.00000,2.61953,1.00000,6.00000,0.10000,0.15000,0.54995
105.25000,10.73904,-1.40406,2.14513,206.30868,0.30010,50.00000,2.61950,1.00000,6.00000,0.10000,0.15000,0.54995
105.30000,10.63725,-1.37159,2.12738,206.42423,0.30010,50.00000,2.61946,1.00000,6.00000,0.10000,0.15000,0.54995
105.35000,10.54188,-1.32516,2.12795,206.54045,0.30011,50.00000,2.61940,1.00000,6.00000,0.10000,0.15000,0.54994
105.40000,10.44867,-1.27325,2.13412,206.65915,0.30013,50.00000,2.61930,1.00000,6.00000,0.10000,0.15000,0.54994
105.45000,10.35982,-1.21454,2.12466,206.77997,0.30014,50.00000,2.61924,1.00000,6.00000,0.10000,0.15000,0.54993
105.50000,10.27871,-1.14636,2.11544,206.90103,0.30015,50.00000,2.61918,1.00000,6.00000,0.10000,0.15000,0.54993
105.55000,10.20664,-1.06930,2.10644,207.02201,0.30015,50.00000,2.61918,1.00000,6.00000,0.10000,0.15000,0.54993
105.60000,10.14526,-0.98410,2.09557,207.14264,0.30015,50.00000,2.61919,1.00000,6.00000,0.10000,0.15000,0.54993
105.65000,10.09633,-0.89179,2.08605,207.26222,0.30014,50.00000,2.61922,1.00000,6.00000,0.10000,0.15000,0.54993
105.70000,10.06058,-0.79408,2.07924,207.38063,0.30012,50.00000,2.61934,1.00000,6.00000,0.10000,0.15000,0.54994
105.75000,10.03814,-0.69280,2.07294,207.49813,0.30013,50.00000,2.61928,1.00000,6.00000,0.10000,0.15000,0.54993
105.80000,10.02924,-0.58977,2.06676,207.61439,0.30013,50.00000,2.61930,1.00000,6.00000,0.10000,0.15000,0.54994
105.85000,10.03391,-0.48677,2.06068,207.72914,0.30012,50.00000,2.61933,1.00000,6.00000,0.10000,0.15000,0.54994
105.90000,10.05195,-0.38555,2.05471,207.84265,0.30012,50.00000,2.61936,1.00000,6.00000,0.10000,0.15000,0.54994
105.95000,10.08230,-0.28746,2.05796,207.95500,0.30010,50.00000,2.61948,1.00000,6.00000,0.10000,0.15000,0.54995
106.00000,10.12181,-0.19251,2.05736,208.06659,0.30011,50.00000,2.61943,1.00000,6.00000,0.10000,0.15000,0.54995
106.05000,10.17023,-0.10180,2.05772,208.17706,0.30011,50.00000,2.61942,1.00000,6.00000,0.10000,0.15000,0.54995
106.10000,10.22621,-0.01553,2.05802,208.28649,0.30011,50.00000,2.61940,1.00000,6.00000,0.10000,0.15000,0.54994
106.15000,10.28877,0.06614,2.05848,208.39483,0.30010,50.00000,2.61951,1.00000,6.00000,0.10000,0.15000,0.54995
106.20000,10.35694,0.14323,2.05900,208.50207,0.30010,50.00000,2.61947,1.00000,6.00000,0.10000,0.15000,0.54995
106.25000,10.42989,0.21585,2.05955,208.60825,0.30010,50.00000,2.61948,1.00000,6.00000,0.10000,0.15000,0.54995
106.30000,10.50688,0.28423,2.06011,208.71341,0.30009,50.00000,2.61953,1.00000,6.00000,0.10000,0.15000,0.54995
106.35000,10.58727,0.34862,2.06069,208.81760,0.30008,50.00000,2.61961,1.00000,6.00000,0.10000,0.15000,0.54996
106.40000,10.67050,0.40935,2.06126,208.92093,0.30005,50.00000,2.61978,1.00000,6.00000,0.10000,0.15000,0.54997
106.45000,10.75610,0.46676,2.06182,209.02350,0.30004,50.00000,2.61982,1.00000,6.00000,0.10000,0.15000,0.54998
106.50000,10.84364,0.52122,2.06238,209.12547,0.30003,50.00000,2.61991,1.00000,6.00000,0.10000,0.15000,0.54999
106.55000,10.93277,0.57310,2.06292,209.22698,0.30001,50.00000,2.62003,1.00000,6.00000,0.10000,0.15000,0.54999
106.60000,11.02317,0.62278,2.06343,209.32822,0.29999,50.00000,2.62015,1.00000,6.00000,0.10000,0.15000,0.55000
106.65000,11.11456,0.67067,2.06393,209.42935,0.29995,50.00000,2.62039,1.00000,6.00000,0.10000,0.15000,0.55002
106.70000,11.20671,0.71714,2.06439,209.53055,0.29994,50.00000,2.62046,1.00000,6.00000,0.10000,0.15000,0.55003
106.75000,11.29939,0.76260,2.06480,209.63201,0.29993,50.00000,2.62055,1.00000,6.00000,0.10000,0.15000,0.55004
106.80000,11.39239,0.80744,2.06517,209.73392,0.29991,50.00000,2.62064,1.00000,6.00000,0.10000,0.15000,0.55004
106.85000,11.48553,0.85204,2.06548,209.83652,0.29990,50.00000,2.62073,1.00000,6.00000,0.10000,0.15000,0.55005
106.90000,11.57862,0.89678,2.06573,209.94003,0.29988,50.00000,2.62081,1.00000,6.00000,0.10000,0.15000,0.55006
106.95000,11.67147,0.94203,2.06590,210.04463,0.29987,50.00000,2.62088,1.00000,6.00000,0.10000,0.15000,0.55006
107.00000,11.76389,0.98818,2.06598,210.15032,0.29986,50.00000,2.62095,1.00000,6.00000,0.10000,0.15000,0.55007
107.05000,11.85567,1.03558,2.06598,210.25707,0.29985,50.00000,2.62101,1.00000,6.00000,0.10000,0.15000,0.55007
107.10000,11.94660,1.08458,2.06588,210.36507,0.29984,50.00000,2.62107,1.00000,6.00000,0.10000,0.15000,0.55008
107.15000,12.03646,1.13551,2.06568,210.47440,0.29983,50.00000,2.62112,1.00000,6.00000,0.10000,0.15000,0.55008
107.20000,12.12501,1.18866,2.06540,210.58505,0.29983,50.00000,2.62116,1.00000,6.00000,0.10000,0.15000,0.55009
107.25000,12.21200,1.24430,2.06504,210.69697,0.29982,50.00000,2.62121,1.00000,6.00000,0.10000,0.15000,0.55009
107.30000,12.29716,1.30265,2.06461,210.81004,0.29981,50.00000,2.62124,1.00000,6.00000,0.10000,0.15000,0.55009
107.35000,12.38024,1.36390,2.06411,210.92413,0.29981,50.00000,2.62127,1.00000,6.00000,0.10000,0.15000,0.55009
107.40000,12.46095,1.42819,2.06357,211.03908,0.29981,50.00000,2.62128,1.00000,6.00000,0.10000,0.15000,0.55010
107.45000,12.53903,1.49562,2.06299,211.15464,0.29981,50.00000,2.62129,1.00000,6.00000,0.10000,0.15000,0.55010
107.50000,12.61420,1.56622,2.06239,211.27055,0.29980,50.00000,2.62129,1.00000,6.00000,0.10000,0.15000,0.55010
107.55000,12.68620,1.64001,2.06180,211.38654,0.29981,50.00000,2.62129,1.00000,6.00000,0.10000,0.15000,0.55010
107.60000,12.75479,1.71694,2.06122,211.50233,0.29981,50.00000,2.62128,1.00000,6.00000,0.10000,0.15000,0.55010
107.65000,12.81975,1.79693,2.06067,211.61769,0.29981,50.00000,2.62126,1.00000,6.00000,0.10000,0.15000,0.55009
107.70000,12.88087,1.87984,2.06016,211.73248,0.29982,50.00000,2.62123,1.00000,6.00000,0.10000,0.15000,0.55009
107.75000,12.93799,1.96554,2.05969,211.84655,0.29982,50.00000,2.62119,1.00000,6.00000,0.10000,0.15000,0.55009
107.80000,12.99095,2.05384,2.05929,211.95979,0.29983,50.00000,2.62115,1.00000,6.00000,0.10000,0.15000,0.55008
107.85000,13.03965,2.14454,2.05896,212.07215,0.29984,50.00000,2.62110,1.00000,6.00000,0.10000,0.15000,0.55008
107.90000,13.08400,2.23743,2.05869,212.18363,0.29987,50.00000,2.62089,1.00000,6.00000,0.10000,0.15000,0.55006
107.95000,13.12396,2.33227,2.05849,212.29421,0.29986,50.00000,2.62092,1.00000,6.00000,0.10000,0.15000,0.55007
108.00000,13.15952,2.42885,2.05837,212.40391,0.29987,50.00000,2.62091,1.00000,6.00000,0.10000,0.15000,0.55007
108.05000,13.19067,2.52693,2.05831,212.51277,0.29987,50.00000,2.62087,1.00000,6.00000,0.10000,0.15000,0.55006
108.10000,13.21745,2.62629,2.05833,212.62083,0.29988,50.00000,2.62082,1.00000,6.00000,0.10000,0.15000,0.55006
108.15000,13.23992,2.72672,2.05842,212.72813,0.29992,50.00000,2.62061,1.00000,6.00000,0.10000,0.15000,0.55004
108.20000,13.25816,2.82800,2.05857,212.83475,0.29991,50.00000,2.62063,1.00000,6.00000,0.10000,0.15000,0.55004
108.25000,13.27226,2.92996,2.05879,212.94073,0.29992,50.00000,2.62062,1.00000,6.00000,0.10000,0.15000,0.55004
108.30000,13.28234,3.03240,2.05907,213.04614,0.29992,50.00000,2.62058,1.00000,6.00000,0.10000,0.15000,0.55004
108.35000,13.28852,3.13517,2.05941,213.15105,0.29995,50.00000,2.62037,1.00000,6.00000,0.10000,0.15000,0.55002
108.40000,13.29093,3.23812,2.05981,213.25551,0.29995,50.00000,2.62040,1.00000,6.00000,0.10000,0.15000,0.55002
108.45000,13.28971,3.34111,2.06027,213.35959,0.29995,50.00000,2.62039,1.00000,6.00000,0.10000,0.15000,0.55002
108.50000,13.28503,3.44402,2.06079,213.46332,0.29996,50.00000,2.62035,1.00000,6.00000,0.10000,0.15000,0.55002
108.55000,13.27702,3.54676,2.06134,213.56677,0.29997,50.00000,2.62031,1.00000,6.00000,0.10000,0.15000,0.55002
108.60000,13.26581,3.64922,2.06193,213.66998,0.30000,50.00000,2.62010,1.00000,6.00000,0.10000,0.15000,0.55000
108.65000,13.25151,3.75133,2.06257,213.77302,0.29999,50.00000,2.62013,1.00000,6.00000,0.10000,0.15000,0.55000
108.70000,13.23420,3.85301,2.06329,213.87594,0.30000,50.00000,2.62012,1.00000,6.00000,0.10000,0.15000,0.55000
108.75000,13.21403,3.95420,2.06412,213.97878,0.30000,50.00000,2.62009,1.00000,6.00000,0.10000,0.15000,0.55000
108.80000,13.19116,4.05486,2.06502,214.08158,0.30001,50.00000,2.62005,1.00000,6.00000,0.10000,0.15000,0.55000
108.85000,13.16575,4.15496,2.06601,214.18437,0.30004,50.00000,2.61986,1.00000,6.00000,0.10000,0.15000,0.54998
108.90000,13.13799,4.25448,2.06706,214.28719,0.30003,50.00000,2.61992,1.00000,6.00000,0.10000,0.15000,0.54999
108.95000,13.10806,4.35343,2.06816,214.39006,0.30003,50.00000,2.61993,1.00000,6.00000,0.10000,0.15000,0.54999
109.00000,13.07614,4.45182,2.06931,214.49299,0.30003,50.00000,2.61991,1.00000,6.00000,0.10000,0.15000,0.54999
109.05000,13.04239,4.54965,2.07049,214.59601,0.30003,50.00000,2.61990,1.00000,6.00000,0.10000,0.15000,0.54998
109.10000,13.00699,4.64697,2.07170,214.69913,0.30004,50.00000,2.61987,1.00000,6.00000,0.10000,0.15000,0.54998
109.15000,12.97010,4.74379,2.07293,214.80234,0.30004,50.00000,2.61985,1.00000,6.00000,0.10000,0.15000,0.54998
109.20000,12.93185,4.84015,2.07418,214.90565,0.30004,50.00000,2.61984,1.00000,6.00000,0.10000,0.15000,0.54998
109.25000,12.89238,4.93609,2.07543,215.00907,0.30002,50.00000,2.61997,1.00000,6.00000,0.10000,0.15000,0.54999
109.30000,12.85181,5.03164,2.07668,215.11260,0.30004,50.00000,2.61988,1.00000,6.00000,0.10000,0.15000,0.54998
109.35000,12.81027,5.12683,2.07793,215.21622,0.30004,50.00000,2.61982,1.00000,6.00000,0.10000,0.15000,0.54998
109.40000,12.76783,5.22170,2.07917,215.31994,0.30005,50.00000,2.61980,1.00000,6.00000,0.10000,0.15000,0.54998
109.45000,12.72459,5.31627,2.08040,215.42374,0.30002,50.00000,2.61995,1.00000,6.00000,0.10000,0.15000,0.54999
109.50000,12.68063,5.41058,2.08161,215.52764,0.30004,50.00000,2.61987,1.00000,6.00000,0.10000,0.15000,0.54998
109.55000,12.63601,5.50464,2.08279,215.63163,0.30004,50.00000,2.61984,1.00000,6.00000,0.10000,0.15000,0.54998
109.60000,12.59077,5.59847,2.08395,215.73566,0.30004,50.00000,2.61983,1.00000,6.00000,0.10000,0.15000,0.54998
109.65000,12.54496,5.69209,2.08508,215.83987,0.30004,50.00000,2.61984,1.00000,6.00000,0.10000,0.15000,0.54998
109.70000,12.49860,5.78550,2.08618,215.94457,0.30001,50.00000,2.62002,1.00000,6.00000,0.10000,0.15000,0.54999
109.75000,12.45171,5.87871,2.08723,216.04969,0.30002,50.00000,2.61997,1.00000,6.00000,0.10000,0.15000,0.54999
109.80000,12.40429,5.97170,2.08825,216.15488,0.30002,50.00000,2.61996,1.00000,6.00000,0.10000,0.15000,0.54999
109.85000,12.35633,6.06447,2.08922,216.25974,0.30002,50.00000,2.61997,1.00000,6.00000,0.10000,0.15000,0.54999
109.90000,12.30780,6.15700,2.09015,216.36416,0.30002,50.00000,2.62000,1.00000,6.00000,0.10000,0.15000,0.54999
109.95000,12.25868,6.24928,2.09104,216.46849,0.29998,50.00000,2.62020,1.00000,6.00000,0.10000,0.15000,0.55001
110.00000,12.20894,6.34126,2.09189,216.57289,0.29999,50.00000,2.62017,1.00000,6.00000,0.10000,0.15000,0.55001
110.05000,12.15854,6.43293,2.09270,216.67734,0.29999,50.00000,2.62017,1.00000,6.00000,0.10000,0.15000,0.55001
110.10000,12.10742,6.52426,2.09347,216.78184,0.29998,50.00000,2.62020,1.00000,6.00000,0.10000,0.15000,0.55001
110.15000,12.05554,6.61519,2.09421,216.88643,0.29998,50.00000,2.62023,1.00000,6.00000,0.10000,0.15000,0.55001
110.20000,12.00284,6.70569,2.09490,216.99113,0.29994,50.00000,2.62045,1.00000,6.00000,0.10000,0.15000,0.55003
110.25000,11.94926,6.79571,2.09556,217.09596,0.29995,50.00000,2.62043,1.00000,6.00000,0.10000,0.15000,0.55003
110.30000,11.89472,6.88519,2.09618,217.20095,0.29994,50.00000,2.62044,1.00000,6.00000,0.10000,0.15000,0.55003
110.35000,11.83915,6.97408,2.09677,217.30613,0.29994,50.00000,2.62047,1.00000,6.00000,0.10000,0.15000,0.55003
110.40000,11.78248,7.06229,2.09732,217.41153,0.29993,50.00000,2.62050,1.00000,6.00000,0.10000,0.15000,0.55003
110.45000,11.72463,7.14978,2.09783,217.51716,0.29993,50.00000,2.62054,1.00000,6.00000,0.10000,0.15000,0.55004
110.50000,11.66553,7.23644,2.09831,217.62307,0.29992,50.00000,2.62058,1.00000,6.00000,0.10000,0.15000,0.55004
110.55000,11.60509,7.32222,2.09876,217.72926,0.29991,50.00000,2.62062,1.00000,6.00000,0.10000,0.15000,0.55004
110.60000,11.54325,7.40701,2.09918,217.83578,0.29991,50.00000,2.62066,1.00000,6.00000,0.10000,0.15000,0.55005
110.65000,11.47992,7.49072,2.09956,217.94262,0.29990,50.00000,2.62069,1.00000,6.00000,0.10000,0.15000,0.55005
110.70000,11.41505,7.57326,2.09993,218.04981,0.29990,50.00000,2.62073,1.00000,6.00000,0.10000,0.15000,0.55005
110.75000,11.34858,7.65455,2.10027,218.15736,0.29989,50.00000,2.62076,1.00000,6.00000,0.10000,0.15000,0.55005
110.80000,11.28048,7.73450,2.10057,218.26525,0.29989,50.00000,2.62078,1.00000,6.00000,0.10000,0.15000,0.55006
110.85000,11.21064,7.81295,2.10081,218.37349,0.29988,50.00000,2.62081,1.00000,6.00000,0.10000,0.15000,0.55006
110.90000,11.13897,7.88975,2.10105,218.48205,0.29988,50.00000,2.62083,1.00000,6.00000,0.10000,0.15000,0.55006
110.95000,11.06543,7.96477,2.10127,218.59092,0.29988,50.00000,2.62085,1.00000,6.00000,0.10000,0.15000,0.55006
111.00000,10.98997,8.03788,2.10147,218.70008,0.29987,50.00000,2.62088,1.00000,6.00000,0.10000,0.15000,0.55006
111.05000,10.91258,8.10895,2.10165,218.80950,0.29987,50.00000,2.62090,1.00000,6.00000,0.10000,0.15000,0.55006
111.10000,10.83322,8.17783,2.10182,218.91916,0.29987,50.00000,2.62091,1.00000,6.00000,0.10000,0.15000,0.55007
111.15000,10.75190,8.24440,2.10199,219.02901,0.29987,50.00000,2.62092,1.00000,6.00000,0.10000,0.15000,0.55007
111.20000,10.66862,8.30852,2.10216,219.13902,0.29987,50.00000,2.62092,1.00000,6.00000,0.10000,0.15000,0.55007
111.25000,10.58343,8.37009,2.10234,219.24914,0.29987,50.00000,2.62092,1.00000,6.00000,0.10000,0.15000,0.55007
111.30000,10.49637,8.42899,2.10252,219.35934,0.29987,50.00000,2.62092,1.00000,6.00000,0.10000,0.15000,0.55007
111.35000,10.40749,8.48513,2.10271,219.46955,0.29987,50.00000,2.62091,1.00000,6.00000,0.10000,0.15000,0.55007
111.40000,10.31686,8.53842,2.10291,219.57975,0.29987,50.00000,2.62091,1.00000,6.00000,0.10000,0.15000,0.55007
111.45000,10.22455,8.58878,2.10314,219.68990,0.29987,50.00000,2.62090,1.00000,6.00000,0.10000,0.15000,0.55006
111.50000,10.13067,8.63614,2.10338,219.79991,0.29987,50.00000,2.62089,1.00000,6.00000,0.10000,0.15000,0.55006
111.55000,10.03529,8.68046,2.10364,219.90975,0.29987,50.00000,2.62086,1.00000,6.00000,0.10000,0.15000,0.55006
111.60000,9.93852,8.72169,2.10394,220.01937,0.29988,50.00000,2.62083,1.00000,6.00000,0.10000,0.15000,0.55006
111.65000,9.84047,8.75980,2.10426,220.12874,0.29991,50.00000,2.62064,1.00000,6.00000,0.10000,0.15000,0.55004
111.70000,9.74123,8.79477,2.10461,220.23775,0.29990,50.00000,2.62068,1.00000,6.00000,0.10000,0.15000,0.55005
111.75000,9.64093,8.82661,2.10499,220.34632,0.29990,50.00000,2.62069,1.00000,6.00000,0.10000,0.15000,0.55005
111.80000,9.53966,8.85531,2.10540,220.45431,0.29991,50.00000,2.62067,1.00000,6.00000,0.10000,0.15000,0.55005
111.85000,9.43754,8.88089,2.10584,220.56169,0.29991,50.00000,2.62064,1.00000,6.00000,0.10000,0.15000,0.55004
111.90000,9.33467,8.90339,2.10633,220.66896,0.29994,50.00000,2.62045,1.00000,6.00000,0.10000,0.15000,0.55003
111.95000,9.23116,8.92285,2.10683,220.77685,0.29993,50.00000,2.62050,1.00000,6.00000,0.10000,0.15000,0.55003
112.00000,9.12710,8.93929,2.10736,220.88457,0.29993,50.00000,2.62052,1.00000,6.00000,0.10000,0.15000,0.55003
112.05000,9.02258,8.95275,2.10791,220.99195,0.29993,50.00000,2.62051,1.00000,6.00000,0.10000,0.15000,0.55003
112.10000,8.91770,8.96326,2.10850,221.09923,0.29996,50.00000,2.62034,1.00000,6.00000,0.10000,0.15000,0.55002
112.15000,8.81254,8.97089,2.10912,221.20633,0.29995,50.00000,2.62040,1.00000,6.00000,0.10000,0.15000,0.55002
112.20000,8.70718,8.97570,2.10977,221.31311,0.29995,50.00000,2.62040,1.00000,6.00000,0.10000,0.15000,0.55003
112.25000,8.60170,8.97774,2.11046,221.41955,0.29995,50.00000,2.62038,1.00000,6.00000,0.10000,0.15000,0.55002
112.30000,8.49617,8.97709,2.11119,221.52572,0.29996,50.00000,2.62035,1.00000,6.00000,0.10000,0.15000,0.55002
112.35000,8.39064,8.97384,2.11196,221.63167,0.29999,50.00000,2.62016,1.00000,6.00000,0.10000,0.15000,0.55001
112.40000,8.28518,8.96807,2.11278,221.73745,0.29998,50.00000,2.62020,1.00000,6.00000,0.10000,0.15000,0.55001
112.45000,8.17984,8.95987,2.11363,221.84309,0.29998,50.00000,2.62020,1.00000,6.00000,0.10000,0.15000,0.55001
112.50000,8.07467,8.94934,2.11452,221.94862,0.29999,50.00000,2.62017,1.00000,6.00000,0.10000,0.15000,0.55001
112.55000,7.96969,8.93659,2.11546,222.05409,0.29999,50.00000,2.62013,1.00000,6.00000,0.10000,0.15000,0.55000
112.60000,7.86495,8.92173,2.11644,222.15951,0.30002,50.00000,2.61995,1.00000,6.00000,0.10000,0.15000,0.54999
112.65000,7.76045,8.90487,2.11746,222.26491,0.30002,50.00000,2.62000,1.00000,6.00000,0.10000,0.15000,0.54999
112.70000,7.65623,8.88613,2.11853,222.37033,0.30002,50.00000,2.62000,1.00000,6.00000,0.10000,0.15000,0.54999
112.75000,7.55228,8.86562,2.11963,222.47577,0.30002,50.00000,2.61998,1.00000,6.00000,0.10000,0.15000,0.54999
112.80000,7.44861,8.84347,2.12077,222.58127,0.30002,50.00000,2.61995,1.00000,6.00000,0.10000,0.15000,0.54999
112.85000,7.34522,8.81980,2.12195,222.68685,0.30003,50.00000,2.61991,1.00000,6.00000,0.10000,0.15000,0.54999
112.90000,7.24209,8.79473,2.12316,222.79251,0.30003,50.00000,2.61988,1.00000,6.00000,0.10000,0.15000,0.54998
112.95000,7.13922,8.76839,2.12440,222.89828,0.30004,50.00000,2.61985,1.00000,6.00000,0.10000,0.15000,0.54998
113.00000,7.03659,8.74090,2.12568,223.00417,0.30005,50.00000,2.61981,1.00000,6.00000,0.10000,0.15000,0.54998
113.05000,6.93417,8.71238,2.12703,223.11018,0.30005,50.00000,2.61978,1.00000,6.00000,0.10000,0.15000,0.54997
113.10000,6.83193,8.68298,2.12846,223.21632,0.30006,50.00000,2.61975,1.00000,6.00000,0.10000,0.15000,0.54997
113.15000,6.72982,8.65285,2.12996,223.32260,0.30006,50.00000,2.61973,1.00000,6.00000,0.10000,0.15000,0.54997
113.20000,6.62781,8.62213,2.13151,223.42902,0.30006,50.00000,2.61971,1.00000,6.00000,0.10000,0.15000,0.54997
113.25000,6.52586,8.59095,2.13312,223.53558,0.30006,50.00000,2.61969,1.00000,6.00000,0.10000,0.15000,0.54997
113.30000,6.42392,8.55943,2.13477,223.64227,0.30007,50.00000,2.61968,1.00000,6.00000,0.10000,0.15000,0.54997
113.35000,6.32196,8.52770,2.13647,223.74910,0.30007,50.00000,2.61967,1.00000,6.00000,0.10000,0.15000,0.54997
113.40000,6.21995,8.49584,2.13820,223.85605,0.30007,50.00000,2.61967,1.00000,6.00000,0.10000,0.15000,0.54997
113.45000,6.11786,8.46396,2.13996,223.96313,0.30007,50.00000,2.61966,1.00000,6.00000,0.10000,0.15000,0.54997
113.50000,6.01566,8.43214,2.14176,224.07033,0.30007,50.00000,2.61966,1.00000,6.00000,0.10000,0.15000,0.54997
113.55000,5.91332,8.40043,2.14357,224.17764,0.30007,50.00000,2.61967,1.00000,6.00000,0.10000,0.15000,0.54997
113.60000,5.81084,8.36891,2.14541,224.28507,0.30007,50.00000,2.61967,1.00000,6.00000,0.10000,0.15000,0.54997
113.65000,5.70819,8.33760,2.14726,224.39260,0.30007,50.00000,2.61968,1.00000,6.00000,0.10000,0.15000,0.54997
113.70000,5.60537,8.30656,2.14912,224.50024,0.30007,50.00000,2.61968,1.00000,6.00000,0.10000,0.15000,0.54997
113.75000,5.50236,8.27580,2.15098,224.60796,0.30006,50.00000,2.61970,1.00000,6.00000,0.10000,0.15000,0.54997
113.80000,5.39916,8.24534,2.15284,224.71577,0.30006,50.00000,2.61971,1.00000,6.00000,0.10000,0.15000,0.54997
113.85000,5.29578,8.21519,2.15471,224.82366,0.30006,50.00000,2.61973,1.00000,6.00000,0.10000,0.15000,0.54997
113.90000,5.19221,8.18535,2.15656,224.93161,0.30006,50.00000,2.61974,1.00000,6.00000,0.10000,0.15000,0.54997
113.95000,5.08846,8.15581,2.15839,225.03965,0.30005,50.00000,2.61976,1.00000,6.00000,0.10000,0.15000,0.54997
114.00000,4.98453,8.12656,2.16021,225.14780,0.30005,50.00000,2.61979,1.00000,6.00000,0.10000,0.15000,0.54998
114.05000,4.88044,8.09758,2.16201,225.25596,0.30005,50.00000,2.61981,1.00000,6.00000,0.10000,0.15000,0.54998
114.10000,4.77618,8.06885,2.16378,225.36419,0.30002,50.00000,2.61998,1.00000,6.00000,0.10000,0.15000,0.54999
114.15000,4.67177,8.04033,2.16552,225.47345,0.30003,50.00000,2.61992,1.00000,6.00000,0.10000,0.15000,0.54999
114.20000,4.56723,8.01198,2.16722,225.58363,0.30003,50.00000,2.61990,1.00000,6.00000,0.10000,0.15000,0.54998
114.25000,4.46256,7.98377,2.16888,225.69299,0.30003,50.00000,2.61991,1.00000,6.00000,0.10000,0.15000,0.54999
114.30000,4.35779,7.95564,2.17050,225.80155,0.30000,50.00000,2.62008,1.00000,6.00000,0.10000,0.15000,0.55000
114.35000,4.25292,7.92756,2.17209,225.91010,0.30001,50.00000,2.62003,1.00000,6.00000,0.10000,0.15000,0.54999
114.40000,4.14797,7.89946,2.17363,226.01869,0.30001,50.00000,2.62002,1.00000,6.00000,0.10000,0.15000,0.54999
114.45000,4.04296,7.87130,2.17513,226.12729,0.30001,50.00000,2.62003,1.00000,6.00000,0.10000,0.15000,0.55000
114.50000,3.93791,7.84301,2.17660,226.23594,0.30001,50.00000,2.62006,1.00000,6.00000,0.10000,0.15000,0.55000
114.55000,3.83283,7.81455,2.17803,226.34467,0.29997,50.00000,2.62025,1.00000,6.00000,0.10000,0.15000,0.55001
114.60000,3.72774,7.78585,2.17942,226.45347,0.29998,50.00000,2.62021,1.00000,6.00000,0.10000,0.15000,0.55001
114.65000,3.62267,7.75685,2.18077,226.56235,0.29998,50.00000,2.62021,1.00000,6.00000,0.10000,0.15000,0.55001
114.70000,3.51762,7.72749,2.18209,226.67132,0.29998,50.00000,2.62023,1.00000,6.00000,0.10000,0.15000,0.55001
114.75000,3.41263,7.69769,2.18338,226.78039,0.29997,50.00000,2.62025,1.00000,6.00000,0.10000,0.15000,0.55001
114.80000,3.30772,7.66738,2.18464,226.88958,0.29994,50.00000,2.62045,1.00000,6.00000,0.10000,0.15000,0.55003
114.85000,3.20292,7.63649,2.18586,226.99889,0.29995,50.00000,2.62041,1.00000,6.00000,0.10000,0.15000,0.55003
114.90000,3.09824,7.60495,2.18705,227.10834,0.29995,50.00000,2.62041,1.00000,6.00000,0.10000,0.15000,0.55003
114.95000,2.99373,7.57267,2.18822,227.21793,0.29995,50.00000,2.62043,1.00000,6.00000,0.10000,0.15000,0.55003
115.00000,2.88942,7.53957,2.18936,227.32768,0.29991,50.00000,2.62062,1.00000,6.00000,0.10000,0.15000,0.55004
115.05000,2.78534,7.50556,2.19046,227.43759,0.29992,50.00000,2.62057,1.00000,6.00000,0.10000,0.15000,0.55004
115.10000,2.68153,7.47057,2.19155,227.54767,0.29992,50.00000,2.62056,1.00000,6.00000,0.10000,0.15000,0.55004
115.15000,2.57802,7.43451,2.19260,227.65793,0.29992,50.00000,2.62057,1.00000,6.00000,0.10000,0.15000,0.55004
115.20000,2.47487,7.39730,2.19363,227.76837,0.29992,50.00000,2.62059,1.00000,6.00000,0.10000,0.15000,0.55004
115.25000,2.37212,7.35886,2.19464,227.87901,0.29992,50.00000,2.62061,1.00000,6.00000,0.10000,0.15000,0.55004
115.30000,2.26982,7.31911,2.19562,227.98985,0.29991,50.00000,2.62064,1.00000,6.00000,0.10000,0.15000,0.55004
115.35000,2.16801,7.27798,2.19657,228.10088,0.29991,50.00000,2.62066,1.00000,6.00000,0.10000,0.15000,0.55005
115.40000,2.06675,7.23539,2.19750,228.21211,0.29990,50.00000,2.62069,1.00000,6.00000,0.10000,0.15000,0.55005
115.45000,1.96609,7.19129,2.19841,228.32353,0.29990,50.00000,2.62071,1.00000,6.00000,0.10000,0.15000,0.55005
115.50000,1.86609,7.14560,2.19929,228.43515,0.29990,50.00000,2.62073,1.00000,6.00000,0.10000,0.15000,0.55005
115.55000,1.76680,7.09829,2.20015,228.54695,0.29989,50.00000,2.62075,1.00000,6.00000,0.10000,0.15000,0.55005
115.60000,1.66829,7.04929,2.20099,228.65892,0.29989,50.00000,2.62076,1.00000,6.00000,0.10000,0.15000,0.55005
115.65000,1.57061,6.99856,2.20180,228.77106,0.29989,50.00000,2.62078,1.00000,6.00000,0.10000,0.15000,0.55006
115.70000,1.47382,6.94607,2.20260,228.88335,0.29989,50.00000,2.62079,1.00000,6.00000,0.10000,0.15000,0.55006
115.75000,1.37797,6.89179,2.20337,228.99578,0.29989,50.00000,2.62080,1.00000,6.00000,0.10000,0.15000,0.55006
115.80000,1.28314,6.83569,2.20412,229.10833,0.29988,50.00000,2.62081,1.00000,6.00000,0.10000,0.15000,0.55006
115.85000,1.18938,6.77774,2.20486,229.22099,0.29988,50.00000,2.62082,1.00000,6.00000,0.10000,0.15000,0.55006
115.90000,1.09675,6.71793,2.20557,229.33374,0.29988,50.00000,2.62082,1.00000,6.00000,0.10000,0.15000,0.55006
115.95000,1.00531,6.65625,2.20627,229.44654,0.29988,50.00000,2.62082,1.00000,6.00000,0.10000,0.15000,0.55006
116.00000,0.91513,6.59269,2.20695,229.55938,0.29988,50.00000,2.62081,1.00000,6.00000,0.10000,0.15000,0.55006
116.05000,0.82627,6.52724,2.20761,229.67223,0.29988,50.00000,2.62081,1.00000,6.00000,0.10000,0.15000,0.55006
116.10000,0.73879,6.45991,2.20825,229.78509,0.29988,50.00000,2.62080,1.00000,6.00000,0.10000,0.15000,0.55006
116.15000,0.65274,6.39070,2.20888,229.89793,0.29989,50.00000,2.62080,1.00000,6.00000,0.10000,0.15000,0.55006
116.20000,0.56821,6.31960,2.20949,230.01077,0.29989,50.00000,2.62079,1.00000,6.00000,0.10000,0.15000,0.55006
116.25000,0.48525,6.24663,2.21009,230.12362,0.29989,50.00000,2.62079,1.00000,6.00000,0.10000,0.15000,0.55006
116.30000,0.40392,6.17180,2.21067,230.23648,0.29989,50.00000,2.62078,1.00000,6.00000,0.10000,0.15000,0.55006
116.35000,0.32430,6.09511,2.21125,230.34938,0.29989,50.00000,2.62077,1.00000,6.00000,0.10000,0.15000,0.55005
116.40000,0.24646,6.01658,2.21181,230.46233,0.29989,50.00000,2.62076,1.00000,6.00000,0.10000,0.15000,0.55005
116.45000,0.17046,5.93623,2.21236,230.57533,0.29989,50.00000,2.62076,1.00000,6.00000,0.10000,0.15000,0.55005
116.50000,0.09637,5.85406,2.21290,230.68842,0.29989,50.00000,2.62075,1.00000,6.00000,0.10000,0.15000,0.55005
116.55000,0.02428,5.77011,2.21344,230.80157,0.29989,50.00000,2.62075,1.00000,6.00000,0.10000,0.15000,0.55005
116.60000,-0.04575,5.68440,2.21398,230.91481,0.29989,50.00000,2.62074,1.00000,6.00000,0.10000,0.15000,0.55005
116.65000,-0.11364,5.59696,2.21451,231.02810,0.29989,50.00000,2.62074,1.00000,6.00000,0.10000,0.15000,0.55005
116.70000,-0.17934,5.50781,2.21505,231.14146,0.29989,50.00000,2.62074,1.00000,6.00000,0.10000,0.15000,0.55005
116.75000,-0.24275,5.41700,2.21559,231.25485,0.29990,50.00000,2.62073,1.00000,6.00000,0.10000,0.15000,0.55005
116.80000,-0.30384,5.32457,2.21613,231.36826,0.29990,50.00000,2.62073,1.00000,6.00000,0.10000,0.15000,0.55005
116.85000,-0.36253,5.23057,2.21669,231.48168,0.29990,50.00000,2.62072,1.00000,6.00000,0.10000,0.15000,0.55005
116.90000,-0.41877,5.13505,2.21725,231.59512,0.29990,50.00000,2.62072,1.00000,6.00000,0.10000,0.15000,0.55005
116.95000,-0.47252,5.03808,2.21783,231.70854,0.29990,50.00000,2.62071,1.00000,6.00000,0.10000,0.15000,0.55005
117.00000,-0.52373,4.93971,2.21842,231.82188,0.29990,50.00000,2.62070,1.00000,6.00000,0.10000,0.15000,0.55005
117.05000,-0.57238,4.84001,2.21903,231.93517,0.29990,50.00000,2.62069,1.00000,6.00000,0.10000,0.15000,0.55005
117.10000,-0.61844,4.73906,2.21965,232.04841,0.29990,50.00000,2.62068,1.00000,6.00000,0.10000,0.15000,0.55005
117.15000,-0.66190,4.63692,2.22030,232.16157,0.29991,50.00000,2.62066,1.00000,6.00000,0.10000,0.15000,0.55005
117.20000,-0.70275,4.53368,2.22095,232.27464,0.29991,50.00000,2.62065,1.00000,6.00000,0.10000,0.15000,0.55004
117.25000,-0.74097,4.42941,2.22163,232.38763,0.29991,50.00000,2.62063,1.00000,6.00000,0.10000,0.15000,0.55004
117.30000,-0.77658,4.32417,2.22233,232.50054,0.29992,50.00000,2.62061,1.00000,6.00000,0.10000,0.15000,0.55004
117.35000,-0.80959,4.21806,2.22304,232.61337,0.29992,50.00000,2.62059,1.00000,6.00000,0.10000,0.15000,0.55004
117.40000,-0.84001,4.11113,2.22377,232.72615,0.29992,50.00000,2.62058,1.00000,6.00000,0.10000,0.15000,0.55004
117.45000,-0.86785,4.00347,2.22452,232.83886,0.29992,50.00000,2.62056,1.00000,6.00000,0.10000,0.15000,0.55004
117.50000,-0.89314,3.89514,2.22528,232.95154,0.29993,50.00000,2.62055,1.00000,6.00000,0.10000,0.15000,0.55004
117.55000,-0.91590,3.78621,2.22606,233.06420,0.29993,50.00000,2.62053,1.00000,6.00000,0.10000,0.15000,0.55004
117.60000,-0.93615,3.67675,2.22686,233.17684,0.29996,50.00000,2.62034,1.00000,6.00000,0.10000,0.15000,0.55002
117.65000,-0.95393,3.56682,2.22767,233.28948,0.29995,50.00000,2.62041,1.00000,6.00000,0.10000,0.15000,0.55003
117.70000,-0.96926,3.45647,2.22850,233.40210,0.29995,50.00000,2.62043,1.00000,6.00000,0.10000,0.15000,0.55003
117.75000,-0.98217,3.34578,2.22935,233.51472,0.29994,50.00000,2.62044,1.00000,6.00000,0.10000,0.15000,0.55003
117.80000,-0.99269,3.23479,2.23021,233.62731,0.29997,50.00000,2.62027,1.00000,6.00000,0.10000,0.15000,0.55001
117.85000,-1.00086,3.12356,2.23109,233.73989,0.29996,50.00000,2.62034,1.00000,6.00000,0.10000,0.15000,0.55002
117.90000,-1.00670,3.01214,2.23199,233.85243,0.29996,50.00000,2.62037,1.00000,6.00000,0.10000,0.15000,0.55002
117.95000,-1.01026,2.90057,2.23290,233.96493,0.29995,50.00000,2.62037,1.00000,6.00000,0.10000,0.15000,0.55002
118.00000,-1.01157,2.78892,2.23384,234.07739,0.29998,50.00000,2.62021,1.00000,6.00000,0.10000,0.15000,0.55001
118.05000,-1.01066,2.67721,2.23479,234.18980,0.29997,50.00000,2.62028,1.00000,6.00000,0.10000,0.15000,0.55001
118.10000,-1.00758,2.56549,2.23577,234.30216,0.29997,50.00000,2.62030,1.00000,6.00000,0.10000,0.15000,0.55002
118.15000,-1.00235,2.45380,2.23676,234.41448,0.29997,50.00000,2.62030,1.00000,6.00000,0.10000,0.15000,0.55002
118.20000,-0.99494,2.34218,2.23779,234.52676,0.29997,50.00000,2.62030,1.00000,6.00000,0.10000,0.15000,0.55002
118.25000,-0.98532,2.23068,2.23886,234.63900,0.29999,50.00000,2.62013,1.00000,6.00000,0.10000,0.15000,0.55000
118.30000,-0.97350,2.11934,2.24001,234.75121,0.29998,50.00000,2.62019,1.00000,6.00000,0.10000,0.15000,0.55001
118.35000,-0.95950,2.00819,2.24122,234.86342,0.29998,50.00000,2.62021,1.00000,6.00000,0.10000,0.15000,0.55001
118.40000,-0.94339,1.89726,2.24249,234.97562,0.29998,50.00000,2.62021,1.00000,6.00000,0.10000,0.15000,0.55001
118.45000,-0.92525,1.78658,2.24382,235.08783,0.30001,50.00000,2.62006,1.00000,6.00000,0.10000,0.15000,0.55000
118.50000,-0.90515,1.67617,2.24520,235.20006,0.29999,50.00000,2.62014,1.00000,6.00000,0.10000,0.15000,0.55000
118.55000,-0.88320,1.56604,2.24663,235.31233,0.29999,50.00000,2.62017,1.00000,6.00000,0.10000,0.15000,0.55001
118.60000,-0.85951,1.45620,2.24810,235.42463,0.29999,50.00000,2.62018,1.00000,6.00000,0.10000,0.15000,0.55001
118.65000,-0.83420,1.34665,2.24960,235.53698,0.29999,50.00000,2.62017,1.00000,6.00000,0.10000,0.15000,0.55001
118.70000,-0.80736,1.23738,2.25112,235.64938,0.29999,50.00000,2.62016,1.00000,6.00000,0.10000,0.15000,0.55001
118.75000,-0.77913,1.12838,2.25267,235.76184,0.29999,50.00000,2.62014,1.00000,6.00000,0.10000,0.15000,0.55000
118.80000,-0.74960,1.01965,2.25423,235.87437,0.30000,50.00000,2.62012,1.00000,6.00000,0.10000,0.15000,0.55000
118.85000,-0.71890,0.91116,2.25581,235.98697,0.30000,50.00000,2.62011,1.00000,6.00000,0.10000,0.15000,0.55000
118.90000,-0.68713,0.80289,2.25738,236.09965,0.30000,50.00000,2.62009,1.00000,6.00000,0.10000,0.15000,0.55000
118.95000,-0.65438,0.69484,2.25895,236.21241,0.30000,50.00000,2.62007,1.00000,6.00000,0.10000,0.15000,0.55000
119.00000,-0.62077,0.58697,2.26052,236.32525,0.30001,50.00000,2.62006,1.00000,6.00000,0.10000,0.15000,0.55000
119.05000,-0.58637,0.47926,2.26207,236.43818,0.30001,50.00000,2.62004,1.00000,6.00000,0.10000,0.15000,0.55000
119.10000,-0.55127,0.37170,2.26360,236.55121,0.30001,50.00000,2.62002,1.00000,6.00000,0.10000,0.15000,0.54999
119.15000,-0.51555,0.26427,2.26511,236.66433,0.30001,50.00000,2.62001,1.00000,6.00000,0.10000,0.15000,0.54999
119.20000,-0.47929,0.15694,2.26659,236.77759,0.30002,50.00000,2.61999,1.00000,6.00000,0.10000,0.15000,0.54999
119.25000,-0.44254,0.04969,2.26803,236.89141,0.30002,50.00000,2.61998,1.00000,6.00000,0.10000,0.15000,0.54999
119.30000,-0.40536,-0.05748,2.26943,237.00584,0.30002,50.00000,2.61997,1.00000,6.00000,0.10000,0.15000,0.54999
119.35000,-0.36781,-0.16459,2.27079,237.12041,0.30002,50.00000,2.61996,1.00000,6.00000,0.10000,0.15000,0.54999
119.40000,-0.32992,-0.27166,2.27210,237.23463,0.30002,50.00000,2.61995,1.00000,6.00000,0.10000,0.15000,0.54999
119.45000,-0.29173,-0.37869,2.27336,237.34837,0.30002,50.00000,2.61994,1.00000,6.00000,0.10000,0.15000,0.54999
119.50000,-0.25328,-0.48568,2.27458,237.46206,0.30003,50.00000,2.61994,1.00000,6.00000,0.10000,0.15000,0.54999
119.55000,-0.21458,-0.59266,2.27574,237.57582,0.30003,50.00000,2.61994,1.00000,6.00000,0.10000,0.15000,0.54999
119.60000,-0.17566,-0.69961,2.27686,237.68962,0.30001,50.00000,2.62000,1.00000,6.00000,0.10000,0.15000,0.54999
119.65000,-0.13652,-0.80655,2.27793,237.80346,0.30002,50.00000,2.61999,1.00000,6.00000,0.10000,0.15000,0.54999
119.70000,-0.09718,-0.91346,2.27895,237.91735,0.30002,50.00000,2.61999,1.00000,6.00000,0.10000,0.15000,0.54999
119.75000,-0.05763,-1.02035,2.27991,238.03129,0.30002,50.00000,2.61999,1.00000,6.00000,0.10000,0.15000,0.54999
119.80000,-0.01787,-1.12721,2.28083,238.14526,0.30002,50.00000,2.62000,1.00000,6.00000,0.10000,0.15000,0.54999
119.85000,0.02211,-1.23403,2.28170,238.25927,0.30000,50.00000,2.62007,1.00000,6.00000,0.10000,0.15000,0.55000
119.90000,0.06234,-1.34082,2.28252,238.37331,0.30000,50.00000,2.62006,1.00000,6.00000,0.10000,0.15000,0.55000
119.95000,0.10282,-1.44754,2.28328,238.48737,0.30000,50.00000,2.62007,1.00000,6.00000,0.10000,0.15000,0.55000
120.00000,0.14360,-1.55419,2.28400,238.60145,0.30000,50.00000,2.62009,1.00000,6.00000,0.10000,0.15000,0.55000
120.05000,0.18471,-1.66075,2.28466,238.71556,0.29999,50.00000,2.62016,1.00000,6.00000,0.10000,0.15000,0.55001
120.10000,0.22618,-1.76721,2.28527,238.82968,0.29999,50.00000,2.62016,1.00000,6.00000,0.10000,0.15000,0.55001
120.15000,0.26807,-1.87353,2.28583,238.94384,0.29999,50.00000,2.62017,1.00000,6.00000,0.10000,0.15000,0.55001
120.20000,0.31042,-1.97970,2.28634,239.05802,0.29998,50.00000,2.62019,1.00000,6.00000,0.10000,0.15000,0.55001
120.25000,0.35330,-2.08568,2.28680,239.17223,0.29997,50.00000,2.62025,1.00000,6.00000,0.10000,0.15000,0.55001
120.30000,0.39677,-2.19145,2.28721,239.28650,0.29998,50.00000,2.62025,1.00000,6.00000,0.10000,0.15000,0.55001
120.35000,0.44091,-2.29696,2.28756,239.40082,0.29997,50.00000,2.62026,1.00000,6.00000,0.10000,0.15000,0.55001
120.40000,0.48580,-2.40217,2.28786,239.51522,0.29997,50.00000,2.62028,1.00000,6.00000,0.10000,0.15000,0.55001
120.45000,0.53151,-2.50704,2.28811,239.62971,0.29997,50.00000,2.62030,1.00000,6.00000,0.10000,0.15000,0.55002
120.50000,0.57815,-2.61151,2.28831,239.74432,0.29996,50.00000,2.62034,1.00000,6.00000,0.10000,0.15000,0.55002
120.55000,0.62581,-2.71553,2.28845,239.85906,0.29996,50.00000,2.62032,1.00000,6.00000,0.10000,0.15000,0.55002
120.60000,0.67461,-2.81903,2.28854,239.97396,0.29996,50.00000,2.62032,1.00000,6.00000,0.10000,0.15000,0.55002
120.65000,0.72465,-2.92193,2.28857,240.08905,0.29996,50.00000,2.62033,1.00000,6.00000,0.10000,0.15000,0.55002
120.70000,0.77605,-3.02416,2.28854,240.20434,0.29996,50.00000,2.62035,1.00000,6.00000,0.10000,0.15000,0.55002
120.75000,0.82896,-3.12562,2.28845,240.31987,0.29996,50.00000,2.62036,1.00000,6.00000,0.10000,0.15000,0.55002
120.80000,0.88349,-3.22621,2.28830,240.43566,0.29995,50.00000,2.62038,1.00000,6.00000,0.10000,0.15000,0.55002
120.85000,0.93981,-3.32579,2.28808,240.55173,0.29995,50.00000,2.62039,1.00000,6.00000,0.10000,0.15000,0.55002
120.90000,0.99806,-3.42425,2.28780,240.66810,0.29995,50.00000,2.62040,1.00000,6.00000,0.10000,0.15000,0.55003
120.95000,1.05839,-3.52142,2.28742,240.78479,0.29995,50.00000,2.62042,1.00000,6.00000,0.10000,0.15000,0.55003
121.00000,1.12099,-3.61713,2.28697,240.90181,0.29995,50.00000,2.62043,1.00000,6.00000,0.10000,0.15000,0.55003
121.05000,1.18601,-3.71117,2.28643,241.01918,0.29994,50.00000,2.62044,1.00000,6.00000,0.10000,0.15000,0.55003
121.10000,1.25363,-3.80333,2.28577,241.13689,0.29994,50.00000,2.62045,1.00000,6.00000,0.10000,0.15000,0.55003
121.15000,1.32404,-3.89332,2.28502,241.25498,0.29994,50.00000,2.62046,1.00000,6.00000,0.10000,0.15000,0.55003
121.20000,1.39740,-3.98088,2.28415,241.37346,0.29994,50.00000,2.62046,1.00000,6.00000,0.10000,0.15000,0.55003
121.25000,1.47385,-4.06569,2.28313,241.49234,0.29994,50.00000,2.62047,1.00000,6.00000,0.10000,0.15000,0.55003
121.30000,1.55354,-4.14738,2.28197,241.61167,0.29994,50.00000,2.62047,1.00000,6.00000,0.10000,0.15000,0.55003
121.35000,1.63658,-4.22557,2.28067,241.73146,0.29994,50.00000,2.62048,1.00000,6.00000,0.10000,0.15000,0.55003
121.40000,1.72306,-4.29983,2.27920,241.85177,0.29993,50.00000,2.62050,1.00000,6.00000,0.10000,0.15000,0.55003
121.45000,1.81300,-4.36974,2.27757,241.97264,0.29993,50.00000,2.62050,1.00000,6.00000,0.10000,0.15000,0.55003
121.50000,1.90640,-4.43480,2.27578,242.09413,0.29993,50.00000,2.62051,1.00000,6.00000,0.10000,0.15000,0.55003
121.55000,2.00317,-4.49454,2.27383,242.21631,0.29993,50.00000,2.62053,1.00000,6.00000,0.10000,0.15000,0.55003
121.60000,2.10318,-4.54847,2.27172,242.33921,0.29993,50.00000,2.62055,1.00000,6.00000,0.10000,0.15000,0.55004
121.65000,2.20622,-4.59610,2.26946,242.46288,0.29992,50.00000,2.62056,1.00000,6.00000,0.10000,0.15000,0.55004
121.70000,2.31201,-4.63694,2.26706,242.58736,0.29992,50.00000,2.62058,1.00000,6.00000,0.10000,0.15000,0.55004
121.75000,2.42018,-4.67056,2.26454,242.71270,0.29992,50.00000,2.62059,1.00000,6.00000,0.10000,0.15000,0.55004
121.80000,2.53030,-4.69653,2.26193,242.83893,0.29992,50.00000,2.62061,1.00000,6.00000,0.10000,0.15000,0.55004
121.85000,2.64187,-4.71450,2.25924,242.96604,0.29991,50.00000,2.62063,1.00000,6.00000,0.10000,0.15000,0.55004
121.90000,2.75433,-4.72416,2.25651,243.09401,0.29991,50.00000,2.62065,1.00000,6.00000,0.10000,0.15000,0.55004
121.95000,2.86705,-4.72531,2.25378,243.22276,0.29991,50.00000,2.62066,1.00000,6.00000,0.10000,0.15000,0.55005
122.00000,2.97940,-4.71782,2.25106,243.35210,0.29990,50.00000,2.62068,1.00000,6.00000,0.10000,0.15000,0.55005
122.05000,3.09048,-4.70087,2.24008,243.48046,0.29990,50.00000,2.62069,1.00000,6.00000,0.10000,0.15000,0.55005
122.10000,3.19699,-4.66860,2.22706,243.61108,0.29990,50.00000,2.62069,1.00000,6.00000,0.10000,0.15000,0.55005
122.15000,3.30149,-4.62906,2.23982,243.74125,0.29990,50.00000,2.62073,1.00000,6.00000,0.10000,0.15000,0.55005
122.20000,3.40486,-4.58618,2.23569,243.87290,0.29989,50.00000,2.62077,1.00000,6.00000,0.10000,0.15000,0.55005
122.25000,3.50450,-4.53573,2.23298,244.00427,0.29989,50.00000,2.62076,1.00000,6.00000,0.10000,0.15000,0.55005
122.30000,3.60017,-4.47831,2.23095,244.13510,0.29989,50.00000,2.62075,1.00000,6.00000,0.10000,0.15000,0.55005
122.35000,3.69146,-4.41432,2.22910,244.26527,0.29989,50.00000,2.62074,1.00000,6.00000,0.10000,0.15000,0.55005
122.40000,3.77796,-4.34414,2.22741,244.39453,0.29990,50.00000,2.62072,1.00000,6.00000,0.10000,0.15000,0.55005
122.45000,3.85933,-4.26819,2.22588,244.52267,0.29990,50.00000,2.62069,1.00000,6.00000,0.10000,0.15000,0.55005
122.50000,3.93528,-4.18693,2.22452,244.64961,0.29991,50.00000,2.62068,1.00000,6.00000,0.10000,0.15000,0.55005
122.55000,4.00561,-4.10083,2.22332,244.77530,0.29991,50.00000,2.62064,1.00000,6.00000,0.10000,0.15000,0.55004
122.60000,4.07016,-4.01038,2.22228,244.89966,0.29992,50.00000,2.62060,1.00000,6.00000,0.10000,0.15000,0.55004
122.65000,4.12885,-3.91608,2.22138,245.02269,0.29992,50.00000,2.62057,1.00000,6.00000,0.10000,0.15000,0.55004
122.70000,4.18165,-3.81840,2.22063,245.14441,0.29993,50.00000,2.62054,1.00000,6.00000,0.10000,0.15000,0.55004
122.75000,4.22858,-3.71782,2.22002,245.26490,0.29993,50.00000,2.62051,1.00000,6.00000,0.10000,0.15000,0.55003
122.80000,4.26971,-3.61475,2.21952,245.38424,0.29993,50.00000,2.62053,1.00000,6.00000,0.10000,0.15000,0.55003
122.85000,4.30516,-3.50961,2.21914,245.50252,0.29993,50.00000,2.62052,1.00000,6.00000,0.10000,0.15000,0.55003
122.90000,4.33505,-3.40278,2.21887,245.61983,0.29993,50.00000,2.62050,1.00000,6.00000,0.10000,0.15000,0.55003
122.95000,4.35956,-3.29460,2.21869,245.73623,0.29994,50.00000,2.62048,1.00000,6.00000,0.10000,0.15000,0.55003
123.00000,4.37886,-3.18537,2.21861,245.85180,0.29994,50.00000,2.62045,1.00000,6.00000,0.10000,0.15000,0.55003
123.05000,4.39315,-3.07538,2.21860,245.96663,0.29994,50.00000,2.62046,1.00000,6.00000,0.10000,0.15000,0.55003
123.10000,4.40264,-2.96486,2.21868,246.08079,0.29994,50.00000,2.62045,1.00000,6.00000,0.10000,0.15000,0.55003
123.15000,4.40754,-2.85404,2.21886,246.19438,0.29995,50.00000,2.62043,1.00000,6.00000,0.10000,0.15000,0.55003
123.20000,4.40809,-2.74310,2.21904,246.30745,0.29995,50.00000,2.62039,1.00000,6.00000,0.10000,0.15000,0.55002
123.25000,4.40441,-2.63222,2.21926,246.42006,0.29995,50.00000,2.62039,1.00000,6.00000,0.10000,0.15000,0.55002
123.30000,4.39663,-2.52153,2.21957,246.53230,0.29995,50.00000,2.62038,1.00000,6.00000,0.10000,0.15000,0.55002
123.35000,4.38495,-2.41116,2.22000,246.64420,0.29996,50.00000,2.62036,1.00000,6.00000,0.10000,0.15000,0.55002
123.40000,4.36956,-2.30122,2.22053,246.75585,0.29997,50.00000,2.62029,1.00000,6.00000,0.10000,0.15000,0.55002
123.45000,4.35072,-2.19180,2.22116,246.86728,0.29997,50.00000,2.62028,1.00000,6.00000,0.10000,0.15000,0.55002
123.50000,4.32866,-2.08294,2.22186,246.97854,0.29997,50.00000,2.62026,1.00000,6.00000,0.10000,0.15000,0.55001
123.55000,4.30363,-1.97469,2.22264,247.08968,0.29998,50.00000,2.62023,1.00000,6.00000,0.10000,0.15000,0.55001
123.60000,4.27590,-1.86705,2.22348,247.20073,0.29998,50.00000,2.62020,1.00000,6.00000,0.10000,0.15000,0.55001
123.65000,4.24571,-1.76004,2.22436,247.31171,0.29999,50.00000,2.62017,1.00000,6.00000,0.10000,0.15000,0.55001
123.70000,4.21331,-1.65362,2.22529,247.42265,0.29999,50.00000,2.62013,1.00000,6.00000,0.10000,0.15000,0.55000
123.75000,4.17894,-1.54778,2.22624,247.53358,0.30000,50.00000,2.62010,1.00000,6.00000,0.10000,0.15000,0.55000
123.80000,4.14282,-1.44247,2.22721,247.64452,0.30001,50.00000,2.62006,1.00000,6.00000,0.10000,0.15000,0.55000
123.85000,4.10518,-1.33764,2.22820,247.75547,0.30001,50.00000,2.62002,1.00000,6.00000,0.10000,0.15000,0.54999
123.90000,4.06622,-1.23323,2.22919,247.86647,0.30001,50.00000,2.62004,1.00000,6.00000,0.10000,0.15000,0.55000
123.95000,4.02615,-1.12920,2.23018,247.97752,0.30002,50.00000,2.61998,1.00000,6.00000,0.10000,0.15000,0.54999
124.00000,3.98516,-1.02548,2.23117,248.08863,0.30003,50.00000,2.61993,1.00000,6.00000,0.10000,0.15000,0.54999
124.05000,3.94341,-0.92200,2.23214,248.19983,0.30003,50.00000,2.61988,1.00000,6.00000,0.10000,0.15000,0.54998
124.10000,3.90110,-0.81870,2.23310,248.31112,0.30003,50.00000,2.61990,1.00000,6.00000,0.10000,0.15000,0.54998
124.15000,3.85837,-0.71552,2.23404,248.42253,0.30004,50.00000,2.61984,1.00000,6.00000,0.10000,0.15000,0.54998
124.20000,3.81539,-0.61239,2.23495,248.53409,0.30005,50.00000,2.61979,1.00000,6.00000,0.10000,0.15000,0.54998
124.25000,3.77230,-0.50926,2.23582,248.64574,0.30006,50.00000,2.61975,1.00000,6.00000,0.10000,0.15000,0.54997
124.30000,3.72925,-0.40607,2.23667,248.75765,0.30006,50.00000,2.61970,1.00000,6.00000,0.10000,0.15000,0.54997
124.35000,3.68638,-0.30275,2.23747,248.87036,0.30006,50.00000,2.61973,1.00000,6.00000,0.10000,0.15000,0.54997
124.40000,3.64384,-0.19926,2.23822,248.98349,0.30007,50.00000,2.61968,1.00000,6.00000,0.10000,0.15000,0.54997
124.45000,3.60176,-0.09554,2.23893,249.09625,0.30007,50.00000,2.61964,1.00000,6.00000,0.10000,0.15000,0.54996
124.50000,3.56029,0.00845,2.23959,249.20884,0.30008,50.00000,2.61960,1.00000,6.00000,0.10000,0.15000,0.54996
124.55000,3.51956,0.11278,2.24020,249.32149,0.30007,50.00000,2.61963,1.00000,6.00000,0.10000,0.15000,0.54996
124.60000,3.47971,0.21748,2.24075,249.43430,0.30008,50.00000,2.61959,1.00000,6.00000,0.10000,0.15000,0.54996
124.65000,3.44089,0.32258,2.24126,249.54728,0.30009,50.00000,2.61954,1.00000,6.00000,0.10000,0.15000,0.54996
124.70000,3.40321,0.42814,2.24172,249.66045,0.30010,50.00000,2.61951,1.00000,6.00000,0.10000,0.15000,0.54995
124.75000,3.36683,0.53416,2.24212,249.77383,0.30010,50.00000,2.61948,1.00000,6.00000,0.10000,0.15000,0.54995
124.80000,3.33187,0.64069,2.24247,249.88742,0.30010,50.00000,2.61945,1.00000,6.00000,0.10000,0.15000,0.54995
124.85000,3.29848,0.74773,2.24278,250.00122,0.30011,50.00000,2.61942,1.00000,6.00000,0.10000,0.15000,0.54995
124.90000,3.26679,0.85531,2.24302,250.11522,0.30011,50.00000,2.61940,1.00000,6.00000,0.10000,0.15000,0.54994
124.95000,3.23694,0.96342,2.24322,250.22944,0.30012,50.00000,2.61938,1.00000,6.00000,0.10000,0.15000,0.54994
125.00000,3.20907,1.07206,2.24337,250.34385,0.30012,50.00000,2.61935,1.00000,6.00000,0.10000,0.15000,0.54994
125.05000,3.18332,1.18123,2.24346,250.45846,0.30012,50.00000,2.61934,1.00000,6.00000,0.10000,0.15000,0.54994
125.10000,3.15983,1.29092,2.24349,250.57327,0.30013,50.00000,2.61932,1.00000,6.00000,0.10000,0.15000,0.54994
125.15000,3.13874,1.40109,2.24347,250.68827,0.30013,50.00000,2.61931,1.00000,6.00000,0.10000,0.15000,0.54994
125.20000,3.12020,1.51172,2.24340,250.80345,0.30013,50.00000,2.61929,1.00000,6.00000,0.10000,0.15000,0.54994
125.25000,3.10436,1.62276,2.24327,250.91881,0.30013,50.00000,2.61928,1.00000,6.00000,0.10000,0.15000,0.54993
125.30000,3.09135,1.73416,2.24308,251.03435,0.30013,50.00000,2.61927,1.00000,6.00000,0.10000,0.15000,0.54993
125.35000,3.08134,1.84586,2.24284,251.15007,0.30014,50.00000,2.61926,1.00000,6.00000,0.10000,0.15000,0.54993
125.40000,3.07448,1.95778,2.24253,251.26596,0.30014,50.00000,2.61925,1.00000,6.00000,0.10000,0.15000,0.54993
125.45000,3.07091,2.06984,2.24217,251.38204,0.30014,50.00000,2.61924,1.00000,6.00000,0.10000,0.15000,0.54993
125.50000,3.07079,2.18193,2.24173,251.49830,0.30014,50.00000,2.61923,1.00000,6.00000,0.10000,0.15000,0.54993
125.55000,3.07428,2.29395,2.24124,251.61475,0.30014,50.00000,2.61922,1.00000,6.00000,0.10000,0.15000,0.54993
125.60000,3.08154,2.40575,2.24068,251.73137,0.30014,50.00000,2.61922,1.00000,6.00000,0.10000,0.15000,0.54993
125.65000,3.09273,2.51721,2.24004,251.84819,0.30015,50.00000,2.61920,1.00000,6.00000,0.10000,0.15000,0.54993
125.70000,3.10800,2.62814,2.23933,251.96524,0.30015,50.00000,2.61919,1.00000,6.00000,0.10000,0.15000,0.54993
125.75000,3.12751,2.73837,2.23856,252.08253,0.30015,50.00000,2.61918,1.00000,6.00000,0.10000,0.15000,0.54993
125.80000,3.15140,2.84769,2.23769,252.20008,0.30015,50.00000,2.61917,1.00000,6.00000,0.10000,0.15000,0.54993
125.85000,3.17985,2.95586,2.23673,252.31789,0.30015,50.00000,2.61916,1.00000,6.00000,0.10000,0.15000,0.54993
125.90000,3.21297,3.06265,2.23571,252.43599,0.30015,50.00000,2.61915,1.00000,6.00000,0.10000,0.15000,0.54992
125.95000,3.25090,3.16776,2.23459,252.55438,0.30016,50.00000,2.61913,1.00000,6.00000,0.10000,0.15000,0.54992
126.00000,3.29374,3.27091,2.23337,252.67310,0.30016,50.00000,2.61911,1.00000,6.00000,0.10000,0.15000,0.54992
126.05000,3.34159,3.37176,2.23207,252.79217,0.30016,50.00000,2.61910,1.00000,6.00000,0.10000,0.15000,0.54992
126.10000,3.39451,3.46997,2.23069,252.91162,0.30016,50.00000,2.61908,1.00000,6.00000,0.10000,0.15000,0.54992
126.15000,3.45253,3.56517,2.22921,253.03146,0.30017,50.00000,2.61907,1.00000,6.00000,0.10000,0.15000,0.54992
126.20000,3.51566,3.65696,2.22764,253.15174,0.30017,50.00000,2.61903,1.00000,6.00000,0.10000,0.15000,0.54991
126.25000,3.58387,3.74496,2.22600,253.27246,0.30017,50.00000,2.61902,1.00000,6.00000,0.10000,0.15000,0.54991
126.30000,3.65705,3.82873,2.22429,253.39364,0.30018,50.00000,2.61900,1.00000,6.00000,0.10000,0.15000,0.54991
126.35000,3.73510,3.90788,2.22252,253.51526,0.30018,50.00000,2.61898,1.00000,6.00000,0.10000,0.15000,0.54991
126.40000,3.81783,3.98198,2.22069,253.63730,0.30018,50.00000,2.61896,1.00000,6.00000,0.10000,0.15000,0.54991
126.45000,3.90502,4.05063,2.21883,253.75975,0.30019,50.00000,2.61893,1.00000,6.00000,0.10000,0.15000,0.54991
126.50000,3.99638,4.11346,2.21693,253.88262,0.30019,50.00000,2.61891,1.00000,6.00000,0.10000,0.15000,0.54991
126.55000,4.09159,4.17008,2.21502,254.00588,0.30019,50.00000,2.61890,1.00000,6.00000,0.10000,0.15000,0.54990
126.60000,4.19029,4.22018,2.21311,254.12950,0.30020,50.00000,2.61888,1.00000,6.00000,0.10000,0.15000,0.54990
126.65000,4.29205,4.26347,2.21122,254.25343,0.30020,50.00000,2.61885,1.00000,6.00000,0.10000,0.15000,0.54990
126.70000,4.39644,4.29970,2.20936,254.37754,0.30020,50.00000,2.61885,1.00000,6.00000,0.10000,0.15000,0.54990
126.75000,4.50297,4.32868,2.20754,254.50181,0.30020,50.00000,2.61884,1.00000,6.00000,0.10000,0.15000,0.54990
126.80000,4.61115,4.35027,2.20578,254.62618,0.30020,50.00000,2.61884,1.00000,6.00000,0.10000,0.15000,0.54990
126.85000,4.72047,4.36438,2.20409,254.75051,0.30020,50.00000,2.61883,1.00000,6.00000,0.10000,0.15000,0.54990
126.90000,4.83041,4.37100,2.20248,254.87470,0.30021,50.00000,2.61882,1.00000,6.00000,0.10000,0.15000,0.54990
126.95000,4.94047,4.37015,2.20096,254.99871,0.30020,50.00000,2.61883,1.00000,6.00000,0.10000,0.15000,0.54990
127.00000,5.05015,4.36193,2.19955,255.12237,0.30020,50.00000,2.61885,1.00000,6.00000,0.10000,0.15000,0.54990
127.05000,5.15808,4.34567,2.16027,255.33672,0.30020,50.00000,2.61886,1.00000,6.00000,0.10000,0.15000,0.54990
127.10000,5.26047,4.31441,2.13270,255.40041,0.30020,50.00000,2.61885,1.00000,6.00000,0.10000,0.15000,0.54990
127.15000,5.35655,4.26855,2.13130,255.49720,0.30021,50.00000,2.61882,1.00000,6.00000,0.10000,0.15000,0.54990
127.20000,5.44725,4.21259,2.13871,255.60897,0.30022,50.00000,2.61872,1.00000,6.00000,0.10000,0.15000,0.54989
127.25000,5.53720,4.15412,2.15010,255.72709,0.30024,50.00000,2.61859,1.00000,6.00000,0.10000,0.15000,0.54988
127.30000,5.62857,4.09745,2.15004,255.84897,0.30026,50.00000,2.61848,1.00000,6.00000,0.10000,0.15000,0.54987
127.35000,5.71840,4.03841,2.14989,255.97150,0.30027,50.00000,2.61842,1.00000,6.00000,0.10000,0.15000,0.54987
127.40000,5.80652,3.97686,2.14961,256.09382,0.30027,50.00000,2.61841,1.00000,6.00000,0.10000,0.15000,0.54986
127.45000,5.89262,3.91254,2.14930,256.21540,0.30027,50.00000,2.61842,1.00000,6.00000,0.10000,0.15000,0.54987
127.50000,5.97647,3.84534,2.14900,256.33597,0.30027,50.00000,2.61846,1.00000,6.00000,0.10000,0.15000,0.54987
127.55000,6.05783,3.77518,2.14871,256.45538,0.30028,50.00000,2.61839,1.00000,6.00000,0.10000,0.15000,0.54986
127.60000,6.13651,3.70204,2.14845,256.57359,0.30027,50.00000,2.61845,1.00000,6.00000,0.10000,0.15000,0.54987
127.65000,6.21232,3.62595,2.14823,256.69059,0.30025,50.00000,2.61853,1.00000,6.00000,0.10000,0.15000,0.54987
127.70000,6.28510,3.54697,2.14807,256.80641,0.30024,50.00000,2.61863,1.00000,6.00000,0.10000,0.15000,0.54988
127.75000,6.35473,3.46520,2.14796,256.92113,0.30024,50.00000,2.61863,1.00000,6.00000,0.10000,0.15000,0.54988
127.80000,6.42108,3.38076,2.14793,257.03481,0.30022,50.00000,2.61874,1.00000,6.00000,0.10000,0.15000,0.54989
127.85000,6.48411,3.29381,2.14796,257.14754,0.30020,50.00000,2.61884,1.00000,6.00000,0.10000,0.15000,0.54990
127.90000,6.54373,3.20449,2.14797,257.25942,0.30018,50.00000,2.61896,1.00000,6.00000,0.10000,0.15000,0.54991
127.95000,6.59981,3.11290,2.14800,257.37054,0.30018,50.00000,2.61899,1.00000,6.00000,0.10000,0.15000,0.54991
128.00000,6.65224,3.01917,2.14814,257.48098,0.30016,50.00000,2.61911,1.00000,6.00000,0.10000,0.15000,0.54992
128.05000,6.70099,2.92347,2.14841,257.59085,0.30014,50.00000,2.61923,1.00000,6.00000,0.10000,0.15000,0.54993
128.10000,6.74611,2.82598,2.14879,257.70021,0.30012,50.00000,2.61934,1.00000,6.00000,0.10000,0.15000,0.54994
128.15000,6.78767,2.72690,2.14930,257.80914,0.30011,50.00000,2.61945,1.00000,6.00000,0.10000,0.15000,0.54995
128.20000,6.82578,2.62641,2.14990,257.91772,0.30010,50.00000,2.61947,1.00000,6.00000,0.10000,0.15000,0.54995
128.25000,6.86059,2.52469,2.15060,258.02600,0.30006,50.00000,2.61972,1.00000,6.00000,0.10000,0.15000,0.54997
128.30000,6.89227,2.42192,2.15137,258.13403,0.30006,50.00000,2.61973,1.00000,6.00000,0.10000,0.15000,0.54997
128.35000,6.92103,2.31825,2.15220,258.24186,0.30005,50.00000,2.61977,1.00000,6.00000,0.10000,0.15000,0.54997
128.40000,6.94707,2.21382,2.15308,258.34952,0.30004,50.00000,2.61982,1.00000,6.00000,0.10000,0.15000,0.54998
128.45000,6.97060,2.10875,2.15400,258.45706,0.30002,50.00000,2.61998,1.00000,6.00000,0.10000,0.15000,0.54999
128.50000,6.99184,2.00315,2.15496,258.56450,0.30002,50.00000,2.61998,1.00000,6.00000,0.10000,0.15000,0.54999
128.55000,7.01104,1.89710,2.15593,258.67188,0.30001,50.00000,2.62001,1.00000,6.00000,0.10000,0.15000,0.54999
128.60000,7.02840,1.79069,2.15692,258.77922,0.30001,50.00000,2.62006,1.00000,6.00000,0.10000,0.15000,0.55000
128.65000,7.04416,1.68398,2.15791,258.88656,0.30000,50.00000,2.62012,1.00000,6.00000,0.10000,0.15000,0.55000
128.70000,7.05853,1.57702,2.15890,258.99393,0.29996,50.00000,2.62034,1.00000,6.00000,0.10000,0.15000,0.55002
128.75000,7.07174,1.46986,2.15988,259.10134,0.29996,50.00000,2.62032,1.00000,6.00000,0.10000,0.15000,0.55002
128.80000,7.08399,1.36254,2.16085,259.20882,0.29996,50.00000,2.62034,1.00000,6.00000,0.10000,0.15000,0.55002
128.85000,7.09549,1.25509,2.16180,259.31642,0.29996,50.00000,2.62037,1.00000,6.00000,0.10000,0.15000,0.55002
128.90000,7.10644,1.14753,2.16273,259.42416,0.29992,50.00000,2.62058,1.00000,6.00000,0.10000,0.15000,0.55004
128.95000,7.11703,1.03989,2.16363,259.53201,0.29993,50.00000,2.62055,1.00000,6.00000,0.10000,0.15000,0.55004
129.00000,7.12746,0.93219,2.16449,259.64030,0.29993,50.00000,2.62055,1.00000,6.00000,0.10000,0.15000,0.55004
129.05000,7.13792,0.82445,2.16532,259.74945,0.29992,50.00000,2.62057,1.00000,6.00000,0.10000,0.15000,0.55004
129.10000,7.14859,0.71670,2.16611,259.85880,0.29992,50.00000,2.62060,1.00000,6.00000,0.10000,0.15000,0.55004
129.15000,7.15965,0.60894,2.16685,259.96783,0.29988,50.00000,2.62081,1.00000,6.00000,0.10000,0.15000,0.55006
129.20000,7.17130,0.50121,2.16755,260.07682,0.29989,50.00000,2.62077,1.00000,6.00000,0.10000,0.15000,0.55005
129.25000,7.18372,0.39353,2.16821,260.18599,0.29989,50.00000,2.62076,1.00000,6.00000,0.10000,0.15000,0.55005
129.30000,7.19708,0.28593,2.16882,260.29540,0.29989,50.00000,2.62077,1.00000,6.00000,0.10000,0.15000,0.55005
129.35000,7.21155,0.17844,2.16939,260.40508,0.29989,50.00000,2.62079,1.00000,6.00000,0.10000,0.15000,0.55006
129.40000,7.22730,0.07111,2.16992,260.51505,0.29988,50.00000,2.62081,1.00000,6.00000,0.10000,0.15000,0.55006
129.45000,7.24450,-0.03603,2.17041,260.62533,0.29988,50.00000,2.62083,1.00000,6.00000,0.10000,0.15000,0.55006
129.50000,7.26331,-0.14292,2.17086,260.73592,0.29988,50.00000,2.62085,1.00000,6.00000,0.10000,0.15000,0.55006
129.55000,7.28388,-0.24950,2.17126,260.84683,0.29987,50.00000,2.62087,1.00000,6.00000,0.10000,0.15000,0.55006
129.60000,7.30636,-0.35572,2.17163,260.95804,0.29987,50.00000,2.62088,1.00000,6.00000,0.10000,0.15000,0.55006
129.65000,7.33089,-0.46150,2.17196,261.06955,0.29987,50.00000,2.62090,1.00000,6.00000,0.10000,0.15000,0.55006
129.70000,7.35760,-0.56677,2.17226,261.18135,0.29987,50.00000,2.62091,1.00000,6.00000,0.10000,0.15000,0.55007
129.75000,7.38664,-0.67144,2.17252,261.29342,0.29987,50.00000,2.62092,1.00000,6.00000,0.10000,0.15000,0.55007
129.80000,7.41810,-0.77541,2.17275,261.40574,0.29986,50.00000,2.62093,1.00000,6.00000,0.10000,0.15000,0.55007
129.85000,7.45211,-0.87859,2.17294,261.51831,0.29986,50.00000,2.62094,1.00000,6.00000,0.10000,0.15000,0.55007
129.90000,7.48875,-0.98087,2.17311,261.63108,0.29986,50.00000,2.62094,1.00000,6.00000,0.10000,0.15000,0.55007
129.95000,7.52812,-1.08215,2.17326,261.74404,0.29986,50.00000,2.62095,1.00000,6.00000,0.10000,0.15000,0.55007
130.00000,7.57030,-1.18229,2.17338,261.85717,0.29986,50.00000,2.62096,1.00000,6.00000,0.10000,0.15000,0.55007
130.05000,7.61533,-1.28119,2.17348,261.97044,0.29986,50.00000,2.62096,1.00000,6.00000,0.10000,0.15000,0.55007
130.10000,7.66329,-1.37871,2.17356,262.08384,0.29986,50.00000,2.62096,1.00000,6.00000,0.10000,0.15000,0.55007
130.15000,7.71420,-1.47472,2.17363,262.19735,0.29986,50.00000,2.62095,1.00000,6.00000,0.10000,0.15000,0.55007
130.20000,7.76809,-1.56909,2.17368,262.31094,0.29986,50.00000,2.62095,1.00000,6.00000,0.10000,0.15000,0.55007
130.25000,7.82498,-1.66170,2.17373,262.42461,0.29986,50.00000,2.62095,1.00000,6.00000,0.10000,0.15000,0.55007
130.30000,7.88485,-1.75240,2.17377,262.53834,0.29986,50.00000,2.62094,1.00000,6.00000,0.10000,0.15000,0.55007
130.35000,7.94771,-1.84107,2.17381,262.65212,0.29986,50.00000,2.62094,1.00000,6.00000,0.10000,0.15000,0.55007
130.40000,8.01351,-1.92757,2.17385,262.76593,0.29986,50.00000,2.62093,1.00000,6.00000,0.10000,0.15000,0.55007
130.45000,8.08222,-2.01178,2.17389,262.87974,0.29986,50.00000,2.62093,1.00000,6.00000,0.10000,0.15000,0.55007
130.50000,8.15380,-2.09358,2.17394,262.99351,0.29987,50.00000,2.62091,1.00000,6.00000,0.10000,0.15000,0.55007
130.55000,8.22817,-2.17285,2.17400,263.10721,0.29987,50.00000,2.62090,1.00000,6.00000,0.10000,0.15000,0.55007
130.60000,8.30525,-2.24948,2.17407,263.22084,0.29987,50.00000,2.62089,1.00000,6.00000,0.10000,0.15000,0.55006
130.65000,8.38498,-2.32337,2.17415,263.33439,0.29987,50.00000,2.62088,1.00000,6.00000,0.10000,0.15000,0.55006
130.70000,8.46724,-2.39443,2.17426,263.44784,0.29987,50.00000,2.62087,1.00000,6.00000,0.10000,0.15000,0.55006
130.75000,8.55194,-2.46258,2.17438,263.56117,0.29988,50.00000,2.62086,1.00000,6.00000,0.10000,0.15000,0.55006
130.80000,8.63897,-2.52773,2.17453,263.67436,0.29988,50.00000,2.62084,1.00000,6.00000,0.10000,0.15000,0.55006
130.85000,8.72822,-2.58983,2.17470,263.78738,0.29988,50.00000,2.62083,1.00000,6.00000,0.10000,0.15000,0.55006
130.90000,8.81956,-2.64882,2.17490,263.90020,0.29988,50.00000,2.62081,1.00000,6.00000,0.10000,0.15000,0.55006
130.95000,8.91287,-2.70466,2.17512,264.01282,0.29989,50.00000,2.62079,1.00000,6.00000,0.10000,0.15000,0.55006
131.00000,9.00803,-2.75732,2.17538,264.12523,0.29989,50.00000,2.62077,1.00000,6.00000,0.10000,0.15000,0.55005
131.05000,9.10491,-2.80678,2.17566,264.23744,0.29989,50.00000,2.62074,1.00000,6.00000,0.10000,0.15000,0.55005
131.10000,9.20337,-2.85303,2.17598,264.34944,0.29990,50.00000,2.62072,1.00000,6.00000,0.10000,0.15000,0.55005
131.15000,9.30330,-2.89606,2.17632,264.46125,0.29990,50.00000,2.62070,1.00000,6.00000,0.10000,0.15000,0.55005
131.20000,9.40457,-2.93589,2.17670,264.57285,0.29991,50.00000,2.62068,1.00000,6.00000,0.10000,0.15000,0.55005
131.25000,9.50706,-2.97253,2.17711,264.68426,0.29991,50.00000,2.62065,1.00000,6.00000,0.10000,0.15000,0.55004
131.30000,9.61065,-3.00601,2.17755,264.79548,0.29994,50.00000,2.62046,1.00000,6.00000,0.10000,0.15000,0.55003
131.35000,9.71522,-3.03636,2.17803,264.90651,0.29993,50.00000,2.62050,1.00000,6.00000,0.10000,0.15000,0.55003
131.40000,9.82066,-3.06362,2.17853,265.01737,0.29993,50.00000,2.62052,1.00000,6.00000,0.10000,0.15000,0.55003
131.45000,9.92687,-3.08784,2.17907,265.12806,0.29993,50.00000,2.62051,1.00000,6.00000,0.10000,0.15000,0.55003
131.50000,10.03374,-3.10907,2.17964,265.23860,0.29994,50.00000,2.62049,1.00000,6.00000,0.10000,0.15000,0.55003
131.55000,10.14119,-3.12736,2.18024,265.34900,0.29996,50.00000,2.62031,1.00000,6.00000,0.10000,0.15000,0.55002
131.60000,10.24912,-3.14275,2.18084,265.45927,0.29996,50.00000,2.62037,1.00000,6.00000,0.10000,0.15000,0.55002
131.65000,10.35746,-3.15520,2.18145,265.56942,0.29995,50.00000,2.62038,1.00000,6.00000,0.10000,0.15000,0.55002
131.70000,10.46614,-3.16468,2.18212,265.67947,0.29995,50.00000,2.62037,1.00000,6.00000,0.10000,0.15000,0.55002
131.75000,10.57507,-3.17119,2.18287,265.78944,0.29998,50.00000,2.62020,1.00000,6.00000,0.10000,0.15000,0.55001
131.80000,10.68417,-3.17480,2.18369,265.89933,0.29997,50.00000,2.62026,1.00000,6.00000,0.10000,0.15000,0.55001
131.85000,10.79337,-3.17557,2.18457,266.00918,0.29997,50.00000,2.62028,1.00000,6.00000,0.10000,0.15000,0.55002
131.90000,10.90260,-3.17362,2.18551,266.11898,0.29997,50.00000,2.62029,1.00000,6.00000,0.10000,0.15000,0.55002
131.95000,11.01441,-3.16809,2.29985,266.23688,0.29997,50.00000,2.62028,1.00000,6.00000,0.10000,0.15000,0.55001
132.00000,11.12840,-3.15117,2.30945,266.34934,0.29999,50.00000,2.62013,1.00000,6.00000,0.10000,0.15000,0.55000
132.05000,11.24244,-3.13160,2.31652,266.46386,0.29997,50.00000,2.62026,1.00000,6.00000,0.10000,0.15000,0.55001
132.10000,11.35680,-3.11307,2.31771,266.58009,0.29996,50.00000,2.62035,1.00000,6.00000,0.10000,0.15000,0.55002
132.15000,11.47107,-3.09364,2.31876,266.69661,0.29995,50.00000,2.62039,1.00000,6.00000,0.10000,0.15000,0.55002
132.20000,11.58523,-3.07326,2.31979,266.81326,0.29997,50.00000,2.62027,1.00000,6.00000,0.10000,0.15000,0.55001
132.25000,11.69926,-3.05189,2.32081,266.92994,0.29996,50.00000,2.62037,1.00000,6.00000,0.10000,0.15000,0.55002
132.30000,11.81316,-3.02955,2.32181,267.04664,0.29995,50.00000,2.62041,1.00000,6.00000,0.10000,0.15000,0.55003
132.35000,11.92691,-3.00626,2.32281,267.16332,0.29994,50.00000,2.62043,1.00000,6.00000,0.10000,0.15000,0.55003
132.40000,12.04052,-2.98204,2.32378,267.27996,0.29995,50.00000,2.62043,1.00000,6.00000,0.10000,0.15000,0.55003
132.45000,12.15399,-2.95693,2.32473,267.39658,0.29995,50.00000,2.62041,1.00000,6.00000,0.10000,0.15000,0.55003
132.50000,12.26731,-2.93097,2.32565,267.51316,0.29995,50.00000,2.62038,1.00000,6.00000,0.10000,0.15000,0.55002
132.55000,12.38049,-2.90419,2.32653,267.62973,0.29996,50.00000,2.62035,1.00000,6.00000,0.10000,0.15000,0.55002
132.60000,12.49353,-2.87663,2.32737,267.74634,0.29996,50.00000,2.62031,1.00000,6.00000,0.10000,0.15000,0.55002
132.65000,12.60643,-2.84835,2.32817,267.86315,0.29997,50.00000,2.62028,1.00000,6.00000,0.10000,0.15000,0.55001
132.70000,12.71919,-2.81938,2.32891,267.98046,0.29998,50.00000,2.62024,1.00000,6.00000,0.10000,0.15000,0.55001
132.75000,12.83183,-2.78976,2.32960,268.09795,0.29998,50.00000,2.62020,1.00000,6.00000,0.10000,0.15000,0.55001
132.80000,12.94434,-2.75954,2.33023,268.21476,0.29999,50.00000,2.62016,1.00000,6.00000,0.10000,0.15000,0.55001
132.85000,13.05672,-2.72875,2.33080,268.33126,0.29999,50.00000,2.62019,1.00000,6.00000,0.10000,0.15000,0.55001
132.90000,13.16898,-2.69743,2.33130,268.44779,0.29999,50.00000,2.62014,1.00000,6.00000,0.10000,0.15000,0.55000
132.95000,13.28113,-2.66561,2.33175,268.56431,0.30000,50.00000,2.62010,1.00000,6.00000,0.10000,0.15000,0.55000
133.00000,13.39317,-2.63332,2.33213,268.68083,0.30000,50.00000,2.62007,1.00000,6.00000,0.10000,0.15000,0.55000
133.05000,13.50510,-2.60060,2.33245,268.79737,0.30000,50.00000,2.62011,1.00000,6.00000,0.10000,0.15000,0.55000
133.10000,13.61693,-2.56747,2.33271,268.91392,0.30000,50.00000,2.62008,1.00000,6.00000,0.10000,0.15000,0.55000
133.15000,13.72865,-2.53396,2.33291,269.03050,0.30001,50.00000,2.62006,1.00000,6.00000,0.10000,0.15000,0.55000
133.20000,13.84028,-2.50011,2.33304,269.14708,0.30001,50.00000,2.62005,1.00000,6.00000,0.10000,0.15000,0.55000
133.25000,13.95181,-2.46593,2.33312,269.26366,0.30000,50.00000,2.62011,1.00000,6.00000,0.10000,0.15000,0.55000
133.30000,14.06326,-2.43145,2.33314,269.38025,0.30000,50.00000,2.62010,1.00000,6.00000,0.10000,0.15000,0.55000
133.35000,14.17463,-2.39673,2.33311,269.49682,0.30000,50.00000,2.62011,1.00000,6.00000,0.10000,0.15000,0.55000
133.40000,14.28592,-2.36179,2.33302,269.61337,0.29999,50.00000,2.62013,1.00000,6.00000,0.10000,0.15000,0.55000
133.45000,14.39716,-2.32669,2.33287,269.72990,0.29998,50.00000,2.62020,1.00000,6.00000,0.10000,0.15000,0.55001
133.50000,14.50836,-2.29148,2.33268,269.84641,0.29998,50.00000,2.62020,1.00000,6.00000,0.10000,0.15000,0.55001
133.55000,14.61952,-2.25618,2.33244,269.96290,0.29998,50.00000,2.62022,1.00000,6.00000,0.10000,0.15000,0.55001
133.60000,14.73065,-2.22084,2.33215,270.07939,0.29998,50.00000,2.62023,1.00000,6.00000,0.10000,0.15000,0.55001
133.65000,14.84174,-2.18542,2.33183,270.19589,0.29997,50.00000,2.62025,1.00000,6.00000,0.10000,0.15000,0.55001
133.70000,14.95273,-2.14975,2.33147,270.31240,0.29997,50.00000,2.62029,1.00000,6.00000,0.10000,0.15000,0.55002
133.75000,15.06357,-2.11366,2.33105,270.42895,0.29997,50.00000,2.62026,1.00000,6.00000,0.10000,0.15000,0.55001
133.80000,15.17412,-2.07677,2.33053,270.54556,0.29998,50.00000,2.62024,1.00000,6.00000,0.10000,0.15000,0.55001
133.85000,15.28418,-2.03854,2.32993,270.66226,0.29998,50.00000,2.62022,1.00000,6.00000,0.10000,0.15000,0.55001
133.90000,15.39358,-1.99856,2.32916,270.77906,0.29998,50.00000,2.62021,1.00000,6.00000,0.10000,0.15000,0.55001
133.95000,15.50204,-1.95622,2.32808,270.89601,0.29998,50.00000,2.62020,1.00000,6.00000,0.10000,0.15000,0.55001
134.00000,15.60917,-1.91079,2.32678,271.01313,0.29998,50.00000,2.62019,1.00000,6.00000,0.10000,0.15000,0.55001
134.05000,15.71460,-1.86170,2.32521,271.13049,0.29998,50.00000,2.62019,1.00000,6.00000,0.10000,0.15000,0.55001
134.10000,15.81786,-1.80839,2.32328,271.24818,0.29998,50.00000,2.62020,1.00000,6.00000,0.10000,0.15000,0.55001
134.15000,15.91839,-1.75031,2.32103,271.36629,0.29998,50.00000,2.62023,1.00000,6.00000,0.10000,0.15000,0.55001
134.20000,16.01559,-1.68703,2.31847,271.48498,0.29998,50.00000,2.62024,1.00000,6.00000,0.10000,0.15000,0.55001
134.25000,16.10877,-1.61820,2.31553,271.60441,0.29997,50.00000,2.62027,1.00000,6.00000,0.10000,0.15000,0.55001
134.30000,16.19717,-1.54359,2.31224,271.72479,0.29997,50.00000,2.62030,1.00000,6.00000,0.10000,0.15000,0.55002
134.35000,16.27996,-1.46305,2.30850,271.84636,0.29996,50.00000,2.62034,1.00000,6.00000,0.10000,0.15000,0.55002
134.40000,16.35622,-1.37657,2.30425,271.96935,0.29995,50.00000,2.62038,1.00000,6.00000,0.10000,0.15000,0.55002
134.45000,16.42495,-1.28429,2.29942,272.09403,0.29995,50.00000,2.62043,1.00000,6.00000,0.10000,0.15000,0.55003
134.50000,16.48506,-1.18647,2.29385,272.22062,0.29994,50.00000,2.62047,1.00000,6.00000,0.10000,0.15000,0.55003
134.55000,16.53537,-1.08361,2.28743,272.34928,0.29993,50.00000,2.62051,1.00000,6.00000,0.10000,0.15000,0.55003
134.60000,16.57464,-0.97643,2.27995,272.48007,0.29992,50.00000,2.62057,1.00000,6.00000,0.10000,0.15000,0.55004
134.65000,16.60162,-0.86593,2.27156,272.61305,0.29992,50.00000,2.62060,1.00000,6.00000,0.10000,0.15000,0.55004
134.70000,16.61523,-0.75345,2.26247,272.74769,0.29991,50.00000,2.62063,1.00000,6.00000,0.10000,0.15000,0.55004
134.75000,16.61466,-0.64062,2.25311,272.88376,0.29991,50.00000,2.62065,1.00000,6.00000,0.10000,0.15000,0.55005
134.80000,16.59953,-0.52929,2.24358,273.01974,0.29990,50.00000,2.62068,1.00000,6.00000,0.10000,0.15000,0.55005
134.85000,16.56983,-0.42143,2.23440,273.15529,0.29990,50.00000,2.62069,1.00000,6.00000,0.10000,0.15000,0.55005
134.90000,16.52607,-0.31894,2.22632,273.29026,0.29990,50.00000,2.62071,1.00000,6.00000,0.10000,0.15000,0.55005
134.95000,16.46939,-0.22341,2.22089,273.42501,0.29990,50.00000,2.62069,1.00000,6.00000,0.10000,0.15000,0.55005
135.00000,16.40143,-0.13582,2.21695,273.55932,0.29991,50.00000,2.62067,1.00000,6.00000,0.10000,0.15000,0.55005
135.05000,16.32381,-0.05690,2.21384,273.69272,0.29991,50.00000,2.62066,1.00000,6.00000,0.10000,0.15000,0.55005
135.10000,16.23805,0.01288,2.21144,273.82466,0.29991,50.00000,2.62066,1.00000,6.00000,0.10000,0.15000,0.55005
135.15000,16.14560,0.07334,2.20961,273.95449,0.29991,50.00000,2.62064,1.00000,6.00000,0.10000,0.15000,0.55004
135.20000,16.04780,0.12452,2.20819,274.08215,0.29991,50.00000,2.62062,1.00000,6.00000,0.10000,0.15000,0.55004
135.25000,15.94581,0.16662,2.20716,274.20763,0.29992,50.00000,2.62057,1.00000,6.00000,0.10000,0.15000,0.55004
135.30000,15.84068,0.19999,2.20642,274.33098,0.29992,50.00000,2.62057,1.00000,6.00000,0.10000,0.15000,0.55004
135.35000,15.73330,0.22504,2.20579,274.45231,0.29993,50.00000,2.62054,1.00000,6.00000,0.10000,0.15000,0.55004
135.40000,15.62439,0.24215,2.20524,274.57177,0.29993,50.00000,2.62052,1.00000,6.00000,0.10000,0.15000,0.55003
135.45000,15.51458,0.25175,2.20487,274.68951,0.29994,50.00000,2.62048,1.00000,6.00000,0.10000,0.15000,0.55003
135.50000,15.40440,0.25429,2.20469,274.80570,0.29994,50.00000,2.62048,1.00000,6.00000,0.10000,0.15000,0.55003
135.55000,15.29426,0.25028,2.20469,274.92052,0.29994,50.00000,2.62047,1.00000,6.00000,0.10000,0.15000,0.55003
135.60000,15.18450,0.24024,2.20484,275.03414,0.29994,50.00000,2.62044,1.00000,6.00000,0.10000,0.15000,0.55003
135.65000,15.07537,0.22469,2.20511,275.14677,0.29995,50.00000,2.62039,1.00000,6.00000,0.10000,0.15000,0.55002
135.70000,14.96705,0.20414,2.20547,275.25861,0.29995,50.00000,2.62039,1.00000,6.00000,0.10000,0.15000,0.55002
135.75000,14.85967,0.17907,2.20590,275.36983,0.29995,50.00000,2.62038,1.00000,6.00000,0.10000,0.15000,0.55002
135.80000,14.75329,0.14993,2.20639,275.48057,0.29996,50.00000,2.62034,1.00000,6.00000,0.10000,0.15000,0.55002
135.85000,14.64794,0.11716,2.20691,275.59096,0.29997,50.00000,2.62030,1.00000,6.00000,0.10000,0.15000,0.55002
135.90000,14.54362,0.08116,2.20746,275.70110,0.29998,50.00000,2.62020,1.00000,6.00000,0.10000,0.15000,0.55001
135.95000,14.44031,0.04231,2.20802,275.81109,0.29999,50.00000,2.62017,1.00000,6.00000,0.10000,0.15000,0.55001
136.00000,14.33794,0.00094,2.20859,275.92100,0.29999,50.00000,2.62018,1.00000,6.00000,0.10000,0.15000,0.55001
136.05000,14.23645,-0.04261,2.20915,276.03089,0.30000,50.00000,2.62011,1.00000,6.00000,0.10000,0.15000,0.55000
136.10000,14.13576,-0.08806,2.20970,276.14081,0.30001,50.00000,2.62003,1.00000,6.00000,0.10000,0.15000,0.55000
136.15000,14.03580,-0.13515,2.21022,276.25079,0.30002,50.00000,2.61996,1.00000,6.00000,0.10000,0.15000,0.54999
136.20000,13.93647,-0.18361,2.21072,276.36085,0.30002,50.00000,2.61996,1.00000,6.00000,0.10000,0.15000,0.54999
136.25000,13.83768,-0.23322,2.21118,276.47101,0.30003,50.00000,2.61988,1.00000,6.00000,0.10000,0.15000,0.54998
136.30000,13.73935,-0.28378,2.21161,276.58128,0.30005,50.00000,2.61981,1.00000,6.00000,0.10000,0.15000,0.54998
136.35000,13.64139,-0.33509,2.21198,276.69166,0.30006,50.00000,2.61974,1.00000,6.00000,0.10000,0.15000,0.54997
136.40000,13.54370,-0.38698,2.21231,276.80214,0.30007,50.00000,2.61969,1.00000,6.00000,0.10000,0.15000,0.54997
136.45000,13.44623,-0.43928,2.21258,276.91278,0.30006,50.00000,2.61972,1.00000,6.00000,0.10000,0.15000,0.54997
136.50000,13.34888,-0.49185,2.21280,277.02386,0.30007,50.00000,2.61967,1.00000,6.00000,0.10000,0.15000,0.54997
136.55000,13.25160,-0.54455,2.21295,277.13520,0.30007,50.00000,2.61963,1.00000,6.00000,0.10000,0.15000,0.54996
136.60000,13.15432,-0.59728,2.21303,277.24640,0.30008,50.00000,2.61960,1.00000,6.00000,0.10000,0.15000,0.54996
136.65000,13.05699,-0.64993,2.21306,277.35741,0.30007,50.00000,2.61965,1.00000,6.00000,0.10000,0.15000,0.54996
136.70000,12.95959,-0.70243,2.21302,277.46832,0.30008,50.00000,2.61962,1.00000,6.00000,0.10000,0.15000,0.54996
136.75000,12.86207,-0.75471,2.21293,277.57924,0.30008,50.00000,2.61961,1.00000,6.00000,0.10000,0.15000,0.54996
136.80000,12.76443,-0.80676,2.21278,277.69020,0.30008,50.00000,2.61959,1.00000,6.00000,0.10000,0.15000,0.54996
136.85000,12.66666,-0.85853,2.21259,277.80118,0.30008,50.00000,2.61959,1.00000,6.00000,0.10000,0.15000,0.54996
136.90000,12.56875,-0.91003,2.21235,277.91219,0.30007,50.00000,2.61966,1.00000,6.00000,0.10000,0.15000,0.54996
136.95000,12.47070,-0.96122,2.21206,278.02321,0.30007,50.00000,2.61965,1.00000,6.00000,0.10000,0.15000,0.54996
137.00000,12.37243,-1.01196,2.21171,278.13426,0.30007,50.00000,2.61965,1.00000,6.00000,0.10000,0.15000,0.54996
137.05000,12.27387,-1.06208,2.21132,278.24535,0.30007,50.00000,2.61966,1.00000,6.00000,0.10000,0.15000,0.54996
137.10000,12.17489,-1.11133,2.21082,278.35649,0.30007,50.00000,2.61967,1.00000,6.00000,0.10000,0.15000,0.54997
137.15000,12.07528,-1.15922,2.21019,278.46768,0.30007,50.00000,2.61968,1.00000,6.00000,0.10000,0.15000,0.54997
137.20000,11.97485,-1.20527,2.20932,278.57893,0.30007,50.00000,2.61969,1.00000,6.00000,0.10000,0.15000,0.54997
137.25000,11.87343,-1.24901,2.20871,278.69024,0.30006,50.00000,2.61971,1.00000,6.00000,0.10000,0.15000,0.54997
137.30000,11.77102,-1.29024,2.20711,278.80167,0.30006,50.00000,2.61972,1.00000,6.00000,0.10000,0.15000,0.54997
137.35000,11.66719,-1.32751,2.20533,278.91320,0.30006,50.00000,2.61972,1.00000,6.00000,0.10000,0.15000,0.54997
137.40000,11.56192,-1.36012,2.20316,279.02489,0.30006,50.00000,2.61973,1.00000,6.00000,0.10000,0.15000,0.54997
137.45000,11.45523,-1.38728,2.20076,279.13679,0.30006,50.00000,2.61972,1.00000,6.00000,0.10000,0.15000,0.54997
137.50000,11.34729,-1.40822,2.19751,279.24902,0.30006,50.00000,2.61970,1.00000,6.00000,0.10000,0.15000,0.54997
137.55000,11.23837,-1.42189,2.19402,279.36170,0.30007,50.00000,2.61967,1.00000,6.00000,0.10000,0.15000,0.54997
137.60000,11.12890,-1.42801,2.19260,279.47504,0.30008,50.00000,2.61961,1.00000,6.00000,0.10000,0.15000,0.54996
137.65000,11.01937,-1.42705,2.18926,279.58946,0.30009,50.00000,2.61956,1.00000,6.00000,0.10000,0.15000,0.54996
137.70000,10.91039,-1.41796,2.18580,279.70503,0.30010,50.00000,2.61950,1.00000,6.00000,0.10000,0.15000,0.54995
137.75000,10.80262,-1.40043,2.18241,279.82198,0.30011,50.00000,2.61944,1.00000,6.00000,0.10000,0.15000,0.54995
137.80000,10.69680,-1.37428,2.17851,279.94050,0.30012,50.00000,2.61938,1.00000,6.00000,0.10000,0.15000,0.54994
137.85000,10.59384,-1.33917,2.17390,280.06055,0.30013,50.00000,2.61932,1.00000,6.00000,0.10000,0.15000,0.54994
137.90000,10.49480,-1.29477,2.16839,280.18197,0.30014,50.00000,2.61924,1.00000,6.00000,0.10000,0.15000,0.54993
137.95000,10.40098,-1.24083,2.16172,280.30442,0.30014,50.00000,2.61921,1.00000,6.00000,0.10000,0.15000,0.54993
138.00000,10.31390,-1.17719,2.15358,280.42743,0.30015,50.00000,2.61919,1.00000,6.00000,0.10000,0.15000,0.54993
138.05000,10.23539,-1.10392,2.14351,280.55038,0.30015,50.00000,2.61918,1.00000,6.00000,0.10000,0.15000,0.54993
138.10000,10.16758,-1.02139,2.12998,280.67288,0.30015,50.00000,2.61920,1.00000,6.00000,0.10000,0.15000,0.54993
138.15000,10.11265,-0.93053,2.12126,280.79431,0.30015,50.00000,2.61920,1.00000,6.00000,0.10000,0.15000,0.54993
138.20000,10.07074,-0.83338,2.11427,280.91461,0.30014,50.00000,2.61923,1.00000,6.00000,0.10000,0.15000,0.54993
138.25000,10.04233,-0.73181,2.10749,281.03393,0.30012,50.00000,2.61937,1.00000,6.00000,0.10000,0.15000,0.54994
138.30000,10.02779,-0.62769,2.10084,281.15206,0.30012,50.00000,2.61935,1.00000,6.00000,0.10000,0.15000,0.54994
138.35000,10.02726,-0.52289,2.09430,281.26866,0.30012,50.00000,2.61936,1.00000,6.00000,0.10000,0.15000,0.54994
138.40000,10.04048,-0.41922,2.08953,281.38379,0.30012,50.00000,2.61936,1.00000,6.00000,0.10000,0.15000,0.54994
138.45000,10.06637,-0.31814,2.08807,281.49782,0.30010,50.00000,2.61949,1.00000,6.00000,0.10000,0.15000,0.54995
138.50000,10.10329,-0.22057,2.08764,281.61077,0.30010,50.00000,2.61946,1.00000,6.00000,0.10000,0.15000,0.54995
138.55000,10.14983,-0.12720,2.08775,281.72264,0.30010,50.00000,2.61945,1.00000,6.00000,0.10000,0.15000,0.54995
138.60000,10.20468,-0.03844,2.08809,281.83353,0.30010,50.00000,2.61945,1.00000,6.00000,0.10000,0.15000,0.54995
138.65000,10.26667,0.04553,2.08856,281.94341,0.30009,50.00000,2.61956,1.00000,6.00000,0.10000,0.15000,0.54996
138.70000,10.33473,0.12470,2.08909,282.05225,0.30009,50.00000,2.61951,1.00000,6.00000,0.10000,0.15000,0.54995
138.75000,10.40793,0.19919,2.08964,282.16007,0.30009,50.00000,2.61951,1.00000,6.00000,0.10000,0.15000,0.54995
138.80000,10.48545,0.26923,2.09020,282.26689,0.30009,50.00000,2.61953,1.00000,6.00000,0.10000,0.15000,0.54995
138.85000,10.56660,0.33508,2.09076,282.37278,0.30008,50.00000,2.61960,1.00000,6.00000,0.10000,0.15000,0.54996
138.90000,10.65075,0.39709,2.09132,282.47779,0.30005,50.00000,2.61976,1.00000,6.00000,0.10000,0.15000,0.54997
138.95000,10.73741,0.45562,2.09187,282.58203,0.30005,50.00000,2.61980,1.00000,6.00000,0.10000,0.15000,0.54998
139.00000,10.82611,0.51105,2.09240,282.68563,0.30003,50.00000,2.61989,1.00000,6.00000,0.10000,0.15000,0.54998
139.05000,10.91647,0.56379,2.09292,282.78876,0.30001,50.00000,2.62000,1.00000,6.00000,0.10000,0.15000,0.54999
139.10000,11.00817,0.61423,2.09341,282.89157,0.29999,50.00000,2.62013,1.00000,6.00000,0.10000,0.15000,0.55000
139.15000,11.10090,0.66279,2.09388,282.99423,0.29996,50.00000,2.62037,1.00000,6.00000,0.10000,0.15000,0.55002
139.20000,11.19441,0.70988,2.09432,283.09694,0.29994,50.00000,2.62044,1.00000,6.00000,0.10000,0.15000,0.55003
139.25000,11.28848,0.75591,2.09471,283.19987,0.29993,50.00000,2.62053,1.00000,6.00000,0.10000,0.15000,0.55004
139.30000,11.38288,0.80130,2.09506,283.30323,0.29991,50.00000,2.62062,1.00000,6.00000,0.10000,0.15000,0.55004
139.35000,11.47742,0.84643,2.09534,283.40724,0.29990,50.00000,2.62071,1.00000,6.00000,0.10000,0.15000,0.55005
139.40000,11.57190,0.89172,2.09556,283.51215,0.29989,50.00000,2.62079,1.00000,6.00000,0.10000,0.15000,0.55006
139.45000,11.66612,0.93755,2.09570,283.61812,0.29987,50.00000,2.62087,1.00000,6.00000,0.10000,0.15000,0.55006
139.50000,11.75990,0.98430,2.09575,283.72521,0.29986,50.00000,2.62094,1.00000,6.00000,0.10000,0.15000,0.55007
139.55000,11.85302,1.03236,2.09571,283.83340,0.29985,50.00000,2.62100,1.00000,6.00000,0.10000,0.15000,0.55007
139.60000,11.94524,1.08209,2.09557,283.94286,0.29984,50.00000,2.62106,1.00000,6.00000,0.10000,0.15000,0.55008
139.65000,12.03635,1.13383,2.09533,284.05368,0.29983,50.00000,2.62111,1.00000,6.00000,0.10000,0.15000,0.55008
139.70000,12.12609,1.18788,2.09500,284.16585,0.29983,50.00000,2.62116,1.00000,6.00000,0.10000,0.15000,0.55009
139.75000,12.21420,1.24451,2.09458,284.27932,0.29982,50.00000,2.62121,1.00000,6.00000,0.10000,0.15000,0.55009
139.80000,12.30040,1.30395,2.09409,284.39398,0.29981,50.00000,2.62124,1.00000,6.00000,0.10000,0.15000,0.55009
139.85000,12.38442,1.36640,2.09353,284.50970,0.29981,50.00000,2.62126,1.00000,6.00000,0.10000,0.15000,0.55009
139.90000,12.46598,1.43199,2.09293,284.62629,0.29981,50.00000,2.62128,1.00000,6.00000,0.10000,0.15000,0.55010
139.95000,12.54478,1.50082,2.09229,284.74351,0.29981,50.00000,2.62129,1.00000,6.00000,0.10000,0.15000,0.55010
140.00000,12.62055,1.57291,2.09163,284.86110,0.29980,50.00000,2.62129,1.00000,6.00000,0.10000,0.15000,0.55010
140.05000,12.69303,1.64828,2.09098,284.97877,0.29980,50.00000,2.62130,1.00000,6.00000,0.10000,0.15000,0.55010
140.10000,12.76196,1.72685,2.09035,285.09622,0.29981,50.00000,2.62128,1.00000,6.00000,0.10000,0.15000,0.55010
140.15000,12.82711,1.80855,2.08974,285.21324,0.29981,50.00000,2.62126,1.00000,6.00000,0.10000,0.15000,0.55009
140.20000,12.88828,1.89323,2.08918,285.32967,0.29982,50.00000,2.62123,1.00000,6.00000,0.10000,0.15000,0.55009
140.25000,12.94531,1.98072,2.08867,285.44536,0.29982,50.00000,2.62119,1.00000,6.00000,0.10000,0.15000,0.55009
140.30000,12.99804,2.07084,2.08823,285.56019,0.29983,50.00000,2.62115,1.00000,6.00000,0.10000,0.15000,0.55009
140.35000,13.04638,2.16337,2.08786,285.67413,0.29984,50.00000,2.62110,1.00000,6.00000,0.10000,0.15000,0.55008
140.40000,13.09024,2.25808,2.08756,285.78715,0.29987,50.00000,2.62090,1.00000,6.00000,0.10000,0.15000,0.55007
140.45000,13.12959,2.35474,2.08733,285.89927,0.29987,50.00000,2.62092,1.00000,6.00000,0.10000,0.15000,0.55007
140.50000,13.16442,2.45311,2.08718,286.01049,0.29987,50.00000,2.62091,1.00000,6.00000,0.10000,0.15000,0.55007
140.55000,13.19474,2.55295,2.08710,286.12084,0.29987,50.00000,2.62087,1.00000,6.00000,0.10000,0.15000,0.55006
140.60000,13.22060,2.65404,2.08710,286.23038,0.29991,50.00000,2.62066,1.00000,6.00000,0.10000,0.15000,0.55005
140.65000,13.24207,2.75616,2.08716,286.33915,0.29990,50.00000,2.62069,1.00000,6.00000,0.10000,0.15000,0.55005
140.70000,13.25923,2.85909,2.08730,286.44722,0.29991,50.00000,2.62067,1.00000,6.00000,0.10000,0.15000,0.55005
140.75000,13.27219,2.96264,2.08750,286.55464,0.29991,50.00000,2.62064,1.00000,6.00000,0.10000,0.15000,0.55004
140.80000,13.28107,3.06664,2.08777,286.66150,0.29992,50.00000,2.62059,1.00000,6.00000,0.10000,0.15000,0.55004
140.85000,13.28601,3.17091,2.08810,286.76784,0.29995,50.00000,2.62038,1.00000,6.00000,0.10000,0.15000,0.55002
140.90000,13.28714,3.27531,2.08849,286.87372,0.29995,50.00000,2.62041,1.00000,6.00000,0.10000,0.15000,0.55003
140.95000,13.28463,3.37971,2.08894,286.97922,0.29995,50.00000,2.62040,1.00000,6.00000,0.10000,0.15000,0.55002
141.00000,13.27862,3.48399,2.08944,287.08437,0.29996,50.00000,2.62036,1.00000,6.00000,0.10000,0.15000,0.55002
141.05000,13.26926,3.58805,2.08997,287.18924,0.29996,50.00000,2.62031,1.00000,6.00000,0.10000,0.15000,0.55002
141.10000,13.25665,3.69179,2.09055,287.29389,0.30000,50.00000,2.62010,1.00000,6.00000,0.10000,0.15000,0.55000
141.15000,13.24089,3.79514,2.09121,287.39836,0.29999,50.00000,2.62013,1.00000,6.00000,0.10000,0.15000,0.55000
141.20000,13.22211,3.89801,2.09196,287.50272,0.30000,50.00000,2.62012,1.00000,6.00000,0.10000,0.15000,0.55000
141.25000,13.20047,4.00037,2.09281,287.60701,0.30000,50.00000,2.62009,1.00000,6.00000,0.10000,0.15000,0.55000
141.30000,13.17615,4.10216,2.09373,287.71126,0.30001,50.00000,2.62005,1.00000,6.00000,0.10000,0.15000,0.55000
141.35000,13.14932,4.20337,2.09472,287.81552,0.30004,50.00000,2.61987,1.00000,6.00000,0.10000,0.15000,0.54998
141.40000,13.12019,4.30400,2.09578,287.91980,0.30003,50.00000,2.61991,1.00000,6.00000,0.10000,0.15000,0.54999
141.45000,13.08893,4.40404,2.09688,288.02414,0.30003,50.00000,2.61992,1.00000,6.00000,0.10000,0.15000,0.54999
141.50000,13.05572,4.50352,2.09802,288.12855,0.30003,50.00000,2.61991,1.00000,6.00000,0.10000,0.15000,0.54999
141.55000,13.02074,4.60244,2.09919,288.23304,0.30003,50.00000,2.61990,1.00000,6.00000,0.10000,0.15000,0.54998
141.60000,12.98416,4.70085,2.10038,288.33762,0.30004,50.00000,2.61988,1.00000,6.00000,0.10000,0.15000,0.54998
141.65000,12.94612,4.79877,2.10158,288.44230,0.30004,50.00000,2.61986,1.00000,6.00000,0.10000,0.15000,0.54998
141.70000,12.90677,4.89623,2.10280,288.54708,0.30002,50.00000,2.61999,1.00000,6.00000,0.10000,0.15000,0.54999
141.75000,12.86624,4.99328,2.10402,288.65196,0.30003,50.00000,2.61989,1.00000,6.00000,0.10000,0.15000,0.54998
141.80000,12.82466,5.08995,2.10524,288.75694,0.30004,50.00000,2.61984,1.00000,6.00000,0.10000,0.15000,0.54998
141.85000,12.78212,5.18626,2.10644,288.86202,0.30005,50.00000,2.61981,1.00000,6.00000,0.10000,0.15000,0.54998
141.90000,12.73871,5.28226,2.10764,288.96718,0.30005,50.00000,2.61980,1.00000,6.00000,0.10000,0.15000,0.54998
141.95000,12.69453,5.37796,2.10882,289.07243,0.30002,50.00000,2.61996,1.00000,6.00000,0.10000,0.15000,0.54999
142.00000,12.64964,5.47340,2.10998,289.17777,0.30003,50.00000,2.61988,1.00000,6.00000,0.10000,0.15000,0.54998
142.05000,12.60409,5.56859,2.11111,289.28317,0.30004,50.00000,2.61985,1.00000,6.00000,0.10000,0.15000,0.54998
142.10000,12.55793,5.66355,2.11222,289.38867,0.30004,50.00000,2.61985,1.00000,6.00000,0.10000,0.15000,0.54998
142.15000,12.51120,5.75829,2.11329,289.49458,0.30001,50.00000,2.62003,1.00000,6.00000,0.10000,0.15000,0.54999
142.20000,12.46391,5.85281,2.11432,289.60098,0.30002,50.00000,2.61997,1.00000,6.00000,0.10000,0.15000,0.54999
142.25000,12.41606,5.94711,2.11531,289.70753,0.30002,50.00000,2.61995,1.00000,6.00000,0.10000,0.15000,0.54999
142.30000,12.36766,6.04117,2.11626,289.81386,0.30002,50.00000,2.61997,1.00000,6.00000,0.10000,0.15000,0.54999
142.35000,12.31868,6.13499,2.11716,289.91973,0.30002,50.00000,2.61999,1.00000,6.00000,0.10000,0.15000,0.54999
142.40000,12.26909,6.22854,2.11803,290.02542,0.29998,50.00000,2.62020,1.00000,6.00000,0.10000,0.15000,0.55001
142.45000,12.21887,6.32180,2.11885,290.13117,0.29999,50.00000,2.62016,1.00000,6.00000,0.10000,0.15000,0.55001
142.50000,12.16797,6.41474,2.11964,290.23696,0.29999,50.00000,2.62016,1.00000,6.00000,0.10000,0.15000,0.55001
142.55000,12.11636,6.50732,2.12038,290.34281,0.29998,50.00000,2.62019,1.00000,6.00000,0.10000,0.15000,0.55001
142.60000,12.06396,6.59951,2.12109,290.44874,0.29998,50.00000,2.62023,1.00000,6.00000,0.10000,0.15000,0.55001
142.65000,12.01073,6.69126,2.12176,290.55478,0.29994,50.00000,2.62045,1.00000,6.00000,0.10000,0.15000,0.55003
142.70000,11.95660,6.78252,2.12239,290.66094,0.29995,50.00000,2.62042,1.00000,6.00000,0.10000,0.15000,0.55003
142.75000,11.90151,6.87323,2.12299,290.76726,0.29994,50.00000,2.62043,1.00000,6.00000,0.10000,0.15000,0.55003
142.80000,11.84536,6.96333,2.12354,290.87377,0.29994,50.00000,2.62046,1.00000,6.00000,0.10000,0.15000,0.55003
142.85000,11.78810,7.05276,2.12406,290.98049,0.29993,50.00000,2.62050,1.00000,6.00000,0.10000,0.15000,0.55003
142.90000,11.72963,7.14143,2.12455,291.08746,0.29993,50.00000,2.62054,1.00000,6.00000,0.10000,0.15000,0.55004
142.95000,11.66988,7.22927,2.12500,291.19470,0.29992,50.00000,2.62058,1.00000,6.00000,0.10000,0.15000,0.55004
143.00000,11.60877,7.31620,2.12542,291.30224,0.29991,50.00000,2.62062,1.00000,6.00000,0.10000,0.15000,0.55004
143.05000,11.54622,7.40213,2.12581,291.41010,0.29991,50.00000,2.62066,1.00000,6.00000,0.10000,0.15000,0.55005
143.10000,11.48215,7.48694,2.12616,291.51829,0.29990,50.00000,2.62070,1.00000,6.00000,0.10000,0.15000,0.55005
143.15000,11.41649,7.57056,2.12650,291.62684,0.29990,50.00000,2.62073,1.00000,6.00000,0.10000,0.15000,0.55005
143.20000,11.34921,7.65290,2.12681,291.73575,0.29989,50.00000,2.62076,1.00000,6.00000,0.10000,0.15000,0.55005
143.25000,11.28024,7.73385,2.12706,291.84503,0.29989,50.00000,2.62079,1.00000,6.00000,0.10000,0.15000,0.55006
143.30000,11.20947,7.81324,2.12728,291.95464,0.29988,50.00000,2.62081,1.00000,6.00000,0.10000,0.15000,0.55006
143.35000,11.13681,7.89093,2.12748,292.06460,0.29988,50.00000,2.62084,1.00000,6.00000,0.10000,0.15000,0.55006
143.40000,11.06224,7.96679,2.12767,292.17487,0.29988,50.00000,2.62086,1.00000,6.00000,0.10000,0.15000,0.55006
143.45000,10.98570,8.04068,2.12783,292.28544,0.29987,50.00000,2.62089,1.00000,6.00000,0.10000,0.15000,0.55006
143.50000,10.90717,8.11246,2.12798,292.39628,0.29987,50.00000,2.62090,1.00000,6.00000,0.10000,0.15000,0.55007
143.55000,10.82662,8.18198,2.12812,292.50736,0.29987,50.00000,2.62092,1.00000,6.00000,0.10000,0.15000,0.55007
143.60000,10.74406,8.24911,2.12825,292.61864,0.29986,50.00000,2.62092,1.00000,6.00000,0.10000,0.15000,0.55007
143.65000,10.65952,8.31372,2.12839,292.73008,0.29986,50.00000,2.62093,1.00000,6.00000,0.10000,0.15000,0.55007
143.70000,10.57301,8.37571,2.12853,292.84164,0.29986,50.00000,2.62093,1.00000,6.00000,0.10000,0.15000,0.55007
143.75000,10.48459,8.43494,2.12867,292.95327,0.29986,50.00000,2.62093,1.00000,6.00000,0.10000,0.15000,0.55007
143.80000,10.39433,8.49134,2.12883,293.06491,0.29987,50.00000,2.62092,1.00000,6.00000,0.10000,0.15000,0.55007
143.85000,10.30229,8.54480,2.12900,293.17654,0.29987,50.00000,2.62091,1.00000,6.00000,0.10000,0.15000,0.55007
143.90000,10.20855,8.59525,2.12919,293.28810,0.29987,50.00000,2.62091,1.00000,6.00000,0.10000,0.15000,0.55007
143.95000,10.11321,8.64262,2.12940,293.39952,0.29987,50.00000,2.62089,1.00000,6.00000,0.10000,0.15000,0.55006
144.00000,10.01637,8.68686,2.12964,293.51075,0.29987,50.00000,2.62086,1.00000,6.00000,0.10000,0.15000,0.55006
144.05000,9.91812,8.72793,2.12990,293.62176,0.29988,50.00000,2.62084,1.00000,6.00000,0.10000,0.15000,0.55006
144.10000,9.81859,8.76581,2.13020,293.73248,0.29991,50.00000,2.62064,1.00000,6.00000,0.10000,0.15000,0.55004
144.15000,9.71787,8.80047,2.13052,293.84281,0.29990,50.00000,2.62068,1.00000,6.00000,0.10000,0.15000,0.55005
144.20000,9.61609,8.83192,2.13088,293.95266,0.29990,50.00000,2.62069,1.00000,6.00000,0.10000,0.15000,0.55005
144.25000,9.51335,8.86017,2.13126,294.06187,0.29991,50.00000,2.62067,1.00000,6.00000,0.10000,0.15000,0.55005
144.30000,9.40977,8.88523,2.13169,294.17054,0.29994,50.00000,2.62049,1.00000,6.00000,0.10000,0.15000,0.55003
144.35000,9.30546,8.90715,2.13216,294.27930,0.29993,50.00000,2.62054,1.00000,6.00000,0.10000,0.15000,0.55004
144.40000,9.20052,8.92596,2.13264,294.38861,0.29992,50.00000,2.62056,1.00000,6.00000,0.10000,0.15000,0.55004
144.45000,9.09504,8.94169,2.13314,294.49756,0.29993,50.00000,2.62055,1.00000,6.00000,0.10000,0.15000,0.55004
144.50000,8.98913,8.95438,2.13368,294.60628,0.29993,50.00000,2.62053,1.00000,6.00000,0.10000,0.15000,0.55004
144.55000,8.88288,8.96408,2.13425,294.71490,0.29996,50.00000,2.62035,1.00000,6.00000,0.10000,0.15000,0.55002
144.60000,8.77637,8.97085,2.13486,294.82325,0.29995,50.00000,2.62040,1.00000,6.00000,0.10000,0.15000,0.55002
144.65000,8.66969,8.97475,2.13550,294.93125,0.29995,50.00000,2.62040,1.00000,6.00000,0.10000,0.15000,0.55002
144.70000,8.56291,8.97585,2.13618,295.03893,0.29995,50.00000,2.62038,1.00000,6.00000,0.10000,0.15000,0.55002
144.75000,8.45609,8.97424,2.13691,295.14634,0.29998,50.00000,2.62019,1.00000,6.00000,0.10000,0.15000,0.55001
144.80000,8.34932,8.96999,2.13767,295.25353,0.29998,50.00000,2.62024,1.00000,6.00000,0.10000,0.15000,0.55001
144.85000,8.24263,8.96320,2.13848,295.36056,0.29998,50.00000,2.62024,1.00000,6.00000,0.10000,0.15000,0.55001
144.90000,8.13609,8.95398,2.13933,295.46746,0.29998,50.00000,2.62021,1.00000,6.00000,0.10000,0.15000,0.55001
144.95000,8.02973,8.94242,2.14022,295.57426,0.29999,50.00000,2.62017,1.00000,6.00000,0.10000,0.15000,0.55001
145.00000,7.92359,8.92864,2.14116,295.68099,0.30002,50.00000,2.61999,1.00000,6.00000,0.10000,0.15000,0.54999
145.05000,7.81769,8.91276,2.14214,295.78768,0.30001,50.00000,2.62004,1.00000,6.00000,0.10000,0.15000,0.55000
145.10000,7.71206,8.89489,2.14317,295.89436,0.30001,50.00000,2.62004,1.00000,6.00000,0.10000,0.15000,0.55000
145.15000,7.60671,8.87516,2.14423,296.00105,0.30001,50.00000,2.62002,1.00000,6.00000,0.10000,0.15000,0.54999
145.20000,7.50164,8.85368,2.14533,296.10779,0.30002,50.00000,2.61999,1.00000,6.00000,0.10000,0.15000,0.54999
145.25000,7.39686,8.83060,2.14648,296.21458,0.30002,50.00000,2.61995,1.00000,6.00000,0.10000,0.15000,0.54999
145.30000,7.29236,8.80602,2.14766,296.32146,0.30003,50.00000,2.61991,1.00000,6.00000,0.10000,0.15000,0.54999
145.35000,7.18813,8.78008,2.14887,296.42843,0.30004,50.00000,2.61987,1.00000,6.00000,0.10000,0.15000,0.54998
145.40000,7.08415,8.75291,2.15012,296.53551,0.30004,50.00000,2.61983,1.00000,6.00000,0.10000,0.15000,0.54998
145.45000,6.98039,8.72463,2.15143,296.64271,0.30005,50.00000,2.61980,1.00000,6.00000,0.10000,0.15000,0.54998
145.50000,6.87684,8.69539,2.15282,296.75004,0.30005,50.00000,2.61977,1.00000,6.00000,0.10000,0.15000,0.54997
145.55000,6.77344,8.66535,2.15428,296.85751,0.30006,50.00000,2.61974,1.00000,6.00000,0.10000,0.15000,0.54997
145.60000,6.67016,8.63463,2.15580,296.96512,0.30006,50.00000,2.61972,1.00000,6.00000,0.10000,0.15000,0.54997
145.65000,6.56695,8.60339,2.15737,297.07286,0.30006,50.00000,2.61970,1.00000,6.00000,0.10000,0.15000,0.54997
145.70000,6.46378,8.57176,2.15900,297.18074,0.30007,50.00000,2.61969,1.00000,6.00000,0.10000,0.15000,0.54997
145.75000,6.36061,8.53985,2.16066,297.28876,0.30007,50.00000,2.61968,1.00000,6.00000,0.10000,0.15000,0.54997
145.80000,6.25741,8.50777,2.16236,297.39690,0.30007,50.00000,2.61967,1.00000,6.00000,0.10000,0.15000,0.54997
145.85000,6.15413,8.47562,2.16410,297.50518,0.30007,50.00000,2.61966,1.00000,6.00000,0.10000,0.15000,0.54997
145.90000,6.05076,8.44350,2.16586,297.61358,0.30007,50.00000,2.61966,1.00000,6.00000,0.10000,0.15000,0.54997
145.95000,5.94727,8.41146,2.16765,297.72209,0.30007,50.00000,2.61966,1.00000,6.00000,0.10000,0.15000,0.54997
146.00000,5.84364,8.37957,2.16946,297.83072,0.30007,50.00000,2.61966,1.00000,6.00000,0.10000,0.15000,0.54997
146.05000,5.73985,8.34788,2.17128,297.93946,0.30007,50.00000,2.61967,1.00000,6.00000,0.10000,0.15000,0.54997
146.10000,5.63589,8.31644,2.17311,298.04830,0.30007,50.00000,2.61968,1.00000,6.00000,0.10000,0.15000,0.54997
146.15000,5.53175,8.28527,2.17495,298.15723,0.30007,50.00000,2.61969,1.00000,6.00000,0.10000,0.15000,0.54997
146.20000,5.42743,8.25439,2.17678,298.26624,0.30006,50.00000,2.61970,1.00000,6.00000,0.10000,0.15000,0.54997
146.25000,5.32293,8.22382,2.17862,298.37534,0.30006,50.00000,2.61972,1.00000,6.00000,0.10000,0.15000,0.54997
146.30000,5.21824,8.19355,2.18044,298.48450,0.30006,50.00000,2.61973,1.00000,6.00000,0.10000,0.15000,0.54997
146.35000,5.11337,8.16359,2.18225,298.59373,0.30006,50.00000,2.61975,1.00000,6.00000,0.10000,0.15000,0.54997
146.40000,5.00832,8.13392,2.18405,298.70307,0.30005,50.00000,2.61978,1.00000,6.00000,0.10000,0.15000,0.54997
146.45000,4.90311,8.10452,2.18582,298.81246,0.30005,50.00000,2.61980,1.00000,6.00000,0.10000,0.15000,0.54998
146.50000,4.79773,8.07538,2.18757,298.92186,0.30002,50.00000,2.61997,1.00000,6.00000,0.10000,0.15000,0.54999
146.55000,4.69220,8.04645,2.18928,299.03205,0.30003,50.00000,2.61991,1.00000,6.00000,0.10000,0.15000,0.54999
146.60000,4.58653,8.01771,2.19096,299.14337,0.30003,50.00000,2.61989,1.00000,6.00000,0.10000,0.15000,0.54998
146.65000,4.48074,7.98911,2.19260,299.25413,0.30003,50.00000,2.61990,1.00000,6.00000,0.10000,0.15000,0.54998
146.70000,4.37484,7.96061,2.19420,299.36394,0.30003,50.00000,2.61992,1.00000,6.00000,0.10000,0.15000,0.54999
146.75000,4.26884,7.93215,2.19575,299.47367,0.30000,50.00000,2.62010,1.00000,6.00000,0.10000,0.15000,0.55000
146.80000,4.16277,7.90369,2.19727,299.58345,0.30001,50.00000,2.62005,1.00000,6.00000,0.10000,0.15000,0.55000
146.85000,4.05663,7.87517,2.19875,299.69324,0.30001,50.00000,2.62005,1.00000,6.00000,0.10000,0.15000,0.55000
146.90000,3.95045,7.84654,2.20020,299.80307,0.30000,50.00000,2.62006,1.00000,6.00000,0.10000,0.15000,0.55000
146.95000,3.84424,7.81773,2.20160,299.91297,0.29997,50.00000,2.62025,1.00000,6.00000,0.10000,0.15000,0.55001
147.00000,3.73803,7.78869,2.20297,300.02294,0.29998,50.00000,2.62021,1.00000,6.00000,0.10000,0.15000,0.55001
147.05000,3.63182,7.75935,2.20430,300.13299,0.29998,50.00000,2.62020,1.00000,6.00000,0.10000,0.15000,0.55001
147.10000,3.52565,7.72965,2.20560,300.24313,0.29998,50.00000,2.62022,1.00000,6.00000,0.10000,0.15000,0.55001
147.15000,3.41954,7.69951,2.20686,300.35338,0.29997,50.00000,2.62025,1.00000,6.00000,0.10000,0.15000,0.55001
147.20000,3.31351,7.66886,2.20809,300.46374,0.29994,50.00000,2.62045,1.00000,6.00000,0.10000,0.15000,0.55003
147.25000,3.20758,7.63763,2.20929,300.57422,0.29995,50.00000,2.62041,1.00000,6.00000,0.10000,0.15000,0.55003
147.30000,3.10179,7.60572,2.21046,300.68483,0.29995,50.00000,2.62041,1.00000,6.00000,0.10000,0.15000,0.55003
147.35000,2.99617,7.57307,2.21160,300.79560,0.29995,50.00000,2.62043,1.00000,6.00000,0.10000,0.15000,0.55003
147.40000,2.89076,7.53959,2.21271,300.90652,0.29991,50.00000,2.62062,1.00000,6.00000,0.10000,0.15000,0.55004
147.45000,2.78558,7.50519,2.21379,301.01760,0.29992,50.00000,2.62058,1.00000,6.00000,0.10000,0.15000,0.55004
147.50000,2.68067,7.46978,2.21485,301.12886,0.29992,50.00000,2.62057,1.00000,6.00000,0.10000,0.15000,0.55004
147.55000,2.57609,7.43328,2.21588,301.24029,0.29992,50.00000,2.62058,1.00000,6.00000,0.10000,0.15000,0.55004
147.60000,2.47187,7.39561,2.21688,301.35192,0.29992,50.00000,2.62059,1.00000,6.00000,0.10000,0.15000,0.55004
147.65000,2.36806,7.35669,2.21786,301.46374,0.29991,50.00000,2.62062,1.00000,6.00000,0.10000,0.15000,0.55004
147.70000,2.26471,7.31642,2.21881,301.57576,0.29991,50.00000,2.62064,1.00000,6.00000,0.10000,0.15000,0.55004
147.75000,2.16187,7.27475,2.21974,301.68799,0.29991,50.00000,2.62066,1.00000,6.00000,0.10000,0.15000,0.55005
147.80000,2.05960,7.23159,2.22064,301.80041,0.29990,50.00000,2.62069,1.00000,6.00000,0.10000,0.15000,0.55005
147.85000,1.95795,7.18687,2.22151,301.91303,0.29990,50.00000,2.62071,1.00000,6.00000,0.10000,0.15000,0.55005
147.90000,1.85697,7.14055,2.22236,302.02585,0.29990,50.00000,2.62073,1.00000,6.00000,0.10000,0.15000,0.55005
147.95000,1.75673,7.09256,2.22319,302.13885,0.29989,50.00000,2.62075,1.00000,6.00000,0.10000,0.15000,0.55005
148.00000,1.65728,7.04285,2.22400,302.25202,0.29989,50.00000,2.62077,1.00000,6.00000,0.10000,0.15000,0.55005
148.05000,1.55869,6.99137,2.22478,302.36537,0.29989,50.00000,2.62078,1.00000,6.00000,0.10000,0.15000,0.55006
148.10000,1.46102,6.93810,2.22554,302.47886,0.29989,50.00000,2.62079,1.00000,6.00000,0.10000,0.15000,0.55006
148.15000,1.36432,6.88299,2.22629,302.59249,0.29988,50.00000,2.62080,1.00000,6.00000,0.10000,0.15000,0.55006
148.20000,1.26867,6.82602,2.22701,302.70624,0.29988,50.00000,2.62082,1.00000,6.00000,0.10000,0.15000,0.55006
148.25000,1.17413,6.76717,2.22771,302.82010,0.29988,50.00000,2.62082,1.00000,6.00000,0.10000,0.15000,0.55006
148.30000,1.08075,6.70642,2.22839,302.93403,0.29988,50.00000,2.62082,1.00000,6.00000,0.10000,0.15000,0.55006
148.35000,0.98860,6.64376,2.22906,303.04802,0.29988,50.00000,2.62082,1.00000,6.00000,0.10000,0.15000,0.55006
148.40000,0.89775,6.57918,2.22970,303.16204,0.29988,50.00000,2.62082,1.00000,6.00000,0.10000,0.15000,0.55006
148.45000,0.80825,6.51268,2.23033,303.27606,0.29988,50.00000,2.62081,1.00000,6.00000,0.10000,0.15000,0.55006
148.50000,0.72018,6.44425,2.23094,303.39008,0.29988,50.00000,2.62081,1.00000,6.00000,0.10000,0.15000,0.55006
148.55000,0.63360,6.37390,2.23154,303.50410,0.29988,50.00000,2.62081,1.00000,6.00000,0.10000,0.15000,0.55006
148.60000,0.54858,6.30163,2.23212,303.61811,0.29989,50.00000,2.62080,1.00000,6.00000,0.10000,0.15000,0.55006
148.65000,0.46518,6.22745,2.23268,303.73212,0.29989,50.00000,2.62079,1.00000,6.00000,0.10000,0.15000,0.55006
148.70000,0.38347,6.15137,2.23323,303.84615,0.29989,50.00000,2.62078,1.00000,6.00000,0.10000,0.15000,0.55006
148.75000,0.30352,6.07339,2.23377,303.96022,0.29989,50.00000,2.62077,1.00000,6.00000,0.10000,0.15000,0.55005
148.80000,0.22541,5.99355,2.23431,304.07435,0.29989,50.00000,2.62076,1.00000,6.00000,0.10000,0.15000,0.55005
148.85000,0.14921,5.91184,2.23483,304.18854,0.29989,50.00000,2.62076,1.00000,6.00000,0.10000,0.15000,0.55005
148.90000,0.07499,5.82830,2.23534,304.30280,0.29989,50.00000,2.62076,1.00000,6.00000,0.10000,0.15000,0.55005
148.95000,0.00283,5.74293,2.23585,304.41715,0.29989,50.00000,2.62075,1.00000,6.00000,0.10000,0.15000,0.55005
149.00000,-0.06721,5.65578,2.23636,304.53156,0.29989,50.00000,2.62075,1.00000,6.00000,0.10000,0.15000,0.55005
149.05000,-0.13503,5.56687,2.23687,304.64604,0.29989,50.00000,2.62075,1.00000,6.00000,0.10000,0.15000,0.55005
149.10000,-0.20058,5.47624,2.23738,304.76057,0.29989,50.00000,2.62074,1.00000,6.00000,0.10000,0.15000,0.55005
149.15000,-0.26378,5.38392,2.23789,304.87514,0.29990,50.00000,2.62074,1.00000,6.00000,0.10000,0.15000,0.55005
149.20000,-0.32458,5.28997,2.23841,304.98971,0.29990,50.00000,2.62073,1.00000,6.00000,0.10000,0.15000,0.55005
149.25000,-0.38292,5.19444,2.23895,305.10430,0.29990,50.00000,2.62073,1.00000,6.00000,0.10000,0.15000,0.55005
149.30000,-0.43873,5.09739,2.23949,305.21890,0.29990,50.00000,2.62072,1.00000,6.00000,0.10000,0.15000,0.55005
149.35000,-0.49199,4.99888,2.24005,305.33345,0.29990,50.00000,2.62071,1.00000,6.00000,0.10000,0.15000,0.55005
149.40000,-0.54266,4.89898,2.24062,305.44793,0.29990,50.00000,2.62070,1.00000,6.00000,0.10000,0.15000,0.55005
149.45000,-0.59069,4.79776,2.24121,305.56236,0.29990,50.00000,2.62069,1.00000,6.00000,0.10000,0.15000,0.55005
149.50000,-0.63609,4.69529,2.24181,305.67672,0.29991,50.00000,2.62068,1.00000,6.00000,0.10000,0.15000,0.55005
149.55000,-0.67882,4.59166,2.24244,305.79099,0.29991,50.00000,2.62066,1.00000,6.00000,0.10000,0.15000,0.55005
149.60000,-0.71889,4.48692,2.24308,305.90517,0.29991,50.00000,2.62065,1.00000,6.00000,0.10000,0.15000,0.55005
149.65000,-0.75629,4.38118,2.24374,306.01926,0.29991,50.00000,2.62063,1.00000,6.00000,0.10000,0.15000,0.55004
149.70000,-0.79104,4.27449,2.24442,306.13328,0.29992,50.00000,2.62062,1.00000,6.00000,0.10000,0.15000,0.55004
149.75000,-0.82314,4.16694,2.24511,306.24722,0.29992,50.00000,2.62060,1.00000,6.00000,0.10000,0.15000,0.55004
149.80000,-0.85260,4.05861,2.24583,306.36110,0.29992,50.00000,2.62058,1.00000,6.00000,0.10000,0.15000,0.55004
149.85000,-0.87946,3.94956,2.24656,306.47492,0.29992,50.00000,2.62056,1.00000,6.00000,0.10000,0.15000,0.55004
149.90000,-0.90372,3.83987,2.24731,306.58872,0.29993,50.00000,2.62054,1.00000,6.00000,0.10000,0.15000,0.55004
149.95000,-0.92542,3.72960,2.24808,306.70249,0.29996,50.00000,2.62036,1.00000,6.00000,0.10000,0.15000,0.55002
