t_s,x_m,y_m,v_mps,dist_m,q_c,q_l,q_v,r_d,r_a,r_dv,d_obs,k_v
0.00000,6.78843,2.95424,1.20031,0.05965,1.68209,74.92534,0.14552,1.95367,5.52290,0.14540,0.13829,0.48327
0.05000,6.80786,2.89738,1.20321,0.11973,1.83701,83.89646,0.13302,2.19682,5.35666,0.15367,0.14674,0.48455
0.10000,6.83089,2.84185,1.20331,0.17970,1.91541,89.23885,0.12520,2.35161,5.23237,0.16009,0.14852,0.48500
0.15000,6.85121,2.78524,1.20318,0.23943,1.95082,92.49368,0.11953,2.45373,5.16732,0.16577,0.14738,0.48501
0.20000,6.86958,2.72793,1.20397,0.29940,1.83540,95.75019,0.12156,2.53866,4.50994,0.17146,0.13927,0.48517
0.25000,6.88691,2.67026,1.20495,0.35937,1.87509,94.91725,0.10990,2.59246,4.63703,0.18187,0.14701,0.48903
0.30000,6.90335,2.61227,1.20596,0.41938,1.87488,95.76983,0.10783,2.62233,4.60553,0.18465,0.14449,0.48911
0.35000,6.91891,2.55399,1.20700,0.47943,1.87509,96.35643,0.10624,2.64251,4.58761,0.18689,0.14276,0.48907
0.40000,6.93361,2.49543,1.20806,0.53951,1.87595,96.76455,0.10493,2.65663,4.58617,0.18886,0.14164,0.48891
0.45000,6.94746,2.43661,1.20914,0.59963,1.87835,97.07903,0.10388,2.66649,4.58794,0.19047,0.14095,0.48872
0.50000,6.96047,2.37754,1.21023,0.65979,1.88164,97.32797,0.10294,2.67380,4.59862,0.19196,0.14058,0.48846
0.55000,6.97265,2.31824,1.21133,0.72000,1.88605,97.55013,0.10212,2.67927,4.61072,0.19325,0.14039,0.48819
0.60000,6.98404,2.25872,1.21247,0.78026,1.89131,97.76132,0.10136,2.68356,4.62429,0.19443,0.14034,0.48790
0.65000,6.99465,2.19900,1.21377,0.84057,1.79936,96.83572,0.09865,2.70450,4.27667,0.20313,0.14547,0.49136
0.70000,7.00452,2.13909,1.21514,0.90095,1.80290,96.95444,0.09799,2.70712,4.28500,0.20405,0.14462,0.49135
0.75000,7.01365,2.07899,1.21659,0.96141,1.80768,97.11830,0.09734,2.70948,4.29531,0.20494,0.14409,0.49124
0.80000,7.02207,2.01870,1.21810,1.02195,1.81292,97.30551,0.09666,2.71186,4.31197,0.20591,0.14376,0.49103
0.85000,7.02981,1.95825,1.21967,1.08258,1.81907,97.52693,0.09603,2.71401,4.32559,0.20678,0.14353,0.49080
0.90000,7.03689,1.89764,1.22130,1.14330,1.82540,97.76317,0.09537,2.71622,4.34274,0.20769,0.14337,0.49052
0.95000,7.04336,1.83688,1.22297,1.20411,1.83221,98.02206,0.09474,2.71831,4.35753,0.20853,0.14323,0.49025
1.00000,7.04924,1.77597,1.22469,1.26503,1.83927,98.29743,0.09413,2.72035,4.37165,0.20933,0.14310,0.48998
1.05000,7.05457,1.71493,1.22644,1.32605,1.84620,98.57966,0.09350,2.72247,4.38872,0.21018,0.14297,0.48968
1.10000,7.05938,1.65375,1.22818,1.38715,1.88964,96.64507,0.08866,2.72915,4.57186,0.21676,0.15414,0.49303
1.15000,7.06373,1.59245,1.22995,1.44838,1.89556,96.83942,0.08820,2.73047,4.58857,0.21744,0.15391,0.49285
1.20000,7.06764,1.53103,1.23173,1.50971,1.90209,97.08703,0.08775,2.73192,4.60308,0.21810,0.15374,0.49264
1.25000,7.07116,1.46950,1.23353,1.57116,1.90896,97.37077,0.08729,2.73348,4.61659,0.21875,0.15358,0.49242
1.30000,7.07434,1.40786,1.23533,1.63272,1.91585,97.67622,0.08683,2.73514,4.63127,0.21941,0.15342,0.49218
1.35000,7.07721,1.34612,1.23714,1.69439,1.92292,98.00294,0.08638,2.73678,4.64354,0.22003,0.15325,0.49196
1.40000,7.07983,1.28427,1.23895,1.75619,1.92993,98.34105,0.08594,2.73845,4.65603,0.22065,0.15305,0.49173
1.45000,7.08223,1.22233,1.24075,1.81811,1.93693,98.69003,0.08551,2.74008,4.66701,0.22124,0.15284,0.49151
1.50000,7.08446,1.16028,1.24250,1.88010,1.97888,96.79672,0.08211,2.74592,4.86255,0.22715,0.16463,0.49489
1.55000,7.08655,1.09815,1.24423,1.94218,1.98433,97.02874,0.08182,2.74670,4.87393,0.22759,0.16426,0.49479
1.60000,7.08856,1.03593,1.24595,2.00434,1.99011,97.30620,0.08152,2.74766,4.88420,0.22804,0.16394,0.49467
1.65000,7.09053,0.97362,1.24764,2.06668,1.99601,97.61260,0.08122,2.74875,4.89397,0.22848,0.16365,0.49452
1.70000,7.09250,0.91123,1.24930,2.12937,2.00195,97.93850,0.08093,2.74991,4.90268,0.22891,0.16336,0.49438
1.75000,7.09451,0.84875,1.25094,2.19241,2.00785,98.27576,0.08064,2.75110,4.91101,0.22934,0.16307,0.49423
1.80000,7.09660,0.78620,1.25254,2.25566,2.01370,98.62031,0.08036,2.75228,4.91810,0.22974,0.16278,0.49409
1.85000,7.09882,0.72358,1.25411,2.31885,2.01939,98.96529,0.08009,2.75345,4.92494,0.23012,0.16248,0.49395
1.90000,7.10121,0.66088,1.25560,2.38194,2.05852,97.04698,0.07771,2.75852,5.13100,0.23542,0.17482,0.49731
1.95000,7.10380,0.59812,1.25706,2.44494,2.06251,97.24376,0.07755,2.75872,5.13665,0.23566,0.17435,0.49730
2.00000,7.10664,0.53529,1.25849,2.50797,2.06663,97.47489,0.07738,2.75916,5.14310,0.23592,0.17396,0.49725
2.05000,7.10976,0.47241,1.25988,2.57106,2.07076,97.72726,0.07721,2.75976,5.14975,0.23619,0.17361,0.49718
2.10000,7.11321,0.40948,1.26125,2.63423,2.07502,97.99688,0.07705,2.76038,5.15287,0.23642,0.17327,0.49711
2.15000,7.11704,0.34650,1.26258,2.69747,2.07902,98.26715,0.07689,2.76112,5.15820,0.23667,0.17293,0.49702
2.20000,7.12126,0.28348,1.26388,2.76079,2.08297,98.54055,0.07674,2.76184,5.16099,0.23687,0.17257,0.49695
2.25000,7.12594,0.22042,1.26516,2.82418,2.08662,98.80694,0.07659,2.76261,5.16517,0.23708,0.17220,0.49687
2.30000,7.13110,0.15734,1.26640,2.88764,2.09000,99.06443,0.07644,2.76340,5.17008,0.23728,0.17181,0.49679
2.35000,7.13678,0.09425,1.26763,2.95118,2.09336,99.31836,0.07631,2.76411,5.17134,0.23742,0.17140,0.49673
2.40000,7.14302,0.03115,1.26882,3.01479,2.09635,99.55711,0.07618,2.76487,5.17529,0.23758,0.17098,0.49666
2.45000,7.14985,-0.03196,1.26999,3.07846,2.09905,99.78227,0.07605,2.76564,5.18028,0.23774,0.17055,0.49659
2.50000,7.15732,-0.09504,1.27113,3.14220,2.10182,100.00343,0.07594,2.76628,5.18013,0.23783,0.17011,0.49655
2.55000,7.16545,-0.15811,1.27226,3.20600,2.10416,100.20610,0.07582,2.76698,5.18406,0.23795,0.16967,0.49649
2.60000,7.17428,-0.22113,1.27335,3.26986,2.10622,100.39476,0.07571,2.76768,5.18920,0.23807,0.16923,0.49642
2.65000,7.18385,-0.28410,1.27443,3.33378,2.10844,100.58298,0.07562,2.76822,5.18751,0.23810,0.16876,0.49640
2.70000,7.19417,-0.34701,1.27549,3.39775,2.11014,100.75197,0.07552,2.76885,5.19146,0.23818,0.16830,0.49635
2.75000,7.20530,-0.40983,1.27652,3.46178,2.11188,100.91795,0.07544,2.76938,5.19096,0.23820,0.16781,0.49632
2.80000,7.21725,-0.47255,1.27754,3.52585,2.11323,101.06957,0.07535,2.76995,5.19370,0.23823,0.16731,0.49628
2.85000,7.23005,-0.53516,1.27854,3.58998,2.11428,101.20973,0.07526,2.77053,5.19789,0.23827,0.16679,0.49624
2.90000,7.24374,-0.59763,1.27952,3.65416,2.11546,101.35034,0.07519,2.77098,5.19630,0.23823,0.16624,0.49623
2.95000,7.25833,-0.65994,1.28049,3.71838,2.11621,101.47569,0.07511,2.77152,5.19931,0.23822,0.16568,0.49620
3.00000,7.27386,-0.72208,1.28143,3.78264,2.11670,101.59056,0.07503,2.77207,5.20393,0.23823,0.16511,0.49617
3.05000,7.29034,-0.78402,1.28237,3.84694,2.11744,101.70963,0.07497,2.77245,5.20133,0.23814,0.16451,0.49617
3.10000,7.30780,-0.84574,1.28328,3.91129,2.11773,101.81382,0.07490,2.77295,5.20466,0.23810,0.16392,0.49614
3.15000,7.32626,-0.90721,1.28419,3.97567,2.11779,101.91018,0.07483,2.77347,5.20964,0.23808,0.16333,0.49612
3.20000,7.34574,-0.96842,1.28508,4.04008,2.11823,102.01635,0.07477,2.77379,5.20583,0.23795,0.16270,0.49613
3.25000,7.36626,-1.02933,1.28595,4.10454,2.11818,102.10877,0.07471,2.77425,5.20918,0.23790,0.16209,0.49611
3.30000,7.38783,-1.08992,1.28682,4.16902,2.11829,102.20665,0.07465,2.77458,5.20728,0.23778,0.16146,0.49612
3.35000,7.41047,-1.15017,1.28767,4.23354,2.11812,102.29694,0.07459,2.77497,5.20880,0.23769,0.16083,0.49612
3.40000,7.43418,-1.21005,1.28851,4.29809,2.11772,102.38188,0.07453,2.77537,5.21188,0.23761,0.16020,0.49612
3.45000,7.45899,-1.26953,1.28934,4.36267,2.11756,102.47389,0.07448,2.77562,5.20851,0.23745,0.15955,0.49614
3.50000,7.48490,-1.32858,1.29016,4.42727,2.11703,102.55576,0.07443,2.77595,5.20977,0.23734,0.15891,0.49615
3.55000,7.51192,-1.38718,1.29097,4.49191,2.11627,102.63130,0.07438,2.77630,5.21276,0.23724,0.15827,0.49616
3.60000,7.54006,-1.44529,1.29178,4.55657,2.11582,102.71511,0.07434,2.77648,5.20820,0.23705,0.15760,0.49620
3.65000,7.56933,-1.50289,1.29257,4.62125,2.11496,102.78701,0.07429,2.77676,5.20954,0.23691,0.15695,0.49621
3.70000,7.59972,-1.55995,1.29336,4.68597,2.11390,102.85305,0.07424,2.77708,5.21275,0.23680,0.15630,0.49622
3.75000,7.63124,-1.61644,1.29414,4.75071,2.11324,102.93029,0.07420,2.77720,5.20727,0.23658,0.15563,0.49627
3.80000,7.66389,-1.67233,1.29492,4.81547,2.11213,102.99558,0.07415,2.77745,5.20880,0.23643,0.15497,0.49629
3.85000,7.69767,-1.72759,1.29569,4.88027,2.11082,103.05638,0.07411,2.77773,5.21221,0.23631,0.15432,0.49631
3.90000,7.73257,-1.78218,1.29646,4.94508,2.10998,103.13133,0.07408,2.77780,5.20564,0.23606,0.15365,0.49637
3.95000,7.76860,-1.83609,1.29722,5.00993,2.10861,103.19260,0.07403,2.77801,5.20717,0.23591,0.15299,0.49640
4.00000,7.80575,-1.88928,1.29798,5.07480,2.10701,103.24829,0.07399,2.77824,5.21058,0.23577,0.15233,0.49643
4.05000,7.84402,-1.94172,1.29873,5.13969,2.10591,103.31798,0.07396,2.77823,5.20280,0.23548,0.15164,0.49650
4.10000,7.88339,-1.99339,1.29948,5.20461,2.10418,103.36977,0.07393,2.77840,5.20433,0.23530,0.15098,0.49654
4.15000,7.92385,-2.04425,1.30024,5.26955,2.10267,103.42673,0.07390,2.77842,5.19941,0.23504,0.15029,0.49661
4.20000,7.96539,-2.09427,1.30099,5.33452,2.10077,103.47182,0.07387,2.77853,5.19910,0.23482,0.14960,0.49666
4.25000,8.00801,-2.14344,1.30174,5.39951,2.09861,103.50862,0.07383,2.77866,5.20079,0.23461,0.14891,0.49670
4.30000,8.05169,-2.19172,1.30249,5.46451,2.09674,103.55191,0.07381,2.77863,5.19514,0.23431,0.14820,0.49678
4.35000,8.09641,-2.23909,1.30324,5.52953,2.09445,103.58280,0.07378,2.77871,5.19511,0.23406,0.14749,0.49683
4.40000,8.14215,-2.28552,1.30399,5.59458,2.09192,103.60673,0.07375,2.77883,5.19716,0.23383,0.14677,0.49688
4.45000,8.18891,-2.33099,1.30475,5.65967,2.08974,103.64001,0.07373,2.77877,5.19109,0.23349,0.14603,0.49697
4.50000,8.23665,-2.37547,1.30550,5.72479,2.08708,103.66073,0.07371,2.77885,5.19160,0.23322,0.14528,0.49703
4.55000,8.28537,-2.41894,1.30626,5.78994,2.08417,103.67475,0.07368,2.77896,5.19427,0.23297,0.14453,0.49708
4.60000,8.33504,-2.46138,1.30703,5.85510,2.08162,103.69901,0.07366,2.77889,5.18800,0.23259,0.14373,0.49717
4.65000,8.38563,-2.50278,1.30780,5.92029,2.07851,103.70805,0.07363,2.77897,5.18921,0.23229,0.14293,0.49723
4.70000,8.43713,-2.54310,1.30857,5.98550,2.07511,103.70875,0.07360,2.77909,5.19257,0.23200,0.14212,0.49729
4.75000,8.48951,-2.58233,1.30935,6.05074,2.07209,103.71924,0.07359,2.77901,5.18616,0.23158,0.14127,0.49739
4.80000,8.54275,-2.62047,1.31013,6.11601,2.06847,103.71228,0.07356,2.77909,5.18802,0.23124,0.14041,0.49745
4.85000,8.59682,-2.65748,1.31092,6.18131,2.06455,103.69667,0.07353,2.77922,5.19196,0.23092,0.13955,0.49751
4.90000,8.65170,-2.69336,1.31172,6.24663,2.06108,103.69229,0.07352,2.77913,5.18553,0.23044,0.13864,0.49761
4.95000,8.70735,-2.72809,1.31252,6.31199,2.05698,103.67072,0.07349,2.77922,5.18802,0.23007,0.13774,0.49768
5.00000,8.76376,-2.76167,1.31333,6.37737,2.05262,103.64203,0.07346,2.77935,5.19256,0.22971,0.13683,0.49774
5.05000,8.82089,-2.79408,1.31415,6.44278,2.04875,103.62686,0.07345,2.77926,5.18633,0.22920,0.13588,0.49785
5.10000,8.87872,-2.82531,1.31497,6.50823,2.04422,103.59536,0.07342,2.77936,5.18952,0.22879,0.13494,0.49792
5.15000,8.93723,-2.85536,1.31581,6.57370,2.03945,103.55841,0.07339,2.77950,5.19467,0.22840,0.13398,0.49798
5.20000,8.99637,-2.88423,1.31665,6.63921,2.03519,103.53701,0.07338,2.77941,5.18870,0.22785,0.13299,0.49809
5.25000,9.05612,-2.91190,1.31750,6.70476,2.03027,103.49992,0.07335,2.77951,5.19245,0.22742,0.13201,0.49816
5.30000,9.11647,-2.93838,1.31837,6.77034,2.02558,103.47095,0.07333,2.77948,5.18998,0.22689,0.13101,0.49826
5.35000,9.17737,-2.96366,1.31924,6.83596,2.02052,103.43356,0.07331,2.77954,5.19223,0.22642,0.13002,0.49834
5.40000,9.23880,-2.98774,1.32012,6.90161,2.01523,103.39168,0.07328,2.77963,5.19625,0.22595,0.12903,0.49842
5.45000,9.30073,-3.01064,1.32101,6.96731,2.01023,103.35841,0.07326,2.77957,5.19362,0.22540,0.12802,0.49852
5.50000,9.36314,-3.03233,1.32191,7.03305,2.00487,103.31639,0.07324,2.77960,5.19598,0.22490,0.12704,0.49861
5.55000,9.42599,-3.05285,1.32282,7.09883,1.99933,103.27064,0.07321,2.77965,5.19994,0.22442,0.12607,0.49869
5.60000,9.48927,-3.07217,1.32375,7.16465,1.99412,103.23480,0.07320,2.77955,5.19699,0.22384,0.12509,0.49880
5.65000,9.55294,-3.09033,1.32470,7.23052,1.95414,105.34450,0.07442,2.77615,4.99589,0.21784,0.11549,0.49547
5.70000,9.61699,-3.10731,1.32567,7.29644,1.94994,105.44841,0.07436,2.77708,4.99821,0.21743,0.11476,0.49546
5.75000,9.68138,-3.12313,1.32665,7.36241,1.94560,105.51685,0.07432,2.77757,4.99388,0.21688,0.11397,0.49553
5.80000,9.74609,-3.13780,1.32764,7.42842,1.94059,105.54721,0.07428,2.77796,4.99459,0.21637,0.11316,0.49561
5.85000,9.81111,-3.15132,1.32864,7.49448,1.93524,105.55481,0.07425,2.77821,4.99654,0.21587,0.11236,0.49569
5.90000,9.87640,-3.16372,1.32965,7.56060,1.93015,105.55886,0.07423,2.77820,4.99168,0.21526,0.11156,0.49582
5.95000,9.94194,-3.17499,1.33067,7.62676,1.92463,105.54516,0.07421,2.77820,4.99175,0.21473,0.11080,0.49593
6.00000,10.00772,-3.18515,1.33171,7.69298,1.91895,105.52190,0.07419,2.77814,4.99284,0.21420,0.11006,0.49604
6.05000,10.07371,-3.19421,1.33278,7.75927,1.87813,107.58478,0.07563,2.77437,4.79476,0.20769,0.10217,0.49266
6.10000,10.13990,-3.20219,1.33387,7.82560,1.87391,107.68607,0.07559,2.77500,4.79296,0.20722,0.10164,0.49270
6.15000,10.20626,-3.20911,1.33497,7.89199,1.86908,107.73766,0.07556,2.77534,4.79206,0.20673,0.10109,0.49278
6.20000,10.27278,-3.21496,1.33608,7.95844,1.86434,107.76730,0.07555,2.77531,4.78490,0.20612,0.10053,0.49291
6.25000,10.33944,-3.21978,1.33721,8.02495,1.85912,107.76834,0.07555,2.77521,4.78222,0.20558,0.10001,0.49304
6.30000,10.40622,-3.22357,1.33835,8.09152,1.85371,107.75285,0.07555,2.77501,4.78025,0.20506,0.09951,0.49317
6.35000,10.47310,-3.22635,1.33950,8.15815,1.84869,107.73617,0.07557,2.77456,4.77211,0.20443,0.09904,0.49334
6.40000,10.54008,-3.22813,1.34070,8.22486,1.80699,109.70745,0.07731,2.77042,4.58746,0.19766,0.09258,0.48989
6.45000,10.60714,-3.22894,1.34191,8.29162,1.80297,109.78006,0.07731,2.77065,4.58329,0.19721,0.09229,0.48996
6.50000,10.67427,-3.22879,1.34313,8.35845,1.79896,109.81464,0.07734,2.77043,4.57342,0.19664,0.09200,0.49010
6.55000,10.74145,-3.22770,1.34437,8.42534,1.79449,109.81059,0.07739,2.77007,4.56718,0.19614,0.09174,0.49024
6.60000,10.80867,-3.22567,1.34563,8.49230,1.78991,109.78207,0.07744,2.76955,4.56132,0.19567,0.09153,0.49040
6.65000,10.87658,-3.22344,1.37360,8.55636,1.78577,109.74447,0.07753,2.76877,4.55010,0.19510,0.09135,0.49058
6.70000,10.94527,-3.22533,1.37548,8.62716,1.78341,109.64831,0.07763,2.76797,4.54199,0.19458,0.09125,0.49079
6.75000,11.01396,-3.22612,1.37188,8.69491,1.78097,109.61582,0.07780,2.76639,4.50938,0.19364,0.09115,0.49111
6.80000,11.08255,-3.22726,1.37213,8.76374,1.74194,111.52264,0.08019,2.76062,4.30912,0.18615,0.08594,0.48777
6.85000,11.15108,-3.22433,1.37238,8.83194,1.74188,111.58490,0.08042,2.75932,4.27282,0.18523,0.08601,0.48804
6.90000,11.21956,-3.21969,1.37333,8.89656,1.74071,111.58238,0.08064,2.75810,4.24929,0.18461,0.08613,0.48826
6.95000,11.28799,-3.21362,1.37482,8.96706,1.73982,111.55372,0.08088,2.75670,4.22601,0.18402,0.08631,0.48849
7.00000,11.35637,-3.20617,1.37649,9.03598,1.73859,111.48588,0.08114,2.75515,4.20595,0.18355,0.08657,0.48872
7.05000,11.42468,-3.19744,1.37824,9.10449,1.73754,111.39759,0.08143,2.75353,4.18827,0.18318,0.08691,0.48893
7.10000,11.49292,-3.18751,1.38006,9.17295,1.73700,111.29748,0.08175,2.75174,4.16913,0.18285,0.08733,0.48915
7.15000,11.56107,-3.17643,1.38198,9.24148,1.69914,113.03595,0.08509,2.74543,4.00770,0.17592,0.08302,0.48565
7.20000,11.62915,-3.16429,1.38396,9.31011,1.70020,112.98277,0.08549,2.74400,3.99307,0.17589,0.08357,0.48578
7.25000,11.69714,-3.15114,1.38599,9.37885,1.70130,112.88822,0.08595,2.74228,3.97904,0.17593,0.08420,0.48592
7.30000,11.76504,-3.13705,1.38806,9.44771,1.70308,112.77302,0.08648,2.74020,3.96181,0.17598,0.08493,0.48610
7.35000,11.83286,-3.12209,1.39018,9.51670,1.70512,112.63317,0.08705,2.73802,3.94733,0.17619,0.08579,0.48626
7.40000,11.90061,-3.10631,1.39234,9.58582,1.70777,112.47783,0.08768,2.73565,3.93298,0.17651,0.08678,0.48641
7.45000,11.96829,-3.08978,1.39453,9.65508,1.71141,112.31559,0.08838,2.73300,3.91572,0.17686,0.08792,0.48658
7.50000,12.03592,-3.07255,1.39674,9.72447,1.71564,112.13812,0.08914,2.73025,3.90018,0.17737,0.08922,0.48673
7.55000,12.10349,-3.05469,1.39897,9.79401,1.72066,111.94975,0.08997,2.72733,3.88444,0.17799,0.09070,0.48687
7.60000,12.17102,-3.03624,1.40122,9.86368,1.72671,111.75571,0.09090,2.72417,3.86635,0.17866,0.09237,0.48701
7.65000,12.23852,-3.01726,1.40349,9.93350,1.73350,111.54981,0.09189,2.72091,3.84930,0.17947,0.09423,0.48713
7.70000,12.30600,-2.99779,1.40575,10.00345,1.74109,111.33562,0.09297,2.71752,3.83207,0.18037,0.09630,0.48724
7.75000,12.37347,-2.97790,1.40802,10.07355,1.74956,111.11721,0.09414,2.71395,3.81330,0.18132,0.09858,0.48735
7.80000,12.44094,-2.95761,1.41029,10.14378,1.75865,110.89003,0.09539,2.71033,3.79534,0.18237,0.10106,0.48743
7.85000,12.50842,-2.93697,1.41254,10.21417,1.76830,110.65532,0.09671,2.70664,3.77761,0.18349,0.10374,0.48751
7.90000,12.57593,-2.91602,1.41477,10.28474,1.77839,110.41267,0.09811,2.70294,3.76030,0.18466,0.10661,0.48757
7.95000,12.64347,-2.89480,1.41699,10.35556,1.78888,110.16432,0.09958,2.69923,3.74242,0.18583,0.10963,0.48761
8.00000,12.71105,-2.87334,1.41917,10.42671,1.79938,109.90442,0.10109,2.69565,3.72657,0.18704,0.11277,0.48763
8.05000,12.77868,-2.85168,1.42131,10.49814,1.80982,109.63442,0.10262,2.69224,3.71210,0.18826,0.11598,0.48763
8.10000,12.84636,-2.82984,1.42342,10.56960,1.82008,109.35626,0.10416,2.68903,3.69857,0.18945,0.11922,0.48760
8.15000,12.91410,-2.80785,1.42548,10.64091,1.82984,109.06773,0.10566,2.68615,3.68768,0.19062,0.12241,0.48755
8.20000,12.98191,-2.78573,1.42731,10.71214,1.97095,107.81820,0.10264,2.67140,4.10347,0.19054,0.13064,0.48732
8.25000,13.04977,-2.76351,1.42907,10.78345,1.98078,107.51599,0.10389,2.66909,4.10231,0.19167,0.13449,0.48698
8.30000,13.11770,-2.74121,1.43079,10.85489,1.98943,107.20171,0.10502,2.66734,4.10285,0.19274,0.13790,0.48667
8.35000,13.18570,-2.71887,1.43246,10.92645,1.99705,106.87799,0.10602,2.66616,4.10555,0.19375,0.14089,0.48638
8.40000,13.25378,-2.69649,1.43408,10.99810,2.00377,106.54598,0.10688,2.66555,4.11088,0.19470,0.14351,0.48607
8.45000,13.32194,-2.67410,1.43565,11.06982,2.00972,106.20637,0.10760,2.66550,4.11903,0.19561,0.14575,0.48575
8.50000,13.39019,-2.65172,1.43716,11.14161,2.01495,105.85858,0.10817,2.66601,4.13061,0.19648,0.14766,0.48540
8.55000,13.45852,-2.62937,1.43847,11.21349,2.14140,104.50174,0.10397,2.65418,4.66980,0.19614,0.15549,0.48485
8.60000,13.52692,-2.60704,1.43971,11.28544,2.14665,104.13583,0.10427,2.65558,4.69976,0.19703,0.15774,0.48419
8.65000,13.59541,-2.58478,1.44090,11.35745,2.15115,103.76535,0.10440,2.65757,4.73169,0.19790,0.15940,0.48356
8.70000,13.66397,-2.56257,1.44203,11.42951,2.15517,103.39654,0.10439,2.66010,4.76586,0.19876,0.16061,0.48294
8.75000,13.73262,-2.54044,1.44310,11.50164,2.15890,103.03502,0.10424,2.66310,4.80263,0.19962,0.16145,0.48232
8.80000,13.80135,-2.51839,1.44413,11.57381,2.16245,102.68619,0.10396,2.66652,4.84253,0.20049,0.16199,0.48168
8.85000,13.87017,-2.49643,1.44509,11.64604,2.16598,102.35622,0.10356,2.67027,4.88478,0.20138,0.16228,0.48102
8.90000,13.93905,-2.47456,1.44590,11.71831,2.27963,101.00122,0.09906,2.66159,5.59960,0.20112,0.16906,0.48018
8.95000,14.00801,-2.45278,1.44665,11.79062,2.28406,100.71681,0.09859,2.66568,5.66353,0.20210,0.16988,0.47923
9.00000,14.07703,-2.43110,1.44735,11.86296,2.28829,100.47408,0.09801,2.67003,5.72683,0.20309,0.17023,0.47836
9.05000,14.14612,-2.40950,1.44800,11.93533,2.29258,100.28844,0.09736,2.67450,5.78807,0.20407,0.17023,0.47754
9.10000,14.21526,-2.38798,1.44860,12.00772,2.29698,100.17001,0.09663,2.67900,5.84770,0.20505,0.16997,0.47677
9.15000,14.28446,-2.36653,1.44916,12.08015,2.30155,100.12718,0.09583,2.68350,5.90606,0.20604,0.16951,0.47603
9.20000,14.35370,-2.34513,1.44967,12.15260,2.30637,100.16988,0.09499,2.68788,5.96155,0.20702,0.16889,0.47534
9.25000,14.42298,-2.32378,1.45011,12.22507,2.40789,99.22462,0.09107,2.67998,6.37740,0.20685,0.17494,0.47451
9.30000,14.49228,-2.30245,1.45050,12.29756,2.41339,99.43221,0.09031,2.68390,6.40616,0.20786,0.17490,0.47365
9.35000,14.56161,-2.28112,1.45086,12.37006,2.41884,99.73393,0.08950,2.68771,6.43162,0.20884,0.17445,0.47292
9.40000,14.63095,-2.25976,1.45118,12.44258,2.42438,100.13342,0.08867,2.69137,6.45396,0.20980,0.17371,0.47230
9.45000,14.70028,-2.23834,1.45145,12.51511,2.43001,100.62311,0.08782,2.69487,6.47382,0.21073,0.17278,0.47175
9.50000,14.76959,-2.21681,1.45169,12.58766,2.43574,101.19321,0.08696,2.69819,6.49161,0.21164,0.17172,0.47128
9.55000,14.83887,-2.19515,1.45187,12.66022,2.52339,100.75870,0.08396,2.68944,6.89080,0.21140,0.17731,0.47071
9.60000,14.90811,-2.17332,1.45202,12.73279,2.52893,101.43087,0.08326,2.69216,6.90956,0.21231,0.17681,0.47009
9.65000,14.97728,-2.15126,1.45213,12.80538,2.53423,102.14651,0.08257,2.69481,6.92539,0.21318,0.17598,0.46961
9.70000,15.04636,-2.12890,1.45219,12.87799,2.53939,102.89388,0.08190,2.69732,6.93821,0.21400,0.17494,0.46922
9.75000,15.11533,-2.10620,1.45222,12.95062,2.54431,103.65276,0.08126,2.69973,6.94979,0.21478,0.17381,0.46890
9.80000,15.18416,-2.08308,1.45220,13.02327,2.54897,104.40620,0.08065,2.70200,6.96029,0.21554,0.17264,0.46864
9.85000,15.25282,-2.05946,1.45214,13.09596,2.55332,105.13747,0.08010,2.70415,6.97021,0.21626,0.17149,0.46841
9.90000,15.32128,-2.03528,1.45203,13.16867,2.55745,105.83854,0.07959,2.70605,6.97734,0.21688,0.17036,0.46823
9.95000,15.38950,-2.01045,1.45188,13.24142,2.56112,106.48851,0.07914,2.70787,6.98544,0.21750,0.16930,0.46806
10.00000,15.45744,-1.98489,1.45168,13.31422,2.56435,107.08191,0.07872,2.70955,6.99358,0.21807,0.16830,0.46791
10.05000,15.52505,-1.95850,1.45144,13.38707,2.56728,107.62113,0.07837,2.71099,6.99919,0.21853,0.16737,0.46780
10.10000,15.59228,-1.93119,1.45114,13.45997,2.56972,108.09621,0.07805,2.71236,7.00596,0.21897,0.16652,0.46769
10.15000,15.65907,-1.90287,1.45078,13.53293,2.57172,108.51070,0.07778,2.71362,7.01303,0.21937,0.16573,0.46759
10.20000,15.72535,-1.87341,1.45037,13.60595,2.57328,108.86654,0.07753,2.71481,7.02064,0.21973,0.16499,0.46749
10.25000,15.79105,-1.84273,1.44991,13.67905,2.57470,109.17955,0.07733,2.71571,7.02387,0.21994,0.16427,0.46743
10.30000,15.85607,-1.81072,1.44938,13.75222,2.57559,109.43700,0.07715,2.71667,7.03000,0.22017,0.16359,0.46737
10.35000,15.92033,-1.77725,1.44879,13.82547,2.57609,109.64855,0.07698,2.71760,7.03679,0.22037,0.16291,0.46730
10.40000,15.98372,-1.74223,1.44813,13.89879,2.57620,109.81927,0.07684,2.71853,7.04449,0.22053,0.16223,0.46723
10.45000,16.04612,-1.70553,1.44741,13.97219,2.57639,109.97462,0.07672,2.71912,7.04502,0.22047,0.16147,0.46723
10.50000,16.10739,-1.66706,1.44662,14.04566,2.57601,110.09068,0.07660,2.71993,7.05081,0.22049,0.16069,0.46720
10.55000,16.16739,-1.62670,1.44575,14.11920,2.57526,110.18213,0.07649,2.72079,7.05763,0.22048,0.15984,0.46716
10.60000,16.22595,-1.58436,1.44480,14.19279,2.57415,110.25292,0.07637,2.72174,7.06577,0.22044,0.15888,0.46712
10.65000,16.28288,-1.53994,1.44378,14.26643,2.57335,110.33585,0.07628,2.72227,7.06330,0.22008,0.15776,0.46719
10.70000,16.33800,-1.49337,1.44268,14.34010,2.57179,110.38966,0.07617,2.72322,7.06918,0.21987,0.15654,0.46719
10.75000,16.39108,-1.44457,1.44150,14.41377,2.56983,110.43255,0.07604,2.72430,7.07658,0.21961,0.15517,0.46719
10.80000,16.44190,-1.39351,1.44024,14.48743,2.56801,110.49093,0.07593,2.72511,7.07563,0.21908,0.15357,0.46727
10.85000,16.49021,-1.34016,1.43890,14.56106,2.56549,110.53278,0.07580,2.72628,7.08085,0.21861,0.15180,0.46732
10.90000,16.53576,-1.28452,1.43747,14.63462,2.56248,110.56938,0.07564,2.72765,7.08792,0.21809,0.14982,0.46736
10.95000,16.57826,-1.22662,1.43598,14.70808,2.55891,110.60120,0.07547,2.72923,7.09720,0.21752,0.14761,0.46740
11.00000,16.61746,-1.16651,1.43442,14.78141,2.55558,110.66245,0.07532,2.73043,7.09496,0.21657,0.14513,0.46756
11.05000,16.65306,-1.10431,1.43282,14.85456,2.55129,110.70533,0.07514,2.73215,7.10191,0.21573,0.14247,0.46765
11.10000,16.68481,-1.04014,1.43116,14.92750,2.54644,110.74580,0.07493,2.73407,7.11108,0.21485,0.13964,0.46775
11.15000,16.71243,-0.97418,1.42948,15.00019,2.54104,110.78371,0.07471,2.73618,7.12259,0.21393,0.13667,0.46784
11.20000,16.73569,-0.90665,1.42779,15.07262,2.53626,110.86311,0.07454,2.73766,7.11803,0.21254,0.13356,0.46808
11.25000,16.75435,-0.83780,1.42610,15.14474,2.53047,110.91737,0.07432,2.73969,7.12586,0.21139,0.13048,0.46823
11.30000,16.76822,-0.76791,1.42443,15.21651,2.52431,110.96943,0.07410,2.74181,7.13571,0.21025,0.12741,0.46837
11.35000,16.77714,-0.69730,1.42280,15.28793,2.51873,111.05452,0.07392,2.74338,7.13279,0.20875,0.12435,0.46863
11.40000,16.78099,-0.62632,1.42122,15.35900,2.51252,111.12402,0.07373,2.74525,7.13804,0.20744,0.12140,0.46883
11.45000,16.77969,-0.55532,1.41971,15.42973,2.50607,111.19173,0.07353,2.74713,7.14523,0.20618,0.11856,0.46902
11.50000,16.77319,-0.48468,1.41828,15.50010,2.49939,111.25756,0.07334,2.74902,7.15444,0.20497,0.11585,0.46920
11.55000,16.76152,-0.41479,1.41694,15.57012,2.49386,111.37069,0.07320,2.75005,7.14498,0.20329,0.11323,0.46954
11.60000,16.74473,-0.34601,1.41570,15.63980,2.48751,111.45712,0.07303,2.75151,7.14888,0.20199,0.11081,0.46977
11.65000,16.72291,-0.27871,1.41456,15.70918,2.48106,111.54265,0.07288,2.75291,7.15461,0.20078,0.10856,0.46999
11.70000,16.69620,-0.21327,1.41354,15.77827,2.47577,111.67016,0.07277,2.75351,7.14404,0.19919,0.10645,0.47036
11.75000,16.66480,-0.14999,1.41262,15.84710,2.46992,111.77907,0.07264,2.75436,7.14370,0.19794,0.10455,0.47063
11.80000,16.62890,-0.08921,1.41182,15.91568,2.46408,111.88900,0.07253,2.75509,7.14492,0.19680,0.10283,0.47090
11.85000,16.58875,-0.03118,1.41113,15.98402,2.45932,112.03788,0.07246,2.75507,7.13165,0.19534,0.10124,0.47130
11.90000,16.54463,0.02384,1.41061,16.05216,2.36410,113.12893,0.07309,2.76489,6.74422,0.19543,0.09665,0.47173
11.95000,16.49683,0.07566,1.41011,16.12015,2.35817,113.31234,0.07300,2.76522,6.73621,0.19435,0.09517,0.47225
12.00000,16.44562,0.12409,1.40971,16.18801,2.35229,113.49194,0.07292,2.76532,6.73050,0.19337,0.09394,0.47271
12.05000,16.39132,0.16899,1.40940,16.25576,2.34817,113.71965,0.07290,2.76435,6.70362,0.19185,0.09283,0.47332
12.10000,16.33422,0.21025,1.40917,16.32341,2.34288,113.91367,0.07285,2.76372,6.69259,0.19080,0.09190,0.47379
12.15000,16.27462,0.24780,1.40902,16.39100,2.33743,114.10390,0.07282,2.76292,6.68284,0.18982,0.09108,0.47424
12.20000,16.21282,0.28160,1.40894,16.45855,2.33340,114.33357,0.07283,2.76119,6.65401,0.18834,0.09033,0.47486
12.25000,16.14912,0.31164,1.40892,16.52609,2.32821,114.52818,0.07283,2.75979,6.63913,0.18729,0.08968,0.47536
12.30000,16.08377,0.33794,1.40908,16.59363,2.21792,115.61032,0.07360,2.76785,6.24743,0.18758,0.08654,0.47595
12.35000,16.01707,0.36058,1.40915,16.66119,2.21293,115.84557,0.07364,2.76598,6.21492,0.18614,0.08579,0.47676
12.40000,15.94922,0.37957,1.40929,16.72879,2.20690,116.03310,0.07367,2.76436,6.19592,0.18507,0.08521,0.47741
12.45000,15.88048,0.39500,1.40946,16.79643,2.20061,116.19093,0.07370,2.76264,6.17964,0.18406,0.08475,0.47799
12.50000,15.81103,0.40695,1.40967,16.86413,2.19539,116.34923,0.07379,2.76025,6.15094,0.18267,0.08434,0.47865
12.55000,15.74107,0.41553,1.40992,16.93189,2.18896,116.45337,0.07386,2.75816,6.13351,0.18159,0.08402,0.47921
12.60000,15.67078,0.42084,1.41020,16.99973,2.18202,116.51807,0.07393,2.75605,6.11849,0.18055,0.08373,0.47972
12.65000,15.60030,0.42303,1.41065,17.06766,2.05752,117.42246,0.07498,2.76313,5.45287,0.18046,0.08120,0.48040
12.70000,15.52977,0.42228,1.41099,17.13568,2.04869,117.43247,0.07509,2.76125,5.41642,0.17929,0.08073,0.48108
12.75000,15.45931,0.41867,1.41138,17.20381,2.03929,117.38791,0.07522,2.75936,5.38762,0.17813,0.08035,0.48165
12.80000,15.38902,0.41233,1.41179,17.27204,2.03021,117.30725,0.07538,2.75711,5.34660,0.17666,0.08001,0.48223
12.85000,15.31899,0.40339,1.41222,17.34039,2.01973,117.15422,0.07554,2.75519,5.32325,0.17537,0.07970,0.48270
12.90000,15.24930,0.39200,1.41269,17.40887,2.00834,116.94127,0.07571,2.75339,5.30614,0.17408,0.07939,0.48312
12.95000,15.18000,0.37829,1.41317,17.47749,1.99691,116.68863,0.07591,2.75139,5.28019,0.17253,0.07907,0.48356
13.00000,15.11114,0.36242,1.41382,17.54625,1.85382,117.22199,0.07728,2.75952,4.64879,0.17242,0.07676,0.48400
13.05000,15.04273,0.34457,1.41439,17.61516,1.83857,116.88301,0.07747,2.75837,4.63661,0.17095,0.07619,0.48449
13.10000,14.97481,0.32481,1.41499,17.68420,1.82339,116.51656,0.07769,2.75710,4.62189,0.16930,0.07566,0.48493
13.15000,14.90741,0.30327,1.41561,17.75339,1.80716,116.10851,0.07788,2.75612,4.61766,0.16772,0.07514,0.48527
13.20000,14.84052,0.28008,1.41625,17.82271,1.79012,115.66964,0.07806,2.75535,4.61891,0.16613,0.07460,0.48556
13.25000,14.77415,0.25534,1.41693,17.89217,1.77227,115.20555,0.07822,2.75479,4.62492,0.16452,0.07402,0.48580
13.30000,14.70830,0.22917,1.41766,17.96177,1.75433,114.73541,0.07838,2.75421,4.62620,0.16269,0.07341,0.48605
13.35000,14.64295,0.20166,1.41844,18.03152,1.73522,114.24269,0.07850,2.75402,4.63790,0.16097,0.07276,0.48623
13.40000,14.57808,0.17295,1.41941,18.10141,1.57812,114.62411,0.08009,2.76362,4.13295,0.16054,0.07052,0.48647
13.45000,14.51363,0.14317,1.42039,18.17145,1.55708,114.14787,0.08016,2.76386,4.13727,0.15863,0.06967,0.48682
13.50000,14.44961,0.11238,1.42143,18.24164,1.53597,113.67417,0.08019,2.76429,4.14879,0.15683,0.06888,0.48706
13.55000,14.38599,0.08065,1.42237,18.31198,1.65289,112.31695,0.07868,2.75532,4.69008,0.15381,0.06954,0.48715
13.60000,14.32276,0.04804,1.42337,18.38245,1.63437,111.86867,0.07870,2.75558,4.71347,0.15212,0.06899,0.48714
13.65000,14.25988,0.01466,1.42441,18.45305,1.61595,111.43673,0.07869,2.75594,4.73862,0.15053,0.06842,0.48715
13.70000,14.19730,-0.01940,1.42546,18.52378,1.59814,111.03052,0.07867,2.75628,4.76272,0.14903,0.06788,0.48719
13.75000,14.13499,-0.05406,1.42653,18.59464,1.58116,110.65434,0.07864,2.75653,4.78515,0.14763,0.06736,0.48724
13.80000,14.07292,-0.08925,1.42761,18.66561,1.56539,110.31552,0.07863,2.75658,4.80247,0.14628,0.06690,0.48733
13.85000,14.01104,-0.12488,1.42869,18.73669,1.55057,110.00865,0.07863,2.75650,4.81929,0.14507,0.06649,0.48743
13.90000,13.94933,-0.16092,1.42966,18.80787,1.67449,108.77277,0.07729,2.74644,5.48552,0.14270,0.06737,0.48748
13.95000,13.88777,-0.19731,1.43062,18.87915,1.66328,108.51467,0.07733,2.74562,5.50478,0.14172,0.06721,0.48747
14.00000,13.82632,-0.23397,1.43158,18.95053,1.65268,108.28900,0.07738,2.74461,5.51885,0.14083,0.06706,0.48753
14.05000,13.76494,-0.27084,1.43254,19.02199,1.64287,108.10012,0.07744,2.74339,5.52716,0.14002,0.06693,0.48765
14.10000,13.70360,-0.30787,1.43348,19.09354,1.63389,107.94907,0.07751,2.74194,5.53017,0.13928,0.06683,0.48781
14.15000,13.64227,-0.34500,1.43441,19.16516,1.62570,107.83689,0.07760,2.74026,5.52781,0.13858,0.06676,0.48802
14.20000,13.58092,-0.38219,1.43532,19.23683,1.61816,107.76300,0.07771,2.73836,5.52122,0.13793,0.06671,0.48826
14.25000,13.51954,-0.41941,1.43613,19.30852,1.74803,106.71552,0.07657,2.72562,6.12332,0.13604,0.06792,0.48850
14.30000,13.45810,-0.45662,1.43692,19.38035,1.74224,106.67749,0.07670,2.72278,6.11957,0.13545,0.06806,0.48866
14.35000,13.39659,-0.49378,1.43767,19.45242,1.73634,106.67372,0.07684,2.71971,6.11244,0.13484,0.06817,0.48892
14.40000,13.33497,-0.53084,1.43840,19.52472,1.73041,106.70043,0.07698,2.71640,6.10246,0.13420,0.06827,0.48925
14.45000,13.27324,-0.56777,1.43910,19.59705,1.72447,106.74986,0.07714,2.71286,6.09012,0.13354,0.06836,0.48962
14.50000,13.21137,-0.60454,1.43976,19.66933,1.71842,106.80885,0.07732,2.70913,6.07654,0.13287,0.06845,0.49003
14.55000,13.14935,-0.64112,1.44039,19.74153,1.71232,106.86736,0.07751,2.70520,6.06133,0.13216,0.06855,0.49046
14.60000,13.08716,-0.67747,1.44095,19.81368,1.84085,105.87285,0.07648,2.68916,6.41613,0.13017,0.07001,0.49089
14.65000,13.02481,-0.71360,1.44148,19.88578,1.83480,105.84202,0.07670,2.68433,6.40349,0.12945,0.07027,0.49120
14.70000,12.96227,-0.74944,1.44197,19.95789,1.82836,105.78383,0.07694,2.67946,6.38961,0.12870,0.07049,0.49155
14.75000,12.89952,-0.78498,1.44242,20.03004,1.82169,105.69015,0.07718,2.67464,6.37560,0.12795,0.07071,0.49191
14.80000,12.83657,-0.82019,1.44284,20.10222,1.81485,105.55225,0.07745,2.66990,6.36199,0.12720,0.07092,0.49227
14.85000,12.77338,-0.85503,1.44322,20.17443,1.80772,105.35695,0.07773,2.66533,6.35040,0.12648,0.07113,0.49260
14.90000,12.70996,-0.88947,1.44356,20.24665,1.80050,105.09893,0.07803,2.66088,6.33923,0.12575,0.07136,0.49291
14.95000,12.64630,-0.92349,1.44385,20.31889,1.92471,103.68497,0.07706,2.64294,6.70843,0.12378,0.07310,0.49319
15.00000,12.58238,-0.95707,1.44409,20.39114,1.91704,103.20655,0.07740,2.63802,6.70400,0.12308,0.07350,0.49331
15.05000,12.51820,-0.99016,1.44430,20.46341,1.90903,102.65961,0.07776,2.63329,6.69939,0.12236,0.07388,0.49344
15.10000,12.45374,-1.02272,1.44446,20.53570,1.90079,102.04704,0.07816,2.62876,6.69521,0.12164,0.07425,0.49357
15.15000,12.38898,-1.05470,1.44459,20.60799,1.89245,101.37580,0.07858,2.62443,6.69138,0.12092,0.07462,0.49369
15.20000,12.32392,-1.08607,1.44467,20.68030,1.88388,100.65003,0.07903,2.62036,6.68956,0.12024,0.07500,0.49378
15.25000,12.25853,-1.11678,1.44471,20.75262,1.87550,99.88954,0.07951,2.61640,6.68686,0.11953,0.07538,0.49388
15.30000,12.19281,-1.14676,1.44470,20.82496,1.86733,99.10902,0.08001,2.61256,6.68395,0.11883,0.07577,0.49396
15.35000,12.12674,-1.17595,1.44464,20.89731,1.85954,98.32703,0.08052,2.60886,6.68055,0.11813,0.07615,0.49404
15.40000,12.06031,-1.20431,1.44454,20.96968,1.85192,97.55313,0.08103,2.60548,6.67981,0.11753,0.07652,0.49410
15.45000,11.99350,-1.23174,1.44439,21.04207,1.84514,96.81688,0.08154,2.60213,6.67647,0.11690,0.07688,0.49416
15.50000,11.92631,-1.25819,1.44418,21.11448,1.83910,96.12693,0.08205,2.59890,6.67215,0.11629,0.07723,0.49423
15.55000,11.85871,-1.28356,1.44393,21.18693,1.83356,95.48477,0.08252,2.59601,6.67006,0.11580,0.07756,0.49428
15.60000,11.79070,-1.30776,1.44361,21.25941,1.82907,94.91134,0.08298,2.59315,6.66528,0.11530,0.07788,0.49435
15.65000,11.72227,-1.33069,1.44324,21.33194,1.82558,94.40891,0.08341,2.59040,6.65916,0.11483,0.07818,0.49441
15.70000,11.65341,-1.35225,1.44281,21.40453,1.82315,93.98004,0.08382,2.58773,6.65139,0.11440,0.07848,0.49449
15.75000,11.58413,-1.37232,1.44231,21.47720,1.82112,93.60720,0.08416,2.58550,6.64804,0.11415,0.07878,0.49453
15.80000,11.51444,-1.39078,1.44174,21.54995,1.82046,93.31079,0.08451,2.58313,6.63991,0.11386,0.07908,0.49460
15.85000,11.44433,-1.40750,1.44111,21.62280,1.82087,93.07617,0.08484,2.58075,6.62998,0.11362,0.07940,0.49468
15.90000,11.37384,-1.42233,1.44040,21.69577,1.82176,92.87968,0.08513,2.57867,6.62387,0.11356,0.07976,0.49472
15.95000,11.30298,-1.43511,1.43962,21.76887,1.82401,92.73460,0.08544,2.57635,6.61360,0.11351,0.08018,0.49479
16.00000,11.23181,-1.44568,1.43876,21.84211,1.82747,92.62791,0.08577,2.57384,6.60122,0.11353,0.08067,0.49486
16.05000,11.16036,-1.45389,1.43782,21.91550,1.83229,92.55360,0.08614,2.57105,6.58630,0.11362,0.08128,0.49495
16.10000,11.08872,-1.45953,1.43678,21.98904,1.83765,92.47981,0.08651,2.56850,6.57799,0.11404,0.08206,0.49497
16.15000,11.01697,-1.46243,1.43565,22.06273,1.84521,92.43948,0.08698,2.56520,6.56222,0.11447,0.08302,0.49504
16.20000,10.94522,-1.46238,1.43442,22.13656,1.85477,92.41666,0.08755,2.56130,6.54308,0.11506,0.08424,0.49512
16.25000,10.87361,-1.45919,1.43311,22.21051,1.86670,92.40887,0.08825,2.55665,6.51986,0.11581,0.08579,0.49521
16.30000,10.80229,-1.45266,1.43169,22.28457,1.87990,92.37580,0.08902,2.55201,6.50561,0.11713,0.08780,0.49522
16.35000,10.73146,-1.44261,1.43016,22.35868,1.89680,92.37237,0.09005,2.54588,6.47925,0.11851,0.09033,0.49529
16.40000,10.66133,-1.42885,1.42853,22.43282,1.91688,92.37751,0.09132,2.53861,6.44774,0.12017,0.09352,0.49538
16.45000,10.59217,-1.41120,1.42679,22.50690,1.94019,92.39064,0.09288,2.53013,6.41084,0.12212,0.09751,0.49548
16.50000,10.52427,-1.38951,1.42495,22.58088,1.96462,92.36005,0.09458,2.52175,6.38675,0.12484,0.10245,0.49546
16.55000,10.45793,-1.36367,1.42303,22.65467,1.99254,92.36166,0.09671,2.51165,6.34812,0.12753,0.10835,0.49552
16.60000,10.39351,-1.33359,1.42104,22.72820,2.02218,92.36703,0.09916,2.50078,6.30631,0.13043,0.11523,0.49559
16.65000,10.33139,-1.29923,1.41898,22.80140,2.05267,92.37532,0.10191,2.48944,6.26241,0.13344,0.12300,0.49565
16.70000,10.27195,-1.26060,1.41689,22.87419,2.08080,92.31817,0.10458,2.47981,6.24028,0.13712,0.13155,0.49555
16.75000,10.21561,-1.21777,1.41478,22.94652,2.10921,92.29708,0.10757,2.46951,6.20518,0.14033,0.14043,0.49554
16.80000,10.16276,-1.17084,1.41269,23.01833,2.13595,92.27305,0.11061,2.45987,6.17169,0.14338,0.14938,0.49552
16.85000,10.11380,-1.12002,1.41064,23.08959,2.15882,92.18861,0.11330,2.45270,6.15892,0.14676,0.15817,0.49534
16.90000,10.06910,-1.06554,1.40867,23.16028,2.18020,92.12018,0.11599,2.44594,6.13977,0.14960,0.16640,0.49522
16.95000,10.02901,-1.00771,1.40680,23.23039,2.19926,92.04048,0.11850,2.44038,6.12324,0.15215,0.17393,0.49508
17.00000,9.99383,-0.94687,1.40507,23.29992,2.21613,91.94687,0.12079,2.43601,6.10905,0.15440,0.18066,0.49493
17.05000,9.96379,-0.88342,1.40359,23.36890,2.14681,90.61407,0.11920,2.46403,5.73539,0.16533,0.19343,0.49804
17.10000,9.93907,-0.81780,1.40216,23.43737,2.15790,90.37719,0.12068,2.46327,5.72682,0.16728,0.19771,0.49800
17.15000,9.91982,-0.75044,1.40090,23.50538,2.16804,90.14790,0.12191,2.46369,5.72378,0.16901,0.20153,0.49785
17.20000,9.90613,-0.68179,1.39982,23.57296,2.17508,89.83395,0.12244,2.46708,5.77241,0.17125,0.20495,0.49745
17.25000,9.89802,-0.61231,1.39892,23.64013,2.18261,89.52911,0.12302,2.47041,5.79796,0.17292,0.20776,0.49708
17.30000,9.89545,-0.54245,1.39820,23.70692,2.18965,89.18539,0.12341,2.47467,5.82620,0.17442,0.21010,0.49665
17.35000,9.89833,-0.47264,1.39762,23.77344,2.19417,88.72145,0.12316,2.48175,5.90541,0.17649,0.21211,0.49598
17.40000,9.90652,-0.40327,1.39720,23.83976,2.19960,88.23641,0.12298,2.48888,5.96352,0.17810,0.21361,0.49533
17.45000,9.91984,-0.33471,1.39711,23.90592,2.12109,86.50805,0.11949,2.52345,5.51452,0.18762,0.22171,0.49813
17.50000,9.93803,-0.26729,1.39695,23.97197,2.12240,85.73922,0.11862,2.53389,5.60775,0.18963,0.22149,0.49745
17.55000,9.96090,-0.20131,1.39691,24.03792,2.12561,84.98068,0.11783,2.54437,5.68558,0.19129,0.22128,0.49669
17.60000,9.98819,-0.13703,1.39696,24.10381,2.12955,84.19547,0.11693,2.55550,5.76891,0.19294,0.22104,0.49580
17.65000,10.01964,-0.07468,1.39711,24.16968,2.13216,83.33017,0.11559,2.56841,5.89675,0.19512,0.22079,0.49466
17.70000,10.05497,-0.01443,1.39732,24.23558,2.13641,82.49825,0.11438,2.58070,6.00158,0.19692,0.22032,0.49355
17.75000,10.09390,0.04358,1.39760,24.30152,2.14125,81.69378,0.11313,2.59288,6.05062,0.19865,0.21968,0.49240
17.80000,10.13612,0.09926,1.39813,24.36753,2.05717,79.68154,0.10901,2.62702,5.71932,0.20811,0.22579,0.49481
17.85000,10.18134,0.15257,1.39849,24.43364,2.05994,78.89055,0.10768,2.63777,5.81265,0.20965,0.22352,0.49398
17.90000,10.22933,0.20342,1.39890,24.49986,2.06413,78.26217,0.10633,2.64784,5.90207,0.21111,0.22152,0.49311
17.95000,10.27986,0.25179,1.39935,24.56620,2.06794,77.76398,0.10471,2.65800,6.00847,0.21288,0.21970,0.49211
18.00000,10.33268,0.29768,1.39986,24.63268,2.07395,77.49482,0.10321,2.66676,6.04846,0.21428,0.21783,0.49124
18.05000,10.38756,0.34113,1.40042,24.69932,2.08123,77.44716,0.10165,2.67474,6.08347,0.21557,0.21589,0.49043
18.10000,10.44429,0.38218,1.40102,24.76613,2.08842,77.59826,0.09986,2.68271,6.12691,0.21713,0.21388,0.48958
18.15000,10.50267,0.42092,1.40165,24.83313,2.09783,78.03296,0.09810,2.68959,6.15653,0.21839,0.21165,0.48888
18.20000,10.56249,0.45746,1.40244,24.90033,2.01923,77.51512,0.09459,2.71233,5.85259,0.22604,0.21596,0.49209
18.25000,10.62355,0.49196,1.40312,24.96776,2.02833,78.33158,0.09272,2.71780,5.90645,0.22728,0.21205,0.49182
18.30000,10.68573,0.52447,1.40381,25.03541,2.04044,79.47611,0.09086,2.72276,5.94113,0.22837,0.20831,0.49156
18.35000,10.74888,0.55514,1.40450,25.10329,2.05454,80.89699,0.08899,2.72759,5.97112,0.22948,0.20469,0.49128
18.40000,10.81287,0.58410,1.40519,25.17141,2.06940,82.52653,0.08709,2.73263,6.00605,0.23077,0.20117,0.49094
18.45000,10.87759,0.61149,1.40587,25.23978,2.08589,84.34927,0.08531,2.73730,6.01836,0.23193,0.19765,0.49065
18.50000,10.94292,0.63747,1.40653,25.30841,2.10295,86.28618,0.08364,2.74181,6.02896,0.23305,0.19420,0.49037
18.55000,11.00876,0.66221,1.40728,25.37728,2.03056,87.02713,0.08123,2.76003,5.57456,0.23983,0.19730,0.49384
18.60000,11.07502,0.68593,1.40795,25.44642,2.04507,88.85777,0.07997,2.76325,5.58294,0.24067,0.19273,0.49394
18.65000,11.14164,0.70875,1.40859,25.51582,2.05942,90.65924,0.07886,2.76640,5.59247,0.24147,0.18875,0.49394
18.70000,11.20854,0.73081,1.40920,25.58547,2.07284,92.36721,0.07789,2.76950,5.60688,0.24225,0.18527,0.49387
18.75000,11.27566,0.75230,1.40978,25.65537,2.08534,93.95434,0.07707,2.77236,5.61775,0.24292,0.18217,0.49379
18.80000,11.34293,0.77338,1.41031,25.72553,2.09650,95.39177,0.07637,2.77501,5.62854,0.24349,0.17940,0.49369
18.85000,11.41031,0.79421,1.41081,25.79596,2.10614,96.66893,0.07578,2.77746,5.63989,0.24398,0.17689,0.49359
18.90000,11.47775,0.81495,1.41125,25.86669,2.11431,97.78919,0.07528,2.77968,5.64975,0.24437,0.17460,0.49349
18.95000,11.54518,0.83578,1.41165,25.93772,2.12098,98.75900,0.07486,2.78169,5.65946,0.24466,0.17247,0.49341
19.00000,11.61255,0.85685,1.41200,26.00907,2.12620,99.59110,0.07451,2.78353,5.66958,0.24488,0.17046,0.49333
19.05000,11.67981,0.87832,1.41229,26.08070,2.13034,100.30860,0.07421,2.78511,5.67471,0.24497,0.16852,0.49328
19.10000,11.74691,0.90034,1.41253,26.15256,2.13317,100.91683,0.07396,2.78659,5.68201,0.24501,0.16665,0.49324
19.15000,11.81379,0.92306,1.41273,26.22450,2.13488,101.43272,0.07373,2.78794,5.68962,0.24498,0.16482,0.49321
19.20000,11.88038,0.94662,1.41287,26.29649,2.13593,101.87948,0.07355,2.78906,5.69053,0.24483,0.16300,0.49322
19.25000,11.94663,0.97118,1.41297,26.36856,2.13597,102.25614,0.07338,2.79013,5.69421,0.24465,0.16119,0.49323
19.30000,12.01245,0.99685,1.41303,26.44075,2.13521,102.57699,0.07323,2.79113,5.69814,0.24443,0.15938,0.49325
19.35000,12.07777,1.02377,1.41305,26.51306,2.13371,102.85122,0.07310,2.79206,5.70267,0.24416,0.15756,0.49327
19.40000,12.14251,1.05205,1.41303,26.58545,2.13220,103.10478,0.07299,2.79273,5.69499,0.24374,0.15570,0.49336
19.45000,12.20659,1.08180,1.41299,26.65789,2.12979,103.31763,0.07288,2.79347,5.69460,0.24334,0.15384,0.49342
19.50000,12.26992,1.11311,1.41292,26.73034,2.12683,103.50364,0.07277,2.79418,5.69491,0.24291,0.15196,0.49349
19.55000,12.33240,1.14608,1.41283,26.80279,2.12333,103.66689,0.07268,2.79488,5.69624,0.24246,0.15006,0.49356
19.60000,12.39393,1.18077,1.41273,26.87521,2.12024,103.83686,0.07260,2.79525,5.68026,0.24179,0.14809,0.49371
19.65000,12.45441,1.21725,1.41261,26.94758,2.11614,103.97631,0.07252,2.79581,5.67665,0.24121,0.14612,0.49381
19.70000,12.51374,1.25557,1.41249,27.01989,2.11157,104.10151,0.07243,2.79636,5.67426,0.24061,0.14413,0.49392
19.75000,12.57181,1.29576,1.41237,27.09210,2.10738,104.23599,0.07237,2.79665,5.65746,0.23983,0.14210,0.49409
19.80000,12.62852,1.33784,1.41225,27.16420,2.10245,104.34888,0.07230,2.79706,5.64989,0.23912,0.14010,0.49423
19.85000,12.68375,1.38182,1.41214,27.23618,2.09719,104.45120,0.07223,2.79745,5.64345,0.23840,0.13813,0.49437
19.90000,12.73741,1.42771,1.41204,27.30802,2.09164,104.54350,0.07216,2.79783,5.63817,0.23768,0.13620,0.49451
19.95000,12.78939,1.47547,1.41196,27.37970,2.08689,104.65505,0.07212,2.79783,5.61377,0.23674,0.13428,0.49473
20.00000,12.83961,1.52509,1.41190,27.45123,2.08130,104.74272,0.07206,2.79801,5.60276,0.23593,0.13245,0.49491
20.05000,12.88796,1.57652,1.41186,27.52260,2.07548,104.82271,0.07201,2.79816,5.59297,0.23513,0.13067,0.49508
20.10000,12.93437,1.62971,1.41185,27.59382,2.07029,104.91852,0.07198,2.79801,5.56832,0.23416,0.12892,0.49532
20.15000,12.97875,1.68460,1.41187,27.66489,2.06449,104.99720,0.07194,2.79796,5.55334,0.23328,0.12726,0.49552
20.20000,13.02105,1.74111,1.41191,27.73580,2.05848,105.06907,0.07190,2.79789,5.53988,0.23243,0.12567,0.49572
20.25000,13.06119,1.79918,1.41199,27.80656,2.05228,105.13379,0.07187,2.79778,5.52793,0.23159,0.12414,0.49592
20.30000,13.09912,1.85873,1.41210,27.87719,2.04703,105.21979,0.07186,2.79728,5.49732,0.23054,0.12268,0.49620
20.35000,13.13481,1.91965,1.41225,27.94770,2.04105,105.28169,0.07184,2.79695,5.48071,0.22966,0.12133,0.49642
20.40000,13.16821,1.98186,1.41243,28.01810,2.03496,105.33517,0.07183,2.79657,5.46559,0.22882,0.12008,0.49665
20.45000,13.19931,2.04527,1.41264,28.08840,2.02973,105.40349,0.07183,2.79584,5.43566,0.22781,0.11891,0.49693
20.50000,13.22808,2.10978,1.41290,28.15862,1.99006,107.54550,0.07282,2.79205,5.20227,0.22164,0.10983,0.49368
20.55000,13.25452,2.17529,1.41318,28.22875,1.98574,107.72626,0.07280,2.79221,5.18390,0.22090,0.10910,0.49383
20.60000,13.27864,2.24171,1.41350,28.29883,1.98167,107.87084,0.07280,2.79182,5.15482,0.22000,0.10838,0.49408
20.65000,13.30043,2.30895,1.41385,28.36884,1.97697,107.96857,0.07282,2.79130,5.13276,0.21919,0.10774,0.49432
20.70000,13.31992,2.37690,1.41423,28.43882,1.97201,108.03585,0.07284,2.79059,5.11219,0.21842,0.10718,0.49457
20.75000,13.33713,2.44550,1.41465,28.50876,1.96690,108.07835,0.07288,2.78973,5.09291,0.21769,0.10669,0.49483
20.80000,13.35208,2.51464,1.41509,28.57869,1.96265,108.12223,0.07294,2.78843,5.05968,0.21678,0.10628,0.49516
20.85000,13.36482,2.58424,1.41558,28.64860,1.92280,110.13917,0.07421,2.78384,4.84223,0.21025,0.09916,0.49189
20.90000,13.37539,2.65424,1.41610,28.71852,1.91936,110.25471,0.07427,2.78330,4.82121,0.20965,0.09907,0.49209
20.95000,13.38384,2.72455,1.41664,28.78844,1.91628,110.32644,0.07436,2.78218,4.79014,0.20888,0.09900,0.49238
21.00000,13.39019,2.79511,1.41721,28.85837,1.91257,110.34243,0.07447,2.78095,4.76689,0.20825,0.09901,0.49265
21.05000,13.39453,2.86585,1.41782,28.92833,1.90876,110.32164,0.07459,2.77953,4.74508,0.20767,0.09910,0.49292
21.10000,13.39688,2.93671,1.41845,28.99832,1.90556,110.28464,0.07474,2.77777,4.71586,0.20700,0.09928,0.49324
21.15000,13.39733,3.00765,1.41910,29.06834,1.90214,110.21607,0.07490,2.77598,4.69212,0.20645,0.09955,0.49353
21.20000,13.39591,3.07860,1.41979,29.13841,1.89879,110.12430,0.07508,2.77410,4.66970,0.20596,0.09992,0.49381
21.25000,13.39271,3.14954,1.42052,29.20853,1.85960,111.94159,0.07692,2.76838,4.47441,0.19935,0.09414,0.49050
21.30000,13.38777,3.22041,1.42128,29.27870,1.85850,111.93110,0.07716,2.76679,4.44511,0.19887,0.09467,0.49074
21.35000,13.38117,3.29118,1.42206,29.34893,1.85662,111.85044,0.07742,2.76505,4.42311,0.19852,0.09525,0.49097
21.40000,13.37297,3.36183,1.42287,29.41921,1.85459,111.72248,0.07771,2.76310,4.40238,0.19822,0.09591,0.49122
21.45000,13.36323,3.43232,1.42372,29.48957,1.85313,111.56822,0.07804,2.76081,4.37569,0.19783,0.09663,0.49150
21.50000,13.35201,3.50264,1.42459,29.55999,1.85146,111.37445,0.07839,2.75853,4.35449,0.19757,0.09746,0.49174
21.55000,13.33938,3.57276,1.42549,29.63050,1.84995,111.15275,0.07877,2.75617,4.33463,0.19738,0.09838,0.49198
21.60000,13.32541,3.64267,1.42644,29.70109,1.81249,112.79744,0.08161,2.74937,4.15633,0.19070,0.09324,0.48859
21.65000,13.31015,3.71237,1.42742,29.77175,1.81287,112.63202,0.08210,2.74745,4.13715,0.19065,0.09424,0.48874
21.70000,13.29368,3.78184,1.42842,29.84250,1.81309,112.41704,0.08262,2.74530,4.11917,0.19064,0.09531,0.48890
21.75000,13.27604,3.85107,1.42946,29.91333,1.81335,112.16737,0.08318,2.74301,4.10236,0.19068,0.09644,0.48907
21.80000,13.25730,3.92007,1.43053,29.98425,1.81419,111.90164,0.08379,2.74049,4.08177,0.19066,0.09763,0.48926
21.85000,13.23752,3.98883,1.43163,30.05525,1.81492,111.60946,0.08442,2.73805,4.06570,0.19076,0.09892,0.48941
21.90000,13.21676,4.05737,1.43275,30.12634,1.81584,111.29975,0.08507,2.73562,4.05099,0.19093,0.10027,0.48955
21.95000,13.19507,4.12567,1.43394,30.19754,1.78017,112.83646,0.08948,2.72827,3.89644,0.18445,0.09523,0.48599
22.00000,13.17251,4.19376,1.43515,30.26883,1.78262,112.58190,0.09028,2.72633,3.88370,0.18473,0.09653,0.48603
22.05000,13.14913,4.26163,1.43639,30.34020,1.78489,112.28998,0.09112,2.72430,3.87225,0.18504,0.09787,0.48608
22.10000,13.12499,4.32931,1.43770,30.41167,1.78716,111.97492,0.09198,2.72227,3.86210,0.18539,0.09924,0.48612
22.15000,13.10012,4.39679,1.43907,30.48324,1.78984,111.65270,0.09287,2.72017,3.85039,0.18572,0.10065,0.48617
22.20000,13.07458,4.46410,1.44052,30.55492,1.79247,111.31979,0.09374,2.71823,3.84210,0.18614,0.10210,0.48618
22.25000,13.04841,4.53124,1.44206,30.62669,1.79528,110.98469,0.09461,2.71643,3.83528,0.18660,0.10356,0.48617
22.30000,13.02165,4.59824,1.44367,30.69858,1.79841,110.65464,0.09547,2.71469,3.82817,0.18705,0.10503,0.48616
22.35000,12.99436,4.66510,1.44535,30.77057,1.80156,110.32558,0.09630,2.71317,3.82368,0.18757,0.10651,0.48611
22.40000,12.96656,4.73186,1.44710,30.84267,1.80480,110.00088,0.09710,2.71184,3.82078,0.18813,0.10796,0.48604
22.45000,12.93830,4.79852,1.44890,30.91488,1.80809,109.68168,0.09785,2.71071,3.81942,0.18870,0.10938,0.48595
22.50000,12.90963,4.86510,1.45071,30.98718,1.84860,107.42588,0.09337,2.71502,3.95067,0.19579,0.11909,0.48955
22.55000,12.88057,4.93161,1.45257,31.05961,1.85113,107.04265,0.09395,2.71389,3.95216,0.19635,0.12060,0.48950
22.60000,12.85117,4.99807,1.45445,31.13216,1.85409,106.69627,0.09446,2.71312,3.95546,0.19695,0.12206,0.48939
22.65000,12.82146,5.06450,1.45637,31.20481,1.85741,106.38051,0.09491,2.71263,3.95961,0.19756,0.12347,0.48925
22.70000,12.79147,5.13091,1.45830,31.27758,1.86091,106.08854,0.09530,2.71245,3.96585,0.19821,0.12479,0.48907
22.75000,12.76123,5.19731,1.46025,31.35046,1.86456,105.81954,0.09561,2.71253,3.97361,0.19888,0.12602,0.48886
22.80000,12.73076,5.26371,1.46220,31.42344,1.86835,105.57285,0.09586,2.71286,3.98276,0.19957,0.12716,0.48863
22.85000,12.70009,5.33013,1.46412,31.49651,1.90851,103.27743,0.09127,2.71843,4.13656,0.20646,0.13829,0.49204
22.90000,12.66925,5.39658,1.46603,31.56971,1.91147,102.98059,0.09141,2.71860,4.14900,0.20710,0.13930,0.49188
22.95000,12.63824,5.46305,1.46792,31.64301,1.91491,102.74008,0.09148,2.71914,4.16279,0.20777,0.14024,0.49166
23.00000,12.60708,5.52955,1.46980,31.71640,1.91866,102.54487,0.09148,2.71997,4.17771,0.20845,0.14110,0.49141
23.05000,12.57579,5.59610,1.47165,31.78988,1.92267,102.38902,0.09142,2.72103,4.19324,0.20915,0.14184,0.49113
23.10000,12.54438,5.66269,1.47347,31.86348,1.92682,102.26717,0.09131,2.72229,4.20996,0.20985,0.14248,0.49084
23.15000,12.51285,5.72933,1.47523,31.93728,1.96643,100.01202,0.08718,2.72838,4.38621,0.21639,0.15435,0.49414
23.20000,12.48121,5.79601,1.47694,32.01135,1.96966,99.84150,0.08705,2.72922,4.40600,0.21702,0.15475,0.49394
23.25000,12.44946,5.86272,1.47861,32.08561,1.97346,99.74240,0.08687,2.73039,4.42617,0.21766,0.15510,0.49369
23.30000,12.41759,5.92948,1.48023,32.15998,1.97762,99.70195,0.08664,2.73181,4.44713,0.21833,0.15537,0.49342
23.35000,12.38560,5.99626,1.48180,32.23438,1.98203,99.71305,0.08636,2.73341,4.46841,0.21900,0.15554,0.49313
23.40000,12.35348,6.06307,1.48332,32.30869,1.98664,99.77106,0.08606,2.73512,4.48943,0.21967,0.15562,0.49284
23.45000,12.32122,6.12990,1.48479,32.38291,1.99135,99.87008,0.08572,2.73692,4.51058,0.22033,0.15560,0.49254
23.50000,12.28881,6.19672,1.48618,32.45715,2.03033,97.77669,0.08235,2.74303,4.70858,0.22636,0.16770,0.49581
23.55000,12.25623,6.26355,1.48753,32.53146,2.03381,97.81732,0.08209,2.74407,4.73127,0.22690,0.16738,0.49564
23.60000,12.22346,6.33035,1.48883,32.60586,2.03777,97.93076,0.08180,2.74536,4.75295,0.22744,0.16705,0.49544
23.65000,12.19048,6.39712,1.49009,32.68032,2.04194,98.09810,0.08149,2.74683,4.77479,0.22798,0.16669,0.49522
23.70000,12.15727,6.46385,1.49130,32.75484,2.04614,98.30786,0.08117,2.74844,4.79655,0.22851,0.16624,0.49499
23.75000,12.12379,6.53051,1.49247,32.82942,2.05014,98.55102,0.08083,2.75017,4.81864,0.22902,0.16564,0.49476
23.80000,12.09003,6.59709,1.49359,32.90407,2.05382,98.82356,0.08047,2.75200,4.83994,0.22946,0.16483,0.49454
23.85000,12.05594,6.66357,1.49466,32.97881,2.08990,96.85460,0.07793,2.75788,5.05886,0.23480,0.17647,0.49780
23.90000,12.02150,6.72992,1.49568,33.05360,2.09103,97.02151,0.07764,2.75904,5.08509,0.23505,0.17495,0.49770
23.95000,11.98667,6.79613,1.49666,33.12844,2.09197,97.24292,0.07734,2.76053,5.11246,0.23526,0.17329,0.49757
24.00000,11.95142,6.86216,1.49760,33.20335,2.09285,97.50539,0.07703,2.76217,5.13772,0.23543,0.17153,0.49743
24.05000,11.91570,6.92800,1.49851,33.27833,2.09530,97.78904,0.07677,2.76353,5.15883,0.23573,0.17048,0.49728
24.10000,11.87947,6.99361,1.49938,33.35337,2.09770,98.08455,0.07652,2.76493,5.17941,0.23602,0.16944,0.49713
24.15000,11.84270,7.05896,1.50021,33.42847,2.09967,98.38387,0.07627,2.76642,5.20051,0.23628,0.16829,0.49698
24.20000,11.80534,7.12403,1.50101,33.50364,2.10257,98.68828,0.07607,2.76760,5.21446,0.23654,0.16751,0.49686
24.25000,11.76734,7.18877,1.50178,33.57887,2.10541,98.98435,0.07587,2.76876,5.22925,0.23683,0.16683,0.49673
24.30000,11.72867,7.25316,1.50252,33.65417,2.10795,99.27247,0.07569,2.76990,5.24386,0.23710,0.16612,0.49662
24.35000,11.68928,7.31715,1.50322,33.72953,2.10997,99.55070,0.07550,2.77108,5.25902,0.23733,0.16530,0.49650
24.40000,11.64913,7.38071,1.50390,33.80495,2.11164,99.82609,0.07533,2.77220,5.26994,0.23745,0.16430,0.49642
24.45000,11.60818,7.44380,1.50455,33.88043,2.11259,100.08544,0.07515,2.77340,5.28429,0.23755,0.16319,0.49632
24.50000,11.56638,7.50636,1.50517,33.95597,2.11315,100.33193,0.07498,2.77457,5.29876,0.23763,0.16204,0.49624
24.55000,11.52370,7.56836,1.50576,34.03156,2.11354,100.56494,0.07482,2.77567,5.31276,0.23770,0.16094,0.49616
24.60000,11.48010,7.62976,1.50633,34.10720,2.11439,100.79427,0.07469,2.77650,5.31908,0.23771,0.15998,0.49612
24.65000,11.43553,7.69049,1.50687,34.18290,2.11540,101.00611,0.07457,2.77723,5.32659,0.23779,0.15928,0.49607
24.70000,11.38998,7.75051,1.50740,34.25864,2.11654,101.20865,0.07447,2.77781,5.33229,0.23787,0.15873,0.49604
24.75000,11.34339,7.80978,1.50790,34.33442,2.11779,101.40738,0.07439,2.77821,5.33565,0.23796,0.15834,0.49602
24.80000,11.29576,7.86823,1.50838,34.41024,2.11919,101.62029,0.07433,2.77835,5.33004,0.23795,0.15794,0.49606
24.85000,11.24704,7.92582,1.50885,34.48609,2.11773,101.83638,0.07422,2.77895,5.33341,0.23775,0.15663,0.49609
24.90000,11.19722,7.98249,1.50930,34.56198,2.11589,102.05635,0.07411,2.77943,5.33532,0.23753,0.15530,0.49616
24.95000,11.14628,8.03818,1.50973,34.63789,2.11362,102.28314,0.07401,2.77979,5.33574,0.23726,0.15394,0.49625
25.00000,11.09420,8.09283,1.51016,34.71382,2.11006,102.51442,0.07389,2.78026,5.33299,0.23677,0.15203,0.49637
25.05000,11.04096,8.14639,1.51057,34.78977,2.10568,102.66455,0.07375,2.78125,5.34360,0.23634,0.14994,0.49640
25.10000,10.98656,8.19880,1.51098,34.86574,2.10075,102.81324,0.07362,2.78219,5.35409,0.23586,0.14779,0.49644
25.15000,10.93100,8.25001,1.51137,34.94171,2.09560,102.94989,0.07348,2.78310,5.36496,0.23538,0.14567,0.49649
25.20000,10.87429,8.29997,1.51174,35.01769,2.09052,103.04374,0.07336,2.78411,5.37928,0.23494,0.14367,0.49650
25.25000,10.81643,8.34861,1.51211,35.09368,2.08601,103.13831,0.07325,2.78488,5.38243,0.23436,0.14171,0.49655
25.30000,10.75742,8.39589,1.51249,35.16966,2.08087,103.21517,0.07314,2.78576,5.39330,0.23386,0.13979,0.49658
25.35000,10.69726,8.44173,1.51287,35.24564,2.07534,103.28731,0.07304,2.78657,5.40359,0.23334,0.13789,0.49662
25.40000,10.63598,8.48609,1.51327,35.32162,2.06932,103.34924,0.07294,2.78729,5.41316,0.23278,0.13600,0.49668
25.45000,10.57360,8.52892,1.51368,35.39758,2.06336,103.40216,0.07287,2.78769,5.41037,0.23204,0.13412,0.49680
25.50000,10.51014,8.57018,1.51409,35.47351,2.05635,103.39859,0.07281,2.78817,5.41581,0.23135,0.13233,0.49689
25.55000,10.44563,8.60983,1.51452,35.54944,2.04878,103.34641,0.07275,2.78864,5.42292,0.23065,0.13058,0.49698
25.60000,10.38012,8.64782,1.51496,35.62536,2.04071,103.23619,0.07270,2.78916,5.43271,0.22994,0.12888,0.49705
25.65000,10.31362,8.68412,1.51541,35.70128,2.03289,103.08573,0.07267,2.78953,5.43397,0.22909,0.12722,0.49713
25.70000,10.24619,8.71870,1.51589,35.77719,2.02567,103.02298,0.07260,2.79022,5.44460,0.22840,0.12548,0.49718
25.75000,10.17787,8.75153,1.51637,35.85306,2.01850,102.94462,0.07253,2.79099,5.45782,0.22774,0.12379,0.49720
25.80000,10.10869,8.78259,1.51687,35.92890,2.01096,102.85878,0.07247,2.79162,5.46910,0.22706,0.12217,0.49724
25.85000,10.03872,8.81187,1.51739,36.00472,2.00431,102.93594,0.07242,2.79163,5.45944,0.22618,0.12051,0.49743
25.90000,9.96799,8.83936,1.51793,36.08053,1.99760,103.00171,0.07236,2.79185,5.45900,0.22542,0.11895,0.49756
25.95000,9.89656,8.86505,1.51850,36.15633,1.95637,105.24265,0.07338,2.78868,5.23977,0.21923,0.10948,0.49426
26.00000,9.82447,8.88893,1.51908,36.23211,1.95074,105.49706,0.07330,2.78928,5.23005,0.21847,0.10836,0.49439
26.05000,9.75179,8.91102,1.51969,36.30790,1.94495,105.70607,0.07326,2.78924,5.20851,0.21751,0.10726,0.49463
26.10000,9.67855,8.93131,1.52032,36.38371,1.93835,105.85557,0.07323,2.78901,5.19249,0.21661,0.10623,0.49487
26.15000,9.60481,8.94981,1.52096,36.45952,1.93155,105.96693,0.07322,2.78863,5.17728,0.21571,0.10527,0.49512
26.20000,9.53061,8.96654,1.52162,36.53524,1.92479,106.06069,0.07320,2.78815,5.16324,0.21483,0.10436,0.49537
26.25000,9.45600,8.98151,1.52231,36.61090,1.88323,108.23892,0.07444,2.78416,4.94380,0.20804,0.09695,0.49210
26.30000,9.38102,8.99475,1.52303,36.68666,1.87872,108.50162,0.07439,2.78440,4.93032,0.20733,0.09629,0.49226
26.35000,9.30573,9.00626,1.52376,36.76269,1.87394,108.73549,0.07433,2.78435,4.91874,0.20665,0.09563,0.49246
26.40000,9.23016,9.01608,1.52450,36.83889,1.86905,108.96012,0.07428,2.78415,4.90995,0.20604,0.09498,0.49267
26.45000,9.15436,9.02422,1.52525,36.91499,1.86449,109.16774,0.07425,2.78360,4.89423,0.20532,0.09439,0.49292
26.50000,9.07835,9.03070,1.52602,36.99092,1.85794,109.19207,0.07428,2.78280,4.88240,0.20458,0.09396,0.49317
26.55000,9.00219,9.03555,1.52680,37.06681,1.85149,109.20847,0.07433,2.78187,4.87073,0.20387,0.09359,0.49343
26.60000,8.92590,9.03879,1.52763,37.14281,1.80856,111.15805,0.07587,2.77722,4.67298,0.19691,0.08787,0.49009
26.65000,8.84951,9.04045,1.52847,37.21890,1.80247,111.15856,0.07596,2.77663,4.65931,0.19621,0.08774,0.49029
26.70000,8.77307,9.04057,1.52933,37.29503,1.79634,111.08737,0.07612,2.77541,4.63543,0.19528,0.08763,0.49057
26.75000,8.69660,9.03919,1.53022,37.37119,1.78948,110.95828,0.07629,2.77408,4.61759,0.19445,0.08757,0.49085
26.80000,8.62012,9.03632,1.53113,37.44739,1.78268,110.80797,0.07647,2.77258,4.59958,0.19362,0.08754,0.49113
26.85000,8.54366,9.03202,1.53207,37.52361,1.77611,110.65090,0.07667,2.77097,4.58173,0.19283,0.08754,0.49142
26.90000,8.46724,9.02633,1.53306,37.59987,1.73318,112.39873,0.07886,2.76520,4.38869,0.18539,0.08280,0.48810
26.95000,8.39089,9.01929,1.53407,37.67618,1.72838,112.32139,0.07909,2.76403,4.37022,0.18468,0.08290,0.48832
27.00000,8.31462,9.01095,1.53512,37.75254,1.72327,112.19238,0.07935,2.76260,4.35238,0.18398,0.08301,0.48857
27.05000,8.23844,9.00135,1.53619,37.82895,1.71805,112.02468,0.07963,2.76099,4.33519,0.18330,0.08315,0.48882
27.10000,8.16237,8.99053,1.53730,37.90542,1.71325,111.83572,0.07995,2.75912,4.31391,0.18255,0.08332,0.48910
27.15000,8.08641,8.97856,1.53843,37.98195,1.70829,111.61756,0.08029,2.75725,4.29655,0.18189,0.08354,0.48936
27.20000,8.01058,8.96547,1.53960,38.05855,1.70348,111.37914,0.08064,2.75533,4.27994,0.18128,0.08380,0.48961
27.25000,7.93488,8.95133,1.54083,38.13524,1.66128,112.98653,0.08380,2.74899,4.11219,0.17395,0.07974,0.48617
27.30000,7.85931,8.93619,1.54209,38.21199,1.65822,112.80898,0.08425,2.74742,4.09438,0.17340,0.08005,0.48636
27.35000,7.78388,8.92009,1.54339,38.28881,1.65479,112.58585,0.08472,2.74573,4.07940,0.17292,0.08037,0.48655
27.40000,7.70857,8.90310,1.54472,38.36572,1.65137,112.33529,0.08521,2.74394,4.06533,0.17248,0.08071,0.48674
27.45000,7.63339,8.88526,1.54608,38.44271,1.64808,112.06681,0.08573,2.74209,4.05212,0.17208,0.08109,0.48693
27.50000,7.55832,8.86663,1.54748,38.51978,1.64502,111.78690,0.08626,2.74023,4.03971,0.17173,0.08150,0.48711
27.55000,7.48338,8.84726,1.54891,38.59695,1.64250,111.50528,0.08682,2.73827,4.02553,0.17137,0.08193,0.48729
27.60000,7.40854,8.82720,1.55037,38.67420,1.64013,111.21643,0.08737,2.73639,4.01416,0.17111,0.08240,0.48745
27.65000,7.33379,8.80652,1.55187,38.75155,1.63813,110.92648,0.08794,2.73454,4.00358,0.17090,0.08290,0.48759
27.70000,7.25913,8.78525,1.55340,38.82900,1.63649,110.63725,0.08851,2.73272,3.99369,0.17075,0.08343,0.48772
27.75000,7.18454,8.76347,1.55497,38.90654,1.63536,110.35289,0.08909,2.73088,3.98303,0.17062,0.08399,0.48784
27.80000,7.11000,8.74120,1.55657,38.98418,1.63450,110.06901,0.08968,2.72913,3.97415,0.17057,0.08458,0.48795
27.85000,7.03551,8.71852,1.55820,39.06192,1.63401,109.78872,0.09026,2.72742,3.96594,0.17058,0.08520,0.48804
27.90000,6.96105,8.69546,1.55986,39.13976,1.63389,109.51333,0.09085,2.72577,3.95835,0.17063,0.08584,0.48811
27.95000,6.88660,8.67207,1.56155,39.21771,1.63422,109.24549,0.09144,2.72416,3.95080,0.17072,0.08651,0.48818
28.00000,6.81215,8.64841,1.56328,39.29576,1.63488,108.98408,0.09202,2.72264,3.94439,0.17088,0.08720,0.48823
28.05000,6.73768,8.62452,1.56503,39.37392,1.63592,108.73060,0.09259,2.72119,3.93867,0.17109,0.08791,0.48827
28.10000,6.66318,8.60044,1.56682,39.45217,1.63734,108.48534,0.09316,2.71982,3.93357,0.17134,0.08864,0.48829
28.15000,6.58863,8.57622,1.56863,39.53053,1.63915,108.24859,0.09372,2.71853,3.92909,0.17165,0.08940,0.48830
28.20000,6.51402,8.55189,1.57046,39.60900,1.64134,108.02070,0.09426,2.71733,3.92522,0.17201,0.09018,0.48829
28.25000,6.43933,8.52751,1.57232,39.68756,1.64388,107.80215,0.09480,2.71621,3.92201,0.17242,0.09098,0.48827
28.30000,6.36454,8.50310,1.57425,39.76623,1.64676,107.59344,0.09531,2.71518,3.91934,0.17287,0.09179,0.48824
28.35000,6.28965,8.47872,1.57627,39.84501,1.64997,107.39459,0.09582,2.71424,3.91716,0.17336,0.09262,0.48819
28.40000,6.21463,8.45439,1.57837,39.92389,1.65346,107.20549,0.09630,2.71338,3.91544,0.17388,0.09347,0.48814
28.45000,6.13947,8.43015,1.58056,40.00289,1.65717,107.02475,0.09676,2.71263,3.91476,0.17445,0.09432,0.48807
28.50000,6.06415,8.40605,1.58282,40.08200,1.66118,106.85463,0.09721,2.71196,3.91420,0.17504,0.09517,0.48799
28.55000,5.98866,8.38210,1.58513,40.16123,1.66544,106.69481,0.09763,2.71139,3.91409,0.17566,0.09603,0.48790
28.60000,5.91299,8.35833,1.58751,40.24058,1.66996,106.54566,0.09802,2.71091,3.91440,0.17630,0.09690,0.48780
28.65000,5.83712,8.33477,1.58995,40.32005,1.67466,106.40604,0.09839,2.71055,3.91579,0.17698,0.09776,0.48769
28.70000,5.76106,8.31144,1.59242,40.39964,1.67963,106.27884,0.09872,2.71027,3.91722,0.17768,0.09862,0.48757
28.75000,5.68480,8.28836,1.59494,40.47936,1.68482,106.16401,0.09903,2.71009,3.91905,0.17839,0.09947,0.48743
28.80000,5.60832,8.26553,1.59749,40.55920,1.69022,106.06203,0.09930,2.71001,3.92126,0.17912,0.10031,0.48729
28.85000,5.53162,8.24299,1.60007,40.63917,1.69581,105.97293,0.09954,2.71002,3.92385,0.17987,0.10114,0.48714
28.90000,5.45471,8.22072,1.60268,40.71926,1.70148,105.89418,0.09974,2.71016,3.92773,0.18065,0.10196,0.48698
28.95000,5.37759,8.19874,1.60529,40.79949,1.70731,105.82809,0.09991,2.71038,3.93147,0.18142,0.10275,0.48681
29.00000,5.30024,8.17705,1.60792,40.87984,1.71322,105.77297,0.10004,2.71069,3.93565,0.18220,0.10352,0.48663
29.05000,5.22268,8.15565,1.61054,40.96031,1.71921,105.72868,0.10013,2.71110,3.94030,0.18298,0.10426,0.48644
29.10000,5.14490,8.13454,1.61317,41.04091,1.72525,105.69542,0.10019,2.71160,3.94542,0.18377,0.10496,0.48625
29.15000,5.06691,8.11371,1.61578,41.12165,1.73127,105.67173,0.10019,2.71223,3.95187,0.18458,0.10564,0.48604
29.20000,4.98871,8.09315,1.61838,41.20253,1.73738,105.66117,0.10017,2.71294,3.95824,0.18537,0.10628,0.48583
29.25000,4.91031,8.07286,1.62095,41.28350,1.74352,105.66303,0.10010,2.71373,3.96507,0.18617,0.10687,0.48561
29.30000,4.83171,8.05282,1.62346,41.36452,1.78705,103.62518,0.09459,2.71974,4.11495,0.19352,0.11536,0.48911
29.35000,4.75293,8.03303,1.62592,41.44579,1.79219,103.57216,0.09450,2.72020,4.12339,0.19424,0.11594,0.48897
29.40000,4.67396,8.01346,1.62835,41.52759,1.79768,103.56245,0.09437,2.72090,4.13249,0.19497,0.11649,0.48878
29.45000,4.59482,7.99409,1.63073,41.60982,1.80329,103.58287,0.09418,2.72181,4.14297,0.19572,0.11700,0.48857
29.50000,4.51551,7.97491,1.63306,41.69193,1.80902,103.62917,0.09396,2.72284,4.15329,0.19645,0.11744,0.48835
29.55000,4.43604,7.95590,1.63535,41.77376,1.81470,103.69474,0.09371,2.72399,4.16404,0.19717,0.11782,0.48813
29.60000,4.35642,7.93704,1.63754,41.85558,1.85698,101.65832,0.08908,2.73000,4.33073,0.20413,0.12718,0.49156
29.65000,4.27667,7.91829,1.63969,41.93750,1.86132,101.65758,0.08887,2.73070,4.34347,0.20473,0.12739,0.49142
29.70000,4.19678,7.89964,1.64178,42.01955,1.86591,101.70530,0.08861,2.73169,4.35715,0.20534,0.12757,0.49124
29.75000,4.11677,7.88106,1.64383,42.10168,1.87062,101.78978,0.08832,2.73286,4.37095,0.20594,0.12768,0.49104
29.80000,4.03664,7.86252,1.64582,42.18390,1.87533,101.90165,0.08801,2.73418,4.38508,0.20652,0.12772,0.49083
29.85000,3.95642,7.84398,1.64777,42.26623,1.87995,102.03470,0.08768,2.73561,4.39947,0.20709,0.12768,0.49061
29.90000,3.87610,7.82543,1.64964,42.34868,1.92032,100.01058,0.08398,2.74149,4.58420,0.21357,0.13753,0.49399
29.95000,3.79569,7.80682,1.65145,42.43120,1.92344,100.05906,0.08373,2.74228,4.60039,0.21401,0.13726,0.49387
30.00000,3.71522,7.78812,1.65323,42.51382,1.92687,100.15873,0.08346,2.74330,4.61619,0.21444,0.13699,0.49372
30.05000,3.63469,7.76929,1.65495,42.59652,1.93041,100.29346,0.08317,2.74450,4.63211,0.21488,0.13669,0.49355
30.10000,3.55411,7.75030,1.65664,42.67932,1.93402,100.45357,0.08288,2.74580,4.64779,0.21531,0.13637,0.49337
30.15000,3.47349,7.73111,1.65828,42.76220,1.93764,100.63228,0.08259,2.74715,4.66310,0.21573,0.13603,0.49319
30.20000,3.39284,7.71167,1.65984,42.84519,1.97627,98.60448,0.07977,2.75258,4.86348,0.22173,0.14634,0.49653
30.25000,3.31218,7.69196,1.66137,42.92826,1.97867,98.67801,0.07959,2.75303,4.87806,0.22203,0.14585,0.49647
30.30000,3.23153,7.67193,1.66286,43.01140,1.98152,98.80221,0.07939,2.75370,4.89229,0.22235,0.14546,0.49637
30.35000,3.15089,7.65153,1.66431,43.09462,1.98475,98.96310,0.07920,2.75448,4.90529,0.22270,0.14515,0.49625
30.40000,3.07028,7.63073,1.66572,43.17792,1.98827,99.14972,0.07901,2.75530,4.91692,0.22305,0.14492,0.49613
30.45000,2.98972,7.60947,1.66710,43.26131,1.99202,99.35393,0.07883,2.75610,4.92709,0.22342,0.14477,0.49602
30.50000,2.90922,7.58772,1.66843,43.34479,2.03001,97.31047,0.07673,2.76069,5.13562,0.22903,0.15607,0.49932
30.55000,2.82879,7.56544,1.66972,43.42833,2.03275,97.38929,0.07665,2.76040,5.14181,0.22927,0.15591,0.49933
30.60000,2.74847,7.54257,1.67099,43.51194,2.03595,97.51484,0.07657,2.76031,5.14770,0.22955,0.15590,0.49930
30.65000,2.66826,7.51907,1.67223,43.59563,2.03951,97.67478,0.07648,2.76032,5.15185,0.22985,0.15602,0.49926
30.70000,2.58818,7.49490,1.67345,43.67938,2.04331,97.85833,0.07641,2.76038,5.15439,0.23016,0.15622,0.49922
30.75000,2.50827,7.47001,1.67465,43.76321,2.04724,98.05708,0.07633,2.76046,5.15551,0.23047,0.15649,0.49918
30.80000,2.42853,7.44436,1.67582,43.84711,2.05121,98.26416,0.07627,2.76054,5.15544,0.23078,0.15681,0.49914
30.85000,2.34900,7.41789,1.67699,43.93107,2.05533,98.47930,0.07621,2.76053,5.15111,0.23104,0.15716,0.49913
30.90000,2.26970,7.39057,1.67813,44.01510,2.05922,98.68914,0.07616,2.76056,5.14813,0.23131,0.15752,0.49911
30.95000,2.19065,7.36235,1.67927,44.09919,2.06291,98.89296,0.07611,2.76058,5.14467,0.23156,0.15788,0.49909
31.00000,2.11188,7.33320,1.68038,44.18335,2.06636,99.08724,0.07607,2.76059,5.14103,0.23179,0.15822,0.49908
31.05000,2.03341,7.30308,1.68149,44.26758,2.06950,99.26866,0.07603,2.76061,5.13754,0.23200,0.15853,0.49908
31.10000,1.95529,7.27194,1.68258,44.35186,2.07230,99.43397,0.07599,2.76065,5.13450,0.23218,0.15879,0.49907
31.15000,1.87753,7.23975,1.68365,44.43620,2.07473,99.57997,0.07596,2.76071,5.13221,0.23234,0.15899,0.49906
31.20000,1.80018,7.20648,1.68472,44.52060,2.07709,99.71285,0.07593,2.76070,5.12557,0.23241,0.15912,0.49907
31.25000,1.72324,7.17211,1.68577,44.60505,2.07885,99.81601,0.07590,2.76083,5.12400,0.23250,0.15919,0.49906
31.30000,1.64677,7.13660,1.68681,44.68956,2.08020,99.89423,0.07587,2.76102,5.12375,0.23258,0.15920,0.49905
31.35000,1.57079,7.09993,1.68784,44.77412,2.08116,99.94727,0.07584,2.76128,5.12495,0.23263,0.15913,0.49902
31.40000,1.49533,7.06209,1.68885,44.85873,2.08174,99.97563,0.07581,2.76161,5.12766,0.23266,0.15898,0.49899
31.45000,1.42043,7.02305,1.68985,44.94339,2.08196,99.98061,0.07578,2.76200,5.13184,0.23267,0.15876,0.49895
31.50000,1.34611,6.98281,1.69083,45.02810,2.08216,99.97340,0.07575,2.76235,5.13197,0.23260,0.15846,0.49892
31.55000,1.27240,6.94135,1.69180,45.11285,2.08185,99.94219,0.07572,2.76284,5.13724,0.23256,0.15810,0.49887
31.60000,1.19935,6.89866,1.69276,45.19765,2.08127,99.89670,0.07568,2.76339,5.14360,0.23251,0.15767,0.49882
31.65000,1.12697,6.85475,1.69370,45.28250,2.08047,99.84165,0.07564,2.76398,5.15090,0.23244,0.15718,0.49876
31.70000,1.05529,6.80960,1.69462,45.36739,2.07950,99.78223,0.07560,2.76461,5.15892,0.23236,0.15664,0.49870
31.75000,0.98435,6.76323,1.69553,45.45231,2.07844,99.72403,0.07556,2.76527,5.16740,0.23228,0.15605,0.49864
31.80000,0.91417,6.71564,1.69641,45.53727,2.07736,99.67268,0.07551,2.76594,5.17602,0.23220,0.15544,0.49857
31.85000,0.84478,6.66682,1.69729,45.62227,2.07672,99.64380,0.07547,2.76646,5.17813,0.23204,0.15481,0.49854
31.90000,0.77620,6.61679,1.69815,45.70729,2.07594,99.62399,0.07541,2.76706,5.18474,0.23195,0.15419,0.49849
31.95000,0.70847,6.56556,1.69899,45.79234,2.07532,99.62380,0.07536,2.76764,5.19080,0.23188,0.15359,0.49845
32.00000,0.64161,6.51312,1.69981,45.87742,2.07488,99.64514,0.07530,2.76817,5.19620,0.23181,0.15302,0.49841
32.05000,0.57564,6.45951,1.70062,45.96253,2.07464,99.68862,0.07524,2.76867,5.20087,0.23176,0.15247,0.49838
32.10000,0.51060,6.40471,1.70142,46.04767,2.07459,99.75374,0.07518,2.76911,5.20480,0.23172,0.15196,0.49836
32.15000,0.44650,6.34874,1.70220,46.13283,2.07503,99.84768,0.07513,2.76939,5.20273,0.23163,0.15148,0.49836
32.20000,0.38338,6.29163,1.70297,46.21802,2.07541,99.95422,0.07507,2.76970,5.20378,0.23160,0.15105,0.49836
32.25000,0.32126,6.23336,1.70373,46.30325,2.07592,100.07637,0.07502,2.76995,5.20419,0.23159,0.15067,0.49836
32.30000,0.26018,6.17396,1.70447,46.38850,2.07650,100.21085,0.07496,2.77015,5.20405,0.23158,0.15032,0.49837
32.35000,0.20015,6.11344,1.70521,46.47379,2.07710,100.35383,0.07491,2.77030,5.20347,0.23158,0.15001,0.49839
32.40000,0.14122,6.05181,1.70593,46.55912,2.07767,100.50126,0.07486,2.77040,5.20257,0.23159,0.14973,0.49841
32.45000,0.08340,5.98907,1.70664,46.64448,2.07814,100.64902,0.07481,2.77046,5.20150,0.23159,0.14947,0.49844
32.50000,0.02673,5.92525,1.70735,46.72987,2.07878,100.80322,0.07478,2.77036,5.19424,0.23151,0.14920,0.49850
32.55000,-0.02875,5.86035,1.70805,46.81530,2.07895,100.94383,0.07474,2.77032,5.19153,0.23148,0.14893,0.49855
32.60000,-0.08302,5.79438,1.70875,46.90077,2.07883,101.07403,0.07470,2.77028,5.18905,0.23142,0.14864,0.49860
32.65000,-0.13604,5.72737,1.70944,46.98628,2.07838,101.19050,0.07467,2.77022,5.18698,0.23135,0.14832,0.49865
32.70000,-0.18778,5.65931,1.71013,47.07182,2.07760,101.29031,0.07464,2.77018,5.18547,0.23125,0.14796,0.49870
32.75000,-0.23821,5.59024,1.71082,47.15740,2.07646,101.37098,0.07461,2.77014,5.18468,0.23113,0.14757,0.49875
32.80000,-0.28729,5.52017,1.71151,47.24302,2.07498,101.43066,0.07459,2.77013,5.18472,0.23100,0.14713,0.49880
32.85000,-0.33501,5.44911,1.71221,47.32866,2.07357,101.47980,0.07457,2.77000,5.17850,0.23075,0.14664,0.49888
32.90000,-0.38131,5.37708,1.71290,47.41434,2.07151,101.49877,0.07455,2.77001,5.17860,0.23054,0.14612,0.49893
32.95000,-0.42619,5.30412,1.71360,47.50004,2.06909,101.49573,0.07454,2.77006,5.17967,0.23032,0.14554,0.49897
33.00000,-0.46961,5.23023,1.71431,47.58579,2.06634,101.47144,0.07452,2.77015,5.18171,0.23007,0.14491,0.49901
33.05000,-0.51154,5.15546,1.71503,47.67158,2.06327,101.42691,0.07450,2.77029,5.18471,0.22980,0.14424,0.49904
33.10000,-0.55197,5.07981,1.71575,47.75738,2.05989,101.36358,0.07448,2.77046,5.18860,0.22951,0.14352,0.49907
33.15000,-0.59087,5.00333,1.71648,47.84320,2.05623,101.28374,0.07446,2.77067,5.19335,0.22920,0.14275,0.49910
33.20000,-0.62823,4.92605,1.71723,47.92904,2.05275,101.20258,0.07446,2.77076,5.19160,0.22878,0.14192,0.49915
33.25000,-0.66403,4.84799,1.71798,48.01491,2.04874,101.10467,0.07444,2.77101,5.19620,0.22842,0.14106,0.49918
33.30000,-0.69827,4.76919,1.71875,48.10081,2.04453,101.00346,0.07442,2.77130,5.20142,0.22804,0.14014,0.49920
33.35000,-0.73092,4.68968,1.71953,48.18673,2.04017,100.90412,0.07439,2.77161,5.20711,0.22765,0.13918,0.49922
33.40000,-0.76199,4.60949,1.72032,48.27268,2.03568,100.81114,0.07436,2.77195,5.21309,0.22724,0.13817,0.49925
33.45000,-0.79148,4.52867,1.72112,48.35865,2.03107,100.72817,0.07432,2.77230,5.21923,0.22683,0.13711,0.49928
33.50000,-0.81938,4.44724,1.72193,48.44465,2.02637,100.65787,0.07428,2.77265,5.22539,0.22640,0.13602,0.49931
33.55000,-0.84569,4.36524,1.72276,48.53068,2.02200,100.61240,0.07425,2.77287,5.22502,0.22588,0.13489,0.49937
33.60000,-0.87043,4.28271,1.72359,48.61675,2.01728,100.57449,0.07420,2.77320,5.22977,0.22542,0.13374,0.49942
33.65000,-0.89358,4.19968,1.72444,48.70285,2.01251,100.55183,0.07415,2.77351,5.23454,0.22496,0.13258,0.49947
33.70000,-0.91516,4.11618,1.72529,48.78899,2.00769,100.54430,0.07410,2.77383,5.23933,0.22449,0.13140,0.49953
33.75000,-0.93519,4.03225,1.72616,48.87516,2.00282,100.55138,0.07404,2.77412,5.24410,0.22402,0.13022,0.49959
33.80000,-0.95365,3.94792,1.72703,48.96138,1.99790,100.57193,0.07398,2.77440,5.24885,0.22356,0.12903,0.49966
33.85000,-0.97058,3.86323,1.72791,49.04764,1.99292,100.60383,0.07392,2.77466,5.25357,0.22309,0.12785,0.49973
33.90000,-0.98596,3.77819,1.72882,49.13396,1.95382,102.86758,0.07524,2.77134,5.04654,0.21702,0.11780,0.49644
33.95000,-0.99982,3.69284,1.72974,49.22031,1.95035,103.06878,0.07513,2.77249,5.04840,0.21662,0.11690,0.49643
34.00000,-1.01216,3.60722,1.73066,49.30671,1.94628,103.22183,0.07503,2.77332,5.05024,0.21618,0.11595,0.49647
34.05000,-1.02300,3.52135,1.73160,49.39316,1.94175,103.33928,0.07495,2.77390,5.05194,0.21571,0.11500,0.49653
34.10000,-1.03234,3.43525,1.73254,49.47966,1.93689,103.42955,0.07489,2.77428,5.05336,0.21522,0.11406,0.49662
34.15000,-1.04020,3.34896,1.73349,49.56621,1.93176,103.49847,0.07483,2.77450,5.05437,0.21471,0.11315,0.49672
34.20000,-1.04659,3.26249,1.73447,49.65281,1.89114,105.68580,0.07634,2.77108,4.85895,0.20833,0.10480,0.49333
34.25000,-1.05151,3.17589,1.73546,49.73946,1.88748,105.86688,0.07626,2.77182,4.85307,0.20781,0.10415,0.49339
34.30000,-1.05499,3.08916,1.73647,49.82616,1.88298,105.98283,0.07621,2.77226,4.85015,0.20730,0.10350,0.49347
34.35000,-1.05703,3.00234,1.73748,49.91290,1.87807,106.05549,0.07617,2.77241,4.84663,0.20675,0.10286,0.49359
34.40000,-1.05765,2.91544,1.73851,49.99969,1.87291,106.09546,0.07616,2.77234,4.84249,0.20619,0.10226,0.49373
34.45000,-1.05686,2.82849,1.73955,50.08653,1.86758,106.10988,0.07616,2.77208,4.83767,0.20561,0.10170,0.49388
34.50000,-1.05468,2.74152,1.74063,50.17343,1.82599,108.15531,0.07800,2.76800,4.64811,0.19884,0.09489,0.49046
34.55000,-1.05113,2.65453,1.74172,50.26037,1.82188,108.25027,0.07799,2.76826,4.64140,0.19833,0.09454,0.49054
34.60000,-1.04623,2.56756,1.74283,50.34736,1.81730,108.28876,0.07802,2.76814,4.63405,0.19778,0.09420,0.49067
34.65000,-1.03999,2.48061,1.74396,50.43441,1.81281,108.29509,0.07808,2.76765,4.62158,0.19713,0.09389,0.49086
34.70000,-1.03244,2.39371,1.74511,50.52150,1.80797,108.26620,0.07815,2.76704,4.61211,0.19654,0.09362,0.49103
34.75000,-1.02360,2.30688,1.74631,50.60865,1.76624,110.18628,0.08048,2.76233,4.43075,0.18950,0.08796,0.48756
34.80000,-1.01350,2.22012,1.74753,50.69586,1.76264,110.21551,0.08058,2.76208,4.42012,0.18899,0.08784,0.48768
34.85000,-1.00217,2.13345,1.74877,50.78312,1.75870,110.19261,0.08071,2.76149,4.40899,0.18846,0.08775,0.48784
34.90000,-0.98963,2.04688,1.75003,50.87044,1.75464,110.13381,0.08087,2.76066,4.39746,0.18792,0.08769,0.48802
34.95000,-0.97591,1.96043,1.75133,50.95782,1.75063,110.04915,0.08105,2.75965,4.38557,0.18740,0.08769,0.48821
35.00000,-0.96105,1.87410,1.75268,51.04526,1.74676,109.94497,0.08125,2.75850,4.37338,0.18690,0.08773,0.48841
35.05000,-0.94506,1.78790,1.75412,51.13278,1.70592,111.73366,0.08438,2.75286,4.20029,0.17968,0.08300,0.48490
35.10000,-0.92797,1.70184,1.75564,51.22037,1.70360,111.68596,0.08464,2.75202,4.18746,0.17927,0.08315,0.48503
35.15000,-0.90981,1.61592,1.75723,51.30803,1.70116,111.59617,0.08494,2.75091,4.17451,0.17889,0.08332,0.48519
35.20000,-0.89062,1.53014,1.75890,51.39577,1.69880,111.47786,0.08528,2.74962,4.16157,0.17853,0.08354,0.48537
35.25000,-0.87043,1.44450,1.76062,51.48360,1.69665,111.33916,0.08564,2.74819,4.14869,0.17821,0.08381,0.48554
35.30000,-0.84929,1.35899,1.76241,51.57153,1.69480,111.18515,0.08603,2.74667,4.13588,0.17793,0.08414,0.48572
35.35000,-0.82725,1.27363,1.76425,51.65954,1.69331,111.01926,0.08645,2.74506,4.12314,0.17770,0.08453,0.48589
35.40000,-0.80434,1.18839,1.76614,51.74766,1.69221,110.84387,0.08689,2.74338,4.11047,0.17753,0.08498,0.48605
35.45000,-0.78062,1.10328,1.76807,51.83588,1.69174,110.66461,0.08738,2.74158,4.09590,0.17736,0.08549,0.48622
35.50000,-0.75614,1.01829,1.77005,51.92420,1.69160,110.47561,0.08787,2.73979,4.08316,0.17729,0.08607,0.48636
35.55000,-0.73094,0.93340,1.77206,52.01263,1.69195,110.28099,0.08839,2.73796,4.07053,0.17728,0.08672,0.48650
35.60000,-0.70506,0.84860,1.77409,52.10117,1.69283,110.08166,0.08894,2.73609,4.05801,0.17734,0.08744,0.48663
35.65000,-0.67857,0.76389,1.77615,52.18982,1.69425,109.87853,0.08952,2.73419,4.04561,0.17746,0.08823,0.48674
35.70000,-0.65151,0.67925,1.77822,52.27858,1.69621,109.67258,0.09012,2.73228,4.03335,0.17764,0.08909,0.48685
35.75000,-0.62392,0.59468,1.78031,52.36745,1.69870,109.46479,0.09074,2.73035,4.02128,0.17789,0.09002,0.48694
35.80000,-0.59586,0.51015,1.78240,52.45643,1.70174,109.25604,0.09139,2.72843,4.00941,0.17820,0.09103,0.48701
35.85000,-0.56736,0.42565,1.78449,52.54554,1.70540,109.04852,0.09207,2.72648,3.99694,0.17855,0.09211,0.48708
35.90000,-0.53847,0.34118,1.78658,52.63476,1.70955,108.83929,0.09276,2.72457,3.98546,0.17899,0.09327,0.48714
35.95000,-0.50924,0.25671,1.78865,52.72407,1.71427,108.63007,0.09348,2.72268,3.97430,0.17949,0.09450,0.48717
36.00000,-0.47969,0.17225,1.79070,52.81349,1.71951,108.42160,0.09421,2.72082,3.96352,0.18006,0.09582,0.48719
36.05000,-0.44988,0.08777,1.79273,52.90316,1.72525,108.21480,0.09496,2.71901,3.95321,0.18068,0.09721,0.48719
36.10000,-0.41984,0.00326,1.79473,52.99313,1.73146,108.01033,0.09572,2.71727,3.94345,0.18136,0.09866,0.48718
36.15000,-0.38959,-0.08128,1.79668,53.08331,1.73809,107.80887,0.09648,2.71561,3.93433,0.18209,0.10018,0.48715
36.20000,-0.35918,-0.16586,1.79860,53.17358,1.74513,107.61132,0.09723,2.71405,3.92595,0.18287,0.10176,0.48710
36.25000,-0.32863,-0.25049,1.80047,53.26381,1.75251,107.41853,0.09798,2.71261,3.91842,0.18370,0.10337,0.48703
36.30000,-0.29797,-0.33518,1.80229,53.35393,1.76019,107.23114,0.09871,2.71130,3.91185,0.18457,0.10502,0.48694
36.35000,-0.26722,-0.41993,1.80406,53.44406,1.76809,107.04959,0.09941,2.71015,3.90633,0.18547,0.10669,0.48683
36.40000,-0.23641,-0.50475,1.80578,53.53430,1.77617,106.87384,0.10008,2.70917,3.90211,0.18641,0.10837,0.48669
36.45000,-0.20555,-0.58965,1.80745,53.62463,1.78441,106.70492,0.10070,2.70838,3.89918,0.18737,0.11004,0.48653
36.50000,-0.17467,-0.67462,1.80891,53.71504,1.92662,105.56189,0.09744,2.69636,4.36996,0.18714,0.11610,0.48622
36.55000,-0.14378,-0.75967,1.81030,53.80551,1.93657,105.41455,0.09794,2.69583,4.37705,0.18823,0.11851,0.48579
36.60000,-0.11289,-0.84478,1.81165,53.89606,1.94610,105.27481,0.09836,2.69558,4.38358,0.18931,0.12069,0.48542
36.65000,-0.08202,-0.92998,1.81293,53.98666,1.95532,105.14540,0.09872,2.69560,4.39023,0.19040,0.12267,0.48508
36.70000,-0.05117,-1.01525,1.81417,54.07733,1.96432,105.02796,0.09900,2.69586,4.39752,0.19149,0.12451,0.48474
36.75000,-0.02035,-1.10059,1.81535,54.16806,1.97317,104.92386,0.09922,2.69635,4.40579,0.19259,0.12621,0.48441
36.80000,0.01044,-1.18600,1.81636,54.25885,2.10624,103.82374,0.09574,2.68523,4.99303,0.19250,0.13306,0.48392
36.85000,0.04119,-1.27148,1.81731,54.34968,2.11576,103.74754,0.09585,2.68600,5.01471,0.19369,0.13539,0.48333
36.90000,0.07192,-1.35702,1.81821,54.44055,2.12478,103.68887,0.09588,2.68703,5.03486,0.19486,0.13735,0.48281
36.95000,0.10263,-1.44261,1.81906,54.53147,2.13349,103.65223,0.09584,2.68828,5.05440,0.19602,0.13905,0.48233
37.00000,0.13334,-1.52824,1.81986,54.62242,2.14199,103.64043,0.09573,2.68972,5.07383,0.19718,0.14055,0.48187
37.05000,0.16405,-1.61391,1.82053,54.71342,2.26205,102.62063,0.09237,2.67920,5.79092,0.19714,0.14775,0.48126
37.10000,0.19478,-1.69961,1.82115,54.80444,2.27057,102.64881,0.09222,2.68073,5.82426,0.19835,0.14977,0.48058
37.15000,0.22556,-1.78532,1.82173,54.89549,2.27860,102.70226,0.09200,2.68246,5.85485,0.19952,0.15137,0.47999
37.20000,0.25643,-1.87104,1.82226,54.98657,2.28627,102.78476,0.09173,2.68437,5.88385,0.20066,0.15264,0.47945
37.25000,0.28740,-1.95673,1.82275,55.07768,2.29367,102.89881,0.09141,2.68642,5.91191,0.20178,0.15365,0.47894
37.30000,0.31854,-2.04240,1.82320,55.16881,2.30088,103.04547,0.09104,2.68856,5.93939,0.20287,0.15446,0.47847
37.35000,0.34986,-2.12802,1.82359,55.25997,2.40459,102.17336,0.08798,2.67854,6.35402,0.20277,0.16141,0.47785
37.40000,0.38140,-2.21358,1.82393,55.35115,2.41138,102.36165,0.08764,2.68052,6.37130,0.20385,0.16269,0.47717
37.45000,0.41323,-2.29905,1.82423,55.44235,2.41772,102.57580,0.08726,2.68264,6.38708,0.20488,0.16354,0.47659
37.50000,0.44540,-2.38441,1.82450,55.53357,2.42375,102.81576,0.08685,2.68486,6.40165,0.20587,0.16408,0.47607
37.55000,0.47796,-2.46963,1.82473,55.62482,2.42951,103.07903,0.08643,2.68714,6.41536,0.20682,0.16439,0.47560
37.60000,0.51099,-2.55468,1.82491,55.71609,2.51749,102.29996,0.08385,2.67707,6.81114,0.20656,0.17106,0.47501
37.65000,0.54452,-2.63955,1.82505,55.80738,2.52245,102.56771,0.08349,2.67906,6.82836,0.20747,0.17176,0.47436
37.70000,0.57865,-2.72418,1.82515,55.89869,2.52704,102.85035,0.08312,2.68116,6.84355,0.20831,0.17206,0.47382
37.75000,0.61344,-2.80855,1.82521,55.99001,2.53134,103.14535,0.08274,2.68332,6.85736,0.20911,0.17209,0.47335
37.80000,0.64898,-2.89260,1.82524,56.08136,2.53541,103.44807,0.08236,2.68553,6.87027,0.20987,0.17194,0.47292
37.85000,0.68535,-2.97631,1.82523,56.17272,2.53927,103.75511,0.08199,2.68773,6.88246,0.21059,0.17167,0.47254
37.90000,0.72261,-3.05961,1.82518,56.26410,2.54293,104.06360,0.08162,2.68990,6.89400,0.21127,0.17131,0.47218
37.95000,0.76087,-3.14246,1.82509,56.35550,2.54639,104.37041,0.08127,2.69202,6.90499,0.21191,0.17089,0.47185
38.00000,0.80020,-3.22480,1.82496,56.44691,2.54982,104.68143,0.08095,2.69394,6.91275,0.21245,0.17042,0.47157
38.05000,0.84069,-3.30657,1.82479,56.53833,2.55296,104.98392,0.08063,2.69587,6.92186,0.21300,0.16992,0.47129
38.10000,0.88242,-3.38770,1.82459,56.62976,2.55591,105.28195,0.08033,2.69771,6.93032,0.21351,0.16941,0.47103
38.15000,0.92546,-3.46813,1.82434,56.72120,2.55869,105.57461,0.08004,2.69945,6.93816,0.21399,0.16887,0.47079
38.20000,0.96992,-3.54777,1.82405,56.81264,2.56130,105.86107,0.07977,2.70110,6.94540,0.21442,0.16831,0.47057
38.25000,1.01586,-3.62654,1.82373,56.90409,2.56372,106.14005,0.07951,2.70265,6.95205,0.21482,0.16774,0.47037
38.30000,1.06338,-3.70436,1.82336,56.99552,2.56598,106.41289,0.07927,2.70411,6.95811,0.21518,0.16716,0.47019
38.35000,1.11253,-3.78113,1.82295,57.08695,2.56810,106.68116,0.07903,2.70548,6.96360,0.21551,0.16657,0.47002
38.40000,1.16341,-3.85674,1.82250,57.17837,2.57006,106.94374,0.07881,2.70677,6.96854,0.21580,0.16597,0.46987
38.45000,1.21607,-3.93109,1.82200,57.26977,2.57187,107.19934,0.07860,2.70796,6.97296,0.21607,0.16536,0.46974
38.50000,1.27060,-4.00405,1.82147,57.36114,2.57351,107.44756,0.07841,2.70908,6.97694,0.21630,0.16475,0.46963
38.55000,1.32704,-4.07551,1.82089,57.45250,2.57524,107.69690,0.07824,2.70991,6.97597,0.21639,0.16411,0.46957
38.60000,1.38546,-4.14531,1.82027,57.54382,2.57659,107.92593,0.07807,2.71085,6.97833,0.21653,0.16348,0.46949
38.65000,1.44591,-4.21333,1.81959,57.63511,2.57774,108.14257,0.07791,2.71172,6.98049,0.21665,0.16283,0.46942
38.70000,1.50842,-4.27940,1.81888,57.72637,2.57869,108.34670,0.07775,2.71256,6.98256,0.21673,0.16216,0.46936
38.75000,1.57305,-4.34336,1.81812,57.81758,2.57944,108.53804,0.07761,2.71337,6.98462,0.21678,0.16146,0.46932
38.80000,1.63979,-4.40503,1.81731,57.90875,2.57999,108.71616,0.07747,2.71415,6.98675,0.21681,0.16073,0.46928
38.85000,1.70868,-4.46425,1.81645,57.99988,2.58035,108.88069,0.07733,2.71492,6.98902,0.21681,0.15999,0.46925
38.90000,1.77971,-4.52081,1.81555,58.09096,2.58050,109.03167,0.07720,2.71567,6.99151,0.21679,0.15921,0.46923
38.95000,1.85286,-4.57452,1.81460,58.18199,2.58044,109.16906,0.07708,2.71641,6.99425,0.21674,0.15841,0.46921
39.00000,1.92809,-4.62518,1.81360,58.27297,2.58016,109.29270,0.07696,2.71715,6.99729,0.21666,0.15756,0.46920
39.05000,2.00536,-4.67258,1.81256,58.36389,2.57964,109.40360,0.07684,2.71791,7.00069,0.21656,0.15666,0.46919
39.10000,2.08460,-4.71650,1.81147,58.45475,2.57889,109.50312,0.07673,2.71868,7.00447,0.21643,0.15571,0.46919
39.15000,2.16570,-4.75674,1.81035,58.54555,2.57841,109.61354,0.07664,2.71908,6.99978,0.21605,0.15466,0.46928
39.20000,2.24857,-4.79308,1.80918,58.63628,2.57732,109.69793,0.07654,2.71982,7.00268,0.21582,0.15359,0.46930
39.25000,2.33304,-4.82532,1.80798,58.72694,2.57603,109.77393,0.07643,2.72058,7.00592,0.21556,0.15247,0.46934
39.30000,2.41898,-4.85326,1.80675,58.81753,2.57453,109.84270,0.07632,2.72136,7.00952,0.21528,0.15129,0.46937
39.35000,2.50617,-4.87672,1.80550,58.90805,2.57283,109.90554,0.07621,2.72216,7.01346,0.21498,0.15006,0.46941
39.40000,2.59443,-4.89551,1.80422,58.99849,2.57093,109.96374,0.07609,2.72299,7.01773,0.21464,0.14877,0.46946
39.45000,2.68351,-4.90949,1.80293,59.08884,2.56881,110.01841,0.07598,2.72385,7.02229,0.21428,0.14741,0.46952
39.50000,2.77316,-4.91853,1.80164,59.17912,2.56646,110.07038,0.07586,2.72474,7.02714,0.21388,0.14598,0.46958
39.55000,2.86311,-4.92250,1.80035,59.26930,2.56388,110.12017,0.07574,2.72564,7.03222,0.21344,0.14447,0.46966
39.60000,2.95308,-4.92133,1.79907,59.35937,2.56106,110.16810,0.07562,2.72657,7.03749,0.21297,0.14290,0.46974
39.65000,3.04276,-4.91496,1.79781,59.44934,2.55864,110.24025,0.07553,2.72706,7.03220,0.21219,0.14123,0.46992
39.70000,3.13178,-4.90258,1.79421,59.53917,2.55553,110.29141,0.07541,2.72792,7.03570,0.21159,0.13955,0.47004
39.75000,3.21775,-4.87867,1.78748,59.62894,2.55202,110.34021,0.07528,2.72889,7.04145,0.21103,0.13784,0.47014
39.80000,3.30339,-4.85199,1.79864,59.71847,2.54703,110.34726,0.07509,2.73068,7.06658,0.21093,0.13615,0.47008
39.85000,3.38926,-4.82545,1.79470,59.80917,2.54277,110.34047,0.07493,2.73219,7.08535,0.21059,0.13440,0.47012
39.90000,3.47289,-4.79311,1.79231,59.89948,2.53872,110.40018,0.07481,2.73296,7.08677,0.20980,0.13250,0.47030
39.95000,3.55436,-4.75587,1.79121,59.98958,2.53435,110.45322,0.07469,2.73383,7.09080,0.20904,0.13060,0.47047
40.00000,3.63357,-4.71416,1.79015,60.07956,2.52978,110.50419,0.07456,2.73470,7.09494,0.20823,0.12868,0.47066
40.05000,3.71026,-4.66808,1.78914,60.16940,2.52501,110.55606,0.07444,2.73550,7.09816,0.20736,0.12674,0.47086
40.10000,3.78419,-4.61778,1.78817,60.25910,2.52004,110.60738,0.07433,2.73625,7.10059,0.20644,0.12479,0.47108
40.15000,3.85514,-4.56342,1.78727,60.34866,2.51555,110.68306,0.07424,2.73649,7.09167,0.20517,0.12281,0.47140
40.20000,3.92290,-4.50521,1.78643,60.43806,2.51032,110.73708,0.07414,2.73705,7.09115,0.20410,0.12088,0.47167
40.25000,3.98729,-4.44335,1.78565,60.52731,2.50490,110.78962,0.07404,2.73754,7.09022,0.20299,0.11897,0.47194
40.30000,4.04815,-4.37807,1.78494,60.61641,2.49927,110.84046,0.07394,2.73797,7.08895,0.20185,0.11709,0.47223
40.35000,4.10537,-4.30962,1.78430,60.70538,2.49343,110.88861,0.07385,2.73832,7.08739,0.20068,0.11525,0.47253
40.40000,4.15885,-4.23823,1.78373,60.79422,2.48735,110.93244,0.07377,2.73860,7.08562,0.19947,0.11344,0.47285
40.45000,4.20850,-4.16417,1.78321,60.88295,2.48099,110.97010,0.07368,2.73882,7.08374,0.19823,0.11166,0.47317
40.50000,4.25428,-4.08769,1.78276,60.97158,2.47435,111.00014,0.07361,2.73898,7.08183,0.19696,0.10991,0.47350
40.55000,4.29616,-4.00903,1.78237,61.06011,2.46742,111.02195,0.07353,2.73908,7.07993,0.19566,0.10820,0.47383
40.60000,4.33415,-3.92844,1.78204,61.14857,2.46084,111.05644,0.07349,2.73875,7.06921,0.19409,0.10652,0.47425
40.65000,4.36827,-3.84614,1.78176,61.23696,2.45354,111.06633,0.07343,2.73864,7.06587,0.19270,0.10491,0.47461
40.70000,4.39856,-3.76238,1.78154,61.32531,2.35502,112.03794,0.07421,2.74880,6.68005,0.19259,0.09997,0.47506
40.75000,4.42509,-3.67735,1.78137,61.41361,2.34629,112.07581,0.07414,2.74895,6.67294,0.19119,0.09827,0.47561
40.80000,4.44791,-3.59127,1.78123,61.50189,2.33744,112.09671,0.07409,2.74891,6.66714,0.18979,0.09675,0.47610
40.85000,4.46711,-3.50432,1.78115,61.59014,2.32837,112.09991,0.07404,2.74871,6.66215,0.18838,0.09536,0.47655
40.90000,4.48279,-3.41666,1.78110,61.67838,2.31904,112.08506,0.07401,2.74838,6.65767,0.18695,0.09406,0.47697
40.95000,4.49505,-3.32846,1.78109,61.76663,2.30942,112.05214,0.07398,2.74792,6.65344,0.18551,0.09285,0.47738
41.00000,4.50400,-3.23986,1.78115,61.85487,2.19292,112.95935,0.07490,2.75708,6.26432,0.18517,0.08894,0.47792
41.05000,4.50977,-3.15099,1.78123,61.94314,2.18164,112.93120,0.07488,2.75673,6.25539,0.18367,0.08766,0.47850
41.10000,4.51247,-3.06197,1.78134,62.03142,2.17034,112.88200,0.07487,2.75619,6.24790,0.18217,0.08654,0.47902
41.15000,4.51223,-2.97291,1.78148,62.11972,2.15898,112.81265,0.07488,2.75551,6.24135,0.18068,0.08555,0.47948
41.20000,4.50915,-2.88389,1.78166,62.20804,2.14751,112.72431,0.07490,2.75470,6.23536,0.17920,0.08466,0.47991
41.25000,4.50338,-2.79499,1.78191,62.29640,2.01469,113.53977,0.07597,2.76344,5.71766,0.17903,0.08154,0.48041
41.30000,4.49506,-2.70628,1.78218,62.38480,2.00143,113.44316,0.07601,2.76272,5.69817,0.17752,0.08058,0.48100
41.35000,4.48430,-2.61782,1.78247,62.47323,1.98830,113.32764,0.07606,2.76181,5.68118,0.17603,0.07976,0.48151
41.40000,4.47120,-2.52966,1.78280,62.56170,1.97523,113.19327,0.07613,2.76074,5.66567,0.17454,0.07906,0.48198
41.45000,4.45590,-2.44184,1.78317,62.65022,1.96269,113.05059,0.07623,2.75936,5.64237,0.17293,0.07843,0.48245
41.50000,4.43850,-2.35439,1.78356,62.73879,1.94981,112.88106,0.07633,2.75800,5.62706,0.17144,0.07788,0.48286
41.55000,4.41914,-2.26733,1.78406,62.82740,1.80448,113.60229,0.07768,2.76607,4.94145,0.17128,0.07548,0.48335
41.60000,4.39795,-2.18067,1.78459,62.91607,1.79012,113.41755,0.07781,2.76482,4.92145,0.16979,0.07484,0.48393
41.65000,4.37500,-2.09442,1.78519,63.00479,1.77619,113.21916,0.07795,2.76343,4.90385,0.16833,0.07431,0.48442
41.70000,4.35039,-2.00861,1.78584,63.09357,1.76261,113.00874,0.07812,2.76192,4.88790,0.16690,0.07388,0.48487
41.75000,4.32422,-1.92322,1.78656,63.18242,1.74931,112.78741,0.07830,2.76031,4.87306,0.16550,0.07350,0.48528
41.80000,4.29660,-1.83825,1.78734,63.27133,1.73624,112.55497,0.07850,2.75862,4.85896,0.16413,0.07318,0.48567
41.85000,4.26762,-1.75369,1.78817,63.36031,1.72336,112.30999,0.07870,2.75685,4.84537,0.16278,0.07289,0.48605
41.90000,4.23740,-1.66953,1.78904,63.44936,1.71096,112.05725,0.07894,2.75491,4.82800,0.16137,0.07264,0.48643
41.95000,4.20602,-1.58573,1.78995,63.53848,1.69848,111.78526,0.07918,2.75301,4.81480,0.16006,0.07243,0.48679
42.00000,4.17359,-1.50230,1.79090,63.62768,1.68619,111.50116,0.07943,2.75107,4.80198,0.15877,0.07224,0.48713
42.05000,4.14020,-1.41918,1.79189,63.71696,1.67410,111.20785,0.07969,2.74909,4.78949,0.15751,0.07207,0.48746
42.10000,4.10596,-1.33636,1.79289,63.80631,1.66219,110.90811,0.07996,2.74709,4.77737,0.15627,0.07192,0.48779
42.15000,4.07095,-1.25381,1.79380,63.89574,1.78738,109.65591,0.07872,2.73488,5.40660,0.15377,0.07343,0.48803
42.20000,4.03523,-1.17152,1.79472,63.98524,1.77713,109.32505,0.07898,2.73254,5.40188,0.15262,0.07350,0.48816
42.25000,3.99891,-1.08943,1.79566,64.07482,1.76651,108.98639,0.07925,2.73021,5.39506,0.15147,0.07351,0.48836
42.30000,3.96209,-1.00752,1.79659,64.16447,1.75574,108.64198,0.07951,2.72792,5.38689,0.15033,0.07348,0.48859
42.35000,3.92486,-0.92575,1.79753,64.25419,1.74506,108.29478,0.07979,2.72561,5.37653,0.14918,0.07343,0.48884
42.40000,3.88729,-0.84407,1.79836,64.34397,1.86906,106.94147,0.07856,2.71233,6.04867,0.14678,0.07510,0.48902
42.45000,3.84945,-0.76249,1.79918,64.43383,1.85943,106.55165,0.07883,2.70968,6.04804,0.14573,0.07523,0.48911
42.50000,3.81143,-0.68093,1.79999,64.52376,1.84941,106.16327,0.07908,2.70713,6.04636,0.14467,0.07527,0.48925
42.55000,3.77332,-0.59938,1.80078,64.61375,1.83923,105.78099,0.07933,2.70468,6.04410,0.14361,0.07525,0.48943
42.60000,3.73521,-0.51778,1.80155,64.70377,1.82905,105.40624,0.07957,2.70234,6.04155,0.14257,0.07520,0.48962
42.65000,3.69717,-0.43611,1.80231,64.79387,1.81895,105.03895,0.07981,2.70010,6.03887,0.14156,0.07512,0.48981
42.70000,3.65927,-0.35433,1.80299,64.88429,1.94071,103.61721,0.07855,2.68586,6.40685,0.13927,0.07684,0.48997
42.75000,3.62155,-0.27244,1.80365,64.97502,1.93153,103.20905,0.07877,2.68318,6.40796,0.13830,0.07692,0.49002
42.80000,3.58412,-0.19037,1.80427,65.06567,1.92220,102.80939,0.07899,2.68063,6.40806,0.13734,0.07692,0.49011
42.85000,3.54705,-0.10811,1.80486,65.15613,1.91284,102.42201,0.07920,2.67826,6.40848,0.13643,0.07689,0.49023
42.90000,3.51042,-0.02562,1.80542,65.24653,1.90374,102.05405,0.07939,2.67600,6.40800,0.13554,0.07682,0.49036
42.95000,3.47430,0.05712,1.80593,65.33696,2.02232,100.59362,0.07814,2.66084,6.78816,0.13338,0.07860,0.49049
43.00000,3.43873,0.14013,1.80640,65.42742,2.01397,100.19652,0.07832,2.65809,6.79086,0.13252,0.07866,0.49051
43.05000,3.40382,0.22344,1.80683,65.51791,2.00561,99.82183,0.07849,2.65549,6.79245,0.13169,0.07865,0.49057
43.10000,3.36963,0.30708,1.80724,65.60844,1.99741,99.47015,0.07865,2.65305,6.79332,0.13088,0.07859,0.49066
43.15000,3.33626,0.39106,1.80761,65.69901,1.98948,99.14015,0.07880,2.65074,6.79371,0.13009,0.07852,0.49076
43.20000,3.30378,0.47541,1.80796,65.78960,1.98186,98.83076,0.07894,2.64856,6.79375,0.12935,0.07844,0.49088
43.25000,3.27225,0.56014,1.80828,65.88023,1.97457,98.54198,0.07908,2.64648,6.79344,0.12863,0.07835,0.49099
43.30000,3.24177,0.64527,1.80857,65.97089,1.96760,98.27443,0.07922,2.64447,6.79270,0.12794,0.07826,0.49112
43.35000,3.21240,0.73080,1.80882,66.06157,1.96073,98.02207,0.07934,2.64263,6.79380,0.12734,0.07818,0.49123
43.40000,3.18421,0.81674,1.80905,66.15228,1.95437,97.79403,0.07946,2.64073,6.79272,0.12672,0.07810,0.49136
43.45000,3.15728,0.90310,1.80926,66.24301,1.94833,97.58243,0.07959,2.63885,6.79129,0.12614,0.07803,0.49149
43.50000,3.13167,0.98987,1.80943,66.33375,1.94257,97.38283,0.07971,2.63700,6.78957,0.12557,0.07797,0.49162
43.55000,3.10747,1.07705,1.80957,66.42451,1.93706,97.19146,0.07984,2.63516,6.78762,0.12503,0.07791,0.49175
43.60000,3.08474,1.16462,1.80969,66.51529,1.93177,97.00690,0.07997,2.63334,6.78547,0.12451,0.07787,0.49188
43.65000,3.06356,1.25260,1.80978,66.60608,1.92673,96.83002,0.08009,2.63153,6.78311,0.12401,0.07784,0.49201
43.70000,3.04398,1.34094,1.80984,66.69687,1.92194,96.66219,0.08022,2.62974,6.78052,0.12354,0.07782,0.49214
43.75000,3.02608,1.42964,1.80987,66.78768,1.91743,96.50326,0.08035,2.62794,6.77767,0.12309,0.07781,0.49227
43.80000,3.00993,1.51868,1.80987,66.87848,1.91314,96.35052,0.08049,2.62613,6.77454,0.12265,0.07781,0.49239
43.85000,2.99559,1.60803,1.80985,66.96929,1.90904,96.19978,0.08063,2.62431,6.77114,0.12223,0.07782,0.49252
43.90000,2.98313,1.69766,1.80979,67.06010,1.90470,96.03733,0.08075,2.62269,6.77129,0.12192,0.07786,0.49262
43.95000,2.97262,1.78753,1.80971,67.15091,1.90080,95.87967,0.08090,2.62091,6.76832,0.12155,0.07790,0.49274
44.00000,2.96412,1.87762,1.80960,67.24172,1.89706,95.71942,0.08105,2.61913,6.76529,0.12119,0.07795,0.49285
44.05000,2.95770,1.96786,1.80946,67.33252,1.89348,95.55780,0.08121,2.61736,6.76218,0.12084,0.07800,0.49297
44.10000,2.95342,2.05823,1.80930,67.42332,1.89007,95.39564,0.08136,2.61560,6.75902,0.12050,0.07807,0.49307
44.15000,2.95136,2.14866,1.80910,67.51411,1.88683,95.23308,0.08153,2.61387,6.75583,0.12018,0.07815,0.49318
44.20000,2.95156,2.23911,1.80887,67.60490,1.88377,95.06979,0.08169,2.61217,6.75264,0.11988,0.07823,0.49328
44.25000,2.95411,2.32951,1.80862,67.69567,1.88088,94.90517,0.08185,2.61050,6.74948,0.11959,0.07832,0.49337
44.30000,2.95906,2.41980,1.80834,67.78644,1.87816,94.73860,0.08202,2.60886,6.74631,0.11932,0.07843,0.49346
44.35000,2.96648,2.50990,1.80802,67.87719,1.87562,94.56992,0.08219,2.60724,6.74306,0.11905,0.07854,0.49355
44.40000,2.97643,2.59974,1.80768,67.96793,1.87325,94.40001,0.08237,2.60564,6.73966,0.11880,0.07865,0.49363
44.45000,2.98897,2.68924,1.80730,68.05866,1.87050,94.21606,0.08252,2.60438,6.74143,0.11870,0.07879,0.49366
44.50000,3.00416,2.77830,1.80690,68.14939,1.86839,94.04587,0.08269,2.60290,6.73881,0.11850,0.07892,0.49373
44.55000,3.02206,2.86684,1.80646,68.24010,1.86651,93.87908,0.08287,2.60146,6.73614,0.11831,0.07907,0.49379
44.60000,3.04274,2.95475,1.80599,68.33079,1.86486,93.71598,0.08304,2.60005,6.73345,0.11815,0.07922,0.49385
44.65000,3.06625,3.04192,1.80549,68.42148,1.86344,93.55717,0.08322,2.59869,6.73072,0.11800,0.07937,0.49390
44.70000,3.09263,3.12823,1.80496,68.51214,1.86224,93.40401,0.08339,2.59736,6.72791,0.11787,0.07954,0.49395
44.75000,3.12194,3.21357,1.80440,68.60280,1.86129,93.25821,0.08356,2.59607,6.72498,0.11776,0.07971,0.49400
44.80000,3.15422,3.29780,1.80380,68.69343,1.86062,93.12091,0.08373,2.59481,6.72187,0.11766,0.07990,0.49404
44.85000,3.18951,3.38078,1.80318,68.78405,1.86024,92.99225,0.08390,2.59357,6.71853,0.11759,0.08009,0.49408
44.90000,3.22784,3.46236,1.80253,68.87465,1.86015,92.87159,0.08407,2.59234,6.71495,0.11754,0.08030,0.49412
44.95000,3.26923,3.54240,1.80184,68.96523,1.85967,92.74062,0.08420,2.59152,6.71750,0.11767,0.08053,0.49411
45.00000,3.31370,3.62072,1.80112,69.05578,1.85996,92.63015,0.08436,2.59042,6.71484,0.11769,0.08077,0.49413
45.05000,3.36127,3.69716,1.80038,69.14631,1.86051,92.52720,0.08453,2.58934,6.71204,0.11774,0.08102,0.49415
45.10000,3.41191,3.77155,1.79961,69.23682,1.86133,92.43236,0.08469,2.58828,6.70910,0.11780,0.08128,0.49417
45.15000,3.46562,3.84371,1.79881,69.32730,1.86243,92.34573,0.08485,2.58726,6.70602,0.11789,0.08156,0.49418
45.20000,3.52237,3.91346,1.79799,69.41774,1.86382,92.26672,0.08501,2.58625,6.70281,0.11800,0.08185,0.49419
45.25000,3.58211,3.98060,1.79715,69.50815,1.86548,92.19433,0.08518,2.58525,6.69947,0.11814,0.08217,0.49420
45.30000,3.64479,4.04495,1.79629,69.59851,1.86742,92.12764,0.08534,2.58427,6.69601,0.11830,0.08250,0.49421
45.35000,3.71033,4.10632,1.79541,69.68882,1.86962,92.06602,0.08551,2.58331,6.69245,0.11849,0.08286,0.49421
45.40000,3.77863,4.16452,1.79451,69.77908,1.87209,92.00911,0.08568,2.58237,6.68877,0.11870,0.08323,0.49421
45.45000,3.84960,4.21937,1.79361,69.86928,1.87481,91.95671,0.08586,2.58144,6.68493,0.11893,0.08363,0.49420
45.50000,3.92311,4.27069,1.79269,69.95943,1.87682,91.88298,0.08597,2.58111,6.69011,0.11943,0.08406,0.49412
45.55000,3.99902,4.31830,1.79177,70.04951,1.87982,91.83326,0.08614,2.58034,6.68766,0.11975,0.08450,0.49410
45.60000,4.07717,4.36204,1.79085,70.13952,1.88309,91.78693,0.08631,2.57958,6.68510,0.12010,0.08496,0.49407
45.65000,4.15739,4.40175,1.78993,70.22946,1.88666,91.74342,0.08649,2.57884,6.68243,0.12048,0.08545,0.49404
45.70000,4.23949,4.43730,1.78902,70.31934,1.89053,91.70224,0.08667,2.57812,6.67967,0.12089,0.08598,0.49400
45.75000,4.32327,4.46855,1.78812,70.40912,1.89473,91.66320,0.08686,2.57741,6.67678,0.12133,0.08654,0.49396
45.80000,4.40851,4.49540,1.78723,70.49882,1.89926,91.62644,0.08705,2.57671,6.67370,0.12180,0.08714,0.49391
45.85000,4.49500,4.51775,1.78636,70.58844,1.90412,91.59240,0.08725,2.57601,6.67039,0.12231,0.08777,0.49386
45.90000,4.58250,4.53552,1.78551,70.67798,1.90933,91.56153,0.08746,2.57531,6.66684,0.12284,0.08845,0.49381
45.95000,4.67077,4.54867,1.78468,70.76742,1.91489,91.53385,0.08768,2.57460,6.66304,0.12342,0.08917,0.49375
46.00000,4.75957,4.55715,1.78389,70.85677,1.91974,91.47955,0.08784,2.57458,6.66951,0.12431,0.08997,0.49361
46.05000,4.84866,4.56094,1.78312,70.94604,1.92586,91.45087,0.08806,2.57400,6.66701,0.12501,0.09080,0.49353
46.10000,4.93778,4.56006,1.78238,71.03522,1.93243,91.42436,0.08831,2.57340,6.66415,0.12576,0.09170,0.49344
46.15000,5.02670,4.55452,1.78168,71.12430,1.93947,91.40078,0.08856,2.57278,6.66089,0.12655,0.09267,0.49335
46.20000,5.11214,4.54390,1.64948,71.12430,1.94699,91.38148,0.08883,2.57213,6.65721,0.12740,0.09372,0.49325
46.25000,5.18842,4.52433,1.51014,71.12430,1.94058,91.66942,0.08879,2.57209,6.64712,0.12744,0.09362,0.49311
46.30000,5.25699,4.50180,1.37737,71.12430,1.93595,92.02742,0.08891,2.57057,6.61693,0.12694,0.09352,0.49311
46.35000,5.32074,4.47688,1.36916,71.37352,1.93120,92.35471,0.08898,2.56932,6.59346,0.12661,0.09348,0.49305
46.40000,5.38330,4.44891,1.37409,71.48245,1.95715,92.40645,0.09008,2.56359,6.55195,0.12832,0.09697,0.49297
46.45000,5.44683,4.42250,1.37655,71.56372,1.97253,92.48287,0.09076,2.56021,6.51638,0.12874,0.09868,0.49305
46.50000,5.51011,4.39544,1.37639,71.63727,1.98319,92.51172,0.09117,2.55878,6.50364,0.12949,0.10007,0.49299
46.55000,5.57268,4.36678,1.37642,71.70842,1.99311,92.54859,0.09156,2.55748,6.49072,0.13019,0.10138,0.49294
46.60000,5.63451,4.33657,1.37645,71.77889,2.00285,92.58320,0.09194,2.55634,6.47905,0.13093,0.10270,0.49288
46.65000,5.69556,4.30478,1.37649,71.84912,2.01257,92.61576,0.09231,2.55534,6.46867,0.13174,0.10408,0.49281
46.70000,5.75573,4.27138,1.37653,71.91923,2.02117,92.61387,0.09258,2.55525,6.47118,0.13294,0.10555,0.49264
46.75000,5.81496,4.23633,1.37658,71.98924,2.03061,92.63264,0.09291,2.55477,6.46678,0.13400,0.10706,0.49252
46.80000,5.87318,4.19961,1.37665,72.05914,2.04019,92.65241,0.09325,2.55437,6.46285,0.13511,0.10865,0.49238
46.85000,5.93031,4.16123,1.37672,72.12891,2.04891,92.64553,0.09349,2.55474,6.46917,0.13654,0.11032,0.49216
46.90000,5.98630,4.12117,1.37682,72.19854,2.05831,92.65607,0.09378,2.55479,6.46971,0.13785,0.11203,0.49197
46.95000,6.04105,4.07945,1.37694,72.26804,2.06783,92.66844,0.09408,2.55492,6.47014,0.13917,0.11379,0.49179
47.00000,6.09453,4.03608,1.37707,72.33741,2.07669,92.65917,0.09430,2.55566,6.47856,0.14075,0.11563,0.49153
47.05000,6.14666,3.99110,1.37726,72.40665,1.96259,93.85501,0.09802,2.57294,6.10862,0.14355,0.11333,0.49134
47.10000,6.19739,3.94453,1.37747,72.47577,1.97287,93.92878,0.09825,2.57450,6.10773,0.14504,0.11471,0.49127
47.15000,6.24668,3.89641,1.37770,72.54478,1.98269,93.97432,0.09842,2.57638,6.11390,0.14672,0.11627,0.49108
47.20000,6.29447,3.84680,1.37796,72.61369,1.99297,94.01969,0.09865,2.57796,6.11715,0.14832,0.11793,0.49089
47.25000,6.34073,3.79574,1.37824,72.68251,2.00337,94.05912,0.09888,2.57945,6.12008,0.14989,0.11966,0.49067
47.30000,6.38543,3.74328,1.37855,72.75125,2.01388,94.09485,0.09912,2.58086,6.12254,0.15144,0.12144,0.49045
47.35000,6.42853,3.68949,1.37889,72.81992,2.02355,94.10310,0.09925,2.58280,6.13326,0.15323,0.12328,0.49013
47.40000,6.47003,3.63442,1.37933,72.88853,1.90680,95.28911,0.10348,2.60008,5.53751,0.15615,0.12045,0.48995
47.45000,6.50993,3.57816,1.37976,72.95709,1.91742,95.36456,0.10361,2.60237,5.53621,0.15770,0.12166,0.48985
47.50000,6.54820,3.52074,1.38023,73.02562,1.92744,95.41205,0.10366,2.60498,5.55096,0.15946,0.12305,0.48963
47.55000,6.58483,3.46225,1.38071,73.09413,1.93808,95.46763,0.10376,2.60716,5.55709,0.16104,0.12451,0.48941
47.60000,6.61984,3.40274,1.38122,73.16261,1.94882,95.52077,0.10387,2.60923,5.56292,0.16257,0.12604,0.48916
47.65000,6.65323,3.34227,1.38175,73.23109,1.95889,95.55400,0.10387,2.61164,5.58116,0.16427,0.12760,0.48884
47.70000,6.68501,3.28091,1.38230,73.29956,1.96938,95.59933,0.10390,2.61377,5.59141,0.16580,0.12914,0.48854
47.75000,6.71519,3.21873,1.38287,73.36804,1.97992,95.64875,0.10392,2.61588,5.60084,0.16728,0.13066,0.48823
47.80000,6.74382,3.15577,1.38358,73.43653,1.85997,96.81705,0.10840,2.63279,4.94799,0.17020,0.12704,0.48797
47.85000,6.77094,3.09211,1.38427,73.50505,1.86980,96.90136,0.10822,2.63558,4.95106,0.17163,0.12773,0.48784
47.90000,6.79655,3.02779,1.38499,73.57360,1.87988,96.98979,0.10804,2.63825,4.95595,0.17303,0.12856,0.48763
47.95000,6.82069,2.96287,1.38572,73.64218,1.88958,97.07019,0.10777,2.64110,4.96988,0.17454,0.12948,0.48733
48.00000,6.84338,2.89739,1.38647,73.71080,1.89962,97.16461,0.10750,2.64376,4.98038,0.17593,0.13042,0.48702
48.05000,6.86468,2.83140,1.38724,73.77947,1.90973,97.26873,0.10721,2.64636,4.99094,0.17727,0.13134,0.48669
48.10000,6.88460,2.76494,1.38803,73.84819,1.91945,97.37272,0.10682,2.64916,5.00802,0.17868,0.13225,0.48632
48.15000,6.90322,2.69806,1.38896,73.91696,1.79646,98.59224,0.11131,2.66504,4.43998,0.18127,0.12788,0.48608
48.20000,6.92060,2.63080,1.38986,73.98579,1.84173,96.52202,0.10366,2.67388,4.61529,0.18912,0.13795,0.48963
48.25000,6.93675,2.56319,1.39078,74.05468,1.84944,96.58203,0.10324,2.67610,4.62185,0.19024,0.13811,0.48949
48.30000,6.95172,2.49525,1.39172,74.12364,1.85730,96.67684,0.10271,2.67865,4.63745,0.19148,0.13843,0.48922
48.35000,6.96555,2.42703,1.39270,74.19268,1.86597,96.81746,0.10218,2.68108,4.64915,0.19260,0.13880,0.48894
48.40000,6.97829,2.35855,1.39373,74.26178,1.87498,96.98858,0.10162,2.68353,4.66127,0.19369,0.13918,0.48862
48.45000,6.98997,2.28982,1.39483,74.33097,1.88377,97.17487,0.10099,2.68621,4.67959,0.19486,0.13954,0.48826
48.50000,7.00067,2.22087,1.39614,74.40024,1.75866,98.48869,0.10453,2.70066,4.16600,0.19713,0.13431,0.48803
48.55000,7.01044,2.15172,1.39746,74.46959,1.80347,96.50989,0.09776,2.70852,4.32613,0.20435,0.14432,0.49156
48.60000,7.01932,2.08238,1.39885,74.53904,1.81017,96.66391,0.09713,2.71058,4.33764,0.20529,0.14386,0.49143
48.65000,7.02737,2.01287,1.40028,74.60860,1.81784,96.87912,0.09650,2.71267,4.34803,0.20619,0.14358,0.49123
48.70000,7.03463,1.94319,1.40175,74.67826,1.82605,97.13612,0.09584,2.71483,4.35904,0.20707,0.14339,0.49098
48.75000,7.04117,1.87338,1.40326,74.74802,1.83436,97.41880,0.09516,2.71711,4.37320,0.20799,0.14325,0.49070
48.80000,7.04704,1.80342,1.40479,74.81790,1.84299,97.72933,0.09449,2.71935,4.38583,0.20886,0.14312,0.49040
48.85000,7.05229,1.73334,1.40635,74.88787,1.85175,98.06056,0.09383,2.72159,4.39819,0.20970,0.14298,0.49011
48.90000,7.05700,1.66314,1.40789,74.95794,1.89667,96.16416,0.08888,2.72846,4.58006,0.21634,0.15414,0.49343
48.95000,7.06120,1.59283,1.40945,75.02812,1.90402,96.40813,0.08837,2.72999,4.59589,0.21708,0.15389,0.49322
49.00000,7.06497,1.52242,1.41101,75.09842,1.91196,96.70975,0.08786,2.73164,4.60927,0.21779,0.15369,0.49299
49.05000,7.06836,1.45191,1.41257,75.16882,1.92014,97.04956,0.08735,2.73340,4.62212,0.21849,0.15351,0.49275
49.10000,7.07144,1.38131,1.41413,75.23932,1.92831,97.41326,0.08683,2.73527,4.63606,0.21921,0.15332,0.49249
49.15000,7.07425,1.31063,1.41568,75.30994,1.93654,97.79829,0.08632,2.73712,4.64820,0.21989,0.15311,0.49224
49.20000,7.07687,1.23985,1.41722,75.38068,1.94469,98.19673,0.08583,2.73897,4.65977,0.22055,0.15288,0.49200
49.25000,7.07934,1.16900,1.41871,75.45149,1.98753,96.34437,0.08232,2.74504,4.85655,0.22658,0.16465,0.49533
49.30000,7.08171,1.09806,1.42018,75.52237,1.99399,96.62900,0.08198,2.74600,4.86861,0.22709,0.16423,0.49521
49.35000,7.08406,1.02706,1.42162,75.59335,2.00068,96.95906,0.08163,2.74717,4.88020,0.22761,0.16387,0.49506
49.40000,7.08643,0.95598,1.42304,75.66453,2.00740,97.31797,0.08129,2.74846,4.89140,0.22812,0.16354,0.49489
49.45000,7.08888,0.88484,1.42443,75.73607,2.01410,97.69548,0.08095,2.74980,4.90167,0.22862,0.16320,0.49472
49.50000,7.09145,0.81363,1.42578,75.80793,2.02068,98.08293,0.08062,2.75118,4.91150,0.22911,0.16287,0.49455
49.55000,7.09422,0.74236,1.42710,75.87982,2.02707,98.47353,0.08030,2.75255,4.92095,0.22958,0.16253,0.49439
49.60000,7.09722,0.67104,1.42835,75.95160,2.06680,96.59508,0.07785,2.75777,5.12813,0.23496,0.17482,0.49772
49.65000,7.10051,0.59966,1.42956,76.02326,2.07132,96.83519,0.07765,2.75817,5.13735,0.23528,0.17430,0.49768
49.70000,7.10414,0.52825,1.43074,76.09492,2.07596,97.10958,0.07746,2.75877,5.14630,0.23561,0.17386,0.49761
49.75000,7.10818,0.45680,1.43188,76.16663,2.08056,97.40333,0.07726,2.75953,5.15516,0.23594,0.17346,0.49751
49.80000,7.11266,0.38532,1.43299,76.23840,2.08519,97.71092,0.07707,2.76031,5.16090,0.23622,0.17306,0.49742
49.85000,7.11764,0.31381,1.43407,76.31024,2.08951,98.01700,0.07688,2.76119,5.16822,0.23651,0.17266,0.49732
49.90000,7.12318,0.24230,1.43512,76.38215,2.09355,98.31805,0.07670,2.76211,5.17573,0.23679,0.17225,0.49722
49.95000,7.12932,0.17078,1.43613,76.45413,2.09747,98.61521,0.07654,2.76297,5.18036,0.23702,0.17180,0.49714
50.00000,7.13612,0.09927,1.43712,76.52617,2.10101,98.89841,0.07637,2.76388,5.18655,0.23724,0.17134,0.49705
50.05000,7.14363,0.02778,1.43808,76.59828,2.10423,99.16721,0.07622,2.76478,5.19315,0.23745,0.17087,0.49696
50.10000,7.15189,-0.04367,1.43901,76.67045,2.10714,99.42014,0.07607,2.76567,5.20028,0.23765,0.17038,0.49687
50.15000,7.16096,-0.11507,1.43992,76.74268,2.11004,99.66517,0.07594,2.76644,5.20264,0.23778,0.16988,0.49681
50.20000,7.17087,-0.18640,1.44080,76.81496,2.11251,99.88983,0.07581,2.76725,5.20823,0.23792,0.16938,0.49674
50.25000,7.18168,-0.25764,1.44165,76.88731,2.11468,100.09869,0.07569,2.76804,5.21433,0.23806,0.16887,0.49667
50.30000,7.19344,-0.32878,1.44249,76.95970,2.11653,100.29233,0.07557,2.76882,5.22106,0.23818,0.16835,0.49660
50.35000,7.20617,-0.39979,1.44330,77.03214,2.11850,100.48408,0.07547,2.76943,5.22078,0.23821,0.16780,0.49656
50.40000,7.21994,-0.47065,1.44409,77.10463,2.11993,100.65571,0.07537,2.77012,5.22576,0.23828,0.16724,0.49651
50.45000,7.23477,-0.54134,1.44486,77.17717,2.12104,100.81440,0.07527,2.77081,5.23149,0.23834,0.16665,0.49646
50.50000,7.25070,-0.61182,1.44561,77.24974,2.12222,100.97106,0.07518,2.77135,5.23148,0.23831,0.16602,0.49644
50.55000,7.26778,-0.68207,1.44634,77.32236,2.12296,101.11115,0.07509,2.77197,5.23551,0.23831,0.16539,0.49641
50.60000,7.28603,-0.75207,1.44706,77.39501,2.12345,101.24011,0.07500,2.77258,5.24036,0.23831,0.16474,0.49637
50.65000,7.30549,-0.82177,1.44776,77.46769,2.12370,101.35892,0.07492,2.77320,5.24610,0.23830,0.16407,0.49633
50.70000,7.32618,-0.89116,1.44844,77.54041,2.12423,101.48282,0.07485,2.77363,5.24405,0.23819,0.16338,0.49633
50.75000,7.34815,-0.96018,1.44910,77.61315,2.12430,101.59287,0.07477,2.77417,5.24775,0.23814,0.16269,0.49631
50.80000,7.37140,-1.02882,1.44976,77.68592,2.12419,101.69746,0.07470,2.77470,5.25217,0.23809,0.16200,0.49629
50.85000,7.39596,-1.09704,1.45040,77.75871,2.12388,101.79729,0.07462,2.77523,5.25733,0.23804,0.16130,0.49627
50.90000,7.42187,-1.16479,1.45103,77.83153,2.12398,101.90947,0.07457,2.77553,5.25249,0.23786,0.16057,0.49629
50.95000,7.44912,-1.23204,1.45164,77.90437,2.12354,102.00715,0.07450,2.77596,5.25514,0.23777,0.15986,0.49629
51.00000,7.47774,-1.29876,1.45225,77.97722,2.12289,102.09951,0.07444,2.77639,5.25855,0.23767,0.15914,0.49629
51.05000,7.50775,-1.36490,1.45285,78.05009,2.12250,102.19942,0.07439,2.77664,5.25432,0.23747,0.15839,0.49633
51.10000,7.53915,-1.43042,1.45344,78.12298,2.12169,102.28713,0.07433,2.77698,5.25542,0.23733,0.15766,0.49634
51.15000,7.57195,-1.49528,1.45402,78.19589,2.12070,102.36904,0.07427,2.77732,5.25749,0.23719,0.15693,0.49636
51.20000,7.60616,-1.55945,1.45460,78.26881,2.11952,102.44550,0.07422,2.77766,5.26060,0.23706,0.15619,0.49637
51.25000,7.64178,-1.62287,1.45517,78.34174,2.11876,102.53333,0.07418,2.77781,5.25448,0.23681,0.15543,0.49642
51.30000,7.67881,-1.68551,1.45573,78.41469,2.11753,102.60891,0.07413,2.77808,5.25542,0.23664,0.15469,0.49645
51.35000,7.71725,-1.74734,1.45629,78.48765,2.11613,102.68113,0.07408,2.77835,5.25734,0.23648,0.15395,0.49648
51.40000,7.75710,-1.80829,1.45685,78.56063,2.11457,102.74990,0.07403,2.77863,5.26026,0.23632,0.15321,0.49650
51.45000,7.79835,-1.86835,1.45740,78.63362,2.11348,102.83335,0.07399,2.77866,5.25206,0.23603,0.15245,0.49658
51.50000,7.84099,-1.92745,1.45796,78.70662,2.11180,102.90046,0.07395,2.77885,5.25256,0.23583,0.15170,0.49662
51.55000,7.88501,-1.98558,1.45851,78.77963,2.10988,102.96091,0.07391,2.77904,5.25410,0.23563,0.15095,0.49666
51.60000,7.93040,-2.04267,1.45906,78.85266,2.10825,103.02817,0.07388,2.77904,5.24741,0.23532,0.15017,0.49674
51.65000,7.97713,-2.09870,1.45961,78.92570,2.10613,103.08042,0.07384,2.77915,5.24667,0.23507,0.14940,0.49680
51.70000,8.02520,-2.15363,1.46017,78.99875,2.10377,103.12440,0.07381,2.77927,5.24708,0.23482,0.14862,0.49686
51.75000,8.07459,-2.20742,1.46072,79.07180,2.10119,103.16049,0.07377,2.77941,5.24868,0.23457,0.14783,0.49691
51.80000,8.12526,-2.26004,1.46128,79.14485,2.09899,103.20618,0.07375,2.77934,5.24071,0.23420,0.14701,0.49701
51.85000,8.17720,-2.31144,1.46185,79.21793,2.09625,103.23670,0.07372,2.77941,5.24034,0.23390,0.14620,0.49707
51.90000,8.23038,-2.36161,1.46241,79.29103,2.09329,103.26123,0.07369,2.77951,5.24129,0.23361,0.14537,0.49713
51.95000,8.28476,-2.41050,1.46299,79.36414,2.09009,103.27963,0.07366,2.77962,5.24361,0.23332,0.14453,0.49719
52.00000,8.34033,-2.45809,1.46357,79.43726,2.08733,103.31036,0.07364,2.77952,5.23510,0.23288,0.14364,0.49730
52.05000,8.39705,-2.50435,1.46415,79.51039,2.08390,103.32267,0.07361,2.77960,5.23568,0.23254,0.14274,0.49737
52.10000,8.45489,-2.54925,1.46475,79.58353,2.08017,103.32661,0.07358,2.77970,5.23763,0.23219,0.14183,0.49744
52.15000,8.51381,-2.59278,1.46535,79.65669,2.07668,103.33563,0.07356,2.77964,5.23195,0.23174,0.14087,0.49754
52.20000,8.57377,-2.63490,1.46596,79.72987,2.07267,103.32949,0.07353,2.77970,5.23213,0.23133,0.13991,0.49762
52.25000,8.63475,-2.67560,1.46658,79.80305,2.06838,103.31495,0.07351,2.77978,5.23365,0.23092,0.13892,0.49770
52.30000,8.69669,-2.71486,1.46721,79.87626,2.06384,103.29264,0.07348,2.77988,5.23649,0.23051,0.13792,0.49778
52.35000,8.75958,-2.75267,1.46785,79.94948,2.05962,103.27888,0.07346,2.77981,5.23069,0.22998,0.13688,0.49789
52.40000,8.82336,-2.78901,1.46850,80.02271,2.05487,103.25096,0.07343,2.77988,5.23194,0.22951,0.13584,0.49797
52.45000,8.88799,-2.82388,1.46916,80.09597,2.04987,103.21765,0.07341,2.77997,5.23453,0.22905,0.13479,0.49805
52.50000,8.95344,-2.85726,1.46983,80.16924,2.04463,103.17964,0.07338,2.78009,5.23839,0.22859,0.13371,0.49813
52.55000,9.01967,-2.88915,1.47051,80.24254,2.03979,103.15433,0.07336,2.78002,5.23275,0.22799,0.13261,0.49825
52.60000,9.08664,-2.91955,1.47121,80.31585,2.03437,103.11596,0.07333,2.78009,5.23499,0.22747,0.13151,0.49833
52.65000,9.15430,-2.94844,1.47192,80.38919,2.02872,103.07392,0.07330,2.78019,5.23838,0.22696,0.13040,0.49842
52.70000,9.22263,-2.97584,1.47264,80.46256,2.02287,103.02820,0.07327,2.78029,5.24283,0.22645,0.12929,0.49850
52.75000,9.29157,-3.00175,1.47337,80.53596,2.01749,102.99641,0.07325,2.78017,5.23695,0.22579,0.12816,0.49863
52.80000,9.36109,-3.02617,1.47412,80.60938,2.01154,102.95056,0.07323,2.78021,5.23950,0.22524,0.12706,0.49873
52.85000,9.43116,-3.04910,1.47488,80.68284,2.00543,102.90168,0.07320,2.78025,5.24294,0.22469,0.12598,0.49882
52.90000,9.50173,-3.07056,1.47565,80.75632,1.99964,102.86281,0.07318,2.78013,5.23927,0.22404,0.12489,0.49895
52.95000,9.57277,-3.09056,1.47645,80.82985,1.95915,104.97937,0.07440,2.77672,5.03528,0.21798,0.11521,0.49564
53.00000,9.64424,-3.10909,1.47727,80.90341,1.95439,105.08316,0.07434,2.77762,5.03615,0.21748,0.11439,0.49565
53.05000,9.71612,-3.12619,1.47810,80.97701,1.94903,105.13982,0.07429,2.77823,5.03772,0.21695,0.11351,0.49570
53.10000,9.78837,-3.14186,1.47894,81.05065,1.94374,105.17732,0.07426,2.77846,5.03203,0.21629,0.11261,0.49582
53.15000,9.86095,-3.15611,1.47980,81.12432,1.93790,105.18625,0.07423,2.77864,5.03151,0.21570,0.11174,0.49592
53.20000,9.93383,-3.16897,1.48068,81.19804,1.93183,105.17941,0.07420,2.77870,5.03146,0.21510,0.11088,0.49604
53.25000,10.00699,-3.18045,1.48156,81.27181,1.92561,105.16078,0.07418,2.77866,5.03180,0.21451,0.11006,0.49616
53.30000,10.08040,-3.19057,1.48249,81.34562,1.88437,107.23792,0.07562,2.77490,4.83018,0.20793,0.10209,0.49281
53.35000,10.15402,-3.19935,1.48343,81.41948,1.87959,107.34171,0.07557,2.77552,4.82734,0.20738,0.10151,0.49286
53.40000,10.22784,-3.20680,1.48438,81.49339,1.87424,107.39484,0.07555,2.77581,4.82484,0.20682,0.10090,0.49296
53.45000,10.30183,-3.21296,1.48535,81.56735,1.86852,107.41390,0.07553,2.77586,4.82260,0.20624,0.10030,0.49308
53.50000,10.37596,-3.21784,1.48634,81.64135,1.86312,107.42186,0.07554,2.77558,4.81304,0.20553,0.09972,0.49325
53.55000,10.45021,-3.22146,1.48734,81.71541,1.85728,107.40573,0.07555,2.77526,4.80855,0.20491,0.09918,0.49341
53.60000,10.52457,-3.22384,1.48836,81.78952,1.85139,107.37681,0.07557,2.77484,4.80409,0.20431,0.09869,0.49358
53.65000,10.59900,-3.22502,1.48942,81.86370,1.80916,109.35265,0.07732,2.77064,4.61721,0.19749,0.09227,0.49015
53.70000,10.67350,-3.22501,1.49050,81.93793,1.80520,109.43044,0.07734,2.77059,4.60501,0.19686,0.09198,0.49027
53.75000,10.74804,-3.22384,1.49160,82.01221,1.80053,109.45064,0.07738,2.77033,4.59736,0.19632,0.09171,0.49042
53.80000,10.82261,-3.22153,1.49272,82.08655,1.79572,109.43546,0.07745,2.76982,4.58955,0.19578,0.09148,0.49058
53.85000,10.89718,-3.21880,1.49205,82.16049,1.79124,109.40196,0.07754,2.76901,4.57707,0.19518,0.09130,0.49078
53.90000,10.97176,-3.21687,1.49218,82.23508,1.78683,109.35370,0.07765,2.76804,4.56381,0.19459,0.09118,0.49098
53.95000,11.04626,-3.21241,1.49322,82.30948,1.74622,111.24027,0.07995,2.76275,4.37432,0.18737,0.08594,0.48757
54.00000,11.12073,-3.20656,1.49449,82.38387,1.74369,111.26187,0.08010,2.76211,4.35922,0.18688,0.08598,0.48772
54.05000,11.19515,-3.19952,1.49588,82.45832,1.74127,111.24089,0.08029,2.76105,4.34118,0.18635,0.08607,0.48792
54.10000,11.26953,-3.19132,1.49734,82.53283,1.73874,111.18190,0.08051,2.75982,4.32579,0.18593,0.08623,0.48812
54.15000,11.34386,-3.18202,1.49886,82.60743,1.73647,111.09710,0.08076,2.75840,4.31064,0.18556,0.08648,0.48833
54.20000,11.41812,-3.17165,1.50045,82.68210,1.73456,110.99178,0.08103,2.75681,4.29557,0.18527,0.08682,0.48854
54.25000,11.49231,-3.16026,1.50209,82.75686,1.73341,110.87572,0.08136,2.75497,4.27694,0.18497,0.08726,0.48876
54.30000,11.56643,-3.14789,1.50382,82.83174,1.69514,112.61335,0.08464,2.74862,4.10865,0.17810,0.08299,0.48525
54.35000,11.64048,-3.13460,1.50559,82.90670,1.69605,112.54738,0.08507,2.74702,4.09214,0.17807,0.08359,0.48539
54.40000,11.71446,-3.12041,1.50741,82.98175,1.69727,112.44052,0.08558,2.74506,4.07502,0.17812,0.08430,0.48556
54.45000,11.78836,-3.10538,1.50927,83.05692,1.69934,112.31156,0.08616,2.74273,4.05454,0.17818,0.08513,0.48576
54.50000,11.86219,-3.08954,1.51116,83.13219,1.70201,112.16002,0.08681,2.74020,4.03510,0.17838,0.08611,0.48595
54.55000,11.93596,-3.07296,1.51308,83.20757,1.70557,111.99326,0.08753,2.73743,4.01494,0.17869,0.08726,0.48614
54.60000,12.00966,-3.05566,1.51503,83.28306,1.71008,111.81353,0.08833,2.73443,3.99399,0.17912,0.08859,0.48632
54.65000,12.08330,-3.03769,1.51700,83.35866,1.71581,111.62610,0.08922,2.73113,3.97020,0.17960,0.09013,0.48651
54.70000,12.15689,-3.01911,1.51898,83.43438,1.72244,111.42477,0.09020,2.72768,3.94713,0.18023,0.09188,0.48669
54.75000,12.23043,-2.99994,1.52098,83.51020,1.73012,111.21306,0.09128,2.72404,3.92351,0.18097,0.09387,0.48685
54.80000,12.30393,-2.98024,1.52297,83.58615,1.73880,110.99215,0.09246,2.72022,3.89945,0.18182,0.09609,0.48700
54.85000,12.37740,-2.96004,1.52497,83.66221,1.74852,110.76613,0.09375,2.71621,3.87378,0.18273,0.09856,0.48715
54.90000,12.45085,-2.93938,1.52697,83.73838,1.75898,110.53031,0.09513,2.71212,3.84907,0.18375,0.10127,0.48728
54.95000,12.52429,-2.91831,1.52895,83.81469,1.77009,110.28588,0.09660,2.70796,3.82473,0.18485,0.10421,0.48739
55.00000,12.59771,-2.89686,1.53091,83.89118,1.78166,110.03201,0.09816,2.70380,3.80113,0.18600,0.10736,0.48748
55.05000,12.67114,-2.87506,1.53284,83.96794,1.79348,109.76776,0.09978,2.69971,3.77870,0.18719,0.11068,0.48754
55.10000,12.74457,-2.85295,1.53474,84.04501,1.80545,109.49467,0.10147,2.69572,3.75679,0.18838,0.11412,0.48759
55.15000,12.81802,-2.83057,1.53660,84.12223,1.81713,109.20774,0.10316,2.69200,3.73784,0.18958,0.11762,0.48760
55.20000,12.89149,-2.80795,1.53842,84.19931,1.82836,108.90931,0.10483,2.68861,3.72141,0.19076,0.12110,0.48757
55.25000,12.96499,-2.78511,1.54002,84.27625,1.97092,107.64540,0.10205,2.67345,4.13863,0.19070,0.12960,0.48738
55.30000,13.03850,-2.76207,1.54156,84.35320,1.98203,107.32969,0.10345,2.67070,4.13206,0.19185,0.13375,0.48706
55.35000,13.11205,-2.73888,1.54305,84.43028,1.99179,106.99986,0.10472,2.66861,4.12820,0.19294,0.13744,0.48677
55.40000,13.18563,-2.71557,1.54449,84.50746,2.00037,106.65895,0.10584,2.66717,4.12732,0.19395,0.14069,0.48649
55.45000,13.25926,-2.69215,1.54588,84.58470,2.00791,106.30804,0.10680,2.66639,4.12994,0.19491,0.14350,0.48618
55.50000,13.33293,-2.66866,1.54722,84.66201,2.01454,105.94768,0.10760,2.66627,4.13628,0.19583,0.14591,0.48585
55.55000,13.40665,-2.64512,1.54836,84.73939,2.14210,104.57635,0.10365,2.65391,4.67146,0.19552,0.15412,0.48533
55.60000,13.48042,-2.62155,1.54944,84.81682,2.14822,104.19120,0.10410,2.65488,4.69728,0.19645,0.15674,0.48468
55.65000,13.55425,-2.59797,1.55046,84.89431,2.15344,103.79816,0.10436,2.65655,4.72573,0.19734,0.15872,0.48406
55.70000,13.62813,-2.57441,1.55143,84.97186,2.15802,103.40392,0.10446,2.65887,4.75746,0.19822,0.16018,0.48345
55.75000,13.70207,-2.55087,1.55234,85.04945,2.16218,103.01288,0.10438,2.66180,4.79340,0.19911,0.16121,0.48281
55.80000,13.77607,-2.52738,1.55319,85.12708,2.16611,102.63407,0.10415,2.66522,4.83272,0.20001,0.16189,0.48216
55.85000,13.85013,-2.50394,1.55398,85.20476,2.16997,102.27345,0.10379,2.66907,4.87551,0.20093,0.16229,0.48147
55.90000,13.92424,-2.48057,1.55463,85.28248,2.28353,100.88666,0.09926,2.66052,5.59037,0.20071,0.16913,0.48060
55.95000,13.99842,-2.45728,1.55522,85.36022,2.28816,100.57207,0.09878,2.66487,5.65760,0.20176,0.16999,0.47961
56.00000,14.07264,-2.43405,1.55577,85.43798,2.29268,100.30532,0.09818,2.66949,5.72346,0.20279,0.17035,0.47869
56.05000,14.14692,-2.41090,1.55626,85.51577,2.29724,100.10130,0.09748,2.67427,5.78835,0.20384,0.17034,0.47783
56.10000,14.22124,-2.38782,1.55670,85.59358,2.30195,99.97337,0.09670,2.67910,5.85189,0.20489,0.17005,0.47701
56.15000,14.29561,-2.36480,1.55709,85.67141,2.30685,99.93253,0.09584,2.68391,5.91413,0.20595,0.16954,0.47622
56.20000,14.37000,-2.34183,1.55741,85.74925,2.40840,98.90844,0.09181,2.67633,6.35751,0.20585,0.17568,0.47532
56.25000,14.44443,-2.31890,1.55769,85.82710,2.41402,99.05129,0.09101,2.68070,6.38956,0.20694,0.17568,0.47437
56.30000,14.51887,-2.29598,1.55793,85.90496,2.41964,99.30353,0.09015,2.68496,6.41794,0.20800,0.17523,0.47357
56.35000,14.59332,-2.27305,1.55812,85.98283,2.42536,99.66786,0.08926,2.68905,6.44316,0.20904,0.17448,0.47287
56.40000,14.66776,-2.25006,1.55827,86.06070,2.43123,100.14225,0.08835,2.69295,6.46562,0.21005,0.17350,0.47227
56.45000,14.74218,-2.22698,1.55838,86.13858,2.43726,100.71499,0.08743,2.69663,6.48549,0.21104,0.17237,0.47174
56.50000,14.81656,-2.20376,1.55845,86.21646,2.44341,101.37538,0.08651,2.70009,6.50316,0.21200,0.17114,0.47128
56.55000,14.89089,-2.18036,1.55848,86.29436,2.53048,101.03364,0.08350,2.69154,6.90266,0.21183,0.17656,0.47071
56.60000,14.96514,-2.15673,1.55846,86.37226,2.53636,101.79493,0.08276,2.69434,6.92095,0.21278,0.17592,0.47011
56.65000,15.03930,-2.13281,1.55840,86.45018,2.54195,102.59145,0.08204,2.69703,6.93629,0.21368,0.17497,0.46964
56.70000,15.11333,-2.10850,1.55829,86.52810,2.54727,103.40445,0.08135,2.69960,6.94939,0.21454,0.17385,0.46927
56.75000,15.18720,-2.08374,1.55814,86.60605,2.55229,104.21310,0.08070,2.70202,6.96094,0.21535,0.17265,0.46896
56.80000,15.26088,-2.05844,1.55795,86.68403,2.55695,104.99740,0.08011,2.70429,6.97148,0.21612,0.17144,0.46870
56.85000,15.33433,-2.03251,1.55770,86.76203,2.56134,105.74562,0.07957,2.70630,6.97913,0.21678,0.17026,0.46850
56.90000,15.40750,-2.00584,1.55741,86.84007,2.56522,106.43555,0.07909,2.70819,6.98734,0.21742,0.16914,0.46832
56.95000,15.48034,-1.97833,1.55706,86.91815,2.56861,107.06035,0.07866,2.70992,6.99522,0.21800,0.16810,0.46817
57.00000,15.55279,-1.94986,1.55666,86.99628,2.57151,107.61539,0.07829,2.71150,7.00300,0.21852,0.16714,0.46803
57.05000,15.62478,-1.92032,1.55620,87.07446,2.57390,108.09992,0.07796,2.71295,7.01093,0.21899,0.16625,0.46790
57.10000,15.69625,-1.88958,1.55568,87.15270,2.57611,108.52956,0.07770,2.71405,7.01380,0.21929,0.16541,0.46784
57.15000,15.76710,-1.85752,1.55510,87.23100,2.57768,108.88738,0.07746,2.71518,7.01995,0.21960,0.16464,0.46775
57.20000,15.83723,-1.82398,1.55444,87.30936,2.57880,109.18577,0.07725,2.71624,7.02632,0.21986,0.16390,0.46767
57.25000,15.90654,-1.78884,1.55372,87.38779,2.57949,109.43040,0.07707,2.71723,7.03311,0.22008,0.16318,0.46760
57.30000,15.97488,-1.75195,1.55292,87.46629,2.58012,109.64295,0.07693,2.71792,7.03401,0.22010,0.16242,0.46759
57.35000,16.04212,-1.71317,1.55204,87.54484,2.58018,109.80730,0.07680,2.71874,7.03878,0.22015,0.16165,0.46755
57.40000,16.10809,-1.67235,1.55108,87.62345,2.57986,109.93817,0.07667,2.71957,7.04400,0.22015,0.16082,0.46752
57.45000,16.17261,-1.62937,1.55002,87.70210,2.57918,110.04157,0.07655,2.72043,7.04988,0.22011,0.15990,0.46749
57.50000,16.23546,-1.58408,1.54886,87.78078,2.57811,110.12259,0.07643,2.72137,7.05668,0.22002,0.15888,0.46746
57.55000,16.29642,-1.53637,1.54761,87.85948,2.57725,110.21200,0.07634,2.72192,7.05371,0.21963,0.15767,0.46754
57.60000,16.35524,-1.48614,1.54626,87.93816,2.57566,110.27299,0.07622,2.72287,7.05830,0.21934,0.15634,0.46755
57.65000,16.41163,-1.43332,1.54480,88.01681,2.57364,110.32360,0.07609,2.72395,7.06400,0.21900,0.15482,0.46757
57.70000,16.46531,-1.37784,1.54324,88.09541,2.57115,110.36601,0.07594,2.72520,7.07114,0.21860,0.15309,0.46759
57.75000,16.51596,-1.31969,1.54157,88.17392,2.56875,110.42791,0.07582,2.72617,7.06927,0.21788,0.15109,0.46771
57.80000,16.56325,-1.25888,1.53980,88.25231,2.56551,110.47307,0.07566,2.72759,7.07465,0.21723,0.14887,0.46778
57.85000,16.60683,-1.19548,1.53795,88.33055,2.56169,110.51528,0.07547,2.72921,7.08178,0.21650,0.14639,0.46785
57.90000,16.64637,-1.12959,1.53603,88.40860,2.55725,110.55516,0.07527,2.73106,7.09086,0.21570,0.14366,0.46793
57.95000,16.68152,-1.06137,1.53404,88.48642,2.55219,110.59316,0.07505,2.73313,7.10204,0.21483,0.14070,0.46800
58.00000,16.71196,-0.99104,1.53201,88.56397,2.54750,110.66849,0.07486,2.73471,7.09914,0.21350,0.13752,0.46822
58.05000,16.73738,-0.91885,1.52996,88.64124,2.54175,110.72165,0.07464,2.73684,7.10758,0.21237,0.13428,0.46836
58.10000,16.75751,-0.84511,1.52791,88.71819,2.53556,110.77436,0.07440,2.73907,7.11758,0.21119,0.13099,0.46850
58.15000,16.77211,-0.77019,1.52589,88.79479,2.52898,110.82651,0.07417,2.74138,7.12914,0.21001,0.12771,0.46864
58.20000,16.78099,-0.69448,1.52391,88.87101,2.52303,110.91515,0.07397,2.74308,7.12672,0.20842,0.12443,0.46891
58.25000,16.78402,-0.61841,1.52199,88.94689,2.51634,110.98561,0.07375,2.74514,7.13381,0.20706,0.12129,0.46911
58.30000,16.78110,-0.54243,1.52016,89.02242,2.50942,111.05649,0.07354,2.74717,7.14212,0.20573,0.11826,0.46930
58.35000,16.77222,-0.46700,1.51844,89.09760,2.50233,111.12804,0.07334,2.74916,7.15164,0.20443,0.11538,0.46949
58.40000,16.75741,-0.39259,1.51682,89.17243,2.49510,111.20070,0.07314,2.75108,7.16229,0.20319,0.11267,0.46967
58.45000,16.73678,-0.31967,1.51533,89.24693,2.48931,111.33003,0.07301,2.75197,7.15069,0.20138,0.11007,0.47006
58.50000,16.71047,-0.24868,1.51397,89.32115,2.48257,111.42717,0.07284,2.75336,7.15534,0.20007,0.10773,0.47030
58.55000,16.67869,-0.18003,1.51274,89.39511,2.47587,111.52738,0.07270,2.75459,7.16061,0.19884,0.10559,0.47055
58.60000,16.64169,-0.11411,1.51165,89.46882,2.47033,111.66972,0.07259,2.75501,7.15012,0.19726,0.10361,0.47094
58.65000,16.59976,-0.05128,1.51070,89.54228,2.46438,111.79908,0.07248,2.75556,7.14820,0.19600,0.10186,0.47125
58.70000,16.55322,0.00816,1.50987,89.61552,2.45850,111.93478,0.07239,2.75591,7.14648,0.19482,0.10029,0.47157
58.75000,16.50241,0.06395,1.50923,89.68861,2.36247,113.03281,0.07300,2.76574,6.76300,0.19500,0.09576,0.47200
58.80000,16.44772,0.11589,1.50863,89.76157,2.35726,113.26617,0.07295,2.76536,6.73965,0.19348,0.09427,0.47268
58.85000,16.38949,0.16380,1.50815,89.83443,2.35147,113.47830,0.07288,2.76505,6.72743,0.19231,0.09304,0.47323
58.90000,16.32811,0.20755,1.50777,89.90718,2.34568,113.68975,0.07283,2.76447,6.71589,0.19120,0.09200,0.47375
58.95000,16.26393,0.24706,1.50748,89.97987,2.33985,113.89984,0.07279,2.76361,6.70461,0.19014,0.09110,0.47425
59.00000,16.19731,0.28228,1.50727,90.05251,2.33533,114.14577,0.07281,2.76185,6.67562,0.18862,0.09028,0.47491
59.05000,16.12861,0.31322,1.50714,90.12514,2.32980,114.35925,0.07280,2.76032,6.65857,0.18747,0.08959,0.47547
59.10000,16.05816,0.33991,1.50719,90.19777,2.21936,115.46190,0.07358,2.76817,6.26345,0.18765,0.08641,0.47611
59.15000,15.98626,0.36244,1.50717,90.27043,2.21359,115.70079,0.07362,2.76627,6.23284,0.18622,0.08564,0.47694
59.20000,15.91320,0.38086,1.50722,90.34311,2.20723,115.89886,0.07366,2.76440,6.21054,0.18502,0.08505,0.47764
59.25000,15.83924,0.39528,1.50732,90.41584,2.20064,116.06359,0.07371,2.76240,6.19046,0.18387,0.08458,0.47828
59.30000,15.76462,0.40581,1.50747,90.48861,2.19372,116.19108,0.07377,2.76028,6.17227,0.18275,0.08418,0.47888
59.35000,15.68956,0.41259,1.50765,90.56145,2.18747,116.30273,0.07388,2.75763,6.14428,0.18130,0.08384,0.47955
59.40000,15.61424,0.41578,1.50800,90.63437,2.06221,117.21180,0.07490,2.76484,5.51408,0.18137,0.08128,0.48021
59.45000,15.53885,0.41559,1.50826,90.70737,2.05290,117.23310,0.07501,2.76281,5.47432,0.18012,0.08078,0.48093
59.50000,15.46351,0.41212,1.50856,90.78046,2.04301,117.19460,0.07515,2.76076,5.44147,0.17886,0.08038,0.48155
59.55000,15.38837,0.40554,1.50890,90.85365,2.03347,117.11488,0.07533,2.75831,5.39477,0.17726,0.08001,0.48219
59.60000,15.31353,0.39601,1.50927,90.92695,2.02233,116.95267,0.07550,2.75623,5.36809,0.17586,0.07968,0.48270
59.65000,15.23907,0.38371,1.50966,91.00037,2.01023,116.72317,0.07568,2.75426,5.34745,0.17443,0.07936,0.48315
59.70000,15.16507,0.36879,1.51009,91.07392,1.99718,116.42996,0.07587,2.75243,5.33223,0.17298,0.07902,0.48356
59.75000,15.09158,0.35144,1.51067,91.14760,1.85378,116.95097,0.07728,2.76014,4.68075,0.17252,0.07667,0.48408
59.80000,15.01861,0.33188,1.51118,91.22143,1.83747,116.57813,0.07749,2.75888,4.66648,0.17089,0.07606,0.48460
59.85000,14.94622,0.31021,1.51171,91.29539,1.82047,116.16212,0.07770,2.75775,4.65867,0.16924,0.07549,0.48502
59.90000,14.87441,0.28658,1.51229,91.36949,1.80326,115.72058,0.07792,2.75662,4.64875,0.16740,0.07491,0.48541
59.95000,14.80320,0.26111,1.51291,91.44372,1.78484,115.24101,0.07811,2.75583,4.64927,0.16562,0.07431,0.48571
60.00000,14.73258,0.23396,1.51359,91.51809,1.76553,114.73624,0.07828,2.75529,4.65499,0.16381,0.07366,0.48596
60.05000,14.66254,0.20524,1.51433,91.59260,1.74540,114.21353,0.07841,2.75499,4.66530,0.16197,0.07298,0.48618
60.10000,14.59305,0.17512,1.51525,91.66727,1.58766,114.57146,0.08003,2.76433,4.14994,0.16128,0.07069,0.48648
60.15000,14.52406,0.14376,1.51617,91.74208,1.56507,114.05483,0.08010,2.76463,4.15724,0.15932,0.06979,0.48683
60.20000,14.45556,0.11123,1.51713,91.81705,1.54265,113.54634,0.08015,2.76503,4.16865,0.15738,0.06896,0.48709
60.25000,14.38753,0.07763,1.51799,91.89216,1.65830,112.15390,0.07865,2.75608,4.71396,0.15420,0.06957,0.48720
60.30000,14.31995,0.04303,1.51891,91.96741,1.63854,111.67546,0.07867,2.75633,4.73742,0.15236,0.06897,0.48720
60.35000,14.25277,0.00757,1.51985,92.04279,1.61898,111.21671,0.07866,2.75669,4.76291,0.15065,0.06836,0.48722
60.40000,14.18594,-0.02865,1.52080,92.11829,1.60015,110.78816,0.07864,2.75702,4.78709,0.14903,0.06778,0.48727
60.45000,14.11941,-0.06553,1.52176,92.19392,1.58232,110.39451,0.07862,2.75724,4.80924,0.14752,0.06724,0.48734
60.50000,14.05315,-0.10298,1.52273,92.26966,1.56582,110.04234,0.07862,2.75724,4.82655,0.14609,0.06676,0.48745
60.55000,13.98713,-0.14093,1.52358,92.34550,1.68810,108.76411,0.07728,2.74731,5.49629,0.14354,0.06759,0.48750
60.60000,13.92131,-0.17933,1.52443,92.42145,1.67527,108.46559,0.07731,2.74662,5.51912,0.14243,0.06737,0.48747
60.65000,13.85565,-0.21808,1.52527,92.49748,1.66330,108.20663,0.07735,2.74569,5.53499,0.14140,0.06717,0.48754
60.70000,13.79009,-0.25709,1.52610,92.57361,1.65238,107.99115,0.07741,2.74449,5.54358,0.14046,0.06699,0.48766
60.75000,13.72462,-0.29631,1.52691,92.64981,1.64242,107.81704,0.07749,2.74305,5.54726,0.13962,0.06686,0.48784
60.80000,13.65918,-0.33568,1.52771,92.72610,1.63340,107.68579,0.07758,2.74135,5.54554,0.13885,0.06677,0.48805
60.85000,13.59374,-0.37512,1.52849,92.80243,1.62519,107.59796,0.07769,2.73939,5.53859,0.13813,0.06671,0.48831
60.90000,13.52829,-0.41461,1.52918,92.87879,1.75447,106.53990,0.07656,2.72660,6.13186,0.13618,0.06791,0.48856
60.95000,13.46280,-0.45410,1.52983,92.95525,1.74823,106.49840,0.07670,2.72365,6.12743,0.13553,0.06804,0.48874
61.00000,13.39724,-0.49354,1.53046,93.03195,1.74195,106.49582,0.07684,2.72042,6.11937,0.13487,0.06815,0.48902
61.05000,13.33158,-0.53287,1.53105,93.10887,1.73567,106.52748,0.07700,2.71693,6.10827,0.13418,0.06824,0.48937
61.10000,13.26581,-0.57206,1.53161,93.18581,1.72938,106.58379,0.07717,2.71317,6.09464,0.13347,0.06834,0.48978
61.15000,13.19989,-0.61107,1.53214,93.26269,1.72298,106.64966,0.07736,2.70920,6.07962,0.13275,0.06844,0.49021
61.20000,13.13381,-0.64985,1.53262,93.33949,1.71650,106.71267,0.07757,2.70501,6.06297,0.13199,0.06855,0.49068
61.25000,13.06756,-0.68839,1.53305,93.41622,1.84454,105.71643,0.07655,2.68869,6.41645,0.12995,0.07001,0.49113
61.30000,13.00113,-0.72666,1.53343,93.49292,1.83815,105.68112,0.07679,2.68355,6.40191,0.12916,0.07028,0.49148
61.35000,12.93450,-0.76460,1.53378,93.56964,1.83124,105.60767,0.07705,2.67845,6.38750,0.12838,0.07052,0.49185
61.40000,12.86765,-0.80219,1.53408,93.64639,1.82409,105.49013,0.07732,2.67339,6.37285,0.12758,0.07075,0.49222
61.45000,12.80056,-0.83939,1.53435,93.72315,1.81673,105.31584,0.07761,2.66844,6.35898,0.12679,0.07097,0.49259
61.50000,12.73322,-0.87616,1.53457,93.79993,1.80916,105.07386,0.07792,2.66364,6.34628,0.12600,0.07121,0.49293
61.55000,12.66562,-0.91247,1.53475,93.87673,1.93260,103.66809,0.07697,2.64552,6.71523,0.12401,0.07295,0.49323
61.60000,12.59777,-0.94831,1.53488,93.95353,1.92460,103.19241,0.07732,2.64025,6.70908,0.12325,0.07336,0.49338
61.65000,12.52962,-0.98361,1.53497,94.03034,1.91616,102.63613,0.07770,2.63523,6.70357,0.12248,0.07375,0.49354
61.70000,12.46117,-1.01833,1.53501,94.10716,1.90745,102.00354,0.07811,2.63043,6.69878,0.12172,0.07414,0.49368
61.75000,12.39240,-1.05241,1.53501,94.18399,1.89858,101.30154,0.07856,2.62585,6.69460,0.12095,0.07453,0.49381
61.80000,12.32330,-1.08581,1.53497,94.26082,1.88945,100.53527,0.07903,2.62157,6.69280,0.12023,0.07493,0.49391
61.85000,12.25385,-1.11847,1.53488,94.33767,1.88050,99.72803,0.07953,2.61739,6.69007,0.11949,0.07533,0.49401
61.90000,12.18403,-1.15032,1.53474,94.41452,1.87178,98.89727,0.08006,2.61336,6.68731,0.11875,0.07574,0.49410
61.95000,12.11383,-1.18129,1.53455,94.49138,1.86345,98.06533,0.08061,2.60949,6.68422,0.11803,0.07614,0.49418
62.00000,12.04322,-1.21131,1.53430,94.56826,1.85542,97.24687,0.08115,2.60593,6.68333,0.11740,0.07654,0.49423
62.05000,11.97220,-1.24029,1.53400,94.64516,1.84825,96.47158,0.08169,2.60245,6.68035,0.11676,0.07692,0.49430
62.10000,11.90075,-1.26814,1.53365,94.72208,1.84192,95.75081,0.08222,2.59913,6.67656,0.11615,0.07728,0.49437
62.15000,11.82885,-1.29476,1.53324,94.79903,1.83654,95.09677,0.08272,2.59596,6.67172,0.11558,0.07763,0.49444
62.20000,11.75649,-1.32004,1.53276,94.87602,1.83180,94.50828,0.08318,2.59315,6.66930,0.11514,0.07796,0.49448
62.25000,11.68366,-1.34386,1.53222,94.95306,1.82837,94.00479,0.08362,2.59038,6.66390,0.11471,0.07828,0.49454
62.30000,11.61036,-1.36609,1.53162,95.03017,1.82605,93.58287,0.08402,2.58773,6.65727,0.11433,0.07860,0.49461
62.35000,11.53659,-1.38658,1.53094,95.10736,1.82486,93.23906,0.08439,2.58516,6.64924,0.11400,0.07891,0.49468
62.40000,11.46236,-1.40518,1.53018,95.18464,1.82484,92.96680,0.08474,2.58263,6.63951,0.11372,0.07924,0.49476
62.45000,11.38768,-1.42172,1.52935,95.26203,1.82517,92.73566,0.08504,2.58057,6.63590,0.11371,0.07962,0.49478
62.50000,11.31258,-1.43601,1.52843,95.33955,1.82718,92.56952,0.08536,2.57814,6.62590,0.11365,0.08005,0.49485
62.55000,11.23711,-1.44785,1.52742,95.41720,1.83049,92.44702,0.08570,2.57555,6.61397,0.11367,0.08056,0.49492
62.60000,11.16133,-1.45705,1.52630,95.49499,1.83527,92.36052,0.08609,2.57268,6.59972,0.11379,0.08119,0.49500
62.65000,11.08531,-1.46336,1.52508,95.57291,1.84068,92.27642,0.08646,2.57007,6.59246,0.11427,0.08201,0.49502
62.70000,11.00916,-1.46655,1.52374,95.65097,1.84850,92.22927,0.08695,2.56664,6.57710,0.11477,0.08304,0.49508
62.75000,10.93301,-1.46638,1.52230,95.72914,1.85855,92.20011,0.08754,2.56258,6.55849,0.11545,0.08436,0.49515
62.80000,10.85703,-1.46261,1.52073,95.80740,1.87120,92.18563,0.08829,2.55771,6.53590,0.11635,0.08606,0.49523
62.85000,10.78143,-1.45499,1.51902,95.88573,1.88687,92.18353,0.08923,2.55184,6.50858,0.11750,0.08826,0.49532
62.90000,10.70643,-1.44329,1.51718,95.96408,1.90420,92.14681,0.09026,2.54591,6.49204,0.11937,0.09113,0.49531
62.95000,10.63234,-1.42727,1.51521,96.04239,1.92605,92.14506,0.09166,2.53807,6.46012,0.12131,0.09476,0.49538
63.00000,10.55948,-1.40674,1.51311,96.12059,1.95134,92.14978,0.09338,2.52895,6.42300,0.12359,0.09932,0.49546
63.05000,10.48821,-1.38154,1.51089,96.19860,1.97970,92.15962,0.09546,2.51861,6.38106,0.12619,0.10494,0.49555
63.10000,10.41895,-1.35154,1.50857,96.27636,2.00879,92.12764,0.09772,2.50844,6.35112,0.12951,0.11171,0.49552
63.15000,10.35214,-1.31668,1.50617,96.35379,2.04011,92.12208,0.10041,2.49701,6.30990,0.13278,0.11952,0.49556
63.20000,10.28825,-1.27696,1.50371,96.43082,2.07166,92.11468,0.10337,2.48542,6.26818,0.13614,0.12820,0.49559
63.25000,10.22775,-1.23244,1.50123,96.50737,2.10238,92.10376,0.10652,2.47409,6.22737,0.13947,0.13747,0.49561
63.30000,10.17115,-1.18326,1.49875,96.58340,2.13139,92.08899,0.10975,2.46342,6.18863,0.14267,0.14695,0.49561
63.35000,10.11890,-1.12965,1.49633,96.65886,2.15585,91.99717,0.11258,2.45570,6.17644,0.14636,0.15635,0.49541
63.40000,10.07145,-1.07190,1.49399,96.73375,2.17911,91.93635,0.11550,2.44805,6.15268,0.14933,0.16516,0.49531
63.45000,10.02922,-1.01038,1.49178,96.80806,2.19971,91.86097,0.11821,2.44180,6.13274,0.15200,0.17324,0.49519
63.50000,9.99255,-0.94551,1.48973,96.88177,2.21778,91.76734,0.12066,2.43696,6.11648,0.15437,0.18043,0.49504
63.55000,9.96171,-0.87778,1.48794,96.95491,2.14954,90.42815,0.11921,2.46466,5.74787,0.16541,0.19356,0.49814
63.60000,9.93690,-0.80771,1.48626,97.02756,2.16139,90.18222,0.12078,2.46377,5.73785,0.16743,0.19812,0.49809
63.65000,9.91829,-0.73583,1.48478,97.09975,2.17204,89.93637,0.12205,2.46431,5.73618,0.16925,0.20212,0.49792
63.70000,9.90594,-0.66268,1.48351,97.17152,2.17983,89.61106,0.12266,2.46765,5.77955,0.17146,0.20564,0.49751
63.75000,9.89983,-0.58881,1.48246,97.24287,2.18763,89.27405,0.12321,2.47145,5.80980,0.17321,0.20851,0.49710
63.80000,9.89990,-0.51473,1.48160,97.31385,2.19479,88.88471,0.12352,2.47645,5.84624,0.17484,0.21086,0.49660
63.85000,9.90602,-0.44094,1.48092,97.38460,2.20146,88.43024,0.12360,2.48272,5.89075,0.17640,0.21274,0.49602
63.90000,9.91795,-0.36790,1.48060,97.45517,2.12190,86.65431,0.11983,2.51868,5.48173,0.18658,0.22124,0.49867
63.95000,9.93545,-0.29599,1.48024,97.52560,2.12526,85.93047,0.11932,2.52791,5.54403,0.18821,0.22117,0.49811
64.00000,9.95826,-0.22561,1.48004,97.59592,2.12928,85.16686,0.11862,2.53832,5.61674,0.18988,0.22115,0.49736
64.05000,9.98609,-0.15707,1.47996,97.66616,2.13215,84.30612,0.11744,2.55091,5.73290,0.19207,0.22113,0.49632
64.10000,10.01863,-0.09063,1.47998,97.73635,2.13643,83.43869,0.11630,2.56348,5.83752,0.19397,0.22091,0.49525
64.15000,10.05555,-0.02651,1.48010,97.80656,2.14123,82.55959,0.11507,2.57640,5.94691,0.19586,0.22050,0.49409
64.20000,10.09651,0.03510,1.48028,97.87680,2.14525,81.66001,0.11353,2.59020,6.03966,0.19806,0.21995,0.49277
64.25000,10.14118,0.09412,1.48072,97.94711,2.06292,79.62438,0.10948,2.62459,5.68219,0.20736,0.22598,0.49518
64.30000,10.18919,0.15046,1.48101,98.01750,2.06613,78.78563,0.10806,2.63613,5.78234,0.20902,0.22368,0.49428
64.35000,10.24029,0.20405,1.48138,98.08800,2.07072,78.12246,0.10658,2.64695,5.87951,0.21061,0.22161,0.49333
64.40000,10.29418,0.25487,1.48181,98.15861,2.07510,77.61442,0.10486,2.65770,6.00007,0.21247,0.21970,0.49228
64.45000,10.35057,0.30293,1.48230,98.22937,2.08159,77.35810,0.10322,2.66704,6.04314,0.21398,0.21770,0.49135
64.50000,10.40919,0.34828,1.48284,98.30028,2.08941,77.35355,0.10151,2.67552,6.08112,0.21540,0.21560,0.49049
64.55000,10.46979,0.39100,1.48340,98.37137,2.09761,77.59329,0.09959,2.68376,6.12381,0.21699,0.21339,0.48963
64.60000,10.53214,0.43119,1.48399,98.44264,2.10786,78.14387,0.09765,2.69105,6.15571,0.21837,0.21093,0.48891
64.65000,10.59601,0.46899,1.48473,98.51412,2.03079,77.77596,0.09399,2.71407,5.85531,0.22615,0.21497,0.49209
64.70000,10.66117,0.50457,1.48535,98.58582,2.04221,78.80725,0.09204,2.71940,5.89173,0.22727,0.21072,0.49189
64.75000,10.72748,0.53805,1.48598,98.65774,2.05507,80.14151,0.08996,2.72496,5.94255,0.22863,0.20673,0.49157
64.80000,10.79477,0.56956,1.48660,98.72990,2.07049,81.77903,0.08796,2.73010,5.97621,0.22986,0.20281,0.49128
64.85000,10.86291,0.59929,1.48721,98.80230,2.08735,83.64249,0.08602,2.73511,6.00272,0.23110,0.19897,0.49098
64.90000,10.93176,0.62741,1.48781,98.87496,2.10454,85.64367,0.08416,2.74016,6.01948,0.23243,0.19524,0.49066
64.95000,11.00121,0.65412,1.48848,98.94786,2.03338,86.49699,0.08161,2.75865,5.55248,0.23926,0.19805,0.49413
65.00000,11.07112,0.67966,1.48907,99.02103,2.04877,88.44379,0.08023,2.76216,5.56384,0.24020,0.19321,0.49421
65.05000,11.14144,0.70418,1.48962,99.09446,2.06394,90.36072,0.07902,2.76559,5.57651,0.24108,0.18900,0.49420
65.10000,11.21207,0.72786,1.49015,99.16816,2.07805,92.17367,0.07798,2.76895,5.59412,0.24194,0.18531,0.49411
65.15000,11.28294,0.75089,1.49063,99.24211,2.09110,93.85002,0.07710,2.77202,5.60772,0.24267,0.18204,0.49401
65.20000,11.35397,0.77347,1.49107,99.31634,2.10262,95.35748,0.07636,2.77486,5.62110,0.24330,0.17912,0.49390
65.25000,11.42512,0.79580,1.49146,99.39085,2.11245,96.68565,0.07574,2.77746,5.63463,0.24382,0.17649,0.49378
65.30000,11.49630,0.81806,1.49181,99.46567,2.12064,97.83903,0.07523,2.77980,5.64680,0.24423,0.17410,0.49368
65.35000,11.56746,0.84045,1.49210,99.54081,2.12720,98.82786,0.07480,2.78191,5.65830,0.24453,0.17187,0.49358
65.40000,11.63853,0.86315,1.49233,99.61628,2.13220,99.66801,0.07444,2.78381,5.66961,0.24474,0.16977,0.49350
65.45000,11.70945,0.88635,1.49251,99.69203,2.13577,100.37762,0.07413,2.78554,5.68105,0.24487,0.16776,0.49344
65.50000,11.78016,0.91022,1.49263,99.76796,2.13839,100.98504,0.07388,2.78699,5.68544,0.24485,0.16579,0.49341
65.55000,11.85058,0.93494,1.49270,99.84397,2.13970,101.49237,0.07366,2.78836,5.69293,0.24479,0.16386,0.49339
65.60000,11.92064,0.96069,1.49272,99.92006,2.13998,101.91892,0.07347,2.78960,5.70017,0.24466,0.16195,0.49338
65.65000,11.99025,0.98761,1.49269,99.99628,2.13933,102.27820,0.07330,2.79074,5.70742,0.24448,0.16004,0.49338
65.70000,12.05933,1.01586,1.49262,100.07264,2.13842,102.59797,0.07316,2.79161,5.70357,0.24413,0.15810,0.49343
65.75000,12.12778,1.04558,1.49250,100.14909,2.13652,102.86498,0.07303,2.79251,5.70559,0.24379,0.15616,0.49348
65.80000,12.19551,1.07690,1.49236,100.22561,2.13399,103.09513,0.07291,2.79335,5.70747,0.24341,0.15421,0.49353
65.85000,12.26241,1.10994,1.49218,100.30215,2.13086,103.29489,0.07280,2.79415,5.70948,0.24298,0.15222,0.49359
65.90000,12.32836,1.14480,1.49197,100.37869,2.12783,103.48806,0.07270,2.79468,5.69865,0.24239,0.15019,0.49372
65.95000,12.39326,1.18157,1.49175,100.45521,2.12396,103.65182,0.07261,2.79531,5.69526,0.24182,0.14814,0.49382
66.00000,12.45698,1.22033,1.49152,100.53168,2.11958,103.79866,0.07252,2.79592,5.69220,0.24122,0.14606,0.49392
66.05000,12.51940,1.26112,1.49128,100.60807,2.11472,103.93087,0.07243,2.79651,5.68967,0.24059,0.14395,0.49404
66.10000,12.58040,1.30399,1.49103,100.68437,2.11014,104.06937,0.07236,2.79684,5.67408,0.23979,0.14180,0.49421
66.15000,12.63985,1.34897,1.49080,100.76054,2.10487,104.18767,0.07228,2.79727,5.66598,0.23903,0.13969,0.49436
66.20000,12.69762,1.39605,1.49057,100.83657,2.09931,104.29572,0.07221,2.79767,5.65821,0.23826,0.13761,0.49451
66.25000,12.75360,1.44524,1.49036,100.91245,2.09348,104.39429,0.07215,2.79802,5.65077,0.23747,0.13558,0.49467
66.30000,12.80768,1.49650,1.49016,100.98815,2.08741,104.48418,0.07208,2.79833,5.64367,0.23668,0.13360,0.49483
66.35000,12.85973,1.54979,1.49000,101.06368,2.08220,104.59517,0.07204,2.79824,5.61656,0.23566,0.13165,0.49507
66.40000,12.90967,1.60507,1.48986,101.13904,2.07614,104.68204,0.07199,2.79833,5.60350,0.23478,0.12979,0.49527
66.45000,12.95739,1.66226,1.48975,101.21422,2.06986,104.76254,0.07195,2.79838,5.59107,0.23390,0.12800,0.49547
66.50000,13.00281,1.72128,1.48967,101.28923,2.06339,104.83677,0.07190,2.79838,5.57933,0.23302,0.12628,0.49567
66.55000,13.04586,1.78206,1.48963,101.36407,2.05784,104.93275,0.07188,2.79798,5.54855,0.23193,0.12461,0.49595
66.60000,13.08648,1.84449,1.48963,101.43875,2.05151,105.00498,0.07186,2.79775,5.53167,0.23100,0.12306,0.49618
66.65000,13.12460,1.90847,1.48967,101.51329,2.04508,105.06977,0.07183,2.79745,5.51558,0.23009,0.12160,0.49641
66.70000,13.16019,1.97389,1.48974,101.58771,2.03859,105.12667,0.07181,2.79708,5.50022,0.22921,0.12025,0.49664
66.75000,13.19323,2.04065,1.48985,101.66200,2.03315,105.20290,0.07182,2.79630,5.46648,0.22812,0.11899,0.49695
66.80000,13.22368,2.10864,1.49001,101.73619,1.99315,107.35341,0.07280,2.79250,5.23106,0.22192,0.10984,0.49371
66.85000,13.25154,2.17773,1.49020,101.81028,1.98851,107.53801,0.07278,2.79264,5.21143,0.22113,0.10906,0.49387
66.90000,13.27682,2.24782,1.49043,101.88429,1.98415,107.68607,0.07279,2.79220,5.18073,0.22018,0.10830,0.49413
66.95000,13.29952,2.31880,1.49070,101.95824,1.97916,107.78644,0.07281,2.79162,5.15704,0.21933,0.10763,0.49439
67.00000,13.31967,2.39057,1.49100,102.03213,1.97397,107.85620,0.07283,2.79083,5.13425,0.21850,0.10704,0.49466
67.05000,13.33730,2.46301,1.49134,102.10598,1.96867,107.90078,0.07287,2.78987,5.11221,0.21771,0.10655,0.49494
67.10000,13.35244,2.53603,1.49171,102.17980,1.96406,107.94064,0.07294,2.78852,5.07927,0.21679,0.10614,0.49528
67.15000,13.36513,2.60953,1.49213,102.25360,1.92410,109.96252,0.07422,2.78380,4.85794,0.21021,0.09905,0.49204
67.20000,13.37544,2.68343,1.49257,102.32739,1.92059,110.07675,0.07429,2.78313,4.83369,0.20955,0.09898,0.49226
67.25000,13.38341,2.75764,1.49305,102.40118,1.91671,110.12776,0.07438,2.78209,4.81038,0.20891,0.09895,0.49252
67.30000,13.38911,2.83208,1.49356,102.47498,1.91339,110.14726,0.07451,2.78055,4.77755,0.20814,0.09900,0.49284
67.35000,13.39258,2.90669,1.49410,102.54880,1.90964,110.11964,0.07465,2.77895,4.75210,0.20751,0.09915,0.49314
67.40000,13.39391,2.98139,1.49468,102.62265,1.90593,110.06077,0.07481,2.77719,4.72765,0.20693,0.09939,0.49344
67.45000,13.39316,3.05614,1.49528,102.69653,1.90232,109.97493,0.07499,2.77528,4.70405,0.20641,0.09974,0.49373
67.50000,13.39041,3.13086,1.49593,102.77045,1.86366,111.81613,0.07684,2.76931,4.49636,0.19961,0.09397,0.49048
67.55000,13.38573,3.20553,1.49661,102.84441,1.86190,111.79729,0.07707,2.76781,4.47183,0.19921,0.09451,0.49071
67.60000,13.37919,3.28009,1.49732,102.91843,1.85984,111.71544,0.07734,2.76599,4.44828,0.19883,0.09510,0.49096
67.65000,13.37086,3.35450,1.49806,102.99250,1.85766,111.58411,0.07764,2.76394,4.42572,0.19850,0.09577,0.49122
67.70000,13.36082,3.42875,1.49883,103.06663,1.85617,111.42560,0.07799,2.76150,4.39613,0.19805,0.09653,0.49152
67.75000,13.34915,3.50279,1.49963,103.14082,1.85442,111.22324,0.07836,2.75908,4.37317,0.19777,0.09739,0.49178
67.80000,13.33592,3.57662,1.50047,103.21509,1.85288,110.99085,0.07875,2.75659,4.35136,0.19755,0.09836,0.49203
67.85000,13.32121,3.65020,1.50135,103.28944,1.81506,112.62053,0.08161,2.74980,4.17485,0.19096,0.09328,0.48864
67.90000,13.30508,3.72354,1.50226,103.36386,1.81585,112.44963,0.08214,2.74759,4.14958,0.19080,0.09434,0.48882
67.95000,13.28762,3.79662,1.50321,103.43837,1.81618,112.22033,0.08270,2.74528,4.12982,0.19078,0.09547,0.48900
68.00000,13.26889,3.86943,1.50419,103.51295,1.81660,111.95516,0.08329,2.74284,4.11121,0.19081,0.09668,0.48918
68.05000,13.24897,3.94198,1.50520,103.58761,1.81718,111.66320,0.08393,2.74033,4.09374,0.19089,0.09797,0.48935
68.10000,13.22791,4.01426,1.50624,103.66236,1.81843,111.35946,0.08461,2.73761,4.07253,0.19092,0.09934,0.48953
68.15000,13.20579,4.08628,1.50733,103.73721,1.78251,112.88495,0.08895,2.73026,3.91714,0.18447,0.09443,0.48598
68.20000,13.18267,4.15804,1.50846,103.81214,1.78488,112.62119,0.08977,2.72818,3.90306,0.18474,0.09578,0.48603
68.25000,13.15863,4.22956,1.50964,103.88716,1.78736,112.32263,0.09066,2.72590,3.88764,0.18497,0.09715,0.48611
68.30000,13.13370,4.30084,1.51088,103.96228,1.78972,111.99550,0.09157,2.72366,3.87519,0.18529,0.09858,0.48618
68.35000,13.10795,4.37189,1.51220,104.03749,1.79222,111.65294,0.09248,2.72148,3.86425,0.18566,0.10005,0.48622
68.40000,13.08144,4.44274,1.51361,104.11281,1.79490,111.30224,0.09341,2.71939,3.85480,0.18608,0.10156,0.48625
68.45000,13.05421,4.51339,1.51509,104.18823,1.79797,110.95275,0.09434,2.71736,3.84509,0.18650,0.10309,0.48627
68.50000,13.02632,4.58386,1.51664,104.26375,1.80112,110.60209,0.09524,2.71552,3.83811,0.18699,0.10465,0.48625
68.55000,12.99782,4.65418,1.51826,104.33938,1.80442,110.25487,0.09612,2.71387,3.83281,0.18753,0.10620,0.48621
68.60000,12.96877,4.72436,1.51993,104.41512,1.80783,109.91270,0.09696,2.71243,3.82918,0.18809,0.10773,0.48614
68.65000,12.93921,4.79442,1.52165,104.49096,1.81131,109.57677,0.09776,2.71119,3.82720,0.18869,0.10923,0.48605
68.70000,12.90919,4.86437,1.52338,104.56690,1.85199,107.30101,0.09334,2.71540,3.95836,0.19579,0.11901,0.48965
68.75000,12.87875,4.93424,1.52515,104.64295,1.85472,106.90155,0.09395,2.71420,3.95958,0.19637,0.12059,0.48960
68.80000,12.84793,5.00404,1.52694,104.71912,1.85787,106.54041,0.09449,2.71339,3.96275,0.19699,0.12213,0.48948
68.85000,12.81677,5.07380,1.52875,104.79540,1.86133,106.20980,0.09495,2.71292,3.96771,0.19765,0.12360,0.48932
68.90000,12.78532,5.14351,1.53058,104.87179,1.86510,105.90806,0.09535,2.71272,3.97348,0.19830,0.12497,0.48914
68.95000,12.75360,5.21321,1.53242,104.94827,1.86898,105.62996,0.09568,2.71284,3.98160,0.19900,0.12625,0.48892
69.00000,12.72163,5.28289,1.53422,105.02484,1.90920,103.30384,0.09117,2.71824,4.13508,0.20594,0.13744,0.49232
69.05000,12.68946,5.35258,1.53601,105.10153,1.91228,102.97802,0.09136,2.71827,4.14706,0.20660,0.13858,0.49216
69.10000,12.65709,5.42228,1.53780,105.17832,1.91590,102.71195,0.09148,2.71869,4.16006,0.20728,0.13965,0.49194
69.15000,12.62456,5.49199,1.53956,105.25521,1.91981,102.49269,0.09151,2.71944,4.17476,0.20799,0.14061,0.49168
69.20000,12.59188,5.56173,1.54130,105.33217,1.92395,102.31425,0.09148,2.72046,4.19064,0.20872,0.14146,0.49140
69.25000,12.55905,5.63151,1.54301,105.40923,1.92826,102.17265,0.09139,2.72170,4.20756,0.20946,0.14219,0.49111
69.30000,12.52610,5.70131,1.54469,105.48646,1.93274,102.06631,0.09125,2.72312,4.22515,0.21019,0.14280,0.49080
69.35000,12.49302,5.77115,1.54629,105.56391,1.97254,99.82304,0.08710,2.72934,4.40351,0.21675,0.15464,0.49408
69.40000,12.45982,5.84102,1.54785,105.64161,1.97607,99.67163,0.08694,2.73032,4.42448,0.21741,0.15498,0.49386
69.45000,12.42650,5.91091,1.54936,105.71943,1.98012,99.59465,0.08672,2.73163,4.44622,0.21809,0.15527,0.49360
69.50000,12.39305,5.98083,1.55082,105.79729,1.98454,99.58057,0.08645,2.73319,4.46846,0.21878,0.15547,0.49331
69.55000,12.35946,6.05075,1.55223,105.87509,1.98925,99.62270,0.08615,2.73490,4.49038,0.21947,0.15557,0.49301
69.60000,12.32573,6.12069,1.55359,105.95277,1.99409,99.71281,0.08580,2.73673,4.51262,0.22017,0.15557,0.49271
69.65000,12.29183,6.19062,1.55488,106.03046,2.03318,97.61319,0.08240,2.74289,4.71191,0.22624,0.16768,0.49596
69.70000,12.25775,6.26053,1.55612,106.10820,2.03685,97.65516,0.08213,2.74399,4.73576,0.22680,0.16736,0.49578
69.75000,12.22347,6.33041,1.55731,106.18602,2.04100,97.77407,0.08183,2.74533,4.75847,0.22737,0.16702,0.49556
69.80000,12.18896,6.40024,1.55845,106.26390,2.04535,97.95005,0.08151,2.74687,4.78137,0.22794,0.16665,0.49533
69.85000,12.15420,6.47001,1.55955,106.34183,2.04972,98.17117,0.08117,2.74855,4.80415,0.22849,0.16617,0.49509
69.90000,12.11915,6.53970,1.56061,106.41983,2.05387,98.42793,0.08081,2.75037,4.82725,0.22902,0.16553,0.49485
69.95000,12.08379,6.60928,1.56162,106.49788,2.05753,98.71286,0.08043,2.75233,4.85124,0.22949,0.16466,0.49462
70.00000,12.04807,6.67874,1.56258,106.57602,2.09364,96.76059,0.07788,2.75827,5.07059,0.23482,0.17619,0.49788
70.05000,12.01196,6.74805,1.56349,106.65421,2.09478,96.94455,0.07758,2.75952,5.09799,0.23507,0.17456,0.49777
70.10000,11.97542,6.81718,1.56436,106.73245,2.09559,97.18298,0.07726,2.76112,5.12666,0.23527,0.17275,0.49763
70.15000,11.93840,6.88611,1.56519,106.81076,2.09667,97.45740,0.07694,2.76280,5.15430,0.23550,0.17106,0.49747
70.20000,11.90087,6.95481,1.56599,106.88912,2.09961,97.75890,0.07669,2.76409,5.17315,0.23581,0.17009,0.49733
70.25000,11.86276,7.02323,1.56675,106.96755,2.10172,98.06820,0.07643,2.76561,5.19498,0.23607,0.16886,0.49718
70.30000,11.82404,7.09135,1.56748,107.04604,2.10415,98.38011,0.07619,2.76702,5.21465,0.23635,0.16784,0.49704
70.35000,11.78466,7.15913,1.56817,107.12459,2.10706,98.68921,0.07598,2.76826,5.23160,0.23667,0.16710,0.49690
70.40000,11.74457,7.22654,1.56883,107.20320,2.10981,98.99154,0.07578,2.76946,5.24781,0.23698,0.16639,0.49677
70.45000,11.70372,7.29352,1.56945,107.28188,2.11242,99.29327,0.07559,2.77056,5.25879,0.23718,0.16558,0.49667
70.50000,11.66206,7.36004,1.57005,107.36061,2.11419,99.57925,0.07540,2.77179,5.27375,0.23737,0.16462,0.49656
70.55000,11.61955,7.42605,1.57062,107.43940,2.11532,99.85292,0.07521,2.77304,5.28935,0.23750,0.16350,0.49646
70.60000,11.57613,7.49150,1.57115,107.51825,2.11595,100.11327,0.07503,2.77429,5.30520,0.23760,0.16230,0.49636
70.65000,11.53176,7.55634,1.57166,107.59716,2.11633,100.35950,0.07486,2.77548,5.32059,0.23768,0.16113,0.49628
70.70000,11.48639,7.62052,1.57215,107.67611,2.11722,100.60382,0.07472,2.77636,5.32647,0.23767,0.16008,0.49624
70.75000,11.43999,7.68399,1.57261,107.75511,2.11819,100.82676,0.07459,2.77716,5.33520,0.23775,0.15931,0.49618
70.80000,11.39252,7.74668,1.57305,107.83416,2.11935,101.03923,0.07449,2.77778,5.34162,0.23784,0.15872,0.49615
70.85000,11.34393,7.80855,1.57347,107.91325,2.12063,101.24709,0.07440,2.77823,5.34540,0.23794,0.15829,0.49613
70.90000,11.29420,7.86952,1.57386,107.99237,2.12213,101.46985,0.07434,2.77837,5.33934,0.23792,0.15790,0.49616
70.95000,11.24330,7.92954,1.57424,108.07152,2.12061,101.69591,0.07422,2.77899,5.34283,0.23772,0.15653,0.49620
71.00000,11.19120,7.98856,1.57461,108.15071,2.11875,101.92661,0.07411,2.77947,5.34430,0.23749,0.15516,0.49627
71.05000,11.13788,8.04649,1.57496,108.22991,2.11623,102.16598,0.07400,2.77985,5.34436,0.23718,0.15368,0.49636
71.10000,11.08331,8.10328,1.57530,108.30913,2.11200,102.38873,0.07387,2.78054,5.34969,0.23675,0.15166,0.49645
71.15000,11.02749,8.15886,1.57563,108.38837,2.10767,102.54763,0.07373,2.78149,5.35530,0.23623,0.14945,0.49650
71.20000,10.97042,8.21318,1.57594,108.46762,2.10248,102.70859,0.07359,2.78242,5.36480,0.23571,0.14720,0.49656
71.25000,10.91209,8.26617,1.57624,108.54687,2.09723,102.83989,0.07346,2.78338,5.37604,0.23520,0.14502,0.49660
71.30000,10.85251,8.31777,1.57654,108.62612,2.09203,102.93400,0.07333,2.78441,5.38972,0.23473,0.14296,0.49662
71.35000,10.79167,8.36790,1.57684,108.70537,2.08669,103.01382,0.07321,2.78541,5.40365,0.23425,0.14094,0.49663
71.40000,10.72959,8.41650,1.57715,108.78461,2.08165,103.10490,0.07311,2.78614,5.40606,0.23362,0.13893,0.49670
71.45000,10.66627,8.46352,1.57747,108.86384,2.07580,103.18119,0.07300,2.78690,5.41456,0.23303,0.13695,0.49676
71.50000,10.60175,8.50889,1.57780,108.94307,2.06937,103.23780,0.07291,2.78757,5.42210,0.23240,0.13499,0.49683
71.55000,10.53605,8.55258,1.57814,109.02227,2.06228,103.25586,0.07283,2.78813,5.42938,0.23173,0.13309,0.49692
71.60000,10.46921,8.59452,1.57849,109.10144,2.05450,103.22029,0.07277,2.78865,5.43749,0.23102,0.13124,0.49701
71.65000,10.40125,8.63467,1.57885,109.18060,2.04692,103.14885,0.07273,2.78896,5.43530,0.23015,0.12943,0.49713
71.70000,10.33223,8.67300,1.57923,109.25976,2.03831,102.98707,0.07269,2.78949,5.44490,0.22936,0.12771,0.49720
71.75000,10.26218,8.70946,1.57963,109.33891,2.03032,102.87983,0.07262,2.79017,5.45677,0.22864,0.12594,0.49724
71.80000,10.19116,8.74404,1.58004,109.41801,2.02295,102.82205,0.07254,2.79099,5.47072,0.22797,0.12414,0.49726
71.85000,10.11922,8.77670,1.58046,109.49708,2.01561,102.72522,0.07249,2.79155,5.47509,0.22715,0.12243,0.49733
71.90000,10.04640,8.80742,1.58091,109.57612,2.00820,102.77621,0.07243,2.79176,5.47417,0.22634,0.12072,0.49748
71.95000,9.97278,8.83621,1.58138,109.65515,2.00112,102.84702,0.07236,2.79198,5.47379,0.22555,0.11908,0.49762
72.00000,9.89839,8.86304,1.58187,109.73415,1.95966,105.09079,0.07338,2.78886,5.25454,0.21934,0.10953,0.49432
72.05000,9.82330,8.88791,1.58238,109.81313,1.95375,105.35048,0.07330,2.78946,5.24440,0.21855,0.10834,0.49446
72.10000,9.74756,8.91084,1.58292,109.89211,1.94767,105.56469,0.07326,2.78939,5.22196,0.21755,0.10720,0.49471
72.15000,9.67123,8.93182,1.58347,109.97110,1.94077,105.71771,0.07323,2.78914,5.20508,0.21660,0.10613,0.49496
72.20000,9.59437,8.95086,1.58405,110.05008,1.93369,105.83168,0.07322,2.78872,5.18888,0.21566,0.10513,0.49522
72.25000,9.51703,8.96799,1.58464,110.12895,1.92671,105.93101,0.07320,2.78820,5.17382,0.21475,0.10419,0.49548
72.30000,9.43926,8.98322,1.58527,110.20779,1.88462,108.11366,0.07443,2.78431,4.95887,0.20802,0.09678,0.49220
72.35000,9.36112,8.99656,1.58592,110.28678,1.88025,108.39573,0.07438,2.78443,4.94012,0.20721,0.09609,0.49239
72.40000,9.28264,9.00805,1.58659,110.36600,1.87534,108.64185,0.07432,2.78435,4.92776,0.20650,0.09542,0.49260
72.45000,9.20389,9.01771,1.58727,110.44532,1.87048,108.88763,0.07427,2.78410,4.91734,0.20586,0.09476,0.49283
72.50000,9.12490,9.02556,1.58796,110.52450,1.86487,109.04561,0.07425,2.78356,4.90656,0.20519,0.09420,0.49307
72.55000,9.04572,9.03163,1.58867,110.60353,1.85767,109.04163,0.07429,2.78271,4.89646,0.20445,0.09380,0.49332
72.60000,8.96638,9.03593,1.58941,110.68261,1.81541,111.04881,0.07583,2.77799,4.68920,0.19735,0.08798,0.49002
72.65000,8.88694,9.03852,1.59018,110.76178,1.80959,111.10046,0.07590,2.77745,4.67400,0.19662,0.08780,0.49023
72.70000,8.80741,9.03941,1.59097,110.84101,1.80271,111.03487,0.07603,2.77645,4.65752,0.19581,0.08766,0.49048
72.75000,8.72785,9.03865,1.59179,110.92028,1.79544,110.90664,0.07620,2.77514,4.63988,0.19495,0.08757,0.49076
72.80000,8.64828,9.03629,1.59263,110.99957,1.78860,110.75762,0.07640,2.77347,4.61584,0.19399,0.08752,0.49109
72.85000,8.56872,9.03235,1.59350,111.07888,1.78176,110.59612,0.07660,2.77177,4.59554,0.19311,0.08751,0.49140
72.90000,8.48921,9.02690,1.59440,111.15822,1.77520,110.42722,0.07681,2.76999,4.57552,0.19228,0.08753,0.49171
72.95000,8.40977,9.01997,1.59535,111.23761,1.73176,112.15711,0.07904,2.76422,4.38711,0.18492,0.08284,0.48837
73.00000,8.33042,9.01163,1.59633,111.31703,1.72681,112.05989,0.07929,2.76294,4.36842,0.18421,0.08297,0.48859
73.05000,8.25117,9.00191,1.59734,111.39651,1.72196,111.91704,0.07959,2.76128,4.34580,0.18342,0.08311,0.48887
73.10000,8.17205,8.99088,1.59839,111.47604,1.71681,111.73009,0.07990,2.75952,4.32683,0.18271,0.08329,0.48914
73.15000,8.09305,8.97859,1.59947,111.55563,1.71171,111.51296,0.08024,2.75764,4.30854,0.18203,0.08351,0.48940
73.20000,8.01420,8.96510,1.60058,111.63528,1.70674,111.27146,0.08060,2.75568,4.29091,0.18139,0.08378,0.48966
73.25000,7.93549,8.95046,1.60175,111.71501,1.66441,112.87716,0.08377,2.74930,4.12151,0.17403,0.07973,0.48623
73.30000,7.85693,8.93474,1.60296,111.79480,1.66122,112.69239,0.08424,2.74766,4.10264,0.17345,0.08004,0.48642
73.35000,7.77852,8.91801,1.60420,111.87467,1.65766,112.46002,0.08473,2.74590,4.08681,0.17295,0.08038,0.48663
73.40000,7.70025,8.90030,1.60548,111.95461,1.65413,112.19918,0.08525,2.74404,4.07188,0.17249,0.08074,0.48683
73.45000,7.62213,8.88170,1.60679,112.03464,1.65077,111.91985,0.08579,2.74212,4.05783,0.17207,0.08113,0.48703
73.50000,7.54415,8.86225,1.60814,112.11475,1.64766,111.62886,0.08634,2.74017,4.04462,0.17170,0.08156,0.48721
73.55000,7.46629,8.84202,1.60952,112.19495,1.64508,111.33517,0.08692,2.73816,4.03021,0.17134,0.08202,0.48740
73.60000,7.38855,8.82107,1.61094,112.27523,1.64273,111.03541,0.08750,2.73621,4.01819,0.17108,0.08251,0.48756
73.65000,7.31092,8.79945,1.61240,112.35561,1.64077,110.73498,0.08809,2.73429,4.00699,0.17087,0.08304,0.48770
73.70000,7.23339,8.77723,1.61389,112.43609,1.63921,110.43567,0.08869,2.73240,3.99654,0.17073,0.08360,0.48783
73.75000,7.15593,8.75447,1.61541,112.51666,1.63805,110.13873,0.08929,2.73055,3.98678,0.17064,0.08419,0.48795
73.80000,7.07854,8.73122,1.61697,112.59732,1.63740,109.84731,0.08991,2.72871,3.97664,0.17058,0.08481,0.48806
73.85000,7.00120,8.70754,1.61856,112.67809,1.63707,109.55863,0.09052,2.72695,3.96805,0.17059,0.08546,0.48815
73.90000,6.92388,8.68348,1.62018,112.75896,1.63714,109.27586,0.09113,2.72526,3.96019,0.17067,0.08614,0.48822
73.95000,6.84659,8.65910,1.62183,112.83993,1.63763,109.00050,0.09174,2.72364,3.95302,0.17080,0.08684,0.48828
74.00000,6.76929,8.63445,1.62352,112.92100,1.63853,108.73358,0.09234,2.72209,3.94653,0.17098,0.08757,0.48833
74.05000,6.69197,8.60958,1.62524,113.00217,1.63987,108.47607,0.09293,2.72062,3.94049,0.17122,0.08832,0.48836
74.10000,6.61462,8.58454,1.62698,113.08345,1.64159,108.22694,0.09352,2.71924,3.93542,0.17151,0.08910,0.48838
74.15000,6.53721,8.55938,1.62874,113.16482,1.64372,107.98717,0.09409,2.71796,3.93106,0.17187,0.08990,0.48838
74.20000,6.45974,8.53414,1.63055,113.24630,1.64625,107.75744,0.09465,2.71676,3.92734,0.17227,0.09072,0.48836
74.25000,6.38218,8.50886,1.63245,113.32787,1.64916,107.53821,0.09519,2.71566,3.92422,0.17272,0.09157,0.48833
74.30000,6.30451,8.48361,1.63444,113.40956,1.65242,107.32967,0.09572,2.71465,3.92163,0.17321,0.09242,0.48829
74.35000,6.22672,8.45841,1.63651,113.49135,1.65595,107.13065,0.09622,2.71374,3.92000,0.17375,0.09330,0.48824
74.40000,6.14878,8.43331,1.63865,113.57325,1.65979,106.94250,0.09671,2.71293,3.91865,0.17432,0.09418,0.48817
74.45000,6.07069,8.40834,1.64086,113.65527,1.66392,106.76500,0.09718,2.71221,3.91782,0.17493,0.09507,0.48809
74.50000,5.99242,8.38354,1.64313,113.73740,1.66833,106.59850,0.09762,2.71160,3.91749,0.17556,0.09596,0.48800
74.55000,5.91397,8.35893,1.64545,113.81965,1.67301,106.44344,0.09803,2.71109,3.91765,0.17622,0.09685,0.48790
74.60000,5.83534,8.33455,1.64782,113.90202,1.67788,106.29866,0.09841,2.71071,3.91898,0.17692,0.09775,0.48778
74.65000,5.75650,8.31042,1.65024,113.98451,1.68304,106.16724,0.09876,2.71042,3.92034,0.17764,0.09864,0.48766
74.70000,5.67745,8.28655,1.65269,114.06711,1.68843,106.04909,0.09907,2.71023,3.92217,0.17838,0.09952,0.48752
74.75000,5.59819,8.26296,1.65516,114.14984,1.69404,105.94471,0.09936,2.71015,3.92445,0.17913,0.10040,0.48737
74.80000,5.51871,8.23966,1.65767,114.23270,1.69984,105.85405,0.09960,2.71017,3.92718,0.17991,0.10125,0.48721
74.85000,5.43902,8.21667,1.66019,114.31567,1.70581,105.77647,0.09981,2.71029,3.93039,0.18070,0.10210,0.48705
74.90000,5.35910,8.19398,1.66271,114.39877,1.71180,105.70893,0.09997,2.71056,3.93503,0.18152,0.10291,0.48686
74.95000,5.27897,8.17161,1.66525,114.48199,1.71793,105.65442,0.10009,2.71091,3.93952,0.18233,0.10370,0.48668
75.00000,5.19862,8.14954,1.66778,114.56532,1.72412,105.61149,0.10018,2.71136,3.94454,0.18314,0.10446,0.48648
75.05000,5.11805,8.12778,1.67030,114.64879,1.73037,105.58047,0.10022,2.71191,3.95011,0.18396,0.10518,0.48628
75.10000,5.03727,8.10632,1.67281,114.73239,1.73667,105.56183,0.10023,2.71257,3.95622,0.18478,0.10587,0.48607
75.15000,4.95629,8.08515,1.67530,114.81611,1.74301,105.55610,0.10019,2.71332,3.96289,0.18560,0.10652,0.48584
75.20000,4.87511,8.06426,1.67776,114.89990,1.74928,105.56176,0.10009,2.71420,3.97094,0.18644,0.10712,0.48561
75.25000,4.79374,8.04364,1.68015,114.98377,1.79295,103.52728,0.09456,2.72026,4.12185,0.19381,0.11563,0.48910
75.30000,4.71218,8.02327,1.68250,115.06807,1.79824,103.48109,0.09445,2.72079,4.13099,0.19456,0.11620,0.48895
75.35000,4.63044,8.00312,1.68480,115.15290,1.80388,103.47931,0.09429,2.72157,4.14084,0.19531,0.11674,0.48876
75.40000,4.54853,7.98319,1.68706,115.23785,1.80970,103.51025,0.09409,2.72253,4.15130,0.19607,0.11723,0.48854
75.45000,4.46647,7.96345,1.68926,115.32254,1.81554,103.56607,0.09384,2.72364,4.16231,0.19681,0.11765,0.48831
75.50000,4.38425,7.94388,1.69138,115.40708,1.85795,101.51891,0.08920,2.72965,4.32976,0.20383,0.12704,0.49173
75.55000,4.30189,7.92445,1.69344,115.49168,1.86247,101.51346,0.08898,2.73035,4.34292,0.20446,0.12730,0.49159
75.60000,4.21940,7.90513,1.69546,115.57641,1.86728,101.55920,0.08873,2.73133,4.35667,0.20509,0.12751,0.49140
75.65000,4.13678,7.88589,1.69743,115.66123,1.87218,101.64275,0.08843,2.73253,4.37090,0.20571,0.12766,0.49119
75.70000,4.05406,7.86671,1.69934,115.74613,1.87707,101.75512,0.08811,2.73387,4.38553,0.20633,0.12772,0.49097
75.75000,3.97123,7.84755,1.70121,115.83112,1.88186,101.89002,0.08777,2.73534,4.40046,0.20692,0.12769,0.49075
75.80000,3.88832,7.82837,1.70300,115.91624,1.92236,99.86534,0.08405,2.74126,4.58587,0.21343,0.13755,0.49411
75.85000,3.80532,7.80915,1.70474,116.00143,1.92565,99.91781,0.08380,2.74208,4.60240,0.21388,0.13728,0.49399
75.90000,3.72226,7.78984,1.70643,116.08671,1.92920,100.02157,0.08351,2.74315,4.61905,0.21434,0.13701,0.49383
75.95000,3.63914,7.77040,1.70808,116.17207,1.93287,100.16158,0.08322,2.74440,4.63557,0.21480,0.13671,0.49366
76.00000,3.55597,7.75079,1.70968,116.25752,1.93658,100.32764,0.08291,2.74575,4.65184,0.21524,0.13638,0.49347
76.05000,3.47278,7.73097,1.71124,116.34305,1.94031,100.51285,0.08261,2.74715,4.66770,0.21568,0.13602,0.49328
76.10000,3.38957,7.71090,1.71273,116.42869,1.97901,98.48943,0.07978,2.75261,4.86887,0.22170,0.14632,0.49661
76.15000,3.30635,7.69053,1.71417,116.51440,1.98143,98.56801,0.07959,2.75314,4.88505,0.22202,0.14581,0.49654
76.20000,3.22314,7.66983,1.71558,116.60018,1.98446,98.70160,0.07939,2.75381,4.89856,0.22234,0.14541,0.49644
76.25000,3.13996,7.64873,1.71695,116.68604,1.98780,98.87050,0.07919,2.75461,4.91182,0.22270,0.14509,0.49632
76.30000,3.05682,7.62720,1.71829,116.77198,1.99145,99.06540,0.07899,2.75545,4.92356,0.22307,0.14486,0.49620
76.35000,2.97375,7.60518,1.71960,116.85799,1.99535,99.27797,0.07881,2.75626,4.93366,0.22344,0.14471,0.49608
76.40000,2.89074,7.58263,1.72084,116.94410,2.03343,97.24148,0.07672,2.76084,5.14230,0.22906,0.15602,0.49938
76.45000,2.80783,7.55951,1.72206,117.03027,2.03618,97.32461,0.07663,2.76059,5.15042,0.22934,0.15588,0.49938
76.50000,2.72504,7.53575,1.72325,117.11650,2.03946,97.45665,0.07654,2.76051,5.15669,0.22964,0.15589,0.49935
76.55000,2.64239,7.51132,1.72442,117.20281,2.04330,97.62835,0.07647,2.76044,5.15791,0.22991,0.15602,0.49933
76.60000,2.55989,7.48615,1.72557,117.28918,2.04724,97.81990,0.07639,2.76048,5.15976,0.23023,0.15625,0.49929
76.65000,2.47758,7.46020,1.72670,117.37562,2.05131,98.02611,0.07632,2.76053,5.16006,0.23054,0.15655,0.49925
76.70000,2.39547,7.43342,1.72780,117.46212,2.05539,98.23973,0.07625,2.76058,5.15908,0.23084,0.15689,0.49922
76.75000,2.31360,7.40577,1.72890,117.54869,2.05941,98.45479,0.07620,2.76061,5.15709,0.23114,0.15726,0.49920
76.80000,2.23199,7.37719,1.72997,117.63533,2.06327,98.66638,0.07614,2.76064,5.15437,0.23142,0.15763,0.49918
76.85000,2.15067,7.34763,1.73103,117.72202,2.06690,98.87033,0.07610,2.76065,5.15125,0.23167,0.15800,0.49916
76.90000,2.06966,7.31707,1.73207,117.80878,2.07050,99.07003,0.07606,2.76058,5.14377,0.23185,0.15832,0.49917
76.95000,1.98901,7.28545,1.73310,117.89560,2.07359,99.24993,0.07602,2.76058,5.13966,0.23204,0.15861,0.49916
77.00000,1.90874,7.25273,1.73412,117.98247,2.07632,99.41116,0.07599,2.76061,5.13608,0.23221,0.15885,0.49916
77.05000,1.82889,7.21889,1.73512,118.06939,2.07865,99.55048,0.07595,2.76068,5.13333,0.23234,0.15902,0.49915
77.10000,1.74948,7.18389,1.73611,118.15637,2.08057,99.66546,0.07592,2.76080,5.13166,0.23246,0.15913,0.49914
77.15000,1.67056,7.14769,1.73708,118.24341,2.08207,99.75456,0.07589,2.76098,5.13129,0.23254,0.15916,0.49913
77.20000,1.59215,7.11027,1.73804,118.33049,2.08316,99.81712,0.07586,2.76123,5.13235,0.23261,0.15911,0.49910
77.25000,1.51429,7.07162,1.73899,118.41761,2.08384,99.85339,0.07582,2.76155,5.13492,0.23265,0.15898,0.49907
77.30000,1.43702,7.03171,1.73992,118.50479,2.08449,99.87432,0.07580,2.76182,5.13309,0.23260,0.15876,0.49905
77.35000,1.36036,6.99052,1.74084,118.59201,2.08454,99.86540,0.07577,2.76225,5.13725,0.23258,0.15848,0.49901
77.40000,1.28436,6.94805,1.74175,118.67927,2.08426,99.83659,0.07573,2.76275,5.14266,0.23255,0.15813,0.49896
77.45000,1.20904,6.90429,1.74263,118.76657,2.08369,99.79198,0.07570,2.76331,5.14918,0.23250,0.15770,0.49890
77.50000,1.13444,6.85923,1.74350,118.85392,2.08289,99.73646,0.07566,2.76392,5.15663,0.23243,0.15721,0.49884
77.55000,1.06059,6.81288,1.74436,118.94130,2.08191,99.67568,0.07561,2.76456,5.16479,0.23235,0.15665,0.49878
77.60000,0.98751,6.76522,1.74520,119.02872,2.08083,99.61578,0.07557,2.76524,5.17336,0.23227,0.15605,0.49872
77.65000,0.91525,6.71628,1.74602,119.11617,2.08003,99.57146,0.07553,2.76580,5.17680,0.23212,0.15541,0.49868
77.70000,0.84383,6.66604,1.74683,119.20365,2.07910,99.53387,0.07548,2.76645,5.18399,0.23202,0.15478,0.49862
77.75000,0.77328,6.61453,1.74762,119.29115,2.07829,99.51370,0.07542,2.76707,5.19068,0.23192,0.15414,0.49857
77.80000,0.70362,6.56174,1.74839,119.37868,2.07766,99.51452,0.07536,2.76766,5.19671,0.23184,0.15352,0.49853
77.85000,0.63489,6.50768,1.74915,119.46623,2.07723,99.53839,0.07531,2.76820,5.20195,0.23177,0.15293,0.49849
77.90000,0.56712,6.45238,1.74990,119.55380,2.07702,99.58586,0.07525,2.76870,5.20634,0.23171,0.15237,0.49846
77.95000,0.50033,6.39583,1.75063,119.64140,2.07702,99.65629,0.07518,2.76914,5.20986,0.23167,0.15185,0.49844
78.00000,0.43455,6.33805,1.75134,119.72902,2.07720,99.74808,0.07512,2.76952,5.21253,0.23164,0.15137,0.49842
78.05000,0.36982,6.27906,1.75205,119.81667,2.07784,99.86734,0.07507,2.76974,5.20923,0.23156,0.15093,0.49844
78.10000,0.30616,6.21886,1.75274,119.90435,2.07840,99.99686,0.07501,2.76998,5.20915,0.23154,0.15054,0.49845
78.15000,0.24360,6.15746,1.75342,119.99206,2.07903,100.13879,0.07496,2.77016,5.20842,0.23154,0.15020,0.49846
78.20000,0.18217,6.09489,1.75409,120.07979,2.07969,100.28880,0.07491,2.77029,5.20716,0.23153,0.14989,0.49848
78.25000,0.12192,6.03114,1.75475,120.16756,2.08029,100.44238,0.07486,2.77037,5.20552,0.23153,0.14960,0.49851
78.30000,0.06286,5.96623,1.75540,120.25536,2.08076,100.59522,0.07481,2.77040,5.20362,0.23152,0.14934,0.49855
78.35000,0.00504,5.90018,1.75605,120.34319,2.08103,100.74331,0.07477,2.77040,5.20164,0.23151,0.14907,0.49859
78.40000,-0.05152,5.83300,1.75669,120.43106,2.08103,100.88285,0.07473,2.77038,5.19975,0.23147,0.14878,0.49863
78.45000,-0.10677,5.76470,1.75733,120.51896,2.08104,101.01945,0.07470,2.77022,5.19236,0.23134,0.14846,0.49870
78.50000,-0.16069,5.69530,1.75796,120.60690,2.08049,101.13407,0.07467,2.77015,5.18968,0.23125,0.14811,0.49876
78.55000,-0.21323,5.62482,1.75859,120.69487,2.07957,101.22992,0.07464,2.77009,5.18758,0.23113,0.14773,0.49882
78.60000,-0.26436,5.55327,1.75923,120.78287,2.07830,101.30462,0.07461,2.77005,5.18619,0.23099,0.14731,0.49887
78.65000,-0.31405,5.48067,1.75987,120.87091,2.07666,101.35664,0.07459,2.77003,5.18562,0.23082,0.14684,0.49893
78.70000,-0.36226,5.40704,1.76051,120.95898,2.07466,101.38531,0.07457,2.77004,5.18594,0.23063,0.14632,0.49897
78.75000,-0.40898,5.33242,1.76115,121.04706,2.07228,101.39070,0.07455,2.77009,5.18720,0.23041,0.14575,0.49902
78.80000,-0.45415,5.25681,1.76180,121.13519,2.06955,101.37342,0.07453,2.77018,5.18941,0.23017,0.14512,0.49906
78.85000,-0.49777,5.18026,1.76246,121.22335,2.06648,101.33448,0.07451,2.77031,5.19256,0.22991,0.14444,0.49909
78.90000,-0.53980,5.10279,1.76313,121.31154,2.06352,101.28701,0.07450,2.77033,5.18926,0.22953,0.14370,0.49915
78.95000,-0.58022,5.02443,1.76381,121.39974,2.05994,101.21262,0.07448,2.77051,5.19269,0.22921,0.14293,0.49919
79.00000,-0.61902,4.94521,1.76450,121.48795,2.05608,101.12328,0.07447,2.77072,5.19690,0.22886,0.14211,0.49921
79.05000,-0.65617,4.86517,1.76520,121.57619,2.05199,101.02370,0.07445,2.77098,5.20184,0.22850,0.14124,0.49924
79.10000,-0.69167,4.78435,1.76591,121.66445,2.04769,100.91944,0.07443,2.77127,5.20736,0.22811,0.14031,0.49926
79.15000,-0.72550,4.70277,1.76664,121.75273,2.04322,100.81609,0.07440,2.77160,5.21332,0.22772,0.13933,0.49929
79.20000,-0.75766,4.62049,1.76737,121.84104,2.03862,100.71881,0.07437,2.77194,5.21953,0.22731,0.13830,0.49931
79.25000,-0.78814,4.53753,1.76812,121.92937,2.03390,100.63177,0.07433,2.77230,5.22582,0.22688,0.13722,0.49934
79.30000,-0.81696,4.45393,1.76888,122.01772,2.02945,100.56785,0.07430,2.77253,5.22594,0.22636,0.13609,0.49940
79.35000,-0.84409,4.36973,1.76966,122.10610,2.02466,100.51171,0.07426,2.77287,5.23094,0.22590,0.13494,0.49944
79.40000,-0.86956,4.28497,1.77044,122.19451,2.01981,100.47152,0.07421,2.77321,5.23589,0.22543,0.13376,0.49949
79.45000,-0.89337,4.19969,1.77123,122.28296,2.01491,100.44761,0.07416,2.77353,5.24077,0.22495,0.13257,0.49954
79.50000,-0.91551,4.11393,1.77204,122.37143,2.00997,100.43986,0.07410,2.77385,5.24558,0.22447,0.13136,0.49960
79.55000,-0.93601,4.02771,1.77285,122.45995,2.00498,100.44770,0.07404,2.77415,5.25031,0.22399,0.13014,0.49966
79.60000,-0.95487,3.94108,1.77367,122.54850,1.99994,100.46985,0.07398,2.77443,5.25494,0.22350,0.12893,0.49973
79.65000,-0.97211,3.85406,1.77451,122.63709,1.99484,100.50395,0.07392,2.77469,5.25945,0.22302,0.12772,0.49981
79.70000,-0.98772,3.76670,1.77536,122.72573,1.95530,102.76355,0.07523,2.77149,5.05729,0.21701,0.11766,0.49650
79.75000,-1.00173,3.67903,1.77623,122.81441,1.95197,102.97400,0.07513,2.77254,5.05445,0.21653,0.11672,0.49652
79.80000,-1.01413,3.59107,1.77711,122.90314,1.94777,103.12912,0.07503,2.77336,5.05607,0.21607,0.11575,0.49656
79.85000,-1.02495,3.50285,1.77800,122.99191,1.94311,103.24812,0.07495,2.77393,5.05744,0.21558,0.11478,0.49663
79.90000,-1.03420,3.41441,1.77889,123.08073,1.93811,103.33940,0.07488,2.77429,5.05842,0.21507,0.11382,0.49672
79.95000,-1.04189,3.32578,1.77980,123.16959,1.93285,103.40885,0.07483,2.77449,5.05887,0.21454,0.11290,0.49683
80.00000,-1.04803,3.23698,1.78073,123.25851,1.89212,105.59879,0.07634,2.77104,4.86257,0.20813,0.10458,0.49345
80.05000,-1.05263,3.14804,1.78168,123.34747,1.88802,105.77200,0.07626,2.77186,4.86064,0.20766,0.10393,0.49349
80.10000,-1.05570,3.05898,1.78263,123.43647,1.88331,105.88468,0.07620,2.77229,4.85803,0.20714,0.10327,0.49358
80.15000,-1.05727,2.96984,1.78361,123.52553,1.87819,105.95328,0.07617,2.77242,4.85469,0.20659,0.10263,0.49370
80.20000,-1.05735,2.88064,1.78459,123.61462,1.87320,105.99723,0.07617,2.77219,4.84530,0.20593,0.10203,0.49387
80.25000,-1.05595,2.79140,1.78561,123.70377,1.83166,108.06333,0.07800,2.76822,4.65511,0.19915,0.09514,0.49043
80.30000,-1.05309,2.70214,1.78665,123.79296,1.82750,108.17164,0.07799,2.76855,4.64813,0.19862,0.09476,0.49052
80.35000,-1.04880,2.61288,1.78770,123.88220,1.82282,108.22049,0.07801,2.76849,4.64047,0.19805,0.09438,0.49066
80.40000,-1.04309,2.52365,1.78878,123.97149,1.81787,108.22754,0.07805,2.76814,4.63214,0.19745,0.09403,0.49082
80.45000,-1.03599,2.43447,1.78987,124.06082,1.81282,108.20370,0.07811,2.76758,4.62312,0.19685,0.09373,0.49100
80.50000,-1.02752,2.34535,1.79099,124.15021,1.80776,108.15580,0.07820,2.76684,4.61342,0.19625,0.09349,0.49119
80.55000,-1.01771,2.25631,1.79215,124.23965,1.76588,110.06407,0.08055,2.76202,4.43167,0.18920,0.08786,0.48772
80.60000,-1.00659,2.16737,1.79334,124.32914,1.76218,110.08070,0.08066,2.76168,4.42063,0.18868,0.08777,0.48785
80.65000,-0.99419,2.07853,1.79455,124.41869,1.75849,110.05283,0.08082,2.76090,4.40538,0.18807,0.08771,0.48804
80.70000,-0.98054,1.98982,1.79580,124.50830,1.75449,109.98449,0.08100,2.75997,4.39282,0.18753,0.08768,0.48823
80.75000,-0.96567,1.90124,1.79710,124.59796,1.75058,109.89051,0.08120,2.75886,4.37994,0.18700,0.08771,0.48842
80.80000,-0.94960,1.81280,1.79849,124.68770,1.70938,111.68154,0.08429,2.75335,4.20901,0.17982,0.08298,0.48490
80.85000,-0.93237,1.72450,1.79997,124.77750,1.70689,111.63638,0.08456,2.75253,4.19600,0.17940,0.08311,0.48503
80.90000,-0.91400,1.63636,1.80151,124.86738,1.70428,111.54728,0.08486,2.75143,4.18282,0.17900,0.08327,0.48520
80.95000,-0.89454,1.54837,1.80312,124.95733,1.70176,111.42842,0.08520,2.75013,4.16960,0.17862,0.08348,0.48538
81.00000,-0.87403,1.46054,1.80480,125.04737,1.69946,111.28824,0.08557,2.74869,4.15641,0.17828,0.08375,0.48556
81.05000,-0.85251,1.37286,1.80653,125.13750,1.69747,111.13201,0.08596,2.74714,4.14326,0.17799,0.08407,0.48574
81.10000,-0.83004,1.28533,1.80831,125.22772,1.69585,110.96327,0.08638,2.74550,4.13016,0.17775,0.08446,0.48592
81.15000,-0.80666,1.19794,1.81014,125.31804,1.69485,110.78871,0.08685,2.74372,4.11496,0.17751,0.08491,0.48610
81.20000,-0.78242,1.11069,1.81202,125.40845,1.69415,110.60238,0.08733,2.74194,4.10179,0.17737,0.08543,0.48626
81.25000,-0.75738,1.02357,1.81393,125.49897,1.69394,110.40911,0.08783,2.74011,4.08870,0.17730,0.08602,0.48641
81.30000,-0.73159,0.93656,1.81587,125.58959,1.69425,110.20998,0.08836,2.73824,4.07571,0.17728,0.08668,0.48655
81.35000,-0.70511,0.84967,1.81784,125.68032,1.69512,110.00595,0.08893,2.73632,4.06280,0.17734,0.08741,0.48668
81.40000,-0.67797,0.76287,1.81983,125.77115,1.69655,109.79799,0.08952,2.73438,4.04999,0.17746,0.08822,0.48680
81.45000,-0.65024,0.67615,1.82184,125.86210,1.69856,109.58712,0.09013,2.73242,4.03733,0.17765,0.08910,0.48691
81.50000,-0.62197,0.58951,1.82385,125.95315,1.70112,109.37440,0.09077,2.73044,4.02485,0.17790,0.09006,0.48700
81.55000,-0.59320,0.50292,1.82587,126.04431,1.70426,109.16074,0.09144,2.72847,4.01258,0.17822,0.09109,0.48708
81.60000,-0.56399,0.41637,1.82788,126.13558,1.70797,108.94666,0.09213,2.72650,4.00053,0.17860,0.09220,0.48714
81.65000,-0.53438,0.32986,1.82988,126.22697,1.71234,108.73392,0.09285,2.72451,3.98800,0.17904,0.09340,0.48720
81.70000,-0.50441,0.24336,1.83187,126.31844,1.71723,108.51994,0.09359,2.72258,3.97650,0.17956,0.09468,0.48724
81.75000,-0.47413,0.15686,1.83384,126.41004,1.72268,108.30690,0.09434,2.72068,3.96542,0.18014,0.09603,0.48725
81.80000,-0.44358,0.07036,1.83578,126.50190,1.72864,108.09576,0.09511,2.71884,3.95486,0.18079,0.09747,0.48725
81.85000,-0.41279,-0.01617,1.83769,126.59405,1.73508,107.88720,0.09588,2.71707,3.94489,0.18149,0.09897,0.48724
81.90000,-0.38180,-0.10272,1.83955,126.68638,1.74196,107.68199,0.09666,2.71539,3.93563,0.18225,0.10054,0.48720
81.95000,-0.35065,-0.18931,1.84137,126.77877,1.74925,107.48112,0.09744,2.71382,3.92718,0.18306,0.10216,0.48714
82.00000,-0.31936,-0.27594,1.84314,126.87107,1.75689,107.28541,0.09820,2.71237,3.91966,0.18392,0.10383,0.48707
82.05000,-0.28797,-0.36263,1.84486,126.96328,1.76481,107.09548,0.09894,2.71107,3.91320,0.18482,0.10553,0.48697
82.10000,-0.25649,-0.44939,1.84654,127.05554,1.77295,106.91164,0.09964,2.70995,3.90793,0.18575,0.10724,0.48685
82.15000,-0.22496,-0.53620,1.84816,127.14791,1.78128,106.73429,0.10031,2.70901,3.90395,0.18672,0.10895,0.48670
82.20000,-0.19339,-0.62309,1.84973,127.24035,1.78975,106.56461,0.10094,2.70827,3.90135,0.18771,0.11066,0.48653
82.25000,-0.16181,-0.71006,1.85109,127.33287,1.93199,105.42022,0.09764,2.69631,4.37309,0.18752,0.11679,0.48621
82.30000,-0.13022,-0.79709,1.85238,127.42545,1.94213,105.27407,0.09812,2.69586,4.38096,0.18864,0.11923,0.48577
82.35000,-0.09864,-0.88419,1.85363,127.51810,1.95185,105.13668,0.09853,2.69570,4.38822,0.18976,0.12142,0.48538
82.40000,-0.06708,-0.97137,1.85482,127.61080,1.96127,105.01040,0.09887,2.69581,4.39572,0.19087,0.12343,0.48502
82.45000,-0.03556,-1.05861,1.85595,127.70356,1.97046,104.89699,0.09913,2.69618,4.40394,0.19199,0.12527,0.48467
82.50000,-0.00407,-1.14593,1.85692,127.79637,2.10401,103.78718,0.09569,2.68495,4.99065,0.19192,0.13221,0.48417
82.55000,0.02738,-1.23331,1.85783,127.88923,2.11381,103.70117,0.09584,2.68562,5.01183,0.19313,0.13464,0.48358
82.60000,0.05880,-1.32075,1.85868,127.98213,2.12307,103.63186,0.09590,2.68658,5.03173,0.19432,0.13670,0.48305
82.65000,0.09019,-1.40825,1.85949,128.07507,2.13197,103.58445,0.09589,2.68779,5.05113,0.19550,0.13848,0.48257
82.70000,0.12157,-1.49579,1.86025,128.16804,2.14066,103.56228,0.09580,2.68919,5.07047,0.19669,0.14005,0.48210
82.75000,0.15295,-1.58336,1.86088,128.26106,2.26100,102.53213,0.09244,2.67863,5.78694,0.19667,0.14731,0.48149
82.80000,0.18433,-1.67097,1.86145,128.35410,2.26969,102.55201,0.09231,2.68015,5.82033,0.19791,0.14939,0.48081
82.85000,0.21576,-1.75859,1.86199,128.44716,2.27790,102.59812,0.09210,2.68188,5.85105,0.19911,0.15106,0.48021
82.90000,0.24726,-1.84621,1.86248,128.54025,2.28576,102.67397,0.09184,2.68380,5.88028,0.20028,0.15239,0.47966
82.95000,0.27886,-1.93382,1.86293,128.63337,2.29336,102.78275,0.09153,2.68585,5.90820,0.20142,0.15346,0.47915
83.00000,0.31061,-2.02140,1.86333,128.72650,2.30074,102.92511,0.09116,2.68802,5.93581,0.20254,0.15431,0.47866
83.05000,0.34255,-2.10893,1.86368,128.81967,2.40464,102.04910,0.08809,2.67800,6.35231,0.20246,0.16131,0.47804
83.10000,0.37470,-2.19640,1.86398,128.91285,2.41155,102.23545,0.08775,2.68004,6.37011,0.20357,0.16263,0.47735
83.15000,0.40713,-2.28378,1.86424,129.00605,2.41805,102.45041,0.08736,2.68220,6.38610,0.20463,0.16351,0.47675
83.20000,0.43991,-2.37105,1.86447,129.09927,2.42423,102.69284,0.08695,2.68447,6.40087,0.20565,0.16407,0.47622
83.25000,0.47309,-2.45817,1.86465,129.19251,2.43014,102.95996,0.08651,2.68680,6.41478,0.20662,0.16440,0.47574
83.30000,0.50674,-2.54512,1.86479,129.28577,2.51818,102.18470,0.08392,2.67677,6.81074,0.20639,0.17108,0.47515
83.35000,0.54090,-2.63188,1.86489,129.37905,2.52325,102.45864,0.08355,2.67880,6.82813,0.20731,0.17180,0.47449
83.40000,0.57568,-2.71840,1.86495,129.47235,2.52795,102.74837,0.08317,2.68095,6.84348,0.20818,0.17210,0.47394
83.45000,0.61114,-2.80464,1.86497,129.56566,2.53236,103.05125,0.08278,2.68316,6.85742,0.20900,0.17213,0.47346
83.50000,0.64738,-2.89056,1.86495,129.65899,2.53654,103.36215,0.08240,2.68541,6.87042,0.20977,0.17198,0.47303
83.55000,0.68447,-2.97611,1.86489,129.75233,2.54049,103.67741,0.08201,2.68766,6.88267,0.21050,0.17170,0.47264
83.60000,0.72251,-3.06124,1.86480,129.84569,2.54424,103.99408,0.08164,2.68987,6.89424,0.21119,0.17133,0.47228
83.65000,0.76157,-3.14590,1.86466,129.93906,2.54778,104.30888,0.08129,2.69203,6.90521,0.21184,0.17090,0.47195
83.70000,0.80176,-3.23002,1.86448,130.03244,2.55128,104.62730,0.08096,2.69399,6.91303,0.21239,0.17042,0.47166
83.75000,0.84315,-3.31355,1.86427,130.12582,2.55448,104.93711,0.08063,2.69595,6.92211,0.21295,0.16991,0.47137
83.80000,0.88585,-3.39640,1.86401,130.21922,2.55750,105.24221,0.08033,2.69781,6.93048,0.21346,0.16938,0.47111
83.85000,0.92993,-3.47851,1.86371,130.31261,2.56033,105.54166,0.08003,2.69956,6.93817,0.21394,0.16883,0.47087
83.90000,0.97549,-3.55978,1.86337,130.40601,2.56298,105.83461,0.07976,2.70122,6.94521,0.21437,0.16826,0.47066
83.95000,1.02261,-3.64014,1.86299,130.49940,2.56545,106.11971,0.07950,2.70278,6.95160,0.21476,0.16768,0.47046
84.00000,1.07138,-3.71949,1.86256,130.59277,2.56775,106.39899,0.07925,2.70425,6.95732,0.21512,0.16708,0.47027
84.05000,1.12189,-3.79772,1.86209,130.68614,2.56990,106.67353,0.07901,2.70561,6.96241,0.21544,0.16647,0.47011
84.10000,1.17420,-3.87472,1.86158,130.77948,2.57190,106.94183,0.07879,2.70688,6.96688,0.21572,0.16586,0.46997
84.15000,1.22840,-3.95037,1.86102,130.87281,2.57373,107.20306,0.07858,2.70806,6.97077,0.21597,0.16523,0.46984
84.20000,1.28455,-4.02455,1.86042,130.96610,2.57540,107.45599,0.07839,2.70916,6.97419,0.21619,0.16461,0.46973
84.25000,1.34273,-4.09711,1.85977,131.05936,2.57688,107.69759,0.07820,2.71018,6.97722,0.21637,0.16397,0.46964
84.30000,1.40298,-4.16791,1.85907,131.15258,2.57816,107.92677,0.07803,2.71114,6.97999,0.21652,0.16332,0.46956
84.35000,1.46537,-4.23678,1.85833,131.24577,2.57924,108.14293,0.07786,2.71204,6.98260,0.21664,0.16265,0.46949
84.40000,1.52994,-4.30357,1.85753,131.33891,2.58012,108.34593,0.07771,2.71291,6.98519,0.21672,0.16195,0.46943
84.45000,1.59671,-4.36809,1.85669,131.43200,2.58111,108.55022,0.07758,2.71348,6.98186,0.21663,0.16121,0.46943
84.50000,1.66572,-4.43015,1.85579,131.52504,2.58163,108.72903,0.07744,2.71425,6.98357,0.21664,0.16046,0.46940
84.55000,1.73696,-4.48956,1.85485,131.61803,2.58195,108.89362,0.07731,2.71500,6.98538,0.21662,0.15969,0.46938
84.60000,1.81043,-4.54612,1.85385,131.71096,2.58207,109.04429,0.07718,2.71573,6.98737,0.21657,0.15889,0.46936
84.65000,1.88610,-4.59960,1.85281,131.80383,2.58196,109.18065,0.07706,2.71646,6.98957,0.21649,0.15805,0.46935
84.70000,1.96393,-4.64978,1.85171,131.89665,2.58161,109.30319,0.07694,2.71718,6.99203,0.21638,0.15716,0.46935
84.75000,2.04385,-4.69646,1.85056,131.98940,2.58102,109.41335,0.07683,2.71792,6.99481,0.21624,0.15621,0.46935
84.80000,2.12577,-4.73939,1.84937,132.08208,2.58020,109.51209,0.07671,2.71868,6.99793,0.21607,0.15521,0.46937
84.85000,2.20959,-4.77835,1.84814,132.17469,2.57914,109.60037,0.07660,2.71946,7.00143,0.21586,0.15414,0.46938
84.90000,2.29516,-4.81313,1.84686,132.26723,2.57787,109.67952,0.07649,2.72026,7.00531,0.21563,0.15302,0.46941
84.95000,2.38232,-4.84350,1.84555,132.35970,2.57639,109.75067,0.07637,2.72108,7.00958,0.21538,0.15184,0.46943
85.00000,2.47089,-4.86926,1.84422,132.45209,2.57469,109.81510,0.07626,2.72192,7.01423,0.21510,0.15061,0.46947
85.05000,2.56064,-4.89023,1.84286,132.54440,2.57279,109.87419,0.07614,2.72280,7.01923,0.21479,0.14931,0.46951
85.10000,2.65133,-4.90624,1.84148,132.63662,2.57118,109.95098,0.07605,2.72330,7.01557,0.21422,0.14792,0.46963
85.15000,2.74272,-4.91712,1.84009,132.72877,2.56894,110.00803,0.07593,2.72415,7.01949,0.21380,0.14649,0.46970
85.20000,2.83450,-4.92276,1.83870,132.82082,2.56646,110.06271,0.07581,2.72503,7.02356,0.21335,0.14498,0.46978
85.25000,2.92639,-4.92306,1.83732,132.91278,2.56374,110.11547,0.07569,2.72592,7.02776,0.21285,0.14340,0.46987
85.30000,3.01807,-4.91796,1.83595,133.00462,2.56079,110.16663,0.07557,2.72683,7.03204,0.21231,0.14175,0.46997
85.35000,3.10934,-4.90661,1.84072,133.09659,2.55763,110.21655,0.07545,2.72774,7.03638,0.21173,0.14004,0.47008
85.40000,3.19788,-4.88329,1.83395,133.18860,2.55431,110.24998,0.07531,2.72878,7.04341,0.21117,0.13830,0.47019
85.45000,3.28603,-4.85681,1.84544,133.28047,2.54923,110.25531,0.07512,2.73064,7.06958,0.21108,0.13658,0.47012
85.50000,3.37443,-4.83055,1.84145,133.37354,2.54487,110.24563,0.07495,2.73222,7.08964,0.21077,0.13479,0.47015
85.55000,3.46055,-4.79823,1.83866,133.46620,2.54076,110.30617,0.07483,2.73302,7.09116,0.20997,0.13285,0.47034
85.60000,3.54441,-4.76067,1.83745,133.55864,2.53632,110.36118,0.07470,2.73391,7.09516,0.20919,0.13090,0.47051
85.65000,3.62593,-4.71838,1.83628,133.65095,2.53168,110.41377,0.07458,2.73479,7.09936,0.20837,0.12893,0.47069
85.70000,3.70481,-4.67147,1.83514,133.74312,2.52684,110.46764,0.07446,2.73562,7.10253,0.20748,0.12694,0.47090
85.75000,3.78079,-4.62010,1.83407,133.83513,2.52241,110.54536,0.07436,2.73595,7.09473,0.20626,0.12491,0.47121
85.80000,3.85362,-4.56445,1.83306,133.92700,2.51726,110.60193,0.07425,2.73659,7.09494,0.20521,0.12291,0.47147
85.85000,3.92310,-4.50472,1.83212,134.01871,2.51191,110.65695,0.07415,2.73717,7.09456,0.20412,0.12093,0.47173
85.90000,3.98902,-4.44117,1.83125,134.11025,2.50634,110.71063,0.07404,2.73768,7.09369,0.20298,0.11897,0.47202
85.95000,4.05123,-4.37402,1.83045,134.20164,2.50058,110.76272,0.07394,2.73812,7.09239,0.20181,0.11704,0.47231
86.00000,4.10958,-4.30356,1.82973,134.29290,2.49459,110.81215,0.07385,2.73848,7.09073,0.20060,0.11515,0.47262
86.05000,4.16398,-4.23004,1.82908,134.38402,2.48835,110.85711,0.07376,2.73876,7.08878,0.19936,0.11329,0.47294
86.10000,4.21435,-4.15374,1.82850,134.47502,2.48183,110.89562,0.07368,2.73897,7.08664,0.19808,0.11147,0.47327
86.15000,4.26065,-4.07493,1.82798,134.56592,2.47501,110.92619,0.07360,2.73912,7.08442,0.19676,0.10968,0.47361
86.20000,4.30285,-3.99388,1.82753,134.65672,2.46790,110.94823,0.07353,2.73920,7.08215,0.19542,0.10793,0.47396
86.25000,4.34096,-3.91086,1.82714,134.74745,2.46053,110.96188,0.07346,2.73921,7.07983,0.19404,0.10623,0.47432
86.30000,4.37501,-3.82610,1.82681,134.83811,2.45292,110.96742,0.07340,2.73913,7.07743,0.19265,0.10459,0.47468
86.35000,4.40505,-3.73986,1.82654,134.92872,2.35465,111.95614,0.07420,2.74895,6.68383,0.19229,0.09963,0.47520
86.40000,4.43115,-3.65236,1.82632,135.01928,2.34569,111.99272,0.07413,2.74905,6.67632,0.19084,0.09791,0.47577
86.45000,4.45339,-3.56380,1.82615,135.10982,2.33659,112.01166,0.07408,2.74897,6.67004,0.18939,0.09637,0.47627
86.50000,4.47186,-3.47439,1.82602,135.20034,2.32726,112.01199,0.07404,2.74872,6.66452,0.18792,0.09496,0.47673
86.55000,4.48666,-3.38431,1.82594,135.29084,2.31764,111.99325,0.07400,2.74833,6.65944,0.18644,0.09366,0.47717
86.60000,4.49792,-3.29372,1.82592,135.38134,2.20138,112.89993,0.07490,2.75776,6.27537,0.18623,0.08963,0.47768
86.65000,4.50577,-3.20277,1.82593,135.47185,2.18990,112.87930,0.07487,2.75748,6.26676,0.18471,0.08827,0.47828
86.70000,4.51033,-3.11159,1.82598,135.56237,2.17839,112.83634,0.07486,2.75701,6.25950,0.18319,0.08709,0.47880
86.75000,4.51172,-3.02031,1.82606,135.65291,2.16680,112.77236,0.07486,2.75637,6.25311,0.18167,0.08604,0.47927
86.80000,4.51007,-2.92902,1.82618,135.74347,2.15511,112.68868,0.07488,2.75560,6.24722,0.18016,0.08509,0.47972
86.85000,4.50551,-2.83783,1.82633,135.83405,2.14380,112.59902,0.07492,2.75449,6.23629,0.17850,0.08421,0.48019
86.90000,4.49820,-2.74680,1.82656,135.92467,2.01041,113.40487,0.07600,2.76313,5.71845,0.17827,0.08114,0.48069
86.95000,4.48827,-2.65601,1.82680,136.01532,1.99683,113.29699,0.07604,2.76229,5.69767,0.17670,0.08020,0.48128
87.00000,4.47585,-2.56552,1.82708,136.10600,1.98339,113.16994,0.07611,2.76126,5.67925,0.17515,0.07940,0.48180
87.05000,4.46106,-2.47536,1.82740,136.19673,1.97003,113.02334,0.07619,2.76008,5.66228,0.17362,0.07871,0.48228
87.10000,4.44403,-2.38559,1.82774,136.28750,1.95674,112.85729,0.07628,2.75876,5.64616,0.17209,0.07810,0.48273
87.15000,4.42490,-2.29622,1.82820,136.37832,1.81130,113.58118,0.07762,2.76682,4.95718,0.17188,0.07565,0.48324
87.20000,4.40380,-2.20727,1.82868,136.46919,1.79655,113.39694,0.07775,2.76557,4.93654,0.17035,0.07498,0.48383
87.25000,4.38082,-2.11876,1.82923,136.56011,1.78225,113.19745,0.07790,2.76417,4.91832,0.16885,0.07443,0.48434
87.30000,4.35606,-2.03070,1.82985,136.65109,1.76831,112.98475,0.07806,2.76264,4.90178,0.16738,0.07397,0.48480
87.35000,4.32965,-1.94308,1.83052,136.74213,1.75466,112.76050,0.07825,2.76101,4.88634,0.16594,0.07357,0.48522
87.40000,4.30168,-1.85592,1.83125,136.83323,1.74159,112.53193,0.07846,2.75917,4.86681,0.16443,0.07323,0.48565
87.45000,4.27227,-1.76919,1.83203,136.92440,1.72843,112.28448,0.07867,2.75737,4.85228,0.16303,0.07294,0.48604
87.50000,4.24153,-1.68288,1.83286,137.01564,1.71544,112.02247,0.07889,2.75549,4.83822,0.16165,0.07268,0.48641
87.55000,4.20957,-1.59697,1.83372,137.10695,1.70263,111.74570,0.07914,2.75355,4.82456,0.16030,0.07245,0.48678
87.60000,4.17650,-1.51143,1.83462,137.19833,1.69001,111.45599,0.07939,2.75157,4.81122,0.15898,0.07226,0.48713
87.65000,4.14241,-1.42624,1.83555,137.28979,1.67760,111.15636,0.07966,2.74954,4.79820,0.15768,0.07208,0.48747
87.70000,4.10743,-1.34137,1.83650,137.38133,1.66539,110.84978,0.07994,2.74749,4.78552,0.15641,0.07193,0.48781
87.75000,4.07163,-1.25679,1.83736,137.47293,1.79025,109.58981,0.07870,2.73525,5.41553,0.15388,0.07343,0.48806
87.80000,4.03508,-1.17248,1.83823,137.56461,1.77974,109.25184,0.07897,2.73285,5.41018,0.15269,0.07350,0.48820
87.85000,3.99791,-1.08840,1.83911,137.65636,1.76885,108.90584,0.07924,2.73047,5.40275,0.15150,0.07350,0.48841
87.90000,3.96022,-1.00450,1.83999,137.74818,1.75783,108.55373,0.07952,2.72812,5.39401,0.15033,0.07347,0.48864
87.95000,3.92211,-0.92074,1.84087,137.84007,1.74690,108.19835,0.07980,2.72577,5.38322,0.14915,0.07342,0.48890
88.00000,3.88364,-0.83710,1.84165,137.93202,1.87062,106.83557,0.07858,2.71244,6.05197,0.14673,0.07508,0.48909
88.05000,3.84489,-0.75354,1.84242,138.02404,1.86075,106.43750,0.07885,2.70975,6.05114,0.14565,0.07521,0.48918
88.10000,3.80597,-0.67003,1.84318,138.11614,1.85051,106.04094,0.07911,2.70715,6.04930,0.14456,0.07524,0.48933
88.15000,3.76697,-0.58651,1.84392,138.20829,1.84011,105.65057,0.07937,2.70466,6.04690,0.14348,0.07522,0.48951
88.20000,3.72797,-0.50295,1.84464,138.30046,1.82970,105.26782,0.07961,2.70228,6.04425,0.14242,0.07517,0.48971
88.25000,3.68906,-0.41930,1.84533,138.39275,1.81939,104.89250,0.07985,2.70000,6.04152,0.14139,0.07509,0.48990
88.30000,3.65031,-0.33555,1.84596,138.48539,1.94094,103.46097,0.07859,2.68573,6.40959,0.13908,0.07680,0.49006
88.35000,3.61177,-0.25167,1.84656,138.57826,1.93157,103.04479,0.07883,2.68302,6.41073,0.13809,0.07687,0.49012
88.40000,3.57355,-0.16761,1.84712,138.67099,1.92206,102.63790,0.07905,2.68045,6.41092,0.13712,0.07688,0.49021
88.45000,3.53573,-0.08334,1.84766,138.76355,1.91265,102.24684,0.07926,2.67802,6.41055,0.13618,0.07684,0.49034
88.50000,3.49839,0.00118,1.84816,138.85608,1.90343,101.87477,0.07946,2.67572,6.40987,0.13527,0.07676,0.49048
88.55000,3.46161,0.08596,1.84861,138.94865,2.02192,100.40935,0.07820,2.66052,6.78983,0.13309,0.07854,0.49061
88.60000,3.42543,0.17103,1.84901,139.04125,2.01333,100.00592,0.07838,2.65780,6.79370,0.13226,0.07859,0.49061
88.65000,3.38997,0.25642,1.84939,139.13388,2.00483,99.62775,0.07855,2.65519,6.79543,0.13141,0.07858,0.49068
88.70000,3.35530,0.34215,1.84974,139.22654,1.99652,99.27263,0.07871,2.65273,6.79648,0.13060,0.07852,0.49077
88.75000,3.32152,0.42826,1.85005,139.31924,1.98850,98.93957,0.07886,2.65042,6.79710,0.12982,0.07845,0.49087
88.80000,3.28869,0.51475,1.85034,139.41197,1.98079,98.62814,0.07900,2.64823,6.79738,0.12907,0.07836,0.49098
88.85000,3.25691,0.60164,1.85059,139.50472,1.97342,98.33886,0.07914,2.64614,6.79729,0.12836,0.07828,0.49110
88.90000,3.22625,0.68895,1.85081,139.59750,1.96639,98.07225,0.07928,2.64411,6.79676,0.12768,0.07819,0.49123
88.95000,3.19680,0.77668,1.85101,139.69030,1.95970,97.82763,0.07941,2.64212,6.79579,0.12703,0.07811,0.49135
89.00000,3.16862,0.86484,1.85117,139.78312,1.95336,97.60240,0.07954,2.64017,6.79441,0.12641,0.07803,0.49149
89.05000,3.14181,0.95343,1.85130,139.87596,1.94733,97.39220,0.07967,2.63824,6.79270,0.12582,0.07796,0.49162
89.10000,3.11642,1.04245,1.85141,139.96881,1.94158,97.19243,0.07980,2.63633,6.79073,0.12525,0.07791,0.49175
89.15000,3.09255,1.13189,1.85148,140.06167,1.93607,97.00021,0.07993,2.63444,6.78855,0.12471,0.07786,0.49189
89.20000,3.07027,1.22175,1.85153,140.15454,1.93080,96.81551,0.08006,2.63258,6.78616,0.12419,0.07783,0.49202
89.25000,3.04964,1.31199,1.85154,140.24742,1.92580,96.63992,0.08019,2.63072,6.78357,0.12369,0.07780,0.49215
89.30000,3.03075,1.40262,1.85153,140.34030,1.92071,96.46471,0.08031,2.62907,6.78423,0.12331,0.07779,0.49226
89.35000,3.01366,1.49361,1.85149,140.43319,1.91617,96.30478,0.08044,2.62726,6.78172,0.12287,0.07779,0.49238
89.40000,2.99845,1.58492,1.85142,140.52607,1.91184,96.14818,0.08058,2.62543,6.77897,0.12246,0.07780,0.49251
89.45000,2.98519,1.67653,1.85132,140.61895,1.90766,95.99069,0.08072,2.62360,6.77605,0.12206,0.07783,0.49264
89.50000,2.97396,1.76841,1.85118,140.71182,1.90364,95.83013,0.08087,2.62177,6.77303,0.12167,0.07787,0.49276
89.55000,2.96481,1.86051,1.85103,140.80469,1.89976,95.66660,0.08102,2.61994,6.76995,0.12130,0.07792,0.49288
89.60000,2.95782,1.95279,1.85084,140.89755,1.89606,95.50131,0.08118,2.61813,6.76682,0.12094,0.07797,0.49299
89.65000,2.95307,2.04520,1.85062,140.99041,1.89253,95.33529,0.08134,2.61633,6.76366,0.12060,0.07804,0.49310
89.70000,2.95061,2.13769,1.85037,141.08325,1.88917,95.16881,0.08150,2.61456,6.76047,0.12027,0.07812,0.49321
89.75000,2.95053,2.23020,1.85009,141.17608,1.88599,95.00157,0.08167,2.61282,6.75733,0.11996,0.07821,0.49331
89.80000,2.95288,2.32266,1.84978,141.26890,1.88299,94.83295,0.08184,2.61111,6.75424,0.11966,0.07830,0.49340
89.85000,2.95775,2.41501,1.84943,141.36170,1.88017,94.66225,0.08201,2.60944,6.75119,0.11938,0.07840,0.49349
89.90000,2.96519,2.50717,1.84906,141.45448,1.87752,94.48924,0.08218,2.60780,6.74809,0.11912,0.07851,0.49358
89.95000,2.97527,2.59906,1.84866,141.54725,1.87505,94.31476,0.08236,2.60617,6.74488,0.11887,0.07864,0.49366
90.00000,2.98806,2.69059,1.84822,141.64001,1.87220,94.12586,0.08251,2.60490,6.74696,0.11877,0.07877,0.49370
90.05000,3.00363,2.78167,1.84775,141.73275,1.87002,93.95145,0.08269,2.60339,6.74440,0.11857,0.07891,0.49376
90.10000,3.02204,2.87219,1.84725,141.82547,1.86807,93.78050,0.08286,2.60193,6.74184,0.11839,0.07906,0.49383
90.15000,3.04335,2.96204,1.84672,141.91818,1.86636,93.61333,0.08304,2.60050,6.73929,0.11822,0.07921,0.49388
90.20000,3.06763,3.05111,1.84615,142.01087,1.86488,93.45059,0.08322,2.59913,6.73674,0.11808,0.07937,0.49393
90.25000,3.09491,3.13927,1.84555,142.10353,1.86364,93.29379,0.08339,2.59779,6.73415,0.11796,0.07954,0.49398
90.30000,3.12527,3.22639,1.84491,142.19618,1.86266,93.14472,0.08356,2.59650,6.73147,0.11785,0.07972,0.49403
90.35000,3.15874,3.31233,1.84425,142.28880,1.86195,93.00448,0.08373,2.59524,6.72864,0.11777,0.07991,0.49407
90.40000,3.19536,3.39693,1.84355,142.38140,1.86155,92.87303,0.08390,2.59400,6.72563,0.11771,0.08011,0.49410
90.45000,3.23517,3.48005,1.84281,142.47398,1.86145,92.74965,0.08408,2.59277,6.72242,0.11767,0.08033,0.49414
90.50000,3.27819,3.56150,1.84205,142.56653,1.86163,92.63369,0.08425,2.59157,6.71900,0.11765,0.08056,0.49417
90.55000,3.32443,3.64112,1.84125,142.65906,1.86209,92.52512,0.08442,2.59038,6.71540,0.11766,0.08081,0.49420
90.60000,3.37391,3.71873,1.84043,142.75155,1.86282,92.42454,0.08459,2.58922,6.71162,0.11768,0.08106,0.49423
90.65000,3.42660,3.79414,1.83957,142.84402,1.86304,92.31182,0.08472,2.58855,6.71518,0.11793,0.08135,0.49419
90.70000,3.48249,3.86715,1.83868,142.93645,1.86418,92.22431,0.08488,2.58753,6.71239,0.11803,0.08164,0.49420
90.75000,3.54155,3.93757,1.83778,143.02884,1.86561,92.14438,0.08504,2.58654,6.70951,0.11817,0.08194,0.49421
90.80000,3.60372,4.00519,1.83684,143.12119,1.86733,92.07090,0.08521,2.58556,6.70657,0.11833,0.08227,0.49421
90.85000,3.66893,4.06982,1.83589,143.21349,1.86933,92.00297,0.08537,2.58461,6.70356,0.11852,0.08262,0.49421
90.90000,3.73709,4.13126,1.83492,143.30573,1.87160,91.94003,0.08554,2.58367,6.70051,0.11874,0.08299,0.49421
90.95000,3.80810,4.18930,1.83394,143.39792,1.87414,91.88174,0.08571,2.58276,6.69738,0.11898,0.08339,0.49420
91.00000,3.88184,4.24374,1.83294,143.49004,1.87693,91.82784,0.08588,2.58187,6.69414,0.11925,0.08380,0.49419
91.05000,3.95817,4.29441,1.83194,143.58211,1.87998,91.77804,0.08606,2.58100,6.69077,0.11954,0.08423,0.49417
91.10000,4.03693,4.34112,1.83093,143.67410,1.88328,91.73192,0.08624,2.58014,6.68729,0.11986,0.08469,0.49415
91.15000,4.11793,4.38369,1.82992,143.76603,1.88687,91.68888,0.08642,2.57931,6.68373,0.12021,0.08518,0.49413
91.20000,4.20099,4.42198,1.82892,143.85789,1.89077,91.64832,0.08661,2.57849,6.68012,0.12059,0.08570,0.49410
91.25000,4.28590,4.45583,1.82792,143.94966,1.89499,91.60988,0.08681,2.57769,6.67644,0.12100,0.08626,0.49407
91.30000,4.37244,4.48514,1.82694,144.04134,1.89851,91.54599,0.08694,2.57754,6.68254,0.12171,0.08687,0.49395
91.35000,4.46036,4.50977,1.82598,144.13295,1.90321,91.50726,0.08714,2.57688,6.68009,0.12223,0.08750,0.49390
91.40000,4.54944,4.52966,1.82503,144.22447,1.90825,91.47155,0.08734,2.57623,6.67747,0.12279,0.08817,0.49383
91.45000,4.63940,4.54473,1.82411,144.31590,1.91366,91.43909,0.08755,2.57559,6.67467,0.12339,0.08889,0.49377
91.50000,4.73000,4.55493,1.82322,144.40724,1.91946,91.40952,0.08778,2.57494,6.67169,0.12403,0.08967,0.49370
91.55000,4.82097,4.56026,1.82236,144.49848,1.92567,91.38216,0.08801,2.57429,6.66849,0.12471,0.09050,0.49362
91.60000,4.91206,4.56069,1.82153,144.58964,1.93231,91.35668,0.08826,2.57363,6.66502,0.12544,0.09139,0.49354
91.65000,5.00300,4.55626,1.82075,144.68071,1.93943,91.33357,0.08852,2.57294,6.66122,0.12622,0.09236,0.49345
91.70000,5.09353,4.54701,1.82000,144.77168,1.94703,91.31418,0.08880,2.57224,6.65707,0.12705,0.09341,0.49336
91.75000,5.18037,4.53264,1.68784,144.77168,1.95513,91.30001,0.08909,2.57152,6.65258,0.12794,0.09454,0.49326
91.80000,5.25979,4.50769,1.65712,144.91867,1.94883,91.59060,0.08905,2.57148,6.64194,0.12797,0.09444,0.49313
91.85000,5.33538,4.47370,1.66441,145.01833,1.96291,91.68074,0.08969,2.56845,6.61595,0.12904,0.09647,0.49304
91.90000,5.41139,4.43904,1.67519,145.10691,1.97811,91.78363,0.09041,2.56471,6.56923,0.12902,0.09792,0.49323
91.95000,5.48873,4.40682,1.67462,145.19369,1.99192,91.85997,0.09103,2.56175,6.53297,0.12919,0.09932,0.49336
92.00000,5.56482,4.37193,1.67408,145.27943,2.00336,91.90893,0.09151,2.56002,6.51541,0.12993,0.10082,0.49333
92.05000,5.63974,4.33462,1.67377,145.36485,2.01477,91.95290,0.09197,2.55851,6.50034,0.13078,0.10240,0.49328
92.10000,5.71340,4.29492,1.67347,145.45016,2.02618,91.99036,0.09242,2.55723,6.48830,0.13177,0.10407,0.49319
92.15000,5.78569,4.25281,1.67318,145.53537,2.03677,91.99797,0.09277,2.55680,6.48787,0.13315,0.10588,0.49301
92.20000,5.85649,4.20825,1.67290,145.62045,2.04807,92.02041,0.09317,2.55615,6.48312,0.13446,0.10777,0.49285
92.25000,5.92567,4.16125,1.67264,145.70537,2.05945,92.04063,0.09356,2.55573,6.48036,0.13589,0.10976,0.49267
92.30000,5.99311,4.11182,1.67240,145.79011,2.07091,92.05911,0.09394,2.55551,6.47928,0.13741,0.11184,0.49246
92.35000,6.05871,4.05998,1.67220,145.87467,2.08242,92.07587,0.09431,2.55551,6.47959,0.13900,0.11401,0.49224
92.40000,6.12236,4.00578,1.67202,145.95904,2.09398,92.09062,0.09467,2.55570,6.48101,0.14067,0.11625,0.49199
92.45000,6.18397,3.94927,1.67188,146.04324,1.98338,93.29816,0.09852,2.57288,6.10961,0.14372,0.11434,0.49178
92.50000,6.24344,3.89053,1.67179,146.12726,1.99513,93.35282,0.09872,2.57501,6.11659,0.14575,0.11619,0.49159
92.55000,6.30071,3.82965,1.67174,146.21113,2.00769,93.41410,0.09901,2.57672,6.11871,0.14762,0.11817,0.49138
92.60000,6.35572,3.76673,1.67174,146.29486,2.02033,93.46579,0.09929,2.57845,6.12185,0.14952,0.12028,0.49114
92.65000,6.40843,3.70186,1.67177,146.37847,2.03300,93.51044,0.09956,2.58020,6.12569,0.15142,0.12246,0.49086
92.70000,6.45880,3.63516,1.67184,146.46196,2.04567,93.55061,0.09981,2.58200,6.13002,0.15333,0.12469,0.49055
92.75000,6.50682,3.56674,1.67200,146.54536,1.93265,94.75410,0.10415,2.59966,5.53162,0.15657,0.12218,0.49031
92.80000,6.55248,3.49671,1.67218,146.62868,1.94492,94.82026,0.10420,2.60282,5.54575,0.15865,0.12377,0.49009
92.85000,6.59579,3.42519,1.67241,146.71194,1.95781,94.89372,0.10431,2.60558,5.55269,0.16057,0.12550,0.48985
92.90000,6.63674,3.35228,1.67266,146.79515,1.97070,94.96205,0.10439,2.60829,5.56175,0.16247,0.12730,0.48955
92.95000,6.67537,3.27810,1.67295,146.87832,1.98352,95.02803,0.10444,2.61100,5.57249,0.16434,0.12913,0.48921
93.00000,6.71171,3.20275,1.67328,146.96146,1.99625,95.09478,0.10444,2.61375,5.58471,0.16617,0.13094,0.48885
93.05000,6.74580,3.12634,1.67372,147.04459,1.87999,96.29993,0.10902,2.63113,4.92891,0.16929,0.12757,0.48857
93.10000,6.77771,3.04897,1.67417,147.12772,1.89160,96.39029,0.10871,2.63488,4.94312,0.17120,0.12853,0.48832
93.15000,6.80748,2.97073,1.67464,147.21085,1.90376,96.49747,0.10843,2.63830,4.95315,0.17295,0.12958,0.48802
93.20000,6.83518,2.89170,1.67515,147.29400,1.91592,96.61278,0.10811,2.64167,4.96559,0.17467,0.13067,0.48767
93.25000,6.86086,2.81196,1.67568,147.37718,1.92804,96.73918,0.10772,2.64502,4.97989,0.17634,0.13176,0.48728
93.30000,6.88458,2.73159,1.67626,147.46038,1.94006,96.87909,0.10727,2.64838,4.99569,0.17797,0.13280,0.48686
93.35000,6.90643,2.65066,1.67697,147.54362,1.85576,95.89212,0.10441,2.67102,4.60839,0.18761,0.13863,0.49021
93.40000,6.92648,2.56923,1.67774,147.62691,1.86504,95.97188,0.10385,2.67405,4.61832,0.18904,0.13871,0.49005
93.45000,6.94480,2.48735,1.67856,147.71026,1.87501,96.10597,0.10323,2.67716,4.63134,0.19047,0.13899,0.48978
93.50000,6.96146,2.40507,1.67944,147.79367,1.88542,96.28308,0.10256,2.68031,4.64648,0.19186,0.13934,0.48945
93.55000,6.97656,2.32245,1.68036,147.87714,1.89611,96.49688,0.10184,2.68349,4.66311,0.19323,0.13971,0.48907
93.60000,6.99018,2.23952,1.68132,147.96069,1.90697,96.74410,0.10108,2.68670,4.68082,0.19456,0.14004,0.48867
93.65000,7.00242,2.15632,1.68244,148.04431,1.82076,95.87236,0.09833,2.70699,4.32910,0.20341,0.14541,0.49200
93.70000,7.01340,2.07289,1.68357,148.12802,1.82911,96.07912,0.09755,2.70965,4.33982,0.20452,0.14469,0.49188
93.75000,7.02321,1.98926,1.68473,148.21183,1.83824,96.35004,0.09674,2.71239,4.35290,0.20564,0.14422,0.49166
93.80000,7.03194,1.90544,1.68592,148.29572,1.84788,96.66936,0.09592,2.71517,4.36747,0.20674,0.14387,0.49138
93.85000,7.03968,1.82148,1.68711,148.37971,1.85782,97.02615,0.09509,2.71796,4.38296,0.20782,0.14359,0.49106
93.90000,7.04653,1.73737,1.68831,148.46379,1.86791,97.41294,0.09426,2.72074,4.39895,0.20887,0.14333,0.49072
93.95000,7.05259,1.65314,1.68949,148.54794,1.91392,95.56637,0.08911,2.72809,4.58527,0.21574,0.15439,0.49397
94.00000,7.05795,1.56881,1.69067,148.63219,1.92257,95.87871,0.08848,2.73007,4.60539,0.21667,0.15403,0.49371
94.05000,7.06271,1.48438,1.69184,148.71654,1.93180,96.25524,0.08785,2.73216,4.62304,0.21756,0.15373,0.49343
94.10000,7.06697,1.39987,1.69300,148.80098,1.94124,96.67457,0.08722,2.73435,4.64016,0.21843,0.15345,0.49314
94.15000,7.07083,1.31528,1.69414,148.88552,1.95071,97.12397,0.08660,2.73658,4.65665,0.21929,0.15317,0.49284
94.20000,7.07439,1.23062,1.69526,148.97016,1.96010,97.59394,0.08599,2.73880,4.67249,0.22011,0.15286,0.49254
94.25000,7.07773,1.14589,1.69634,149.05486,2.00391,95.80767,0.08238,2.74519,4.87370,0.22629,0.16454,0.49581
94.30000,7.08094,1.06111,1.69739,149.13963,2.01144,96.16899,0.08196,2.74648,4.89021,0.22694,0.16403,0.49565
94.35000,7.08413,0.97628,1.69840,149.22453,2.01915,96.57780,0.08154,2.74794,4.90540,0.22758,0.16358,0.49546
94.40000,7.08738,0.89139,1.69939,149.30975,2.02683,97.01518,0.08112,2.74951,4.91971,0.22820,0.16315,0.49526
94.45000,7.09079,0.80647,1.70033,149.39528,2.03437,97.46857,0.08072,2.75112,4.93313,0.22881,0.16273,0.49505
94.50000,7.09444,0.72151,1.70123,149.48082,2.04171,97.92770,0.08034,2.75273,4.94568,0.22938,0.16231,0.49485
94.55000,7.09842,0.63652,1.70208,149.56622,2.08195,96.10598,0.07784,2.75818,5.15819,0.23488,0.17450,0.49813
94.60000,7.10282,0.55151,1.70289,149.65155,2.08719,96.40966,0.07760,2.75878,5.17066,0.23528,0.17390,0.49807
94.65000,7.10773,0.46649,1.70365,149.73689,2.09260,96.74868,0.07736,2.75953,5.17989,0.23565,0.17337,0.49798
94.70000,7.11325,0.38146,1.70439,149.82228,2.09778,97.10050,0.07714,2.76043,5.18999,0.23603,0.17287,0.49787
94.75000,7.11946,0.29645,1.70508,149.90773,2.10271,97.45576,0.07692,2.76142,5.19952,0.23638,0.17238,0.49776
94.80000,7.12644,0.21147,1.70575,149.99323,2.10730,97.80581,0.07670,2.76245,5.20863,0.23670,0.17186,0.49764
94.85000,7.13429,0.12653,1.70637,150.07879,2.11152,98.14437,0.07650,2.76350,5.21746,0.23699,0.17133,0.49753
94.90000,7.14309,0.04165,1.70697,150.16441,2.11534,98.46687,0.07631,2.76456,5.22612,0.23726,0.17077,0.49742
94.95000,7.15292,-0.04315,1.70754,150.25008,2.11879,98.77025,0.07613,2.76560,5.23468,0.23750,0.17019,0.49732
95.00000,7.16386,-0.12783,1.70807,150.33579,2.12219,99.06185,0.07598,2.76649,5.23764,0.23765,0.16960,0.49725
95.05000,7.17599,-0.21238,1.70858,150.42156,2.12503,99.32695,0.07583,2.76744,5.24428,0.23783,0.16901,0.49716
95.10000,7.18940,-0.29676,1.70905,150.50736,2.12751,99.57221,0.07568,2.76834,5.25066,0.23797,0.16841,0.49708
95.15000,7.20414,-0.38095,1.70951,150.59321,2.12962,99.79890,0.07555,2.76921,5.25684,0.23809,0.16779,0.49701
95.20000,7.22030,-0.46489,1.70994,150.67909,2.13136,100.00827,0.07542,2.77004,5.26290,0.23818,0.16713,0.49694
95.25000,7.23794,-0.54856,1.71034,150.76499,2.13274,100.20130,0.07531,2.77085,5.26896,0.23825,0.16644,0.49689
95.30000,7.25711,-0.63190,1.71072,150.85093,2.13376,100.37869,0.07519,2.77163,5.27508,0.23829,0.16571,0.49683
95.35000,7.27789,-0.71489,1.71108,150.93689,2.13489,100.55352,0.07510,2.77222,5.27356,0.23821,0.16494,0.49682
95.40000,7.30033,-0.79746,1.71142,151.02286,2.13545,100.70651,0.07500,2.77292,5.27791,0.23819,0.16416,0.49678
95.45000,7.32447,-0.87956,1.71175,151.10885,2.13577,100.84836,0.07490,2.77359,5.28226,0.23815,0.16337,0.49675
95.50000,7.35036,-0.96114,1.71206,151.19485,2.13588,100.98179,0.07481,2.77423,5.28656,0.23809,0.16256,0.49672
95.55000,7.37805,-1.04215,1.71235,151.28086,2.13579,101.10918,0.07472,2.77485,5.29072,0.23802,0.16174,0.49670
95.60000,7.40756,-1.12252,1.71263,151.36687,2.13552,101.23201,0.07464,2.77543,5.29467,0.23793,0.16090,0.49668
95.65000,7.43894,-1.20220,1.71290,151.45288,2.13505,101.35054,0.07456,2.77598,5.29839,0.23783,0.16006,0.49667
95.70000,7.47221,-1.28113,1.71315,151.53890,2.13487,101.47833,0.07450,2.77630,5.29288,0.23761,0.15919,0.49671
95.75000,7.50739,-1.35923,1.71340,151.62491,2.13414,101.59051,0.07443,2.77674,5.29416,0.23746,0.15834,0.49672
95.80000,7.54450,-1.43645,1.71364,151.71091,2.13319,101.69642,0.07436,2.77715,5.29542,0.23730,0.15747,0.49674
95.85000,7.58355,-1.51273,1.71387,151.79691,2.13206,101.79622,0.07429,2.77753,5.29677,0.23712,0.15660,0.49676
95.90000,7.62454,-1.58798,1.71410,151.88291,2.13077,101.89071,0.07423,2.77790,5.29829,0.23694,0.15573,0.49678
95.95000,7.66749,-1.66215,1.71432,151.96890,2.12932,101.98120,0.07417,2.77824,5.29998,0.23675,0.15485,0.49681
96.00000,7.71238,-1.73518,1.71454,152.05488,2.12773,102.06890,0.07411,2.77857,5.30180,0.23655,0.15398,0.49684
96.05000,7.75921,-1.80699,1.71476,152.14086,2.12653,102.16939,0.07407,2.77868,5.29393,0.23624,0.15308,0.49691
96.10000,7.80797,-1.87751,1.71497,152.22683,2.12478,102.25594,0.07401,2.77891,5.29354,0.23600,0.15221,0.49696
96.15000,7.85864,-1.94669,1.71519,152.31279,2.12281,102.33718,0.07396,2.77911,5.29318,0.23576,0.15132,0.49701
96.20000,7.91119,-2.01447,1.71541,152.39875,2.12061,102.41111,0.07392,2.77929,5.29294,0.23549,0.15043,0.49707
96.25000,7.96561,-2.08077,1.71563,152.48470,2.11816,102.47630,0.07387,2.77945,5.29286,0.23522,0.14953,0.49713
96.30000,8.02187,-2.14553,1.71586,152.57064,2.11546,102.53219,0.07383,2.77960,5.29302,0.23493,0.14861,0.49719
96.35000,8.07992,-2.20870,1.71609,152.65656,2.11252,102.57918,0.07379,2.77973,5.29347,0.23462,0.14768,0.49726
96.40000,8.13973,-2.27023,1.71634,152.74247,2.10993,102.63412,0.07377,2.77966,5.28416,0.23419,0.14672,0.49737
96.45000,8.20126,-2.33006,1.71659,152.82839,2.10672,102.67152,0.07373,2.77974,5.28306,0.23383,0.14576,0.49745
96.50000,8.26446,-2.38813,1.71684,152.91430,2.10329,102.70286,0.07370,2.77982,5.28246,0.23346,0.14478,0.49753
96.55000,8.32929,-2.44441,1.71711,153.00020,2.09961,102.72770,0.07366,2.77990,5.28240,0.23308,0.14376,0.49761
96.60000,8.39568,-2.49885,1.71739,153.08609,2.09564,102.74493,0.07363,2.77999,5.28290,0.23268,0.14272,0.49769
96.65000,8.46360,-2.55141,1.71768,153.17198,2.09138,102.75320,0.07359,2.78009,5.28395,0.23227,0.14164,0.49778
96.70000,8.53297,-2.60205,1.71799,153.25786,2.08680,102.75158,0.07356,2.78019,5.28550,0.23183,0.14053,0.49786
96.75000,8.60374,-2.65074,1.71831,153.34374,2.08248,102.75554,0.07354,2.78010,5.27755,0.23125,0.13938,0.49799
96.80000,8.67585,-2.69745,1.71864,153.42962,2.07749,102.73933,0.07351,2.78017,5.27785,0.23075,0.13821,0.49809
96.85000,8.74924,-2.74217,1.71899,153.51549,2.07222,102.71507,0.07348,2.78024,5.27871,0.23023,0.13702,0.49818
96.90000,8.82384,-2.78487,1.71936,153.60135,2.06670,102.68402,0.07345,2.78033,5.28014,0.22969,0.13581,0.49828
96.95000,8.89959,-2.82553,1.71974,153.68722,2.06093,102.64743,0.07342,2.78042,5.28214,0.22914,0.13457,0.49838
97.00000,8.97643,-2.86415,1.72013,153.77309,2.05492,102.60652,0.07338,2.78053,5.28465,0.22857,0.13331,0.49847
97.05000,9.05428,-2.90072,1.72055,153.85896,2.04867,102.56232,0.07335,2.78063,5.28763,0.22799,0.13203,0.49857
97.10000,9.13309,-2.93523,1.72098,153.94483,2.04273,102.52953,0.07333,2.78056,5.28182,0.22727,0.13072,0.49871
97.15000,9.21279,-2.96770,1.72143,154.03071,2.03619,102.48363,0.07330,2.78062,5.28349,0.22663,0.12942,0.49882
97.20000,9.29332,-2.99811,1.72190,154.11660,2.02946,102.43457,0.07327,2.78067,5.28543,0.22598,0.12812,0.49893
97.25000,9.37461,-3.02649,1.72239,154.20251,2.02256,102.38267,0.07324,2.78070,5.28753,0.22533,0.12683,0.49905
97.30000,9.45661,-3.05285,1.72290,154.28842,2.01553,102.32863,0.07321,2.78071,5.28973,0.22466,0.12555,0.49916
97.35000,9.53925,-3.07719,1.72342,154.37435,2.00837,102.27354,0.07318,2.78070,5.29197,0.22399,0.12430,0.49928
97.40000,9.62249,-3.09954,1.72397,154.46031,1.96687,104.39654,0.07439,2.77732,5.08612,0.21782,0.11452,0.49600
97.45000,9.70626,-3.11992,1.72454,154.54628,1.96151,104.50829,0.07433,2.77803,5.07914,0.21711,0.11354,0.49606
97.50000,9.79050,-3.13834,1.72514,154.63228,1.95525,104.56577,0.07429,2.77856,5.07805,0.21644,0.11254,0.49615
97.55000,9.87518,-3.15485,1.72575,154.71830,1.94862,104.59242,0.07425,2.77885,5.07671,0.21575,0.11153,0.49626
97.60000,9.96024,-3.16946,1.72638,154.80434,1.94175,104.59738,0.07422,2.77895,5.07507,0.21504,0.11055,0.49640
97.65000,10.04563,-3.18220,1.72703,154.89042,1.93472,104.58640,0.07420,2.77889,5.07306,0.21432,0.10961,0.49655
97.70000,10.13130,-3.19311,1.72772,154.97653,1.89228,106.67299,0.07562,2.77526,4.87395,0.20772,0.10161,0.49320
97.75000,10.21722,-3.20221,1.72842,155.06268,1.88652,106.77714,0.07558,2.77585,4.87019,0.20708,0.10094,0.49328
97.80000,10.30335,-3.20954,1.72915,155.14885,1.88066,106.83877,0.07557,2.77592,4.85990,0.20630,0.10026,0.49343
97.85000,10.38964,-3.21515,1.72990,155.23507,1.87421,106.85792,0.07556,2.77583,4.85391,0.20558,0.09960,0.49359
97.90000,10.47606,-3.21905,1.73067,155.32132,1.86762,106.85244,0.07557,2.77551,4.84737,0.20485,0.09900,0.49377
97.95000,10.56259,-3.22130,1.73148,155.40762,1.82481,108.86105,0.07732,2.77139,4.65565,0.19792,0.09244,0.49037
98.00000,10.64918,-3.22193,1.73231,155.49396,1.81959,108.93983,0.07733,2.77151,4.64722,0.19728,0.09207,0.49049
98.05000,10.73581,-3.22097,1.73318,155.58034,1.81404,108.96329,0.07737,2.77122,4.63798,0.19663,0.09173,0.49066
98.10000,10.82245,-3.21846,1.73410,155.66677,1.80840,108.94707,0.07744,2.77062,4.62792,0.19598,0.09145,0.49085
98.15000,10.90927,-3.21525,1.74118,155.75264,1.80320,108.90870,0.07755,2.76966,4.61254,0.19526,0.09123,0.49109
98.20000,10.99626,-3.21712,1.74116,155.83974,1.79861,108.83749,0.07768,2.76853,4.59703,0.19457,0.09111,0.49133
98.25000,11.08615,-3.21809,1.86215,156.12859,1.75909,110.76286,0.08009,2.76253,4.38336,0.18686,0.08587,0.48808
98.30000,11.17877,-3.22688,1.85053,156.12859,1.75745,110.34107,0.08104,2.75750,4.31033,0.18465,0.08648,0.48911
98.35000,11.26788,-3.24503,1.78795,156.13560,1.76338,110.54155,0.08128,2.75559,4.24172,0.18318,0.08645,0.48948
98.40000,11.35469,-3.26375,1.76805,156.19807,1.76972,110.87684,0.08171,2.75220,4.13228,0.18082,0.08641,0.49004
98.45000,11.44187,-3.27758,1.76338,156.27409,1.77789,111.05574,0.08243,2.74749,4.01612,0.17814,0.08670,0.49082
98.50000,11.52967,-3.28181,1.75597,156.35618,1.78614,111.14685,0.08322,2.74271,3.91608,0.17576,0.08719,0.49155
98.55000,11.61739,-3.27862,1.75606,156.44026,1.75540,113.02562,0.08734,2.73378,3.71523,0.16725,0.08307,0.48851
98.60000,11.70477,-3.26972,1.75831,156.52533,1.76186,113.04044,0.08817,2.73051,3.66669,0.16628,0.08388,0.48889
98.65000,11.79115,-3.25511,1.74155,156.61156,1.76735,112.97286,0.08903,2.72730,3.63099,0.16579,0.08483,0.48922
98.70000,11.87395,-3.22949,1.73827,156.69586,1.77091,112.87089,0.08989,2.72417,3.60636,0.16581,0.08597,0.48943
98.75000,11.95671,-3.20177,1.75124,156.77988,1.77255,112.65579,0.09058,2.72212,3.61119,0.16685,0.08731,0.48943
98.80000,12.04038,-3.17574,1.75294,156.86587,1.77552,112.38514,0.09135,2.71995,3.61859,0.16808,0.08885,0.48943
98.85000,12.12342,-3.14756,1.75500,156.95194,1.78005,112.13322,0.09234,2.71692,3.61379,0.16918,0.09064,0.48950
98.90000,12.20611,-3.11806,1.75695,157.03817,1.78516,111.85255,0.09341,2.71384,3.61301,0.17057,0.09270,0.48953
98.95000,12.28852,-3.08750,1.75883,157.12461,1.79129,111.55382,0.09458,2.71057,3.61265,0.17215,0.09507,0.48953
99.00000,12.37072,-3.05612,1.76064,157.21126,1.79844,111.24010,0.09587,2.70714,3.61242,0.17389,0.09774,0.48951
99.05000,12.45279,-3.02415,1.76238,157.29814,1.80657,110.91385,0.09727,2.70356,3.61200,0.17577,0.10073,0.48947
99.10000,12.53479,-2.99176,1.76405,157.38526,1.81558,110.57608,0.09878,2.69987,3.61130,0.17774,0.10402,0.48941
99.15000,12.61677,-2.95913,1.76566,157.47265,1.82526,110.22653,0.10039,2.69614,3.61045,0.17979,0.10759,0.48933
99.20000,12.69880,-2.92638,1.76719,157.56042,1.83537,109.86449,0.10209,2.69247,3.60978,0.18186,0.11139,0.48923
99.25000,12.78090,-2.89363,1.76865,157.64858,1.84570,109.49138,0.10384,2.68892,3.60893,0.18389,0.11534,0.48911
99.30000,12.86312,-2.86098,1.77005,157.73686,1.85576,109.10313,0.10558,2.68571,3.61001,0.18590,0.11934,0.48896
99.35000,12.94549,-2.82850,1.77137,157.82505,1.86531,108.70276,0.10727,2.68292,3.61284,0.18784,0.12328,0.48876
99.40000,13.02802,-2.79627,1.77250,157.91323,2.00431,107.33320,0.10421,2.66824,4.02815,0.18845,0.13225,0.48840
99.45000,13.11071,-2.76432,1.77356,158.00156,2.01337,106.91370,0.10555,2.66635,4.04395,0.19023,0.13668,0.48791
99.50000,13.19359,-2.73272,1.77455,158.09003,2.02112,106.48162,0.10669,2.66526,4.06167,0.19187,0.14053,0.48745
99.55000,13.27667,-2.70150,1.77547,158.17860,2.02773,106.03904,0.10763,2.66499,4.08211,0.19339,0.14380,0.48698
99.60000,13.35995,-2.67070,1.77632,158.26724,2.03337,105.58662,0.10834,2.66552,4.10585,0.19481,0.14653,0.48648
99.65000,13.44344,-2.64034,1.77703,158.35596,2.15866,104.11948,0.10421,2.65392,4.65490,0.19494,0.15496,0.48580
99.70000,13.52711,-2.61041,1.77766,158.44474,2.16384,103.64450,0.10452,2.65581,4.70065,0.19627,0.15767,0.48499
99.75000,13.61099,-2.58094,1.77823,158.53357,2.16826,103.16621,0.10461,2.65852,4.74886,0.19752,0.15963,0.48421
99.80000,13.69504,-2.55193,1.77873,158.62245,2.17222,102.69299,0.10449,2.66196,4.80024,0.19874,0.16100,0.48342
99.85000,13.77928,-2.52336,1.77918,158.71135,2.17600,102.23545,0.10418,2.66604,4.85485,0.19993,0.16188,0.48262
99.90000,13.86368,-2.49522,1.77956,158.80028,2.17979,101.80397,0.10370,2.67062,4.91249,0.20112,0.16237,0.48179
99.95000,13.94824,-2.46750,1.77984,158.88924,2.29255,100.35363,0.09906,2.66291,5.65029,0.20115,0.16924,0.48077
100.00000,14.03294,-2.44018,1.78007,158.97820,2.29743,99.99908,0.09844,2.66806,5.73256,0.20241,0.17005,0.47966
100.05000,14.11777,-2.41324,1.78024,159.06718,2.30236,99.71539,0.09769,2.67346,5.81254,0.20365,0.17031,0.47861
100.10000,14.20271,-2.38663,1.78037,159.15616,2.30747,99.52303,0.09682,2.67898,5.89052,0.20489,0.17015,0.47763
100.15000,14.28776,-2.36032,1.78044,159.24514,2.31294,99.44297,0.09587,2.68444,5.96422,0.20611,0.16968,0.47671
100.20000,14.37288,-2.33427,1.78046,159.33413,2.41447,98.40534,0.09174,2.67752,6.38674,0.20616,0.17580,0.47569
100.25000,14.45808,-2.30844,1.78043,159.42311,2.42081,98.57279,0.09083,2.68247,6.42232,0.20738,0.17571,0.47465
100.30000,14.54332,-2.28278,1.78036,159.51210,2.42727,98.88505,0.08986,2.68723,6.45302,0.20855,0.17512,0.47377
100.35000,14.62858,-2.25721,1.78024,159.60107,2.43393,99.34483,0.08885,2.69173,6.47937,0.20968,0.17419,0.47302
100.40000,14.71384,-2.23166,1.78008,159.69005,2.44083,99.94408,0.08782,2.69595,6.50188,0.21077,0.17301,0.47238
100.45000,14.79908,-2.20606,1.77987,159.77902,2.44793,100.66506,0.08679,2.69988,6.52102,0.21183,0.17166,0.47184
100.50000,14.88427,-2.18033,1.77963,159.86800,2.53537,100.41021,0.08366,2.69172,6.92102,0.21173,0.17695,0.47121
100.55000,14.96938,-2.15440,1.77934,159.95697,2.54217,101.28883,0.08282,2.69484,6.93863,0.21274,0.17614,0.47058
100.60000,15.05438,-2.12815,1.77901,160.04594,2.54868,102.21578,0.08201,2.69779,6.95258,0.21369,0.17499,0.47008
100.65000,15.13922,-2.10146,1.77862,160.13491,2.55489,103.16212,0.08125,2.70054,6.96358,0.21457,0.17367,0.46970
100.70000,15.22386,-2.07420,1.77819,160.22389,2.56071,104.09706,0.08054,2.70307,6.97238,0.21539,0.17229,0.46940
100.75000,15.30824,-2.04624,1.77770,160.31288,2.56608,104.99208,0.07990,2.70538,6.97954,0.21613,0.17092,0.46916
100.80000,15.39231,-2.01741,1.77716,160.40187,2.57092,105.82342,0.07934,2.70746,6.98548,0.21680,0.16962,0.46897
100.85000,15.47599,-1.98756,1.77655,160.49088,2.57516,106.57426,0.07885,2.70930,6.99052,0.21738,0.16841,0.46881
100.90000,15.55919,-1.95651,1.77588,160.57990,2.57879,107.23582,0.07843,2.71093,6.99491,0.21788,0.16729,0.46868
100.95000,15.64183,-1.92406,1.77513,160.66892,2.58181,107.80660,0.07808,2.71237,6.99885,0.21830,0.16628,0.46858
101.00000,15.72377,-1.89002,1.77430,160.75795,2.58447,108.30082,0.07779,2.71343,6.99820,0.21853,0.16533,0.46853
101.05000,15.80489,-1.85416,1.77338,160.84697,2.58641,108.70645,0.07755,2.71448,7.00017,0.21876,0.16445,0.46848
101.10000,15.88502,-1.81626,1.77236,160.93599,2.58782,109.03863,0.07734,2.71541,7.00190,0.21890,0.16361,0.46844
101.15000,15.96398,-1.77608,1.77123,161.02499,2.58872,109.30589,0.07717,2.71624,7.00352,0.21897,0.16278,0.46841
101.20000,16.04153,-1.73340,1.76996,161.11395,2.58914,109.51809,0.07702,2.71703,7.00523,0.21896,0.16191,0.46839
101.25000,16.11743,-1.68796,1.76857,161.20286,2.58910,109.68527,0.07689,2.71780,7.00723,0.21888,0.16098,0.46838
101.30000,16.19140,-1.63957,1.76704,161.29171,2.58861,109.81663,0.07676,2.71861,7.00974,0.21874,0.15994,0.46838
101.35000,16.26310,-1.58803,1.76534,161.38048,2.58766,109.92012,0.07664,2.71948,7.01297,0.21853,0.15876,0.46839
101.40000,16.33217,-1.53315,1.76346,161.46913,2.58625,110.00226,0.07651,2.72046,7.01715,0.21825,0.15740,0.46840
101.45000,16.39819,-1.47479,1.76142,161.55765,2.58492,110.09369,0.07640,2.72111,7.01205,0.21765,0.15579,0.46851
101.50000,16.46073,-1.41287,1.75922,161.64601,2.58266,110.15617,0.07626,2.72227,7.01589,0.21715,0.15398,0.46856
101.55000,16.51933,-1.34736,1.75685,161.73420,2.57982,110.21038,0.07609,2.72363,7.02124,0.21657,0.15188,0.46861
101.60000,16.57349,-1.27830,1.75433,161.82219,2.57633,110.25879,0.07591,2.72523,7.02836,0.21590,0.14947,0.46867
101.65000,16.62272,-1.20579,1.75168,161.90995,2.57215,110.30330,0.07570,2.72709,7.03747,0.21512,0.14674,0.46873
101.70000,16.66652,-1.13004,1.74891,161.99747,2.56722,110.34546,0.07546,2.72920,7.04868,0.21425,0.14369,0.46880
101.75000,16.70441,-1.05133,1.74606,162.08471,2.56156,110.38656,0.07521,2.73157,7.06194,0.21328,0.14036,0.46888
101.80000,16.73593,-0.97001,1.74315,162.17168,2.55521,110.42761,0.07494,2.73414,7.07704,0.21222,0.13682,0.46896
101.85000,16.76068,-0.88654,1.74023,162.25838,2.54918,110.50708,0.07470,2.73620,7.07801,0.21068,0.13310,0.46919
101.90000,16.77832,-0.80143,1.73733,162.34475,2.54204,110.56243,0.07443,2.73882,7.09147,0.20939,0.12940,0.46933
101.95000,16.78860,-0.71527,1.73447,162.43079,2.53452,110.62020,0.07416,2.74146,7.10560,0.20805,0.12573,0.46947
102.00000,16.79131,-0.62868,1.73170,162.51652,2.52669,110.68114,0.07389,2.74407,7.12015,0.20668,0.12215,0.46963
102.05000,16.78637,-0.54233,1.72904,162.60199,2.51864,110.74618,0.07364,2.74660,7.13489,0.20531,0.11870,0.46979
102.10000,16.77379,-0.45688,1.72653,162.68718,2.51043,110.81642,0.07339,2.74902,7.14955,0.20394,0.11542,0.46997
102.15000,16.75367,-0.37302,1.72417,162.77207,2.50215,110.89307,0.07316,2.75128,7.16381,0.20259,0.11235,0.47015
102.20000,16.72619,-0.29140,1.72199,162.85671,2.49502,111.01840,0.07299,2.75265,7.16010,0.20080,0.10946,0.47050
102.25000,16.69164,-0.21262,1.71998,162.94114,2.48727,111.12447,0.07281,2.75426,7.16778,0.19940,0.10686,0.47076
102.30000,16.65035,-0.13727,1.71817,163.02539,2.47972,111.24104,0.07264,2.75557,7.17395,0.19805,0.10452,0.47103
102.35000,16.60276,-0.06583,1.71656,163.10941,2.47243,111.36995,0.07250,2.75656,7.17827,0.19675,0.10244,0.47133
102.40000,16.54931,0.00124,1.71513,163.19322,2.46542,111.51313,0.07238,2.75719,7.18044,0.19550,0.10060,0.47166
102.45000,16.49052,0.06360,1.71390,163.27691,2.36914,112.63245,0.07298,2.76709,6.79889,0.19556,0.09583,0.47211
102.50000,16.42691,0.12094,1.71282,163.36050,2.36284,112.88422,0.07290,2.76678,6.77708,0.19395,0.09417,0.47283
102.55000,16.35901,0.17305,1.71189,163.44399,2.35609,113.12185,0.07283,2.76640,6.76457,0.19266,0.09281,0.47343
102.60000,16.28735,0.21979,1.71112,163.52736,2.34952,113.36635,0.07278,2.76559,6.75038,0.19138,0.09166,0.47403
102.65000,16.21246,0.26107,1.71048,163.61067,2.34303,113.61426,0.07275,2.76439,6.73440,0.19011,0.09068,0.47463
102.70000,16.13484,0.29688,1.70996,163.69393,2.33655,113.85988,0.07274,2.76283,6.71680,0.18883,0.08983,0.47526
102.75000,16.05495,0.32727,1.70962,163.77716,2.22586,115.00490,0.07351,2.77042,6.31777,0.18884,0.08652,0.47598
102.80000,15.97326,0.35233,1.70930,163.86039,2.21929,115.27852,0.07355,2.76825,6.28280,0.18721,0.08566,0.47691
102.85000,15.89015,0.37218,1.70908,163.94361,2.21201,115.50279,0.07359,2.76610,6.25732,0.18584,0.08500,0.47770
102.90000,15.80601,0.38697,1.70893,164.02685,2.20457,115.68797,0.07366,2.76373,6.23284,0.18448,0.08448,0.47844
102.95000,15.72116,0.39688,1.70885,164.11011,2.19682,115.82703,0.07374,2.76118,6.20931,0.18312,0.08405,0.47914
103.00000,15.63589,0.40211,1.70884,164.19340,2.18858,115.91238,0.07385,2.75850,6.18690,0.18173,0.08368,0.47982
103.05000,15.55046,0.40291,1.70898,164.27674,2.06177,116.80091,0.07489,2.76536,5.59267,0.18161,0.08110,0.48054
103.10000,15.46509,0.39954,1.70908,164.36014,2.05157,116.79661,0.07507,2.76267,5.53055,0.17986,0.08055,0.48141
103.15000,15.37995,0.39221,1.70923,164.44361,2.03994,116.69823,0.07524,2.76022,5.48840,0.17825,0.08010,0.48210
103.20000,15.29522,0.38115,1.70943,164.52715,2.02729,116.51391,0.07544,2.75784,5.45337,0.17659,0.07969,0.48272
103.25000,15.21099,0.36661,1.70967,164.61080,2.01354,116.24445,0.07566,2.75557,5.42494,0.17488,0.07929,0.48326
103.30000,15.12738,0.34882,1.70995,164.69455,1.99867,115.89581,0.07588,2.75346,5.40271,0.17312,0.07888,0.48375
103.35000,15.04444,0.32804,1.71039,164.77842,1.85222,116.33941,0.07730,2.76126,4.74922,0.17260,0.07647,0.48426
103.40000,14.96221,0.30453,1.71080,164.86241,1.83389,115.89711,0.07757,2.75968,4.72519,0.17051,0.07576,0.48487
103.45000,14.88074,0.27846,1.71127,164.94652,1.81420,115.39737,0.07781,2.75848,4.71525,0.16850,0.07508,0.48533
103.50000,14.80002,0.25004,1.71180,165.03076,1.79347,114.85706,0.07803,2.75755,4.71229,0.16644,0.07437,0.48571
103.55000,14.72006,0.21947,1.71238,165.11513,1.77170,114.28550,0.07822,2.75691,4.71558,0.16433,0.07362,0.48603
103.60000,14.64084,0.18697,1.71300,165.19964,1.74896,113.69299,0.07837,2.75655,4.72441,0.16217,0.07282,0.48630
103.65000,14.56232,0.15272,1.71377,165.28430,1.58808,113.98208,0.07998,2.76597,4.20340,0.16127,0.07043,0.48660
103.70000,14.48442,0.11697,1.71451,165.36911,1.56264,113.39811,0.08005,2.76634,4.21183,0.15901,0.06943,0.48698
103.75000,14.40715,0.07982,1.71516,165.45406,1.67561,111.93443,0.07860,2.75728,4.75871,0.15540,0.06991,0.48720
103.80000,14.33048,0.04138,1.71586,165.53914,1.65269,111.38109,0.07862,2.75762,4.78428,0.15330,0.06917,0.48725
103.85000,14.25432,0.00183,1.71657,165.62435,1.63036,110.85914,0.07862,2.75802,4.80977,0.15129,0.06845,0.48732
103.90000,14.17863,-0.03867,1.71728,165.70969,1.60907,110.37697,0.07860,2.75836,4.83393,0.14940,0.06776,0.48741
103.95000,14.10335,-0.07999,1.71798,165.79514,1.58915,109.94025,0.07859,2.75855,4.85561,0.14765,0.06715,0.48751
104.00000,14.02841,-0.12201,1.71867,165.88070,1.57080,109.55322,0.07859,2.75851,4.87374,0.14606,0.06662,0.48764
104.05000,13.95377,-0.16462,1.71926,165.96635,1.69179,108.24822,0.07727,2.74846,5.54937,0.14334,0.06740,0.48773
104.10000,13.87939,-0.20776,1.71985,166.05210,1.67818,107.94363,0.07732,2.74750,5.56704,0.14207,0.06716,0.48776
104.15000,13.80521,-0.25128,1.72042,166.13793,1.66565,107.68668,0.07739,2.74624,5.57827,0.14095,0.06697,0.48787
104.20000,13.73117,-0.29509,1.72096,166.22383,1.65438,107.48169,0.07747,2.74466,5.58204,0.13994,0.06681,0.48805
104.25000,13.65721,-0.33911,1.72147,166.30981,1.64428,107.32984,0.07758,2.74275,5.57888,0.13903,0.06671,0.48828
104.30000,13.58330,-0.38324,1.72196,166.39582,1.63519,107.23232,0.07771,2.74051,5.56916,0.13819,0.06664,0.48857
104.35000,13.50940,-0.42744,1.72237,166.48186,1.76366,106.17241,0.07660,2.72741,6.14562,0.13612,0.06785,0.48886
104.40000,13.43548,-0.47164,1.72275,166.56804,1.75681,106.14399,0.07676,2.72402,6.13845,0.13537,0.06799,0.48911
104.45000,13.36150,-0.51578,1.72308,166.65445,1.74988,106.16074,0.07693,2.72030,6.12754,0.13460,0.06811,0.48945
104.50000,13.28742,-0.55977,1.72338,166.74096,1.74294,106.21440,0.07712,2.71624,6.11312,0.13380,0.06822,0.48987
104.55000,13.21320,-0.60357,1.72363,166.82742,1.73591,106.28811,0.07732,2.71188,6.09608,0.13298,0.06833,0.49035
104.60000,13.13883,-0.64713,1.72384,166.91378,1.72873,106.36239,0.07756,2.70724,6.07724,0.13212,0.06845,0.49086
104.65000,13.06428,-0.69039,1.72400,167.00007,1.85574,105.37297,0.07657,2.69049,6.42881,0.12998,0.06992,0.49137
104.70000,12.98954,-0.73334,1.72411,167.08632,1.84855,105.34101,0.07684,2.68483,6.41185,0.12909,0.07021,0.49177
104.75000,12.91457,-0.77591,1.72418,167.17258,1.84085,105.26044,0.07713,2.67916,6.39455,0.12819,0.07047,0.49219
104.80000,12.83936,-0.81804,1.72420,167.25884,1.83270,105.11548,0.07744,2.67363,6.37886,0.12733,0.07072,0.49261
104.85000,12.76388,-0.85968,1.72417,167.34511,1.82431,104.89406,0.07777,2.66823,6.36397,0.12645,0.07098,0.49300
104.90000,12.68811,-0.90081,1.72411,167.43138,1.94644,103.49514,0.07686,2.64964,6.73051,0.12435,0.07273,0.49336
104.95000,12.61206,-0.94139,1.72400,167.51765,1.93754,103.00572,0.07724,2.64381,6.72276,0.12350,0.07316,0.49356
105.00000,12.53569,-0.98135,1.72383,167.60390,1.92810,102.41181,0.07765,2.63828,6.71635,0.12266,0.07358,0.49374
105.05000,12.45897,-1.02063,1.72362,167.69016,1.91828,101.71713,0.07810,2.63304,6.71138,0.12183,0.07400,0.49391
105.10000,12.38189,-1.05916,1.72336,167.77640,1.90820,100.93035,0.07860,2.62806,6.70765,0.12101,0.07444,0.49405
105.15000,12.30443,-1.09688,1.72304,167.86264,1.89783,100.06252,0.07913,2.62341,6.70651,0.12023,0.07488,0.49415
105.20000,12.22655,-1.13370,1.72268,167.94888,1.88761,99.14361,0.07969,2.61891,6.70495,0.11944,0.07534,0.49425
105.25000,12.14824,-1.16954,1.72226,168.03511,1.87767,98.20065,0.08029,2.61462,6.70375,0.11868,0.07579,0.49433
105.30000,12.06947,-1.20431,1.72178,168.12134,1.86824,97.26578,0.08089,2.61054,6.70263,0.11794,0.07624,0.49439
105.35000,11.99021,-1.23788,1.72124,168.20756,1.85957,96.36817,0.08149,2.60668,6.70132,0.11725,0.07667,0.49445
105.40000,11.91045,-1.27016,1.72065,168.29379,1.85183,95.53154,0.08207,2.60305,6.69958,0.11661,0.07709,0.49451
105.45000,11.83015,-1.30099,1.71998,168.38002,1.84519,94.77399,0.08263,2.59964,6.69715,0.11604,0.07748,0.49457
105.50000,11.74929,-1.33023,1.71924,168.46627,1.83938,94.09865,0.08312,2.59667,6.69753,0.11561,0.07786,0.49459
105.55000,11.66786,-1.35770,1.71843,168.55255,1.83513,93.52869,0.08358,2.59376,6.69473,0.11522,0.07823,0.49464
105.60000,11.58583,-1.38320,1.71753,168.63885,1.83219,93.05878,0.08400,2.59105,6.69111,0.11490,0.07858,0.49468
105.65000,11.50321,-1.40651,1.71654,168.72519,1.83058,92.68285,0.08437,2.58849,6.68653,0.11468,0.07895,0.49473
105.70000,11.41999,-1.42740,1.71544,168.81158,1.83034,92.39032,0.08472,2.58601,6.68077,0.11454,0.07934,0.49477
105.75000,11.33620,-1.44557,1.71422,168.89801,1.83151,92.16818,0.08505,2.58352,6.67359,0.11451,0.07979,0.49482
105.80000,11.25188,-1.46072,1.71285,168.98449,1.83418,92.00338,0.08540,2.58091,6.66464,0.11459,0.08033,0.49487
105.85000,11.16709,-1.47252,1.71136,169.07102,1.83855,91.88478,0.08578,2.57804,6.65348,0.11480,0.08101,0.49492
105.90000,11.08195,-1.48064,1.70970,169.15759,1.84374,91.77328,0.08615,2.57545,6.65016,0.11544,0.08190,0.49491
105.95000,10.99662,-1.48470,1.70784,169.24417,1.85192,91.70901,0.08666,2.57187,6.63655,0.11608,0.08305,0.49495
106.00000,10.91128,-1.48433,1.70577,169.33074,1.86279,91.66578,0.08730,2.56754,6.61931,0.11697,0.08456,0.49500
106.05000,10.82621,-1.47915,1.70351,169.41728,1.87687,91.63903,0.08812,2.56225,6.59750,0.11814,0.08657,0.49505
106.10000,10.74174,-1.46881,1.70105,169.50375,1.89468,91.62548,0.08917,2.55573,6.57018,0.11966,0.08922,0.49512
106.15000,10.65825,-1.45297,1.69838,169.59010,1.91661,91.62267,0.09052,2.54780,6.53664,0.12156,0.09271,0.49521
106.20000,10.57622,-1.43134,1.69551,169.67628,1.94275,91.62870,0.09223,2.53832,6.49664,0.12388,0.09724,0.49530
106.25000,10.49616,-1.40371,1.69247,169.76223,1.97115,91.59639,0.09419,2.52849,6.46663,0.12703,0.10304,0.49529
106.30000,10.41868,-1.36992,1.68929,169.84789,2.00376,91.59844,0.09668,2.51663,6.42052,0.13025,0.11013,0.49536
106.35000,10.34440,-1.32992,1.68599,169.93321,2.03824,91.60260,0.09957,2.50393,6.37158,0.13374,0.11853,0.49543
106.40000,10.27399,-1.28376,1.68264,170.01815,2.07314,91.60457,0.10280,2.49095,6.32209,0.13736,0.12805,0.49549
106.45000,10.20811,-1.23160,1.67928,170.10262,2.10701,91.60087,0.10626,2.47830,6.27427,0.14097,0.13829,0.49553
106.50000,10.14743,-1.17373,1.67595,170.18660,2.13869,91.58960,0.10980,2.46654,6.22997,0.14443,0.14876,0.49554
106.55000,10.09257,-1.11052,1.67272,170.27009,2.16741,91.56479,0.11329,2.45613,6.19070,0.14765,0.15896,0.49552
106.60000,10.04409,-1.04250,1.66965,170.35308,2.19079,91.45608,0.11619,2.44921,6.17931,0.15123,0.16857,0.49530
106.65000,10.00249,-0.97024,1.66677,170.43555,2.21232,91.36826,0.11906,2.44284,6.15786,0.15401,0.17712,0.49516
106.70000,9.96814,-0.89441,1.66412,170.51750,2.23075,91.24942,0.12157,2.43838,6.14262,0.15648,0.18455,0.49497
106.75000,9.94131,-0.81574,1.66183,170.59900,2.16565,89.93834,0.12049,2.46475,5.75771,0.16686,0.19768,0.49820
106.80000,9.92216,-0.73498,1.65971,170.68013,2.17804,89.65822,0.12209,2.46433,5.74273,0.16874,0.20209,0.49813
106.85000,9.91074,-0.65286,1.65787,170.76088,2.18720,89.29681,0.12292,2.46734,5.77981,0.17105,0.20594,0.49776
106.90000,9.90702,-0.57012,1.65632,170.84123,2.19626,88.91927,0.12362,2.47117,5.80511,0.17287,0.20905,0.49735
106.95000,9.91084,-0.48746,1.65501,170.92125,2.20436,88.46793,0.12397,2.47680,5.84419,0.17463,0.21156,0.49681
107.00000,9.92197,-0.40552,1.65395,171.00107,2.21172,87.92579,0.12396,2.48430,5.89873,0.17639,0.21351,0.49612
107.05000,9.94008,-0.32488,1.65329,171.08076,2.13554,86.09674,0.12042,2.52020,5.46276,0.18618,0.22190,0.49879
107.10000,9.96476,-0.24603,1.65266,171.16032,2.13856,85.19995,0.11949,2.53220,5.56392,0.18841,0.22183,0.49797
107.15000,9.99566,-0.16943,1.65220,171.23976,2.14311,84.27505,0.11849,2.54496,5.66087,0.19042,0.22167,0.49700
107.20000,10.03234,-0.09545,1.65188,171.31912,2.14814,83.29942,0.11726,2.55887,5.77208,0.19251,0.22138,0.49585
107.25000,10.07436,-0.02438,1.65169,171.39847,2.15360,82.30141,0.11585,2.57348,5.89442,0.19464,0.22090,0.49457
107.30000,10.12129,0.04355,1.65162,171.47783,2.15945,81.32567,0.11429,2.58831,6.01106,0.19678,0.22019,0.49320
107.35000,10.17266,0.10819,1.65187,171.55723,2.07778,79.17297,0.10982,2.62499,5.65906,0.20665,0.22612,0.49537
107.40000,10.22798,0.16950,1.65203,171.63669,2.08178,78.28234,0.10813,2.63801,5.77507,0.20857,0.22359,0.49433
107.45000,10.28688,0.22740,1.65229,171.71624,2.08718,77.62126,0.10636,2.65010,5.88804,0.21042,0.22125,0.49325
107.50000,10.34895,0.28191,1.65261,171.79588,2.09394,77.22746,0.10450,2.66113,5.99406,0.21217,0.21894,0.49221
107.55000,10.41382,0.33309,1.65298,171.87565,2.10212,77.13782,0.10255,2.67112,6.04211,0.21383,0.21653,0.49124
107.60000,10.48113,0.38104,1.65339,171.95555,2.11077,77.35371,0.10033,2.68073,6.09233,0.21570,0.21400,0.49027
107.65000,10.55055,0.42593,1.65397,172.03561,2.03314,76.73789,0.09633,2.70584,5.74719,0.22387,0.21793,0.49324
107.70000,10.62177,0.46796,1.65442,172.11585,2.04415,77.59428,0.09414,2.71249,5.80180,0.22523,0.21348,0.49289
107.75000,10.69456,0.50728,1.65488,172.19628,2.05792,78.86831,0.09185,2.71882,5.85131,0.22663,0.20918,0.49252
107.80000,10.76868,0.54407,1.65534,172.27691,2.07408,80.52044,0.08953,2.72492,5.89585,0.22806,0.20493,0.49214
107.85000,10.84392,0.57857,1.65580,172.35775,2.09146,82.46687,0.08721,2.73109,5.94875,0.22966,0.20072,0.49171
107.90000,10.92010,0.61100,1.65624,172.43884,2.11052,84.65341,0.08505,2.73683,5.98663,0.23113,0.19651,0.49134
107.95000,10.99706,0.64160,1.65666,172.52017,2.12994,86.95873,0.08309,2.74231,6.00950,0.23255,0.19240,0.49100
108.00000,11.07464,0.67066,1.65714,172.60175,2.06148,88.04735,0.08054,2.76110,5.53690,0.23949,0.19483,0.49442
108.05000,11.15269,0.69849,1.65752,172.68360,2.07753,90.14712,0.07916,2.76493,5.55285,0.24051,0.18977,0.49448
108.10000,11.23112,0.72530,1.65786,172.76572,2.09240,92.12629,0.07799,2.76865,5.57383,0.24148,0.18543,0.49443
108.15000,11.30982,0.75134,1.65815,172.84812,2.10594,93.93603,0.07702,2.77204,5.59118,0.24229,0.18166,0.49435
108.20000,11.38870,0.77688,1.65840,172.93081,2.11763,95.53845,0.07623,2.77513,5.60817,0.24298,0.17836,0.49425
108.25000,11.46767,0.80219,1.65859,173.01382,2.12733,96.92394,0.07558,2.77792,5.62477,0.24354,0.17544,0.49414
108.30000,11.54664,0.82752,1.65872,173.09717,2.13502,98.10054,0.07505,2.78043,5.64097,0.24396,0.17281,0.49403
108.35000,11.62552,0.85314,1.65879,173.18085,2.14082,99.08696,0.07462,2.78267,5.65677,0.24427,0.17038,0.49393
108.40000,11.70423,0.87929,1.65879,173.26485,2.14511,99.91446,0.07426,2.78460,5.66723,0.24441,0.16808,0.49386
108.45000,11.78267,0.90623,1.65873,173.34908,2.14777,100.59847,0.07396,2.78635,5.67883,0.24447,0.16588,0.49381
108.50000,11.86074,0.93420,1.65859,173.43344,2.14908,101.16476,0.07371,2.78792,5.68923,0.24443,0.16373,0.49377
108.55000,11.93835,0.96343,1.65839,173.51793,2.14919,101.63361,0.07350,2.78932,5.69847,0.24430,0.16160,0.49376
108.60000,12.01536,0.99414,1.65813,173.60258,2.14825,102.02331,0.07331,2.79058,5.70662,0.24409,0.15947,0.49376
108.65000,12.09166,1.02654,1.65782,173.68737,2.14640,102.34944,0.07315,2.79173,5.71371,0.24380,0.15733,0.49378
108.70000,12.16712,1.06082,1.65745,173.77226,2.14428,102.63947,0.07301,2.79260,5.70943,0.24334,0.15514,0.49386
108.75000,12.24160,1.09715,1.65704,173.85719,2.14117,102.88093,0.07289,2.79349,5.71053,0.24288,0.15296,0.49393
108.80000,12.31493,1.13567,1.65659,173.94214,2.13744,103.09064,0.07277,2.79431,5.71052,0.24236,0.15073,0.49401
108.85000,12.38698,1.17652,1.65611,174.02707,2.13311,103.27511,0.07266,2.79508,5.70964,0.24177,0.14846,0.49410
108.90000,12.45756,1.21979,1.65561,174.11195,2.12822,103.43931,0.07255,2.79579,5.70807,0.24113,0.14615,0.49421
108.95000,12.52651,1.26556,1.65510,174.19673,2.12280,103.58688,0.07245,2.79647,5.70594,0.24044,0.14380,0.49433
109.00000,12.59367,1.31389,1.65459,174.28140,2.11693,103.72038,0.07236,2.79709,5.70326,0.23970,0.14144,0.49447
109.05000,12.65887,1.36479,1.65408,174.36593,2.11151,103.86426,0.07229,2.79739,5.68385,0.23875,0.13908,0.49467
109.10000,12.72193,1.41827,1.65359,174.45028,2.10526,103.98269,0.07221,2.79782,5.67510,0.23788,0.13678,0.49484
109.15000,12.78270,1.47431,1.65311,174.53445,2.09878,104.09174,0.07214,2.79817,5.66537,0.23699,0.13454,0.49502
109.20000,12.84103,1.53285,1.65267,174.61840,2.09210,104.19279,0.07207,2.79844,5.65469,0.23607,0.13237,0.49521
109.25000,12.89677,1.59383,1.65226,174.70215,2.08522,104.28707,0.07201,2.79862,5.64315,0.23513,0.13027,0.49542
109.30000,12.94981,1.65715,1.65189,174.78569,2.07818,104.37555,0.07196,2.79872,5.63090,0.23418,0.12825,0.49563
109.35000,13.00002,1.72271,1.65157,174.86902,2.07180,104.48053,0.07192,2.79847,5.60262,0.23304,0.12630,0.49591
109.40000,13.04731,1.79039,1.65129,174.95215,2.06479,104.56580,0.07188,2.79833,5.58484,0.23202,0.12447,0.49615
109.45000,13.09159,1.86006,1.65106,175.03508,2.05769,104.64482,0.07185,2.79808,5.56662,0.23100,0.12275,0.49640
109.50000,13.13281,1.93158,1.65088,175.11784,2.05056,104.71692,0.07183,2.79773,5.54795,0.22998,0.12114,0.49666
109.55000,13.17090,2.00479,1.65074,175.20044,2.04346,104.78149,0.07181,2.79727,5.52881,0.22899,0.11968,0.49692
109.60000,13.20586,2.07955,1.65066,175.28290,2.03644,104.83813,0.07180,2.79668,5.50918,0.22801,0.11835,0.49719
109.65000,13.23764,2.15571,1.65062,175.36522,1.99651,107.01735,0.07280,2.79256,5.25757,0.22156,0.10919,0.49405
109.70000,13.26627,2.23311,1.65064,175.44743,1.99143,107.20836,0.07279,2.79251,5.23284,0.22066,0.10838,0.49425
109.75000,13.29174,2.31161,1.65070,175.52954,1.98598,107.34462,0.07280,2.79207,5.20790,0.21975,0.10764,0.49451
109.80000,13.31411,2.39106,1.65081,175.61157,1.98033,107.44011,0.07282,2.79132,5.18268,0.21885,0.10698,0.49479
109.85000,13.33339,2.47131,1.65096,175.69353,1.97459,107.50315,0.07286,2.79032,5.15713,0.21797,0.10643,0.49510
109.90000,13.34965,2.55224,1.65116,175.77544,1.96884,107.53824,0.07292,2.78909,5.13128,0.21712,0.10601,0.49541
109.95000,13.36296,2.63372,1.65140,175.85731,1.92913,109.59241,0.07423,2.78405,4.89408,0.21033,0.09891,0.49226
110.00000,13.37337,2.71563,1.65169,175.93915,1.92529,109.70927,0.07431,2.78320,4.86547,0.20958,0.09885,0.49251
110.05000,13.38097,2.79787,1.65201,176.02098,1.92118,109.75788,0.07442,2.78193,4.83714,0.20886,0.09887,0.49281
110.10000,13.38585,2.88033,1.65238,176.10280,1.91700,109.75412,0.07456,2.78035,4.80909,0.20816,0.09899,0.49312
110.15000,13.38809,2.96292,1.65278,176.18463,1.91290,109.70871,0.07473,2.77852,4.78128,0.20751,0.09922,0.49345
110.20000,13.38778,3.04557,1.65322,176.26648,1.90959,109.64324,0.07493,2.77628,4.74471,0.20676,0.09956,0.49382
110.25000,13.38503,3.12819,1.65371,176.34836,1.87026,111.48546,0.07678,2.77033,4.53740,0.20001,0.09385,0.49057
110.30000,13.37993,3.21073,1.65424,176.43026,1.86825,111.46114,0.07704,2.76863,4.50915,0.19955,0.09443,0.49083
110.35000,13.37258,3.29313,1.65480,176.51220,1.86600,111.36807,0.07733,2.76656,4.48145,0.19911,0.09509,0.49111
110.40000,13.36309,3.37533,1.65540,176.59419,1.86375,111.21976,0.07767,2.76422,4.45440,0.19871,0.09585,0.49141
110.45000,13.35154,3.45731,1.65603,176.67622,1.86163,111.02482,0.07805,2.76169,4.42805,0.19836,0.09672,0.49170
110.50000,13.33805,3.53902,1.65671,176.75832,1.86033,110.80266,0.07849,2.75880,4.39537,0.19793,0.09771,0.49203
110.55000,13.32272,3.62044,1.65743,176.84048,1.82248,112.43309,0.08133,2.75180,4.21130,0.19126,0.09275,0.48868
110.60000,13.30564,3.70155,1.65819,176.92271,1.82268,112.23834,0.08188,2.74950,4.18725,0.19115,0.09389,0.48887
110.65000,13.28692,3.78233,1.65898,177.00501,1.82289,111.98749,0.08249,2.74693,4.16412,0.19108,0.09510,0.48907
110.70000,13.26664,3.86278,1.65981,177.08738,1.82330,111.69706,0.08314,2.74419,4.14201,0.19108,0.09642,0.48928
110.75000,13.24490,3.94290,1.66068,177.16983,1.82435,111.38457,0.08386,2.74123,4.11703,0.19104,0.09783,0.48950
110.80000,13.22180,4.02267,1.66159,177.25235,1.82544,111.04220,0.08461,2.73834,4.09643,0.19114,0.09935,0.48969
110.85000,13.19741,4.10212,1.66258,177.33497,1.78981,112.54542,0.08903,2.73072,3.93686,0.18469,0.09459,0.48616
110.90000,13.17183,4.18124,1.66363,177.41767,1.79250,112.24731,0.08996,2.72837,3.92019,0.18497,0.09609,0.48623
110.95000,13.14513,4.26005,1.66477,177.50046,1.79511,111.90717,0.09093,2.72593,3.90496,0.18528,0.09763,0.48630
111.00000,13.11738,4.33856,1.66599,177.58334,1.79783,111.54102,0.09193,2.72350,3.89129,0.18565,0.09923,0.48636
111.05000,13.08868,4.41679,1.66727,177.66632,1.80101,111.16564,0.09297,2.72104,3.87684,0.18600,0.10088,0.48642
111.10000,13.05908,4.49476,1.66862,177.74940,1.80425,110.78011,0.09399,2.71879,3.86616,0.18647,0.10256,0.48644
111.15000,13.02868,4.57249,1.67003,177.83259,1.80772,110.39431,0.09499,2.71671,3.85735,0.18699,0.10427,0.48644
111.20000,12.99754,4.65000,1.67149,177.91587,1.81139,110.01216,0.09597,2.71484,3.85044,0.18755,0.10598,0.48640
111.25000,12.96572,4.72733,1.67299,177.99926,1.81520,109.63611,0.09691,2.71321,3.84548,0.18815,0.10768,0.48633
111.30000,12.93330,4.80448,1.67453,178.08275,1.81911,109.26771,0.09779,2.71183,3.84249,0.18879,0.10933,0.48624
111.35000,12.90034,4.88148,1.67607,178.16632,1.86011,106.94969,0.09343,2.71590,3.97420,0.19593,0.11927,0.48983
111.40000,12.86689,4.95836,1.67763,178.25001,1.86327,106.51961,0.09409,2.71464,3.97523,0.19656,0.12099,0.48976
111.45000,12.83300,5.03514,1.67921,178.33379,1.86687,106.13175,0.09467,2.71382,3.97858,0.19724,0.12265,0.48963
111.50000,12.79873,5.11183,1.68079,178.41768,1.87080,105.77903,0.09516,2.71339,3.98411,0.19795,0.12422,0.48945
111.55000,12.76413,5.18846,1.68238,178.50167,1.87497,105.45815,0.09556,2.71333,3.99168,0.19869,0.12568,0.48923
111.60000,12.72923,5.26504,1.68396,178.58574,1.87934,105.16793,0.09587,2.71360,4.00115,0.19946,0.12701,0.48898
111.65000,12.69407,5.34159,1.68550,178.66989,1.91998,102.82411,0.09132,2.71912,4.15701,0.20644,0.13830,0.49235
111.70000,12.65869,5.41812,1.68703,178.75414,1.92356,102.49705,0.09148,2.71935,4.17086,0.20716,0.13945,0.49215
111.75000,12.62310,5.49464,1.68853,178.83848,1.92764,102.23553,0.09154,2.72002,4.18646,0.20792,0.14050,0.49190
111.80000,12.58733,5.57115,1.69000,178.92288,1.93206,102.02847,0.09152,2.72103,4.20354,0.20870,0.14143,0.49161
111.85000,12.55140,5.64767,1.69143,179.00738,1.93673,101.86919,0.09142,2.72232,4.22193,0.20949,0.14222,0.49129
111.90000,12.51532,5.72420,1.69282,179.09206,1.94158,101.75399,0.09125,2.72386,4.24147,0.21030,0.14287,0.49095
111.95000,12.47909,5.80073,1.69415,179.17697,1.98170,99.50391,0.08708,2.73018,4.42261,0.21691,0.15474,0.49421
112.00000,12.44273,5.87727,1.69543,179.26206,1.98568,99.36047,0.08688,2.73131,4.44568,0.21762,0.15507,0.49396
112.05000,12.40622,5.95381,1.69666,179.34722,1.99022,99.30081,0.08662,2.73279,4.46953,0.21836,0.15532,0.49367
112.10000,12.36955,6.03035,1.69783,179.43234,1.99513,99.31314,0.08631,2.73453,4.49379,0.21912,0.15548,0.49336
112.15000,12.33272,6.10686,1.69896,179.51734,2.00028,99.38827,0.08595,2.73644,4.51816,0.21987,0.15551,0.49303
112.20000,12.29570,6.18335,1.70001,179.60230,2.03964,97.27914,0.08250,2.74269,4.72005,0.22601,0.16763,0.49625
112.25000,12.25848,6.25979,1.70102,179.68730,2.04369,97.32718,0.08221,2.74391,4.74610,0.22663,0.16730,0.49604
112.30000,12.22102,6.33618,1.70198,179.77235,2.04824,97.46066,0.08188,2.74538,4.77086,0.22725,0.16695,0.49581
112.35000,12.18329,6.41248,1.70289,179.85746,2.05299,97.65791,0.08152,2.74707,4.79582,0.22787,0.16653,0.49556
112.40000,12.14527,6.48869,1.70376,179.94260,2.05773,97.90597,0.08115,2.74891,4.82056,0.22847,0.16599,0.49530
112.45000,12.10690,6.56477,1.70458,180.02780,2.06214,98.19418,0.08075,2.75090,4.84568,0.22903,0.16524,0.49504
112.50000,12.06815,6.64070,1.70535,180.11308,2.09880,96.24148,0.07813,2.75696,5.06803,0.23448,0.17692,0.49825
112.55000,12.02896,6.71645,1.70608,180.19839,2.10043,96.44329,0.07780,2.75834,5.09783,0.23479,0.17529,0.49812
112.60000,11.98930,6.79199,1.70676,180.28375,2.10178,96.70622,0.07745,2.76007,5.12859,0.23506,0.17348,0.49796
112.65000,11.94909,6.86729,1.70741,180.36917,2.10284,97.01481,0.07709,2.76199,5.15729,0.23525,0.17145,0.49779
112.70000,11.90829,6.94229,1.70802,180.45464,2.10562,97.34542,0.07680,2.76357,5.18137,0.23559,0.17024,0.49763
112.75000,11.86683,7.01697,1.70859,180.54017,2.10817,97.68766,0.07651,2.76520,5.20479,0.23590,0.16898,0.49746
112.80000,11.82465,7.09128,1.70912,180.62575,2.11068,98.03217,0.07624,2.76679,5.22679,0.23620,0.16779,0.49730
112.85000,11.78170,7.16517,1.70962,180.71139,2.11385,98.37282,0.07601,2.76815,5.24501,0.23654,0.16698,0.49715
112.90000,11.73790,7.23859,1.71008,180.79709,2.11686,98.70514,0.07579,2.76945,5.26200,0.23687,0.16620,0.49701
112.95000,11.69319,7.31148,1.71051,180.88285,2.11956,99.03323,0.07559,2.77067,5.27462,0.23709,0.16530,0.49690
113.00000,11.64752,7.38380,1.71091,180.96866,2.12134,99.34428,0.07538,2.77200,5.29056,0.23727,0.16420,0.49678
113.05000,11.60081,7.45548,1.71128,181.05452,2.12242,99.64095,0.07518,2.77336,5.30678,0.23740,0.16295,0.49668
113.10000,11.55301,7.52646,1.71162,181.14043,2.12304,99.92213,0.07499,2.77467,5.32252,0.23748,0.16164,0.49659
113.15000,11.50406,7.59667,1.71193,181.22639,2.12357,100.18705,0.07481,2.77586,5.33667,0.23754,0.16042,0.49651
113.20000,11.45391,7.66604,1.71221,181.31240,2.12437,100.43585,0.07466,2.77683,5.34802,0.23762,0.15945,0.49644
113.25000,11.40249,7.73450,1.71247,181.39844,2.12557,100.67089,0.07454,2.77758,5.35601,0.23772,0.15876,0.49639
113.30000,11.34978,7.80198,1.71271,181.48452,2.12689,100.89872,0.07444,2.77812,5.36084,0.23782,0.15824,0.49637
113.35000,11.29572,7.86840,1.71293,181.57064,2.12874,101.14315,0.07438,2.77825,5.35301,0.23781,0.15785,0.49641
113.40000,11.24027,7.93368,1.71313,181.65677,2.12730,101.38962,0.07425,2.77890,5.35649,0.23761,0.15644,0.49644
113.45000,11.18339,7.99773,1.71331,181.74293,2.12530,101.64262,0.07413,2.77941,5.35765,0.23735,0.15495,0.49652
113.50000,11.12507,8.06048,1.71348,181.82910,2.12236,101.90734,0.07401,2.77984,5.35725,0.23699,0.15326,0.49663
113.55000,11.06529,8.12186,1.71364,181.91528,2.11769,102.13567,0.07386,2.78068,5.36398,0.23651,0.15101,0.49671
113.60000,11.00403,8.18177,1.71377,182.00147,2.11236,102.29295,0.07370,2.78189,5.37868,0.23602,0.14859,0.49673
113.65000,10.94129,8.24013,1.71391,182.08765,2.10654,102.46323,0.07355,2.78291,5.39025,0.23546,0.14615,0.49679
113.70000,10.87705,8.29685,1.71405,182.17383,2.10138,102.59718,0.07342,2.78384,5.39507,0.23483,0.14383,0.49685
113.75000,10.81132,8.35184,1.71419,182.26000,2.09581,102.69392,0.07328,2.78491,5.40839,0.23429,0.14163,0.49687
113.80000,10.74412,8.40504,1.71434,182.34615,2.08998,102.78181,0.07316,2.78592,5.42091,0.23372,0.13945,0.49690
113.85000,10.67546,8.45637,1.71449,182.43230,2.08370,102.86511,0.07304,2.78681,5.43170,0.23311,0.13729,0.49696
113.90000,10.60539,8.50576,1.71465,182.51842,2.07682,102.93179,0.07294,2.78757,5.44065,0.23244,0.13516,0.49703
113.95000,10.53394,8.55314,1.71483,182.60451,2.06920,102.95725,0.07285,2.78820,5.44857,0.23172,0.13308,0.49713
114.00000,10.46115,8.59845,1.71502,182.69056,2.06081,102.92075,0.07278,2.78876,5.45684,0.23094,0.13107,0.49723
114.05000,10.38706,8.64164,1.71522,182.77660,2.05246,102.83566,0.07273,2.78913,5.45626,0.23001,0.12911,0.49735
114.10000,10.31174,8.68266,1.71545,182.86262,2.04312,102.65541,0.07269,2.78972,5.46708,0.22916,0.12725,0.49741
114.15000,10.23525,8.72147,1.71569,182.94860,2.03485,102.57566,0.07261,2.79050,5.47967,0.22839,0.12529,0.49746
114.20000,10.15765,8.75804,1.71594,183.03454,2.02671,102.47850,0.07253,2.79138,5.49451,0.22764,0.12338,0.49748
114.25000,10.07900,8.79234,1.71622,183.12043,2.01833,102.42159,0.07247,2.79195,5.50315,0.22683,0.12154,0.49756
114.30000,9.99939,8.82437,1.71652,183.20629,2.01036,102.50794,0.07239,2.79214,5.50211,0.22596,0.11970,0.49773
114.35000,9.91887,8.85409,1.71684,183.29211,1.96844,104.75092,0.07340,2.78918,5.28455,0.21973,0.10993,0.49442
114.40000,9.83752,8.88152,1.71720,183.37790,1.96257,105.03213,0.07332,2.78968,5.26525,0.21874,0.10859,0.49460
114.45000,9.75542,8.90666,1.71757,183.46365,1.95549,105.25011,0.07327,2.78976,5.24932,0.21777,0.10732,0.49484
114.50000,9.67263,8.92951,1.71797,183.54940,1.94792,105.41395,0.07324,2.78949,5.23146,0.21675,0.10615,0.49511
114.55000,9.58922,8.95008,1.71840,183.63512,1.94019,105.53577,0.07322,2.78901,5.21360,0.21572,0.10506,0.49540
114.60000,9.50527,8.96841,1.71884,183.72075,1.93263,105.64277,0.07321,2.78843,5.19672,0.21472,0.10404,0.49568
114.65000,9.42084,8.98451,1.71932,183.80636,1.89012,107.84777,0.07444,2.78449,4.97889,0.20791,0.09658,0.49243
114.70000,9.33599,8.99840,1.71983,183.89212,1.88491,108.13978,0.07437,2.78468,4.96490,0.20714,0.09585,0.49261
114.75000,9.25079,9.01013,1.72035,183.97808,1.87993,108.41582,0.07432,2.78444,4.94677,0.20631,0.09512,0.49286
114.80000,9.16530,9.01972,1.72090,184.06400,1.87480,108.68318,0.07426,2.78409,4.93408,0.20561,0.09444,0.49311
114.85000,9.07957,9.02719,1.72146,184.14978,1.86785,108.75804,0.07428,2.78331,4.92070,0.20480,0.09393,0.49338
114.90000,8.99365,9.03259,1.72204,184.23552,1.86060,108.77961,0.07433,2.78230,4.90683,0.20399,0.09351,0.49366
114.95000,8.90760,9.03595,1.72266,184.32134,1.81703,110.74434,0.07589,2.77755,4.70407,0.19693,0.08777,0.49037
115.00000,8.82147,9.03733,1.72332,184.40721,1.81011,110.72842,0.07600,2.77676,4.68637,0.19609,0.08764,0.49060
115.05000,8.73529,9.03676,1.72400,184.49311,1.80255,110.62060,0.07617,2.77551,4.66671,0.19518,0.08755,0.49089
115.10000,8.64911,9.03430,1.72471,184.57903,1.79536,110.47742,0.07639,2.77380,4.63929,0.19412,0.08750,0.49124
115.15000,8.56296,9.03001,1.72545,184.66496,1.78805,110.31229,0.07660,2.77204,4.61693,0.19318,0.08748,0.49156
115.20000,8.47689,9.02394,1.72623,184.75091,1.78106,110.13624,0.07683,2.77015,4.59459,0.19228,0.08751,0.49189
115.25000,8.39091,9.01616,1.72706,184.83690,1.73728,111.86545,0.07909,2.76426,4.40275,0.18485,0.08283,0.48858
115.30000,8.30505,9.00674,1.72793,184.92292,1.73197,111.75410,0.07937,2.76284,4.38160,0.18408,0.08298,0.48883
115.35000,8.21934,8.99574,1.72883,185.00898,1.72644,111.58518,0.07968,2.76113,4.36086,0.18331,0.08315,0.48911
115.40000,8.13378,8.98323,1.72977,185.09508,1.72088,111.37383,0.08003,2.75922,4.34058,0.18256,0.08337,0.48939
115.45000,8.04840,8.96929,1.73075,185.18124,1.71578,111.13687,0.08042,2.75706,4.31682,0.18176,0.08363,0.48969
115.50000,7.96320,8.95399,1.73179,185.26748,1.67311,112.74107,0.08358,2.75060,4.14321,0.17432,0.07959,0.48629
115.55000,7.87819,8.93741,1.73286,185.35376,1.66927,112.53922,0.08407,2.74891,4.12482,0.17374,0.07992,0.48649
115.60000,7.79336,8.91962,1.73398,185.44012,1.66529,112.28950,0.08459,2.74701,4.10718,0.17317,0.08027,0.48672
115.65000,7.70872,8.90071,1.73513,185.52654,1.66139,112.00832,0.08515,2.74499,4.09043,0.17265,0.08066,0.48694
115.70000,7.62427,8.88073,1.73633,185.61304,1.65771,111.70667,0.08573,2.74290,4.07460,0.17219,0.08108,0.48716
115.75000,7.53999,8.85978,1.73756,185.69961,1.65436,111.39223,0.08633,2.74078,4.05966,0.17177,0.08154,0.48736
115.80000,7.45587,8.83793,1.73883,185.78628,1.65157,111.07431,0.08696,2.73860,4.04376,0.17138,0.08203,0.48756
115.85000,7.37191,8.81525,1.74014,185.87302,1.64910,110.75034,0.08759,2.73649,4.03038,0.17109,0.08257,0.48774
115.90000,7.28808,8.79182,1.74149,185.95986,1.64709,110.42626,0.08823,2.73441,4.01790,0.17087,0.08315,0.48789
115.95000,7.20437,8.76771,1.74287,186.04678,1.64555,110.10403,0.08888,2.73237,4.00626,0.17072,0.08376,0.48803
116.00000,7.12077,8.74300,1.74429,186.13380,1.64448,109.78499,0.08954,2.73038,3.99542,0.17063,0.08441,0.48816
116.05000,7.03725,8.71777,1.74575,186.22091,1.64388,109.47045,0.09020,2.72844,3.98535,0.17060,0.08509,0.48826
116.10000,6.95379,8.69206,1.74724,186.30812,1.64375,109.16204,0.09086,2.72657,3.97605,0.17065,0.08581,0.48835
116.15000,6.87038,8.66597,1.74876,186.39543,1.64411,108.86171,0.09152,2.72477,3.96753,0.17075,0.08656,0.48843
116.20000,6.78699,8.63955,1.75032,186.48284,1.64500,108.57195,0.09218,2.72305,3.95937,0.17091,0.08734,0.48849
116.25000,6.70360,8.61286,1.75190,186.57034,1.64632,108.29140,0.09282,2.72143,3.95257,0.17115,0.08814,0.48853
116.30000,6.62019,8.58598,1.75352,186.65794,1.64811,108.02129,0.09346,2.71992,3.94661,0.17145,0.08897,0.48855
116.35000,6.53674,8.55895,1.75522,186.74564,1.65037,107.76205,0.09408,2.71851,3.94148,0.17181,0.08983,0.48855
116.40000,6.45322,8.53184,1.75701,186.83344,1.65310,107.51437,0.09468,2.71721,3.93712,0.17223,0.09072,0.48854
116.45000,6.36962,8.50471,1.75888,186.92134,1.65628,107.27892,0.09527,2.71601,3.93348,0.17272,0.09163,0.48851
116.50000,6.28590,8.47761,1.76082,187.00935,1.65985,107.05592,0.09584,2.71492,3.93047,0.17324,0.09256,0.48847
116.55000,6.20205,8.45060,1.76282,187.09746,1.66378,106.84521,0.09639,2.71394,3.92808,0.17382,0.09350,0.48841
116.60000,6.11805,8.42372,1.76489,187.18568,1.66800,106.64559,0.09690,2.71309,3.92680,0.17444,0.09445,0.48833
116.65000,6.03389,8.39701,1.76701,187.27401,1.67257,106.45910,0.09740,2.71234,3.92585,0.17509,0.09541,0.48825
116.70000,5.94955,8.37052,1.76918,187.36246,1.67745,106.28555,0.09786,2.71172,3.92553,0.17578,0.09638,0.48814
116.75000,5.86502,8.34427,1.77139,187.45101,1.68263,106.12543,0.09829,2.71122,3.92584,0.17650,0.09734,0.48803
116.80000,5.78029,8.31829,1.77364,187.53968,1.68809,105.97939,0.09869,2.71084,3.92676,0.17726,0.09830,0.48790
116.85000,5.69534,8.29261,1.77592,187.62846,1.69382,105.84830,0.09904,2.71058,3.92827,0.17804,0.09926,0.48776
116.90000,5.61019,8.26725,1.77822,187.71735,1.69980,105.73294,0.09936,2.71045,3.93036,0.17884,0.10020,0.48761
116.95000,5.52481,8.24222,1.78054,187.80635,1.70601,105.63345,0.09963,2.71044,3.93307,0.17967,0.10113,0.48744
117.00000,5.43921,8.21754,1.78286,187.89547,1.71239,105.54909,0.09986,2.71056,3.93639,0.18051,0.10204,0.48726
117.05000,5.35339,8.19321,1.78520,187.98470,1.71881,105.47660,0.10003,2.71084,3.94129,0.18139,0.10292,0.48707
117.10000,5.26735,8.16924,1.78752,188.07404,1.72538,105.41908,0.10016,2.71121,3.94609,0.18226,0.10377,0.48687
117.15000,5.18109,8.14562,1.78984,188.16349,1.73201,105.37483,0.10025,2.71170,3.95157,0.18313,0.10458,0.48666
117.20000,5.09462,8.12235,1.79215,188.25306,1.73870,105.34426,0.10029,2.71231,3.95774,0.18401,0.10535,0.48644
117.25000,5.00794,8.09942,1.79444,188.34275,1.74544,105.32802,0.10028,2.71305,3.96460,0.18490,0.10608,0.48620
117.30000,4.92105,8.07683,1.79669,188.43254,1.75220,105.32670,0.10022,2.71389,3.97213,0.18578,0.10676,0.48596
117.35000,4.83397,8.05455,1.79888,188.52236,1.79628,103.27807,0.09468,2.71994,4.12344,0.19323,0.11531,0.48943
117.40000,4.74669,8.03256,1.80103,188.61242,1.80201,103.22573,0.09459,2.72048,4.13303,0.19404,0.11594,0.48927
117.45000,4.65924,8.01086,1.80314,188.70301,1.80808,103.22026,0.09443,2.72127,4.14344,0.19485,0.11655,0.48906
117.50000,4.57162,7.98941,1.80520,188.79392,1.81425,103.24857,0.09422,2.72230,4.15520,0.19569,0.11710,0.48883
117.55000,4.48384,7.96819,1.80720,188.88461,1.82051,103.30542,0.09396,2.72348,4.16701,0.19650,0.11756,0.48858
117.60000,4.39591,7.94718,1.80916,188.97505,1.82667,103.38407,0.09367,2.72478,4.17938,0.19729,0.11794,0.48833
117.65000,4.30783,7.92633,1.81103,189.06555,1.86925,101.35499,0.08902,2.73092,4.34887,0.20431,0.12730,0.49173
117.70000,4.21964,7.90563,1.81284,189.15616,1.87399,101.37180,0.08876,2.73178,4.36356,0.20497,0.12748,0.49157
117.75000,4.13132,7.88503,1.81461,189.24685,1.87896,101.44114,0.08846,2.73294,4.37892,0.20563,0.12761,0.49136
117.80000,4.04290,7.86449,1.81633,189.33760,1.88399,101.54939,0.08812,2.73430,4.39476,0.20628,0.12766,0.49114
117.85000,3.95439,7.84398,1.81800,189.42844,1.88897,101.68715,0.08776,2.73581,4.41095,0.20691,0.12762,0.49090
117.90000,3.86579,7.82346,1.81959,189.51939,1.92958,99.66547,0.08402,2.74178,4.59830,0.21345,0.13745,0.49426
117.95000,3.77713,7.80287,1.82113,189.61041,1.93303,99.72779,0.08374,2.74268,4.61636,0.21393,0.13715,0.49412
118.00000,3.68842,7.78218,1.82263,189.70150,1.93674,99.84401,0.08344,2.74384,4.63443,0.21442,0.13684,0.49395
118.05000,3.59967,7.76134,1.82408,189.79267,1.94061,99.99950,0.08312,2.74516,4.65171,0.21490,0.13650,0.49376
118.10000,3.51089,7.74029,1.82548,189.88391,1.94452,100.18196,0.08280,2.74659,4.66894,0.21536,0.13614,0.49357
118.15000,3.42210,7.71898,1.82685,189.97524,1.94846,100.38490,0.08248,2.74806,4.68551,0.21582,0.13575,0.49337
118.20000,3.33332,7.69736,1.82814,190.06666,1.98727,98.37761,0.07966,2.75354,4.88809,0.22185,0.14600,0.49670
118.25000,3.24456,7.67538,1.82940,190.15814,1.98997,98.47583,0.07946,2.75408,4.90429,0.22219,0.14549,0.49662
118.30000,3.15585,7.65298,1.83062,190.24969,1.99320,98.62701,0.07925,2.75479,4.91903,0.22255,0.14509,0.49651
118.35000,3.06719,7.63010,1.83181,190.34131,1.99686,98.81539,0.07905,2.75558,4.93205,0.22293,0.14481,0.49640
118.40000,2.97861,7.60669,1.83296,190.43300,2.00084,99.02930,0.07885,2.75638,4.94317,0.22332,0.14463,0.49628
118.45000,2.89014,7.58267,1.83407,190.52478,2.03901,96.99552,0.07674,2.76095,5.15304,0.22896,0.15591,0.49956
118.50000,2.80179,7.55801,1.83514,190.61661,2.04197,97.08869,0.07665,2.76070,5.16154,0.22925,0.15576,0.49956
118.55000,2.71358,7.53263,1.83619,190.70850,2.04549,97.23307,0.07656,2.76060,5.16780,0.22957,0.15578,0.49953
118.60000,2.62555,7.50647,1.83721,190.80046,2.04939,97.41332,0.07647,2.76058,5.17191,0.22990,0.15594,0.49949
118.65000,2.53772,7.47948,1.83821,190.89247,2.05373,97.62334,0.07640,2.76054,5.17075,0.23020,0.15619,0.49947
118.70000,2.45012,7.45158,1.83919,190.98455,2.05804,97.84416,0.07632,2.76056,5.17046,0.23053,0.15651,0.49943
118.75000,2.36278,7.42273,1.84015,191.07669,2.06236,98.07179,0.07626,2.76058,5.16867,0.23084,0.15689,0.49940
118.80000,2.27573,7.39287,1.84109,191.16889,2.06657,98.29959,0.07620,2.76059,5.16571,0.23114,0.15729,0.49938
118.85000,2.18900,7.36193,1.84202,191.26115,2.07058,98.52208,0.07615,2.76058,5.16192,0.23142,0.15768,0.49936
118.90000,2.10264,7.32987,1.84292,191.35346,2.07432,98.73452,0.07610,2.76056,5.15771,0.23167,0.15806,0.49935
118.95000,2.01667,7.29664,1.84381,191.44582,2.07772,98.93239,0.07606,2.76056,5.15348,0.23189,0.15839,0.49935
119.00000,1.93113,7.26219,1.84468,191.53823,2.08072,99.11126,0.07602,2.76058,5.14960,0.23208,0.15866,0.49934
119.05000,1.84607,7.22648,1.84554,191.63069,2.08330,99.26700,0.07599,2.76063,5.14644,0.23223,0.15887,0.49934
119.10000,1.76152,7.18947,1.84638,191.72320,2.08543,99.39626,0.07595,2.76074,5.14432,0.23236,0.15900,0.49933
119.15000,1.67752,7.15112,1.84721,191.81576,2.08710,99.49684,0.07592,2.76092,5.14349,0.23246,0.15905,0.49931
119.20000,1.59412,7.11140,1.84802,191.90835,2.08831,99.56778,0.07588,2.76117,5.14412,0.23252,0.15901,0.49929
119.25000,1.51134,7.07029,1.84881,192.00099,2.08936,99.61717,0.07586,2.76139,5.14152,0.23250,0.15887,0.49927
119.30000,1.42924,7.02776,1.84959,192.09366,2.08977,99.63239,0.07582,2.76178,5.14446,0.23251,0.15865,0.49923
119.35000,1.34786,6.98381,1.85036,192.18637,2.08980,99.62203,0.07579,2.76225,5.14881,0.23249,0.15835,0.49919
119.40000,1.26722,6.93841,1.85111,192.27912,2.08947,99.58990,0.07575,2.76278,5.15443,0.23245,0.15796,0.49913
119.45000,1.18738,6.89156,1.85184,192.37190,2.08883,99.54100,0.07571,2.76338,5.16112,0.23238,0.15749,0.49908
119.50000,1.10837,6.84326,1.85255,192.46470,2.08796,99.48145,0.07567,2.76402,5.16866,0.23230,0.15695,0.49901
119.55000,1.03022,6.79350,1.85325,192.55754,2.08692,99.41829,0.07562,2.76470,5.17676,0.23221,0.15635,0.49895
119.60000,0.95298,6.74228,1.85393,192.65040,2.08581,99.35890,0.07557,2.76541,5.18505,0.23211,0.15570,0.49888
119.65000,0.87668,6.68962,1.85460,192.74328,2.08473,99.31038,0.07552,2.76611,5.19316,0.23200,0.15502,0.49882
119.70000,0.80135,6.63552,1.85525,192.83618,2.08377,99.27908,0.07547,2.76678,5.20072,0.23190,0.15434,0.49877
119.75000,0.72702,6.57999,1.85588,192.92909,2.08300,99.27003,0.07541,2.76743,5.20748,0.23181,0.15368,0.49872
119.80000,0.65375,6.52304,1.85651,193.02202,2.08246,99.28651,0.07534,2.76802,5.21325,0.23173,0.15304,0.49867
119.85000,0.58154,6.46468,1.85711,193.11496,2.08217,99.32987,0.07528,2.76856,5.21796,0.23166,0.15243,0.49864
119.90000,0.51045,6.40492,1.85770,193.20792,2.08212,99.39969,0.07522,2.76903,5.22156,0.23161,0.15186,0.49862
119.95000,0.44050,6.34379,1.85828,193.30089,2.08260,99.50284,0.07516,2.76933,5.21879,0.23150,0.15134,0.49862
120.00000,0.37173,6.28129,1.85885,193.39388,2.08303,99.62122,0.07510,2.76966,5.21961,0.23147,0.15087,0.49862
120.05000,0.30418,6.21743,1.85941,193.48689,2.08360,99.75825,0.07504,2.76991,5.21946,0.23145,0.15046,0.49863
120.10000,0.23788,6.15224,1.85995,193.57993,2.08427,99.90960,0.07498,2.77010,5.21847,0.23144,0.15009,0.49864
120.15000,0.17287,6.08572,1.86049,193.67298,2.08497,100.07017,0.07492,2.77023,5.21677,0.23143,0.14976,0.49867
120.20000,0.10919,6.01790,1.86102,193.76606,2.08561,100.23458,0.07487,2.77029,5.21453,0.23142,0.14946,0.49870
120.25000,0.04687,5.94878,1.86154,193.85917,2.08610,100.39768,0.07482,2.77031,5.21191,0.23141,0.14918,0.49874
120.30000,-0.01403,5.87838,1.86205,193.95231,2.08636,100.55473,0.07478,2.77029,5.20910,0.23138,0.14889,0.49879
120.35000,-0.07349,5.80672,1.86257,194.04547,2.08631,100.70130,0.07474,2.77024,5.20630,0.23132,0.14858,0.49884
120.40000,-0.13146,5.73382,1.86308,194.13866,2.08590,100.83309,0.07471,2.77019,5.20373,0.23124,0.14824,0.49890
120.45000,-0.18789,5.65969,1.86358,194.23188,2.08510,100.94608,0.07467,2.77013,5.20159,0.23114,0.14785,0.49895
120.50000,-0.24275,5.58436,1.86409,194.32513,2.08392,101.03693,0.07464,2.77008,5.20007,0.23101,0.14742,0.49901
120.55000,-0.29600,5.50785,1.86461,194.41841,2.08233,101.10327,0.07462,2.77005,5.19930,0.23084,0.14695,0.49907
120.60000,-0.34760,5.43019,1.86512,194.51171,2.08035,101.14379,0.07459,2.77006,5.19938,0.23065,0.14642,0.49912
120.65000,-0.39751,5.35140,1.86565,194.60503,2.07833,101.16825,0.07458,2.76997,5.19416,0.23036,0.14582,0.49919
120.70000,-0.44570,5.27152,1.86618,194.69838,2.07562,101.15922,0.07456,2.77003,5.19525,0.23010,0.14518,0.49924
120.75000,-0.49214,5.19057,1.86672,194.79176,2.07253,101.12565,0.07454,2.77014,5.19727,0.22981,0.14448,0.49928
120.80000,-0.53679,5.10860,1.86727,194.88516,2.06908,101.06906,0.07452,2.77029,5.20017,0.22950,0.14372,0.49932
120.85000,-0.57964,5.02563,1.86783,194.97856,2.06531,100.99183,0.07450,2.77049,5.20388,0.22916,0.14290,0.49935
120.90000,-0.62066,4.94172,1.86840,195.07198,2.06123,100.89781,0.07449,2.77072,5.20835,0.22879,0.14203,0.49938
120.95000,-0.65983,4.85689,1.86899,195.16541,2.05690,100.79249,0.07447,2.77099,5.21348,0.22840,0.14111,0.49941
121.00000,-0.69715,4.77120,1.86958,195.25886,2.05235,100.68246,0.07444,2.77130,5.21914,0.22800,0.14012,0.49943
121.05000,-0.73259,4.68469,1.87020,195.35233,2.04763,100.57440,0.07441,2.77164,5.22513,0.22757,0.13907,0.49946
121.10000,-0.76617,4.59740,1.87082,195.44581,2.04276,100.47423,0.07438,2.77200,5.23124,0.22712,0.13797,0.49949
121.15000,-0.79786,4.50938,1.87146,195.53930,2.03779,100.38659,0.07434,2.77237,5.23730,0.22666,0.13682,0.49952
121.20000,-0.82768,4.42067,1.87211,195.63282,2.03273,100.31472,0.07430,2.77274,5.24318,0.22618,0.13562,0.49956
121.25000,-0.85563,4.33132,1.87277,195.72636,2.02760,100.26051,0.07425,2.77310,5.24883,0.22570,0.13439,0.49961
121.30000,-0.88172,4.24137,1.87344,195.81992,2.02242,100.22478,0.07420,2.77346,5.25426,0.22520,0.13314,0.49966
121.35000,-0.90595,4.15087,1.87413,195.91350,2.01720,100.20764,0.07414,2.77381,5.25948,0.22469,0.13186,0.49972
121.40000,-0.92833,4.05986,1.87483,196.00712,2.01194,100.20866,0.07408,2.77413,5.26447,0.22418,0.13058,0.49978
121.45000,-0.94887,3.96838,1.87554,196.10077,2.00700,100.23609,0.07402,2.77432,5.26337,0.22359,0.12928,0.49987
121.50000,-0.96759,3.87648,1.87626,196.19445,2.00170,100.27037,0.07396,2.77458,5.26736,0.22307,0.12800,0.49995
121.55000,-0.98450,3.78418,1.87700,196.28817,1.96206,102.53753,0.07527,2.77138,5.06418,0.21702,0.11785,0.49666
121.60000,-0.99960,3.69154,1.87775,196.38193,1.95817,102.74367,0.07516,2.77256,5.06622,0.21658,0.11685,0.49666
121.65000,-1.01291,3.59858,1.87852,196.47572,1.95367,102.90237,0.07506,2.77340,5.06804,0.21609,0.11582,0.49670
121.70000,-1.02445,3.50535,1.87930,196.56956,1.94872,103.02525,0.07497,2.77399,5.06948,0.21557,0.11479,0.49678
121.75000,-1.03424,3.41188,1.88008,196.66344,1.94343,103.12014,0.07490,2.77435,5.07038,0.21503,0.11378,0.49687
121.80000,-1.04227,3.31820,1.88088,196.75735,1.93788,103.19264,0.07484,2.77454,5.07056,0.21446,0.11280,0.49699
121.85000,-1.04858,3.22435,1.88171,196.85132,1.89691,105.39066,0.07635,2.77109,4.87323,0.20801,0.10445,0.49363
121.90000,-1.05316,3.13035,1.88255,196.94532,1.89251,105.56609,0.07627,2.77189,4.87068,0.20750,0.10377,0.49367
121.95000,-1.05605,3.03625,1.88340,197.03937,1.88751,105.67964,0.07622,2.77229,4.86727,0.20694,0.10308,0.49377
122.00000,-1.05726,2.94207,1.88427,197.13345,1.88212,105.74766,0.07619,2.77237,4.86295,0.20634,0.10242,0.49391
122.05000,-1.05681,2.84783,1.88516,197.22757,1.87649,105.78086,0.07618,2.77221,4.85769,0.20572,0.10181,0.49406
122.10000,-1.05472,2.75358,1.88608,197.32174,1.83465,107.84863,0.07802,2.76820,4.66640,0.19891,0.09494,0.49065
122.15000,-1.05101,2.65932,1.88702,197.41595,1.83018,107.95192,0.07801,2.76847,4.65880,0.19835,0.09455,0.49074
122.20000,-1.04570,2.56510,1.88798,197.51020,1.82522,107.99431,0.07804,2.76835,4.65033,0.19775,0.09418,0.49089
122.25000,-1.03884,2.47093,1.88896,197.60450,1.82035,108.00075,0.07811,2.76781,4.63670,0.19704,0.09384,0.49108
122.30000,-1.03043,2.37683,1.88997,197.69883,1.81512,107.96840,0.07819,2.76715,4.62625,0.19640,0.09356,0.49128
122.35000,-1.02053,2.28283,1.89102,197.79322,1.77309,109.89270,0.08054,2.76238,4.44295,0.18931,0.08790,0.48782
122.40000,-1.00915,2.18894,1.89210,197.88765,1.76917,109.91541,0.08064,2.76205,4.43099,0.18875,0.08779,0.48795
122.45000,-0.99634,2.09517,1.89322,197.98214,1.76494,109.88353,0.08079,2.76136,4.41836,0.18817,0.08771,0.48813
122.50000,-0.98213,2.00156,1.89439,198.07667,1.76065,109.81362,0.08098,2.76040,4.40522,0.18760,0.08767,0.48833
122.55000,-0.96654,1.90810,1.89562,198.17126,1.75645,109.71597,0.08119,2.75926,4.39168,0.18704,0.08769,0.48854
122.60000,-0.94961,1.81481,1.89696,198.26592,1.71504,111.50796,0.08429,2.75372,4.21941,0.17984,0.08296,0.48503
122.65000,-0.93137,1.72170,1.89836,198.36064,1.71233,111.45701,0.08456,2.75284,4.20570,0.17939,0.08310,0.48517
122.70000,-0.91188,1.62877,1.89983,198.45544,1.70953,111.36062,0.08489,2.75167,4.19178,0.17896,0.08327,0.48535
122.75000,-0.89119,1.53602,1.90136,198.55030,1.70686,111.23323,0.08524,2.75029,4.17780,0.17857,0.08350,0.48554
122.80000,-0.86934,1.44345,1.90295,198.64525,1.70446,111.08346,0.08563,2.74876,4.16380,0.17822,0.08379,0.48573
122.85000,-0.84640,1.35107,1.90458,198.74029,1.70242,110.91676,0.08606,2.74712,4.14982,0.17792,0.08414,0.48592
122.90000,-0.82243,1.25887,1.90626,198.83541,1.70081,110.73687,0.08651,2.74538,4.13585,0.17767,0.08457,0.48610
122.95000,-0.79747,1.16684,1.90798,198.93062,1.69968,110.54650,0.08699,2.74356,4.12189,0.17749,0.08506,0.48627
123.00000,-0.77160,1.07497,1.90974,199.02593,1.69908,110.34759,0.08751,2.74167,4.10797,0.17737,0.08563,0.48644
123.05000,-0.74488,0.98325,1.91153,199.12133,1.69904,110.14161,0.08805,2.73972,4.09409,0.17731,0.08628,0.48659
123.10000,-0.71736,0.89167,1.91334,199.21683,1.69961,109.92973,0.08863,2.73773,4.08024,0.17733,0.08700,0.48674
123.15000,-0.68911,0.80022,1.91516,199.31243,1.70081,109.71306,0.08923,2.73570,4.06645,0.17742,0.08781,0.48687
123.20000,-0.66019,0.70889,1.91701,199.40813,1.70276,109.49531,0.08988,2.73359,4.05151,0.17755,0.08870,0.48700
123.25000,-0.63066,0.61765,1.91886,199.50393,1.70523,109.27259,0.09055,2.73151,4.03804,0.17778,0.08968,0.48710
123.30000,-0.60057,0.52650,1.92070,199.59983,1.70832,109.04851,0.09124,2.72943,4.02480,0.17809,0.09074,0.48719
123.35000,-0.56998,0.43542,1.92255,199.69584,1.71204,108.82384,0.09196,2.72735,4.01180,0.17847,0.09189,0.48726
123.40000,-0.53895,0.34439,1.92438,199.79195,1.71641,108.59891,0.09271,2.72528,3.99908,0.17893,0.09312,0.48732
123.45000,-0.50752,0.25340,1.92620,199.88815,1.72143,108.37411,0.09348,2.72324,3.98669,0.17946,0.09445,0.48736
123.50000,-0.47575,0.16244,1.92799,199.98445,1.72707,108.15025,0.09427,2.72123,3.97475,0.18006,0.09587,0.48739
123.55000,-0.44367,0.07148,1.92975,200.08101,1.73329,107.92846,0.09508,2.71928,3.96337,0.18073,0.09737,0.48739
123.60000,-0.41135,-0.01947,1.93147,200.17785,1.74003,107.70957,0.09590,2.71741,3.95266,0.18146,0.09895,0.48737
123.65000,-0.37881,-0.11044,1.93315,200.27485,1.74726,107.49446,0.09671,2.71564,3.94274,0.18226,0.10060,0.48733
123.70000,-0.34610,-0.20144,1.93478,200.37188,1.75493,107.28423,0.09753,2.71399,3.93373,0.18311,0.10231,0.48727
123.75000,-0.31324,-0.29247,1.93636,200.46882,1.76299,107.07977,0.09833,2.71248,3.92579,0.18401,0.10407,0.48719
123.80000,-0.28028,-0.38355,1.93788,200.56567,1.77134,106.88174,0.09910,2.71114,3.91905,0.18496,0.10585,0.48708
123.85000,-0.24724,-0.47467,1.93936,200.66258,1.77992,106.69047,0.09984,2.71000,3.91367,0.18595,0.10765,0.48695
123.90000,-0.21415,-0.56586,1.94078,200.75958,1.78870,106.50663,0.10053,2.70906,3.90976,0.18697,0.10946,0.48679
123.95000,-0.18103,-0.65710,1.94201,200.85665,1.93130,105.34677,0.09734,2.69693,4.38187,0.18680,0.11562,0.48648
124.00000,-0.14790,-0.74841,1.94317,200.95378,1.94180,105.18629,0.09788,2.69631,4.38833,0.18796,0.11817,0.48605
124.05000,-0.11478,-0.83978,1.94427,201.05095,1.95189,105.03501,0.09835,2.69599,4.39450,0.18911,0.12048,0.48567
124.10000,-0.08168,-0.93121,1.94532,201.14819,1.96169,104.89586,0.09874,2.69598,4.40105,0.19027,0.12260,0.48531
124.15000,-0.04863,-1.02271,1.94632,201.24547,1.97126,104.77057,0.09905,2.69624,4.40851,0.19143,0.12455,0.48495
124.20000,-0.01561,-1.11428,1.94716,201.34280,2.10510,103.64821,0.09566,2.68492,4.99541,0.19140,0.13157,0.48445
124.25000,0.01736,-1.20591,1.94794,201.44016,2.11526,103.55198,0.09584,2.68553,5.01618,0.19266,0.13411,0.48385
124.30000,0.05028,-1.29759,1.94867,201.53757,2.12488,103.47339,0.09593,2.68646,5.03590,0.19390,0.13627,0.48332
124.35000,0.08316,-1.38933,1.94934,201.63500,2.13414,103.41799,0.09593,2.68766,5.05539,0.19514,0.13815,0.48282
124.40000,0.11601,-1.48111,1.94997,201.73246,2.14319,103.38970,0.09586,2.68908,5.07501,0.19637,0.13980,0.48235
124.45000,0.14886,-1.57292,1.95055,201.82996,2.15211,103.39064,0.09572,2.69070,5.09508,0.19760,0.14127,0.48188
124.50000,0.18172,-1.66476,1.95102,201.92748,2.27169,102.38485,0.09231,2.68039,5.81677,0.19764,0.14848,0.48126
124.55000,0.21461,-1.75661,1.95143,202.02502,2.28059,102.43413,0.09212,2.68211,5.85157,0.19892,0.15049,0.48056
124.60000,0.24756,-1.84846,1.95181,202.12258,2.28901,102.51327,0.09186,2.68405,5.88379,0.20016,0.15206,0.47994
124.65000,0.28062,-1.94029,1.95214,202.22015,2.29707,102.62668,0.09154,2.68615,5.91444,0.20136,0.15329,0.47937
124.70000,0.31384,-2.03208,1.95242,202.31775,2.30489,102.77771,0.09116,2.68838,5.94345,0.20253,0.15425,0.47885
124.75000,0.34725,-2.12381,1.95265,202.41536,2.40871,101.91249,0.08807,2.67845,6.35677,0.20249,0.16132,0.47819
124.80000,0.38091,-2.21546,1.95284,202.51299,2.41593,102.11374,0.08771,2.68057,6.37515,0.20365,0.16267,0.47748
124.85000,0.41488,-2.30701,1.95299,202.61063,2.42270,102.34580,0.08730,2.68283,6.39158,0.20474,0.16357,0.47686
124.90000,0.44923,-2.39842,1.95309,202.70828,2.42913,102.60707,0.08687,2.68519,6.40668,0.20579,0.16413,0.47631
124.95000,0.48404,-2.48966,1.95316,202.80595,2.43528,102.89440,0.08641,2.68761,6.42085,0.20679,0.16444,0.47582
125.00000,0.51938,-2.58070,1.95318,202.90363,2.52289,102.14026,0.08381,2.67770,6.81704,0.20658,0.17109,0.47521
125.05000,0.55532,-2.67150,1.95316,203.00132,2.52812,102.43618,0.08342,2.67982,6.83450,0.20752,0.17176,0.47455
125.10000,0.59195,-2.76203,1.95310,203.09903,2.53296,102.74731,0.08302,2.68204,6.84977,0.20840,0.17202,0.47399
125.15000,0.62938,-2.85222,1.95300,203.19674,2.53750,103.06944,0.08262,2.68432,6.86360,0.20922,0.17201,0.47350
125.20000,0.66770,-2.94204,1.95286,203.29446,2.54177,103.39809,0.08223,2.68663,6.87637,0.20999,0.17181,0.47307
125.25000,0.70701,-3.03141,1.95268,203.39219,2.54582,103.73014,0.08184,2.68891,6.88821,0.21071,0.17148,0.47267
125.30000,0.74740,-3.12029,1.95245,203.48993,2.54964,104.06173,0.08146,2.69114,6.89924,0.21139,0.17107,0.47231
125.35000,0.78899,-3.20861,1.95218,203.58767,2.55325,104.39105,0.08110,2.69329,6.90946,0.21203,0.17059,0.47199
125.40000,0.83187,-3.29628,1.95187,203.68540,2.55666,104.71697,0.08076,2.69535,6.91882,0.21261,0.17008,0.47168
125.45000,0.87615,-3.38324,1.95152,203.78314,2.55986,105.03837,0.08044,2.69729,6.92735,0.21315,0.16953,0.47141
125.50000,0.92193,-3.46940,1.95111,203.88087,2.56287,105.35413,0.08013,2.69913,6.93509,0.21364,0.16896,0.47115
125.55000,0.96932,-3.55466,1.95067,203.97858,2.56569,105.66321,0.07984,2.70086,6.94206,0.21409,0.16837,0.47093
125.60000,1.01841,-3.63892,1.95018,204.07628,2.56831,105.96409,0.07957,2.70248,6.94828,0.21449,0.16776,0.47072
125.65000,1.06931,-3.72208,1.94964,204.17395,2.57075,106.25847,0.07931,2.70399,6.95373,0.21485,0.16713,0.47053
125.70000,1.12210,-3.80400,1.94905,204.27160,2.57302,106.54785,0.07906,2.70539,6.95845,0.21517,0.16650,0.47037
125.75000,1.17689,-3.88458,1.94841,204.36921,2.57513,106.83050,0.07883,2.70669,6.96244,0.21545,0.16585,0.47022
125.80000,1.23375,-3.96366,1.94773,204.46679,2.57707,107.10559,0.07862,2.70789,6.96576,0.21569,0.16520,0.47010
125.85000,1.29278,-4.04109,1.94699,204.56432,2.57882,107.37128,0.07842,2.70899,6.96852,0.21590,0.16454,0.46999
125.90000,1.35403,-4.11672,1.94619,204.66180,2.58037,107.62447,0.07823,2.71002,6.97084,0.21606,0.16387,0.46990
125.95000,1.41760,-4.19037,1.94535,204.75923,2.58171,107.86398,0.07805,2.71097,6.97284,0.21619,0.16318,0.46982
126.00000,1.48352,-4.26186,1.94445,204.85660,2.58282,108.08930,0.07788,2.71186,6.97467,0.21629,0.16247,0.46976
126.05000,1.55184,-4.33099,1.94348,204.95390,2.58372,108.30024,0.07773,2.71272,6.97644,0.21634,0.16174,0.46971
126.10000,1.62261,-4.39754,1.94247,205.05114,2.58438,108.49634,0.07758,2.71355,6.97826,0.21637,0.16097,0.46967
126.15000,1.69583,-4.46130,1.94139,205.14832,2.58483,108.67708,0.07743,2.71435,6.98019,0.21637,0.16018,0.46964
126.20000,1.77151,-4.52203,1.94026,205.24542,2.58505,108.84233,0.07730,2.71513,6.98234,0.21634,0.15935,0.46962
126.25000,1.84963,-4.57950,1.93906,205.34245,2.58504,108.99227,0.07716,2.71590,6.98474,0.21628,0.15850,0.46960
126.30000,1.93013,-4.63346,1.93780,205.43940,2.58478,109.12665,0.07704,2.71667,6.98740,0.21618,0.15759,0.46959
126.35000,2.01297,-4.68364,1.93649,205.53628,2.58426,109.24665,0.07692,2.71745,6.99041,0.21606,0.15663,0.46959
126.40000,2.09804,-4.72979,1.93512,205.63307,2.58347,109.35390,0.07679,2.71825,6.99381,0.21589,0.15560,0.46960
126.45000,2.18522,-4.77166,1.93370,205.72979,2.58244,109.44921,0.07667,2.71907,6.99760,0.21570,0.15451,0.46961
126.50000,2.27436,-4.80899,1.93222,205.82643,2.58116,109.53414,0.07655,2.71991,7.00180,0.21547,0.15336,0.46963
126.55000,2.36527,-4.84153,1.93071,205.92298,2.57966,109.61001,0.07643,2.72077,7.00642,0.21522,0.15214,0.46965
126.60000,2.45775,-4.86906,1.92916,206.01946,2.57841,109.69939,0.07634,2.72128,7.00275,0.21472,0.15083,0.46976
126.65000,2.55155,-4.89134,1.92758,206.11585,2.57652,109.76480,0.07622,2.72215,7.00719,0.21438,0.14949,0.46980
126.70000,2.64639,-4.90820,1.92597,206.21215,2.57440,109.82566,0.07610,2.72305,7.01186,0.21401,0.14808,0.46986
126.75000,2.74197,-4.91946,1.92436,206.30837,2.57204,109.88328,0.07597,2.72397,7.01672,0.21360,0.14659,0.46992
126.80000,2.83798,-4.92498,1.92274,206.40451,2.56942,109.93852,0.07585,2.72492,7.02170,0.21314,0.14502,0.47000
126.85000,2.93406,-4.92466,1.92113,206.50054,2.56654,109.99191,0.07572,2.72588,7.02674,0.21263,0.14336,0.47008
126.90000,3.02986,-4.91842,1.91953,206.59646,2.56342,110.04383,0.07559,2.72685,7.03180,0.21208,0.14163,0.47018
126.95000,3.12761,-4.90528,2.03096,206.99646,2.56008,110.09474,0.07546,2.72783,7.03680,0.21148,0.13984,0.47029
127.00000,3.22840,-4.87857,2.14962,207.16626,2.54718,110.08137,0.07491,2.73275,7.06968,0.20862,0.13175,0.47083
127.05000,3.33186,-4.83905,2.28331,207.34242,2.54147,109.92406,0.07463,2.73555,7.10496,0.20759,0.12829,0.47117
127.10000,3.43742,-4.78775,2.41280,207.52544,2.53427,109.70614,0.07432,2.73887,7.15305,0.20666,0.12461,0.47150
127.15000,3.54286,-4.72295,2.53902,207.71351,2.52470,109.44976,0.07397,2.74269,7.21508,0.20591,0.12079,0.47175
127.20000,3.64483,-4.64486,2.59822,207.71351,2.51409,109.20284,0.07366,2.74606,7.27057,0.20484,0.11688,0.47212
127.25000,3.74530,-4.56169,2.60965,207.71351,2.51248,108.97758,0.07354,2.74770,7.32161,0.20606,0.11714,0.47197
127.30000,3.83959,-4.47170,2.60577,207.71351,2.51034,108.87089,0.07346,2.74866,7.35359,0.20687,0.11726,0.47184
127.35000,3.92781,-4.37584,2.60817,207.75119,2.50784,108.79353,0.07338,2.74961,7.38332,0.20765,0.11736,0.47166
127.40000,4.01408,-4.27808,2.60611,207.85323,2.50408,108.75630,0.07330,2.75036,7.39986,0.20761,0.11658,0.47166
127.45000,4.09505,-4.17612,2.60231,207.97738,2.49670,108.78560,0.07320,2.75102,7.40372,0.20643,0.11439,0.47193
127.50000,4.16936,-4.06943,2.59881,208.10861,2.48880,108.87496,0.07313,2.75083,7.38576,0.20435,0.11174,0.47247
127.55000,4.23640,-3.95824,2.59541,208.24160,2.48020,108.96502,0.07308,2.75038,7.36361,0.20198,0.10905,0.47310
127.60000,4.29563,-3.84289,2.59218,208.37454,2.47076,109.03313,0.07302,2.74990,7.34440,0.19959,0.10645,0.47372
127.65000,4.34669,-3.72387,2.58918,208.50684,2.37229,110.10473,0.07379,2.75874,6.93570,0.19811,0.10051,0.47455
127.70000,4.38941,-3.60176,2.58660,208.63842,2.36134,110.20359,0.07376,2.75789,6.90209,0.19539,0.09802,0.47548
127.75000,4.42387,-3.47719,2.58437,208.76933,2.34958,110.25809,0.07374,2.75704,6.87720,0.19285,0.09584,0.47629
127.80000,4.45025,-3.35077,2.58246,208.89967,2.33793,110.29647,0.07375,2.75567,6.84631,0.19009,0.09386,0.47711
127.85000,4.46885,-3.22306,2.58082,209.02952,2.22089,111.25915,0.07466,2.76388,6.43660,0.18867,0.08927,0.47798
127.90000,4.48001,-3.09456,2.57943,209.15899,2.20574,111.23364,0.07467,2.76287,6.41415,0.18618,0.08747,0.47885
127.95000,4.48416,-2.96570,2.57826,209.28815,2.19101,111.18452,0.07472,2.76135,6.38737,0.18353,0.08591,0.47969
128.00000,4.48173,-2.83685,2.57727,209.41709,2.17591,111.09277,0.07478,2.75971,6.36454,0.18098,0.08455,0.48044
128.05000,4.47318,-2.70831,2.57647,209.54584,2.04084,111.90474,0.07589,2.76746,5.94899,0.17980,0.08108,0.48123
128.10000,4.45899,-2.58030,2.57580,209.67446,2.02258,111.75079,0.07598,2.76601,5.91061,0.17745,0.07984,0.48205
128.15000,4.43959,-2.45300,2.57525,209.80299,2.00476,111.56870,0.07611,2.76414,5.86790,0.17503,0.07879,0.48281
128.20000,4.41542,-2.32655,2.57480,209.93145,1.98684,111.34528,0.07627,2.76209,5.83080,0.17268,0.07792,0.48351
128.25000,4.38692,-2.20102,2.57447,210.05987,1.83735,112.00613,0.07767,2.76943,5.10680,0.17183,0.07529,0.48421
128.30000,4.35453,-2.07646,2.57418,210.18827,1.81774,111.73104,0.07789,2.76736,5.07027,0.16955,0.07446,0.48500
128.35000,4.31861,-1.95287,2.57396,210.31667,1.79859,111.42905,0.07814,2.76512,5.03880,0.16737,0.07380,0.48570
128.40000,4.27952,-1.83026,2.57379,210.44506,1.77982,111.10372,0.07842,2.76273,5.01093,0.16528,0.07325,0.48633
128.45000,4.23760,-1.70860,2.57367,210.57346,1.76118,110.74846,0.07872,2.76028,4.98848,0.16331,0.07281,0.48690
128.50000,4.19319,-1.58783,2.57357,210.70188,1.74319,110.37077,0.07906,2.75760,4.96294,0.16132,0.07244,0.48745
128.55000,4.14659,-1.46789,2.57351,210.83031,1.72554,109.96537,0.07942,2.75484,4.93945,0.15940,0.07214,0.48798
128.60000,4.09809,-1.34871,2.57345,210.95877,1.70807,109.53633,0.07980,2.75210,4.92037,0.15761,0.07189,0.48846
128.65000,4.04797,-1.23020,2.57339,211.08726,1.82747,108.13587,0.07869,2.73919,5.56270,0.15451,0.07331,0.48885
128.70000,3.99645,-1.11230,2.57335,211.21577,1.81242,107.66973,0.07908,2.73598,5.54862,0.15281,0.07331,0.48914
128.75000,3.94381,-0.99489,2.57330,211.34430,1.79710,107.18685,0.07946,2.73281,5.53408,0.15115,0.07326,0.48946
128.80000,3.89033,-0.87788,2.57324,211.47286,1.78172,106.68741,0.07985,2.72972,5.52068,0.14956,0.07319,0.48979
128.85000,3.83621,-0.76115,2.57315,211.60144,1.90039,105.16199,0.07874,2.71575,6.12152,0.14670,0.07481,0.49007
128.90000,3.78168,-0.64463,2.57305,211.73004,1.88653,104.61777,0.07911,2.71234,6.11913,0.14521,0.07490,0.49025
128.95000,3.72697,-0.52819,2.57292,211.85866,1.87229,104.07543,0.07946,2.70911,6.11647,0.14375,0.07489,0.49047
129.00000,3.67234,-0.41172,2.57274,211.98731,1.85798,103.54064,0.07980,2.70604,6.11379,0.14233,0.07481,0.49071
129.05000,3.61798,-0.29514,2.57254,212.11608,1.97422,101.94046,0.07863,2.69128,6.48536,0.13967,0.07649,0.49091
129.10000,3.56409,-0.17835,2.57228,212.24484,1.96117,101.37252,0.07894,2.68794,6.48750,0.13837,0.07654,0.49101
129.15000,3.51092,-0.06125,2.57197,212.37351,1.94816,100.82242,0.07923,2.68478,6.48847,0.13710,0.07651,0.49115
129.20000,3.45870,0.05625,2.57161,212.50215,1.93526,100.29722,0.07949,2.68188,6.49020,0.13591,0.07642,0.49131
129.25000,3.40763,0.17425,2.57121,212.63077,2.04880,98.68057,0.07829,2.66635,6.87366,0.13349,0.07814,0.49146
129.30000,3.35792,0.29280,2.57075,212.75936,2.03717,98.15550,0.07852,2.66308,6.87870,0.13240,0.07815,0.49150
129.35000,3.30981,0.41198,2.57023,212.88791,2.02582,97.66485,0.07873,2.65997,6.88188,0.13134,0.07809,0.49159
129.40000,3.26352,0.53184,2.56965,213.01643,2.01475,97.20477,0.07892,2.65712,6.88586,0.13038,0.07800,0.49170
129.45000,3.21926,0.65245,2.56902,213.14489,2.00420,96.78375,0.07911,2.65442,6.88904,0.12947,0.07790,0.49182
129.50000,3.17725,0.77381,2.56832,213.27330,1.99442,96.41010,0.07929,2.65170,6.88951,0.12857,0.07779,0.49197
129.55000,3.13770,0.89597,2.56757,213.40165,1.98498,96.06906,0.07945,2.64917,6.89182,0.12780,0.07770,0.49211
129.60000,3.10081,1.01891,2.56675,213.52992,1.97613,95.75822,0.07961,2.64669,6.89333,0.12709,0.07762,0.49226
129.65000,3.06679,1.14263,2.56588,213.65810,1.96778,95.46692,0.07977,2.64423,6.89412,0.12641,0.07757,0.49240
129.70000,3.03582,1.26710,2.56494,213.78620,1.96007,95.19639,0.07994,2.64172,6.89280,0.12573,0.07752,0.49257
129.75000,3.00811,1.39229,2.56395,213.91421,1.95259,94.93795,0.08010,2.63938,6.89374,0.12516,0.07751,0.49271
129.80000,2.98384,1.51814,2.56290,214.04210,1.94566,94.69837,0.08026,2.63704,6.89388,0.12464,0.07751,0.49285
129.85000,2.96321,1.64458,2.56178,214.16989,1.93944,94.47559,0.08045,2.63452,6.89038,0.12406,0.07753,0.49301
129.90000,2.94641,1.77153,2.56061,214.29757,1.93311,94.23973,0.08062,2.63222,6.89071,0.12363,0.07758,0.49315
129.95000,2.93362,1.89889,2.55937,214.42512,1.92710,93.99999,0.08081,2.62992,6.89045,0.12321,0.07766,0.49328
130.00000,2.92503,2.02653,2.55806,214.55255,1.92147,93.75917,0.08101,2.62762,6.88961,0.12281,0.07775,0.49340
130.05000,2.92083,2.15432,2.55668,214.67985,1.91648,93.52633,0.08122,2.62520,6.88567,0.12235,0.07785,0.49354
130.10000,2.92121,2.28211,2.55524,214.80701,1.91142,93.28202,0.08142,2.62307,6.88576,0.12204,0.07798,0.49365
130.15000,2.92635,2.40973,2.55371,214.93404,1.90676,93.03693,0.08162,2.62098,6.88533,0.12173,0.07812,0.49374
130.20000,2.93644,2.53697,2.55210,215.06094,1.90296,92.80218,0.08186,2.61865,6.87975,0.12133,0.07826,0.49387
130.25000,2.95167,2.66361,2.55042,215.18769,1.89888,92.54860,0.08207,2.61671,6.88003,0.12110,0.07844,0.49394
130.30000,2.97220,2.78941,2.54863,215.31429,1.89524,92.29903,0.08229,2.61478,6.87938,0.12088,0.07863,0.49401
130.35000,2.99824,2.91410,2.54674,215.44076,1.89210,92.05795,0.08252,2.61287,6.87781,0.12068,0.07883,0.49408
130.40000,3.02993,3.03737,2.54477,215.56709,1.88999,91.84005,0.08277,2.61071,6.87060,0.12036,0.07904,0.49418
130.45000,3.06742,3.15889,2.54269,215.69328,1.88767,91.61465,0.08299,2.60900,6.86961,0.12024,0.07927,0.49423
130.50000,3.11085,3.27831,2.54050,215.81934,1.88592,91.40576,0.08321,2.60730,6.86745,0.12013,0.07952,0.49428
130.55000,3.16033,3.39523,2.53820,215.94527,1.88481,91.21672,0.08343,2.60558,6.86387,0.12003,0.07978,0.49432
130.60000,3.21593,3.50923,2.53579,216.07109,1.88491,91.06092,0.08369,2.60352,6.85375,0.11981,0.08006,0.49441
130.65000,3.27770,3.61986,2.53327,216.19679,1.88485,90.90083,0.08391,2.60190,6.85004,0.11981,0.08038,0.49445
130.70000,3.34565,3.72666,2.53063,216.32239,1.88541,90.75808,0.08414,2.60024,6.84479,0.11982,0.08072,0.49449
130.75000,3.41973,3.82913,2.52789,216.44790,1.88662,90.63452,0.08438,2.59854,6.83799,0.11983,0.08109,0.49453
130.80000,3.49985,3.92678,2.52505,216.57334,1.88907,90.54579,0.08465,2.59646,6.82416,0.11972,0.08147,0.49462
130.85000,3.58585,4.01908,2.52213,216.69870,1.89128,90.44973,0.08489,2.59488,6.81780,0.11985,0.08190,0.49464
130.90000,3.67753,4.10554,2.51912,216.82401,1.89413,90.36803,0.08513,2.59325,6.81005,0.12000,0.08237,0.49467
130.95000,3.77460,4.18565,2.51604,216.94928,1.89761,90.29931,0.08539,2.59158,6.80091,0.12017,0.08288,0.49470
131.00000,3.87673,4.25892,2.51290,217.07451,1.90232,90.25932,0.08570,2.58949,6.78442,0.12020,0.08341,0.49477
131.05000,3.98353,4.32492,2.50972,217.19970,1.90662,90.20317,0.08596,2.58796,6.77648,0.12050,0.08400,0.49478
131.10000,4.09453,4.38321,2.50652,217.32487,1.91148,90.15637,0.08623,2.58640,6.76734,0.12082,0.08464,0.49478
131.15000,4.20924,4.43344,2.50330,217.45004,1.91699,90.11751,0.08652,2.58481,6.75712,0.12118,0.08533,0.49479
131.20000,4.32710,4.47527,2.50010,217.57517,1.92385,90.10306,0.08688,2.58278,6.73954,0.12140,0.08607,0.49483
131.25000,4.44750,4.50847,2.49693,217.70024,1.93033,90.06543,0.08717,2.58139,6.73162,0.12195,0.08690,0.49480
131.30000,4.56984,4.53283,2.49379,217.82533,1.93749,90.03425,0.08749,2.57997,6.72274,0.12255,0.08780,0.49476
131.35000,4.69347,4.54825,2.49072,217.95034,1.94536,90.01037,0.08783,2.57852,6.71294,0.12320,0.08879,0.49471
131.40000,4.81774,4.55466,2.48773,218.07529,1.95467,90.01121,0.08824,2.57661,6.69576,0.12374,0.08987,0.49471
131.45000,4.94200,4.55211,2.48482,218.20021,1.96373,89.98659,0.08860,2.57535,6.68863,0.12464,0.09108,0.49462
131.50000,5.06562,4.54069,2.48203,218.32500,1.97367,89.96697,0.08899,2.57403,6.68054,0.12563,0.09244,0.49452
131.55000,5.18539,4.52004,2.36558,218.57115,1.98453,89.95585,0.08941,2.57266,6.67153,0.12671,0.09393,0.49441
131.60000,5.29627,4.48335,2.32465,218.60170,2.00304,90.20762,0.09037,2.56793,6.63606,0.12889,0.09737,0.49414
131.65000,5.39957,4.43057,2.32660,218.69271,2.00804,90.39784,0.09071,2.56631,6.60182,0.12849,0.09774,0.49425
131.70000,5.50079,4.37240,2.34063,218.80305,2.02449,90.57915,0.09160,2.56159,6.53631,0.12793,0.09911,0.49457
131.75000,5.60368,4.31656,2.34110,218.92160,2.04363,90.72614,0.09259,2.55671,6.47505,0.12778,0.10096,0.49484
131.80000,5.70564,4.25913,2.33941,219.04224,2.06064,90.82230,0.09338,2.55356,6.44227,0.12864,0.10321,0.49486
131.85000,5.80529,4.19796,2.33802,219.16327,2.07754,90.90313,0.09413,2.55101,6.41826,0.12989,0.10572,0.49479
131.90000,5.90241,4.13296,2.33656,219.28410,2.09337,90.93891,0.09473,2.54981,6.41234,0.13176,0.10850,0.49456
131.95000,5.99656,4.06387,2.33504,219.40448,2.10902,90.96130,0.09527,2.54928,6.41324,0.13393,0.11148,0.49426
132.00000,6.08736,3.99055,2.33352,219.52429,2.12452,90.97312,0.09576,2.54938,6.41934,0.13633,0.11464,0.49390
132.05000,6.17443,3.91295,2.33195,219.64350,2.02015,92.17731,0.09985,2.56709,6.05768,0.14023,0.11376,0.49353
132.10000,6.25741,3.83112,2.33056,219.76215,2.03745,92.25652,0.10029,2.56893,6.06012,0.14279,0.11657,0.49327
132.15000,6.33610,3.74523,2.32928,219.88027,2.05405,92.29915,0.10061,2.57154,6.07288,0.14567,0.11960,0.49287
132.20000,6.41031,3.65552,2.32811,219.99793,2.07068,92.33341,0.10089,2.57436,6.08707,0.14859,0.12275,0.49242
132.25000,6.47990,3.56226,2.32706,220.11518,1.96356,93.54002,0.10537,2.59352,5.46898,0.15286,0.12125,0.49199
132.30000,6.54479,3.46572,2.32616,220.23208,1.98095,93.62038,0.10549,2.59762,5.49005,0.15578,0.12375,0.49164
132.35000,6.60498,3.36624,2.32537,220.34870,1.99833,93.69495,0.10557,2.60172,5.51393,0.15866,0.12636,0.49120
132.40000,6.66047,3.26410,2.32471,220.46508,2.01603,93.78078,0.10563,2.60562,5.53202,0.16135,0.12897,0.49074
132.45000,6.71134,3.15961,2.32418,220.58128,2.03296,93.85561,0.10553,2.60999,5.56287,0.16416,0.13156,0.49018
132.50000,6.75770,3.05307,2.32380,220.69732,1.92311,95.08666,0.11006,2.62925,4.92617,0.16820,0.12882,0.48970
132.55000,6.79973,2.94477,2.32352,220.81325,1.93977,95.22142,0.10960,2.63446,4.94652,0.17080,0.13031,0.48928
132.60000,6.83760,2.83495,2.32332,220.92911,1.95633,95.37605,0.10904,2.63961,4.97006,0.17332,0.13181,0.48878
132.65000,6.87150,2.72385,2.32321,221.04491,1.97272,95.55713,0.10838,2.64474,4.99593,0.17575,0.13323,0.48822
132.70000,6.90169,2.61169,2.32323,221.16068,1.89472,94.62938,0.10531,2.66874,4.60794,0.18594,0.13937,0.49143
132.75000,6.92842,2.49865,2.32328,221.27644,1.90836,94.77610,0.10446,2.67334,4.62855,0.18805,0.13968,0.49111
132.80000,6.95191,2.38489,2.32338,221.39221,1.92253,94.99811,0.10349,2.67802,4.65262,0.19010,0.14010,0.49067
132.85000,6.97241,2.27055,2.32351,221.50799,1.93698,95.28686,0.10243,2.68274,4.67907,0.19208,0.14050,0.49016
132.90000,6.99019,2.15574,2.32374,221.62379,1.81958,96.75204,0.10557,2.69951,4.17707,0.19521,0.13525,0.48972
132.95000,7.00554,2.04057,2.32397,221.73962,1.86946,94.90488,0.09813,2.70925,4.35133,0.20325,0.14525,0.49299
133.00000,7.01867,1.92511,2.32422,221.85550,1.88192,95.26044,0.09700,2.71303,4.37293,0.20483,0.14462,0.49267
133.05000,7.02985,1.80943,2.32447,221.97142,1.89510,95.70592,0.09585,2.71682,4.39411,0.20634,0.14412,0.49228
133.10000,7.03932,1.69359,2.32473,222.08739,1.90833,96.21190,0.09467,2.72070,4.41889,0.20785,0.14367,0.49183
133.15000,7.04732,1.57762,2.32499,222.20339,1.95692,94.49092,0.08918,2.72898,4.61527,0.21515,0.15453,0.49495
133.20000,7.05410,1.46157,2.32524,222.31945,1.96882,94.97489,0.08830,2.73178,4.64099,0.21640,0.15394,0.49460
133.25000,7.05992,1.34545,2.32547,222.43556,1.98106,95.53616,0.08742,2.73470,4.66546,0.21761,0.15341,0.49423
133.30000,7.06500,1.22928,2.32568,222.55173,1.99334,96.15076,0.08657,2.73764,4.68840,0.21877,0.15291,0.49385
133.35000,7.06961,1.11308,2.32587,222.66793,2.03946,94.50756,0.08267,2.74465,4.89648,0.22529,0.16437,0.49699
133.40000,7.07398,0.99687,2.32603,222.78421,2.04965,95.04441,0.08208,2.74654,4.91840,0.22619,0.16364,0.49676
133.45000,7.07835,0.88064,2.32614,222.90064,2.05980,95.63274,0.08150,2.74857,4.93825,0.22705,0.16296,0.49651
133.50000,7.08296,0.76443,2.32621,223.01723,2.06970,96.24751,0.08095,2.75064,4.95592,0.22786,0.16232,0.49625
133.55000,7.08806,0.64823,2.32623,223.13375,2.07921,96.86894,0.08044,2.75268,4.97138,0.22862,0.16171,0.49601
133.60000,7.09389,0.53206,2.32622,223.25023,2.12068,95.18747,0.07783,2.75847,5.18713,0.23428,0.17366,0.49920
133.65000,7.10068,0.41595,2.32615,223.36670,2.12746,95.63342,0.07751,2.75940,5.20228,0.23481,0.17286,0.49910
133.70000,7.10867,0.29992,2.32603,223.48317,2.13403,96.09936,0.07721,2.76046,5.21376,0.23527,0.17210,0.49899
133.75000,7.11809,0.18401,2.32586,223.59966,2.14009,96.56272,0.07693,2.76161,5.22401,0.23568,0.17134,0.49887
133.80000,7.12918,0.06825,2.32563,223.71615,2.14555,97.00929,0.07666,2.76282,5.23336,0.23603,0.17057,0.49874
133.85000,7.14214,-0.04730,2.32536,223.83266,2.15038,97.42888,0.07642,2.76405,5.24208,0.23633,0.16978,0.49862
133.90000,7.15720,-0.16258,2.32503,223.94916,2.15461,97.81550,0.07620,2.76527,5.25025,0.23659,0.16898,0.49851
133.95000,7.17456,-0.27752,2.32466,224.06567,2.15802,98.16073,0.07598,2.76653,5.26208,0.23684,0.16818,0.49839
134.00000,7.19440,-0.39203,2.32424,224.18215,2.16109,98.48148,0.07580,2.76763,5.26792,0.23699,0.16735,0.49830
134.05000,7.21691,-0.50603,2.32378,224.29862,2.16353,98.77227,0.07563,2.76868,5.27333,0.23708,0.16647,0.49822
134.10000,7.24224,-0.61941,2.32327,224.41507,2.16534,99.03490,0.07548,2.76969,5.27858,0.23713,0.16552,0.49815
134.15000,7.27054,-0.73205,2.32273,224.53148,2.16657,99.27057,0.07533,2.77067,5.28388,0.23713,0.16452,0.49810
134.20000,7.30195,-0.84384,2.32216,224.64785,2.16730,99.48176,0.07519,2.77161,5.28933,0.23709,0.16348,0.49804
134.25000,7.33659,-0.95465,2.32155,224.76418,2.16727,99.66380,0.07505,2.77264,5.30108,0.23709,0.16241,0.49798
134.30000,7.37454,-1.06432,2.32092,224.88046,2.16730,99.84532,0.07493,2.77345,5.30453,0.23698,0.16130,0.49795
134.35000,7.41590,-1.17273,2.32026,224.99669,2.16701,100.01863,0.07482,2.77421,5.30761,0.23684,0.16017,0.49793
134.40000,7.46072,-1.27971,2.31959,225.11287,2.16637,100.18404,0.07472,2.77490,5.31028,0.23667,0.15903,0.49793
134.45000,7.50906,-1.38511,2.31890,225.22900,2.16536,100.33970,0.07461,2.77553,5.31272,0.23648,0.15787,0.49794
134.50000,7.56094,-1.48878,2.31820,225.34507,2.16399,100.48408,0.07452,2.77611,5.31519,0.23626,0.15670,0.49795
134.55000,7.61637,-1.59055,2.31749,225.46108,2.16229,100.61765,0.07443,2.77665,5.31791,0.23603,0.15552,0.49798
134.60000,7.67535,-1.69026,2.31677,225.57705,2.16003,100.73453,0.07434,2.77726,5.32639,0.23585,0.15435,0.49798
134.65000,7.73786,-1.78776,2.31605,225.69296,2.15793,100.85808,0.07426,2.77768,5.32714,0.23557,0.15316,0.49803
134.70000,7.80387,-1.88288,2.31534,225.80883,2.15556,100.97730,0.07418,2.77805,5.32789,0.23527,0.15197,0.49808
134.75000,7.87331,-1.97547,2.31463,225.92465,2.15285,101.08862,0.07411,2.77836,5.32861,0.23495,0.15077,0.49814
134.80000,7.94614,-2.06539,2.31393,226.04042,2.14975,101.18708,0.07404,2.77864,5.32938,0.23461,0.14956,0.49821
134.85000,8.02225,-2.15249,2.31324,226.15615,2.14621,101.26945,0.07398,2.77887,5.33035,0.23424,0.14833,0.49829
134.90000,8.10158,-2.23663,2.31256,226.27183,2.14190,101.32507,0.07392,2.77922,5.33853,0.23392,0.14709,0.49835
134.95000,8.18400,-2.31770,2.31191,226.38747,2.13770,101.38131,0.07387,2.77936,5.33758,0.23347,0.14580,0.49844
135.00000,8.26940,-2.39556,2.31127,226.50307,2.13314,101.42700,0.07382,2.77950,5.33727,0.23299,0.14448,0.49854
135.05000,8.35765,-2.47013,2.31066,226.61862,2.12819,101.46205,0.07377,2.77963,5.33766,0.23248,0.14312,0.49865
135.10000,8.44863,-2.54131,2.31008,226.73413,2.12276,101.48372,0.07372,2.77978,5.33876,0.23194,0.14170,0.49875
135.15000,8.54219,-2.60901,2.30953,226.84960,2.11681,101.48889,0.07367,2.77993,5.34052,0.23137,0.14022,0.49886
135.20000,8.63818,-2.67317,2.30901,226.96503,2.10990,101.46398,0.07362,2.78024,5.35105,0.23085,0.13870,0.49894
135.25000,8.73644,-2.73374,2.30852,227.08041,2.10310,101.43941,0.07357,2.78034,5.35128,0.23016,0.13711,0.49907
135.30000,8.83683,-2.79066,2.30808,227.19576,2.09587,101.40250,0.07353,2.78045,5.35225,0.22944,0.13548,0.49920
135.35000,8.93919,-2.84393,2.30767,227.31106,2.08823,101.35608,0.07349,2.78057,5.35395,0.22868,0.13382,0.49933
135.40000,9.04336,-2.89351,2.30729,227.42633,2.08020,101.30299,0.07345,2.78070,5.35629,0.22790,0.13211,0.49946
135.45000,9.14919,-2.93941,2.30696,227.54155,2.07179,101.24511,0.07341,2.78083,5.35911,0.22708,0.13038,0.49960
135.50000,9.25651,-2.98164,2.30667,227.65675,2.06303,101.18265,0.07336,2.78094,5.36220,0.22624,0.12863,0.49974
135.55000,9.36519,-3.02022,2.30642,227.77191,2.05360,101.10567,0.07331,2.78115,5.37172,0.22545,0.12690,0.49986
135.60000,9.47507,-3.05518,2.30621,227.88705,2.04442,101.03791,0.07327,2.78114,5.37231,0.22453,0.12518,0.50002
135.65000,9.58602,-3.08656,2.30604,228.00216,2.03504,100.96897,0.07324,2.78110,5.37278,0.22359,0.12350,0.50018
135.70000,9.69790,-3.11441,2.30590,228.11726,1.99165,103.10967,0.07445,2.77766,5.16105,0.21714,0.11343,0.49699
135.75000,9.81058,-3.13877,2.30580,228.23234,1.98348,103.20258,0.07438,2.77846,5.15929,0.21625,0.11213,0.49708
135.80000,9.92395,-3.15971,2.30575,228.34740,1.97480,103.25096,0.07433,2.77889,5.15678,0.21533,0.11083,0.49721
135.85000,10.03788,-3.17732,2.30574,228.46246,1.96579,103.26724,0.07429,2.77902,5.15336,0.21438,0.10957,0.49739
135.90000,10.15227,-3.19164,2.30577,228.57751,1.92139,105.39887,0.07571,2.77562,4.95260,0.20760,0.10134,0.49408
135.95000,10.26702,-3.20272,2.30585,228.69257,1.91358,105.51593,0.07566,2.77619,4.94469,0.20668,0.10044,0.49421
136.00000,10.38204,-3.21065,2.30600,228.80762,1.90526,105.57169,0.07564,2.77628,4.93603,0.20573,0.09957,0.49440
136.05000,10.49724,-3.21551,2.30620,228.92269,1.89668,105.58484,0.07565,2.77601,4.92652,0.20477,0.09876,0.49462
136.10000,10.61254,-3.21738,2.30645,229.03778,1.85221,107.63841,0.07741,2.77188,4.72739,0.19760,0.09211,0.49129
136.15000,10.72786,-3.21637,2.30676,229.15289,1.84508,107.71553,0.07744,2.77184,4.71521,0.19675,0.09166,0.49147
136.20000,10.84314,-3.21259,2.30710,229.26801,1.83747,107.71540,0.07751,2.77137,4.70590,0.19598,0.09130,0.49167
136.25000,10.95844,-3.20515,2.31296,229.38405,1.83038,107.67130,0.07764,2.77034,4.68940,0.19513,0.09104,0.49194
136.30000,11.07259,-3.18719,2.31752,229.49916,1.82362,107.56836,0.07780,2.76905,4.67606,0.19440,0.09094,0.49221
136.35000,11.18714,-3.16865,2.32187,229.61446,1.77809,109.37888,0.08008,2.76449,4.51964,0.18793,0.08587,0.48868
136.40000,11.30196,-3.15144,2.32233,229.73068,1.77181,109.27925,0.08026,2.76393,4.52761,0.18795,0.08615,0.48876
136.45000,11.41665,-3.13319,2.32283,229.84699,1.76707,109.14476,0.08057,2.76235,4.51701,0.18775,0.08657,0.48896
136.50000,11.53119,-3.11389,2.32332,229.96337,1.76381,108.96881,0.08099,2.76014,4.49892,0.18757,0.08721,0.48921
136.55000,11.64556,-3.09349,2.32379,230.07978,1.72489,110.69896,0.08439,2.75324,4.31183,0.18086,0.08328,0.48577
136.60000,11.75974,-3.07194,2.32426,230.19620,1.72668,110.56157,0.08513,2.75041,4.28024,0.18090,0.08436,0.48602
136.65000,11.87373,-3.04922,2.32471,230.31262,1.73038,110.37259,0.08605,2.74681,4.24312,0.18106,0.08576,0.48631
136.70000,11.98749,-3.02532,2.32515,230.42901,1.73637,110.14759,0.08716,2.74252,4.20120,0.18139,0.08752,0.48663
136.75000,12.10102,-3.00025,2.32557,230.54539,1.74486,109.89306,0.08848,2.73760,4.15528,0.18192,0.08973,0.48696
136.80000,12.21432,-2.97404,2.32596,230.66175,1.75588,109.61198,0.09003,2.73212,4.10644,0.18268,0.09244,0.48728
136.85000,12.32737,-2.94674,2.32632,230.77809,1.76931,109.30557,0.09180,2.72620,4.05690,0.18371,0.09571,0.48757
136.90000,12.44019,-2.91839,2.32665,230.89444,1.78507,108.98363,0.09383,2.71985,4.00496,0.18490,0.09953,0.48785
136.95000,12.55277,-2.88907,2.32692,231.01081,1.80257,108.64288,0.09610,2.71327,3.95385,0.18628,0.10392,0.48809
137.00000,12.66513,-2.85885,2.32713,231.12727,1.82112,108.28027,0.09855,2.70668,3.90527,0.18780,0.10878,0.48829
137.05000,12.77727,-2.82780,2.32728,231.24387,1.83992,107.89234,0.10114,2.70035,3.86108,0.18939,0.11398,0.48843
137.10000,12.88922,-2.79604,2.32736,231.36039,1.85815,107.47726,0.10377,2.69459,3.82293,0.19098,0.11929,0.48849
137.15000,13.00098,-2.76363,2.32735,231.47674,2.00539,106.05909,0.10192,2.67765,4.24219,0.19133,0.12959,0.48834
137.20000,13.11259,-2.73067,2.32727,231.59307,2.02144,105.59412,0.10404,2.67358,4.22185,0.19284,0.13542,0.48801
137.25000,13.22405,-2.69728,2.32710,231.70940,2.03505,105.10228,0.10585,2.67093,4.21064,0.19423,0.14043,0.48765
137.30000,13.33541,-2.66357,2.32686,231.82572,2.04647,104.58542,0.10729,2.66977,4.20949,0.19551,0.14456,0.48722
137.35000,13.44669,-2.62965,2.32657,231.94203,2.17532,103.02743,0.10376,2.65730,4.75795,0.19554,0.15403,0.48656
137.40000,13.55791,-2.59560,2.32621,232.05833,2.18410,102.45944,0.10439,2.65887,4.78987,0.19678,0.15749,0.48571
137.45000,13.66912,-2.56156,2.32577,232.17461,2.19151,101.88104,0.10463,2.66187,4.83116,0.19799,0.15988,0.48484
137.50000,13.78033,-2.52761,2.32526,232.29088,2.19813,101.30994,0.10450,2.66616,4.88225,0.19922,0.16141,0.48391
137.55000,13.89157,-2.49385,2.32468,232.40712,2.20444,100.77132,0.10404,2.67146,4.94172,0.20050,0.16225,0.48291
137.60000,14.00286,-2.46037,2.32411,232.52334,2.31720,99.22655,0.09926,2.66488,5.69137,0.20066,0.16924,0.48171
137.65000,14.11422,-2.42722,2.32348,232.63952,2.32430,98.83132,0.09844,2.67134,5.78338,0.20210,0.16998,0.48038
137.70000,14.22566,-2.39445,2.32281,232.75567,2.33160,98.57514,0.09741,2.67811,5.87342,0.20356,0.17002,0.47914
137.75000,14.33719,-2.36210,2.32209,232.87178,2.33938,98.50349,0.09620,2.68485,5.95784,0.20499,0.16951,0.47800
137.80000,14.44880,-2.33017,2.32137,232.98784,2.44032,97.56119,0.09176,2.67915,6.38754,0.20526,0.17540,0.47679
137.85000,14.56048,-2.29863,2.32061,233.10386,2.44901,97.93545,0.09055,2.68512,6.42452,0.20668,0.17494,0.47562
137.90000,14.67221,-2.26741,2.31982,233.21982,2.45802,98.55669,0.08926,2.69065,6.45384,0.20802,0.17387,0.47467
137.95000,14.78396,-2.23640,2.31900,233.33571,2.46740,99.40908,0.08794,2.69571,6.47609,0.20929,0.17238,0.47391
138.00000,14.89567,-2.20543,2.31818,233.45152,2.55461,99.37006,0.08442,2.68828,6.87544,0.20933,0.17738,0.47315
138.05000,15.00729,-2.17427,2.31733,233.56725,2.56351,100.54167,0.08333,2.69211,6.89041,0.21047,0.17614,0.47243
138.10000,15.11874,-2.14266,2.31643,233.68286,2.57204,101.79194,0.08229,2.69559,6.89980,0.21151,0.17453,0.47191
138.15000,15.22990,-2.11023,2.31547,233.79835,2.58011,103.05605,0.08135,2.69865,6.90380,0.21241,0.17276,0.47154
138.20000,15.34066,-2.07661,2.31441,233.91368,2.58749,104.26668,0.08052,2.70130,6.90440,0.21319,0.17098,0.47128
138.25000,15.45084,-2.04133,2.31322,234.02882,2.59401,105.37001,0.07981,2.70356,6.90268,0.21382,0.16931,0.47109
138.30000,15.56024,-2.00388,2.31189,234.14375,2.59953,106.33092,0.07923,2.70545,6.89960,0.21432,0.16780,0.47097
138.35000,15.66860,-1.96374,2.31038,234.25843,2.60402,107.13652,0.07876,2.70702,6.89608,0.21470,0.16645,0.47089
138.40000,15.77563,-1.92040,2.30862,234.37284,2.60731,107.78220,0.07837,2.70850,6.89641,0.21504,0.16526,0.47080
138.45000,15.88094,-1.87327,2.30656,234.48693,2.60984,108.29923,0.07808,2.70959,6.89322,0.21517,0.16414,0.47077
138.50000,15.98408,-1.82181,2.30422,234.60070,2.61146,108.69541,0.07784,2.71056,6.89126,0.21521,0.16307,0.47075
138.55000,16.08452,-1.76552,2.30152,234.71412,2.61221,108.99017,0.07764,2.71151,6.89111,0.21516,0.16197,0.47073
138.60000,16.18164,-1.70395,2.29844,234.82719,2.61214,109.20494,0.07747,2.71252,6.89326,0.21505,0.16078,0.47072
138.65000,16.27471,-1.63670,2.29495,234.93990,2.61126,109.35903,0.07729,2.71367,6.89814,0.21487,0.15940,0.47070
138.70000,16.36295,-1.56352,2.29103,235.05228,2.60957,109.46811,0.07711,2.71503,6.90619,0.21462,0.15777,0.47067
138.75000,16.44546,-1.48424,2.28668,235.16435,2.60703,109.54440,0.07691,2.71668,6.91778,0.21430,0.15582,0.47064
138.80000,16.52131,-1.39888,2.28189,235.27615,2.60311,109.57639,0.07664,2.71906,6.94186,0.21411,0.15351,0.47053
138.85000,16.58952,-1.30760,2.27669,235.38772,2.59870,109.61654,0.07638,2.72139,6.95961,0.21356,0.15068,0.47049
138.90000,16.64908,-1.21079,2.27110,235.49912,2.59317,109.64693,0.07607,2.72415,6.98139,0.21288,0.14734,0.47046
138.95000,16.69904,-1.10902,2.26519,235.61039,2.58646,109.67193,0.07573,2.72736,7.00704,0.21205,0.14348,0.47043
139.00000,16.73852,-1.00307,2.25903,235.72160,2.57856,109.69529,0.07536,2.73095,7.03604,0.21106,0.13917,0.47041
139.05000,16.76674,-0.89391,2.25270,235.83283,2.56961,109.72023,0.07496,2.73483,7.06751,0.20993,0.13455,0.47041
139.10000,16.78312,-0.78267,2.24632,235.94405,2.55979,109.74960,0.07456,2.73885,7.10037,0.20867,0.12980,0.47042
139.15000,16.78723,-0.67064,2.23996,236.05523,2.54932,109.78614,0.07417,2.74287,7.13351,0.20733,0.12507,0.47046
139.20000,16.77891,-0.55916,2.23373,236.16649,2.53839,109.83289,0.07379,2.74676,7.16592,0.20591,0.12048,0.47052
139.25000,16.75822,-0.44962,2.22773,236.27779,2.52641,109.86280,0.07341,2.75094,7.20917,0.20477,0.11617,0.47051
139.30000,16.72545,-0.34337,2.22205,236.38903,2.51531,109.94748,0.07310,2.75413,7.23379,0.20318,0.11211,0.47069
139.35000,16.68112,-0.24171,2.21672,236.50025,2.50439,110.05373,0.07282,2.75687,7.25470,0.20157,0.10844,0.47090
139.40000,16.62596,-0.14578,2.21183,236.61145,2.49389,110.18510,0.07258,2.75905,7.27087,0.19998,0.10521,0.47118
139.45000,16.56083,-0.05661,2.20740,236.72244,2.48398,110.34556,0.07239,2.76058,7.28142,0.19841,0.10241,0.47151
139.50000,16.48674,0.02498,2.20336,236.83321,2.38708,111.51315,0.07292,2.77088,6.90636,0.19810,0.09681,0.47203
139.55000,16.40476,0.09836,2.19984,236.94384,2.37712,111.78140,0.07278,2.77131,6.89989,0.19652,0.09461,0.47272
139.60000,16.31599,0.16309,2.19679,237.05422,2.36784,112.07872,0.07268,2.77095,6.88781,0.19492,0.09282,0.47343
139.65000,16.22154,0.21894,2.19415,237.16427,2.35904,112.40044,0.07261,2.76981,6.86980,0.19327,0.09135,0.47419
139.70000,16.12248,0.26585,2.19189,237.27404,2.34969,112.70912,0.07257,2.76839,6.85751,0.19188,0.09016,0.47491
139.75000,16.01979,0.30387,2.18998,237.38355,2.23845,113.96667,0.07333,2.77513,6.44459,0.19133,0.08655,0.47589
139.80000,15.91439,0.33324,2.18836,237.49280,2.22904,114.30008,0.07337,2.77253,6.40768,0.18946,0.08551,0.47698
139.85000,15.80707,0.35424,2.18702,237.60180,2.21968,114.58266,0.07345,2.76950,6.37060,0.18757,0.08472,0.47801
139.90000,15.69856,0.36726,2.18590,237.71059,2.21007,114.79591,0.07356,2.76612,6.33380,0.18566,0.08411,0.47899
139.95000,15.58945,0.37273,2.18498,237.81919,2.19984,114.92081,0.07371,2.76250,6.29800,0.18369,0.08361,0.47993
140.00000,15.48026,0.37112,2.18432,237.92762,2.07124,115.81773,0.07480,2.76827,5.78661,0.18293,0.08092,0.48089
140.05000,15.37138,0.36298,2.18374,238.03592,2.05680,115.72960,0.07503,2.76502,5.71751,0.18075,0.08027,0.48190
140.10000,15.26315,0.34877,2.18332,238.14412,2.04084,115.50026,0.07529,2.76186,5.65951,0.17847,0.07969,0.48276
140.15000,15.15582,0.32900,2.18302,238.25225,2.02320,115.13012,0.07558,2.75890,5.61253,0.17609,0.07913,0.48350
140.20000,15.04953,0.30421,2.18290,238.36035,1.87429,115.50954,0.07705,2.76575,4.91093,0.17492,0.07657,0.48423
140.25000,14.94440,0.27494,2.18278,238.46845,1.85039,114.92265,0.07736,2.76396,4.89033,0.17246,0.07572,0.48493
140.30000,14.84049,0.24160,2.18272,238.57658,1.82556,114.27062,0.07768,2.76230,4.87030,0.16972,0.07484,0.48554
140.35000,14.73781,0.20465,2.18271,238.68475,1.79901,113.55843,0.07796,2.76110,4.86121,0.16689,0.07390,0.48604
140.40000,14.63634,0.16450,2.18274,238.79298,1.77086,112.80676,0.07819,2.76038,4.86191,0.16397,0.07288,0.48645
140.45000,14.53601,0.12156,2.18285,238.90130,1.60413,112.94524,0.07984,2.76947,4.31437,0.16230,0.07025,0.48687
140.50000,14.43671,0.07625,2.18289,239.00971,1.57245,112.20260,0.07994,2.76979,4.32121,0.15926,0.06902,0.48733
140.55000,14.33841,0.02885,2.18288,239.11821,1.67925,110.57362,0.07849,2.76100,4.89429,0.15504,0.06924,0.48761
140.60000,14.24102,-0.02043,2.18292,239.22681,1.65127,109.90857,0.07852,2.76136,4.92062,0.15232,0.06832,0.48772
140.65000,14.14443,-0.07125,2.18293,239.33550,1.62497,109.30799,0.07852,2.76163,4.94540,0.14982,0.06747,0.48785
140.70000,14.04852,-0.12335,2.18291,239.44427,1.60094,108.78280,0.07852,2.76163,4.96600,0.14756,0.06674,0.48802
140.75000,13.95320,-0.17651,2.18285,239.55312,1.71719,107.36153,0.07722,2.75163,5.65807,0.14430,0.06737,0.48815
140.80000,13.85840,-0.23058,2.18278,239.66204,1.69982,106.98051,0.07729,2.75045,5.67558,0.14260,0.06703,0.48824
140.85000,13.76398,-0.28532,2.18266,239.77102,1.68450,106.67899,0.07739,2.74876,5.68276,0.14115,0.06678,0.48842
140.90000,13.66986,-0.34055,2.18250,239.88004,1.67125,106.46102,0.07753,2.74652,5.67824,0.13986,0.06662,0.48870
140.95000,13.57594,-0.39610,2.18229,239.98908,1.65967,106.32691,0.07769,2.74377,5.66411,0.13873,0.06653,0.48906
141.00000,13.48215,-0.45185,2.18205,240.09815,1.78589,105.25319,0.07663,2.73008,6.19066,0.13642,0.06772,0.48944
141.05000,13.38845,-0.50772,2.18176,240.20730,1.77732,105.24935,0.07684,2.72580,6.17874,0.13544,0.06787,0.48980
141.10000,13.29474,-0.56356,2.18141,240.31652,1.76870,105.30807,0.07707,2.72101,6.16190,0.13446,0.06802,0.49029
141.15000,13.20098,-0.61926,2.18101,240.42569,1.75989,105.40224,0.07732,2.71573,6.14127,0.13344,0.06816,0.49086
141.20000,13.10711,-0.67474,2.18057,240.53478,1.88441,104.44266,0.07639,2.69846,6.49217,0.13114,0.06964,0.49146
141.25000,13.01312,-0.72997,2.18009,240.64380,1.87530,104.44711,0.07671,2.69182,6.47157,0.13009,0.06996,0.49198
141.30000,12.91894,-0.78482,2.17954,240.75277,1.86539,104.38031,0.07705,2.68513,6.45122,0.12904,0.07026,0.49251
141.35000,12.82453,-0.83923,2.17895,240.86170,1.85490,104.21291,0.07742,2.67858,6.43300,0.12802,0.07056,0.49303
141.40000,12.72987,-0.89313,2.17830,240.97058,1.84380,103.91306,0.07783,2.67231,6.41828,0.12705,0.07087,0.49349
141.45000,12.63492,-0.94646,2.17764,241.07940,1.96238,102.36001,0.07699,2.65310,6.78757,0.12487,0.07270,0.49387
141.50000,12.53967,-0.99917,2.17693,241.18814,1.95026,101.64967,0.07747,2.64677,6.78519,0.12400,0.07324,0.49405
141.55000,12.44404,-1.05112,2.17617,241.29682,1.93723,100.76413,0.07800,2.64090,6.78649,0.12317,0.07378,0.49419
141.60000,12.34800,-1.10221,2.17536,241.40540,1.92354,99.72333,0.07859,2.63548,6.79110,0.12238,0.07434,0.49428
141.65000,12.25146,-1.15228,2.17449,241.51388,1.90947,98.56388,0.07922,2.63045,6.79841,0.12164,0.07491,0.49433
141.70000,12.15435,-1.20112,2.17356,241.62223,1.89546,97.34035,0.07990,2.62580,6.80775,0.12095,0.07549,0.49434
141.75000,12.05657,-1.24850,2.17256,241.73044,1.88201,96.11744,0.08058,2.62153,6.81842,0.12033,0.07607,0.49433
141.80000,11.95803,-1.29414,2.17145,241.83848,1.86961,94.95460,0.08124,2.61766,6.82978,0.11981,0.07662,0.49430
141.85000,11.85859,-1.33765,2.17021,241.94633,1.85863,93.89702,0.08185,2.61418,6.84121,0.11940,0.07714,0.49426
141.90000,11.75814,-1.37860,2.16880,242.05394,1.84940,92.97674,0.08240,2.61107,6.85202,0.11909,0.07763,0.49421
141.95000,11.65658,-1.41649,2.16724,242.16129,1.84220,92.21279,0.08288,2.60827,6.86141,0.11891,0.07810,0.49417
142.00000,11.55384,-1.45079,2.16542,242.26833,1.83711,91.60755,0.08329,2.60573,6.86884,0.11885,0.07855,0.49413
142.05000,11.44990,-1.48089,2.16328,242.37504,1.83470,91.16054,0.08368,2.60303,6.86902,0.11878,0.07902,0.49413
142.10000,11.34478,-1.50610,2.16082,242.48139,1.83406,90.82307,0.08401,2.60059,6.87078,0.11895,0.07956,0.49411
142.15000,11.23861,-1.52570,2.15800,242.58734,1.83585,90.58305,0.08435,2.59791,6.86841,0.11925,0.08023,0.49411
142.20000,11.13162,-1.53898,2.15476,242.69291,1.84037,90.41893,0.08476,2.59477,6.86098,0.11972,0.08110,0.49412
142.25000,11.02416,-1.54519,2.15107,242.79810,1.84812,90.31301,0.08527,2.59089,6.84741,0.12038,0.08229,0.49416
142.30000,10.91674,-1.54364,2.14693,242.90293,1.85975,90.25181,0.08594,2.58595,6.82639,0.12130,0.08393,0.49423
142.35000,10.80999,-1.53366,2.14233,243.00744,1.87610,90.22549,0.08687,2.57955,6.79642,0.12256,0.08622,0.49433
142.40000,10.70471,-1.51469,2.13731,243.11169,1.89803,90.22697,0.08812,2.57130,6.75605,0.12425,0.08943,0.49446
142.45000,10.60185,-1.48631,2.13190,243.21575,1.92617,90.25085,0.08983,2.56087,6.70435,0.12645,0.09388,0.49463
142.50000,10.50246,-1.44826,2.12616,243.31969,1.96049,90.29274,0.09208,2.54809,6.64145,0.12920,0.09992,0.49484
142.55000,10.40770,-1.40049,2.12018,243.42360,2.00008,90.34725,0.09495,2.53313,6.56900,0.13248,0.10785,0.49506
142.60000,10.31876,-1.34316,2.11404,243.52757,2.04307,90.40962,0.09847,2.51654,6.49029,0.13616,0.11775,0.49530
142.65000,10.23685,-1.27667,2.10784,243.63163,2.08694,90.47155,0.10254,2.49928,6.40997,0.14004,0.12936,0.49551
142.70000,10.16310,-1.20166,2.10167,243.73576,2.12909,90.52481,0.10699,2.48247,6.33299,0.14389,0.14203,0.49570
142.75000,10.09858,-1.11897,2.09562,243.84002,2.16752,90.55996,0.11153,2.46719,6.26364,0.14752,0.15486,0.49583
142.80000,10.04417,-1.02966,2.08979,243.94440,2.20109,90.56362,0.11591,2.45427,6.20503,0.15080,0.16699,0.49588
142.85000,10.00060,-0.93490,2.08427,244.04877,2.22949,90.52153,0.11986,2.44426,6.15894,0.15369,0.17777,0.49586
142.90000,9.96836,-0.83600,2.07920,244.15306,2.17257,89.25185,0.12008,2.46618,5.74347,0.16440,0.19359,0.49916
142.95000,9.94769,-0.73429,2.07448,244.25733,2.19115,88.98482,0.12262,2.46299,5.69720,0.16658,0.20017,0.49914
143.00000,9.93865,-0.63113,2.07023,244.36144,2.20658,88.64793,0.12444,2.46323,5.68141,0.16861,0.20547,0.49888
143.05000,9.94107,-0.52780,2.06647,244.46517,2.21947,88.19770,0.12556,2.46690,5.69585,0.17060,0.20960,0.49841
143.10000,9.95458,-0.42550,2.06317,244.56857,2.23040,87.59504,0.12598,2.47408,5.74217,0.17266,0.21270,0.49769
143.15000,9.97864,-0.32531,2.06048,244.67173,2.15970,85.66720,0.12273,2.51056,5.30383,0.18251,0.22178,0.50025
143.20000,10.01255,-0.22814,2.05810,244.77456,2.16662,84.59389,0.12187,2.52428,5.40071,0.18488,0.22211,0.49927
143.25000,10.05557,-0.13477,2.05614,244.87701,2.17362,83.39021,0.12049,2.54088,5.52915,0.18752,0.22214,0.49795
143.30000,10.10689,-0.04579,2.05455,244.97914,2.18078,82.10428,0.11866,2.55948,5.68380,0.19035,0.22180,0.49637
143.35000,10.16568,0.03837,2.05329,245.08101,2.18817,80.82618,0.11652,2.57899,5.85660,0.19328,0.22104,0.49461
143.40000,10.23106,0.11745,2.05251,245.18264,2.11118,78.46140,0.11148,2.61975,5.52428,0.20370,0.22667,0.49643
143.45000,10.30218,0.19137,2.05176,245.28406,2.11729,77.43949,0.10911,2.63659,5.67725,0.20630,0.22370,0.49505
143.50000,10.37831,0.26007,2.05122,245.38532,2.12494,76.81074,0.10658,2.65186,5.82421,0.20879,0.22071,0.49369
143.55000,10.45874,0.32365,2.05085,245.48646,2.13442,76.65659,0.10388,2.66546,5.95909,0.21115,0.21752,0.49244
143.60000,10.54281,0.38232,2.05061,245.58752,2.14611,77.04616,0.10098,2.67751,6.03663,0.21340,0.21401,0.49133
143.65000,10.62992,0.43636,2.05064,245.68853,2.07375,76.80340,0.09612,2.70508,5.65789,0.22225,0.21684,0.49411
143.70000,10.71951,0.48618,2.05056,245.78957,2.08920,78.24672,0.09309,2.71373,5.73074,0.22417,0.21111,0.49366
143.75000,10.81117,0.53210,2.05055,245.89067,2.10813,80.28006,0.09001,2.72187,5.79581,0.22614,0.20543,0.49320
143.80000,10.90449,0.57453,2.05058,245.99186,2.12965,82.77911,0.08705,2.72958,5.85350,0.22812,0.19979,0.49275
143.85000,10.99914,0.61393,2.05064,246.09320,2.15241,85.56144,0.08436,2.73686,5.90470,0.23005,0.19430,0.49233
143.90000,11.09481,0.65080,2.05077,246.19473,2.08896,87.18636,0.08118,2.75743,5.44551,0.23758,0.19549,0.49564
143.95000,11.19121,0.68575,2.05078,246.29648,2.10839,89.79460,0.07939,2.76254,5.47320,0.23896,0.18932,0.49563
144.00000,11.28814,0.71918,2.05075,246.39847,2.12589,92.19346,0.07795,2.76720,5.50039,0.24017,0.18407,0.49554
144.05000,11.38540,0.75163,2.05067,246.50073,2.14076,94.29403,0.07682,2.77138,5.52626,0.24116,0.17961,0.49542
144.10000,11.48282,0.78361,2.05051,246.60328,2.15268,96.06462,0.07594,2.77505,5.55055,0.24195,0.17578,0.49528
144.15000,11.58021,0.81563,2.05026,246.70612,2.16166,97.51562,0.07526,2.77825,5.57303,0.24252,0.17244,0.49515
144.20000,11.67740,0.84821,2.04990,246.80926,2.16792,98.68348,0.07473,2.78102,5.59352,0.24289,0.16942,0.49503
144.25000,11.77421,0.88184,2.04941,246.91267,2.17179,99.61487,0.07431,2.78343,5.61186,0.24308,0.16661,0.49495
144.30000,11.87044,0.91699,2.04880,247.01632,2.17360,100.35524,0.07397,2.78552,5.62790,0.24310,0.16392,0.49488
144.35000,11.96589,0.95413,2.04806,247.12020,2.17364,100.94431,0.07369,2.78735,5.64162,0.24298,0.16128,0.49485
144.40000,12.06033,0.99367,2.04719,247.22424,2.17220,101.41569,0.07345,2.78896,5.65300,0.24272,0.15865,0.49485
144.45000,12.15350,1.03599,2.04620,247.32840,2.16950,101.79696,0.07325,2.79038,5.66210,0.24234,0.15601,0.49487
144.50000,12.24514,1.08141,2.04512,247.43262,2.16574,102.10995,0.07308,2.79165,5.66902,0.24186,0.15333,0.49492
144.55000,12.33496,1.13022,2.04394,247.53685,2.16105,102.37150,0.07292,2.79279,5.67398,0.24127,0.15060,0.49500
144.60000,12.42266,1.18262,2.04271,247.64104,2.15548,102.59438,0.07278,2.79383,5.67728,0.24059,0.14780,0.49509
144.65000,12.50792,1.23879,2.04142,247.74514,2.14911,102.78791,0.07264,2.79479,5.67911,0.23982,0.14495,0.49521
144.70000,12.59044,1.29880,2.04012,247.84910,2.14202,102.95852,0.07252,2.79567,5.67950,0.23896,0.14205,0.49535
144.75000,12.66990,1.36270,2.03881,247.95289,2.13436,103.11052,0.07240,2.79646,5.67822,0.23804,0.13916,0.49551
144.80000,12.74600,1.43046,2.03752,248.05648,2.12629,103.24701,0.07230,2.79713,5.67491,0.23705,0.13632,0.49568
144.85000,12.81847,1.50201,2.03627,248.15983,2.11790,103.37072,0.07220,2.79766,5.66928,0.23601,0.13357,0.49588
144.90000,12.88705,1.57720,2.03508,248.26293,2.10927,103.48444,0.07212,2.79806,5.66122,0.23493,0.13093,0.49610
144.95000,12.95152,1.65588,2.03395,248.36575,2.10042,103.59060,0.07204,2.79830,5.65082,0.23381,0.12841,0.49633
145.00000,13.01168,1.73782,2.03289,248.46832,2.09141,103.69052,0.07198,2.79840,5.63820,0.23265,0.12601,0.49658
145.05000,13.06738,1.82280,2.03191,248.57064,2.08229,103.78421,0.07192,2.79834,5.62337,0.23147,0.12376,0.49685
145.10000,13.11850,1.91056,2.03102,248.67272,2.07316,103.87080,0.07188,2.79810,5.60626,0.23028,0.12167,0.49714
145.15000,13.16496,2.00083,2.03022,248.77457,2.06342,103.93045,0.07184,2.79789,5.59985,0.22925,0.11980,0.49739
145.20000,13.20672,2.09332,2.02950,248.87622,2.05458,103.99958,0.07182,2.79724,5.57710,0.22806,0.11812,0.49771
145.25000,13.24376,2.18776,2.02885,248.97768,2.01241,106.19108,0.07281,2.79324,5.33174,0.22159,0.10875,0.49459
145.30000,13.27610,2.28388,2.02830,249.07899,2.00554,106.38746,0.07280,2.79302,5.30422,0.22051,0.10776,0.49485
145.35000,13.30379,2.38142,2.02783,249.18015,1.99849,106.52665,0.07282,2.79232,5.27454,0.21943,0.10691,0.49517
145.40000,13.32693,2.48012,2.02744,249.28119,1.99141,106.62077,0.07286,2.79120,5.24273,0.21836,0.10621,0.49553
145.45000,13.34562,2.57973,2.02714,249.38212,1.98446,106.67559,0.07293,2.78973,5.20898,0.21730,0.10569,0.49591
145.50000,13.35996,2.68005,2.02688,249.48298,1.94306,108.74536,0.07425,2.78464,4.97172,0.21051,0.09863,0.49279
145.55000,13.37011,2.78088,2.02671,249.58378,1.93812,108.85683,0.07436,2.78340,4.93586,0.20962,0.09861,0.49311
145.60000,13.37621,2.88202,2.02661,249.68452,1.93315,108.88744,0.07452,2.78165,4.89914,0.20875,0.09874,0.49348
145.65000,13.37843,2.98331,2.02658,249.78523,1.92836,108.85420,0.07472,2.77948,4.86170,0.20793,0.09902,0.49387
145.70000,13.37695,3.08463,2.02660,249.88592,1.92388,108.76848,0.07496,2.77697,4.82366,0.20716,0.09949,0.49427
145.75000,13.37192,3.18583,2.02669,249.98660,1.88418,110.61493,0.07688,2.77055,4.60371,0.20032,0.09394,0.49111
145.80000,13.36354,3.28681,2.02684,250.08728,1.88181,110.55310,0.07722,2.76826,4.56646,0.19975,0.09474,0.49143
145.85000,13.35199,3.38749,2.02705,250.18797,1.87941,110.40399,0.07763,2.76552,4.52943,0.19922,0.09567,0.49179
145.90000,13.33745,3.48780,2.02731,250.28869,1.87723,110.18192,0.07810,2.76244,4.49297,0.19876,0.09676,0.49215
145.95000,13.32010,3.58767,2.02763,250.38943,1.87548,109.89892,0.07863,2.75912,4.45731,0.19837,0.09804,0.49250
146.00000,13.30012,3.68707,2.02802,250.49022,1.83801,111.49579,0.08164,2.75151,4.26157,0.19166,0.09335,0.48922
146.05000,13.27767,3.78596,2.02848,250.59106,1.83870,111.22908,0.08236,2.74854,4.22955,0.19154,0.09485,0.48946
146.10000,13.25292,3.88433,2.02902,250.69194,1.83964,110.89661,0.08316,2.74527,4.19885,0.19149,0.09647,0.48971
146.15000,13.22603,3.98217,2.02964,250.79289,1.84096,110.51583,0.08403,2.74184,4.16979,0.19152,0.09824,0.48995
146.20000,13.19717,4.07948,2.03034,250.89390,1.84270,110.09668,0.08496,2.73835,4.14269,0.19163,0.10015,0.49017
146.25000,13.16650,4.17627,2.03110,250.99499,1.80806,111.54786,0.08968,2.73021,3.97486,0.18526,0.09569,0.48667
146.30000,13.13419,4.27256,2.03191,251.09616,1.81173,111.16226,0.09086,2.72736,3.95348,0.18561,0.09761,0.48674
146.35000,13.10038,4.36839,2.03278,251.19740,1.81549,110.73182,0.09208,2.72447,3.93437,0.18602,0.09958,0.48682
146.40000,13.06521,4.46377,2.03368,251.29873,1.81950,110.27788,0.09333,2.72167,3.91773,0.18651,0.10162,0.48686
146.45000,13.02883,4.55875,2.03462,251.40015,1.82384,109.81563,0.09457,2.71905,3.90372,0.18707,0.10370,0.48688
146.50000,12.99137,4.65336,2.03558,251.50164,1.82847,109.35506,0.09579,2.71670,3.89248,0.18770,0.10578,0.48685
146.55000,12.95295,4.74763,2.03656,251.60322,1.83331,108.90198,0.09694,2.71467,3.88416,0.18839,0.10784,0.48679
146.60000,12.91369,4.84161,2.03755,251.70486,1.87499,106.48115,0.09293,2.71812,4.01541,0.19563,0.11805,0.49037
146.65000,12.87368,4.93533,2.03854,251.80659,1.87910,105.96496,0.09379,2.71637,4.01316,0.19634,0.12019,0.49031
146.70000,12.83303,5.02883,2.03953,251.90839,1.88368,105.49708,0.09454,2.71521,4.01432,0.19710,0.12223,0.49016
146.75000,12.79182,5.12214,2.04051,252.01027,1.88863,105.07267,0.09517,2.71459,4.01876,0.19792,0.12415,0.48996
146.80000,12.75015,5.21529,2.04146,252.11222,1.89387,104.69076,0.09567,2.71448,4.02633,0.19878,0.12590,0.48970
146.85000,12.70807,5.30831,2.04240,252.21422,1.93520,102.24947,0.09128,2.71973,4.18359,0.20589,0.13748,0.49303
146.90000,12.66564,5.40122,2.04330,252.31628,1.93977,101.85163,0.09152,2.71984,4.19780,0.20673,0.13896,0.49280
146.95000,12.62292,5.49405,2.04417,252.41841,1.94488,101.53524,0.09163,2.72053,4.21466,0.20761,0.14028,0.49250
147.00000,12.57995,5.58681,2.04500,252.52059,1.95037,101.28970,0.09162,2.72169,4.23380,0.20853,0.14141,0.49216
147.05000,12.53676,5.67951,2.04579,252.62285,1.95613,101.10871,0.09151,2.72323,4.25492,0.20946,0.14234,0.49178
147.10000,12.49337,5.77216,2.04653,252.72527,1.99697,98.79391,0.08731,2.72964,4.43962,0.21623,0.15438,0.49496
147.15000,12.44978,5.86476,2.04722,252.82788,2.00194,98.61811,0.08710,2.73096,4.46582,0.21708,0.15487,0.49466
147.20000,12.40599,5.95730,2.04786,252.93054,2.00752,98.54694,0.08680,2.73271,4.49322,0.21795,0.15522,0.49431
147.25000,12.36200,6.04978,2.04844,253.03312,2.01353,98.56977,0.08643,2.73478,4.52126,0.21884,0.15540,0.49394
147.30000,12.31778,6.14218,2.04897,253.13558,2.01982,98.67730,0.08599,2.73705,4.54941,0.21972,0.15541,0.49356
147.35000,12.27330,6.23448,2.04946,253.23802,2.05996,96.60577,0.08247,2.74363,4.75693,0.22598,0.16744,0.49671
147.40000,12.22851,6.32666,2.04990,253.34048,2.06512,96.72068,0.08209,2.74519,4.78647,0.22671,0.16697,0.49646
147.45000,12.18336,6.41869,2.05029,253.44295,2.07067,96.93334,0.08168,2.74703,4.81535,0.22743,0.16644,0.49618
147.50000,12.13780,6.51053,2.05063,253.54545,2.07626,97.22182,0.08124,2.74909,4.84381,0.22812,0.16576,0.49590
147.55000,12.09174,6.60214,2.05094,253.64797,2.08138,97.56936,0.08077,2.75139,4.87273,0.22875,0.16477,0.49561
147.60000,12.04510,6.69348,2.05120,253.75054,2.11803,95.67979,0.07806,2.75781,5.10109,0.23425,0.17602,0.49877
147.65000,11.99782,6.78449,2.05143,253.85313,2.11984,95.96267,0.07766,2.75958,5.13531,0.23456,0.17390,0.49861
147.70000,11.94977,6.87512,2.05161,253.95575,2.12091,96.30934,0.07723,2.76176,5.17104,0.23479,0.17144,0.49843
147.75000,11.90086,6.96529,2.05175,254.05840,2.12400,96.69492,0.07687,2.76354,5.19891,0.23515,0.16988,0.49825
147.80000,11.85099,7.05495,2.05186,254.16109,2.12681,97.09818,0.07653,2.76540,5.22557,0.23548,0.16829,0.49807
147.85000,11.80004,7.14400,2.05192,254.26382,2.13021,97.50483,0.07623,2.76704,5.24791,0.23584,0.16706,0.49790
147.90000,11.74791,7.23236,2.05194,254.36658,2.13394,97.90544,0.07597,2.76850,5.26648,0.23621,0.16612,0.49774
147.95000,11.69447,7.31994,2.05192,254.46938,2.13711,98.29394,0.07572,2.76995,5.28405,0.23652,0.16509,0.49760
148.00000,11.63963,7.40664,2.05187,254.57222,2.13924,98.66627,0.07548,2.77149,5.30205,0.23673,0.16379,0.49747
148.05000,11.58326,7.49236,2.05178,254.67509,2.14043,99.01956,0.07524,2.77305,5.32019,0.23685,0.16227,0.49735
148.10000,11.52527,7.57698,2.05165,254.77798,2.14112,99.35175,0.07501,2.77454,5.33704,0.23691,0.16072,0.49726
148.15000,11.46555,7.66038,2.05149,254.88091,2.14165,99.65266,0.07481,2.77590,5.35627,0.23704,0.15943,0.49715
148.20000,11.40401,7.74244,2.05130,254.98385,2.14306,99.94180,0.07466,2.77681,5.36470,0.23714,0.15853,0.49710
148.25000,11.34057,7.82302,2.05108,255.08681,2.14473,100.22044,0.07454,2.77741,5.36827,0.23723,0.15790,0.49707
148.30000,11.27516,7.90200,2.05084,255.18978,2.14608,100.50534,0.07444,2.77777,5.36704,0.23727,0.15732,0.49709
148.35000,11.20773,7.97923,2.05057,255.29275,2.14363,100.80614,0.07428,2.77860,5.37142,0.23696,0.15540,0.49715
148.40000,11.13820,8.05458,2.05028,255.39572,2.14106,101.11797,0.07415,2.77908,5.37019,0.23661,0.15365,0.49726
148.45000,11.06656,8.12789,2.04999,255.49868,2.13591,101.41693,0.07398,2.77992,5.37454,0.23605,0.15107,0.49738
148.50000,10.99279,8.19903,2.04968,255.60163,2.12970,101.61281,0.07378,2.78135,5.39089,0.23545,0.14819,0.49741
148.55000,10.91687,8.26786,2.04936,255.70455,2.12287,101.81325,0.07360,2.78259,5.40423,0.23478,0.14530,0.49747
148.60000,10.83883,8.33425,2.04905,255.80746,2.11620,101.94541,0.07343,2.78394,5.42160,0.23415,0.14259,0.49749
148.65000,10.75870,8.39807,2.04874,255.91033,2.10937,102.05317,0.07327,2.78523,5.43860,0.23351,0.13998,0.49751
148.70000,10.67651,8.45919,2.04843,256.01317,2.10204,102.15416,0.07313,2.78637,5.45325,0.23281,0.13740,0.49756
148.75000,10.59233,8.51751,2.04814,256.11597,2.09391,102.23708,0.07300,2.78731,5.46475,0.23202,0.13485,0.49764
148.80000,10.50623,8.57293,2.04786,256.21872,2.08477,102.26084,0.07290,2.78807,5.47433,0.23115,0.13238,0.49775
148.85000,10.41829,8.62536,2.04760,256.32143,2.07466,102.19743,0.07282,2.78874,5.48435,0.23020,0.13000,0.49787
148.90000,10.32861,8.67472,2.04737,256.42409,2.06374,102.02540,0.07276,2.78945,5.49744,0.22922,0.12773,0.49795
148.95000,10.23728,8.72094,2.04716,256.52669,2.05325,101.86931,0.07268,2.79034,5.51353,0.22828,0.12545,0.49800
149.00000,10.14442,8.76399,2.04698,256.62923,2.04364,101.76986,0.07258,2.79140,5.53176,0.22739,0.12315,0.49803
149.05000,10.05015,8.80381,2.04683,256.73170,2.03372,101.72259,0.07250,2.79204,5.54082,0.22642,0.12095,0.49813
149.10000,9.95458,8.84040,2.04671,256.83411,2.02442,101.82206,0.07241,2.79230,5.54007,0.22540,0.11879,0.49833
149.15000,9.85784,8.87374,2.04662,256.93644,1.98119,104.12191,0.07342,2.78916,5.31539,0.21891,0.10887,0.49511
149.20000,9.76003,8.90383,2.04657,257.03871,1.97305,104.41678,0.07333,2.78956,5.29877,0.21781,0.10735,0.49534
149.25000,9.66130,8.93068,2.04656,257.14091,1.96421,104.63686,0.07329,2.78938,5.27791,0.21662,0.10596,0.49564
149.30000,9.56175,8.95433,2.04659,257.24307,1.95514,104.79625,0.07327,2.78890,5.25638,0.21541,0.10468,0.49597
149.35000,9.46149,8.97482,2.04666,257.34517,1.94635,104.94061,0.07325,2.78828,5.23619,0.21424,0.10349,0.49629
149.40000,9.36064,8.99217,2.04675,257.44728,1.90307,107.22301,0.07447,2.78430,5.01377,0.20729,0.09597,0.49310
149.45000,9.25931,9.00645,2.04689,257.54946,1.89696,107.57396,0.07439,2.78441,4.99747,0.20640,0.09514,0.49333
149.50000,9.15758,9.01769,2.04705,257.65164,1.89102,107.92017,0.07431,2.78420,4.98271,0.20559,0.09433,0.49359
149.55000,9.05556,9.02597,2.04725,257.75375,1.88302,108.03517,0.07433,2.78341,4.96650,0.20466,0.09374,0.49390
149.60000,8.95334,9.03133,2.04748,257.85586,1.83870,110.08677,0.07586,2.77880,4.75844,0.19749,0.08786,0.49064
149.65000,8.85099,9.03385,2.04777,257.95800,1.83102,110.14092,0.07596,2.77804,4.73785,0.19653,0.08762,0.49091
149.70000,8.74860,9.03362,2.04810,258.06015,1.82210,110.03310,0.07615,2.77664,4.71424,0.19545,0.08748,0.49125
149.75000,8.64623,9.03072,2.04847,258.16230,1.81296,109.85359,0.07638,2.77482,4.68846,0.19432,0.08741,0.49162
149.80000,8.54395,9.02525,2.04889,258.26445,1.80420,109.65482,0.07664,2.77276,4.66158,0.19321,0.08739,0.49200
149.85000,8.44180,9.01732,2.04937,258.36661,1.75905,111.38416,0.07889,2.76671,4.46121,0.18561,0.08270,0.48876
149.90000,8.33984,9.00704,2.04990,258.46877,1.75237,111.25505,0.07920,2.76501,4.43499,0.18464,0.08283,0.48907
149.95000,8.23810,8.99451,2.05048,258.57095,1.74557,111.05896,0.07957,2.76297,4.40914,0.18369,0.08301,0.48940
