t_s,x_m,y_m,v_mps,dist_m,q_c,q_l,q_v,r_d,r_a,r_dv,d_obs,k_v
0.00000,9.22738,9.00157,1.00065,0.05001,1.00000,50.00000,0.20000,1.00000,6.00000,0.10000,0.15000,0.45000
0.05000,9.17754,9.00623,1.00151,0.10025,1.00000,50.00000,0.20000,1.00000,6.00000,0.10000,0.15000,0.45000
0.10000,9.12762,9.01042,1.00240,0.15036,1.00000,50.00000,0.20000,1.00000,6.00000,0.10000,0.15000,0.45000
0.15000,9.07762,9.01417,1.00329,0.20029,1.00000,50.00000,0.20000,1.00000,6.00000,0.10000,0.15000,0.45000
0.20000,9.02754,9.01746,1.00418,0.25024,1.00000,50.00000,0.20000,1.00000,6.00000,0.10000,0.15000,0.45000
0.25000,8.97739,9.02030,1.00507,0.30033,1.00000,50.00000,0.20000,1.00000,6.00000,0.10000,0.15000,0.45000
0.30000,8.92717,9.02265,1.00597,0.35058,1.00000,50.00000,0.20000,1.00000,6.00000,0.10000,0.15000,0.45000
0.35000,8.87688,9.02451,1.00686,0.40097,1.00000,50.00000,0.20000,1.00000,6.00000,0.10000,0.15000,0.45000
0.40000,8.82654,9.02586,1.00776,0.45139,1.00000,50.00000,0.20000,1.00000,6.00000,0.10000,0.15000,0.45000
0.45000,8.77613,9.02668,1.00866,0.50182,1.00000,50.00000,0.20000,1.00000,6.00000,0.10000,0.15000,0.45000
0.50000,8.72568,9.02697,1.00956,0.55225,1.00000,50.00000,0.20000,1.00000,6.00000,0.10000,0.15000,0.45000
0.55000,8.67518,9.02671,1.01047,0.60268,1.00000,50.00000,0.20000,1.00000,6.00000,0.10000,0.15000,0.45000
0.60000,8.62464,9.02590,1.01139,0.65310,1.00000,50.00000,0.20000,1.00000,6.00000,0.10000,0.15000,0.45000
0.65000,8.57407,9.02452,1.01230,0.70353,1.00000,50.00000,0.20000,1.00000,6.00000,0.10000,0.15000,0.45000
0.70000,8.52347,9.02257,1.01323,0.75396,1.00000,50.00000,0.20000,1.00000,6.00000,0.10000,0.15000,0.45000
0.75000,8.47284,9.02004,1.01416,0.80442,1.00000,50.00000,0.20000,1.00000,6.00000,0.10000,0.15000,0.45000
0.80000,8.42221,9.01693,1.01511,0.85490,1.00000,50.00000,0.20000,1.00000,6.00000,0.10000,0.15000,0.45000
0.85000,8.37156,9.01323,1.01605,0.90541,1.00000,50.00000,0.20000,1.00000,6.00000,0.10000,0.15000,0.45000
0.90000,8.32092,9.00896,1.01701,0.95595,1.00000,50.00000,0.20000,1.00000,6.00000,0.10000,0.15000,0.45000
0.95000,8.27028,9.00409,1.01798,1.00653,1.00000,50.00000,0.20000,1.00000,6.00000,0.10000,0.15000,0.45000
1.00000,8.21965,8.99865,1.01896,1.05715,1.00000,50.00000,0.20000,1.00000,6.00000,0.10000,0.15000,0.45000
1.05000,8.16903,8.99262,1.01995,1.10781,1.00000,50.00000,0.20000,1.00000,6.00000,0.10000,0.15000,0.45000
1.10000,8.11844,8.98602,1.02095,1.15852,1.00000,50.00000,0.20000,1.00000,6.00000,0.10000,0.15000,0.45000
1.15000,8.06787,8.97885,1.02196,1.20928,1.00000,50.00000,0.20000,1.00000,6.00000,0.10000,0.15000,0.45000
1.20000,8.01733,8.97113,1.02298,1.26009,1.00000,50.00000,0.20000,1.00000,6.00000,0.10000,0.15000,0.45000
1.25000,7.96683,8.96285,1.02401,1.31095,1.00000,50.00000,0.20000,1.00000,6.00000,0.10000,0.15000,0.45000
1.30000,7.91637,8.95403,1.02506,1.36187,1.00000,50.00000,0.20000,1.00000,6.00000,0.10000,0.15000,0.45000
1.35000,7.86595,8.94468,1.02611,1.41285,1.00000,50.00000,0.20000,1.00000,6.00000,0.10000,0.15000,0.45000
1.40000,7.81558,8.93481,1.02718,1.46388,1.00000,50.00000,0.20000,1.00000,6.00000,0.10000,0.15000,0.45000
1.45000,7.76525,8.92444,1.02826,1.51498,1.00000,50.00000,0.20000,1.00000,6.00000,0.10000,0.15000,0.45000
1.50000,7.71497,8.91357,1.02935,1.56614,1.00000,50.00000,0.20000,1.00000,6.00000,0.10000,0.15000,0.45000
1.55000,7.66474,8.90224,1.03045,1.61736,1.00000,50.00000,0.20000,1.00000,6.00000,0.10000,0.15000,0.45000
1.60000,7.61456,8.89044,1.03156,1.66864,1.00000,50.00000,0.20000,1.00000,6.00000,0.10000,0.15000,0.45000
1.65000,7.56442,8.87820,1.03269,1.72000,1.00000,50.00000,0.20000,1.00000,6.00000,0.10000,0.15000,0.45000
1.70000,7.51434,8.86554,1.03382,1.77142,1.00000,50.00000,0.20000,1.00000,6.00000,0.10000,0.15000,0.45000
1.75000,7.46430,8.85247,1.03497,1.82291,1.00000,50.00000,0.20000,1.00000,6.00000,0.10000,0.15000,0.45000
1.80000,7.41430,8.83901,1.03613,1.87448,1.00000,50.00000,0.20000,1.00000,6.00000,0.10000,0.15000,0.45000
1.85000,7.36434,8.82518,1.03731,1.92611,1.00000,50.00000,0.20000,1.00000,6.00000,0.10000,0.15000,0.45000
1.90000,7.31442,8.81100,1.03849,1.97781,1.00000,50.00000,0.20000,1.00000,6.00000,0.10000,0.15000,0.45000
1.95000,7.26453,8.79649,1.03969,2.02959,1.00000,50.00000,0.20000,1.00000,6.00000,0.10000,0.15000,0.45000
2.00000,7.21468,8.78167,1.04090,2.08144,1.00000,50.00000,0.20000,1.00000,6.00000,0.10000,0.15000,0.45000
2.05000,7.16484,8.76656,1.04212,2.13337,1.00000,50.00000,0.20000,1.00000,6.00000,0.10000,0.15000,0.45000
2.10000,7.11503,8.75118,1.04335,2.18537,1.00000,50.00000,0.20000,1.00000,6.00000,0.10000,0.15000,0.45000
2.15000,7.06522,8.73555,1.04459,2.23744,1.00000,50.00000,0.20000,1.00000,6.00000,0.10000,0.15000,0.45000
2.20000,7.01543,8.71968,1.04585,2.28959,1.00000,50.00000,0.20000,1.00000,6.00000,0.10000,0.15000,0.45000
2.25000,6.96564,8.70360,1.04711,2.34181,1.00000,50.00000,0.20000,1.00000,6.00000,0.10000,0.15000,0.45000
2.30000,6.91584,8.68734,1.04839,2.39411,1.00000,50.00000,0.20000,1.00000,6.00000,0.10000,0.15000,0.45000
2.35000,6.86603,8.67090,1.04968,2.44648,1.00000,50.00000,0.20000,1.00000,6.00000,0.10000,0.15000,0.45000
2.40000,6.81620,8.65431,1.05098,2.49893,1.00000,50.00000,0.20000,1.00000,6.00000,0.10000,0.15000,0.45000
2.45000,6.76635,8.63758,1.05229,2.55145,1.00000,50.00000,0.20000,1.00000,6.00000,0.10000,0.15000,0.45000
2.50000,6.71647,8.62074,1.05362,2.60405,1.00000,50.00000,0.20000,1.00000,6.00000,0.10000,0.15000,0.45000
2.55000,6.66655,8.60380,1.05495,2.65672,1.00000,50.00000,0.20000,1.00000,6.00000,0.10000,0.15000,0.45000
2.60000,6.61659,8.58679,1.05630,2.70947,1.00000,50.00000,0.20000,1.00000,6.00000,0.10000,0.15000,0.45000
2.65000,6.56657,8.56971,1.05766,2.76229,1.00000,50.00000,0.20000,1.00000,6.00000,0.10000,0.15000,0.45000
2.70000,6.51650,8.55259,1.05903,2.81518,1.00000,50.00000,0.20000,1.00000,6.00000,0.10000,0.15000,0.45000
2.75000,6.46637,8.53543,1.06041,2.86815,1.00000,50.00000,0.20000,1.00000,6.00000,0.10000,0.15000,0.45000
2.80000,6.41617,8.51827,1.06181,2.92119,1.00000,50.00000,0.20000,1.00000,6.00000,0.10000,0.15000,0.45000
2.85000,6.36589,8.50111,1.06321,2.97431,1.00000,50.00000,0.20000,1.00000,6.00000,0.10000,0.15000,0.45000
2.90000,6.31553,8.48396,1.06463,3.02749,1.00000,50.00000,0.20000,1.00000,6.00000,0.10000,0.15000,0.45000
2.95000,6.26509,8.46685,1.06605,3.08076,1.00000,50.00000,0.20000,1.00000,6.00000,0.10000,0.15000,0.45000
3.00000,6.21456,8.44977,1.06749,3.13409,1.00000,50.00000,0.20000,1.00000,6.00000,0.10000,0.15000,0.45000
3.05000,6.16393,8.43276,1.06894,3.18750,1.00000,50.00000,0.20000,1.00000,6.00000,0.10000,0.15000,0.45000
3.10000,6.11320,8.41581,1.07040,3.24099,1.00000,50.00000,0.20000,1.00000,6.00000,0.10000,0.15000,0.45000
3.15000,6.06237,8.39895,1.07188,3.29455,1.00000,50.00000,0.20000,1.00000,6.00000,0.10000,0.15000,0.45000
3.20000,6.01143,8.38217,1.07336,3.34818,1.00000,50.00000,0.20000,1.00000,6.00000,0.10000,0.15000,0.45000
3.25000,5.96038,8.36549,1.07484,3.40189,1.00000,50.00000,0.20000,1.00000,6.00000,0.10000,0.15000,0.45000
3.30000,5.90922,8.34892,1.07633,3.45567,1.00000,50.00000,0.20000,1.00000,6.00000,0.10000,0.15000,0.45000
3.35000,5.85794,8.33247,1.07785,3.50953,1.00000,50.00000,0.20000,1.00000,6.00000,0.10000,0.15000,0.45000
3.40000,5.80654,8.31615,1.07941,3.56346,1.00000,50.00000,0.20000,1.00000,6.00000,0.10000,0.15000,0.45000
3.45000,5.75501,8.29996,1.08102,3.61747,1.00000,50.00000,0.20000,1.00000,6.00000,0.10000,0.15000,0.45000
3.50000,5.70335,8.28393,1.08269,3.67156,1.00000,50.00000,0.20000,1.00000,6.00000,0.10000,0.15000,0.45000
3.55000,5.65155,8.26806,1.08441,3.72573,1.00000,50.00000,0.20000,1.00000,6.00000,0.10000,0.15000,0.45000
3.60000,5.59960,8.25236,1.08617,3.77999,1.00000,50.00000,0.20000,1.00000,6.00000,0.10000,0.15000,0.45000
3.65000,5.54752,8.23682,1.08797,3.83434,1.00000,50.00000,0.20000,1.00000,6.00000,0.10000,0.15000,0.45000
3.70000,5.49529,8.22146,1.08981,3.88877,1.00000,50.00000,0.20000,1.00000,6.00000,0.10000,0.15000,0.45000
3.75000,5.44291,8.20627,1.09168,3.94330,1.00000,50.00000,0.20000,1.00000,6.00000,0.10000,0.15000,0.45000
3.80000,5.39038,8.19126,1.09358,3.99793,1.00000,50.00000,0.20000,1.00000,6.00000,0.10000,0.15000,0.45000
3.85000,5.33770,8.17642,1.09551,4.05265,1.00000,50.00000,0.20000,1.00000,6.00000,0.10000,0.15000,0.45000
3.90000,5.28487,8.16176,1.09747,4.10745,1.00000,50.00000,0.20000,1.00000,6.00000,0.10000,0.15000,0.45000
3.95000,5.23190,8.14727,1.09945,4.16235,1.00000,50.00000,0.20000,1.00000,6.00000,0.10000,0.15000,0.45000
4.00000,5.17877,8.13295,1.10145,4.21734,1.00000,50.00000,0.20000,1.00000,6.00000,0.10000,0.15000,0.45000
4.05000,5.12550,8.11879,1.10347,4.27244,1.00000,50.00000,0.20000,1.00000,6.00000,0.10000,0.15000,0.45000
4.10000,5.07207,8.10479,1.10550,4.32767,1.00000,50.00000,0.20000,1.00000,6.00000,0.10000,0.15000,0.45000
4.15000,5.01851,8.09095,1.10753,4.38302,1.00000,50.00000,0.20000,1.00000,6.00000,0.10000,0.15000,0.45000
4.20000,4.96480,8.07726,1.10958,4.43847,1.00000,50.00000,0.20000,1.00000,6.00000,0.10000,0.15000,0.45000
4.25000,4.91095,8.06371,1.11162,4.49392,1.00000,50.00000,0.20000,1.00000,6.00000,0.10000,0.15000,0.45000
4.30000,4.85696,8.05029,1.11367,4.54937,1.00000,50.00000,0.20000,1.00000,6.00000,0.10000,0.15000,0.45000
4.35000,4.80283,8.03700,1.11571,4.60490,1.00000,50.00000,0.20000,1.00000,6.00000,0.10000,0.15000,0.45000
4.40000,4.74857,8.02383,1.11775,4.66083,1.00000,50.00000,0.20000,1.00000,6.00000,0.10000,0.15000,0.45000
4.45000,4.69418,8.01077,1.11977,4.71741,1.00000,50.00000,0.20000,1.00000,6.00000,0.10000,0.15000,0.45000
4.50000,4.63966,7.99782,1.12179,4.77462,1.00000,50.00000,0.20000,1.00000,6.00000,0.10000,0.15000,0.45000
4.55000,4.58501,7.98496,1.12378,4.83204,1.00000,50.00000,0.20000,1.00000,6.00000,0.10000,0.15000,0.45000
4.60000,4.53024,7.97218,1.12576,4.88915,1.00000,50.00000,0.20000,1.00000,6.00000,0.10000,0.15000,0.45000
4.65000,4.47535,7.95948,1.12771,4.94582,1.00000,50.00000,0.20000,1.00000,6.00000,0.10000,0.15000,0.45000
4.70000,4.42035,7.94686,1.12965,5.00219,1.00000,50.00000,0.20000,1.00000,6.00000,0.10000,0.15000,0.45000
4.75000,4.36524,7.93429,1.13158,5.05860,1.00000,50.00000,0.20000,1.00000,6.00000,0.10000,0.15000,0.45000
4.80000,4.31001,7.92177,1.13348,5.11517,1.00000,50.00000,0.20000,1.00000,6.00000,0.10000,0.15000,0.45000
4.85000,4.25468,7.90929,1.13536,5.17190,1.00000,50.00000,0.20000,1.00000,6.00000,0.10000,0.15000,0.45000
4.90000,4.19924,7.89684,1.13723,5.22874,1.00000,50.00000,0.20000,1.00000,6.00000,0.10000,0.15000,0.45000
4.95000,4.14371,7.88442,1.13907,5.28566,1.00000,50.00000,0.20000,1.00000,6.00000,0.10000,0.15000,0.45000
5.00000,4.08808,7.87200,1.14090,5.34265,1.00000,50.00000,0.20000,1.00000,6.00000,0.10000,0.15000,0.45000
5.05000,4.03236,7.85958,1.14271,5.39971,1.00000,50.00000,0.20000,1.00000,6.00000,0.10000,0.15000,0.45000
5.10000,3.97654,7.84715,1.14449,5.45688,1.00000,50.00000,0.20000,1.00000,6.00000,0.10000,0.15000,0.45000
5.15000,3.92065,7.83469,1.14626,5.51413,1.00000,50.00000,0.20000,1.00000,6.00000,0.10000,0.15000,0.45000
5.20000,3.86467,7.82220,1.14801,5.57148,1.00000,50.00000,0.20000,1.00000,6.00000,0.10000,0.15000,0.45000
5.25000,3.80861,7.80966,1.14974,5.62892,1.00000,50.00000,0.20000,1.00000,6.00000,0.10000,0.15000,0.45000
5.30000,3.75248,7.79706,1.15145,5.68644,1.00000,50.00000,0.20000,1.00000,6.00000,0.10000,0.15000,0.45000
5.35000,3.69627,7.78439,1.15313,5.74404,1.00000,50.00000,0.20000,1.00000,6.00000,0.10000,0.15000,0.45000
5.40000,3.64000,7.77163,1.15480,5.80173,1.00000,50.00000,0.20000,1.00000,6.00000,0.10000,0.15000,0.45000
5.45000,3.58367,7.75877,1.15645,5.85951,1.00000,50.00000,0.20000,1.00000,6.00000,0.10000,0.15000,0.45000
5.50000,3.52728,7.74581,1.15808,5.91737,1.00000,50.00000,0.20000,1.00000,6.00000,0.10000,0.15000,0.45000
5.55000,3.47083,7.73271,1.15969,5.97530,1.00000,50.00000,0.20000,1.00000,6.00000,0.10000,0.15000,0.45000
5.60000,3.41434,7.71948,1.16128,6.03333,1.00000,50.00000,0.20000,1.00000,6.00000,0.10000,0.15000,0.45000
5.65000,3.35780,7.70610,1.16285,6.09143,1.00000,50.00000,0.20000,1.00000,6.00000,0.10000,0.15000,0.45000
5.70000,3.30121,7.69255,1.16440,6.14961,1.00000,50.00000,0.20000,1.00000,6.00000,0.10000,0.15000,0.45000
5.75000,3.24460,7.67881,1.16594,6.20787,1.00000,50.00000,0.20000,1.00000,6.00000,0.10000,0.15000,0.45000
5.80000,3.18795,7.66488,1.16745,6.26620,1.00000,50.00000,0.20000,1.00000,6.00000,0.10000,0.15000,0.45000
5.85000,3.13128,7.65074,1.16894,6.32462,1.00000,50.00000,0.20000,1.00000,6.00000,0.10000,0.15000,0.45000
5.90000,3.07459,7.63638,1.17042,6.38311,1.00000,50.00000,0.20000,1.00000,6.00000,0.10000,0.15000,0.45000
5.95000,3.01788,7.62177,1.17188,6.44167,1.00000,50.00000,0.20000,1.00000,6.00000,0.10000,0.15000,0.45000
6.00000,2.96116,7.60691,1.17331,6.50031,1.00000,50.00000,0.20000,1.00000,6.00000,0.10000,0.15000,0.45000
6.05000,2.90445,7.59178,1.17473,6.55903,1.00000,50.00000,0.20000,1.00000,6.00000,0.10000,0.15000,0.45000
6.10000,2.84773,7.57635,1.17614,6.61781,1.00000,50.00000,0.20000,1.00000,6.00000,0.10000,0.15000,0.45000
6.15000,2.79103,7.56063,1.17752,6.67667,1.00000,50.00000,0.20000,1.00000,6.00000,0.10000,0.15000,0.45000
6.20000,2.73435,7.54459,1.17889,6.73560,1.00000,50.00000,0.20000,1.00000,6.00000,0.10000,0.15000,0.45000
6.25000,2.67769,7.52822,1.18025,6.79460,1.00000,50.00000,0.20000,1.00000,6.00000,0.10000,0.15000,0.45000
6.30000,2.62106,7.51150,1.18158,6.85366,1.00000,50.00000,0.20000,1.00000,6.00000,0.10000,0.15000,0.45000
6.35000,2.56447,7.49441,1.18290,6.91280,1.00000,50.00000,0.20000,1.00000,6.00000,0.10000,0.15000,0.45000
6.40000,2.50793,7.47694,1.18421,6.97200,1.00000,50.00000,0.20000,1.00000,6.00000,0.10000,0.15000,0.45000
6.45000,2.45144,7.45908,1.18550,7.03127,1.00000,50.00000,0.20000,1.00000,6.00000,0.10000,0.15000,0.45000
6.50000,2.39502,7.44080,1.18678,7.09060,1.00000,50.00000,0.20000,1.00000,6.00000,0.10000,0.15000,0.45000
6.55000,2.33868,7.42210,1.18805,7.15000,1.00000,50.00000,0.20000,1.00000,6.00000,0.10000,0.15000,0.45000
6.60000,2.28241,7.40295,1.18930,7.20946,1.00000,50.00000,0.20000,1.00000,6.00000,0.10000,0.15000,0.45000
6.65000,2.22624,7.38335,1.19054,7.26899,1.00000,50.00000,0.20000,1.00000,6.00000,0.10000,0.15000,0.45000
6.70000,2.17017,7.36327,1.19178,7.32857,1.00000,50.00000,0.20000,1.00000,6.00000,0.10000,0.15000,0.45000
6.75000,2.11421,7.34270,1.19300,7.38822,1.00000,50.00000,0.20000,1.00000,6.00000,0.10000,0.15000,0.45000
6.80000,2.05837,7.32162,1.19421,7.44793,1.00000,50.00000,0.20000,1.00000,6.00000,0.10000,0.15000,0.45000
6.85000,2.00267,7.30003,1.19542,7.50769,1.00000,50.00000,0.20000,1.00000,6.00000,0.10000,0.15000,0.45000
6.90000,1.94712,7.27790,1.19662,7.56752,1.00000,50.00000,0.20000,1.00000,6.00000,0.10000,0.15000,0.45000
6.95000,1.89172,7.25522,1.19781,7.62740,1.00000,50.00000,0.20000,1.00000,6.00000,0.10000,0.15000,0.45000
7.00000,1.83649,7.23198,1.19900,7.68734,1.00000,50.00000,0.20000,1.00000,6.00000,0.10000,0.15000,0.45000
7.05000,1.78144,7.20817,1.20018,7.74734,1.00000,50.00000,0.20000,1.00000,6.00000,0.10000,0.15000,0.45000
7.10000,1.72658,7.18377,1.20135,7.80740,1.00000,50.00000,0.20000,1.00000,6.00000,0.10000,0.15000,0.45000
7.15000,1.67193,7.15877,1.20252,7.86751,1.00000,50.00000,0.20000,1.00000,6.00000,0.10000,0.15000,0.45000
7.20000,1.61750,7.13316,1.20369,7.92768,1.00000,50.00000,0.20000,1.00000,6.00000,0.10000,0.15000,0.45000
7.25000,1.56330,7.10693,1.20485,7.98790,1.00000,50.00000,0.20000,1.00000,6.00000,0.10000,0.15000,0.45000
7.30000,1.50934,7.08008,1.20601,8.04818,1.00000,50.00000,0.20000,1.00000,6.00000,0.10000,0.15000,0.45000
7.35000,1.45564,7.05259,1.20716,8.10851,1.00000,50.00000,0.20000,1.00000,6.00000,0.10000,0.15000,0.45000
7.40000,1.40221,7.02446,1.20831,8.16891,1.00000,50.00000,0.20000,1.00000,6.00000,0.10000,0.15000,0.45000
7.45000,1.34905,6.99568,1.20945,8.22936,1.00000,50.00000,0.20000,1.00000,6.00000,0.10000,0.15000,0.45000
7.50000,1.29619,6.96625,1.21059,8.28986,1.00000,50.00000,0.20000,1.00000,6.00000,0.10000,0.15000,0.45000
7.55000,1.24364,6.93616,1.21172,8.35043,1.00000,50.00000,0.20000,1.00000,6.00000,0.10000,0.15000,0.45000
7.60000,1.19140,6.90542,1.21284,8.41105,1.00000,50.00000,0.20000,1.00000,6.00000,0.10000,0.15000,0.45000
7.65000,1.13949,6.87402,1.21396,8.47173,1.00000,50.00000,0.20000,1.00000,6.00000,0.10000,0.15000,0.45000
7.70000,1.08792,6.84196,1.21508,8.53247,1.00000,50.00000,0.20000,1.00000,6.00000,0.10000,0.15000,0.45000
7.75000,1.03670,6.80923,1.21618,8.59327,1.00000,50.00000,0.20000,1.00000,6.00000,0.10000,0.15000,0.45000
7.80000,0.98584,6.77585,1.21728,8.65412,1.00000,50.00000,0.20000,1.00000,6.00000,0.10000,0.15000,0.45000
7.85000,0.93535,6.74181,1.21837,8.71503,1.00000,50.00000,0.20000,1.00000,6.00000,0.10000,0.15000,0.45000
7.90000,0.88524,6.70712,1.21945,8.77598,1.00000,50.00000,0.20000,1.00000,6.00000,0.10000,0.15000,0.45000
7.95000,0.83553,6.67177,1.22052,8.83699,1.00000,50.00000,0.20000,1.00000,6.00000,0.10000,0.15000,0.45000
8.00000,0.78622,6.63577,1.22158,8.89804,1.00000,50.00000,0.20000,1.00000,6.00000,0.10000,0.15000,0.45000
8.05000,0.73732,6.59913,1.22264,8.95914,1.00000,50.00000,0.20000,1.00000,6.00000,0.10000,0.15000,0.45000
8.10000,0.68884,6.56184,1.22368,9.02029,1.00000,50.00000,0.20000,1.00000,6.00000,0.10000,0.15000,0.45000
8.15000,0.64080,6.52392,1.22471,9.08148,1.00000,50.00000,0.20000,1.00000,6.00000,0.10000,0.15000,0.45000
8.20000,0.59319,6.48536,1.22574,9.14271,1.00000,50.00000,0.20000,1.00000,6.00000,0.10000,0.15000,0.45000
8.25000,0.54604,6.44617,1.22675,9.20399,1.00000,50.00000,0.20000,1.00000,6.00000,0.10000,0.15000,0.45000
8.30000,0.49935,6.40636,1.22775,9.26532,1.00000,50.00000,0.20000,1.00000,6.00000,0.10000,0.15000,0.45000
8.35000,0.45312,6.36593,1.22874,9.32668,1.00000,50.00000,0.20000,1.00000,6.00000,0.10000,0.15000,0.45000
8.40000,0.40738,6.32488,1.22972,9.38809,1.00000,50.00000,0.20000,1.00000,6.00000,0.10000,0.15000,0.45000
8.45000,0.36213,6.28322,1.23069,9.44955,1.00000,50.00000,0.20000,1.00000,6.00000,0.10000,0.15000,0.45000
8.50000,0.31737,6.24095,1.23165,9.51104,1.00000,50.00000,0.20000,1.00000,6.00000,0.10000,0.15000,0.45000
8.55000,0.27313,6.19808,1.23261,9.57258,1.00000,50.00000,0.20000,1.00000,6.00000,0.10000,0.15000,0.45000
8.60000,0.22941,6.15461,1.23355,9.63417,1.00000,50.00000,0.20000,1.00000,6.00000,0.10000,0.15000,0.45000
8.65000,0.18623,6.11054,1.23448,9.69579,1.00000,50.00000,0.20000,1.00000,6.00000,0.10000,0.15000,0.45000
8.70000,0.14359,6.06588,1.23541,9.75747,1.00000,50.00000,0.20000,1.00000,6.00000,0.10000,0.15000,0.45000
8.75000,0.10150,6.02063,1.23632,9.81918,1.00000,50.00000,0.20000,1.00000,6.00000,0.10000,0.15000,0.45000
8.80000,0.05999,5.97480,1.23723,9.88093,1.00000,50.00000,0.20000,1.00000,6.00000,0.10000,0.15000,0.45000
8.85000,0.01905,5.92839,1.23813,9.94273,1.00000,50.00000,0.20000,1.00000,6.00000,0.10000,0.15000,0.45000
8.90000,-0.02128,5.88140,1.23902,10.00458,1.00000,50.00000,0.20000,1.00000,6.00000,0.10000,0.15000,0.45000
8.95000,-0.06101,5.83384,1.23991,10.06646,1.00000,50.00000,0.20000,1.00000,6.00000,0.10000,0.15000,0.45000
9.00000,-0.10013,5.78571,1.24079,10.12839,1.00000,50.00000,0.20000,1.00000,6.00000,0.10000,0.15000,0.45000
9.05000,-0.13860,5.73702,1.24166,10.19036,1.00000,50.00000,0.20000,1.00000,6.00000,0.10000,0.15000,0.45000
9.10000,-0.17643,5.68776,1.24253,10.25237,1.00000,50.00000,0.20000,1.00000,6.00000,0.10000,0.15000,0.45000
9.15000,-0.21360,5.63795,1.24340,10.31442,1.00000,50.00000,0.20000,1.00000,6.00000,0.10000,0.15000,0.45000
9.20000,-0.25009,5.58760,1.24426,10.37652,1.00000,50.00000,0.20000,1.00000,6.00000,0.10000,0.15000,0.45000
9.25000,-0.28590,5.53669,1.24512,10.43866,1.00000,50.00000,0.20000,1.00000,6.00000,0.10000,0.15000,0.45000
9.30000,-0.32100,5.48525,1.24597,10.50084,1.00000,50.00000,0.20000,1.00000,6.00000,0.10000,0.15000,0.45000
9.35000,-0.35539,5.43328,1.24683,10.56305,1.00000,50.00000,0.20000,1.00000,6.00000,0.10000,0.15000,0.45000
9.40000,-0.38905,5.38078,1.24768,10.62528,1.00000,50.00000,0.20000,1.00000,6.00000,0.10000,0.15000,0.45000
9.45000,-0.42197,5.32777,1.24853,10.68756,1.00000,50.00000,0.20000,1.00000,6.00000,0.10000,0.15000,0.45000
9.50000,-0.45414,5.27424,1.24938,10.74988,1.00000,50.00000,0.20000,1.00000,6.00000,0.10000,0.15000,0.45000
9.55000,-0.48554,5.22022,1.25023,10.81227,1.00000,50.00000,0.20000,1.00000,6.00000,0.10000,0.15000,0.45000
9.60000,-0.51617,5.16570,1.25109,10.87471,1.00000,50.00000,0.20000,1.00000,6.00000,0.10000,0.15000,0.45000
9.65000,-0.54601,5.11069,1.25194,10.93718,1.00000,50.00000,0.20000,1.00000,6.00000,0.10000,0.15000,0.45000
9.70000,-0.57505,5.05522,1.25280,10.99965,1.00000,50.00000,0.20000,1.00000,6.00000,0.10000,0.15000,0.45000
9.75000,-0.60328,4.99928,1.25366,11.06215,1.00000,50.00000,0.20000,1.00000,6.00000,0.10000,0.15000,0.45000
9.80000,-0.63069,4.94288,1.25453,11.12468,1.00000,50.00000,0.20000,1.00000,6.00000,0.10000,0.15000,0.45000
9.85000,-0.65728,4.88605,1.25540,11.18725,1.00000,50.00000,0.20000,1.00000,6.00000,0.10000,0.15000,0.45000
9.90000,-0.68304,4.82878,1.25628,11.24987,1.00000,50.00000,0.20000,1.00000,6.00000,0.10000,0.15000,0.45000
9.95000,-0.70796,4.77110,1.25716,11.31253,1.00000,50.00000,0.20000,1.00000,6.00000,0.10000,0.15000,0.45000
10.00000,-0.73204,4.71301,1.25805,11.37523,1.00000,50.00000,0.20000,1.00000,6.00000,0.10000,0.15000,0.45000
10.05000,-0.75526,4.65453,1.25894,11.43796,1.00000,50.00000,0.20000,1.00000,6.00000,0.10000,0.15000,0.45000
10.10000,-0.77764,4.59567,1.25984,11.50072,1.00000,50.00000,0.20000,1.00000,6.00000,0.10000,0.15000,0.45000
10.15000,-0.79916,4.53645,1.26075,11.56353,1.00000,50.00000,0.20000,1.00000,6.00000,0.10000,0.15000,0.45000
10.20000,-0.81982,4.47687,1.26167,11.62639,1.00000,50.00000,0.20000,1.00000,6.00000,0.10000,0.15000,0.45000
10.25000,-0.83963,4.41695,1.26259,11.68928,1.00000,50.00000,0.20000,1.00000,6.00000,0.10000,0.15000,0.45000
10.30000,-0.85858,4.35671,1.26352,11.75222,1.00000,50.00000,0.20000,1.00000,6.00000,0.10000,0.15000,0.45000
10.35000,-0.87667,4.29615,1.26446,11.81521,1.00000,50.00000,0.20000,1.00000,6.00000,0.10000,0.15000,0.45000
10.40000,-0.89390,4.23530,1.26541,11.87824,1.00000,50.00000,0.20000,1.00000,6.00000,0.10000,0.15000,0.45000
10.45000,-0.91029,4.17416,1.26636,11.94132,1.00000,50.00000,0.20000,1.00000,6.00000,0.10000,0.15000,0.45000
10.50000,-0.92582,4.11276,1.26732,12.00445,1.00000,50.00000,0.20000,1.00000,6.00000,0.10000,0.15000,0.45000
10.55000,-0.94050,4.05109,1.26828,12.06763,1.00000,50.00000,0.20000,1.00000,6.00000,0.10000,0.15000,0.45000
10.60000,-0.95434,3.98918,1.26925,12.13087,1.00000,50.00000,0.20000,1.00000,6.00000,0.10000,0.15000,0.45000
10.65000,-0.96734,3.92704,1.27023,12.19415,1.00000,50.00000,0.20000,1.00000,6.00000,0.10000,0.15000,0.45000
10.70000,-0.97951,3.86468,1.27121,12.25749,1.00000,50.00000,0.20000,1.00000,6.00000,0.10000,0.15000,0.45000
10.75000,-0.99084,3.80211,1.27219,12.32087,1.00000,50.00000,0.20000,1.00000,6.00000,0.10000,0.15000,0.45000
10.80000,-1.00134,3.73935,1.27318,12.38431,1.00000,50.00000,0.20000,1.00000,6.00000,0.10000,0.15000,0.45000
10.85000,-1.01103,3.67641,1.27417,12.44781,1.00000,50.00000,0.20000,1.00000,6.00000,0.10000,0.15000,0.45000
10.90000,-1.01989,3.61330,1.27517,12.51136,1.00000,50.00000,0.20000,1.00000,6.00000,0.10000,0.15000,0.45000
10.95000,-1.02795,3.55003,1.27616,12.57496,1.00000,50.00000,0.20000,1.00000,6.00000,0.10000,0.15000,0.45000
11.00000,-1.03519,3.48661,1.27717,12.63861,1.00000,50.00000,0.20000,1.00000,6.00000,0.10000,0.15000,0.45000
11.05000,-1.04163,3.42305,1.27817,12.70232,1.00000,50.00000,0.20000,1.00000,6.00000,0.10000,0.15000,0.45000
11.10000,-1.04727,3.35936,1.27918,12.76608,1.00000,50.00000,0.20000,1.00000,6.00000,0.10000,0.15000,0.45000
11.15000,-1.05212,3.29556,1.28019,12.82990,1.00000,50.00000,0.20000,1.00000,6.00000,0.10000,0.15000,0.45000
11.20000,-1.05617,3.23166,1.28120,12.89377,1.00000,50.00000,0.20000,1.00000,6.00000,0.10000,0.15000,0.45000
11.25000,-1.05944,3.16766,1.28222,12.95769,1.00000,50.00000,0.20000,1.00000,6.00000,0.10000,0.15000,0.45000
11.30000,-1.06193,3.10357,1.28323,13.02166,1.00000,50.00000,0.20000,1.00000,6.00000,0.10000,0.15000,0.45000
11.35000,-1.06363,3.03940,1.28426,13.08568,1.00000,50.00000,0.20000,1.00000,6.00000,0.10000,0.15000,0.45000
11.40000,-1.06457,2.97517,1.28528,13.14975,1.00000,50.00000,0.20000,1.00000,6.00000,0.10000,0.15000,0.45000
11.45000,-1.06473,2.91088,1.28631,13.21387,1.00000,50.00000,0.20000,1.00000,6.00000,0.10000,0.15000,0.45000
11.50000,-1.06414,2.84655,1.28734,13.27804,1.00000,50.00000,0.20000,1.00000,6.00000,0.10000,0.15000,0.45000
11.55000,-1.06278,2.78217,1.28837,13.34226,1.00000,50.00000,0.20000,1.00000,6.00000,0.10000,0.15000,0.45000
11.60000,-1.06067,2.71776,1.28941,13.40653,1.00000,50.00000,0.20000,1.00000,6.00000,0.10000,0.15000,0.45000
11.65000,-1.05781,2.65333,1.29046,13.47084,1.00000,50.00000,0.20000,1.00000,6.00000,0.10000,0.15000,0.45000
11.70000,-1.05421,2.58888,1.29151,13.53521,1.00000,50.00000,0.20000,1.00000,6.00000,0.10000,0.15000,0.45000
11.75000,-1.04987,2.52442,1.29256,13.59963,1.00000,50.00000,0.20000,1.00000,6.00000,0.10000,0.15000,0.45000
11.80000,-1.04481,2.45997,1.29362,13.66409,1.00000,50.00000,0.20000,1.00000,6.00000,0.10000,0.15000,0.45000
11.85000,-1.03902,2.39552,1.29469,13.72861,1.00000,50.00000,0.20000,1.00000,6.00000,0.10000,0.15000,0.45000
11.90000,-1.03252,2.33108,1.29576,13.79318,1.00000,50.00000,0.20000,1.00000,6.00000,0.10000,0.15000,0.45000
11.95000,-1.02532,2.26667,1.29684,13.85781,1.00000,50.00000,0.20000,1.00000,6.00000,0.10000,0.15000,0.45000
12.00000,-1.01742,2.20229,1.29792,13.92248,1.00000,50.00000,0.20000,1.00000,6.00000,0.10000,0.15000,0.45000
12.05000,-1.00883,2.13793,1.29902,13.98721,1.00000,50.00000,0.20000,1.00000,6.00000,0.10000,0.15000,0.45000
12.10000,-0.99957,2.07362,1.30012,14.05200,1.00000,50.00000,0.20000,1.00000,6.00000,0.10000,0.15000,0.45000
12.15000,-0.98964,2.00935,1.30123,14.11684,1.00000,50.00000,0.20000,1.00000,6.00000,0.10000,0.15000,0.45000
12.20000,-0.97906,1.94512,1.30235,14.18174,1.00000,50.00000,0.20000,1.00000,6.00000,0.10000,0.15000,0.45000
12.25000,-0.96783,1.88095,1.30347,14.24669,1.00000,50.00000,0.20000,1.00000,6.00000,0.10000,0.15000,0.45000
12.30000,-0.95598,1.81684,1.30461,14.31171,1.00000,50.00000,0.20000,1.00000,6.00000,0.10000,0.15000,0.45000
12.35000,-0.94351,1.75278,1.30575,14.37678,1.00000,50.00000,0.20000,1.00000,6.00000,0.10000,0.15000,0.45000
12.40000,-0.93044,1.68879,1.30691,14.44191,1.00000,50.00000,0.20000,1.00000,6.00000,0.10000,0.15000,0.45000
12.45000,-0.91677,1.62486,1.30807,14.50710,1.00000,50.00000,0.20000,1.00000,6.00000,0.10000,0.15000,0.45000
12.50000,-0.90254,1.56099,1.30925,14.57236,1.00000,50.00000,0.20000,1.00000,6.00000,0.10000,0.15000,0.45000
12.55000,-0.88775,1.49719,1.31043,14.63767,1.00000,50.00000,0.20000,1.00000,6.00000,0.10000,0.15000,0.45000
12.60000,-0.87242,1.43346,1.31164,14.70305,1.00000,50.00000,0.20000,1.00000,6.00000,0.10000,0.15000,0.45000
12.65000,-0.85655,1.36979,1.31288,14.76850,1.00000,50.00000,0.20000,1.00000,6.00000,0.10000,0.15000,0.45000
12.70000,-0.84016,1.30620,1.31415,14.83401,1.00000,50.00000,0.20000,1.00000,6.00000,0.10000,0.15000,0.45000
12.75000,-0.82326,1.24267,1.31547,14.89960,1.00000,50.00000,0.20000,1.00000,6.00000,0.10000,0.15000,0.45000
12.80000,-0.80586,1.17920,1.31684,14.96525,1.00000,50.00000,0.20000,1.00000,6.00000,0.10000,0.15000,0.45000
12.85000,-0.78798,1.11580,1.31825,15.03099,1.00000,50.00000,0.20000,1.00000,6.00000,0.10000,0.15000,0.45000
12.90000,-0.76964,1.05245,1.31970,15.09680,1.00000,50.00000,0.20000,1.00000,6.00000,0.10000,0.15000,0.45000
12.95000,-0.75086,0.98915,1.32118,15.16269,1.00000,50.00000,0.20000,1.00000,6.00000,0.10000,0.15000,0.45000
13.00000,-0.73165,0.92591,1.32269,15.22866,1.00000,50.00000,0.20000,1.00000,6.00000,0.10000,0.15000,0.45000
13.05000,-0.71206,0.86270,1.32424,15.29472,1.00000,50.00000,0.20000,1.00000,6.00000,0.10000,0.15000,0.45000
13.10000,-0.69209,0.79954,1.32581,15.36086,1.00000,50.00000,0.20000,1.00000,6.00000,0.10000,0.15000,0.45000
13.15000,-0.67177,0.73639,1.32740,15.42709,1.00000,50.00000,0.20000,1.00000,6.00000,0.10000,0.15000,0.45000
13.20000,-0.65112,0.67328,1.32901,15.49341,1.00000,50.00000,0.20000,1.00000,6.00000,0.10000,0.15000,0.45000
13.25000,-0.63017,0.61017,1.33063,15.55981,1.00000,50.00000,0.20000,1.00000,6.00000,0.10000,0.15000,0.45000
13.30000,-0.60895,0.54707,1.33227,15.62630,1.00000,50.00000,0.20000,1.00000,6.00000,0.10000,0.15000,0.45000
13.35000,-0.58746,0.48397,1.33392,15.69288,1.00000,50.00000,0.20000,1.00000,6.00000,0.10000,0.15000,0.45000
13.40000,-0.56575,0.42087,1.33557,15.75956,1.00000,50.00000,0.20000,1.00000,6.00000,0.10000,0.15000,0.45000
13.45000,-0.54382,0.35775,1.33723,15.82634,1.00000,50.00000,0.20000,1.00000,6.00000,0.10000,0.15000,0.45000
13.50000,-0.52170,0.29461,1.33889,15.89318,1.00000,50.00000,0.20000,1.00000,6.00000,0.10000,0.15000,0.45000
13.55000,-0.49941,0.23144,1.34055,15.96006,1.00000,50.00000,0.20000,1.00000,6.00000,0.10000,0.15000,0.45000
13.60000,-0.47696,0.16824,1.34219,16.02706,1.00000,50.00000,0.20000,1.00000,6.00000,0.10000,0.15000,0.45000
13.65000,-0.45438,0.10500,1.34383,16.09434,1.00000,50.00000,0.20000,1.00000,6.00000,0.10000,0.15000,0.45000
13.70000,-0.43168,0.04172,1.34546,16.16198,1.00000,50.00000,0.20000,1.00000,6.00000,0.10000,0.15000,0.45000
13.75000,-0.40888,-0.02162,1.34707,16.22996,1.00000,50.00000,0.20000,1.00000,6.00000,0.10000,0.15000,0.45000
13.80000,-0.38598,-0.08500,1.34867,16.29810,1.00000,50.00000,0.20000,1.00000,6.00000,0.10000,0.15000,0.45000
13.85000,-0.36301,-0.14844,1.35024,16.36630,1.00000,50.00000,0.20000,1.00000,6.00000,0.10000,0.15000,0.45000
13.90000,-0.33997,-0.21195,1.35179,16.43441,1.00000,50.00000,0.20000,1.00000,6.00000,0.10000,0.15000,0.45000
13.95000,-0.31688,-0.27551,1.35332,16.50231,1.00000,50.00000,0.20000,1.00000,6.00000,0.10000,0.15000,0.45000
14.00000,-0.29375,-0.33914,1.35483,16.57004,1.00000,50.00000,0.20000,1.00000,6.00000,0.10000,0.15000,0.45000
14.05000,-0.27058,-0.40283,1.35632,16.63775,1.00000,50.00000,0.20000,1.00000,6.00000,0.10000,0.15000,0.45000
14.10000,-0.24738,-0.46660,1.35779,16.70556,1.00000,50.00000,0.20000,1.00000,6.00000,0.10000,0.15000,0.45000
14.15000,-0.22417,-0.53043,1.35923,16.77349,1.00000,50.00000,0.20000,1.00000,6.00000,0.10000,0.15000,0.45000
14.20000,-0.20094,-0.59434,1.36066,16.84149,1.00000,50.00000,0.20000,1.00000,6.00000,0.10000,0.15000,0.45000
14.25000,-0.17772,-0.65833,1.36206,16.90956,1.00000,50.00000,0.20000,1.00000,6.00000,0.10000,0.15000,0.45000
14.30000,-0.15449,-0.72238,1.36344,16.97768,1.00000,50.00000,0.20000,1.00000,6.00000,0.10000,0.15000,0.45000
14.35000,-0.13127,-0.78651,1.36479,17.04587,1.00000,50.00000,0.20000,1.00000,6.00000,0.10000,0.15000,0.45000
14.40000,-0.10806,-0.85072,1.36612,17.11413,1.00000,50.00000,0.20000,1.00000,6.00000,0.10000,0.15000,0.45000
14.45000,-0.08486,-0.91500,1.36743,17.18246,1.00000,50.00000,0.20000,1.00000,6.00000,0.10000,0.15000,0.45000
14.50000,-0.06168,-0.97936,1.36872,17.25086,1.00000,50.00000,0.20000,1.00000,6.00000,0.10000,0.15000,0.45000
14.55000,-0.03851,-1.04378,1.36998,17.31931,1.00000,50.00000,0.20000,1.00000,6.00000,0.10000,0.15000,0.45000
14.60000,-0.01535,-1.10828,1.37122,17.38783,1.00000,50.00000,0.20000,1.00000,6.00000,0.10000,0.15000,0.45000
14.65000,0.00779,-1.17285,1.37243,17.45641,1.00000,50.00000,0.20000,1.00000,6.00000,0.10000,0.15000,0.45000
14.70000,0.03093,-1.23749,1.37362,17.52505,1.00000,50.00000,0.20000,1.00000,6.00000,0.10000,0.15000,0.45000
14.75000,0.05405,-1.30219,1.37479,17.59375,1.00000,50.00000,0.20000,1.00000,6.00000,0.10000,0.15000,0.45000
14.80000,0.07718,-1.36695,1.37593,17.66250,1.00000,50.00000,0.20000,1.00000,6.00000,0.10000,0.15000,0.45000
14.85000,0.10031,-1.43177,1.37705,17.73131,1.00000,50.00000,0.20000,1.00000,6.00000,0.10000,0.15000,0.45000
14.90000,0.12345,-1.49665,1.37814,17.80017,1.00000,50.00000,0.20000,1.00000,6.00000,0.10000,0.15000,0.45000
14.95000,0.14660,-1.56158,1.37920,17.86909,1.00000,50.00000,0.20000,1.00000,6.00000,0.10000,0.15000,0.45000
15.00000,0.16979,-1.62655,1.38024,17.93805,1.00000,50.00000,0.20000,1.00000,6.00000,0.10000,0.15000,0.45000
15.05000,0.19302,-1.69157,1.38126,18.00707,1.00000,50.00000,0.20000,1.00000,6.00000,0.10000,0.15000,0.45000
15.10000,0.21629,-1.75661,1.38225,18.07614,1.00000,50.00000,0.20000,1.00000,6.00000,0.10000,0.15000,0.45000
15.15000,0.23963,-1.82169,1.38321,18.14526,1.00000,50.00000,0.20000,1.00000,6.00000,0.10000,0.15000,0.45000
15.20000,0.26305,-1.88679,1.38415,18.21442,1.00000,50.00000,0.20000,1.00000,6.00000,0.10000,0.15000,0.45000
15.25000,0.28656,-1.95191,1.38506,18.28363,1.00000,50.00000,0.20000,1.00000,6.00000,0.10000,0.15000,0.45000
15.30000,0.31018,-2.01703,1.38594,18.35289,1.00000,50.00000,0.20000,1.00000,6.00000,0.10000,0.15000,0.45000
15.35000,0.33393,-2.08215,1.38680,18.42219,1.00000,50.00000,0.20000,1.00000,6.00000,0.10000,0.15000,0.45000
15.40000,0.35784,-2.14726,1.38763,18.49153,1.00000,50.00000,0.20000,1.00000,6.00000,0.10000,0.15000,0.45000
15.45000,0.38191,-2.21236,1.38843,18.56092,1.00000,50.00000,0.20000,1.00000,6.00000,0.10000,0.15000,0.45000
15.50000,0.40617,-2.27742,1.38921,18.63035,1.00000,50.00000,0.20000,1.00000,6.00000,0.10000,0.15000,0.45000
15.55000,0.43065,-2.34245,1.38996,18.69983,1.00000,50.00000,0.20000,1.00000,6.00000,0.10000,0.15000,0.45000
15.60000,0.45538,-2.40742,1.39069,18.76935,1.00000,50.00000,0.20000,1.00000,6.00000,0.10000,0.15000,0.45000
15.65000,0.48037,-2.47232,1.39138,18.83890,1.00000,50.00000,0.20000,1.00000,6.00000,0.10000,0.15000,0.45000
15.70000,0.50565,-2.53715,1.39205,18.90850,1.00000,50.00000,0.20000,1.00000,6.00000,0.10000,0.15000,0.45000
15.75000,0.53126,-2.60189,1.39270,18.97814,1.00000,50.00000,0.20000,1.00000,6.00000,0.10000,0.15000,0.45000
15.80000,0.55723,-2.66652,1.39332,19.04782,1.00000,50.00000,0.20000,1.00000,6.00000,0.10000,0.15000,0.45000
15.85000,0.58358,-2.73103,1.39391,19.11754,1.00000,50.00000,0.20000,1.00000,6.00000,0.10000,0.15000,0.45000
15.90000,0.61034,-2.79539,1.39447,19.18730,1.00000,50.00000,0.20000,1.00000,6.00000,0.10000,0.15000,0.45000
15.95000,0.63756,-2.85960,1.39500,19.25710,1.00000,50.00000,0.20000,1.00000,6.00000,0.10000,0.15000,0.45000
16.00000,0.66526,-2.92363,1.39551,19.32693,1.00000,50.00000,0.20000,1.00000,6.00000,0.10000,0.15000,0.45000
16.05000,0.69348,-2.98746,1.39599,19.39681,1.00000,50.00000,0.20000,1.00000,6.00000,0.10000,0.15000,0.45000
16.10000,0.72225,-3.05106,1.39645,19.46673,1.00000,50.00000,0.20000,1.00000,6.00000,0.10000,0.15000,0.45000
16.15000,0.75161,-3.11442,1.39688,19.53668,1.00000,50.00000,0.20000,1.00000,6.00000,0.10000,0.15000,0.45000
16.20000,0.78160,-3.17751,1.39728,19.60667,1.00000,50.00000,0.20000,1.00000,6.00000,0.10000,0.15000,0.45000
16.25000,0.81226,-3.24030,1.39765,19.67669,1.00000,50.00000,0.20000,1.00000,6.00000,0.10000,0.15000,0.45000
16.30000,0.84361,-3.30276,1.39799,19.74675,1.00000,50.00000,0.20000,1.00000,6.00000,0.10000,0.15000,0.45000
16.35000,0.87570,-3.36487,1.39831,19.81685,1.00000,50.00000,0.20000,1.00000,6.00000,0.10000,0.15000,0.45000
16.40000,0.90857,-3.42659,1.39860,19.88698,1.00000,50.00000,0.20000,1.00000,6.00000,0.10000,0.15000,0.45000
16.45000,0.94225,-3.48788,1.39887,19.95714,1.00000,50.00000,0.20000,1.00000,6.00000,0.10000,0.15000,0.45000
16.50000,0.97678,-3.54871,1.39910,20.02733,1.00000,50.00000,0.20000,1.00000,6.00000,0.10000,0.15000,0.45000
16.55000,1.01219,-3.60904,1.39931,20.09755,1.00000,50.00000,0.20000,1.00000,6.00000,0.10000,0.15000,0.45000
16.60000,1.04853,-3.66884,1.39950,20.16780,1.00000,50.00000,0.20000,1.00000,6.00000,0.10000,0.15000,0.45000
16.65000,1.08582,-3.72805,1.39965,20.23807,1.00000,50.00000,0.20000,1.00000,6.00000,0.10000,0.15000,0.45000
16.70000,1.12411,-3.78664,1.39978,20.30837,1.00000,50.00000,0.20000,1.00000,6.00000,0.10000,0.15000,0.45000
16.75000,1.16341,-3.84455,1.39989,20.37868,1.00000,50.00000,0.20000,1.00000,6.00000,0.10000,0.15000,0.45000
16.80000,1.20378,-3.90173,1.39996,20.44902,1.00000,50.00000,0.20000,1.00000,6.00000,0.10000,0.15000,0.45000
16.85000,1.24523,-3.95814,1.40001,20.51937,1.00000,50.00000,0.20000,1.00000,6.00000,0.10000,0.15000,0.45000
16.90000,1.28780,-4.01370,1.40004,20.58974,1.00000,50.00000,0.20000,1.00000,6.00000,0.10000,0.15000,0.45000
16.95000,1.33152,-4.06838,1.40004,20.66013,1.00000,50.00000,0.20000,1.00000,6.00000,0.10000,0.15000,0.45000
17.00000,1.37640,-4.12210,1.40001,20.73052,1.00000,50.00000,0.20000,1.00000,6.00000,0.10000,0.15000,0.45000
17.05000,1.42248,-4.17479,1.39995,20.80093,1.00000,50.00000,0.20000,1.00000,6.00000,0.10000,0.15000,0.45000
17.10000,1.46976,-4.22640,1.39987,20.87134,1.00000,50.00000,0.20000,1.00000,6.00000,0.10000,0.15000,0.45000
17.15000,1.51828,-4.27684,1.39977,20.94176,1.00000,50.00000,0.20000,1.00000,6.00000,0.10000,0.15000,0.45000
17.20000,1.56804,-4.32605,1.39964,21.01218,1.00000,50.00000,0.20000,1.00000,6.00000,0.10000,0.15000,0.45000
17.25000,1.61906,-4.37394,1.39948,21.08261,1.00000,50.00000,0.20000,1.00000,6.00000,0.10000,0.15000,0.45000
17.30000,1.67134,-4.42044,1.39930,21.15304,1.00000,50.00000,0.20000,1.00000,6.00000,0.10000,0.15000,0.45000
17.35000,1.72489,-4.46546,1.39910,21.22347,1.00000,50.00000,0.20000,1.00000,6.00000,0.10000,0.15000,0.45000
17.40000,1.77970,-4.50892,1.39887,21.29390,1.00000,50.00000,0.20000,1.00000,6.00000,0.10000,0.15000,0.45000
17.45000,1.83577,-4.55072,1.39862,21.36432,1.00000,50.00000,0.20000,1.00000,6.00000,0.10000,0.15000,0.45000
17.50000,1.89308,-4.59078,1.39835,21.43474,1.00000,50.00000,0.20000,1.00000,6.00000,0.10000,0.15000,0.45000
17.55000,1.95162,-4.62899,1.39805,21.50516,1.00000,50.00000,0.20000,1.00000,6.00000,0.10000,0.15000,0.45000
17.60000,2.01135,-4.66527,1.39774,21.57556,1.00000,50.00000,0.20000,1.00000,6.00000,0.10000,0.15000,0.45000
17.65000,2.07226,-4.69953,1.39740,21.64594,1.00000,50.00000,0.20000,1.00000,6.00000,0.10000,0.15000,0.45000
17.70000,2.13430,-4.73165,1.39704,21.71631,1.00000,50.00000,0.20000,1.00000,6.00000,0.10000,0.15000,0.45000
17.75000,2.19741,-4.76154,1.39667,21.78665,1.00000,50.00000,0.20000,1.00000,6.00000,0.10000,0.15000,0.45000
17.80000,2.26156,-4.78912,1.39628,21.85698,1.00000,50.00000,0.20000,1.00000,6.00000,0.10000,0.15000,0.45000
17.85000,2.32667,-4.81428,1.39588,21.92727,1.00000,50.00000,0.20000,1.00000,6.00000,0.10000,0.15000,0.45000
17.90000,2.39267,-4.83692,1.39546,21.99753,1.00000,50.00000,0.20000,1.00000,6.00000,0.10000,0.15000,0.45000
17.95000,2.45949,-4.85697,1.39504,22.06776,1.00000,50.00000,0.20000,1.00000,6.00000,0.10000,0.15000,0.45000
18.00000,2.52703,-4.87434,1.39460,22.13795,1.00000,50.00000,0.20000,1.00000,6.00000,0.10000,0.15000,0.45000
18.05000,2.59520,-4.88894,1.39416,22.20809,1.00000,50.00000,0.20000,1.00000,6.00000,0.10000,0.15000,0.45000
18.10000,2.66389,-4.90070,1.39371,22.27819,1.00000,50.00000,0.20000,1.00000,6.00000,0.10000,0.15000,0.45000
18.15000,2.73299,-4.90955,1.39326,22.34823,1.00000,50.00000,0.20000,1.00000,6.00000,0.10000,0.15000,0.45000
18.20000,2.80239,-4.91544,1.39282,22.41821,1.00000,50.00000,0.20000,1.00000,6.00000,0.10000,0.15000,0.45000
18.25000,2.87196,-4.91831,1.39237,22.48812,1.00000,50.00000,0.20000,1.00000,6.00000,0.10000,0.15000,0.45000
18.30000,2.94156,-4.91812,1.39194,22.55797,1.00000,50.00000,0.20000,1.00000,6.00000,0.10000,0.15000,0.45000
18.35000,3.01106,-4.91484,1.39151,22.62774,1.00000,50.00000,0.20000,1.00000,6.00000,0.10000,0.15000,0.45000
18.40000,3.08033,-4.90845,1.39109,22.69744,1.00000,50.00000,0.20000,1.00000,6.00000,0.10000,0.15000,0.45000
18.45000,3.14953,-4.89968,1.40097,22.76635,1.00000,50.00000,0.20000,1.00000,6.00000,0.10000,0.15000,0.45000
18.50000,3.21930,-4.89306,1.40033,22.83671,1.00000,50.00000,0.20000,1.00000,6.00000,0.10000,0.15000,0.45000
18.55000,3.28809,-4.88126,1.39360,22.90608,1.00000,50.00000,0.20000,1.00000,6.00000,0.10000,0.15000,0.45000
18.60000,3.35565,-4.86434,1.39257,22.97491,1.00000,50.00000,0.20000,1.00000,6.00000,0.10000,0.15000,0.45000
18.65000,3.42214,-4.84374,1.39228,23.04361,1.00000,50.00000,0.20000,1.00000,6.00000,0.10000,0.15000,0.45000
18.70000,3.48748,-4.81976,1.39203,23.11223,1.00000,50.00000,0.20000,1.00000,6.00000,0.10000,0.15000,0.45000
18.75000,3.55150,-4.79248,1.39182,23.18077,1.00000,50.00000,0.20000,1.00000,6.00000,0.10000,0.15000,0.45000
18.80000,3.61407,-4.76205,1.39165,23.24922,1.00000,50.00000,0.20000,1.00000,6.00000,0.10000,0.15000,0.45000
18.85000,3.67505,-4.72856,1.39150,23.31761,1.00000,50.00000,0.20000,1.00000,6.00000,0.10000,0.15000,0.45000
18.90000,3.73433,-4.69216,1.39138,23.38595,1.00000,50.00000,0.20000,1.00000,6.00000,0.10000,0.15000,0.45000
18.95000,3.79180,-4.65297,1.39129,23.45424,1.00000,50.00000,0.20000,1.00000,6.00000,0.10000,0.15000,0.45000
19.00000,3.84736,-4.61113,1.39122,23.52250,1.00000,50.00000,0.20000,1.00000,6.00000,0.10000,0.15000,0.45000
19.05000,3.90093,-4.56677,1.39117,23.59075,1.00000,50.00000,0.20000,1.00000,6.00000,0.10000,0.15000,0.45000
19.10000,3.95244,-4.52003,1.39114,23.65898,1.00000,50.00000,0.20000,1.00000,6.00000,0.10000,0.15000,0.45000
19.15000,4.00181,-4.47105,1.39114,23.72721,1.00000,50.00000,0.20000,1.00000,6.00000,0.10000,0.15000,0.45000
19.20000,4.04901,-4.41996,1.39116,23.79545,1.00000,50.00000,0.20000,1.00000,6.00000,0.10000,0.15000,0.45000
19.25000,4.09398,-4.36690,1.39119,23.86369,1.00000,50.00000,0.20000,1.00000,6.00000,0.10000,0.15000,0.45000
19.30000,4.13668,-4.31200,1.39124,23.93194,1.00000,50.00000,0.20000,1.00000,6.00000,0.10000,0.15000,0.45000
19.35000,4.17710,-4.25539,1.39131,24.00020,1.00000,50.00000,0.20000,1.00000,6.00000,0.10000,0.15000,0.45000
19.40000,4.21522,-4.19720,1.39140,24.06849,1.00000,50.00000,0.20000,1.00000,6.00000,0.10000,0.15000,0.45000
19.45000,4.25102,-4.13755,1.39151,24.13680,1.00000,50.00000,0.20000,1.00000,6.00000,0.10000,0.15000,0.45000
19.50000,4.28449,-4.07656,1.39164,24.20513,1.00000,50.00000,0.20000,1.00000,6.00000,0.10000,0.15000,0.45000
19.55000,4.31566,-4.01435,1.39178,24.27350,1.00000,50.00000,0.20000,1.00000,6.00000,0.10000,0.15000,0.45000
19.60000,4.34451,-3.95102,1.39194,24.34189,1.00000,50.00000,0.20000,1.00000,6.00000,0.10000,0.15000,0.45000
19.65000,4.37107,-3.88669,1.39211,24.41032,1.00000,50.00000,0.20000,1.00000,6.00000,0.10000,0.15000,0.45000
19.70000,4.39536,-3.82146,1.39231,24.47878,1.00000,50.00000,0.20000,1.00000,6.00000,0.10000,0.15000,0.45000
19.75000,4.41740,-3.75543,1.39252,24.54727,1.00000,50.00000,0.20000,1.00000,6.00000,0.10000,0.15000,0.45000
19.80000,4.43723,-3.68868,1.39274,24.61580,1.00000,50.00000,0.20000,1.00000,6.00000,0.10000,0.15000,0.45000
19.85000,4.45486,-3.62131,1.39299,24.68436,1.00000,50.00000,0.20000,1.00000,6.00000,0.10000,0.15000,0.45000
19.90000,4.47034,-3.55340,1.39325,24.75296,1.00000,50.00000,0.20000,1.00000,6.00000,0.10000,0.15000,0.45000
19.95000,4.48371,-3.48503,1.39352,24.82159,1.00000,50.00000,0.20000,1.00000,6.00000,0.10000,0.15000,0.45000
20.00000,4.49502,-3.41627,1.39382,24.89027,1.00000,50.00000,0.20000,1.00000,6.00000,0.10000,0.15000,0.45000
20.05000,4.50429,-3.34720,1.39413,24.95898,1.00000,50.00000,0.20000,1.00000,6.00000,0.10000,0.15000,0.45000
20.10000,4.51159,-3.27787,1.39445,25.02774,1.00000,50.00000,0.20000,1.00000,6.00000,0.10000,0.15000,0.45000
20.15000,4.51695,-3.20835,1.39479,25.09654,1.00000,50.00000,0.20000,1.00000,6.00000,0.10000,0.15000,0.45000
20.20000,4.52044,-3.13869,1.39515,25.16538,1.00000,50.00000,0.20000,1.00000,6.00000,0.10000,0.15000,0.45000
20.25000,4.52209,-3.06894,1.39552,25.23427,1.00000,50.00000,0.20000,1.00000,6.00000,0.10000,0.15000,0.45000
20.30000,4.52197,-2.99916,1.39591,25.30321,1.00000,50.00000,0.20000,1.00000,6.00000,0.10000,0.15000,0.45000
20.35000,4.52012,-2.92938,1.39632,25.37219,1.00000,50.00000,0.20000,1.00000,6.00000,0.10000,0.15000,0.45000
20.40000,4.51659,-2.85964,1.39674,25.44121,1.00000,50.00000,0.20000,1.00000,6.00000,0.10000,0.15000,0.45000
20.45000,4.51145,-2.78999,1.39718,25.51028,1.00000,50.00000,0.20000,1.00000,6.00000,0.10000,0.15000,0.45000
20.50000,4.50475,-2.72044,1.39763,25.57940,1.00000,50.00000,0.20000,1.00000,6.00000,0.10000,0.15000,0.45000
20.55000,4.49654,-2.65103,1.39810,25.64857,1.00000,50.00000,0.20000,1.00000,6.00000,0.10000,0.15000,0.45000
20.60000,4.48687,-2.58179,1.39859,25.71779,1.00000,50.00000,0.20000,1.00000,6.00000,0.10000,0.15000,0.45000
20.65000,4.47580,-2.51273,1.39909,25.78707,1.00000,50.00000,0.20000,1.00000,6.00000,0.10000,0.15000,0.45000
20.70000,4.46338,-2.44388,1.39961,25.85639,1.00000,50.00000,0.20000,1.00000,6.00000,0.10000,0.15000,0.45000
20.75000,4.44966,-2.37524,1.40015,25.92577,1.00000,50.00000,0.20000,1.00000,6.00000,0.10000,0.15000,0.45000
20.80000,4.43471,-2.30684,1.40070,25.99520,1.00000,50.00000,0.20000,1.00000,6.00000,0.10000,0.15000,0.45000
20.85000,4.41857,-2.23867,1.40126,26.06469,1.00000,50.00000,0.20000,1.00000,6.00000,0.10000,0.15000,0.45000
20.90000,4.40129,-2.17076,1.40185,26.13423,1.00000,50.00000,0.20000,1.00000,6.00000,0.10000,0.15000,0.45000
20.95000,4.38292,-2.10310,1.40245,26.20383,1.00000,50.00000,0.20000,1.00000,6.00000,0.10000,0.15000,0.45000
21.00000,4.36352,-2.03570,1.40306,26.27348,1.00000,50.00000,0.20000,1.00000,6.00000,0.10000,0.15000,0.45000
21.05000,4.34314,-1.96856,1.40369,26.34319,1.00000,50.00000,0.20000,1.00000,6.00000,0.10000,0.15000,0.45000
21.10000,4.32182,-1.90168,1.40434,26.41296,1.00000,50.00000,0.20000,1.00000,6.00000,0.10000,0.15000,0.45000
21.15000,4.29962,-1.83504,1.40500,26.48279,1.00000,50.00000,0.20000,1.00000,6.00000,0.10000,0.15000,0.45000
21.20000,4.27658,-1.76866,1.40570,26.55267,1.00000,50.00000,0.20000,1.00000,6.00000,0.10000,0.15000,0.45000
21.25000,4.25273,-1.70253,1.40643,26.62261,1.00000,50.00000,0.20000,1.00000,6.00000,0.10000,0.15000,0.45000
21.30000,4.22812,-1.63664,1.40721,26.69262,1.00000,50.00000,0.20000,1.00000,6.00000,0.10000,0.15000,0.45000
21.35000,4.20279,-1.57097,1.40803,26.76268,1.00000,50.00000,0.20000,1.00000,6.00000,0.10000,0.15000,0.45000
21.40000,4.17678,-1.50553,1.40889,26.83282,1.00000,50.00000,0.20000,1.00000,6.00000,0.10000,0.15000,0.45000
21.45000,4.15016,-1.44028,1.40979,26.90302,1.00000,50.00000,0.20000,1.00000,6.00000,0.10000,0.15000,0.45000
21.50000,4.12297,-1.37522,1.41071,26.97329,1.00000,50.00000,0.20000,1.00000,6.00000,0.10000,0.15000,0.45000
21.55000,4.09525,-1.31034,1.41167,27.04363,1.00000,50.00000,0.20000,1.00000,6.00000,0.10000,0.15000,0.45000
21.60000,4.06706,-1.24560,1.41265,27.11404,1.00000,50.00000,0.20000,1.00000,6.00000,0.10000,0.15000,0.45000
21.65000,4.03845,-1.18099,1.41365,27.18452,1.00000,50.00000,0.20000,1.00000,6.00000,0.10000,0.15000,0.45000
21.70000,4.00947,-1.11650,1.41466,27.25506,1.00000,50.00000,0.20000,1.00000,6.00000,0.10000,0.15000,0.45000
21.75000,3.98016,-1.05210,1.41569,27.32568,1.00000,50.00000,0.20000,1.00000,6.00000,0.10000,0.15000,0.45000
21.80000,3.95058,-0.98776,1.41673,27.39637,1.00000,50.00000,0.20000,1.00000,6.00000,0.10000,0.15000,0.45000
21.85000,3.92076,-0.92348,1.41778,27.46713,1.00000,50.00000,0.20000,1.00000,6.00000,0.10000,0.15000,0.45000
21.90000,3.89075,-0.85922,1.41883,27.53795,1.00000,50.00000,0.20000,1.00000,6.00000,0.10000,0.15000,0.45000
21.95000,3.86060,-0.79498,1.41988,27.60883,1.00000,50.00000,0.20000,1.00000,6.00000,0.10000,0.15000,0.45000
22.00000,3.83035,-0.73072,1.42093,27.67980,1.00000,50.00000,0.20000,1.00000,6.00000,0.10000,0.15000,0.45000
22.05000,3.80004,-0.66644,1.42197,27.75086,1.00000,50.00000,0.20000,1.00000,6.00000,0.10000,0.15000,0.45000
22.10000,3.76971,-0.60211,1.42301,27.82196,1.00000,50.00000,0.20000,1.00000,6.00000,0.10000,0.15000,0.45000
22.15000,3.73939,-0.53771,1.42404,27.89307,1.00000,50.00000,0.20000,1.00000,6.00000,0.10000,0.15000,0.45000
22.20000,3.70913,-0.47323,1.42505,27.96421,1.00000,50.00000,0.20000,1.00000,6.00000,0.10000,0.15000,0.45000
22.25000,3.67895,-0.40866,1.42605,28.03566,1.00000,50.00000,0.20000,1.00000,6.00000,0.10000,0.15000,0.45000
22.30000,3.64890,-0.34397,1.42703,28.10759,1.00000,50.00000,0.20000,1.00000,6.00000,0.10000,0.15000,0.45000
22.35000,3.61901,-0.27916,1.42798,28.17989,1.00000,50.00000,0.20000,1.00000,6.00000,0.10000,0.15000,0.45000
22.40000,3.58931,-0.21420,1.42892,28.25207,1.00000,50.00000,0.20000,1.00000,6.00000,0.10000,0.15000,0.45000
22.45000,3.55984,-0.14909,1.42983,28.32395,1.00000,50.00000,0.20000,1.00000,6.00000,0.10000,0.15000,0.45000
22.50000,3.53063,-0.08382,1.43071,28.39563,1.00000,50.00000,0.20000,1.00000,6.00000,0.10000,0.15000,0.45000
22.55000,3.50172,-0.01836,1.43157,28.46727,1.00000,50.00000,0.20000,1.00000,6.00000,0.10000,0.15000,0.45000
22.60000,3.47315,0.04729,1.43241,28.53895,1.00000,50.00000,0.20000,1.00000,6.00000,0.10000,0.15000,0.45000
22.65000,3.44494,0.11315,1.43323,28.61066,1.00000,50.00000,0.20000,1.00000,6.00000,0.10000,0.15000,0.45000
22.70000,3.41714,0.17922,1.43402,28.68242,1.00000,50.00000,0.20000,1.00000,6.00000,0.10000,0.15000,0.45000
22.75000,3.38978,0.24551,1.43479,28.75422,1.00000,50.00000,0.20000,1.00000,6.00000,0.10000,0.15000,0.45000
22.80000,3.36289,0.31204,1.43553,28.82607,1.00000,50.00000,0.20000,1.00000,6.00000,0.10000,0.15000,0.45000
22.85000,3.33652,0.37882,1.43625,28.89797,1.00000,50.00000,0.20000,1.00000,6.00000,0.10000,0.15000,0.45000
22.90000,3.31069,0.44585,1.43695,28.96991,1.00000,50.00000,0.20000,1.00000,6.00000,0.10000,0.15000,0.45000
22.95000,3.28545,0.51313,1.43763,29.04189,1.00000,50.00000,0.20000,1.00000,6.00000,0.10000,0.15000,0.45000
23.00000,3.26083,0.58068,1.43829,29.11392,1.00000,50.00000,0.20000,1.00000,6.00000,0.10000,0.15000,0.45000
23.05000,3.23686,0.64850,1.43892,29.18598,1.00000,50.00000,0.20000,1.00000,6.00000,0.10000,0.15000,0.45000
23.10000,3.21359,0.71660,1.43953,29.25809,1.00000,50.00000,0.20000,1.00000,6.00000,0.10000,0.15000,0.45000
23.15000,3.19105,0.78497,1.44012,29.33023,1.00000,50.00000,0.20000,1.00000,6.00000,0.10000,0.15000,0.45000
23.20000,3.16927,0.85362,1.44069,29.40242,1.00000,50.00000,0.20000,1.00000,6.00000,0.10000,0.15000,0.45000
23.25000,3.14830,0.92255,1.44124,29.47463,1.00000,50.00000,0.20000,1.00000,6.00000,0.10000,0.15000,0.45000
23.30000,3.12817,0.99175,1.44177,29.54688,1.00000,50.00000,0.20000,1.00000,6.00000,0.10000,0.15000,0.45000
23.35000,3.10891,1.06123,1.44227,29.61916,1.00000,50.00000,0.20000,1.00000,6.00000,0.10000,0.15000,0.45000
23.40000,3.09057,1.13099,1.44276,29.69147,1.00000,50.00000,0.20000,1.00000,6.00000,0.10000,0.15000,0.45000
23.45000,3.07317,1.20101,1.44322,29.76381,1.00000,50.00000,0.20000,1.00000,6.00000,0.10000,0.15000,0.45000
23.50000,3.05676,1.27129,1.44366,29.83618,1.00000,50.00000,0.20000,1.00000,6.00000,0.10000,0.15000,0.45000
23.55000,3.04137,1.34182,1.44408,29.90857,1.00000,50.00000,0.20000,1.00000,6.00000,0.10000,0.15000,0.45000
23.60000,3.02704,1.41260,1.44448,29.98098,1.00000,50.00000,0.20000,1.00000,6.00000,0.10000,0.15000,0.45000
23.65000,3.01380,1.48361,1.44486,30.05342,1.00000,50.00000,0.20000,1.00000,6.00000,0.10000,0.15000,0.45000
23.70000,3.00169,1.55484,1.44522,30.12588,1.00000,50.00000,0.20000,1.00000,6.00000,0.10000,0.15000,0.45000
23.75000,2.99074,1.62627,1.44556,30.19836,1.00000,50.00000,0.20000,1.00000,6.00000,0.10000,0.15000,0.45000
23.80000,2.98099,1.69790,1.44588,30.27086,1.00000,50.00000,0.20000,1.00000,6.00000,0.10000,0.15000,0.45000
23.85000,2.97248,1.76969,1.44617,30.34337,1.00000,50.00000,0.20000,1.00000,6.00000,0.10000,0.15000,0.45000
23.90000,2.96523,1.84164,1.44645,30.41590,1.00000,50.00000,0.20000,1.00000,6.00000,0.10000,0.15000,0.45000
23.95000,2.95929,1.91373,1.44671,30.48844,1.00000,50.00000,0.20000,1.00000,6.00000,0.10000,0.15000,0.45000
24.00000,2.95469,1.98592,1.44694,30.56100,1.00000,50.00000,0.20000,1.00000,6.00000,0.10000,0.15000,0.45000
24.05000,2.95146,2.05820,1.44716,30.63357,1.00000,50.00000,0.20000,1.00000,6.00000,0.10000,0.15000,0.45000
24.10000,2.94963,2.13054,1.44735,30.70616,1.00000,50.00000,0.20000,1.00000,6.00000,0.10000,0.15000,0.45000
24.15000,2.94925,2.20291,1.44753,30.77875,1.00000,50.00000,0.20000,1.00000,6.00000,0.10000,0.15000,0.45000
24.20000,2.95035,2.27528,1.44768,30.85135,1.00000,50.00000,0.20000,1.00000,6.00000,0.10000,0.15000,0.45000
24.25000,2.95296,2.34762,1.44782,30.92396,1.00000,50.00000,0.20000,1.00000,6.00000,0.10000,0.15000,0.45000
24.30000,2.95711,2.41989,1.44793,30.99658,1.00000,50.00000,0.20000,1.00000,6.00000,0.10000,0.15000,0.45000
24.35000,2.96283,2.49207,1.44803,31.06920,1.00000,50.00000,0.20000,1.00000,6.00000,0.10000,0.15000,0.45000
24.40000,2.97017,2.56409,1.44810,31.14183,1.00000,50.00000,0.20000,1.00000,6.00000,0.10000,0.15000,0.45000
24.45000,2.97915,2.63594,1.44816,31.21447,1.00000,50.00000,0.20000,1.00000,6.00000,0.10000,0.15000,0.45000
24.50000,2.98981,2.70756,1.44819,31.28711,1.00000,50.00000,0.20000,1.00000,6.00000,0.10000,0.15000,0.45000
24.55000,3.00218,2.77890,1.44820,31.35976,1.00000,50.00000,0.20000,1.00000,6.00000,0.10000,0.15000,0.45000
24.60000,3.01629,2.84992,1.44820,31.43241,1.00000,50.00000,0.20000,1.00000,6.00000,0.10000,0.15000,0.45000
24.65000,3.03216,2.92057,1.44817,31.50507,1.00000,50.00000,0.20000,1.00000,6.00000,0.10000,0.15000,0.45000
24.70000,3.04984,2.99079,1.44813,31.57773,1.00000,50.00000,0.20000,1.00000,6.00000,0.10000,0.15000,0.45000
24.75000,3.06934,3.06051,1.44806,31.65039,1.00000,50.00000,0.20000,1.00000,6.00000,0.10000,0.15000,0.45000
24.80000,3.09070,3.12969,1.44798,31.72305,1.00000,50.00000,0.20000,1.00000,6.00000,0.10000,0.15000,0.45000
24.85000,3.11395,3.19825,1.44788,31.79570,1.00000,50.00000,0.20000,1.00000,6.00000,0.10000,0.15000,0.45000
24.90000,3.13909,3.26613,1.44776,31.86836,1.00000,50.00000,0.20000,1.00000,6.00000,0.10000,0.15000,0.45000
24.95000,3.16617,3.33326,1.44762,31.94102,1.00000,50.00000,0.20000,1.00000,6.00000,0.10000,0.15000,0.45000
25.00000,3.19519,3.39956,1.44746,32.01367,1.00000,50.00000,0.20000,1.00000,6.00000,0.10000,0.15000,0.45000
25.05000,3.22617,3.46496,1.44729,32.08632,1.00000,50.00000,0.20000,1.00000,6.00000,0.10000,0.15000,0.45000
25.10000,3.25912,3.52938,1.44710,32.15897,1.00000,50.00000,0.20000,1.00000,6.00000,0.10000,0.15000,0.45000
25.15000,3.29406,3.59273,1.44689,32.23161,1.00000,50.00000,0.20000,1.00000,6.00000,0.10000,0.15000,0.45000
25.20000,3.33099,3.65493,1.44667,32.30424,1.00000,50.00000,0.20000,1.00000,6.00000,0.10000,0.15000,0.45000
25.25000,3.36992,3.71588,1.44643,32.37686,1.00000,50.00000,0.20000,1.00000,6.00000,0.10000,0.15000,0.45000
25.30000,3.41083,3.77551,1.44617,32.44947,1.00000,50.00000,0.20000,1.00000,6.00000,0.10000,0.15000,0.45000
25.35000,3.45373,3.83371,1.44591,32.52207,1.00000,50.00000,0.20000,1.00000,6.00000,0.10000,0.15000,0.45000
25.40000,3.49859,3.89039,1.44563,32.59465,1.00000,50.00000,0.20000,1.00000,6.00000,0.10000,0.15000,0.45000
25.45000,3.54540,3.94545,1.44533,32.66722,1.00000,50.00000,0.20000,1.00000,6.00000,0.10000,0.15000,0.45000
25.50000,3.59414,3.99879,1.44503,32.73976,1.00000,50.00000,0.20000,1.00000,6.00000,0.10000,0.15000,0.45000
25.55000,3.64477,4.05032,1.44472,32.81228,1.00000,50.00000,0.20000,1.00000,6.00000,0.10000,0.15000,0.45000
25.60000,3.69725,4.09994,1.44440,32.88477,1.00000,50.00000,0.20000,1.00000,6.00000,0.10000,0.15000,0.45000
25.65000,3.75154,4.14755,1.44407,32.95723,1.00000,50.00000,0.20000,1.00000,6.00000,0.10000,0.15000,0.45000
25.70000,3.80759,4.19304,1.44374,33.02966,1.00000,50.00000,0.20000,1.00000,6.00000,0.10000,0.15000,0.45000
25.75000,3.86534,4.23633,1.44340,33.10206,1.00000,50.00000,0.20000,1.00000,6.00000,0.10000,0.15000,0.45000
25.80000,3.92473,4.27733,1.44306,33.17443,1.00000,50.00000,0.20000,1.00000,6.00000,0.10000,0.15000,0.45000
25.85000,3.98567,4.31593,1.44272,33.24675,1.00000,50.00000,0.20000,1.00000,6.00000,0.10000,0.15000,0.45000
25.90000,4.04809,4.35206,1.44238,33.31904,1.00000,50.00000,0.20000,1.00000,6.00000,0.10000,0.15000,0.45000
25.95000,4.11191,4.38563,1.44203,33.39129,1.00000,50.00000,0.20000,1.00000,6.00000,0.10000,0.15000,0.45000
26.00000,4.17702,4.41656,1.44170,33.46349,1.00000,50.00000,0.20000,1.00000,6.00000,0.10000,0.15000,0.45000
26.05000,4.24334,4.44477,1.44136,33.53564,1.00000,50.00000,0.20000,1.00000,6.00000,0.10000,0.15000,0.45000
26.10000,4.31076,4.47021,1.44104,33.60775,1.00000,50.00000,0.20000,1.00000,6.00000,0.10000,0.15000,0.45000
26.15000,4.37916,4.49282,1.44072,33.67981,1.00000,50.00000,0.20000,1.00000,6.00000,0.10000,0.15000,0.45000
26.20000,4.44843,4.51253,1.44041,33.75182,1.00000,50.00000,0.20000,1.00000,6.00000,0.10000,0.15000,0.45000
26.25000,4.51846,4.52930,1.44011,33.82379,1.00000,50.00000,0.20000,1.00000,6.00000,0.10000,0.15000,0.45000
26.30000,4.58911,4.54310,1.43982,33.89569,1.00000,50.00000,0.20000,1.00000,6.00000,0.10000,0.15000,0.45000
26.35000,4.66028,4.55390,1.43955,33.96755,1.00000,50.00000,0.20000,1.00000,6.00000,0.10000,0.15000,0.45000
26.40000,4.73182,4.56167,1.43929,34.03936,1.00000,50.00000,0.20000,1.00000,6.00000,0.10000,0.15000,0.45000
26.45000,4.80362,4.56640,1.43904,34.11112,1.00000,50.00000,0.20000,1.00000,6.00000,0.10000,0.15000,0.45000
26.50000,4.87554,4.56808,1.43881,34.18282,1.00000,50.00000,0.20000,1.00000,6.00000,0.10000,0.15000,0.45000
26.55000,4.94746,4.56673,1.43860,34.25447,1.00000,50.00000,0.20000,1.00000,6.00000,0.10000,0.15000,0.45000
26.60000,5.01925,4.56236,1.43841,34.32608,1.00000,50.00000,0.20000,1.00000,6.00000,0.10000,0.15000,0.45000
26.65000,5.09078,4.55498,1.43824,34.39764,1.00000,50.00000,0.20000,1.00000,6.00000,0.10000,0.15000,0.45000
26.70000,5.16210,4.54538,1.44159,34.46944,1.00000,50.00000,0.20000,1.00000,6.00000,0.10000,0.15000,0.45000
26.75000,5.23365,4.53681,1.43911,34.54070,1.00000,50.00000,0.20000,1.00000,6.00000,0.10000,0.15000,0.45000
26.80000,5.30415,4.52297,1.43593,34.61168,1.00000,50.00000,0.20000,1.00000,6.00000,0.10000,0.15000,0.45000
26.85000,5.37371,4.50527,1.43565,34.68248,1.00000,50.00000,0.20000,1.00000,6.00000,0.10000,0.15000,0.45000
26.90000,5.44240,4.48443,1.43562,34.75327,1.00000,50.00000,0.20000,1.00000,6.00000,0.10000,0.15000,0.45000
26.95000,5.51010,4.46062,1.43562,34.82404,1.00000,50.00000,0.20000,1.00000,6.00000,0.10000,0.15000,0.45000
27.00000,5.57673,4.43393,1.43565,34.89478,1.00000,50.00000,0.20000,1.00000,6.00000,0.10000,0.15000,0.45000
27.05000,5.64219,4.40448,1.43570,34.96549,1.00000,50.00000,0.20000,1.00000,6.00000,0.10000,0.15000,0.45000
27.10000,5.70639,4.37238,1.43577,35.03619,1.00000,50.00000,0.20000,1.00000,6.00000,0.10000,0.15000,0.45000
27.15000,5.76926,4.33773,1.43586,35.10688,1.00000,50.00000,0.20000,1.00000,6.00000,0.10000,0.15000,0.45000
27.20000,5.83073,4.30064,1.43597,35.17757,1.00000,50.00000,0.20000,1.00000,6.00000,0.10000,0.15000,0.45000
27.25000,5.89074,4.26123,1.43610,35.24827,1.00000,50.00000,0.20000,1.00000,6.00000,0.10000,0.15000,0.45000
27.30000,5.94925,4.21960,1.43625,35.31898,1.00000,50.00000,0.20000,1.00000,6.00000,0.10000,0.15000,0.45000
27.35000,6.00620,4.17586,1.43641,35.38971,1.00000,50.00000,0.20000,1.00000,6.00000,0.10000,0.15000,0.45000
27.40000,6.06157,4.13012,1.43659,35.46047,1.00000,50.00000,0.20000,1.00000,6.00000,0.10000,0.15000,0.45000
27.45000,6.11533,4.08247,1.43678,35.53126,1.00000,50.00000,0.20000,1.00000,6.00000,0.10000,0.15000,0.45000
27.50000,6.16744,4.03303,1.43699,35.60207,1.00000,50.00000,0.20000,1.00000,6.00000,0.10000,0.15000,0.45000
27.55000,6.21791,3.98188,1.43721,35.67292,1.00000,50.00000,0.20000,1.00000,6.00000,0.10000,0.15000,0.45000
27.60000,6.26670,3.92912,1.43745,35.74381,1.00000,50.00000,0.20000,1.00000,6.00000,0.10000,0.15000,0.45000
27.65000,6.31382,3.87485,1.43770,35.81473,1.00000,50.00000,0.20000,1.00000,6.00000,0.10000,0.15000,0.45000
27.70000,6.35926,3.81914,1.43797,35.88570,1.00000,50.00000,0.20000,1.00000,6.00000,0.10000,0.15000,0.45000
27.75000,6.40303,3.76209,1.43825,35.95670,1.00000,50.00000,0.20000,1.00000,6.00000,0.10000,0.15000,0.45000
27.80000,6.44512,3.70378,1.43854,36.02774,1.00000,50.00000,0.20000,1.00000,6.00000,0.10000,0.15000,0.45000
27.85000,6.48555,3.64429,1.43885,36.09883,1.00000,50.00000,0.20000,1.00000,6.00000,0.10000,0.15000,0.45000
27.90000,6.52433,3.58369,1.43917,36.16995,1.00000,50.00000,0.20000,1.00000,6.00000,0.10000,0.15000,0.45000
27.95000,6.56147,3.52205,1.43951,36.24112,1.00000,50.00000,0.20000,1.00000,6.00000,0.10000,0.15000,0.45000
28.00000,6.59699,3.45944,1.43986,36.31233,1.00000,50.00000,0.20000,1.00000,6.00000,0.10000,0.15000,0.45000
28.05000,6.63091,3.39593,1.44023,36.38358,1.00000,50.00000,0.20000,1.00000,6.00000,0.10000,0.15000,0.45000
28.10000,6.66324,3.33158,1.44061,36.45488,1.00000,50.00000,0.20000,1.00000,6.00000,0.10000,0.15000,0.45000
28.15000,6.69402,3.26644,1.44100,36.52621,1.00000,50.00000,0.20000,1.00000,6.00000,0.10000,0.15000,0.45000
28.20000,6.72327,3.20059,1.44142,36.59759,1.00000,50.00000,0.20000,1.00000,6.00000,0.10000,0.15000,0.45000
28.25000,6.75101,3.13406,1.44184,36.66901,1.00000,50.00000,0.20000,1.00000,6.00000,0.10000,0.15000,0.45000
28.30000,6.77728,3.06692,1.44228,36.74047,1.00000,50.00000,0.20000,1.00000,6.00000,0.10000,0.15000,0.45000
28.35000,6.80210,2.99920,1.44274,36.81198,1.00000,50.00000,0.20000,1.00000,6.00000,0.10000,0.15000,0.45000
28.40000,6.82552,2.93096,1.44321,36.88353,1.00000,50.00000,0.20000,1.00000,6.00000,0.10000,0.15000,0.45000
28.45000,6.84755,2.86223,1.44370,36.95512,1.00000,50.00000,0.20000,1.00000,6.00000,0.10000,0.15000,0.45000
28.50000,6.86824,2.79306,1.44421,37.02676,1.00000,50.00000,0.20000,1.00000,6.00000,0.10000,0.15000,0.45000
28.55000,6.88763,2.72349,1.44473,37.09844,1.00000,50.00000,0.20000,1.00000,6.00000,0.10000,0.15000,0.45000
28.60000,6.90574,2.65355,1.44527,37.17017,1.00000,50.00000,0.20000,1.00000,6.00000,0.10000,0.15000,0.45000
28.65000,6.92263,2.58327,1.44582,37.24194,1.00000,50.00000,0.20000,1.00000,6.00000,0.10000,0.15000,0.45000
28.70000,6.93834,2.51270,1.44640,37.31376,1.00000,50.00000,0.20000,1.00000,6.00000,0.10000,0.15000,0.45000
28.75000,6.95288,2.44184,1.44700,37.38563,1.00000,50.00000,0.20000,1.00000,6.00000,0.10000,0.15000,0.45000
28.80000,6.96630,2.37073,1.44764,37.45754,1.00000,50.00000,0.20000,1.00000,6.00000,0.10000,0.15000,0.45000
28.85000,6.97862,2.29939,1.44833,37.52951,1.00000,50.00000,0.20000,1.00000,6.00000,0.10000,0.15000,0.45000
28.90000,6.98990,2.22784,1.44907,37.60154,1.00000,50.00000,0.20000,1.00000,6.00000,0.10000,0.15000,0.45000
28.95000,7.00017,2.15610,1.44984,37.67362,1.00000,50.00000,0.20000,1.00000,6.00000,0.10000,0.15000,0.45000
29.00000,7.00950,2.08419,1.45064,37.74577,1.00000,50.00000,0.20000,1.00000,6.00000,0.10000,0.15000,0.45000
29.05000,7.01795,2.01213,1.45148,37.81798,1.00000,50.00000,0.20000,1.00000,6.00000,0.10000,0.15000,0.45000
29.10000,7.02557,1.93994,1.45234,37.89026,1.00000,50.00000,0.20000,1.00000,6.00000,0.10000,0.15000,0.45000
29.15000,7.03242,1.86762,1.45322,37.96260,1.00000,50.00000,0.20000,1.00000,6.00000,0.10000,0.15000,0.45000
29.20000,7.03857,1.79520,1.45413,38.03501,1.00000,50.00000,0.20000,1.00000,6.00000,0.10000,0.15000,0.45000
29.25000,7.04409,1.72268,1.45504,38.10749,1.00000,50.00000,0.20000,1.00000,6.00000,0.10000,0.15000,0.45000
29.30000,7.04903,1.65007,1.45597,38.18005,1.00000,50.00000,0.20000,1.00000,6.00000,0.10000,0.15000,0.45000
29.35000,7.05348,1.57739,1.45691,38.25267,1.00000,50.00000,0.20000,1.00000,6.00000,0.10000,0.15000,0.45000
29.40000,7.05748,1.50463,1.45785,38.32535,1.00000,50.00000,0.20000,1.00000,6.00000,0.10000,0.15000,0.45000
29.45000,7.06111,1.43180,1.45880,38.39811,1.00000,50.00000,0.20000,1.00000,6.00000,0.10000,0.15000,0.45000
29.50000,7.06443,1.35891,1.45974,38.47093,1.00000,50.00000,0.20000,1.00000,6.00000,0.10000,0.15000,0.45000
29.55000,7.06750,1.28597,1.46067,38.54384,1.00000,50.00000,0.20000,1.00000,6.00000,0.10000,0.15000,0.45000
29.60000,7.07040,1.21297,1.46160,38.61683,1.00000,50.00000,0.20000,1.00000,6.00000,0.10000,0.15000,0.45000
29.65000,7.07317,1.13992,1.46252,38.68986,1.00000,50.00000,0.20000,1.00000,6.00000,0.10000,0.15000,0.45000
29.70000,7.07587,1.06682,1.46342,38.76290,1.00000,50.00000,0.20000,1.00000,6.00000,0.10000,0.15000,0.45000
29.75000,7.07858,0.99368,1.46431,38.83602,1.00000,50.00000,0.20000,1.00000,6.00000,0.10000,0.15000,0.45000
29.80000,7.08134,0.92049,1.46518,38.90951,1.00000,50.00000,0.20000,1.00000,6.00000,0.10000,0.15000,0.45000
29.85000,7.08421,0.84727,1.46603,38.98348,1.00000,50.00000,0.20000,1.00000,6.00000,0.10000,0.15000,0.45000
29.90000,7.08725,0.77401,1.46685,39.05768,1.00000,50.00000,0.20000,1.00000,6.00000,0.10000,0.15000,0.45000
29.95000,7.09051,0.70072,1.46765,39.13167,1.00000,50.00000,0.20000,1.00000,6.00000,0.10000,0.15000,0.45000
30.00000,7.09405,0.62740,1.46842,39.20537,1.00000,50.00000,0.20000,1.00000,6.00000,0.10000,0.15000,0.45000
30.05000,7.09792,0.55406,1.46917,39.27895,1.00000,50.00000,0.20000,1.00000,6.00000,0.10000,0.15000,0.45000
30.10000,7.10218,0.48071,1.46990,39.35254,1.00000,50.00000,0.20000,1.00000,6.00000,0.10000,0.15000,0.45000
30.15000,7.10688,0.40735,1.47060,39.42617,1.00000,50.00000,0.20000,1.00000,6.00000,0.10000,0.15000,0.45000
30.20000,7.11208,0.33399,1.47127,39.49984,1.00000,50.00000,0.20000,1.00000,6.00000,0.10000,0.15000,0.45000
30.25000,7.11784,0.26063,1.47193,39.57355,1.00000,50.00000,0.20000,1.00000,6.00000,0.10000,0.15000,0.45000
30.30000,7.12420,0.18730,1.47256,39.64732,1.00000,50.00000,0.20000,1.00000,6.00000,0.10000,0.15000,0.45000
30.35000,7.13122,0.11399,1.47318,39.72113,1.00000,50.00000,0.20000,1.00000,6.00000,0.10000,0.15000,0.45000
30.40000,7.13896,0.04072,1.47377,39.79499,1.00000,50.00000,0.20000,1.00000,6.00000,0.10000,0.15000,0.45000
30.45000,7.14747,-0.03249,1.47434,39.86889,1.00000,50.00000,0.20000,1.00000,6.00000,0.10000,0.15000,0.45000
30.50000,7.15679,-0.10563,1.47489,39.94283,1.00000,50.00000,0.20000,1.00000,6.00000,0.10000,0.15000,0.45000
30.55000,7.16699,-0.17868,1.47542,40.01682,1.00000,50.00000,0.20000,1.00000,6.00000,0.10000,0.15000,0.45000
30.60000,7.17810,-0.25162,1.47594,40.09084,1.00000,50.00000,0.20000,1.00000,6.00000,0.10000,0.15000,0.45000
30.65000,7.19018,-0.32443,1.47644,40.16490,1.00000,50.00000,0.20000,1.00000,6.00000,0.10000,0.15000,0.45000
30.70000,7.20327,-0.39710,1.47692,40.23900,1.00000,50.00000,0.20000,1.00000,6.00000,0.10000,0.15000,0.45000
30.75000,7.21742,-0.46958,1.47738,40.31312,1.00000,50.00000,0.20000,1.00000,6.00000,0.10000,0.15000,0.45000
30.80000,7.23267,-0.54187,1.47783,40.38727,1.00000,50.00000,0.20000,1.00000,6.00000,0.10000,0.15000,0.45000
30.85000,7.24906,-0.61394,1.47827,40.46145,1.00000,50.00000,0.20000,1.00000,6.00000,0.10000,0.15000,0.45000
30.90000,7.26663,-0.68574,1.47869,40.53566,1.00000,50.00000,0.20000,1.00000,6.00000,0.10000,0.15000,0.45000
30.95000,7.28542,-0.75726,1.47910,40.60988,1.00000,50.00000,0.20000,1.00000,6.00000,0.10000,0.15000,0.45000
31.00000,7.30546,-0.82845,1.47949,40.68413,1.00000,50.00000,0.20000,1.00000,6.00000,0.10000,0.15000,0.45000
31.05000,7.32679,-0.89930,1.47988,40.75838,1.00000,50.00000,0.20000,1.00000,6.00000,0.10000,0.15000,0.45000
31.10000,7.34942,-0.96975,1.48025,40.83266,1.00000,50.00000,0.20000,1.00000,6.00000,0.10000,0.15000,0.45000
31.15000,7.37340,-1.03978,1.48061,40.90694,1.00000,50.00000,0.20000,1.00000,6.00000,0.10000,0.15000,0.45000
31.20000,7.39874,-1.10935,1.48097,40.98124,1.00000,50.00000,0.20000,1.00000,6.00000,0.10000,0.15000,0.45000
31.25000,7.42547,-1.17841,1.48131,41.05554,1.00000,50.00000,0.20000,1.00000,6.00000,0.10000,0.15000,0.45000
31.30000,7.45360,-1.24694,1.48165,41.12985,1.00000,50.00000,0.20000,1.00000,6.00000,0.10000,0.15000,0.45000
31.35000,7.48314,-1.31488,1.48198,41.20416,1.00000,50.00000,0.20000,1.00000,6.00000,0.10000,0.15000,0.45000
31.40000,7.51413,-1.38220,1.48231,41.27848,1.00000,50.00000,0.20000,1.00000,6.00000,0.10000,0.15000,0.45000
31.45000,7.54655,-1.44885,1.48262,41.35279,1.00000,50.00000,0.20000,1.00000,6.00000,0.10000,0.15000,0.45000
31.50000,7.58043,-1.51480,1.48294,41.42711,1.00000,50.00000,0.20000,1.00000,6.00000,0.10000,0.15000,0.45000
31.55000,7.61576,-1.57999,1.48325,41.50143,1.00000,50.00000,0.20000,1.00000,6.00000,0.10000,0.15000,0.45000
31.60000,7.65255,-1.64439,1.48355,41.57575,1.00000,50.00000,0.20000,1.00000,6.00000,0.10000,0.15000,0.45000
31.65000,7.69080,-1.70795,1.48385,41.65008,1.00000,50.00000,0.20000,1.00000,6.00000,0.10000,0.15000,0.45000
31.70000,7.73051,-1.77064,1.48415,41.72440,1.00000,50.00000,0.20000,1.00000,6.00000,0.10000,0.15000,0.45000
31.75000,7.77166,-1.83239,1.48445,41.79872,1.00000,50.00000,0.20000,1.00000,6.00000,0.10000,0.15000,0.45000
31.80000,7.81426,-1.89318,1.48475,41.87305,1.00000,50.00000,0.20000,1.00000,6.00000,0.10000,0.15000,0.45000
31.85000,7.85828,-1.95297,1.48504,41.94737,1.00000,50.00000,0.20000,1.00000,6.00000,0.10000,0.15000,0.45000
31.90000,7.90372,-2.01170,1.48534,42.02169,1.00000,50.00000,0.20000,1.00000,6.00000,0.10000,0.15000,0.45000
31.95000,7.95056,-2.06934,1.48564,42.09602,1.00000,50.00000,0.20000,1.00000,6.00000,0.10000,0.15000,0.45000
32.00000,7.99879,-2.12584,1.48594,42.17034,1.00000,50.00000,0.20000,1.00000,6.00000,0.10000,0.15000,0.45000
32.05000,8.04837,-2.18118,1.48624,42.24464,1.00000,50.00000,0.20000,1.00000,6.00000,0.10000,0.15000,0.45000
32.10000,8.09930,-2.23531,1.48654,42.31894,1.00000,50.00000,0.20000,1.00000,6.00000,0.10000,0.15000,0.45000
32.15000,8.15153,-2.28819,1.48685,42.39324,1.00000,50.00000,0.20000,1.00000,6.00000,0.10000,0.15000,0.45000
32.20000,8.20505,-2.33980,1.48717,42.46755,1.00000,50.00000,0.20000,1.00000,6.00000,0.10000,0.15000,0.45000
32.25000,8.25983,-2.39010,1.48749,42.54187,1.00000,50.00000,0.20000,1.00000,6.00000,0.10000,0.15000,0.45000
32.30000,8.31583,-2.43905,1.48781,42.61619,1.00000,50.00000,0.20000,1.00000,6.00000,0.10000,0.15000,0.45000
32.35000,8.37302,-2.48663,1.48814,42.69050,1.00000,50.00000,0.20000,1.00000,6.00000,0.10000,0.15000,0.45000
32.40000,8.43137,-2.53281,1.48847,42.76480,1.00000,50.00000,0.20000,1.00000,6.00000,0.10000,0.15000,0.45000
32.45000,8.49084,-2.57757,1.48882,42.83911,1.00000,50.00000,0.20000,1.00000,6.00000,0.10000,0.15000,0.45000
32.50000,8.55140,-2.62088,1.48917,42.91343,1.00000,50.00000,0.20000,1.00000,6.00000,0.10000,0.15000,0.45000
32.55000,8.61300,-2.66272,1.48953,42.98774,1.00000,50.00000,0.20000,1.00000,6.00000,0.10000,0.15000,0.45000
32.60000,8.67560,-2.70308,1.48989,43.06206,1.00000,50.00000,0.20000,1.00000,6.00000,0.10000,0.15000,0.45000
32.65000,8.73917,-2.74193,1.49027,43.13638,1.00000,50.00000,0.20000,1.00000,6.00000,0.10000,0.15000,0.45000
32.70000,8.80366,-2.77927,1.49066,43.21071,1.00000,50.00000,0.20000,1.00000,6.00000,0.10000,0.15000,0.45000
32.75000,8.86903,-2.81508,1.49105,43.28503,1.00000,50.00000,0.20000,1.00000,6.00000,0.10000,0.15000,0.45000
32.80000,8.93525,-2.84936,1.49146,43.35937,1.00000,50.00000,0.20000,1.00000,6.00000,0.10000,0.15000,0.45000
32.85000,9.00226,-2.88210,1.49188,43.43371,1.00000,50.00000,0.20000,1.00000,6.00000,0.10000,0.15000,0.45000
32.90000,9.07003,-2.91329,1.49230,43.50806,1.00000,50.00000,0.20000,1.00000,6.00000,0.10000,0.15000,0.45000
32.95000,9.13851,-2.94293,1.49274,43.58243,1.00000,50.00000,0.20000,1.00000,6.00000,0.10000,0.15000,0.45000
33.00000,9.20767,-2.97103,1.49319,43.65680,1.00000,50.00000,0.20000,1.00000,6.00000,0.10000,0.15000,0.45000
33.05000,9.27746,-2.99759,1.49365,43.73119,1.00000,50.00000,0.20000,1.00000,6.00000,0.10000,0.15000,0.45000
33.10000,9.34783,-3.02262,1.49412,43.80560,1.00000,50.00000,0.20000,1.00000,6.00000,0.10000,0.15000,0.45000
33.15000,9.41876,-3.04611,1.49461,43.88002,1.00000,50.00000,0.20000,1.00000,6.00000,0.10000,0.15000,0.45000
33.20000,9.49020,-3.06808,1.49510,43.95446,1.00000,50.00000,0.20000,1.00000,6.00000,0.10000,0.15000,0.45000
33.25000,9.56211,-3.08854,1.49561,44.02892,1.00000,50.00000,0.20000,1.00000,6.00000,0.10000,0.15000,0.45000
33.30000,9.63446,-3.10750,1.49612,44.10341,1.00000,50.00000,0.20000,1.00000,6.00000,0.10000,0.15000,0.45000
33.35000,9.70721,-3.12498,1.49665,44.17792,1.00000,50.00000,0.20000,1.00000,6.00000,0.10000,0.15000,0.45000
33.40000,9.78032,-3.14099,1.49719,44.25245,1.00000,50.00000,0.20000,1.00000,6.00000,0.10000,0.15000,0.45000
33.45000,9.85376,-3.15555,1.49774,44.32701,1.00000,50.00000,0.20000,1.00000,6.00000,0.10000,0.15000,0.45000
33.50000,9.92750,-3.16868,1.49831,44.40159,1.00000,50.00000,0.20000,1.00000,6.00000,0.10000,0.15000,0.45000
33.55000,10.00151,-3.18039,1.49888,44.47621,1.00000,50.00000,0.20000,1.00000,6.00000,0.10000,0.15000,0.45000
33.60000,10.07575,-3.19071,1.49947,44.55085,1.00000,50.00000,0.20000,1.00000,6.00000,0.10000,0.15000,0.45000
33.65000,10.15021,-3.19965,1.50007,44.62553,1.00000,50.00000,0.20000,1.00000,6.00000,0.10000,0.15000,0.45000
33.70000,10.22484,-3.20724,1.50068,44.70023,1.00000,50.00000,0.20000,1.00000,6.00000,0.10000,0.15000,0.45000
33.75000,10.29963,-3.21349,1.50130,44.77497,1.00000,50.00000,0.20000,1.00000,6.00000,0.10000,0.15000,0.45000
33.80000,10.37454,-3.21844,1.50193,44.84975,1.00000,50.00000,0.20000,1.00000,6.00000,0.10000,0.15000,0.45000
33.85000,10.44956,-3.22211,1.50258,44.92456,1.00000,50.00000,0.20000,1.00000,6.00000,0.10000,0.15000,0.45000
33.90000,10.52467,-3.22451,1.50324,44.99940,1.00000,50.00000,0.20000,1.00000,6.00000,0.10000,0.15000,0.45000
33.95000,10.59984,-3.22568,1.50391,45.07428,1.00000,50.00000,0.20000,1.00000,6.00000,0.10000,0.15000,0.45000
34.00000,10.67505,-3.22564,1.50459,45.14920,1.00000,50.00000,0.20000,1.00000,6.00000,0.10000,0.15000,0.45000
34.05000,10.75029,-3.22441,1.50528,45.22416,1.00000,50.00000,0.20000,1.00000,6.00000,0.10000,0.15000,0.45000
34.10000,10.82553,-3.22203,1.50599,45.29915,1.00000,50.00000,0.20000,1.00000,6.00000,0.10000,0.15000,0.45000
34.15000,10.89926,-3.21777,1.44264,45.29915,1.00000,50.00000,0.20000,1.00000,6.00000,0.10000,0.15000,0.45000
34.20000,10.96826,-3.20586,1.35870,45.29915,1.00000,50.00000,0.20000,1.00000,6.00000,0.10000,0.15000,0.45000
34.25000,11.03294,-3.18577,1.36142,45.46161,1.00000,50.00000,0.20000,1.00000,6.00000,0.10000,0.15000,0.45000
34.30000,11.09831,-3.16584,1.37076,45.55865,1.00000,50.00000,0.20000,1.00000,6.00000,0.10000,0.15000,0.45000
34.35000,11.16496,-3.14969,1.37235,45.63749,1.00000,50.00000,0.20000,1.00000,6.00000,0.10000,0.15000,0.45000
34.40000,11.23217,-3.13578,1.37307,45.71001,1.00000,50.00000,0.20000,1.00000,6.00000,0.10000,0.15000,0.45000
34.45000,11.29961,-3.12280,1.37403,45.78023,1.00000,50.00000,0.20000,1.00000,6.00000,0.10000,0.15000,0.45000
34.50000,11.36720,-3.11036,1.37507,45.84974,1.00000,50.00000,0.20000,1.00000,6.00000,0.10000,0.15000,0.45000
34.55000,11.43491,-3.09828,1.37616,45.91908,1.00000,50.00000,0.20000,1.00000,6.00000,0.10000,0.15000,0.45000
34.60000,11.50273,-3.08645,1.37727,45.98840,1.00000,50.00000,0.20000,1.00000,6.00000,0.10000,0.15000,0.45000
34.65000,11.57062,-3.07475,1.37840,46.05775,1.00000,50.00000,0.20000,1.00000,6.00000,0.10000,0.15000,0.45000
34.70000,11.63857,-3.06311,1.37955,46.12713,1.00000,50.00000,0.20000,1.00000,6.00000,0.10000,0.15000,0.45000
34.75000,11.70658,-3.05141,1.38071,46.19654,1.00000,50.00000,0.20000,1.00000,6.00000,0.10000,0.15000,0.45000
34.80000,11.77463,-3.03959,1.38188,46.26596,1.00000,50.00000,0.20000,1.00000,6.00000,0.10000,0.15000,0.45000
34.85000,11.84270,-3.02758,1.38306,46.33540,1.00000,50.00000,0.20000,1.00000,6.00000,0.10000,0.15000,0.45000
34.90000,11.91078,-3.01530,1.38425,46.40485,1.00000,50.00000,0.20000,1.00000,6.00000,0.10000,0.15000,0.45000
34.95000,11.97887,-3.00270,1.38545,46.47431,1.00000,50.00000,0.20000,1.00000,6.00000,0.10000,0.15000,0.45000
35.00000,12.04695,-2.98973,1.38666,46.54379,1.00000,50.00000,0.20000,1.00000,6.00000,0.10000,0.15000,0.45000
35.05000,12.11501,-2.97637,1.38787,46.61330,1.00000,50.00000,0.20000,1.00000,6.00000,0.10000,0.15000,0.45000
35.10000,12.18305,-2.96257,1.38908,46.68282,1.00000,50.00000,0.20000,1.00000,6.00000,0.10000,0.15000,0.45000
35.15000,12.25106,-2.94833,1.39030,46.75238,1.00000,50.00000,0.20000,1.00000,6.00000,0.10000,0.15000,0.45000
35.20000,12.31903,-2.93362,1.39152,46.82196,1.00000,50.00000,0.20000,1.00000,6.00000,0.10000,0.15000,0.45000
35.25000,12.38696,-2.91844,1.39273,46.89159,1.00000,50.00000,0.20000,1.00000,6.00000,0.10000,0.15000,0.45000
35.30000,12.45485,-2.90279,1.39394,46.96127,1.00000,50.00000,0.20000,1.00000,6.00000,0.10000,0.15000,0.45000
35.35000,12.52269,-2.88668,1.39514,47.03104,1.00000,50.00000,0.20000,1.00000,6.00000,0.10000,0.15000,0.45000
35.40000,12.59048,-2.87012,1.39632,47.10097,1.00000,50.00000,0.20000,1.00000,6.00000,0.10000,0.15000,0.45000
35.45000,12.65823,-2.85312,1.39749,47.17122,1.00000,50.00000,0.20000,1.00000,6.00000,0.10000,0.15000,0.45000
35.50000,12.72593,-2.83570,1.39864,47.24185,1.00000,50.00000,0.20000,1.00000,6.00000,0.10000,0.15000,0.45000
35.55000,12.79358,-2.81789,1.39977,47.31268,1.00000,50.00000,0.20000,1.00000,6.00000,0.10000,0.15000,0.45000
35.60000,12.86119,-2.79969,1.40087,47.38326,1.00000,50.00000,0.20000,1.00000,6.00000,0.10000,0.15000,0.45000
35.65000,12.92876,-2.78115,1.40195,47.45346,1.00000,50.00000,0.20000,1.00000,6.00000,0.10000,0.15000,0.45000
35.70000,12.99630,-2.76228,1.40301,47.52347,1.00000,50.00000,0.20000,1.00000,6.00000,0.10000,0.15000,0.45000
35.75000,13.06381,-2.74310,1.40404,47.59355,1.00000,50.00000,0.20000,1.00000,6.00000,0.10000,0.15000,0.45000
35.80000,13.13128,-2.72365,1.40504,47.66375,1.00000,50.00000,0.20000,1.00000,6.00000,0.10000,0.15000,0.45000
35.85000,13.19874,-2.70395,1.40601,47.73403,1.00000,50.00000,0.20000,1.00000,6.00000,0.10000,0.15000,0.45000
35.90000,13.26618,-2.68402,1.40696,47.80433,1.00000,50.00000,0.20000,1.00000,6.00000,0.10000,0.15000,0.45000
35.95000,13.33362,-2.66389,1.40788,47.87467,1.00000,50.00000,0.20000,1.00000,6.00000,0.10000,0.15000,0.45000
36.00000,13.40104,-2.64359,1.40877,47.94506,1.00000,50.00000,0.20000,1.00000,6.00000,0.10000,0.15000,0.45000
36.05000,13.46847,-2.62313,1.40964,48.01550,1.00000,50.00000,0.20000,1.00000,6.00000,0.10000,0.15000,0.45000
36.10000,13.53590,-2.60255,1.41047,48.08599,1.00000,50.00000,0.20000,1.00000,6.00000,0.10000,0.15000,0.45000
36.15000,13.60334,-2.58187,1.41127,48.15652,1.00000,50.00000,0.20000,1.00000,6.00000,0.10000,0.15000,0.45000
36.20000,13.67080,-2.56110,1.41205,48.22709,1.00000,50.00000,0.20000,1.00000,6.00000,0.10000,0.15000,0.45000
36.25000,13.73828,-2.54026,1.41279,48.29770,1.00000,50.00000,0.20000,1.00000,6.00000,0.10000,0.15000,0.45000
36.30000,13.80578,-2.51938,1.41350,48.36835,1.00000,50.00000,0.20000,1.00000,6.00000,0.10000,0.15000,0.45000
36.35000,13.87331,-2.49847,1.41418,48.43904,1.00000,50.00000,0.20000,1.00000,6.00000,0.10000,0.15000,0.45000
36.40000,13.94086,-2.47753,1.41483,48.50976,1.00000,50.00000,0.20000,1.00000,6.00000,0.10000,0.15000,0.45000
36.45000,14.00845,-2.45659,1.41544,48.58051,1.00000,50.00000,0.20000,1.00000,6.00000,0.10000,0.15000,0.45000
36.50000,14.07607,-2.43565,1.41603,48.65128,1.00000,50.00000,0.20000,1.00000,6.00000,0.10000,0.15000,0.45000
36.55000,14.14371,-2.41471,1.41658,48.72209,1.00000,50.00000,0.20000,1.00000,6.00000,0.10000,0.15000,0.45000
36.60000,14.21139,-2.39377,1.41710,48.79291,1.00000,50.00000,0.20000,1.00000,6.00000,0.10000,0.15000,0.45000
36.65000,14.27910,-2.37285,1.41758,48.86376,1.00000,50.00000,0.20000,1.00000,6.00000,0.10000,0.15000,0.45000
36.70000,14.34683,-2.35193,1.41803,48.93463,1.00000,50.00000,0.20000,1.00000,6.00000,0.10000,0.15000,0.45000
36.75000,14.41459,-2.33100,1.41845,49.00551,1.00000,50.00000,0.20000,1.00000,6.00000,0.10000,0.15000,0.45000
36.80000,14.48235,-2.31005,1.41884,49.07641,1.00000,50.00000,0.20000,1.00000,6.00000,0.10000,0.15000,0.45000
36.85000,14.55013,-2.28907,1.41919,49.14732,1.00000,50.00000,0.20000,1.00000,6.00000,0.10000,0.15000,0.45000
36.90000,14.61791,-2.26805,1.41951,49.21825,1.00000,50.00000,0.20000,1.00000,6.00000,0.10000,0.15000,0.45000
36.95000,14.68569,-2.24694,1.41979,49.28918,1.00000,50.00000,0.20000,1.00000,6.00000,0.10000,0.15000,0.45000
37.00000,14.75344,-2.22574,1.42004,49.36013,1.00000,50.00000,0.20000,1.00000,6.00000,0.10000,0.15000,0.45000
37.05000,14.82117,-2.20440,1.42025,49.43109,1.00000,50.00000,0.20000,1.00000,6.00000,0.10000,0.15000,0.45000
37.10000,14.88885,-2.18289,1.42043,49.50205,1.00000,50.00000,0.20000,1.00000,6.00000,0.10000,0.15000,0.45000
37.15000,14.95647,-2.16117,1.42058,49.57303,1.00000,50.00000,0.20000,1.00000,6.00000,0.10000,0.15000,0.45000
37.20000,15.02402,-2.13919,1.42069,49.64403,1.00000,50.00000,0.20000,1.00000,6.00000,0.10000,0.15000,0.45000
37.25000,15.09146,-2.11690,1.42076,49.71504,1.00000,50.00000,0.20000,1.00000,6.00000,0.10000,0.15000,0.45000
37.30000,15.15879,-2.09423,1.42079,49.78608,1.00000,50.00000,0.20000,1.00000,6.00000,0.10000,0.15000,0.45000
37.35000,15.22597,-2.07114,1.42079,49.85713,1.00000,50.00000,0.20000,1.00000,6.00000,0.10000,0.15000,0.45000
37.40000,15.29298,-2.04755,1.42075,49.92822,1.00000,50.00000,0.20000,1.00000,6.00000,0.10000,0.15000,0.45000
37.45000,15.35978,-2.02340,1.42067,49.99934,1.00000,50.00000,0.20000,1.00000,6.00000,0.10000,0.15000,0.45000
37.50000,15.42634,-1.99859,1.42055,50.07051,1.00000,50.00000,0.20000,1.00000,6.00000,0.10000,0.15000,0.45000
37.55000,15.49262,-1.97306,1.42038,50.14171,1.00000,50.00000,0.20000,1.00000,6.00000,0.10000,0.15000,0.45000
37.60000,15.55856,-1.94672,1.42017,50.21297,1.00000,50.00000,0.20000,1.00000,6.00000,0.10000,0.15000,0.45000
37.65000,15.62413,-1.91946,1.41992,50.28429,1.00000,50.00000,0.20000,1.00000,6.00000,0.10000,0.15000,0.45000
37.70000,15.68925,-1.89121,1.41962,50.35566,1.00000,50.00000,0.20000,1.00000,6.00000,0.10000,0.15000,0.45000
37.75000,15.75386,-1.86185,1.41927,50.42711,1.00000,50.00000,0.20000,1.00000,6.00000,0.10000,0.15000,0.45000
37.80000,15.81789,-1.83128,1.41886,50.49862,1.00000,50.00000,0.20000,1.00000,6.00000,0.10000,0.15000,0.45000
37.85000,15.88126,-1.79940,1.41841,50.57021,1.00000,50.00000,0.20000,1.00000,6.00000,0.10000,0.15000,0.45000
37.90000,15.94386,-1.76611,1.41789,50.64187,1.00000,50.00000,0.20000,1.00000,6.00000,0.10000,0.15000,0.45000
37.95000,16.00560,-1.73129,1.41731,50.71361,1.00000,50.00000,0.20000,1.00000,6.00000,0.10000,0.15000,0.45000
38.00000,16.06635,-1.69483,1.41667,50.78542,1.00000,50.00000,0.20000,1.00000,6.00000,0.10000,0.15000,0.45000
38.05000,16.12597,-1.65663,1.41597,50.85730,1.00000,50.00000,0.20000,1.00000,6.00000,0.10000,0.15000,0.45000
38.10000,16.18433,-1.61659,1.41519,50.92924,1.00000,50.00000,0.20000,1.00000,6.00000,0.10000,0.15000,0.45000
38.15000,16.24126,-1.57460,1.41434,51.00124,1.00000,50.00000,0.20000,1.00000,6.00000,0.10000,0.15000,0.45000
38.20000,16.29658,-1.53059,1.41340,51.07327,1.00000,50.00000,0.20000,1.00000,6.00000,0.10000,0.15000,0.45000
38.25000,16.35009,-1.48446,1.41238,51.14534,1.00000,50.00000,0.20000,1.00000,6.00000,0.10000,0.15000,0.45000
38.30000,16.40157,-1.43617,1.41130,51.21741,1.00000,50.00000,0.20000,1.00000,6.00000,0.10000,0.15000,0.45000
38.35000,16.45081,-1.38567,1.41014,51.28947,1.00000,50.00000,0.20000,1.00000,6.00000,0.10000,0.15000,0.45000
38.40000,16.49757,-1.33294,1.40889,51.36151,1.00000,50.00000,0.20000,1.00000,6.00000,0.10000,0.15000,0.45000
38.45000,16.54159,-1.27799,1.40756,51.43351,1.00000,50.00000,0.20000,1.00000,6.00000,0.10000,0.15000,0.45000
38.50000,16.58260,-1.22085,1.40616,51.50542,1.00000,50.00000,0.20000,1.00000,6.00000,0.10000,0.15000,0.45000
38.55000,16.62035,-1.16159,1.40470,51.57723,1.00000,50.00000,0.20000,1.00000,6.00000,0.10000,0.15000,0.45000
38.60000,16.65457,-1.10031,1.40319,51.64890,1.00000,50.00000,0.20000,1.00000,6.00000,0.10000,0.15000,0.45000
38.65000,16.68500,-1.03714,1.40164,51.72040,1.00000,50.00000,0.20000,1.00000,6.00000,0.10000,0.15000,0.45000
38.70000,16.71138,-0.97226,1.40006,51.79172,1.00000,50.00000,0.20000,1.00000,6.00000,0.10000,0.15000,0.45000
38.75000,16.73349,-0.90590,1.39847,51.86284,1.00000,50.00000,0.20000,1.00000,6.00000,0.10000,0.15000,0.45000
38.80000,16.75112,-0.83828,1.39690,51.93372,1.00000,50.00000,0.20000,1.00000,6.00000,0.10000,0.15000,0.45000
38.85000,16.76409,-0.76970,1.39535,52.00432,1.00000,50.00000,0.20000,1.00000,6.00000,0.10000,0.15000,0.45000
38.90000,16.77226,-0.70046,1.39384,52.07462,1.00000,50.00000,0.20000,1.00000,6.00000,0.10000,0.15000,0.45000
38.95000,16.77552,-0.63090,1.39238,52.14466,1.00000,50.00000,0.20000,1.00000,6.00000,0.10000,0.15000,0.45000
39.00000,16.77379,-0.56135,1.39099,52.21443,1.00000,50.00000,0.20000,1.00000,6.00000,0.10000,0.15000,0.45000
39.05000,16.76707,-0.49217,1.38969,52.28394,1.00000,50.00000,0.20000,1.00000,6.00000,0.10000,0.15000,0.45000
39.10000,16.75535,-0.42372,1.38848,52.35316,1.00000,50.00000,0.20000,1.00000,6.00000,0.10000,0.15000,0.45000
39.15000,16.73872,-0.35637,1.38737,52.42209,1.00000,50.00000,0.20000,1.00000,6.00000,0.10000,0.15000,0.45000
39.20000,16.71728,-0.29044,1.38636,52.49076,1.00000,50.00000,0.20000,1.00000,6.00000,0.10000,0.15000,0.45000
39.25000,16.69115,-0.22627,1.38544,52.55922,1.00000,50.00000,0.20000,1.00000,6.00000,0.10000,0.15000,0.45000
39.30000,16.66051,-0.16418,1.38463,52.62747,1.00000,50.00000,0.20000,1.00000,6.00000,0.10000,0.15000,0.45000
39.35000,16.62557,-0.10445,1.38393,52.69548,1.00000,50.00000,0.20000,1.00000,6.00000,0.10000,0.15000,0.45000
39.40000,16.58656,-0.04734,1.38333,52.76326,1.00000,50.00000,0.20000,1.00000,6.00000,0.10000,0.15000,0.45000
39.45000,16.54373,0.00693,1.38281,52.83084,1.00000,50.00000,0.20000,1.00000,6.00000,0.10000,0.15000,0.45000
39.50000,16.49734,0.05816,1.38237,52.89827,1.00000,50.00000,0.20000,1.00000,6.00000,0.10000,0.15000,0.45000
39.55000,16.44765,0.10618,1.38201,52.96558,1.00000,50.00000,0.20000,1.00000,6.00000,0.10000,0.15000,0.45000
39.60000,16.39495,0.15084,1.38173,53.03277,1.00000,50.00000,0.20000,1.00000,6.00000,0.10000,0.15000,0.45000
39.65000,16.33953,0.19206,1.38153,53.09983,1.00000,50.00000,0.20000,1.00000,6.00000,0.10000,0.15000,0.45000
39.70000,16.28167,0.22975,1.38140,53.16679,1.00000,50.00000,0.20000,1.00000,6.00000,0.10000,0.15000,0.45000
39.75000,16.22163,0.26388,1.38132,53.23367,1.00000,50.00000,0.20000,1.00000,6.00000,0.10000,0.15000,0.45000
39.80000,16.15970,0.29442,1.38130,53.30050,1.00000,50.00000,0.20000,1.00000,6.00000,0.10000,0.15000,0.45000
39.85000,16.09613,0.32138,1.38133,53.36730,1.00000,50.00000,0.20000,1.00000,6.00000,0.10000,0.15000,0.45000
39.90000,16.03116,0.34479,1.38140,53.43408,1.00000,50.00000,0.20000,1.00000,6.00000,0.10000,0.15000,0.45000
39.95000,15.96502,0.36468,1.38151,53.50085,1.00000,50.00000,0.20000,1.00000,6.00000,0.10000,0.15000,0.45000
40.00000,15.89794,0.38113,1.38165,53.56762,1.00000,50.00000,0.20000,1.00000,6.00000,0.10000,0.15000,0.45000
40.05000,15.83011,0.39420,1.38183,53.63440,1.00000,50.00000,0.20000,1.00000,6.00000,0.10000,0.15000,0.45000
40.10000,15.76172,0.40400,1.38204,53.70121,1.00000,50.00000,0.20000,1.00000,6.00000,0.10000,0.15000,0.45000
40.15000,15.69294,0.41062,1.38228,53.76806,1.00000,50.00000,0.20000,1.00000,6.00000,0.10000,0.15000,0.45000
40.20000,15.62392,0.41417,1.38254,53.83496,1.00000,50.00000,0.20000,1.00000,6.00000,0.10000,0.15000,0.45000
40.25000,15.55479,0.41477,1.38283,53.90191,1.00000,50.00000,0.20000,1.00000,6.00000,0.10000,0.15000,0.45000
40.30000,15.48568,0.41253,1.38314,53.96893,1.00000,50.00000,0.20000,1.00000,6.00000,0.10000,0.15000,0.45000
40.35000,15.41670,0.40759,1.38347,54.03603,1.00000,50.00000,0.20000,1.00000,6.00000,0.10000,0.15000,0.45000
40.40000,15.34794,0.40006,1.38382,54.10321,1.00000,50.00000,0.20000,1.00000,6.00000,0.10000,0.15000,0.45000
40.45000,15.27946,0.39008,1.38419,54.17048,1.00000,50.00000,0.20000,1.00000,6.00000,0.10000,0.15000,0.45000
40.50000,15.21135,0.37778,1.38457,54.23786,1.00000,50.00000,0.20000,1.00000,6.00000,0.10000,0.15000,0.45000
40.55000,15.14365,0.36328,1.38498,54.30536,1.00000,50.00000,0.20000,1.00000,6.00000,0.10000,0.15000,0.45000
40.60000,15.07641,0.34671,1.38539,54.37296,1.00000,50.00000,0.20000,1.00000,6.00000,0.10000,0.15000,0.45000
40.65000,15.00965,0.32820,1.38583,54.44069,1.00000,50.00000,0.20000,1.00000,6.00000,0.10000,0.15000,0.45000
40.70000,14.94340,0.30787,1.38628,54.50853,1.00000,50.00000,0.20000,1.00000,6.00000,0.10000,0.15000,0.45000
40.75000,14.87767,0.28585,1.38674,54.57649,1.00000,50.00000,0.20000,1.00000,6.00000,0.10000,0.15000,0.45000
40.80000,14.81246,0.26225,1.38722,54.64457,1.00000,50.00000,0.20000,1.00000,6.00000,0.10000,0.15000,0.45000
40.85000,14.74778,0.23717,1.38771,54.71277,1.00000,50.00000,0.20000,1.00000,6.00000,0.10000,0.15000,0.45000
40.90000,14.68362,0.21073,1.38823,54.78108,1.00000,50.00000,0.20000,1.00000,6.00000,0.10000,0.15000,0.45000
40.95000,14.61996,0.18302,1.38879,54.84951,1.00000,50.00000,0.20000,1.00000,6.00000,0.10000,0.15000,0.45000
41.00000,14.55680,0.15415,1.38938,54.91807,1.00000,50.00000,0.20000,1.00000,6.00000,0.10000,0.15000,0.45000
41.05000,14.49410,0.12421,1.39000,54.98674,1.00000,50.00000,0.20000,1.00000,6.00000,0.10000,0.15000,0.45000
41.10000,14.43183,0.09331,1.39066,55.05554,1.00000,50.00000,0.20000,1.00000,6.00000,0.10000,0.15000,0.45000
41.15000,14.36996,0.06153,1.39134,55.12445,1.00000,50.00000,0.20000,1.00000,6.00000,0.10000,0.15000,0.45000
41.20000,14.30846,0.02898,1.39204,55.19347,1.00000,50.00000,0.20000,1.00000,6.00000,0.10000,0.15000,0.45000
41.25000,14.24728,-0.00425,1.39276,55.26259,1.00000,50.00000,0.20000,1.00000,6.00000,0.10000,0.15000,0.45000
41.30000,14.18640,-0.03809,1.39350,55.33181,1.00000,50.00000,0.20000,1.00000,6.00000,0.10000,0.15000,0.45000
41.35000,14.12576,-0.07244,1.39424,55.40113,1.00000,50.00000,0.20000,1.00000,6.00000,0.10000,0.15000,0.45000
41.40000,14.06534,-0.10724,1.39499,55.47054,1.00000,50.00000,0.20000,1.00000,6.00000,0.10000,0.15000,0.45000
41.45000,14.00508,-0.14241,1.39574,55.54004,1.00000,50.00000,0.20000,1.00000,6.00000,0.10000,0.15000,0.45000
41.50000,13.94496,-0.17789,1.39649,55.60961,1.00000,50.00000,0.20000,1.00000,6.00000,0.10000,0.15000,0.45000
41.55000,13.88495,-0.21361,1.39724,55.67926,1.00000,50.00000,0.20000,1.00000,6.00000,0.10000,0.15000,0.45000
41.60000,13.82499,-0.24951,1.39799,55.74898,1.00000,50.00000,0.20000,1.00000,6.00000,0.10000,0.15000,0.45000
41.65000,13.76508,-0.28555,1.39873,55.81878,1.00000,50.00000,0.20000,1.00000,6.00000,0.10000,0.15000,0.45000
41.70000,13.70517,-0.32167,1.39945,55.88864,1.00000,50.00000,0.20000,1.00000,6.00000,0.10000,0.15000,0.45000
41.75000,13.64525,-0.35784,1.40017,55.95857,1.00000,50.00000,0.20000,1.00000,6.00000,0.10000,0.15000,0.45000
41.80000,13.58528,-0.39400,1.40087,56.02850,1.00000,50.00000,0.20000,1.00000,6.00000,0.10000,0.15000,0.45000
41.85000,13.52526,-0.43013,1.40155,56.09847,1.00000,50.00000,0.20000,1.00000,6.00000,0.10000,0.15000,0.45000
41.90000,13.46515,-0.46619,1.40221,56.16859,1.00000,50.00000,0.20000,1.00000,6.00000,0.10000,0.15000,0.45000
41.95000,13.40494,-0.50215,1.40285,56.23902,1.00000,50.00000,0.20000,1.00000,6.00000,0.10000,0.15000,0.45000
42.00000,13.34463,-0.53798,1.40346,56.30975,1.00000,50.00000,0.20000,1.00000,6.00000,0.10000,0.15000,0.45000
42.05000,13.28419,-0.57367,1.40404,56.38053,1.00000,50.00000,0.20000,1.00000,6.00000,0.10000,0.15000,0.45000
42.10000,13.22362,-0.60918,1.40458,56.45120,1.00000,50.00000,0.20000,1.00000,6.00000,0.10000,0.15000,0.45000
42.15000,13.16290,-0.64449,1.40510,56.52174,1.00000,50.00000,0.20000,1.00000,6.00000,0.10000,0.15000,0.45000
42.20000,13.10202,-0.67959,1.40558,56.59215,1.00000,50.00000,0.20000,1.00000,6.00000,0.10000,0.15000,0.45000
42.25000,13.04098,-0.71445,1.40602,56.66248,1.00000,50.00000,0.20000,1.00000,6.00000,0.10000,0.15000,0.45000
42.30000,12.97978,-0.74905,1.40644,56.73278,1.00000,50.00000,0.20000,1.00000,6.00000,0.10000,0.15000,0.45000
42.35000,12.91839,-0.78336,1.40681,56.80311,1.00000,50.00000,0.20000,1.00000,6.00000,0.10000,0.15000,0.45000
42.40000,12.85681,-0.81738,1.40716,56.87347,1.00000,50.00000,0.20000,1.00000,6.00000,0.10000,0.15000,0.45000
42.45000,12.79504,-0.85108,1.40747,56.94385,1.00000,50.00000,0.20000,1.00000,6.00000,0.10000,0.15000,0.45000
42.50000,12.73306,-0.88443,1.40774,57.01424,1.00000,50.00000,0.20000,1.00000,6.00000,0.10000,0.15000,0.45000
42.55000,12.67087,-0.91741,1.40798,57.08464,1.00000,50.00000,0.20000,1.00000,6.00000,0.10000,0.15000,0.45000
42.60000,12.60846,-0.95000,1.40818,57.15505,1.00000,50.00000,0.20000,1.00000,6.00000,0.10000,0.15000,0.45000
42.65000,12.54583,-0.98217,1.40835,57.22548,1.00000,50.00000,0.20000,1.00000,6.00000,0.10000,0.15000,0.45000
42.70000,12.48295,-1.01389,1.40848,57.29591,1.00000,50.00000,0.20000,1.00000,6.00000,0.10000,0.15000,0.45000
42.75000,12.41983,-1.04512,1.40857,57.36635,1.00000,50.00000,0.20000,1.00000,6.00000,0.10000,0.15000,0.45000
42.80000,12.35646,-1.07584,1.40863,57.43680,1.00000,50.00000,0.20000,1.00000,6.00000,0.10000,0.15000,0.45000
42.85000,12.29281,-1.10600,1.40865,57.50725,1.00000,50.00000,0.20000,1.00000,6.00000,0.10000,0.15000,0.45000
42.90000,12.22888,-1.13556,1.40863,57.57772,1.00000,50.00000,0.20000,1.00000,6.00000,0.10000,0.15000,0.45000
42.95000,12.16466,-1.16447,1.40858,57.64819,1.00000,50.00000,0.20000,1.00000,6.00000,0.10000,0.15000,0.45000
43.00000,12.10013,-1.19268,1.40848,57.71868,1.00000,50.00000,0.20000,1.00000,6.00000,0.10000,0.15000,0.45000
43.05000,12.03528,-1.22013,1.40834,57.78917,1.00000,50.00000,0.20000,1.00000,6.00000,0.10000,0.15000,0.45000
43.10000,11.97009,-1.24676,1.40816,57.85968,1.00000,50.00000,0.20000,1.00000,6.00000,0.10000,0.15000,0.45000
43.15000,11.90456,-1.27249,1.40794,57.93021,1.00000,50.00000,0.20000,1.00000,6.00000,0.10000,0.15000,0.45000
43.20000,11.83867,-1.29725,1.40768,58.00076,1.00000,50.00000,0.20000,1.00000,6.00000,0.10000,0.15000,0.45000
43.25000,11.77240,-1.32095,1.40737,58.07133,1.00000,50.00000,0.20000,1.00000,6.00000,0.10000,0.15000,0.45000
43.30000,11.70576,-1.34350,1.40701,58.14194,1.00000,50.00000,0.20000,1.00000,6.00000,0.10000,0.15000,0.45000
43.35000,11.63872,-1.36479,1.40660,58.21259,1.00000,50.00000,0.20000,1.00000,6.00000,0.10000,0.15000,0.45000
43.40000,11.57128,-1.38472,1.40614,58.28328,1.00000,50.00000,0.20000,1.00000,6.00000,0.10000,0.15000,0.45000
43.45000,11.50345,-1.40315,1.40562,58.35403,1.00000,50.00000,0.20000,1.00000,6.00000,0.10000,0.15000,0.45000
43.50000,11.43522,-1.41996,1.40504,58.42483,1.00000,50.00000,0.20000,1.00000,6.00000,0.10000,0.15000,0.45000
43.55000,11.36662,-1.43500,1.40439,58.49570,1.00000,50.00000,0.20000,1.00000,6.00000,0.10000,0.15000,0.45000
43.60000,11.29765,-1.44811,1.40368,58.56664,1.00000,50.00000,0.20000,1.00000,6.00000,0.10000,0.15000,0.45000
43.65000,11.22836,-1.45913,1.40290,58.63765,1.00000,50.00000,0.20000,1.00000,6.00000,0.10000,0.15000,0.45000
43.70000,11.15879,-1.46787,1.40203,58.70873,1.00000,50.00000,0.20000,1.00000,6.00000,0.10000,0.15000,0.45000
43.75000,11.08899,-1.47416,1.40106,58.77988,1.00000,50.00000,0.20000,1.00000,6.00000,0.10000,0.15000,0.45000
43.80000,11.01906,-1.47778,1.40000,58.85109,1.00000,50.00000,0.20000,1.00000,6.00000,0.10000,0.15000,0.45000
43.85000,10.94910,-1.47852,1.39884,58.92233,1.00000,50.00000,0.20000,1.00000,6.00000,0.10000,0.15000,0.45000
43.90000,10.87923,-1.47618,1.39759,58.99361,1.00000,50.00000,0.20000,1.00000,6.00000,0.10000,0.15000,0.45000
43.95000,10.80961,-1.47056,1.39624,59.06491,1.00000,50.00000,0.20000,1.00000,6.00000,0.10000,0.15000,0.45000
44.00000,10.74044,-1.46146,1.39477,59.13619,1.00000,50.00000,0.20000,1.00000,6.00000,0.10000,0.15000,0.45000
44.05000,10.67192,-1.44869,1.39319,59.20743,1.00000,50.00000,0.20000,1.00000,6.00000,0.10000,0.15000,0.45000
44.10000,10.60432,-1.43208,1.39150,59.27860,1.00000,50.00000,0.20000,1.00000,6.00000,0.10000,0.15000,0.45000
44.15000,10.53792,-1.41147,1.38973,59.34966,1.00000,50.00000,0.20000,1.00000,6.00000,0.10000,0.15000,0.45000
44.20000,10.47303,-1.38676,1.38788,59.42057,1.00000,50.00000,0.20000,1.00000,6.00000,0.10000,0.15000,0.45000
44.25000,10.41000,-1.35788,1.38598,59.49130,1.00000,50.00000,0.20000,1.00000,6.00000,0.10000,0.15000,0.45000
44.30000,10.34918,-1.32478,1.38403,59.56183,1.00000,50.00000,0.20000,1.00000,6.00000,0.10000,0.15000,0.45000
44.35000,10.29095,-1.28750,1.38207,59.63210,1.00000,50.00000,0.20000,1.00000,6.00000,0.10000,0.15000,0.45000
44.40000,10.23569,-1.24611,1.38012,59.70209,1.00000,50.00000,0.20000,1.00000,6.00000,0.10000,0.15000,0.45000
44.45000,10.18377,-1.20075,1.37822,59.77176,1.00000,50.00000,0.20000,1.00000,6.00000,0.10000,0.15000,0.45000
44.50000,10.13554,-1.15161,1.37637,59.84111,1.00000,50.00000,0.20000,1.00000,6.00000,0.10000,0.15000,0.45000
44.55000,10.09136,-1.09892,1.37461,59.91013,1.00000,50.00000,0.20000,1.00000,6.00000,0.10000,0.15000,0.45000
44.60000,10.05153,-1.04298,1.37298,59.97883,1.00000,50.00000,0.20000,1.00000,6.00000,0.10000,0.15000,0.45000
44.65000,10.01630,-0.98412,1.37148,60.04716,1.00000,50.00000,0.20000,1.00000,6.00000,0.10000,0.15000,0.45000
44.70000,9.98590,-0.92271,1.37013,60.11513,1.00000,50.00000,0.20000,1.00000,6.00000,0.10000,0.15000,0.45000
44.75000,9.96049,-0.85914,1.36891,60.18276,1.00000,50.00000,0.20000,1.00000,6.00000,0.10000,0.15000,0.45000
44.80000,9.94020,-0.79382,1.36783,60.25009,1.00000,50.00000,0.20000,1.00000,6.00000,0.10000,0.15000,0.45000
44.85000,9.92511,-0.72716,1.36689,60.31717,1.00000,50.00000,0.20000,1.00000,6.00000,0.10000,0.15000,0.45000
44.90000,9.91522,-0.65957,1.36612,60.38398,1.00000,50.00000,0.20000,1.00000,6.00000,0.10000,0.15000,0.45000
44.95000,9.91051,-0.59146,1.36549,60.45047,1.00000,50.00000,0.20000,1.00000,6.00000,0.10000,0.15000,0.45000
45.00000,9.91091,-0.52322,1.36498,60.51669,1.00000,50.00000,0.20000,1.00000,6.00000,0.10000,0.15000,0.45000
45.05000,9.91631,-0.45521,1.36457,60.58270,1.00000,50.00000,0.20000,1.00000,6.00000,0.10000,0.15000,0.45000
45.10000,9.92656,-0.38778,1.36425,60.64857,1.00000,50.00000,0.20000,1.00000,6.00000,0.10000,0.15000,0.45000
45.15000,9.94152,-0.32125,1.36405,60.71431,1.00000,50.00000,0.20000,1.00000,6.00000,0.10000,0.15000,0.45000
45.20000,9.96096,-0.25590,1.36394,60.77993,1.00000,50.00000,0.20000,1.00000,6.00000,0.10000,0.15000,0.45000
45.25000,9.98469,-0.19198,1.36391,60.84543,1.00000,50.00000,0.20000,1.00000,6.00000,0.10000,0.15000,0.45000
45.30000,10.01245,-0.12971,1.36396,60.91084,1.00000,50.00000,0.20000,1.00000,6.00000,0.10000,0.15000,0.45000
45.35000,10.04403,-0.06927,1.36407,60.97619,1.00000,50.00000,0.20000,1.00000,6.00000,0.10000,0.15000,0.45000
45.40000,10.07916,-0.01082,1.36423,61.04152,1.00000,50.00000,0.20000,1.00000,6.00000,0.10000,0.15000,0.45000
45.45000,10.11761,0.04551,1.36445,61.10684,1.00000,50.00000,0.20000,1.00000,6.00000,0.10000,0.15000,0.45000
45.50000,10.15912,0.09965,1.36469,61.17216,1.00000,50.00000,0.20000,1.00000,6.00000,0.10000,0.15000,0.45000
45.55000,10.20347,0.15150,1.36497,61.23752,1.00000,50.00000,0.20000,1.00000,6.00000,0.10000,0.15000,0.45000
45.60000,10.25042,0.20103,1.36528,61.30291,1.00000,50.00000,0.20000,1.00000,6.00000,0.10000,0.15000,0.45000
45.65000,10.29976,0.24820,1.36561,61.36836,1.00000,50.00000,0.20000,1.00000,6.00000,0.10000,0.15000,0.45000
45.70000,10.35128,0.29302,1.36599,61.43389,1.00000,50.00000,0.20000,1.00000,6.00000,0.10000,0.15000,0.45000
45.75000,10.40477,0.33549,1.36643,61.49952,1.00000,50.00000,0.20000,1.00000,6.00000,0.10000,0.15000,0.45000
45.80000,10.46003,0.37567,1.36692,61.56525,1.00000,50.00000,0.20000,1.00000,6.00000,0.10000,0.15000,0.45000
45.85000,10.51688,0.41362,1.36744,61.63112,1.00000,50.00000,0.20000,1.00000,6.00000,0.10000,0.15000,0.45000
45.90000,10.57513,0.44944,1.36800,61.69714,1.00000,50.00000,0.20000,1.00000,6.00000,0.10000,0.15000,0.45000
45.95000,10.63462,0.48320,1.36858,61.76331,1.00000,50.00000,0.20000,1.00000,6.00000,0.10000,0.15000,0.45000
46.00000,10.69521,0.51504,1.36917,61.82965,1.00000,50.00000,0.20000,1.00000,6.00000,0.10000,0.15000,0.45000
46.05000,10.75674,0.54507,1.36978,61.89618,1.00000,50.00000,0.20000,1.00000,6.00000,0.10000,0.15000,0.45000
46.10000,10.81909,0.57344,1.37038,61.96290,1.00000,50.00000,0.20000,1.00000,6.00000,0.10000,0.15000,0.45000
46.15000,10.88215,0.60027,1.37098,62.02983,1.00000,50.00000,0.20000,1.00000,6.00000,0.10000,0.15000,0.45000
46.20000,10.94581,0.62572,1.37157,62.09696,1.00000,50.00000,0.20000,1.00000,6.00000,0.10000,0.15000,0.45000
46.25000,11.00998,0.64996,1.37214,62.16429,1.00000,50.00000,0.20000,1.00000,6.00000,0.10000,0.15000,0.45000
46.30000,11.07457,0.67312,1.37270,62.23183,1.00000,50.00000,0.20000,1.00000,6.00000,0.10000,0.15000,0.45000
46.35000,11.13950,0.69539,1.37323,62.29959,1.00000,50.00000,0.20000,1.00000,6.00000,0.10000,0.15000,0.45000
46.40000,11.20472,0.71691,1.37373,62.36755,1.00000,50.00000,0.20000,1.00000,6.00000,0.10000,0.15000,0.45000
46.45000,11.27014,0.73785,1.37420,62.43571,1.00000,50.00000,0.20000,1.00000,6.00000,0.10000,0.15000,0.45000
46.50000,11.33573,0.75838,1.37463,62.50408,1.00000,50.00000,0.20000,1.00000,6.00000,0.10000,0.15000,0.45000
46.55000,11.40141,0.77865,1.37503,62.57267,1.00000,50.00000,0.20000,1.00000,6.00000,0.10000,0.15000,0.45000
46.60000,11.46714,0.79882,1.37539,62.64151,1.00000,50.00000,0.20000,1.00000,6.00000,0.10000,0.15000,0.45000
46.65000,11.53288,0.81905,1.37570,62.71064,1.00000,50.00000,0.20000,1.00000,6.00000,0.10000,0.15000,0.45000
46.70000,11.59857,0.83948,1.37598,62.78007,1.00000,50.00000,0.20000,1.00000,6.00000,0.10000,0.15000,0.45000
46.75000,11.66416,0.86026,1.37621,62.84979,1.00000,50.00000,0.20000,1.00000,6.00000,0.10000,0.15000,0.45000
46.80000,11.72960,0.88153,1.37639,62.91973,1.00000,50.00000,0.20000,1.00000,6.00000,0.10000,0.15000,0.45000
46.85000,11.79485,0.90344,1.37654,62.98973,1.00000,50.00000,0.20000,1.00000,6.00000,0.10000,0.15000,0.45000
46.90000,11.85983,0.92612,1.37664,63.05968,1.00000,50.00000,0.20000,1.00000,6.00000,0.10000,0.15000,0.45000
46.95000,11.92450,0.94969,1.37670,63.12962,1.00000,50.00000,0.20000,1.00000,6.00000,0.10000,0.15000,0.45000
47.00000,11.98879,0.97430,1.37673,63.19963,1.00000,50.00000,0.20000,1.00000,6.00000,0.10000,0.15000,0.45000
47.05000,12.05263,1.00005,1.37672,63.26975,1.00000,50.00000,0.20000,1.00000,6.00000,0.10000,0.15000,0.45000
47.10000,12.11594,1.02706,1.37668,63.33995,1.00000,50.00000,0.20000,1.00000,6.00000,0.10000,0.15000,0.45000
47.15000,12.17866,1.05542,1.37661,63.41019,1.00000,50.00000,0.20000,1.00000,6.00000,0.10000,0.15000,0.45000
47.20000,12.24069,1.08524,1.37652,63.48044,1.00000,50.00000,0.20000,1.00000,6.00000,0.10000,0.15000,0.45000
47.25000,12.30195,1.11660,1.37641,63.55068,1.00000,50.00000,0.20000,1.00000,6.00000,0.10000,0.15000,0.45000
47.30000,12.36236,1.14958,1.37628,63.62091,1.00000,50.00000,0.20000,1.00000,6.00000,0.10000,0.15000,0.45000
47.35000,12.42180,1.18422,1.37613,63.69109,1.00000,50.00000,0.20000,1.00000,6.00000,0.10000,0.15000,0.45000
47.40000,12.48021,1.22060,1.37598,63.76122,1.00000,50.00000,0.20000,1.00000,6.00000,0.10000,0.15000,0.45000
47.45000,12.53746,1.25873,1.37583,63.83127,1.00000,50.00000,0.20000,1.00000,6.00000,0.10000,0.15000,0.45000
47.50000,12.59347,1.29866,1.37567,63.90123,1.00000,50.00000,0.20000,1.00000,6.00000,0.10000,0.15000,0.45000
47.55000,12.64814,1.34040,1.37552,63.97109,1.00000,50.00000,0.20000,1.00000,6.00000,0.10000,0.15000,0.45000
47.60000,12.70137,1.38394,1.37537,64.04085,1.00000,50.00000,0.20000,1.00000,6.00000,0.10000,0.15000,0.45000
47.65000,12.75306,1.42928,1.37524,64.11047,1.00000,50.00000,0.20000,1.00000,6.00000,0.10000,0.15000,0.45000
47.70000,12.80313,1.47640,1.37512,64.17995,1.00000,50.00000,0.20000,1.00000,6.00000,0.10000,0.15000,0.45000
47.75000,12.85149,1.52527,1.37502,64.24930,1.00000,50.00000,0.20000,1.00000,6.00000,0.10000,0.15000,0.45000
47.80000,12.89805,1.57585,1.37494,64.31852,1.00000,50.00000,0.20000,1.00000,6.00000,0.10000,0.15000,0.45000
47.85000,12.94275,1.62807,1.37489,64.38762,1.00000,50.00000,0.20000,1.00000,6.00000,0.10000,0.15000,0.45000
47.90000,12.98551,1.68190,1.37485,64.45659,1.00000,50.00000,0.20000,1.00000,6.00000,0.10000,0.15000,0.45000
47.95000,13.02627,1.73725,1.37484,64.52542,1.00000,50.00000,0.20000,1.00000,6.00000,0.10000,0.15000,0.45000
48.00000,13.06498,1.79405,1.37486,64.59413,1.00000,50.00000,0.20000,1.00000,6.00000,0.10000,0.15000,0.45000
48.05000,13.10159,1.85223,1.37490,64.66273,1.00000,50.00000,0.20000,1.00000,6.00000,0.10000,0.15000,0.45000
48.10000,13.13606,1.91171,1.37498,64.73123,1.00000,50.00000,0.20000,1.00000,6.00000,0.10000,0.15000,0.45000
48.15000,13.16837,1.97239,1.37507,64.79965,1.00000,50.00000,0.20000,1.00000,6.00000,0.10000,0.15000,0.45000
48.20000,13.19849,2.03419,1.37520,64.86798,1.00000,50.00000,0.20000,1.00000,6.00000,0.10000,0.15000,0.45000
48.25000,13.22642,2.09702,1.37535,64.93624,1.00000,50.00000,0.20000,1.00000,6.00000,0.10000,0.15000,0.45000
48.30000,13.25214,2.16080,1.37553,65.00444,1.00000,50.00000,0.20000,1.00000,6.00000,0.10000,0.15000,0.45000
48.35000,13.27566,2.22543,1.37573,65.07258,1.00000,50.00000,0.20000,1.00000,6.00000,0.10000,0.15000,0.45000
48.40000,13.29699,2.29083,1.37596,65.14068,1.00000,50.00000,0.20000,1.00000,6.00000,0.10000,0.15000,0.45000
48.45000,13.31614,2.35691,1.37621,65.20875,1.00000,50.00000,0.20000,1.00000,6.00000,0.10000,0.15000,0.45000
48.50000,13.33314,2.42359,1.37648,65.27679,1.00000,50.00000,0.20000,1.00000,6.00000,0.10000,0.15000,0.45000
48.55000,13.34801,2.49080,1.37678,65.34481,1.00000,50.00000,0.20000,1.00000,6.00000,0.10000,0.15000,0.45000
48.60000,13.36078,2.55844,1.37709,65.41283,1.00000,50.00000,0.20000,1.00000,6.00000,0.10000,0.15000,0.45000
48.65000,13.37150,2.62646,1.37743,65.48084,1.00000,50.00000,0.20000,1.00000,6.00000,0.10000,0.15000,0.45000
48.70000,13.38020,2.69479,1.37779,65.54885,1.00000,50.00000,0.20000,1.00000,6.00000,0.10000,0.15000,0.45000
48.75000,13.38693,2.76336,1.37816,65.61688,1.00000,50.00000,0.20000,1.00000,6.00000,0.10000,0.15000,0.45000
48.80000,13.39174,2.83210,1.37856,65.68493,1.00000,50.00000,0.20000,1.00000,6.00000,0.10000,0.15000,0.45000
48.85000,13.39467,2.90098,1.37897,65.75300,1.00000,50.00000,0.20000,1.00000,6.00000,0.10000,0.15000,0.45000
48.90000,13.39579,2.96992,1.37940,65.82109,1.00000,50.00000,0.20000,1.00000,6.00000,0.10000,0.15000,0.45000
48.95000,13.39513,3.03890,1.37985,65.88922,1.00000,50.00000,0.20000,1.00000,6.00000,0.10000,0.15000,0.45000
49.00000,13.39277,3.10786,1.38031,65.95738,1.00000,50.00000,0.20000,1.00000,6.00000,0.10000,0.15000,0.45000
49.05000,13.38875,3.17677,1.38079,66.02559,1.00000,50.00000,0.20000,1.00000,6.00000,0.10000,0.15000,0.45000
49.10000,13.38314,3.24559,1.38129,66.09383,1.00000,50.00000,0.20000,1.00000,6.00000,0.10000,0.15000,0.45000
49.15000,13.37598,3.31429,1.38180,66.16213,1.00000,50.00000,0.20000,1.00000,6.00000,0.10000,0.15000,0.45000
49.20000,13.36736,3.38286,1.38233,66.23047,1.00000,50.00000,0.20000,1.00000,6.00000,0.10000,0.15000,0.45000
49.25000,13.35731,3.45125,1.38287,66.29886,1.00000,50.00000,0.20000,1.00000,6.00000,0.10000,0.15000,0.45000
49.30000,13.34590,3.51946,1.38343,66.36732,1.00000,50.00000,0.20000,1.00000,6.00000,0.10000,0.15000,0.45000
49.35000,13.33318,3.58746,1.38401,66.43582,1.00000,50.00000,0.20000,1.00000,6.00000,0.10000,0.15000,0.45000
49.40000,13.31923,3.65526,1.38460,66.50439,1.00000,50.00000,0.20000,1.00000,6.00000,0.10000,0.15000,0.45000
49.45000,13.30408,3.72282,1.38520,66.57302,1.00000,50.00000,0.20000,1.00000,6.00000,0.10000,0.15000,0.45000
49.50000,13.28781,3.79016,1.38583,66.64171,1.00000,50.00000,0.20000,1.00000,6.00000,0.10000,0.15000,0.45000
49.55000,13.27046,3.85726,1.38646,66.71047,1.00000,50.00000,0.20000,1.00000,6.00000,0.10000,0.15000,0.45000
49.60000,13.25210,3.92412,1.38712,66.77928,1.00000,50.00000,0.20000,1.00000,6.00000,0.10000,0.15000,0.45000
49.65000,13.23277,3.99075,1.38779,66.84816,1.00000,50.00000,0.20000,1.00000,6.00000,0.10000,0.15000,0.45000
49.70000,13.21253,4.05714,1.38847,66.91710,1.00000,50.00000,0.20000,1.00000,6.00000,0.10000,0.15000,0.45000
49.75000,13.19143,4.12329,1.38917,66.98611,1.00000,50.00000,0.20000,1.00000,6.00000,0.10000,0.15000,0.45000
49.80000,13.16952,4.18922,1.38989,67.05518,1.00000,50.00000,0.20000,1.00000,6.00000,0.10000,0.15000,0.45000
49.85000,13.14686,4.25494,1.39062,67.12432,1.00000,50.00000,0.20000,1.00000,6.00000,0.10000,0.15000,0.45000
49.90000,13.12348,4.32044,1.39137,67.19352,1.00000,50.00000,0.20000,1.00000,6.00000,0.10000,0.15000,0.45000
49.95000,13.09944,4.38574,1.39215,67.26279,1.00000,50.00000,0.20000,1.00000,6.00000,0.10000,0.15000,0.45000
50.00000,13.07478,4.45086,1.39296,67.33213,1.00000,50.00000,0.20000,1.00000,6.00000,0.10000,0.15000,0.45000
50.05000,13.04953,4.51579,1.39381,67.40154,1.00000,50.00000,0.20000,1.00000,6.00000,0.10000,0.15000,0.45000
50.10000,13.02374,4.58056,1.39471,67.47101,1.00000,50.00000,0.20000,1.00000,6.00000,0.10000,0.15000,0.45000
50.15000,12.99745,4.64517,1.39565,67.54055,1.00000,50.00000,0.20000,1.00000,6.00000,0.10000,0.15000,0.45000
50.20000,12.97070,4.70965,1.39663,67.61016,1.00000,50.00000,0.20000,1.00000,6.00000,0.10000,0.15000,0.45000
50.25000,12.94353,4.77401,1.39764,67.67984,1.00000,50.00000,0.20000,1.00000,6.00000,0.10000,0.15000,0.45000
50.30000,12.91598,4.83826,1.39867,67.74959,1.00000,50.00000,0.20000,1.00000,6.00000,0.10000,0.15000,0.45000
50.35000,12.88809,4.90242,1.39974,67.81941,1.00000,50.00000,0.20000,1.00000,6.00000,0.10000,0.15000,0.45000
50.40000,12.85989,4.96650,1.40082,67.88930,1.00000,50.00000,0.20000,1.00000,6.00000,0.10000,0.15000,0.45000
50.45000,12.83142,5.03052,1.40192,67.95926,1.00000,50.00000,0.20000,1.00000,6.00000,0.10000,0.15000,0.45000
50.50000,12.80271,5.09450,1.40304,68.02929,1.00000,50.00000,0.20000,1.00000,6.00000,0.10000,0.15000,0.45000
50.55000,12.77378,5.15844,1.40417,68.09939,1.00000,50.00000,0.20000,1.00000,6.00000,0.10000,0.15000,0.45000
50.60000,12.74466,5.22236,1.40532,68.16955,1.00000,50.00000,0.20000,1.00000,6.00000,0.10000,0.15000,0.45000
50.65000,12.71537,5.28626,1.40646,68.23977,1.00000,50.00000,0.20000,1.00000,6.00000,0.10000,0.15000,0.45000
50.70000,12.68594,5.35016,1.40761,68.31007,1.00000,50.00000,0.20000,1.00000,6.00000,0.10000,0.15000,0.45000
50.75000,12.65638,5.41406,1.40876,68.38044,1.00000,50.00000,0.20000,1.00000,6.00000,0.10000,0.15000,0.45000
50.80000,12.62671,5.47798,1.40991,68.45087,1.00000,50.00000,0.20000,1.00000,6.00000,0.10000,0.15000,0.45000
50.85000,12.59693,5.54191,1.41105,68.52134,1.00000,50.00000,0.20000,1.00000,6.00000,0.10000,0.15000,0.45000
50.90000,12.56706,5.60586,1.41218,68.59185,1.00000,50.00000,0.20000,1.00000,6.00000,0.10000,0.15000,0.45000
50.95000,12.53711,5.66983,1.41331,68.66247,1.00000,50.00000,0.20000,1.00000,6.00000,0.10000,0.15000,0.45000
51.00000,12.50707,5.73382,1.41441,68.73337,1.00000,50.00000,0.20000,1.00000,6.00000,0.10000,0.15000,0.45000
51.05000,12.47695,5.79784,1.41550,68.80457,1.00000,50.00000,0.20000,1.00000,6.00000,0.10000,0.15000,0.45000
51.10000,12.44674,5.86187,1.41656,68.87597,1.00000,50.00000,0.20000,1.00000,6.00000,0.10000,0.15000,0.45000
51.15000,12.41645,5.92592,1.41760,68.94747,1.00000,50.00000,0.20000,1.00000,6.00000,0.10000,0.15000,0.45000
51.20000,12.38606,5.98999,1.41862,69.01894,1.00000,50.00000,0.20000,1.00000,6.00000,0.10000,0.15000,0.45000
51.25000,12.35556,6.05405,1.41961,69.09022,1.00000,50.00000,0.20000,1.00000,6.00000,0.10000,0.15000,0.45000
51.30000,12.32495,6.11812,1.42057,69.16129,1.00000,50.00000,0.20000,1.00000,6.00000,0.10000,0.15000,0.45000
51.35000,12.29421,6.18218,1.42151,69.23227,1.00000,50.00000,0.20000,1.00000,6.00000,0.10000,0.15000,0.45000
51.40000,12.26333,6.24622,1.42243,69.30331,1.00000,50.00000,0.20000,1.00000,6.00000,0.10000,0.15000,0.45000
51.45000,12.23228,6.31023,1.42332,69.37444,1.00000,50.00000,0.20000,1.00000,6.00000,0.10000,0.15000,0.45000
51.50000,12.20105,6.37420,1.42418,69.44561,1.00000,50.00000,0.20000,1.00000,6.00000,0.10000,0.15000,0.45000
51.55000,12.16961,6.43812,1.42502,69.51683,1.00000,50.00000,0.20000,1.00000,6.00000,0.10000,0.15000,0.45000
51.60000,12.13795,6.50197,1.42584,69.58808,1.00000,50.00000,0.20000,1.00000,6.00000,0.10000,0.15000,0.45000
51.65000,12.10604,6.56574,1.42663,69.65938,1.00000,50.00000,0.20000,1.00000,6.00000,0.10000,0.15000,0.45000
51.70000,12.07384,6.62942,1.42739,69.73073,1.00000,50.00000,0.20000,1.00000,6.00000,0.10000,0.15000,0.45000
51.75000,12.04134,6.69298,1.42813,69.80212,1.00000,50.00000,0.20000,1.00000,6.00000,0.10000,0.15000,0.45000
51.80000,12.00850,6.75641,1.42885,69.87356,1.00000,50.00000,0.20000,1.00000,6.00000,0.10000,0.15000,0.45000
51.85000,11.97529,6.81968,1.42954,69.94505,1.00000,50.00000,0.20000,1.00000,6.00000,0.10000,0.15000,0.45000
51.90000,11.94168,6.88278,1.43022,70.01658,1.00000,50.00000,0.20000,1.00000,6.00000,0.10000,0.15000,0.45000
51.95000,11.90763,6.94568,1.43086,70.08816,1.00000,50.00000,0.20000,1.00000,6.00000,0.10000,0.15000,0.45000
52.00000,11.87310,7.00836,1.43149,70.15979,1.00000,50.00000,0.20000,1.00000,6.00000,0.10000,0.15000,0.45000
52.05000,11.83807,7.07079,1.43209,70.23147,1.00000,50.00000,0.20000,1.00000,6.00000,0.10000,0.15000,0.45000
52.10000,11.80249,7.13295,1.43267,70.30320,1.00000,50.00000,0.20000,1.00000,6.00000,0.10000,0.15000,0.45000
52.15000,11.76633,7.19480,1.43323,70.37497,1.00000,50.00000,0.20000,1.00000,6.00000,0.10000,0.15000,0.45000
52.20000,11.72955,7.25632,1.43377,70.44679,1.00000,50.00000,0.20000,1.00000,6.00000,0.10000,0.15000,0.45000
52.25000,11.69211,7.31747,1.43428,70.51866,1.00000,50.00000,0.20000,1.00000,6.00000,0.10000,0.15000,0.45000
52.30000,11.65397,7.37822,1.43478,70.59057,1.00000,50.00000,0.20000,1.00000,6.00000,0.10000,0.15000,0.45000
52.35000,11.61510,7.43853,1.43526,70.66252,1.00000,50.00000,0.20000,1.00000,6.00000,0.10000,0.15000,0.45000
52.40000,11.57547,7.49837,1.43572,70.73452,1.00000,50.00000,0.20000,1.00000,6.00000,0.10000,0.15000,0.45000
52.45000,11.53503,7.55769,1.43616,70.80656,1.00000,50.00000,0.20000,1.00000,6.00000,0.10000,0.15000,0.45000
52.50000,11.49376,7.61647,1.43658,70.87864,1.00000,50.00000,0.20000,1.00000,6.00000,0.10000,0.15000,0.45000
52.55000,11.45163,7.67465,1.43699,70.95075,1.00000,50.00000,0.20000,1.00000,6.00000,0.10000,0.15000,0.45000
52.60000,11.40859,7.73220,1.43738,71.02290,1.00000,50.00000,0.20000,1.00000,6.00000,0.10000,0.15000,0.45000
52.65000,11.36463,7.78906,1.43775,71.09507,1.00000,50.00000,0.20000,1.00000,6.00000,0.10000,0.15000,0.45000
52.70000,11.31971,7.84520,1.43811,71.16728,1.00000,50.00000,0.20000,1.00000,6.00000,0.10000,0.15000,0.45000
52.75000,11.27383,7.90057,1.43846,71.23951,1.00000,50.00000,0.20000,1.00000,6.00000,0.10000,0.15000,0.45000
52.80000,11.22694,7.95513,1.43879,71.31176,1.00000,50.00000,0.20000,1.00000,6.00000,0.10000,0.15000,0.45000
52.85000,11.17905,8.00882,1.43912,71.38402,1.00000,50.00000,0.20000,1.00000,6.00000,0.10000,0.15000,0.45000
52.90000,11.13013,8.06159,1.43943,71.45631,1.00000,50.00000,0.20000,1.00000,6.00000,0.10000,0.15000,0.45000
52.95000,11.08017,8.11341,1.43973,71.52860,1.00000,50.00000,0.20000,1.00000,6.00000,0.10000,0.15000,0.45000
53.00000,11.02915,8.16421,1.44003,71.60090,1.00000,50.00000,0.20000,1.00000,6.00000,0.10000,0.15000,0.45000
53.05000,10.97708,8.21394,1.44032,71.67320,1.00000,50.00000,0.20000,1.00000,6.00000,0.10000,0.15000,0.45000
53.10000,10.92395,8.26257,1.44061,71.74551,1.00000,50.00000,0.20000,1.00000,6.00000,0.10000,0.15000,0.45000
53.15000,10.86978,8.31005,1.44090,71.81782,1.00000,50.00000,0.20000,1.00000,6.00000,0.10000,0.15000,0.45000
53.20000,10.81457,8.35634,1.44117,71.89011,1.00000,50.00000,0.20000,1.00000,6.00000,0.10000,0.15000,0.45000
53.25000,10.75833,8.40140,1.44144,71.96240,1.00000,50.00000,0.20000,1.00000,6.00000,0.10000,0.15000,0.45000
53.30000,10.70106,8.44516,1.44170,72.03469,1.00000,50.00000,0.20000,1.00000,6.00000,0.10000,0.15000,0.45000
53.35000,10.64276,8.48757,1.44198,72.10696,1.00000,50.00000,0.20000,1.00000,6.00000,0.10000,0.15000,0.45000
53.40000,10.58345,8.52858,1.44227,72.17921,1.00000,50.00000,0.20000,1.00000,6.00000,0.10000,0.15000,0.45000
53.45000,10.52317,8.56816,1.44256,72.25142,1.00000,50.00000,0.20000,1.00000,6.00000,0.10000,0.15000,0.45000
53.50000,10.46192,8.60627,1.44287,72.32361,1.00000,50.00000,0.20000,1.00000,6.00000,0.10000,0.15000,0.45000
53.55000,10.39974,8.64286,1.44319,72.39580,1.00000,50.00000,0.20000,1.00000,6.00000,0.10000,0.15000,0.45000
53.60000,10.33666,8.67792,1.44351,72.46800,1.00000,50.00000,0.20000,1.00000,6.00000,0.10000,0.15000,0.45000
53.65000,10.27271,8.71141,1.44385,72.54018,1.00000,50.00000,0.20000,1.00000,6.00000,0.10000,0.15000,0.45000
53.70000,10.20794,8.74329,1.44421,72.61232,1.00000,50.00000,0.20000,1.00000,6.00000,0.10000,0.15000,0.45000
53.75000,10.14237,8.77356,1.44458,72.68442,1.00000,50.00000,0.20000,1.00000,6.00000,0.10000,0.15000,0.45000
53.80000,10.07605,8.80220,1.44496,72.75650,1.00000,50.00000,0.20000,1.00000,6.00000,0.10000,0.15000,0.45000
53.85000,10.00903,8.82919,1.44536,72.82857,1.00000,50.00000,0.20000,1.00000,6.00000,0.10000,0.15000,0.45000
53.90000,9.94134,8.85453,1.44578,72.90062,1.00000,50.00000,0.20000,1.00000,6.00000,0.10000,0.15000,0.45000
53.95000,9.87303,8.87822,1.44621,72.97266,1.00000,50.00000,0.20000,1.00000,6.00000,0.10000,0.15000,0.45000
54.00000,9.80415,8.90026,1.44666,73.04470,1.00000,50.00000,0.20000,1.00000,6.00000,0.10000,0.15000,0.45000
54.05000,9.73474,8.92066,1.44712,73.11676,1.00000,50.00000,0.20000,1.00000,6.00000,0.10000,0.15000,0.45000
54.10000,9.66485,8.93942,1.44759,73.18886,1.00000,50.00000,0.20000,1.00000,6.00000,0.10000,0.15000,0.45000
54.15000,9.59452,8.95656,1.44807,73.26094,1.00000,50.00000,0.20000,1.00000,6.00000,0.10000,0.15000,0.45000
54.20000,9.52379,8.97208,1.44857,73.33287,1.00000,50.00000,0.20000,1.00000,6.00000,0.10000,0.15000,0.45000
54.25000,9.45270,8.98602,1.44908,73.40468,1.00000,50.00000,0.20000,1.00000,6.00000,0.10000,0.15000,0.45000
54.30000,9.38130,8.99838,1.44961,73.47665,1.00000,50.00000,0.20000,1.00000,6.00000,0.10000,0.15000,0.45000
54.35000,9.30962,9.00920,1.45014,73.54902,1.00000,50.00000,0.20000,1.00000,6.00000,0.10000,0.15000,0.45000
54.40000,9.23770,9.01850,1.45067,73.62165,1.00000,50.00000,0.20000,1.00000,6.00000,0.10000,0.15000,0.45000
54.45000,9.16557,9.02628,1.45121,73.69414,1.00000,50.00000,0.20000,1.00000,6.00000,0.10000,0.15000,0.45000
54.50000,9.09327,9.03257,1.45176,73.76633,1.00000,50.00000,0.20000,1.00000,6.00000,0.10000,0.15000,0.45000
54.55000,9.02083,9.03737,1.45231,73.83839,1.00000,50.00000,0.20000,1.00000,6.00000,0.10000,0.15000,0.45000
54.60000,8.94828,9.04073,1.45288,73.91055,1.00000,50.00000,0.20000,1.00000,6.00000,0.10000,0.15000,0.45000
54.65000,8.87565,9.04265,1.45346,73.98284,1.00000,50.00000,0.20000,1.00000,6.00000,0.10000,0.15000,0.45000
54.70000,8.80296,9.04316,1.45405,74.05519,1.00000,50.00000,0.20000,1.00000,6.00000,0.10000,0.15000,0.45000
54.75000,8.73025,9.04230,1.45465,74.12756,1.00000,50.00000,0.20000,1.00000,6.00000,0.10000,0.15000,0.45000
54.80000,8.65754,9.04008,1.45526,74.19995,1.00000,50.00000,0.20000,1.00000,6.00000,0.10000,0.15000,0.45000
54.85000,8.58485,9.03654,1.45589,74.27235,1.00000,50.00000,0.20000,1.00000,6.00000,0.10000,0.15000,0.45000
54.90000,8.51220,9.03171,1.45654,74.34476,1.00000,50.00000,0.20000,1.00000,6.00000,0.10000,0.15000,0.45000
54.95000,8.43961,9.02563,1.45720,74.41720,1.00000,50.00000,0.20000,1.00000,6.00000,0.10000,0.15000,0.45000
55.00000,8.36710,9.01834,1.45787,74.48967,1.00000,50.00000,0.20000,1.00000,6.00000,0.10000,0.15000,0.45000
55.05000,8.29469,9.00986,1.45856,74.56218,1.00000,50.00000,0.20000,1.00000,6.00000,0.10000,0.15000,0.45000
55.10000,8.22238,9.00025,1.45927,74.63474,1.00000,50.00000,0.20000,1.00000,6.00000,0.10000,0.15000,0.45000
55.15000,8.15019,8.98953,1.46000,74.70734,1.00000,50.00000,0.20000,1.00000,6.00000,0.10000,0.15000,0.45000
55.20000,8.07812,8.97777,1.46074,74.77998,1.00000,50.00000,0.20000,1.00000,6.00000,0.10000,0.15000,0.45000
55.25000,8.00619,8.96499,1.46150,74.85268,1.00000,50.00000,0.20000,1.00000,6.00000,0.10000,0.15000,0.45000
55.30000,7.93440,8.95125,1.46228,74.92544,1.00000,50.00000,0.20000,1.00000,6.00000,0.10000,0.15000,0.45000
55.35000,7.86275,8.93660,1.46308,74.99825,1.00000,50.00000,0.20000,1.00000,6.00000,0.10000,0.15000,0.45000
55.40000,7.79125,8.92107,1.46389,75.07111,1.00000,50.00000,0.20000,1.00000,6.00000,0.10000,0.15000,0.45000
55.45000,7.71988,8.90472,1.46472,75.14403,1.00000,50.00000,0.20000,1.00000,6.00000,0.10000,0.15000,0.45000
55.50000,7.64865,8.88760,1.46557,75.21701,1.00000,50.00000,0.20000,1.00000,6.00000,0.10000,0.15000,0.45000
55.55000,7.57756,8.86975,1.46643,75.29006,1.00000,50.00000,0.20000,1.00000,6.00000,0.10000,0.15000,0.45000
55.60000,7.50660,8.85122,1.46732,75.36316,1.00000,50.00000,0.20000,1.00000,6.00000,0.10000,0.15000,0.45000
55.65000,7.43575,8.83207,1.46822,75.43633,1.00000,50.00000,0.20000,1.00000,6.00000,0.10000,0.15000,0.45000
55.70000,7.36502,8.81234,1.46913,75.50956,1.00000,50.00000,0.20000,1.00000,6.00000,0.10000,0.15000,0.45000
55.75000,7.29439,8.79207,1.47007,75.58286,1.00000,50.00000,0.20000,1.00000,6.00000,0.10000,0.15000,0.45000
55.80000,7.22385,8.77133,1.47102,75.65622,1.00000,50.00000,0.20000,1.00000,6.00000,0.10000,0.15000,0.45000
55.85000,7.15339,8.75015,1.47198,75.72964,1.00000,50.00000,0.20000,1.00000,6.00000,0.10000,0.15000,0.45000
55.90000,7.08300,8.72858,1.47297,75.80314,1.00000,50.00000,0.20000,1.00000,6.00000,0.10000,0.15000,0.45000
55.95000,7.01266,8.70666,1.47397,75.87670,1.00000,50.00000,0.20000,1.00000,6.00000,0.10000,0.15000,0.45000
56.00000,6.94236,8.68445,1.47498,75.95033,1.00000,50.00000,0.20000,1.00000,6.00000,0.10000,0.15000,0.45000
56.05000,6.87209,8.66199,1.47601,76.02402,1.00000,50.00000,0.20000,1.00000,6.00000,0.10000,0.15000,0.45000
56.10000,6.80183,8.63931,1.47706,76.09778,1.00000,50.00000,0.20000,1.00000,6.00000,0.10000,0.15000,0.45000
56.15000,6.73157,8.61646,1.47812,76.17161,1.00000,50.00000,0.20000,1.00000,6.00000,0.10000,0.15000,0.45000
56.20000,6.66130,8.59348,1.47920,76.24550,1.00000,50.00000,0.20000,1.00000,6.00000,0.10000,0.15000,0.45000
56.25000,6.59100,8.57041,1.48029,76.31945,1.00000,50.00000,0.20000,1.00000,6.00000,0.10000,0.15000,0.45000
56.30000,6.52066,8.54729,1.48140,76.39347,1.00000,50.00000,0.20000,1.00000,6.00000,0.10000,0.15000,0.45000
56.35000,6.45028,8.52414,1.48252,76.46755,1.00000,50.00000,0.20000,1.00000,6.00000,0.10000,0.15000,0.45000
56.40000,6.37982,8.50100,1.48364,76.54170,1.00000,50.00000,0.20000,1.00000,6.00000,0.10000,0.15000,0.45000
56.45000,6.30930,8.47791,1.48480,76.61591,1.00000,50.00000,0.20000,1.00000,6.00000,0.10000,0.15000,0.45000
56.50000,6.23868,8.45490,1.48599,76.69018,1.00000,50.00000,0.20000,1.00000,6.00000,0.10000,0.15000,0.45000
56.55000,6.16797,8.43199,1.48724,76.76451,1.00000,50.00000,0.20000,1.00000,6.00000,0.10000,0.15000,0.45000
56.60000,6.09714,8.40924,1.48853,76.83891,1.00000,50.00000,0.20000,1.00000,6.00000,0.10000,0.15000,0.45000
56.65000,6.02619,8.38666,1.48986,76.91338,1.00000,50.00000,0.20000,1.00000,6.00000,0.10000,0.15000,0.45000
56.70000,5.95510,8.36428,1.49123,76.98792,1.00000,50.00000,0.20000,1.00000,6.00000,0.10000,0.15000,0.45000
56.75000,5.88387,8.34213,1.49264,77.06253,1.00000,50.00000,0.20000,1.00000,6.00000,0.10000,0.15000,0.45000
56.80000,5.81249,8.32022,1.49408,77.13721,1.00000,50.00000,0.20000,1.00000,6.00000,0.10000,0.15000,0.45000
56.85000,5.74095,8.29857,1.49554,77.21196,1.00000,50.00000,0.20000,1.00000,6.00000,0.10000,0.15000,0.45000
56.90000,5.66926,8.27718,1.49704,77.28679,1.00000,50.00000,0.20000,1.00000,6.00000,0.10000,0.15000,0.45000
56.95000,5.59740,8.25607,1.49856,77.36169,1.00000,50.00000,0.20000,1.00000,6.00000,0.10000,0.15000,0.45000
57.00000,5.52539,8.23525,1.50010,77.43666,1.00000,50.00000,0.20000,1.00000,6.00000,0.10000,0.15000,0.45000
57.05000,5.45321,8.21472,1.50166,77.51171,1.00000,50.00000,0.20000,1.00000,6.00000,0.10000,0.15000,0.45000
57.10000,5.38087,8.19447,1.50323,77.58684,1.00000,50.00000,0.20000,1.00000,6.00000,0.10000,0.15000,0.45000
57.15000,5.30836,8.17450,1.50481,77.66205,1.00000,50.00000,0.20000,1.00000,6.00000,0.10000,0.15000,0.45000
57.20000,5.23570,8.15482,1.50640,77.73732,1.00000,50.00000,0.20000,1.00000,6.00000,0.10000,0.15000,0.45000
57.25000,5.16289,8.13541,1.50800,77.81267,1.00000,50.00000,0.20000,1.00000,6.00000,0.10000,0.15000,0.45000
57.30000,5.08992,8.11626,1.50960,77.88811,1.00000,50.00000,0.20000,1.00000,6.00000,0.10000,0.15000,0.45000
57.35000,5.01680,8.09736,1.51119,77.96366,1.00000,50.00000,0.20000,1.00000,6.00000,0.10000,0.15000,0.45000
57.40000,4.94354,8.07871,1.51278,78.03926,1.00000,50.00000,0.20000,1.00000,6.00000,0.10000,0.15000,0.45000
57.45000,4.87013,8.06029,1.51436,78.11484,1.00000,50.00000,0.20000,1.00000,6.00000,0.10000,0.15000,0.45000
57.50000,4.79660,8.04208,1.51593,78.19049,1.00000,50.00000,0.20000,1.00000,6.00000,0.10000,0.15000,0.45000
57.55000,4.72293,8.02407,1.51748,78.26664,1.00000,50.00000,0.20000,1.00000,6.00000,0.10000,0.15000,0.45000
57.60000,4.64914,8.00624,1.51902,78.34352,1.00000,50.00000,0.20000,1.00000,6.00000,0.10000,0.15000,0.45000
57.65000,4.57524,7.98857,1.52053,78.42074,1.00000,50.00000,0.20000,1.00000,6.00000,0.10000,0.15000,0.45000
57.70000,4.50122,7.97105,1.52202,78.49752,1.00000,50.00000,0.20000,1.00000,6.00000,0.10000,0.15000,0.45000
57.75000,4.42709,7.95366,1.52349,78.57379,1.00000,50.00000,0.20000,1.00000,6.00000,0.10000,0.15000,0.45000
57.80000,4.35287,7.93638,1.52493,78.64994,1.00000,50.00000,0.20000,1.00000,6.00000,0.10000,0.15000,0.45000
57.85000,4.27855,7.91919,1.52635,78.72620,1.00000,50.00000,0.20000,1.00000,6.00000,0.10000,0.15000,0.45000
57.90000,4.20414,7.90207,1.52774,78.80257,1.00000,50.00000,0.20000,1.00000,6.00000,0.10000,0.15000,0.45000
57.95000,4.12965,7.88499,1.52911,78.87900,1.00000,50.00000,0.20000,1.00000,6.00000,0.10000,0.15000,0.45000
58.00000,4.05509,7.86794,1.53046,78.95547,1.00000,50.00000,0.20000,1.00000,6.00000,0.10000,0.15000,0.45000
58.05000,3.98046,7.85089,1.53178,79.03200,1.00000,50.00000,0.20000,1.00000,6.00000,0.10000,0.15000,0.45000
58.10000,3.90576,7.83381,1.53308,79.10861,1.00000,50.00000,0.20000,1.00000,6.00000,0.10000,0.15000,0.45000
58.15000,3.83101,7.81668,1.53435,79.18528,1.00000,50.00000,0.20000,1.00000,6.00000,0.10000,0.15000,0.45000
58.20000,3.75622,7.79947,1.53561,79.26201,1.00000,50.00000,0.20000,1.00000,6.00000,0.10000,0.15000,0.45000
58.25000,3.68138,7.78216,1.53683,79.33881,1.00000,50.00000,0.20000,1.00000,6.00000,0.10000,0.15000,0.45000
58.30000,3.60652,7.76472,1.53804,79.41567,1.00000,50.00000,0.20000,1.00000,6.00000,0.10000,0.15000,0.45000
58.35000,3.53163,7.74711,1.53922,79.49259,1.00000,50.00000,0.20000,1.00000,6.00000,0.10000,0.15000,0.45000
58.40000,3.45672,7.72931,1.54037,79.56958,1.00000,50.00000,0.20000,1.00000,6.00000,0.10000,0.15000,0.45000
58.45000,3.38181,7.71129,1.54151,79.64662,1.00000,50.00000,0.20000,1.00000,6.00000,0.10000,0.15000,0.45000
58.50000,3.30691,7.69302,1.54262,79.72373,1.00000,50.00000,0.20000,1.00000,6.00000,0.10000,0.15000,0.45000
58.55000,3.23201,7.67446,1.54371,79.80090,1.00000,50.00000,0.20000,1.00000,6.00000,0.10000,0.15000,0.45000
58.60000,3.15714,7.65558,1.54478,79.87813,1.00000,50.00000,0.20000,1.00000,6.00000,0.10000,0.15000,0.45000
58.65000,3.08231,7.63635,1.54582,79.95541,1.00000,50.00000,0.20000,1.00000,6.00000,0.10000,0.15000,0.45000
58.70000,3.00752,7.61674,1.54685,80.03276,1.00000,50.00000,0.20000,1.00000,6.00000,0.10000,0.15000,0.45000
58.75000,2.93279,7.59671,1.54786,80.11016,1.00000,50.00000,0.20000,1.00000,6.00000,0.10000,0.15000,0.45000
58.80000,2.85813,7.57623,1.54884,80.18762,1.00000,50.00000,0.20000,1.00000,6.00000,0.10000,0.15000,0.45000
58.85000,2.78356,7.55526,1.54981,80.26514,1.00000,50.00000,0.20000,1.00000,6.00000,0.10000,0.15000,0.45000
58.90000,2.70908,7.53376,1.55076,80.34271,1.00000,50.00000,0.20000,1.00000,6.00000,0.10000,0.15000,0.45000
58.95000,2.63472,7.51171,1.55170,80.42034,1.00000,50.00000,0.20000,1.00000,6.00000,0.10000,0.15000,0.45000
59.00000,2.56049,7.48907,1.55262,80.49802,1.00000,50.00000,0.20000,1.00000,6.00000,0.10000,0.15000,0.45000
59.05000,2.48641,7.46579,1.55352,80.57575,1.00000,50.00000,0.20000,1.00000,6.00000,0.10000,0.15000,0.45000
59.10000,2.41249,7.44185,1.55441,80.65354,1.00000,50.00000,0.20000,1.00000,6.00000,0.10000,0.15000,0.45000
59.15000,2.33876,7.41720,1.55529,80.73137,1.00000,50.00000,0.20000,1.00000,6.00000,0.10000,0.15000,0.45000
59.20000,2.26523,7.39182,1.55615,80.80926,1.00000,50.00000,0.20000,1.00000,6.00000,0.10000,0.15000,0.45000
59.25000,2.19193,7.36567,1.55700,80.88719,1.00000,50.00000,0.20000,1.00000,6.00000,0.10000,0.15000,0.45000
59.30000,2.11887,7.33872,1.55785,80.96517,1.00000,50.00000,0.20000,1.00000,6.00000,0.10000,0.15000,0.45000
59.35000,2.04608,7.31093,1.55868,81.04320,1.00000,50.00000,0.20000,1.00000,6.00000,0.10000,0.15000,0.45000
59.40000,1.97359,7.28227,1.55950,81.12127,1.00000,50.00000,0.20000,1.00000,6.00000,0.10000,0.15000,0.45000
59.45000,1.90141,7.25271,1.56031,81.19939,1.00000,50.00000,0.20000,1.00000,6.00000,0.10000,0.15000,0.45000
59.50000,1.82957,7.22224,1.56111,81.27755,1.00000,50.00000,0.20000,1.00000,6.00000,0.10000,0.15000,0.45000
59.55000,1.75810,7.19081,1.56191,81.35575,1.00000,50.00000,0.20000,1.00000,6.00000,0.10000,0.15000,0.45000
59.60000,1.68702,7.15842,1.56269,81.43399,1.00000,50.00000,0.20000,1.00000,6.00000,0.10000,0.15000,0.45000
59.65000,1.61635,7.12504,1.56347,81.51227,1.00000,50.00000,0.20000,1.00000,6.00000,0.10000,0.15000,0.45000
59.70000,1.54613,7.09065,1.56424,81.59059,1.00000,50.00000,0.20000,1.00000,6.00000,0.10000,0.15000,0.45000
59.75000,1.47637,7.05524,1.56500,81.66895,1.00000,50.00000,0.20000,1.00000,6.00000,0.10000,0.15000,0.45000
59.80000,1.40710,7.01880,1.56575,81.74735,1.00000,50.00000,0.20000,1.00000,6.00000,0.10000,0.15000,0.45000
59.85000,1.33835,6.98132,1.56650,81.82578,1.00000,50.00000,0.20000,1.00000,6.00000,0.10000,0.15000,0.45000
59.90000,1.27014,6.94279,1.56723,81.90426,1.00000,50.00000,0.20000,1.00000,6.00000,0.10000,0.15000,0.45000
59.95000,1.20249,6.90321,1.56796,81.98277,1.00000,50.00000,0.20000,1.00000,6.00000,0.10000,0.15000,0.45000
60.00000,1.13542,6.86257,1.56868,82.06132,1.00000,50.00000,0.20000,1.00000,6.00000,0.10000,0.15000,0.45000
60.05000,1.06897,6.82088,1.56939,82.13991,1.00000,50.00000,0.20000,1.00000,6.00000,0.10000,0.15000,0.45000
60.10000,1.00314,6.77813,1.57009,82.21853,1.00000,50.00000,0.20000,1.00000,6.00000,0.10000,0.15000,0.45000
60.15000,0.93797,6.73434,1.57078,82.29718,1.00000,50.00000,0.20000,1.00000,6.00000,0.10000,0.15000,0.45000
60.20000,0.87346,6.68951,1.57146,82.37586,1.00000,50.00000,0.20000,1.00000,6.00000,0.10000,0.15000,0.45000
60.25000,0.80965,6.64363,1.57213,82.45457,1.00000,50.00000,0.20000,1.00000,6.00000,0.10000,0.15000,0.45000
60.30000,0.74655,6.59673,1.57279,82.53329,1.00000,50.00000,0.20000,1.00000,6.00000,0.10000,0.15000,0.45000
60.35000,0.68418,6.54881,1.57344,82.61204,1.00000,50.00000,0.20000,1.00000,6.00000,0.10000,0.15000,0.45000
60.40000,0.62256,6.49987,1.57407,82.69080,1.00000,50.00000,0.20000,1.00000,6.00000,0.10000,0.15000,0.45000
60.45000,0.56171,6.44993,1.57470,82.76959,1.00000,50.00000,0.20000,1.00000,6.00000,0.10000,0.15000,0.45000
60.50000,0.50166,6.39900,1.57532,82.84840,1.00000,50.00000,0.20000,1.00000,6.00000,0.10000,0.15000,0.45000
60.55000,0.44241,6.34707,1.57593,82.92722,1.00000,50.00000,0.20000,1.00000,6.00000,0.10000,0.15000,0.45000
60.60000,0.38399,6.29417,1.57653,83.00607,1.00000,50.00000,0.20000,1.00000,6.00000,0.10000,0.15000,0.45000
60.65000,0.32643,6.24030,1.57712,83.08494,1.00000,50.00000,0.20000,1.00000,6.00000,0.10000,0.15000,0.45000
60.70000,0.26974,6.18547,1.57770,83.16383,1.00000,50.00000,0.20000,1.00000,6.00000,0.10000,0.15000,0.45000
60.75000,0.21394,6.12968,1.57827,83.24275,1.00000,50.00000,0.20000,1.00000,6.00000,0.10000,0.15000,0.45000
60.80000,0.15906,6.07296,1.57884,83.32169,1.00000,50.00000,0.20000,1.00000,6.00000,0.10000,0.15000,0.45000
60.85000,0.10513,6.01529,1.57940,83.40065,1.00000,50.00000,0.20000,1.00000,6.00000,0.10000,0.15000,0.45000
60.90000,0.05216,5.95671,1.57995,83.47964,1.00000,50.00000,0.20000,1.00000,6.00000,0.10000,0.15000,0.45000
60.95000,0.00018,5.89720,1.58049,83.55866,1.00000,50.00000,0.20000,1.00000,6.00000,0.10000,0.15000,0.45000
61.00000,-0.05078,5.83678,1.58103,83.63770,1.00000,50.00000,0.20000,1.00000,6.00000,0.10000,0.15000,0.45000
61.05000,-0.10069,5.77547,1.58157,83.71677,1.00000,50.00000,0.20000,1.00000,6.00000,0.10000,0.15000,0.45000
61.10000,-0.14954,5.71327,1.58210,83.79586,1.00000,50.00000,0.20000,1.00000,6.00000,0.10000,0.15000,0.45000
61.15000,-0.19729,5.65018,1.58263,83.87498,1.00000,50.00000,0.20000,1.00000,6.00000,0.10000,0.15000,0.45000
61.20000,-0.24392,5.58623,1.58315,83.95412,1.00000,50.00000,0.20000,1.00000,6.00000,0.10000,0.15000,0.45000
61.25000,-0.28939,5.52143,1.58368,84.03329,1.00000,50.00000,0.20000,1.00000,6.00000,0.10000,0.15000,0.45000
61.30000,-0.33370,5.45578,1.58421,84.11248,1.00000,50.00000,0.20000,1.00000,6.00000,0.10000,0.15000,0.45000
61.35000,-0.37680,5.38931,1.58474,84.19169,1.00000,50.00000,0.20000,1.00000,6.00000,0.10000,0.15000,0.45000
61.40000,-0.41868,5.32203,1.58527,84.27090,1.00000,50.00000,0.20000,1.00000,6.00000,0.10000,0.15000,0.45000
61.45000,-0.45931,5.25396,1.58581,84.35016,1.00000,50.00000,0.20000,1.00000,6.00000,0.10000,0.15000,0.45000
61.50000,-0.49867,5.18512,1.58635,84.42945,1.00000,50.00000,0.20000,1.00000,6.00000,0.10000,0.15000,0.45000
61.55000,-0.53675,5.11552,1.58690,84.50876,1.00000,50.00000,0.20000,1.00000,6.00000,0.10000,0.15000,0.45000
61.60000,-0.57352,5.04520,1.58745,84.58807,1.00000,50.00000,0.20000,1.00000,6.00000,0.10000,0.15000,0.45000
61.65000,-0.60897,4.97416,1.58801,84.66738,1.00000,50.00000,0.20000,1.00000,6.00000,0.10000,0.15000,0.45000
61.70000,-0.64308,4.90245,1.58858,84.74671,1.00000,50.00000,0.20000,1.00000,6.00000,0.10000,0.15000,0.45000
61.75000,-0.67584,4.83008,1.58916,84.82607,1.00000,50.00000,0.20000,1.00000,6.00000,0.10000,0.15000,0.45000
61.80000,-0.70724,4.75708,1.58974,84.90544,1.00000,50.00000,0.20000,1.00000,6.00000,0.10000,0.15000,0.45000
61.85000,-0.73728,4.68347,1.59034,84.98483,1.00000,50.00000,0.20000,1.00000,6.00000,0.10000,0.15000,0.45000
61.90000,-0.76596,4.60929,1.59095,85.06424,1.00000,50.00000,0.20000,1.00000,6.00000,0.10000,0.15000,0.45000
61.95000,-0.79326,4.53455,1.59157,85.14367,1.00000,50.00000,0.20000,1.00000,6.00000,0.10000,0.15000,0.45000
62.00000,-0.81919,4.45930,1.59219,85.22312,1.00000,50.00000,0.20000,1.00000,6.00000,0.10000,0.15000,0.45000
62.05000,-0.84375,4.38356,1.59283,85.30260,1.00000,50.00000,0.20000,1.00000,6.00000,0.10000,0.15000,0.45000
62.10000,-0.86695,4.30736,1.59347,85.38210,1.00000,50.00000,0.20000,1.00000,6.00000,0.10000,0.15000,0.45000
62.15000,-0.88879,4.23072,1.59413,85.46163,1.00000,50.00000,0.20000,1.00000,6.00000,0.10000,0.15000,0.45000
62.20000,-0.90927,4.15368,1.59479,85.54119,1.00000,50.00000,0.20000,1.00000,6.00000,0.10000,0.15000,0.45000
62.25000,-0.92842,4.07625,1.59546,85.62079,1.00000,50.00000,0.20000,1.00000,6.00000,0.10000,0.15000,0.45000
62.30000,-0.94622,3.99848,1.59614,85.70042,1.00000,50.00000,0.20000,1.00000,6.00000,0.10000,0.15000,0.45000
62.35000,-0.96270,3.92037,1.59682,85.78008,1.00000,50.00000,0.20000,1.00000,6.00000,0.10000,0.15000,0.45000
62.40000,-0.97786,3.84197,1.59751,85.85978,1.00000,50.00000,0.20000,1.00000,6.00000,0.10000,0.15000,0.45000
62.45000,-0.99172,3.76329,1.59821,85.93952,1.00000,50.00000,0.20000,1.00000,6.00000,0.10000,0.15000,0.45000
62.50000,-1.00428,3.68435,1.59891,86.01929,1.00000,50.00000,0.20000,1.00000,6.00000,0.10000,0.15000,0.45000
62.55000,-1.01555,3.60519,1.59962,86.09911,1.00000,50.00000,0.20000,1.00000,6.00000,0.10000,0.15000,0.45000
62.60000,-1.02554,3.52582,1.60034,86.17896,1.00000,50.00000,0.20000,1.00000,6.00000,0.10000,0.15000,0.45000
62.65000,-1.03426,3.44626,1.60106,86.25885,1.00000,50.00000,0.20000,1.00000,6.00000,0.10000,0.15000,0.45000
62.70000,-1.04173,3.36654,1.60178,86.33878,1.00000,50.00000,0.20000,1.00000,6.00000,0.10000,0.15000,0.45000
62.75000,-1.04794,3.28667,1.60252,86.41875,1.00000,50.00000,0.20000,1.00000,6.00000,0.10000,0.15000,0.45000
62.80000,-1.05291,3.20668,1.60325,86.49876,1.00000,50.00000,0.20000,1.00000,6.00000,0.10000,0.15000,0.45000
62.85000,-1.05665,3.12659,1.60400,86.57880,1.00000,50.00000,0.20000,1.00000,6.00000,0.10000,0.15000,0.45000
62.90000,-1.05917,3.04641,1.60475,86.65888,1.00000,50.00000,0.20000,1.00000,6.00000,0.10000,0.15000,0.45000
62.95000,-1.06047,2.96617,1.60550,86.73899,1.00000,50.00000,0.20000,1.00000,6.00000,0.10000,0.15000,0.45000
63.00000,-1.06058,2.88587,1.60627,86.81913,1.00000,50.00000,0.20000,1.00000,6.00000,0.10000,0.15000,0.45000
63.05000,-1.05949,2.80555,1.60704,86.89931,1.00000,50.00000,0.20000,1.00000,6.00000,0.10000,0.15000,0.45000
63.10000,-1.05722,2.72521,1.60782,86.97953,1.00000,50.00000,0.20000,1.00000,6.00000,0.10000,0.15000,0.45000
63.15000,-1.05378,2.64487,1.60861,87.05977,1.00000,50.00000,0.20000,1.00000,6.00000,0.10000,0.15000,0.45000
63.20000,-1.04919,2.56456,1.60941,87.14005,1.00000,50.00000,0.20000,1.00000,6.00000,0.10000,0.15000,0.45000
63.25000,-1.04346,2.48427,1.61022,87.22037,1.00000,50.00000,0.20000,1.00000,6.00000,0.10000,0.15000,0.45000
63.30000,-1.03661,2.40403,1.61104,87.30072,1.00000,50.00000,0.20000,1.00000,6.00000,0.10000,0.15000,0.45000
63.35000,-1.02865,2.32385,1.61187,87.38110,1.00000,50.00000,0.20000,1.00000,6.00000,0.10000,0.15000,0.45000
63.40000,-1.01960,2.24375,1.61271,87.46153,1.00000,50.00000,0.20000,1.00000,6.00000,0.10000,0.15000,0.45000
63.45000,-1.00948,2.16373,1.61356,87.54199,1.00000,50.00000,0.20000,1.00000,6.00000,0.10000,0.15000,0.45000
63.50000,-0.99832,2.08381,1.61443,87.62250,1.00000,50.00000,0.20000,1.00000,6.00000,0.10000,0.15000,0.45000
63.55000,-0.98613,2.00399,1.61531,87.70305,1.00000,50.00000,0.20000,1.00000,6.00000,0.10000,0.15000,0.45000
63.60000,-0.97294,1.92429,1.61620,87.78364,1.00000,50.00000,0.20000,1.00000,6.00000,0.10000,0.15000,0.45000
63.65000,-0.95877,1.84471,1.61711,87.86427,1.00000,50.00000,0.20000,1.00000,6.00000,0.10000,0.15000,0.45000
63.70000,-0.94365,1.76525,1.61804,87.94495,1.00000,50.00000,0.20000,1.00000,6.00000,0.10000,0.15000,0.45000
63.75000,-0.92760,1.68594,1.61900,88.02568,1.00000,50.00000,0.20000,1.00000,6.00000,0.10000,0.15000,0.45000
63.80000,-0.91062,1.60676,1.62000,88.10646,1.00000,50.00000,0.20000,1.00000,6.00000,0.10000,0.15000,0.45000
63.85000,-0.89275,1.52773,1.62104,88.18729,1.00000,50.00000,0.20000,1.00000,6.00000,0.10000,0.15000,0.45000
63.90000,-0.87400,1.44885,1.62213,88.26819,1.00000,50.00000,0.20000,1.00000,6.00000,0.10000,0.15000,0.45000
63.95000,-0.85442,1.37012,1.62325,88.34914,1.00000,50.00000,0.20000,1.00000,6.00000,0.10000,0.15000,0.45000
64.00000,-0.83403,1.29153,1.62442,88.43016,1.00000,50.00000,0.20000,1.00000,6.00000,0.10000,0.15000,0.45000
64.05000,-0.81288,1.21308,1.62561,88.51124,1.00000,50.00000,0.20000,1.00000,6.00000,0.10000,0.15000,0.45000
64.10000,-0.79101,1.13476,1.62683,88.59240,1.00000,50.00000,0.20000,1.00000,6.00000,0.10000,0.15000,0.45000
64.15000,-0.76845,1.05658,1.62807,88.67362,1.00000,50.00000,0.20000,1.00000,6.00000,0.10000,0.15000,0.45000
64.20000,-0.74527,0.97852,1.62934,88.75491,1.00000,50.00000,0.20000,1.00000,6.00000,0.10000,0.15000,0.45000
64.25000,-0.72149,0.90056,1.63063,88.83628,1.00000,50.00000,0.20000,1.00000,6.00000,0.10000,0.15000,0.45000
64.30000,-0.69716,0.82271,1.63193,88.91773,1.00000,50.00000,0.20000,1.00000,6.00000,0.10000,0.15000,0.45000
64.35000,-0.67234,0.74495,1.63324,88.99924,1.00000,50.00000,0.20000,1.00000,6.00000,0.10000,0.15000,0.45000
64.40000,-0.64705,0.66727,1.63456,89.08084,1.00000,50.00000,0.20000,1.00000,6.00000,0.10000,0.15000,0.45000
64.45000,-0.62134,0.58965,1.63588,89.16250,1.00000,50.00000,0.20000,1.00000,6.00000,0.10000,0.15000,0.45000
64.50000,-0.59526,0.51209,1.63721,89.24424,1.00000,50.00000,0.20000,1.00000,6.00000,0.10000,0.15000,0.45000
64.55000,-0.56885,0.43458,1.63853,89.32607,1.00000,50.00000,0.20000,1.00000,6.00000,0.10000,0.15000,0.45000
64.60000,-0.54213,0.35710,1.63985,89.40797,1.00000,50.00000,0.20000,1.00000,6.00000,0.10000,0.15000,0.45000
64.65000,-0.51514,0.27964,1.64116,89.48993,1.00000,50.00000,0.20000,1.00000,6.00000,0.10000,0.15000,0.45000
64.70000,-0.48793,0.20219,1.64246,89.57194,1.00000,50.00000,0.20000,1.00000,6.00000,0.10000,0.15000,0.45000
64.75000,-0.46051,0.12474,1.64374,89.65414,1.00000,50.00000,0.20000,1.00000,6.00000,0.10000,0.15000,0.45000
64.80000,-0.43292,0.04729,1.64501,89.73671,1.00000,50.00000,0.20000,1.00000,6.00000,0.10000,0.15000,0.45000
64.85000,-0.40519,-0.03017,1.64625,89.81962,1.00000,50.00000,0.20000,1.00000,6.00000,0.10000,0.15000,0.45000
64.90000,-0.37733,-0.10766,1.64748,89.90267,1.00000,50.00000,0.20000,1.00000,6.00000,0.10000,0.15000,0.45000
64.95000,-0.34938,-0.18518,1.64867,89.98571,1.00000,50.00000,0.20000,1.00000,6.00000,0.10000,0.15000,0.45000
65.00000,-0.32134,-0.26273,1.64984,90.06854,1.00000,50.00000,0.20000,1.00000,6.00000,0.10000,0.15000,0.45000
65.05000,-0.29325,-0.34032,1.65099,90.15112,1.00000,50.00000,0.20000,1.00000,6.00000,0.10000,0.15000,0.45000
65.10000,-0.26511,-0.41796,1.65211,90.23366,1.00000,50.00000,0.20000,1.00000,6.00000,0.10000,0.15000,0.45000
65.15000,-0.23695,-0.49565,1.65320,90.31627,1.00000,50.00000,0.20000,1.00000,6.00000,0.10000,0.15000,0.45000
65.20000,-0.20878,-0.57338,1.65426,90.39896,1.00000,50.00000,0.20000,1.00000,6.00000,0.10000,0.15000,0.45000
65.25000,-0.18060,-0.65118,1.65530,90.48169,1.00000,50.00000,0.20000,1.00000,6.00000,0.10000,0.15000,0.45000
65.30000,-0.15243,-0.72903,1.65630,90.56446,1.00000,50.00000,0.20000,1.00000,6.00000,0.10000,0.15000,0.45000
65.35000,-0.12428,-0.80694,1.65728,90.64728,1.00000,50.00000,0.20000,1.00000,6.00000,0.10000,0.15000,0.45000
65.40000,-0.09614,-0.88490,1.65824,90.73016,1.00000,50.00000,0.20000,1.00000,6.00000,0.10000,0.15000,0.45000
65.45000,-0.06804,-0.96293,1.65916,90.81308,1.00000,50.00000,0.20000,1.00000,6.00000,0.10000,0.15000,0.45000
65.50000,-0.03997,-1.04102,1.66005,90.89605,1.00000,50.00000,0.20000,1.00000,6.00000,0.10000,0.15000,0.45000
65.55000,-0.01192,-1.11916,1.66092,90.97905,1.00000,50.00000,0.20000,1.00000,6.00000,0.10000,0.15000,0.45000
65.60000,0.01609,-1.19736,1.66176,91.06210,1.00000,50.00000,0.20000,1.00000,6.00000,0.10000,0.15000,0.45000
65.65000,0.04409,-1.27562,1.66257,91.14519,1.00000,50.00000,0.20000,1.00000,6.00000,0.10000,0.15000,0.45000
65.70000,0.07206,-1.35392,1.66334,91.22832,1.00000,50.00000,0.20000,1.00000,6.00000,0.10000,0.15000,0.45000
65.75000,0.10003,-1.43226,1.66409,91.31149,1.00000,50.00000,0.20000,1.00000,6.00000,0.10000,0.15000,0.45000
65.80000,0.12800,-1.51064,1.66481,91.39469,1.00000,50.00000,0.20000,1.00000,6.00000,0.10000,0.15000,0.45000
65.85000,0.15599,-1.58905,1.66550,91.47792,1.00000,50.00000,0.20000,1.00000,6.00000,0.10000,0.15000,0.45000
65.90000,0.18401,-1.66749,1.66616,91.56119,1.00000,50.00000,0.20000,1.00000,6.00000,0.10000,0.15000,0.45000
65.95000,0.21209,-1.74594,1.66679,91.64448,1.00000,50.00000,0.20000,1.00000,6.00000,0.10000,0.15000,0.45000
66.00000,0.24023,-1.82440,1.66738,91.72781,1.00000,50.00000,0.20000,1.00000,6.00000,0.10000,0.15000,0.45000
66.05000,0.26848,-1.90285,1.66795,91.81117,1.00000,50.00000,0.20000,1.00000,6.00000,0.10000,0.15000,0.45000
66.10000,0.29685,-1.98129,1.66849,91.89455,1.00000,50.00000,0.20000,1.00000,6.00000,0.10000,0.15000,0.45000
66.15000,0.32538,-2.05970,1.66899,91.97797,1.00000,50.00000,0.20000,1.00000,6.00000,0.10000,0.15000,0.45000
66.20000,0.35409,-2.13807,1.66947,92.06141,1.00000,50.00000,0.20000,1.00000,6.00000,0.10000,0.15000,0.45000
66.25000,0.38302,-2.21638,1.66991,92.14488,1.00000,50.00000,0.20000,1.00000,6.00000,0.10000,0.15000,0.45000
66.30000,0.41222,-2.29461,1.67032,92.22837,1.00000,50.00000,0.20000,1.00000,6.00000,0.10000,0.15000,0.45000
66.35000,0.44172,-2.37276,1.67070,92.31189,1.00000,50.00000,0.20000,1.00000,6.00000,0.10000,0.15000,0.45000
66.40000,0.47156,-2.45079,1.67105,92.39544,1.00000,50.00000,0.20000,1.00000,6.00000,0.10000,0.15000,0.45000
66.45000,0.50179,-2.52869,1.67137,92.47901,1.00000,50.00000,0.20000,1.00000,6.00000,0.10000,0.15000,0.45000
66.50000,0.53246,-2.60643,1.67166,92.56261,1.00000,50.00000,0.20000,1.00000,6.00000,0.10000,0.15000,0.45000
66.55000,0.56362,-2.68400,1.67191,92.64623,1.00000,50.00000,0.20000,1.00000,6.00000,0.10000,0.15000,0.45000
66.60000,0.59532,-2.76136,1.67213,92.72988,1.00000,50.00000,0.20000,1.00000,6.00000,0.10000,0.15000,0.45000
66.65000,0.62762,-2.83848,1.67232,92.81355,1.00000,50.00000,0.20000,1.00000,6.00000,0.10000,0.15000,0.45000
66.70000,0.66057,-2.91533,1.67248,92.89725,1.00000,50.00000,0.20000,1.00000,6.00000,0.10000,0.15000,0.45000
66.75000,0.69425,-2.99188,1.67260,92.98098,1.00000,50.00000,0.20000,1.00000,6.00000,0.10000,0.15000,0.45000
66.80000,0.72869,-3.06809,1.67269,93.06473,1.00000,50.00000,0.20000,1.00000,6.00000,0.10000,0.15000,0.45000
66.85000,0.76397,-3.14391,1.67274,93.14850,1.00000,50.00000,0.20000,1.00000,6.00000,0.10000,0.15000,0.45000
66.90000,0.80015,-3.21932,1.67277,93.23230,1.00000,50.00000,0.20000,1.00000,6.00000,0.10000,0.15000,0.45000
66.95000,0.83730,-3.29426,1.67276,93.31612,1.00000,50.00000,0.20000,1.00000,6.00000,0.10000,0.15000,0.45000
67.00000,0.87547,-3.36868,1.67271,93.39995,1.00000,50.00000,0.20000,1.00000,6.00000,0.10000,0.15000,0.45000
67.05000,0.91473,-3.44252,1.67263,93.48381,1.00000,50.00000,0.20000,1.00000,6.00000,0.10000,0.15000,0.45000
67.10000,0.95514,-3.51574,1.67252,93.56767,1.00000,50.00000,0.20000,1.00000,6.00000,0.10000,0.15000,0.45000
67.15000,0.99678,-3.58826,1.67237,93.65155,1.00000,50.00000,0.20000,1.00000,6.00000,0.10000,0.15000,0.45000
67.20000,1.03969,-3.66002,1.67218,93.73544,1.00000,50.00000,0.20000,1.00000,6.00000,0.10000,0.15000,0.45000
67.25000,1.08395,-3.73094,1.67197,93.81934,1.00000,50.00000,0.20000,1.00000,6.00000,0.10000,0.15000,0.45000
67.30000,1.12961,-3.80096,1.67171,93.90324,1.00000,50.00000,0.20000,1.00000,6.00000,0.10000,0.15000,0.45000
67.35000,1.17673,-3.86999,1.67143,93.98714,1.00000,50.00000,0.20000,1.00000,6.00000,0.10000,0.15000,0.45000
67.40000,1.22537,-3.93794,1.67110,94.07103,1.00000,50.00000,0.20000,1.00000,6.00000,0.10000,0.15000,0.45000
67.45000,1.27557,-4.00472,1.67074,94.15491,1.00000,50.00000,0.20000,1.00000,6.00000,0.10000,0.15000,0.45000
67.50000,1.32740,-4.07022,1.67035,94.23879,1.00000,50.00000,0.20000,1.00000,6.00000,0.10000,0.15000,0.45000
67.55000,1.38088,-4.13435,1.66992,94.32265,1.00000,50.00000,0.20000,1.00000,6.00000,0.10000,0.15000,0.45000
67.60000,1.43607,-4.19698,1.66945,94.40650,1.00000,50.00000,0.20000,1.00000,6.00000,0.10000,0.15000,0.45000
67.65000,1.49300,-4.25801,1.66894,94.49032,1.00000,50.00000,0.20000,1.00000,6.00000,0.10000,0.15000,0.45000
67.70000,1.55170,-4.31730,1.66840,94.57413,1.00000,50.00000,0.20000,1.00000,6.00000,0.10000,0.15000,0.45000
67.75000,1.61219,-4.37472,1.66782,94.65791,1.00000,50.00000,0.20000,1.00000,6.00000,0.10000,0.15000,0.45000
67.80000,1.67448,-4.43013,1.66721,94.74167,1.00000,50.00000,0.20000,1.00000,6.00000,0.10000,0.15000,0.45000
67.85000,1.73859,-4.48339,1.66655,94.82540,1.00000,50.00000,0.20000,1.00000,6.00000,0.10000,0.15000,0.45000
67.90000,1.80449,-4.53435,1.66586,94.90910,1.00000,50.00000,0.20000,1.00000,6.00000,0.10000,0.15000,0.45000
67.95000,1.87219,-4.58284,1.66513,94.99278,1.00000,50.00000,0.20000,1.00000,6.00000,0.10000,0.15000,0.45000
68.00000,1.94164,-4.62871,1.66437,95.07642,1.00000,50.00000,0.20000,1.00000,6.00000,0.10000,0.15000,0.45000
68.05000,2.01281,-4.67179,1.66358,95.16004,1.00000,50.00000,0.20000,1.00000,6.00000,0.10000,0.15000,0.45000
68.10000,2.08564,-4.71193,1.66275,95.24361,1.00000,50.00000,0.20000,1.00000,6.00000,0.10000,0.15000,0.45000
68.15000,2.16005,-4.74895,1.66190,95.32715,1.00000,50.00000,0.20000,1.00000,6.00000,0.10000,0.15000,0.45000
68.20000,2.23595,-4.78270,1.66101,95.41066,1.00000,50.00000,0.20000,1.00000,6.00000,0.10000,0.15000,0.45000
68.25000,2.31325,-4.81300,1.66010,95.49412,1.00000,50.00000,0.20000,1.00000,6.00000,0.10000,0.15000,0.45000
68.30000,2.39181,-4.83971,1.65917,95.57754,1.00000,50.00000,0.20000,1.00000,6.00000,0.10000,0.15000,0.45000
68.35000,2.47149,-4.86267,1.65822,95.66091,1.00000,50.00000,0.20000,1.00000,6.00000,0.10000,0.15000,0.45000
68.40000,2.55215,-4.88175,1.65726,95.74424,1.00000,50.00000,0.20000,1.00000,6.00000,0.10000,0.15000,0.45000
68.45000,2.63359,-4.89682,1.65628,95.82752,1.00000,50.00000,0.20000,1.00000,6.00000,0.10000,0.15000,0.45000
68.50000,2.71565,-4.90777,1.65530,95.91075,1.00000,50.00000,0.20000,1.00000,6.00000,0.10000,0.15000,0.45000
68.55000,2.79811,-4.91450,1.65433,95.99393,1.00000,50.00000,0.20000,1.00000,6.00000,0.10000,0.15000,0.45000
68.60000,2.88076,-4.91694,1.65336,96.07704,1.00000,50.00000,0.20000,1.00000,6.00000,0.10000,0.15000,0.45000
68.65000,2.96337,-4.91502,1.65240,96.16008,1.00000,50.00000,0.20000,1.00000,6.00000,0.10000,0.15000,0.45000
68.70000,3.04571,-4.90870,1.65146,96.24304,1.00000,50.00000,0.20000,1.00000,6.00000,0.10000,0.15000,0.45000
68.75000,3.12509,-4.89753,1.54509,96.24304,1.00000,50.00000,0.20000,1.00000,6.00000,0.10000,0.15000,0.45000
68.80000,3.19640,-4.87702,1.43075,96.24304,1.00000,50.00000,0.20000,1.00000,6.00000,0.10000,0.15000,0.45000
68.85000,3.26250,-4.85031,1.42856,96.41984,1.00000,50.00000,0.20000,1.00000,6.00000,0.10000,0.15000,0.45000
68.90000,3.32717,-4.81979,1.43547,96.52413,1.00000,50.00000,0.20000,1.00000,6.00000,0.10000,0.15000,0.45000
68.95000,3.39285,-4.79036,1.44198,96.60868,1.00000,50.00000,0.20000,1.00000,6.00000,0.10000,0.15000,0.45000
69.00000,3.45903,-4.76181,1.44049,96.68698,1.00000,50.00000,0.20000,1.00000,6.00000,0.10000,0.15000,0.45000
69.05000,3.52389,-4.73053,1.43993,96.76260,1.00000,50.00000,0.20000,1.00000,6.00000,0.10000,0.15000,0.45000
69.10000,3.58762,-4.69707,1.43947,96.83728,1.00000,50.00000,0.20000,1.00000,6.00000,0.10000,0.15000,0.45000
69.15000,3.65012,-4.66140,1.43901,96.91158,1.00000,50.00000,0.20000,1.00000,6.00000,0.10000,0.15000,0.45000
69.20000,3.71125,-4.62349,1.43855,96.98564,1.00000,50.00000,0.20000,1.00000,6.00000,0.10000,0.15000,0.45000
69.25000,3.77088,-4.58329,1.43810,97.05949,1.00000,50.00000,0.20000,1.00000,6.00000,0.10000,0.15000,0.45000
69.30000,3.82887,-4.54080,1.43765,97.13313,1.00000,50.00000,0.20000,1.00000,6.00000,0.10000,0.15000,0.45000
69.35000,3.88509,-4.49603,1.43724,97.20655,1.00000,50.00000,0.20000,1.00000,6.00000,0.10000,0.15000,0.45000
69.40000,3.93941,-4.44900,1.43685,97.27971,1.00000,50.00000,0.20000,1.00000,6.00000,0.10000,0.15000,0.45000
69.45000,3.99170,-4.39976,1.43649,97.35264,1.00000,50.00000,0.20000,1.00000,6.00000,0.10000,0.15000,0.45000
69.50000,4.04186,-4.34837,1.43617,97.42532,1.00000,50.00000,0.20000,1.00000,6.00000,0.10000,0.15000,0.45000
69.55000,4.08979,-4.29491,1.43589,97.49777,1.00000,50.00000,0.20000,1.00000,6.00000,0.10000,0.15000,0.45000
69.60000,4.13538,-4.23946,1.43566,97.56999,1.00000,50.00000,0.20000,1.00000,6.00000,0.10000,0.15000,0.45000
69.65000,4.17856,-4.18214,1.43547,97.64201,1.00000,50.00000,0.20000,1.00000,6.00000,0.10000,0.15000,0.45000
69.70000,4.21927,-4.12303,1.43532,97.71382,1.00000,50.00000,0.20000,1.00000,6.00000,0.10000,0.15000,0.45000
69.75000,4.25744,-4.06227,1.43522,97.78546,1.00000,50.00000,0.20000,1.00000,6.00000,0.10000,0.15000,0.45000
69.80000,4.29304,-3.99997,1.43517,97.85694,1.00000,50.00000,0.20000,1.00000,6.00000,0.10000,0.15000,0.45000
69.85000,4.32605,-3.93626,1.43516,97.92829,1.00000,50.00000,0.20000,1.00000,6.00000,0.10000,0.15000,0.45000
69.90000,4.35645,-3.87126,1.43519,97.99951,1.00000,50.00000,0.20000,1.00000,6.00000,0.10000,0.15000,0.45000
69.95000,4.38423,-3.80510,1.43526,98.07062,1.00000,50.00000,0.20000,1.00000,6.00000,0.10000,0.15000,0.45000
70.00000,4.40940,-3.73791,1.43536,98.14166,1.00000,50.00000,0.20000,1.00000,6.00000,0.10000,0.15000,0.45000
70.05000,4.43200,-3.66979,1.43551,98.21262,1.00000,50.00000,0.20000,1.00000,6.00000,0.10000,0.15000,0.45000
70.10000,4.45203,-3.60087,1.43568,98.28353,1.00000,50.00000,0.20000,1.00000,6.00000,0.10000,0.15000,0.45000
70.15000,4.46955,-3.53125,1.43588,98.35441,1.00000,50.00000,0.20000,1.00000,6.00000,0.10000,0.15000,0.45000
70.20000,4.48460,-3.46105,1.43612,98.42525,1.00000,50.00000,0.20000,1.00000,6.00000,0.10000,0.15000,0.45000
70.25000,4.49722,-3.39036,1.43638,98.49608,1.00000,50.00000,0.20000,1.00000,6.00000,0.10000,0.15000,0.45000
70.30000,4.50748,-3.31928,1.43666,98.56691,1.00000,50.00000,0.20000,1.00000,6.00000,0.10000,0.15000,0.45000
70.35000,4.51545,-3.24788,1.43697,98.63774,1.00000,50.00000,0.20000,1.00000,6.00000,0.10000,0.15000,0.45000
70.40000,4.52117,-3.17626,1.43730,98.70859,1.00000,50.00000,0.20000,1.00000,6.00000,0.10000,0.15000,0.45000
70.45000,4.52474,-3.10448,1.43765,98.77947,1.00000,50.00000,0.20000,1.00000,6.00000,0.10000,0.15000,0.45000
70.50000,4.52620,-3.03260,1.43802,98.85037,1.00000,50.00000,0.20000,1.00000,6.00000,0.10000,0.15000,0.45000
70.55000,4.52565,-2.96070,1.43841,98.92131,1.00000,50.00000,0.20000,1.00000,6.00000,0.10000,0.15000,0.45000
70.60000,4.52315,-2.88881,1.43882,98.99229,1.00000,50.00000,0.20000,1.00000,6.00000,0.10000,0.15000,0.45000
70.65000,4.51878,-2.81700,1.43924,99.06332,1.00000,50.00000,0.20000,1.00000,6.00000,0.10000,0.15000,0.45000
70.70000,4.51261,-2.74529,1.43968,99.13439,1.00000,50.00000,0.20000,1.00000,6.00000,0.10000,0.15000,0.45000
70.75000,4.50472,-2.67373,1.44014,99.20551,1.00000,50.00000,0.20000,1.00000,6.00000,0.10000,0.15000,0.45000
70.80000,4.49518,-2.60235,1.44061,99.27670,1.00000,50.00000,0.20000,1.00000,6.00000,0.10000,0.15000,0.45000
70.85000,4.48406,-2.53117,1.44110,99.34794,1.00000,50.00000,0.20000,1.00000,6.00000,0.10000,0.15000,0.45000
70.90000,4.47144,-2.46022,1.44160,99.41924,1.00000,50.00000,0.20000,1.00000,6.00000,0.10000,0.15000,0.45000
70.95000,4.45738,-2.38951,1.44212,99.49060,1.00000,50.00000,0.20000,1.00000,6.00000,0.10000,0.15000,0.45000
71.00000,4.44196,-2.31906,1.44266,99.56202,1.00000,50.00000,0.20000,1.00000,6.00000,0.10000,0.15000,0.45000
71.05000,4.42524,-2.24888,1.44321,99.63351,1.00000,50.00000,0.20000,1.00000,6.00000,0.10000,0.15000,0.45000
71.10000,4.40729,-2.17898,1.44377,99.70507,1.00000,50.00000,0.20000,1.00000,6.00000,0.10000,0.15000,0.45000
71.15000,4.38817,-2.10935,1.44436,99.77668,1.00000,50.00000,0.20000,1.00000,6.00000,0.10000,0.15000,0.45000
71.20000,4.36794,-2.04001,1.44495,99.84837,1.00000,50.00000,0.20000,1.00000,6.00000,0.10000,0.15000,0.45000
71.25000,4.34667,-1.97095,1.44556,99.92012,1.00000,50.00000,0.20000,1.00000,6.00000,0.10000,0.15000,0.45000
71.30000,4.32441,-1.90217,1.44619,99.99193,1.00000,50.00000,0.20000,1.00000,6.00000,0.10000,0.15000,0.45000
71.35000,4.30122,-1.83366,1.44684,100.06380,1.00000,50.00000,0.20000,1.00000,6.00000,0.10000,0.15000,0.45000
71.40000,4.27715,-1.76542,1.44753,100.13574,1.00000,50.00000,0.20000,1.00000,6.00000,0.10000,0.15000,0.45000
71.45000,4.25224,-1.69745,1.44826,100.20775,1.00000,50.00000,0.20000,1.00000,6.00000,0.10000,0.15000,0.45000
71.50000,4.22655,-1.62973,1.44904,100.27982,1.00000,50.00000,0.20000,1.00000,6.00000,0.10000,0.15000,0.45000
71.55000,4.20012,-1.56225,1.44985,100.35196,1.00000,50.00000,0.20000,1.00000,6.00000,0.10000,0.15000,0.45000
71.60000,4.17302,-1.49499,1.45070,100.42417,1.00000,50.00000,0.20000,1.00000,6.00000,0.10000,0.15000,0.45000
71.65000,4.14529,-1.42794,1.45158,100.49645,1.00000,50.00000,0.20000,1.00000,6.00000,0.10000,0.15000,0.45000
71.70000,4.11699,-1.36108,1.45248,100.56881,1.00000,50.00000,0.20000,1.00000,6.00000,0.10000,0.15000,0.45000
71.75000,4.08818,-1.29439,1.45341,100.64123,1.00000,50.00000,0.20000,1.00000,6.00000,0.10000,0.15000,0.45000
71.80000,4.05891,-1.22785,1.45437,100.71373,1.00000,50.00000,0.20000,1.00000,6.00000,0.10000,0.15000,0.45000
71.85000,4.02924,-1.16144,1.45533,100.78629,1.00000,50.00000,0.20000,1.00000,6.00000,0.10000,0.15000,0.45000
71.90000,3.99921,-1.09513,1.45632,100.85893,1.00000,50.00000,0.20000,1.00000,6.00000,0.10000,0.15000,0.45000
71.95000,3.96887,-1.02891,1.45731,100.93163,1.00000,50.00000,0.20000,1.00000,6.00000,0.10000,0.15000,0.45000
72.00000,3.93828,-0.96275,1.45831,101.00440,1.00000,50.00000,0.20000,1.00000,6.00000,0.10000,0.15000,0.45000
72.05000,3.90748,-0.89663,1.45932,101.07724,1.00000,50.00000,0.20000,1.00000,6.00000,0.10000,0.15000,0.45000
72.10000,3.87652,-0.83053,1.46032,101.15014,1.00000,50.00000,0.20000,1.00000,6.00000,0.10000,0.15000,0.45000
72.15000,3.84544,-0.76443,1.46133,101.22312,1.00000,50.00000,0.20000,1.00000,6.00000,0.10000,0.15000,0.45000
72.20000,3.81429,-0.69831,1.46233,101.29617,1.00000,50.00000,0.20000,1.00000,6.00000,0.10000,0.15000,0.45000
72.25000,3.78311,-0.63215,1.46332,101.36930,1.00000,50.00000,0.20000,1.00000,6.00000,0.10000,0.15000,0.45000
72.30000,3.75193,-0.56593,1.46430,101.44245,1.00000,50.00000,0.20000,1.00000,6.00000,0.10000,0.15000,0.45000
72.35000,3.72081,-0.49963,1.46527,101.51560,1.00000,50.00000,0.20000,1.00000,6.00000,0.10000,0.15000,0.45000
72.40000,3.68977,-0.43324,1.46623,101.58892,1.00000,50.00000,0.20000,1.00000,6.00000,0.10000,0.15000,0.45000
72.45000,3.65885,-0.36674,1.46717,101.66270,1.00000,50.00000,0.20000,1.00000,6.00000,0.10000,0.15000,0.45000
72.50000,3.62810,-0.30012,1.46808,101.73693,1.00000,50.00000,0.20000,1.00000,6.00000,0.10000,0.15000,0.45000
72.55000,3.59754,-0.23335,1.46897,101.81118,1.00000,50.00000,0.20000,1.00000,6.00000,0.10000,0.15000,0.45000
72.60000,3.56721,-0.16643,1.46984,101.88515,1.00000,50.00000,0.20000,1.00000,6.00000,0.10000,0.15000,0.45000
72.65000,3.53716,-0.09934,1.47068,101.95887,1.00000,50.00000,0.20000,1.00000,6.00000,0.10000,0.15000,0.45000
72.70000,3.50742,-0.03207,1.47150,102.03253,1.00000,50.00000,0.20000,1.00000,6.00000,0.10000,0.15000,0.45000
72.75000,3.47802,0.03540,1.47229,102.10620,1.00000,50.00000,0.20000,1.00000,6.00000,0.10000,0.15000,0.45000
72.80000,3.44900,0.10307,1.47306,102.17990,1.00000,50.00000,0.20000,1.00000,6.00000,0.10000,0.15000,0.45000
72.85000,3.42041,0.17097,1.47381,102.25365,1.00000,50.00000,0.20000,1.00000,6.00000,0.10000,0.15000,0.45000
72.90000,3.39228,0.23910,1.47453,102.32745,1.00000,50.00000,0.20000,1.00000,6.00000,0.10000,0.15000,0.45000
72.95000,3.36465,0.30747,1.47523,102.40129,1.00000,50.00000,0.20000,1.00000,6.00000,0.10000,0.15000,0.45000
73.00000,3.33755,0.37609,1.47590,102.47517,1.00000,50.00000,0.20000,1.00000,6.00000,0.10000,0.15000,0.45000
73.05000,3.31103,0.44498,1.47655,102.54909,1.00000,50.00000,0.20000,1.00000,6.00000,0.10000,0.15000,0.45000
73.10000,3.28513,0.51413,1.47718,102.62306,1.00000,50.00000,0.20000,1.00000,6.00000,0.10000,0.15000,0.45000
73.15000,3.25988,0.58355,1.47779,102.69706,1.00000,50.00000,0.20000,1.00000,6.00000,0.10000,0.15000,0.45000
73.20000,3.23532,0.65326,1.47837,102.77111,1.00000,50.00000,0.20000,1.00000,6.00000,0.10000,0.15000,0.45000
73.25000,3.21150,0.72325,1.47893,102.84520,1.00000,50.00000,0.20000,1.00000,6.00000,0.10000,0.15000,0.45000
73.30000,3.18845,0.79352,1.47947,102.91932,1.00000,50.00000,0.20000,1.00000,6.00000,0.10000,0.15000,0.45000
73.35000,3.16621,0.86409,1.47999,102.99347,1.00000,50.00000,0.20000,1.00000,6.00000,0.10000,0.15000,0.45000
73.40000,3.14483,0.93494,1.48048,103.06766,1.00000,50.00000,0.20000,1.00000,6.00000,0.10000,0.15000,0.45000
73.45000,3.12434,1.00609,1.48095,103.14188,1.00000,50.00000,0.20000,1.00000,6.00000,0.10000,0.15000,0.45000
73.50000,3.10477,1.07751,1.48141,103.21612,1.00000,50.00000,0.20000,1.00000,6.00000,0.10000,0.15000,0.45000
73.55000,3.08618,1.14922,1.48183,103.29040,1.00000,50.00000,0.20000,1.00000,6.00000,0.10000,0.15000,0.45000
73.60000,3.06859,1.22121,1.48224,103.36470,1.00000,50.00000,0.20000,1.00000,6.00000,0.10000,0.15000,0.45000
73.65000,3.05206,1.29346,1.48263,103.43903,1.00000,50.00000,0.20000,1.00000,6.00000,0.10000,0.15000,0.45000
73.70000,3.03661,1.36597,1.48299,103.51338,1.00000,50.00000,0.20000,1.00000,6.00000,0.10000,0.15000,0.45000
73.75000,3.02229,1.43874,1.48333,103.58775,1.00000,50.00000,0.20000,1.00000,6.00000,0.10000,0.15000,0.45000
73.80000,3.00913,1.51173,1.48365,103.66214,1.00000,50.00000,0.20000,1.00000,6.00000,0.10000,0.15000,0.45000
73.85000,2.99718,1.58495,1.48395,103.73655,1.00000,50.00000,0.20000,1.00000,6.00000,0.10000,0.15000,0.45000
73.90000,2.98646,1.65838,1.48423,103.81097,1.00000,50.00000,0.20000,1.00000,6.00000,0.10000,0.15000,0.45000
73.95000,2.97703,1.73200,1.48449,103.88541,1.00000,50.00000,0.20000,1.00000,6.00000,0.10000,0.15000,0.45000
74.00000,2.96892,1.80578,1.48472,103.95986,1.00000,50.00000,0.20000,1.00000,6.00000,0.10000,0.15000,0.45000
74.05000,2.96215,1.87971,1.48494,104.03433,1.00000,50.00000,0.20000,1.00000,6.00000,0.10000,0.15000,0.45000
74.10000,2.95679,1.95377,1.48513,104.10881,1.00000,50.00000,0.20000,1.00000,6.00000,0.10000,0.15000,0.45000
74.15000,2.95285,2.02792,1.48531,104.18330,1.00000,50.00000,0.20000,1.00000,6.00000,0.10000,0.15000,0.45000
74.20000,2.95038,2.10215,1.48546,104.25780,1.00000,50.00000,0.20000,1.00000,6.00000,0.10000,0.15000,0.45000
74.25000,2.94941,2.17642,1.48559,104.33230,1.00000,50.00000,0.20000,1.00000,6.00000,0.10000,0.15000,0.45000
74.30000,2.94998,2.25070,1.48570,104.40682,1.00000,50.00000,0.20000,1.00000,6.00000,0.10000,0.15000,0.45000
74.35000,2.95214,2.32495,1.48579,104.48133,1.00000,50.00000,0.20000,1.00000,6.00000,0.10000,0.15000,0.45000
74.40000,2.95591,2.39915,1.48586,104.55586,1.00000,50.00000,0.20000,1.00000,6.00000,0.10000,0.15000,0.45000
74.45000,2.96132,2.47324,1.48590,104.63039,1.00000,50.00000,0.20000,1.00000,6.00000,0.10000,0.15000,0.45000
74.50000,2.96843,2.54720,1.48593,104.70492,1.00000,50.00000,0.20000,1.00000,6.00000,0.10000,0.15000,0.45000
74.55000,2.97726,2.62097,1.48594,104.77945,1.00000,50.00000,0.20000,1.00000,6.00000,0.10000,0.15000,0.45000
74.60000,2.98784,2.69450,1.48592,104.85399,1.00000,50.00000,0.20000,1.00000,6.00000,0.10000,0.15000,0.45000
74.65000,3.00022,2.76776,1.48588,104.92853,1.00000,50.00000,0.20000,1.00000,6.00000,0.10000,0.15000,0.45000
74.70000,3.01443,2.84068,1.48583,105.00308,1.00000,50.00000,0.20000,1.00000,6.00000,0.10000,0.15000,0.45000
74.75000,3.03049,2.91321,1.48575,105.07762,1.00000,50.00000,0.20000,1.00000,6.00000,0.10000,0.15000,0.45000
74.80000,3.04845,2.98529,1.48565,105.15217,1.00000,50.00000,0.20000,1.00000,6.00000,0.10000,0.15000,0.45000
74.85000,3.06833,3.05686,1.48554,105.22671,1.00000,50.00000,0.20000,1.00000,6.00000,0.10000,0.15000,0.45000
74.90000,3.09016,3.12785,1.48540,105.30125,1.00000,50.00000,0.20000,1.00000,6.00000,0.10000,0.15000,0.45000
74.95000,3.11397,3.19819,1.48524,105.37579,1.00000,50.00000,0.20000,1.00000,6.00000,0.10000,0.15000,0.45000
75.00000,3.13979,3.26781,1.48507,105.45032,1.00000,50.00000,0.20000,1.00000,6.00000,0.10000,0.15000,0.45000
75.05000,3.16764,3.33664,1.48487,105.52485,1.00000,50.00000,0.20000,1.00000,6.00000,0.10000,0.15000,0.45000
75.10000,3.19753,3.40459,1.48466,105.59938,1.00000,50.00000,0.20000,1.00000,6.00000,0.10000,0.15000,0.45000
75.15000,3.22949,3.47158,1.48442,105.67390,1.00000,50.00000,0.20000,1.00000,6.00000,0.10000,0.15000,0.45000
75.20000,3.26353,3.53753,1.48417,105.74841,1.00000,50.00000,0.20000,1.00000,6.00000,0.10000,0.15000,0.45000
75.25000,3.29966,3.60233,1.48391,105.82291,1.00000,50.00000,0.20000,1.00000,6.00000,0.10000,0.15000,0.45000
75.30000,3.33789,3.66591,1.48362,105.89740,1.00000,50.00000,0.20000,1.00000,6.00000,0.10000,0.15000,0.45000
75.35000,3.37821,3.72816,1.48332,105.97188,1.00000,50.00000,0.20000,1.00000,6.00000,0.10000,0.15000,0.45000
75.40000,3.42063,3.78899,1.48301,106.04634,1.00000,50.00000,0.20000,1.00000,6.00000,0.10000,0.15000,0.45000
75.45000,3.46513,3.84829,1.48268,106.12079,1.00000,50.00000,0.20000,1.00000,6.00000,0.10000,0.15000,0.45000
75.50000,3.51169,3.90596,1.48233,106.19523,1.00000,50.00000,0.20000,1.00000,6.00000,0.10000,0.15000,0.45000
75.55000,3.56030,3.96190,1.48198,106.26964,1.00000,50.00000,0.20000,1.00000,6.00000,0.10000,0.15000,0.45000
75.60000,3.61092,4.01599,1.48161,106.34402,1.00000,50.00000,0.20000,1.00000,6.00000,0.10000,0.15000,0.45000
75.65000,3.66352,4.06814,1.48124,106.41838,1.00000,50.00000,0.20000,1.00000,6.00000,0.10000,0.15000,0.45000
75.70000,3.71805,4.11823,1.48085,106.49271,1.00000,50.00000,0.20000,1.00000,6.00000,0.10000,0.15000,0.45000
75.75000,3.77446,4.16617,1.48046,106.56701,1.00000,50.00000,0.20000,1.00000,6.00000,0.10000,0.15000,0.45000
75.80000,3.83270,4.21184,1.48007,106.64127,1.00000,50.00000,0.20000,1.00000,6.00000,0.10000,0.15000,0.45000
75.85000,3.89269,4.25515,1.47967,106.71550,1.00000,50.00000,0.20000,1.00000,6.00000,0.10000,0.15000,0.45000
75.90000,3.95436,4.29599,1.47926,106.78969,1.00000,50.00000,0.20000,1.00000,6.00000,0.10000,0.15000,0.45000
75.95000,4.01763,4.33426,1.47886,106.86384,1.00000,50.00000,0.20000,1.00000,6.00000,0.10000,0.15000,0.45000
76.00000,4.08241,4.36989,1.47846,106.93795,1.00000,50.00000,0.20000,1.00000,6.00000,0.10000,0.15000,0.45000
76.05000,4.14860,4.40278,1.47806,107.01201,1.00000,50.00000,0.20000,1.00000,6.00000,0.10000,0.15000,0.45000
76.10000,4.21609,4.43284,1.47766,107.08603,1.00000,50.00000,0.20000,1.00000,6.00000,0.10000,0.15000,0.45000
76.15000,4.28478,4.46001,1.47727,107.16000,1.00000,50.00000,0.20000,1.00000,6.00000,0.10000,0.15000,0.45000
76.20000,4.35455,4.48422,1.47689,107.23392,1.00000,50.00000,0.20000,1.00000,6.00000,0.10000,0.15000,0.45000
76.25000,4.42528,4.50540,1.47652,107.30778,1.00000,50.00000,0.20000,1.00000,6.00000,0.10000,0.15000,0.45000
76.30000,4.49683,4.52351,1.47616,107.38160,1.00000,50.00000,0.20000,1.00000,6.00000,0.10000,0.15000,0.45000
76.35000,4.56909,4.53851,1.47581,107.45536,1.00000,50.00000,0.20000,1.00000,6.00000,0.10000,0.15000,0.45000
76.40000,4.64191,4.55035,1.47547,107.52907,1.00000,50.00000,0.20000,1.00000,6.00000,0.10000,0.15000,0.45000
76.45000,4.71515,4.55902,1.47515,107.60273,1.00000,50.00000,0.20000,1.00000,6.00000,0.10000,0.15000,0.45000
76.50000,4.78869,4.56450,1.47485,107.67633,1.00000,50.00000,0.20000,1.00000,6.00000,0.10000,0.15000,0.45000
76.55000,4.86239,4.56678,1.47456,107.74988,1.00000,50.00000,0.20000,1.00000,6.00000,0.10000,0.15000,0.45000
76.60000,4.93610,4.56587,1.47430,107.82338,1.00000,50.00000,0.20000,1.00000,6.00000,0.10000,0.15000,0.45000
76.65000,5.00969,4.56178,1.47405,107.89682,1.00000,50.00000,0.20000,1.00000,6.00000,0.10000,0.15000,0.45000
76.70000,5.08302,4.55454,1.47383,107.97021,1.00000,50.00000,0.20000,1.00000,6.00000,0.10000,0.15000,0.45000
76.75000,5.15554,4.54344,1.45724,108.37021,1.00000,50.00000,0.20000,1.00000,6.00000,0.10000,0.15000,0.45000
76.80000,5.22445,4.52321,1.42157,108.47203,1.00000,50.00000,0.20000,1.00000,6.00000,0.10000,0.15000,0.45000
76.85000,5.29030,4.49643,1.42749,108.47203,1.00000,50.00000,0.20000,1.00000,6.00000,0.10000,0.15000,0.45000
76.90000,5.35695,4.47014,1.43684,108.47203,1.00000,50.00000,0.20000,1.00000,6.00000,0.10000,0.15000,0.45000
76.95000,5.42437,4.44536,1.43614,108.47203,1.00000,50.00000,0.20000,1.00000,6.00000,0.10000,0.15000,0.45000
77.00000,5.49085,4.41822,1.43625,108.47203,1.00000,50.00000,0.20000,1.00000,6.00000,0.10000,0.15000,0.45000
77.05000,5.55660,4.38934,1.43623,108.49904,1.00000,50.00000,0.20000,1.00000,6.00000,0.10000,0.15000,0.45000
77.10000,5.62151,4.35863,1.43616,108.55581,1.00000,50.00000,0.20000,1.00000,6.00000,0.10000,0.15000,0.45000
77.15000,5.68550,4.32605,1.43607,108.62292,1.00000,50.00000,0.20000,1.00000,6.00000,0.10000,0.15000,0.45000
77.20000,5.74848,4.29157,1.43599,108.69359,1.00000,50.00000,0.20000,1.00000,6.00000,0.10000,0.15000,0.45000
77.25000,5.81037,4.25518,1.43592,108.76544,1.00000,50.00000,0.20000,1.00000,6.00000,0.10000,0.15000,0.45000
77.30000,5.87109,4.21687,1.43587,108.83763,1.00000,50.00000,0.20000,1.00000,6.00000,0.10000,0.15000,0.45000
77.35000,5.93056,4.17666,1.43583,108.90987,1.00000,50.00000,0.20000,1.00000,6.00000,0.10000,0.15000,0.45000
77.40000,5.98871,4.13457,1.43582,108.98206,1.00000,50.00000,0.20000,1.00000,6.00000,0.10000,0.15000,0.45000
77.45000,6.04547,4.09062,1.43583,109.05415,1.00000,50.00000,0.20000,1.00000,6.00000,0.10000,0.15000,0.45000
77.50000,6.10078,4.04485,1.43587,109.12614,1.00000,50.00000,0.20000,1.00000,6.00000,0.10000,0.15000,0.45000
77.55000,6.15458,3.99731,1.43593,109.19802,1.00000,50.00000,0.20000,1.00000,6.00000,0.10000,0.15000,0.45000
77.60000,6.20681,3.94805,1.43602,109.26981,1.00000,50.00000,0.20000,1.00000,6.00000,0.10000,0.15000,0.45000
77.65000,6.25742,3.89713,1.43614,109.34151,1.00000,50.00000,0.20000,1.00000,6.00000,0.10000,0.15000,0.45000
77.70000,6.30638,3.84460,1.43628,109.41313,1.00000,50.00000,0.20000,1.00000,6.00000,0.10000,0.15000,0.45000
77.75000,6.35366,3.79054,1.43645,109.48467,1.00000,50.00000,0.20000,1.00000,6.00000,0.10000,0.15000,0.45000
77.80000,6.39922,3.73502,1.43665,109.55615,1.00000,50.00000,0.20000,1.00000,6.00000,0.10000,0.15000,0.45000
77.85000,6.44305,3.67810,1.43688,109.62758,1.00000,50.00000,0.20000,1.00000,6.00000,0.10000,0.15000,0.45000
77.90000,6.48513,3.61987,1.43713,109.69897,1.00000,50.00000,0.20000,1.00000,6.00000,0.10000,0.15000,0.45000
77.95000,6.52546,3.56039,1.43741,109.77032,1.00000,50.00000,0.20000,1.00000,6.00000,0.10000,0.15000,0.45000
78.00000,6.56404,3.49975,1.43771,109.84165,1.00000,50.00000,0.20000,1.00000,6.00000,0.10000,0.15000,0.45000
78.05000,6.60087,3.43801,1.43803,109.91295,1.00000,50.00000,0.20000,1.00000,6.00000,0.10000,0.15000,0.45000
78.10000,6.63597,3.37525,1.43838,109.98425,1.00000,50.00000,0.20000,1.00000,6.00000,0.10000,0.15000,0.45000
78.15000,6.66935,3.31153,1.43875,110.05554,1.00000,50.00000,0.20000,1.00000,6.00000,0.10000,0.15000,0.45000
78.20000,6.70103,3.24694,1.43914,110.12684,1.00000,50.00000,0.20000,1.00000,6.00000,0.10000,0.15000,0.45000
78.25000,6.73104,3.18153,1.43955,110.19814,1.00000,50.00000,0.20000,1.00000,6.00000,0.10000,0.15000,0.45000
78.30000,6.75940,3.11537,1.43998,110.26946,1.00000,50.00000,0.20000,1.00000,6.00000,0.10000,0.15000,0.45000
78.35000,6.78616,3.04852,1.44043,110.34080,1.00000,50.00000,0.20000,1.00000,6.00000,0.10000,0.15000,0.45000
78.40000,6.81135,2.98103,1.44090,110.41217,1.00000,50.00000,0.20000,1.00000,6.00000,0.10000,0.15000,0.45000
78.45000,6.83500,2.91297,1.44138,110.48357,1.00000,50.00000,0.20000,1.00000,6.00000,0.10000,0.15000,0.45000
78.50000,6.85716,2.84438,1.44189,110.55500,1.00000,50.00000,0.20000,1.00000,6.00000,0.10000,0.15000,0.45000
78.55000,6.87788,2.77532,1.44241,110.62647,1.00000,50.00000,0.20000,1.00000,6.00000,0.10000,0.15000,0.45000
78.60000,6.89719,2.70582,1.44295,110.69799,1.00000,50.00000,0.20000,1.00000,6.00000,0.10000,0.15000,0.45000
78.65000,6.91515,2.63593,1.44351,110.76954,1.00000,50.00000,0.20000,1.00000,6.00000,0.10000,0.15000,0.45000
78.70000,6.93181,2.56569,1.44408,110.84115,1.00000,50.00000,0.20000,1.00000,6.00000,0.10000,0.15000,0.45000
78.75000,6.94722,2.49514,1.44467,110.91281,1.00000,50.00000,0.20000,1.00000,6.00000,0.10000,0.15000,0.45000
78.80000,6.96141,2.42430,1.44529,110.98451,1.00000,50.00000,0.20000,1.00000,6.00000,0.10000,0.15000,0.45000
78.85000,6.97442,2.35320,1.44596,111.05628,1.00000,50.00000,0.20000,1.00000,6.00000,0.10000,0.15000,0.45000
78.90000,6.98629,2.28186,1.44667,111.12810,1.00000,50.00000,0.20000,1.00000,6.00000,0.10000,0.15000,0.45000
78.95000,6.99710,2.21032,1.44742,111.19998,1.00000,50.00000,0.20000,1.00000,6.00000,0.10000,0.15000,0.45000
79.00000,7.00689,2.13860,1.44821,111.27194,1.00000,50.00000,0.20000,1.00000,6.00000,0.10000,0.15000,0.45000
79.05000,7.01572,2.06671,1.44904,111.34396,1.00000,50.00000,0.20000,1.00000,6.00000,0.10000,0.15000,0.45000
79.10000,7.02367,1.99467,1.44989,111.41605,1.00000,50.00000,0.20000,1.00000,6.00000,0.10000,0.15000,0.45000
79.15000,7.03079,1.92251,1.45076,111.48821,1.00000,50.00000,0.20000,1.00000,6.00000,0.10000,0.15000,0.45000
79.20000,7.03716,1.85023,1.45166,111.56045,1.00000,50.00000,0.20000,1.00000,6.00000,0.10000,0.15000,0.45000
79.25000,7.04285,1.77785,1.45257,111.63276,1.00000,50.00000,0.20000,1.00000,6.00000,0.10000,0.15000,0.45000
79.30000,7.04792,1.70537,1.45350,111.70514,1.00000,50.00000,0.20000,1.00000,6.00000,0.10000,0.15000,0.45000
79.35000,7.05245,1.63282,1.45443,111.77760,1.00000,50.00000,0.20000,1.00000,6.00000,0.10000,0.15000,0.45000
79.40000,7.05650,1.56018,1.45538,111.85014,1.00000,50.00000,0.20000,1.00000,6.00000,0.10000,0.15000,0.45000
79.45000,7.06013,1.48748,1.45632,111.92274,1.00000,50.00000,0.20000,1.00000,6.00000,0.10000,0.15000,0.45000
79.50000,7.06343,1.41472,1.45727,111.99541,1.00000,50.00000,0.20000,1.00000,6.00000,0.10000,0.15000,0.45000
79.55000,7.06645,1.34189,1.45821,112.06816,1.00000,50.00000,0.20000,1.00000,6.00000,0.10000,0.15000,0.45000
79.60000,7.06926,1.26901,1.45915,112.14099,1.00000,50.00000,0.20000,1.00000,6.00000,0.10000,0.15000,0.45000
79.65000,7.07191,1.19608,1.46007,112.21391,1.00000,50.00000,0.20000,1.00000,6.00000,0.10000,0.15000,0.45000
79.70000,7.07448,1.12310,1.46099,112.28686,1.00000,50.00000,0.20000,1.00000,6.00000,0.10000,0.15000,0.45000
79.75000,7.07702,1.05007,1.46189,112.35981,1.00000,50.00000,0.20000,1.00000,6.00000,0.10000,0.15000,0.45000
79.80000,7.07958,0.97700,1.46278,112.43290,1.00000,50.00000,0.20000,1.00000,6.00000,0.10000,0.15000,0.45000
79.85000,7.08223,0.90389,1.46364,112.50642,1.00000,50.00000,0.20000,1.00000,6.00000,0.10000,0.15000,0.45000
79.90000,7.08501,0.83074,1.46448,112.58040,1.00000,50.00000,0.20000,1.00000,6.00000,0.10000,0.15000,0.45000
79.95000,7.08799,0.75755,1.46530,112.65449,1.00000,50.00000,0.20000,1.00000,6.00000,0.10000,0.15000,0.45000
80.00000,7.09122,0.68434,1.46610,112.72832,1.00000,50.00000,0.20000,1.00000,6.00000,0.10000,0.15000,0.45000
80.05000,7.09475,0.61110,1.46687,112.80189,1.00000,50.00000,0.20000,1.00000,6.00000,0.10000,0.15000,0.45000
80.10000,7.09864,0.53784,1.46761,112.87538,1.00000,50.00000,0.20000,1.00000,6.00000,0.10000,0.15000,0.45000
80.15000,7.10293,0.46457,1.46833,112.94889,1.00000,50.00000,0.20000,1.00000,6.00000,0.10000,0.15000,0.45000
80.20000,7.10770,0.39129,1.46903,113.02243,1.00000,50.00000,0.20000,1.00000,6.00000,0.10000,0.15000,0.45000
80.25000,7.11298,0.31801,1.46970,113.09603,1.00000,50.00000,0.20000,1.00000,6.00000,0.10000,0.15000,0.45000
80.30000,7.11883,0.24474,1.47036,113.16966,1.00000,50.00000,0.20000,1.00000,6.00000,0.10000,0.15000,0.45000
80.35000,7.12531,0.17149,1.47099,113.24335,1.00000,50.00000,0.20000,1.00000,6.00000,0.10000,0.15000,0.45000
80.40000,7.13247,0.09828,1.47160,113.31708,1.00000,50.00000,0.20000,1.00000,6.00000,0.10000,0.15000,0.45000
80.45000,7.14035,0.02511,1.47219,113.39086,1.00000,50.00000,0.20000,1.00000,6.00000,0.10000,0.15000,0.45000
80.50000,7.14902,-0.04800,1.47276,113.46468,1.00000,50.00000,0.20000,1.00000,6.00000,0.10000,0.15000,0.45000
80.55000,7.15852,-0.12104,1.47331,113.53855,1.00000,50.00000,0.20000,1.00000,6.00000,0.10000,0.15000,0.45000
80.60000,7.16890,-0.19398,1.47384,113.61245,1.00000,50.00000,0.20000,1.00000,6.00000,0.10000,0.15000,0.45000
80.65000,7.18021,-0.26681,1.47435,113.68639,1.00000,50.00000,0.20000,1.00000,6.00000,0.10000,0.15000,0.45000
80.70000,7.19249,-0.33951,1.47485,113.76037,1.00000,50.00000,0.20000,1.00000,6.00000,0.10000,0.15000,0.45000
80.75000,7.20580,-0.41206,1.47533,113.83438,1.00000,50.00000,0.20000,1.00000,6.00000,0.10000,0.15000,0.45000
80.80000,7.22017,-0.48442,1.47579,113.90842,1.00000,50.00000,0.20000,1.00000,6.00000,0.10000,0.15000,0.45000
80.85000,7.23565,-0.55658,1.47624,113.98249,1.00000,50.00000,0.20000,1.00000,6.00000,0.10000,0.15000,0.45000
80.90000,7.25228,-0.62850,1.47667,114.05659,1.00000,50.00000,0.20000,1.00000,6.00000,0.10000,0.15000,0.45000
80.95000,7.27009,-0.70017,1.47709,114.13071,1.00000,50.00000,0.20000,1.00000,6.00000,0.10000,0.15000,0.45000
81.00000,7.28913,-0.77154,1.47750,114.20485,1.00000,50.00000,0.20000,1.00000,6.00000,0.10000,0.15000,0.45000
81.05000,7.30942,-0.84258,1.47790,114.27901,1.00000,50.00000,0.20000,1.00000,6.00000,0.10000,0.15000,0.45000
81.10000,7.33100,-0.91326,1.47828,114.35319,1.00000,50.00000,0.20000,1.00000,6.00000,0.10000,0.15000,0.45000
81.15000,7.35389,-0.98355,1.47866,114.42738,1.00000,50.00000,0.20000,1.00000,6.00000,0.10000,0.15000,0.45000
81.20000,7.37811,-1.05341,1.47902,114.50158,1.00000,50.00000,0.20000,1.00000,6.00000,0.10000,0.15000,0.45000
81.25000,7.40371,-1.12280,1.47938,114.57579,1.00000,50.00000,0.20000,1.00000,6.00000,0.10000,0.15000,0.45000
81.30000,7.43069,-1.19168,1.47972,114.65001,1.00000,50.00000,0.20000,1.00000,6.00000,0.10000,0.15000,0.45000
81.35000,7.45907,-1.26002,1.48006,114.72423,1.00000,50.00000,0.20000,1.00000,6.00000,0.10000,0.15000,0.45000
81.40000,7.48887,-1.32776,1.48039,114.79846,1.00000,50.00000,0.20000,1.00000,6.00000,0.10000,0.15000,0.45000
81.45000,7.52010,-1.39488,1.48072,114.87269,1.00000,50.00000,0.20000,1.00000,6.00000,0.10000,0.15000,0.45000
81.50000,7.55277,-1.46132,1.48104,114.94692,1.00000,50.00000,0.20000,1.00000,6.00000,0.10000,0.15000,0.45000
81.55000,7.58689,-1.52705,1.48135,115.02116,1.00000,50.00000,0.20000,1.00000,6.00000,0.10000,0.15000,0.45000
81.60000,7.62246,-1.59203,1.48166,115.09540,1.00000,50.00000,0.20000,1.00000,6.00000,0.10000,0.15000,0.45000
81.65000,7.65949,-1.65620,1.48197,115.16964,1.00000,50.00000,0.20000,1.00000,6.00000,0.10000,0.15000,0.45000
81.70000,7.69797,-1.71953,1.48227,115.24388,1.00000,50.00000,0.20000,1.00000,6.00000,0.10000,0.15000,0.45000
81.75000,7.73790,-1.78198,1.48257,115.31812,1.00000,50.00000,0.20000,1.00000,6.00000,0.10000,0.15000,0.45000
81.80000,7.77927,-1.84349,1.48287,115.39236,1.00000,50.00000,0.20000,1.00000,6.00000,0.10000,0.15000,0.45000
81.85000,7.82208,-1.90403,1.48317,115.46660,1.00000,50.00000,0.20000,1.00000,6.00000,0.10000,0.15000,0.45000
81.90000,7.86632,-1.96356,1.48347,115.54084,1.00000,50.00000,0.20000,1.00000,6.00000,0.10000,0.15000,0.45000
81.95000,7.91196,-2.02204,1.48377,115.61508,1.00000,50.00000,0.20000,1.00000,6.00000,0.10000,0.15000,0.45000
82.00000,7.95900,-2.07941,1.48407,115.68933,1.00000,50.00000,0.20000,1.00000,6.00000,0.10000,0.15000,0.45000
82.05000,8.00741,-2.13566,1.48437,115.76356,1.00000,50.00000,0.20000,1.00000,6.00000,0.10000,0.15000,0.45000
82.10000,8.05718,-2.19073,1.48467,115.83779,1.00000,50.00000,0.20000,1.00000,6.00000,0.10000,0.15000,0.45000
82.15000,8.10828,-2.24458,1.48498,115.91200,1.00000,50.00000,0.20000,1.00000,6.00000,0.10000,0.15000,0.45000
82.20000,8.16068,-2.29719,1.48529,115.98622,1.00000,50.00000,0.20000,1.00000,6.00000,0.10000,0.15000,0.45000
82.25000,8.21436,-2.34852,1.48561,116.06046,1.00000,50.00000,0.20000,1.00000,6.00000,0.10000,0.15000,0.45000
82.30000,8.26929,-2.39853,1.48593,116.13470,1.00000,50.00000,0.20000,1.00000,6.00000,0.10000,0.15000,0.45000
82.35000,8.32543,-2.44720,1.48625,116.20893,1.00000,50.00000,0.20000,1.00000,6.00000,0.10000,0.15000,0.45000
82.40000,8.38276,-2.49450,1.48659,116.28316,1.00000,50.00000,0.20000,1.00000,6.00000,0.10000,0.15000,0.45000
82.45000,8.44123,-2.54040,1.48692,116.35738,1.00000,50.00000,0.20000,1.00000,6.00000,0.10000,0.15000,0.45000
82.50000,8.50082,-2.58487,1.48727,116.43161,1.00000,50.00000,0.20000,1.00000,6.00000,0.10000,0.15000,0.45000
82.55000,8.56148,-2.62789,1.48762,116.50585,1.00000,50.00000,0.20000,1.00000,6.00000,0.10000,0.15000,0.45000
82.60000,8.62318,-2.66945,1.48799,116.58008,1.00000,50.00000,0.20000,1.00000,6.00000,0.10000,0.15000,0.45000
82.65000,8.68588,-2.70952,1.48836,116.65432,1.00000,50.00000,0.20000,1.00000,6.00000,0.10000,0.15000,0.45000
82.70000,8.74953,-2.74809,1.48874,116.72856,1.00000,50.00000,0.20000,1.00000,6.00000,0.10000,0.15000,0.45000
82.75000,8.81409,-2.78514,1.48913,116.80281,1.00000,50.00000,0.20000,1.00000,6.00000,0.10000,0.15000,0.45000
82.80000,8.87954,-2.82067,1.48953,116.87706,1.00000,50.00000,0.20000,1.00000,6.00000,0.10000,0.15000,0.45000
82.85000,8.94581,-2.85467,1.48993,116.95131,1.00000,50.00000,0.20000,1.00000,6.00000,0.10000,0.15000,0.45000
82.90000,9.01287,-2.88713,1.49035,117.02558,1.00000,50.00000,0.20000,1.00000,6.00000,0.10000,0.15000,0.45000
82.95000,9.08068,-2.91805,1.49078,117.09985,1.00000,50.00000,0.20000,1.00000,6.00000,0.10000,0.15000,0.45000
83.00000,9.14920,-2.94742,1.49123,117.17414,1.00000,50.00000,0.20000,1.00000,6.00000,0.10000,0.15000,0.45000
83.05000,9.21838,-2.97526,1.49168,117.24843,1.00000,50.00000,0.20000,1.00000,6.00000,0.10000,0.15000,0.45000
83.10000,9.28819,-3.00155,1.49214,117.32275,1.00000,50.00000,0.20000,1.00000,6.00000,0.10000,0.15000,0.45000
83.15000,9.35858,-3.02631,1.49262,117.39708,1.00000,50.00000,0.20000,1.00000,6.00000,0.10000,0.15000,0.45000
83.20000,9.42951,-3.04955,1.49310,117.47142,1.00000,50.00000,0.20000,1.00000,6.00000,0.10000,0.15000,0.45000
83.25000,9.50095,-3.07127,1.49360,117.54579,1.00000,50.00000,0.20000,1.00000,6.00000,0.10000,0.15000,0.45000
83.30000,9.57285,-3.09149,1.49411,117.62017,1.00000,50.00000,0.20000,1.00000,6.00000,0.10000,0.15000,0.45000
83.35000,9.64518,-3.11021,1.49463,117.69458,1.00000,50.00000,0.20000,1.00000,6.00000,0.10000,0.15000,0.45000
83.40000,9.71791,-3.12745,1.49516,117.76902,1.00000,50.00000,0.20000,1.00000,6.00000,0.10000,0.15000,0.45000
83.45000,9.79099,-3.14324,1.49571,117.84347,1.00000,50.00000,0.20000,1.00000,6.00000,0.10000,0.15000,0.45000
83.50000,9.86441,-3.15757,1.49626,117.91796,1.00000,50.00000,0.20000,1.00000,6.00000,0.10000,0.15000,0.45000
83.55000,9.93811,-3.17048,1.49683,117.99247,1.00000,50.00000,0.20000,1.00000,6.00000,0.10000,0.15000,0.45000
83.60000,10.01208,-3.18197,1.49740,118.06701,1.00000,50.00000,0.20000,1.00000,6.00000,0.10000,0.15000,0.45000
83.65000,10.08627,-3.19208,1.49799,118.14158,1.00000,50.00000,0.20000,1.00000,6.00000,0.10000,0.15000,0.45000
83.70000,10.16068,-3.20082,1.49860,118.21618,1.00000,50.00000,0.20000,1.00000,6.00000,0.10000,0.15000,0.45000
83.75000,10.23526,-3.20821,1.49921,118.29081,1.00000,50.00000,0.20000,1.00000,6.00000,0.10000,0.15000,0.45000
83.80000,10.30998,-3.21428,1.49983,118.36548,1.00000,50.00000,0.20000,1.00000,6.00000,0.10000,0.15000,0.45000
83.85000,10.38484,-3.21905,1.50047,118.44018,1.00000,50.00000,0.20000,1.00000,6.00000,0.10000,0.15000,0.45000
83.90000,10.45980,-3.22253,1.50112,118.51492,1.00000,50.00000,0.20000,1.00000,6.00000,0.10000,0.15000,0.45000
83.95000,10.53484,-3.22476,1.50178,118.58969,1.00000,50.00000,0.20000,1.00000,6.00000,0.10000,0.15000,0.45000
84.00000,10.60993,-3.22577,1.50245,118.66450,1.00000,50.00000,0.20000,1.00000,6.00000,0.10000,0.15000,0.45000
84.05000,10.68507,-3.22556,1.50314,118.73934,1.00000,50.00000,0.20000,1.00000,6.00000,0.10000,0.15000,0.45000
84.10000,10.76023,-3.22418,1.50383,118.81423,1.00000,50.00000,0.20000,1.00000,6.00000,0.10000,0.15000,0.45000
84.15000,10.83540,-3.22165,1.50454,118.88915,1.00000,50.00000,0.20000,1.00000,6.00000,0.10000,0.15000,0.45000
84.20000,10.90905,-3.21726,1.44141,118.88915,1.00000,50.00000,0.20000,1.00000,6.00000,0.10000,0.15000,0.45000
84.25000,10.97797,-3.20522,1.35774,118.88915,1.00000,50.00000,0.20000,1.00000,6.00000,0.10000,0.15000,0.45000
84.30000,11.04251,-3.18505,1.35760,119.05122,1.00000,50.00000,0.20000,1.00000,6.00000,0.10000,0.15000,0.45000
84.35000,11.10777,-3.16541,1.36701,119.14816,1.00000,50.00000,0.20000,1.00000,6.00000,0.10000,0.15000,0.45000
84.40000,11.17436,-3.14986,1.36824,119.22700,1.00000,50.00000,0.20000,1.00000,6.00000,0.10000,0.15000,0.45000
84.45000,11.24141,-3.13618,1.36900,119.29933,1.00000,50.00000,0.20000,1.00000,6.00000,0.10000,0.15000,0.45000
84.50000,11.30867,-3.12334,1.36997,119.36934,1.00000,50.00000,0.20000,1.00000,6.00000,0.10000,0.15000,0.45000
84.55000,11.37607,-3.11099,1.37102,119.43864,1.00000,50.00000,0.20000,1.00000,6.00000,0.10000,0.15000,0.45000
84.60000,11.44358,-3.09895,1.37211,119.50776,1.00000,50.00000,0.20000,1.00000,6.00000,0.10000,0.15000,0.45000
84.65000,11.51119,-3.08712,1.37322,119.57685,1.00000,50.00000,0.20000,1.00000,6.00000,0.10000,0.15000,0.45000
84.70000,11.57887,-3.07540,1.37435,119.64598,1.00000,50.00000,0.20000,1.00000,6.00000,0.10000,0.15000,0.45000
84.75000,11.64662,-3.06371,1.37550,119.71513,1.00000,50.00000,0.20000,1.00000,6.00000,0.10000,0.15000,0.45000
84.80000,11.71441,-3.05195,1.37666,119.78432,1.00000,50.00000,0.20000,1.00000,6.00000,0.10000,0.15000,0.45000
84.85000,11.78223,-3.04004,1.37784,119.85352,1.00000,50.00000,0.20000,1.00000,6.00000,0.10000,0.15000,0.45000
84.90000,11.85008,-3.02793,1.37902,119.92274,1.00000,50.00000,0.20000,1.00000,6.00000,0.10000,0.15000,0.45000
84.95000,11.91794,-3.01554,1.38022,119.99197,1.00000,50.00000,0.20000,1.00000,6.00000,0.10000,0.15000,0.45000
85.00000,11.98580,-3.00283,1.38142,120.06122,1.00000,50.00000,0.20000,1.00000,6.00000,0.10000,0.15000,0.45000
85.05000,12.05366,-2.98976,1.38263,120.13049,1.00000,50.00000,0.20000,1.00000,6.00000,0.10000,0.15000,0.45000
85.10000,12.12149,-2.97628,1.38385,120.19978,1.00000,50.00000,0.20000,1.00000,6.00000,0.10000,0.15000,0.45000
85.15000,12.18931,-2.96238,1.38507,120.26910,1.00000,50.00000,0.20000,1.00000,6.00000,0.10000,0.15000,0.45000
85.20000,12.25709,-2.94803,1.38629,120.33845,1.00000,50.00000,0.20000,1.00000,6.00000,0.10000,0.15000,0.45000
85.25000,12.32483,-2.93322,1.38752,120.40783,1.00000,50.00000,0.20000,1.00000,6.00000,0.10000,0.15000,0.45000
85.30000,12.39254,-2.91795,1.38874,120.47726,1.00000,50.00000,0.20000,1.00000,6.00000,0.10000,0.15000,0.45000
85.35000,12.46020,-2.90222,1.38995,120.54674,1.00000,50.00000,0.20000,1.00000,6.00000,0.10000,0.15000,0.45000
85.40000,12.52782,-2.88604,1.39115,120.61632,1.00000,50.00000,0.20000,1.00000,6.00000,0.10000,0.15000,0.45000
85.45000,12.59539,-2.86941,1.39234,120.68606,1.00000,50.00000,0.20000,1.00000,6.00000,0.10000,0.15000,0.45000
85.50000,12.66292,-2.85236,1.39352,120.75613,1.00000,50.00000,0.20000,1.00000,6.00000,0.10000,0.15000,0.45000
85.55000,12.73040,-2.83489,1.39467,120.82659,1.00000,50.00000,0.20000,1.00000,6.00000,0.10000,0.15000,0.45000
85.60000,12.79784,-2.81704,1.39580,120.89722,1.00000,50.00000,0.20000,1.00000,6.00000,0.10000,0.15000,0.45000
85.65000,12.86524,-2.79883,1.39691,120.96757,1.00000,50.00000,0.20000,1.00000,6.00000,0.10000,0.15000,0.45000
85.70000,12.93260,-2.78027,1.39799,121.03755,1.00000,50.00000,0.20000,1.00000,6.00000,0.10000,0.15000,0.45000
85.75000,12.99993,-2.76139,1.39905,121.10736,1.00000,50.00000,0.20000,1.00000,6.00000,0.10000,0.15000,0.45000
85.80000,13.06723,-2.74221,1.40008,121.17725,1.00000,50.00000,0.20000,1.00000,6.00000,0.10000,0.15000,0.45000
85.85000,13.13450,-2.72276,1.40109,121.24726,1.00000,50.00000,0.20000,1.00000,6.00000,0.10000,0.15000,0.45000
85.90000,13.20176,-2.70308,1.40207,121.31733,1.00000,50.00000,0.20000,1.00000,6.00000,0.10000,0.15000,0.45000
85.95000,13.26900,-2.68317,1.40302,121.38744,1.00000,50.00000,0.20000,1.00000,6.00000,0.10000,0.15000,0.45000
86.00000,13.33623,-2.66306,1.40394,121.45758,1.00000,50.00000,0.20000,1.00000,6.00000,0.10000,0.15000,0.45000
86.05000,13.40346,-2.64279,1.40484,121.52778,1.00000,50.00000,0.20000,1.00000,6.00000,0.10000,0.15000,0.45000
86.10000,13.47070,-2.62238,1.40571,121.59802,1.00000,50.00000,0.20000,1.00000,6.00000,0.10000,0.15000,0.45000
86.15000,13.53794,-2.60184,1.40654,121.66831,1.00000,50.00000,0.20000,1.00000,6.00000,0.10000,0.15000,0.45000
86.20000,13.60519,-2.58120,1.40735,121.73865,1.00000,50.00000,0.20000,1.00000,6.00000,0.10000,0.15000,0.45000
86.25000,13.67246,-2.56048,1.40813,121.80902,1.00000,50.00000,0.20000,1.00000,6.00000,0.10000,0.15000,0.45000
86.30000,13.73974,-2.53969,1.40888,121.87944,1.00000,50.00000,0.20000,1.00000,6.00000,0.10000,0.15000,0.45000
86.35000,13.80706,-2.51886,1.40959,121.94989,1.00000,50.00000,0.20000,1.00000,6.00000,0.10000,0.15000,0.45000
86.40000,13.87440,-2.49801,1.41028,122.02038,1.00000,50.00000,0.20000,1.00000,6.00000,0.10000,0.15000,0.45000
86.45000,13.94177,-2.47713,1.41093,122.09091,1.00000,50.00000,0.20000,1.00000,6.00000,0.10000,0.15000,0.45000
86.50000,14.00917,-2.45624,1.41155,122.16146,1.00000,50.00000,0.20000,1.00000,6.00000,0.10000,0.15000,0.45000
86.55000,14.07660,-2.43536,1.41214,122.23205,1.00000,50.00000,0.20000,1.00000,6.00000,0.10000,0.15000,0.45000
86.60000,14.14406,-2.41448,1.41270,122.30265,1.00000,50.00000,0.20000,1.00000,6.00000,0.10000,0.15000,0.45000
86.65000,14.21156,-2.39361,1.41322,122.37329,1.00000,50.00000,0.20000,1.00000,6.00000,0.10000,0.15000,0.45000
86.70000,14.27908,-2.37275,1.41371,122.44394,1.00000,50.00000,0.20000,1.00000,6.00000,0.10000,0.15000,0.45000
86.75000,14.34663,-2.35189,1.41417,122.51462,1.00000,50.00000,0.20000,1.00000,6.00000,0.10000,0.15000,0.45000
86.80000,14.41420,-2.33102,1.41459,122.58531,1.00000,50.00000,0.20000,1.00000,6.00000,0.10000,0.15000,0.45000
86.85000,14.48179,-2.31014,1.41498,122.65601,1.00000,50.00000,0.20000,1.00000,6.00000,0.10000,0.15000,0.45000
86.90000,14.54939,-2.28922,1.41534,122.72673,1.00000,50.00000,0.20000,1.00000,6.00000,0.10000,0.15000,0.45000
86.95000,14.61698,-2.26826,1.41566,122.79746,1.00000,50.00000,0.20000,1.00000,6.00000,0.10000,0.15000,0.45000
87.00000,14.68458,-2.24722,1.41595,122.86821,1.00000,50.00000,0.20000,1.00000,6.00000,0.10000,0.15000,0.45000
87.05000,14.75215,-2.22608,1.41621,122.93896,1.00000,50.00000,0.20000,1.00000,6.00000,0.10000,0.15000,0.45000
87.10000,14.81970,-2.20481,1.41643,123.00973,1.00000,50.00000,0.20000,1.00000,6.00000,0.10000,0.15000,0.45000
87.15000,14.88720,-2.18336,1.41662,123.08051,1.00000,50.00000,0.20000,1.00000,6.00000,0.10000,0.15000,0.45000
87.20000,14.95464,-2.16171,1.41677,123.15130,1.00000,50.00000,0.20000,1.00000,6.00000,0.10000,0.15000,0.45000
87.25000,15.02201,-2.13979,1.41688,123.22210,1.00000,50.00000,0.20000,1.00000,6.00000,0.10000,0.15000,0.45000
87.30000,15.08928,-2.11757,1.41696,123.29292,1.00000,50.00000,0.20000,1.00000,6.00000,0.10000,0.15000,0.45000
87.35000,15.15643,-2.09499,1.41700,123.36377,1.00000,50.00000,0.20000,1.00000,6.00000,0.10000,0.15000,0.45000
87.40000,15.22344,-2.07197,1.41700,123.43463,1.00000,50.00000,0.20000,1.00000,6.00000,0.10000,0.15000,0.45000
87.45000,15.29028,-2.04847,1.41697,123.50553,1.00000,50.00000,0.20000,1.00000,6.00000,0.10000,0.15000,0.45000
87.50000,15.35691,-2.02440,1.41690,123.57646,1.00000,50.00000,0.20000,1.00000,6.00000,0.10000,0.15000,0.45000
87.55000,15.42330,-1.99969,1.41678,123.64743,1.00000,50.00000,0.20000,1.00000,6.00000,0.10000,0.15000,0.45000
87.60000,15.48941,-1.97426,1.41662,123.71845,1.00000,50.00000,0.20000,1.00000,6.00000,0.10000,0.15000,0.45000
87.65000,15.55520,-1.94802,1.41642,123.78952,1.00000,50.00000,0.20000,1.00000,6.00000,0.10000,0.15000,0.45000
87.70000,15.62061,-1.92088,1.41618,123.86064,1.00000,50.00000,0.20000,1.00000,6.00000,0.10000,0.15000,0.45000
87.75000,15.68558,-1.89275,1.41588,123.93183,1.00000,50.00000,0.20000,1.00000,6.00000,0.10000,0.15000,0.45000
87.80000,15.75005,-1.86353,1.41554,124.00308,1.00000,50.00000,0.20000,1.00000,6.00000,0.10000,0.15000,0.45000
87.85000,15.81395,-1.83311,1.41515,124.07440,1.00000,50.00000,0.20000,1.00000,6.00000,0.10000,0.15000,0.45000
87.90000,15.87719,-1.80139,1.41470,124.14580,1.00000,50.00000,0.20000,1.00000,6.00000,0.10000,0.15000,0.45000
87.95000,15.93967,-1.76827,1.41419,124.21727,1.00000,50.00000,0.20000,1.00000,6.00000,0.10000,0.15000,0.45000
88.00000,16.00131,-1.73364,1.41362,124.28882,1.00000,50.00000,0.20000,1.00000,6.00000,0.10000,0.15000,0.45000
88.05000,16.06196,-1.69739,1.41299,124.36044,1.00000,50.00000,0.20000,1.00000,6.00000,0.10000,0.15000,0.45000
88.10000,16.12151,-1.65941,1.41230,124.43213,1.00000,50.00000,0.20000,1.00000,6.00000,0.10000,0.15000,0.45000
88.15000,16.17981,-1.61960,1.41154,124.50388,1.00000,50.00000,0.20000,1.00000,6.00000,0.10000,0.15000,0.45000
88.20000,16.23671,-1.57788,1.41070,124.57569,1.00000,50.00000,0.20000,1.00000,6.00000,0.10000,0.15000,0.45000
88.25000,16.29201,-1.53414,1.40977,124.64754,1.00000,50.00000,0.20000,1.00000,6.00000,0.10000,0.15000,0.45000
88.30000,16.34553,-1.48831,1.40877,124.71942,1.00000,50.00000,0.20000,1.00000,6.00000,0.10000,0.15000,0.45000
88.35000,16.39706,-1.44033,1.40770,124.79131,1.00000,50.00000,0.20000,1.00000,6.00000,0.10000,0.15000,0.45000
88.40000,16.44637,-1.39015,1.40656,124.86320,1.00000,50.00000,0.20000,1.00000,6.00000,0.10000,0.15000,0.45000
88.45000,16.49324,-1.33776,1.40533,124.93507,1.00000,50.00000,0.20000,1.00000,6.00000,0.10000,0.15000,0.45000
88.50000,16.53741,-1.28316,1.40402,125.00688,1.00000,50.00000,0.20000,1.00000,6.00000,0.10000,0.15000,0.45000
88.55000,16.57863,-1.22638,1.40264,125.07863,1.00000,50.00000,0.20000,1.00000,6.00000,0.10000,0.15000,0.45000
88.60000,16.61662,-1.16748,1.40119,125.15028,1.00000,50.00000,0.20000,1.00000,6.00000,0.10000,0.15000,0.45000
88.65000,16.65112,-1.10656,1.39970,125.22178,1.00000,50.00000,0.20000,1.00000,6.00000,0.10000,0.15000,0.45000
88.70000,16.68188,-1.04375,1.39817,125.29313,1.00000,50.00000,0.20000,1.00000,6.00000,0.10000,0.15000,0.45000
88.75000,16.70865,-0.97922,1.39660,125.36429,1.00000,50.00000,0.20000,1.00000,6.00000,0.10000,0.15000,0.45000
88.80000,16.73120,-0.91318,1.39503,125.43526,1.00000,50.00000,0.20000,1.00000,6.00000,0.10000,0.15000,0.45000
88.85000,16.74930,-0.84587,1.39347,125.50598,1.00000,50.00000,0.20000,1.00000,6.00000,0.10000,0.15000,0.45000
88.90000,16.76280,-0.77756,1.39193,125.57643,1.00000,50.00000,0.20000,1.00000,6.00000,0.10000,0.15000,0.45000
88.95000,16.77153,-0.70857,1.39043,125.64659,1.00000,50.00000,0.20000,1.00000,6.00000,0.10000,0.15000,0.45000
89.00000,16.77539,-0.63920,1.38897,125.71648,1.00000,50.00000,0.20000,1.00000,6.00000,0.10000,0.15000,0.45000
89.05000,16.77431,-0.56981,1.38758,125.78610,1.00000,50.00000,0.20000,1.00000,6.00000,0.10000,0.15000,0.45000
89.10000,16.76824,-0.50074,1.38628,125.85547,1.00000,50.00000,0.20000,1.00000,6.00000,0.10000,0.15000,0.45000
89.15000,16.75721,-0.43236,1.38507,125.92453,1.00000,50.00000,0.20000,1.00000,6.00000,0.10000,0.15000,0.45000
89.20000,16.74128,-0.36500,1.38396,125.99331,1.00000,50.00000,0.20000,1.00000,6.00000,0.10000,0.15000,0.45000
89.25000,16.72055,-0.29903,1.38294,126.06183,1.00000,50.00000,0.20000,1.00000,6.00000,0.10000,0.15000,0.45000
89.30000,16.69513,-0.23476,1.38201,126.13013,1.00000,50.00000,0.20000,1.00000,6.00000,0.10000,0.15000,0.45000
89.35000,16.66520,-0.17252,1.38119,126.19821,1.00000,50.00000,0.20000,1.00000,6.00000,0.10000,0.15000,0.45000
89.40000,16.63096,-0.11258,1.38049,126.26607,1.00000,50.00000,0.20000,1.00000,6.00000,0.10000,0.15000,0.45000
89.45000,16.59263,-0.05521,1.37988,126.33369,1.00000,50.00000,0.20000,1.00000,6.00000,0.10000,0.15000,0.45000
89.50000,16.55047,-0.00064,1.37936,126.40110,1.00000,50.00000,0.20000,1.00000,6.00000,0.10000,0.15000,0.45000
89.55000,16.50471,0.05093,1.37891,126.46836,1.00000,50.00000,0.20000,1.00000,6.00000,0.10000,0.15000,0.45000
89.60000,16.45564,0.09933,1.37854,126.53549,1.00000,50.00000,0.20000,1.00000,6.00000,0.10000,0.15000,0.45000
89.65000,16.40354,0.14442,1.37826,126.60250,1.00000,50.00000,0.20000,1.00000,6.00000,0.10000,0.15000,0.45000
89.70000,16.34867,0.18608,1.37806,126.66939,1.00000,50.00000,0.20000,1.00000,6.00000,0.10000,0.15000,0.45000
89.75000,16.29133,0.22426,1.37792,126.73618,1.00000,50.00000,0.20000,1.00000,6.00000,0.10000,0.15000,0.45000
89.80000,16.23178,0.25888,1.37784,126.80288,1.00000,50.00000,0.20000,1.00000,6.00000,0.10000,0.15000,0.45000
89.85000,16.17030,0.28994,1.37781,126.86952,1.00000,50.00000,0.20000,1.00000,6.00000,0.10000,0.15000,0.45000
89.90000,16.10715,0.31744,1.37783,126.93614,1.00000,50.00000,0.20000,1.00000,6.00000,0.10000,0.15000,0.45000
89.95000,16.04256,0.34138,1.37790,127.00273,1.00000,50.00000,0.20000,1.00000,6.00000,0.10000,0.15000,0.45000
90.00000,15.97678,0.36183,1.37801,127.06931,1.00000,50.00000,0.20000,1.00000,6.00000,0.10000,0.15000,0.45000
90.05000,15.91002,0.37883,1.37815,127.13589,1.00000,50.00000,0.20000,1.00000,6.00000,0.10000,0.15000,0.45000
90.10000,15.84248,0.39247,1.37833,127.20249,1.00000,50.00000,0.20000,1.00000,6.00000,0.10000,0.15000,0.45000
90.15000,15.77435,0.40282,1.37854,127.26911,1.00000,50.00000,0.20000,1.00000,6.00000,0.10000,0.15000,0.45000
90.20000,15.70580,0.41000,1.37877,127.33577,1.00000,50.00000,0.20000,1.00000,6.00000,0.10000,0.15000,0.45000
90.25000,15.63698,0.41409,1.37903,127.40247,1.00000,50.00000,0.20000,1.00000,6.00000,0.10000,0.15000,0.45000
90.30000,15.56804,0.41523,1.37932,127.46923,1.00000,50.00000,0.20000,1.00000,6.00000,0.10000,0.15000,0.45000
90.35000,15.49909,0.41352,1.37963,127.53606,1.00000,50.00000,0.20000,1.00000,6.00000,0.10000,0.15000,0.45000
90.40000,15.43025,0.40909,1.37995,127.60296,1.00000,50.00000,0.20000,1.00000,6.00000,0.10000,0.15000,0.45000
90.45000,15.36161,0.40207,1.38030,127.66994,1.00000,50.00000,0.20000,1.00000,6.00000,0.10000,0.15000,0.45000
90.50000,15.29324,0.39259,1.38067,127.73702,1.00000,50.00000,0.20000,1.00000,6.00000,0.10000,0.15000,0.45000
90.55000,15.22523,0.38076,1.38105,127.80420,1.00000,50.00000,0.20000,1.00000,6.00000,0.10000,0.15000,0.45000
90.60000,15.15761,0.36673,1.38145,127.87149,1.00000,50.00000,0.20000,1.00000,6.00000,0.10000,0.15000,0.45000
90.65000,15.09044,0.35061,1.38187,127.93890,1.00000,50.00000,0.20000,1.00000,6.00000,0.10000,0.15000,0.45000
90.70000,15.02374,0.33253,1.38230,128.00643,1.00000,50.00000,0.20000,1.00000,6.00000,0.10000,0.15000,0.45000
90.75000,14.95755,0.31261,1.38275,128.07407,1.00000,50.00000,0.20000,1.00000,6.00000,0.10000,0.15000,0.45000
90.80000,14.89187,0.29099,1.38322,128.14184,1.00000,50.00000,0.20000,1.00000,6.00000,0.10000,0.15000,0.45000
90.85000,14.82672,0.26776,1.38369,128.20972,1.00000,50.00000,0.20000,1.00000,6.00000,0.10000,0.15000,0.45000
90.90000,14.76209,0.24305,1.38418,128.27771,1.00000,50.00000,0.20000,1.00000,6.00000,0.10000,0.15000,0.45000
90.95000,14.69797,0.21696,1.38469,128.34583,1.00000,50.00000,0.20000,1.00000,6.00000,0.10000,0.15000,0.45000
91.00000,14.63437,0.18959,1.38524,128.41406,1.00000,50.00000,0.20000,1.00000,6.00000,0.10000,0.15000,0.45000
91.05000,14.57125,0.16103,1.38583,128.48242,1.00000,50.00000,0.20000,1.00000,6.00000,0.10000,0.15000,0.45000
91.10000,14.50860,0.13139,1.38644,128.55090,1.00000,50.00000,0.20000,1.00000,6.00000,0.10000,0.15000,0.45000
91.15000,14.44639,0.10077,1.38710,128.61949,1.00000,50.00000,0.20000,1.00000,6.00000,0.10000,0.15000,0.45000
91.20000,14.38459,0.06926,1.38777,128.68820,1.00000,50.00000,0.20000,1.00000,6.00000,0.10000,0.15000,0.45000
91.25000,14.32316,0.03696,1.38847,128.75703,1.00000,50.00000,0.20000,1.00000,6.00000,0.10000,0.15000,0.45000
91.30000,14.26207,0.00396,1.38919,128.82596,1.00000,50.00000,0.20000,1.00000,6.00000,0.10000,0.15000,0.45000
91.35000,14.20127,-0.02967,1.38992,128.89499,1.00000,50.00000,0.20000,1.00000,6.00000,0.10000,0.15000,0.45000
91.40000,14.14072,-0.06383,1.39067,128.96411,1.00000,50.00000,0.20000,1.00000,6.00000,0.10000,0.15000,0.45000
91.45000,14.08040,-0.09845,1.39142,129.03333,1.00000,50.00000,0.20000,1.00000,6.00000,0.10000,0.15000,0.45000
91.50000,14.02026,-0.13345,1.39217,129.10264,1.00000,50.00000,0.20000,1.00000,6.00000,0.10000,0.15000,0.45000
91.55000,13.96026,-0.16878,1.39293,129.17202,1.00000,50.00000,0.20000,1.00000,6.00000,0.10000,0.15000,0.45000
91.60000,13.90037,-0.20437,1.39368,129.24149,1.00000,50.00000,0.20000,1.00000,6.00000,0.10000,0.15000,0.45000
91.65000,13.84055,-0.24015,1.39443,129.31102,1.00000,50.00000,0.20000,1.00000,6.00000,0.10000,0.15000,0.45000
91.70000,13.78078,-0.27608,1.39518,129.38063,1.00000,50.00000,0.20000,1.00000,6.00000,0.10000,0.15000,0.45000
91.75000,13.72102,-0.31210,1.39591,129.45031,1.00000,50.00000,0.20000,1.00000,6.00000,0.10000,0.15000,0.45000
91.80000,13.66125,-0.34818,1.39664,129.52005,1.00000,50.00000,0.20000,1.00000,6.00000,0.10000,0.15000,0.45000
91.85000,13.60144,-0.38426,1.39735,129.58982,1.00000,50.00000,0.20000,1.00000,6.00000,0.10000,0.15000,0.45000
91.90000,13.54158,-0.42032,1.39804,129.65961,1.00000,50.00000,0.20000,1.00000,6.00000,0.10000,0.15000,0.45000
91.95000,13.48164,-0.45632,1.39871,129.72950,1.00000,50.00000,0.20000,1.00000,6.00000,0.10000,0.15000,0.45000
92.00000,13.42161,-0.49223,1.39936,129.79968,1.00000,50.00000,0.20000,1.00000,6.00000,0.10000,0.15000,0.45000
92.05000,13.36147,-0.52802,1.39998,129.87016,1.00000,50.00000,0.20000,1.00000,6.00000,0.10000,0.15000,0.45000
92.10000,13.30121,-0.56366,1.40057,129.94079,1.00000,50.00000,0.20000,1.00000,6.00000,0.10000,0.15000,0.45000
92.15000,13.24081,-0.59914,1.40113,130.01134,1.00000,50.00000,0.20000,1.00000,6.00000,0.10000,0.15000,0.45000
92.20000,13.18028,-0.63443,1.40166,130.08175,1.00000,50.00000,0.20000,1.00000,6.00000,0.10000,0.15000,0.45000
92.25000,13.11960,-0.66951,1.40215,130.15203,1.00000,50.00000,0.20000,1.00000,6.00000,0.10000,0.15000,0.45000
92.30000,13.05875,-0.70436,1.40261,130.22222,1.00000,50.00000,0.20000,1.00000,6.00000,0.10000,0.15000,0.45000
92.35000,12.99773,-0.73896,1.40304,130.29236,1.00000,50.00000,0.20000,1.00000,6.00000,0.10000,0.15000,0.45000
92.40000,12.93654,-0.77328,1.40343,130.36251,1.00000,50.00000,0.20000,1.00000,6.00000,0.10000,0.15000,0.45000
92.45000,12.87516,-0.80731,1.40379,130.43270,1.00000,50.00000,0.20000,1.00000,6.00000,0.10000,0.15000,0.45000
92.50000,12.81359,-0.84103,1.40412,130.50291,1.00000,50.00000,0.20000,1.00000,6.00000,0.10000,0.15000,0.45000
92.55000,12.75182,-0.87440,1.40441,130.57313,1.00000,50.00000,0.20000,1.00000,6.00000,0.10000,0.15000,0.45000
92.60000,12.68984,-0.90742,1.40466,130.64337,1.00000,50.00000,0.20000,1.00000,6.00000,0.10000,0.15000,0.45000
92.65000,12.62764,-0.94006,1.40488,130.71361,1.00000,50.00000,0.20000,1.00000,6.00000,0.10000,0.15000,0.45000
92.70000,12.56522,-0.97228,1.40506,130.78387,1.00000,50.00000,0.20000,1.00000,6.00000,0.10000,0.15000,0.45000
92.75000,12.50257,-1.00407,1.40521,130.85414,1.00000,50.00000,0.20000,1.00000,6.00000,0.10000,0.15000,0.45000
92.80000,12.43967,-1.03538,1.40532,130.92441,1.00000,50.00000,0.20000,1.00000,6.00000,0.10000,0.15000,0.45000
92.85000,12.37652,-1.06619,1.40539,130.99470,1.00000,50.00000,0.20000,1.00000,6.00000,0.10000,0.15000,0.45000
92.90000,12.31310,-1.09646,1.40543,131.06499,1.00000,50.00000,0.20000,1.00000,6.00000,0.10000,0.15000,0.45000
92.95000,12.24940,-1.12615,1.40543,131.13529,1.00000,50.00000,0.20000,1.00000,6.00000,0.10000,0.15000,0.45000
93.00000,12.18542,-1.15520,1.40539,131.20560,1.00000,50.00000,0.20000,1.00000,6.00000,0.10000,0.15000,0.45000
93.05000,12.12114,-1.18357,1.40531,131.27592,1.00000,50.00000,0.20000,1.00000,6.00000,0.10000,0.15000,0.45000
93.10000,12.05654,-1.21121,1.40519,131.34626,1.00000,50.00000,0.20000,1.00000,6.00000,0.10000,0.15000,0.45000
93.15000,11.99161,-1.23805,1.40503,131.41660,1.00000,50.00000,0.20000,1.00000,6.00000,0.10000,0.15000,0.45000
93.20000,11.92634,-1.26402,1.40482,131.48696,1.00000,50.00000,0.20000,1.00000,6.00000,0.10000,0.15000,0.45000
93.25000,11.86072,-1.28904,1.40458,131.55734,1.00000,50.00000,0.20000,1.00000,6.00000,0.10000,0.15000,0.45000
93.30000,11.79473,-1.31305,1.40429,131.62775,1.00000,50.00000,0.20000,1.00000,6.00000,0.10000,0.15000,0.45000
93.35000,11.72836,-1.33593,1.40395,131.69818,1.00000,50.00000,0.20000,1.00000,6.00000,0.10000,0.15000,0.45000
93.40000,11.66160,-1.35761,1.40356,131.76866,1.00000,50.00000,0.20000,1.00000,6.00000,0.10000,0.15000,0.45000
93.45000,11.59445,-1.37795,1.40313,131.83918,1.00000,50.00000,0.20000,1.00000,6.00000,0.10000,0.15000,0.45000
93.50000,11.52690,-1.39686,1.40263,131.90975,1.00000,50.00000,0.20000,1.00000,6.00000,0.10000,0.15000,0.45000
93.55000,11.45896,-1.41420,1.40208,131.98037,1.00000,50.00000,0.20000,1.00000,6.00000,0.10000,0.15000,0.45000
93.60000,11.39064,-1.42983,1.40146,132.05106,1.00000,50.00000,0.20000,1.00000,6.00000,0.10000,0.15000,0.45000
93.65000,11.32195,-1.44359,1.40078,132.12182,1.00000,50.00000,0.20000,1.00000,6.00000,0.10000,0.15000,0.45000
93.70000,11.25292,-1.45532,1.40003,132.19265,1.00000,50.00000,0.20000,1.00000,6.00000,0.10000,0.15000,0.45000
93.75000,11.18359,-1.46486,1.39920,132.26355,1.00000,50.00000,0.20000,1.00000,6.00000,0.10000,0.15000,0.45000
93.80000,11.11403,-1.47202,1.39827,132.33453,1.00000,50.00000,0.20000,1.00000,6.00000,0.10000,0.15000,0.45000
93.85000,11.04429,-1.47660,1.39726,132.40556,1.00000,50.00000,0.20000,1.00000,6.00000,0.10000,0.15000,0.45000
93.90000,10.97448,-1.47840,1.39613,132.47664,1.00000,50.00000,0.20000,1.00000,6.00000,0.10000,0.15000,0.45000
93.95000,10.90472,-1.47720,1.39492,132.54776,1.00000,50.00000,0.20000,1.00000,6.00000,0.10000,0.15000,0.45000
94.00000,10.83515,-1.47280,1.39362,132.61890,1.00000,50.00000,0.20000,1.00000,6.00000,0.10000,0.15000,0.45000
94.05000,10.76594,-1.46502,1.39221,132.69004,1.00000,50.00000,0.20000,1.00000,6.00000,0.10000,0.15000,0.45000
94.10000,10.69731,-1.45366,1.39068,132.76116,1.00000,50.00000,0.20000,1.00000,6.00000,0.10000,0.15000,0.45000
94.15000,10.62948,-1.43854,1.38904,132.83222,1.00000,50.00000,0.20000,1.00000,6.00000,0.10000,0.15000,0.45000
94.20000,10.56274,-1.41949,1.38731,132.90317,1.00000,50.00000,0.20000,1.00000,6.00000,0.10000,0.15000,0.45000
94.25000,10.49739,-1.39640,1.38551,132.97400,1.00000,50.00000,0.20000,1.00000,6.00000,0.10000,0.15000,0.45000
94.30000,10.43375,-1.36918,1.38363,133.04466,1.00000,50.00000,0.20000,1.00000,6.00000,0.10000,0.15000,0.45000
94.35000,10.37217,-1.33777,1.38171,133.11512,1.00000,50.00000,0.20000,1.00000,6.00000,0.10000,0.15000,0.45000
94.40000,10.31302,-1.30219,1.37976,133.18535,1.00000,50.00000,0.20000,1.00000,6.00000,0.10000,0.15000,0.45000
94.45000,10.25668,-1.26248,1.37782,133.25530,1.00000,50.00000,0.20000,1.00000,6.00000,0.10000,0.15000,0.45000
94.50000,10.20352,-1.21875,1.37591,133.32495,1.00000,50.00000,0.20000,1.00000,6.00000,0.10000,0.15000,0.45000
94.55000,10.15391,-1.17118,1.37405,133.39427,1.00000,50.00000,0.20000,1.00000,6.00000,0.10000,0.15000,0.45000
94.60000,10.10818,-1.11998,1.37227,133.46327,1.00000,50.00000,0.20000,1.00000,6.00000,0.10000,0.15000,0.45000
94.65000,10.06667,-1.06542,1.37059,133.53194,1.00000,50.00000,0.20000,1.00000,6.00000,0.10000,0.15000,0.45000
94.70000,10.02964,-1.00782,1.36905,133.60026,1.00000,50.00000,0.20000,1.00000,6.00000,0.10000,0.15000,0.45000
94.75000,9.99734,-0.94753,1.36765,133.66822,1.00000,50.00000,0.20000,1.00000,6.00000,0.10000,0.15000,0.45000
94.80000,9.96994,-0.88493,1.36638,133.73582,1.00000,50.00000,0.20000,1.00000,6.00000,0.10000,0.15000,0.45000
94.85000,9.94759,-0.82042,1.36525,133.80310,1.00000,50.00000,0.20000,1.00000,6.00000,0.10000,0.15000,0.45000
94.90000,9.93039,-0.75440,1.36426,133.87012,1.00000,50.00000,0.20000,1.00000,6.00000,0.10000,0.15000,0.45000
94.95000,9.91838,-0.68730,1.36343,133.93688,1.00000,50.00000,0.20000,1.00000,6.00000,0.10000,0.15000,0.45000
95.00000,9.91154,-0.61950,1.36275,134.00333,1.00000,50.00000,0.20000,1.00000,6.00000,0.10000,0.15000,0.45000
95.05000,9.90982,-0.55142,1.36220,134.06949,1.00000,50.00000,0.20000,1.00000,6.00000,0.10000,0.15000,0.45000
95.10000,9.91313,-0.48342,1.36175,134.13540,1.00000,50.00000,0.20000,1.00000,6.00000,0.10000,0.15000,0.45000
95.15000,9.92133,-0.41585,1.36140,134.20116,1.00000,50.00000,0.20000,1.00000,6.00000,0.10000,0.15000,0.45000
95.20000,9.93429,-0.34905,1.36115,134.26679,1.00000,50.00000,0.20000,1.00000,6.00000,0.10000,0.15000,0.45000
95.25000,9.95181,-0.28331,1.36101,134.33229,1.00000,50.00000,0.20000,1.00000,6.00000,0.10000,0.15000,0.45000
95.30000,9.97369,-0.21889,1.36095,134.39767,1.00000,50.00000,0.20000,1.00000,6.00000,0.10000,0.15000,0.45000
95.35000,9.99970,-0.15602,1.36097,134.46295,1.00000,50.00000,0.20000,1.00000,6.00000,0.10000,0.15000,0.45000
95.40000,10.02959,-0.09490,1.36106,134.52816,1.00000,50.00000,0.20000,1.00000,6.00000,0.10000,0.15000,0.45000
95.45000,10.06314,-0.03571,1.36121,134.59333,1.00000,50.00000,0.20000,1.00000,6.00000,0.10000,0.15000,0.45000
95.50000,10.10010,0.02144,1.36140,134.65848,1.00000,50.00000,0.20000,1.00000,6.00000,0.10000,0.15000,0.45000
95.55000,10.14022,0.07642,1.36164,134.72364,1.00000,50.00000,0.20000,1.00000,6.00000,0.10000,0.15000,0.45000
95.60000,10.18326,0.12917,1.36191,134.78882,1.00000,50.00000,0.20000,1.00000,6.00000,0.10000,0.15000,0.45000
95.65000,10.22899,0.17962,1.36220,134.85403,1.00000,50.00000,0.20000,1.00000,6.00000,0.10000,0.15000,0.45000
95.70000,10.27719,0.22773,1.36252,134.91930,1.00000,50.00000,0.20000,1.00000,6.00000,0.10000,0.15000,0.45000
95.75000,10.32766,0.27350,1.36288,134.98464,1.00000,50.00000,0.20000,1.00000,6.00000,0.10000,0.15000,0.45000
95.80000,10.38018,0.31692,1.36330,135.05006,1.00000,50.00000,0.20000,1.00000,6.00000,0.10000,0.15000,0.45000
95.85000,10.43456,0.35803,1.36376,135.11559,1.00000,50.00000,0.20000,1.00000,6.00000,0.10000,0.15000,0.45000
95.90000,10.49059,0.39689,1.36428,135.18124,1.00000,50.00000,0.20000,1.00000,6.00000,0.10000,0.15000,0.45000
95.95000,10.54811,0.43358,1.36482,135.24703,1.00000,50.00000,0.20000,1.00000,6.00000,0.10000,0.15000,0.45000
96.00000,10.60693,0.46819,1.36539,135.31298,1.00000,50.00000,0.20000,1.00000,6.00000,0.10000,0.15000,0.45000
96.05000,10.66691,0.50082,1.36598,135.37909,1.00000,50.00000,0.20000,1.00000,6.00000,0.10000,0.15000,0.45000
96.10000,10.72790,0.53159,1.36658,135.44539,1.00000,50.00000,0.20000,1.00000,6.00000,0.10000,0.15000,0.45000
96.15000,10.78976,0.56064,1.36719,135.51187,1.00000,50.00000,0.20000,1.00000,6.00000,0.10000,0.15000,0.45000
96.20000,10.85237,0.58809,1.36779,135.57855,1.00000,50.00000,0.20000,1.00000,6.00000,0.10000,0.15000,0.45000
96.25000,10.91564,0.61411,1.36839,135.64543,1.00000,50.00000,0.20000,1.00000,6.00000,0.10000,0.15000,0.45000
96.30000,10.97945,0.63883,1.36898,135.71252,1.00000,50.00000,0.20000,1.00000,6.00000,0.10000,0.15000,0.45000
96.35000,11.04372,0.66242,1.36954,135.77982,1.00000,50.00000,0.20000,1.00000,6.00000,0.10000,0.15000,0.45000
96.40000,11.10836,0.68503,1.37009,135.84733,1.00000,50.00000,0.20000,1.00000,6.00000,0.10000,0.15000,0.45000
96.45000,11.17332,0.70682,1.37061,135.91505,1.00000,50.00000,0.20000,1.00000,6.00000,0.10000,0.15000,0.45000
96.50000,11.23852,0.72796,1.37109,135.98297,1.00000,50.00000,0.20000,1.00000,6.00000,0.10000,0.15000,0.45000
96.55000,11.30390,0.74861,1.37155,136.05110,1.00000,50.00000,0.20000,1.00000,6.00000,0.10000,0.15000,0.45000
96.60000,11.36941,0.76893,1.37197,136.11943,1.00000,50.00000,0.20000,1.00000,6.00000,0.10000,0.15000,0.45000
96.65000,11.43500,0.78907,1.37235,136.18800,1.00000,50.00000,0.20000,1.00000,6.00000,0.10000,0.15000,0.45000
96.70000,11.50060,0.80920,1.37269,136.25684,1.00000,50.00000,0.20000,1.00000,6.00000,0.10000,0.15000,0.45000
96.75000,11.56619,0.82945,1.37298,136.32598,1.00000,50.00000,0.20000,1.00000,6.00000,0.10000,0.15000,0.45000
96.80000,11.63170,0.84999,1.37324,136.39542,1.00000,50.00000,0.20000,1.00000,6.00000,0.10000,0.15000,0.45000
96.85000,11.69709,0.87094,1.37345,136.46512,1.00000,50.00000,0.20000,1.00000,6.00000,0.10000,0.15000,0.45000
96.90000,11.76231,0.89246,1.37362,136.53497,1.00000,50.00000,0.20000,1.00000,6.00000,0.10000,0.15000,0.45000
96.95000,11.82730,0.91468,1.37374,136.60481,1.00000,50.00000,0.20000,1.00000,6.00000,0.10000,0.15000,0.45000
97.00000,11.89201,0.93773,1.37383,136.67460,1.00000,50.00000,0.20000,1.00000,6.00000,0.10000,0.15000,0.45000
97.05000,11.95637,0.96175,1.37388,136.74442,1.00000,50.00000,0.20000,1.00000,6.00000,0.10000,0.15000,0.45000
97.10000,12.02031,0.98684,1.37389,136.81434,1.00000,50.00000,0.20000,1.00000,6.00000,0.10000,0.15000,0.45000
97.15000,12.08378,1.01313,1.37387,136.88436,1.00000,50.00000,0.20000,1.00000,6.00000,0.10000,0.15000,0.45000
97.20000,12.14668,1.04073,1.37382,136.95444,1.00000,50.00000,0.20000,1.00000,6.00000,0.10000,0.15000,0.45000
97.25000,12.20895,1.06973,1.37374,137.02454,1.00000,50.00000,0.20000,1.00000,6.00000,0.10000,0.15000,0.45000
97.30000,12.27049,1.10022,1.37364,137.09464,1.00000,50.00000,0.20000,1.00000,6.00000,0.10000,0.15000,0.45000
97.35000,12.33123,1.13227,1.37352,137.16473,1.00000,50.00000,0.20000,1.00000,6.00000,0.10000,0.15000,0.45000
97.40000,12.39107,1.16597,1.37339,137.23480,1.00000,50.00000,0.20000,1.00000,6.00000,0.10000,0.15000,0.45000
97.45000,12.44991,1.20136,1.37325,137.30481,1.00000,50.00000,0.20000,1.00000,6.00000,0.10000,0.15000,0.45000
97.50000,12.50766,1.23849,1.37310,137.37475,1.00000,50.00000,0.20000,1.00000,6.00000,0.10000,0.15000,0.45000
97.55000,12.56422,1.27739,1.37295,137.44462,1.00000,50.00000,0.20000,1.00000,6.00000,0.10000,0.15000,0.45000
97.60000,12.61950,1.31808,1.37280,137.51439,1.00000,50.00000,0.20000,1.00000,6.00000,0.10000,0.15000,0.45000
97.65000,12.67340,1.36058,1.37265,137.58406,1.00000,50.00000,0.20000,1.00000,6.00000,0.10000,0.15000,0.45000
97.70000,12.72582,1.40487,1.37252,137.65360,1.00000,50.00000,0.20000,1.00000,6.00000,0.10000,0.15000,0.45000
97.75000,12.77666,1.45095,1.37239,137.72302,1.00000,50.00000,0.20000,1.00000,6.00000,0.10000,0.15000,0.45000
97.80000,12.82585,1.49879,1.37229,137.79229,1.00000,50.00000,0.20000,1.00000,6.00000,0.10000,0.15000,0.45000
97.85000,12.87330,1.54835,1.37220,137.86144,1.00000,50.00000,0.20000,1.00000,6.00000,0.10000,0.15000,0.45000
97.90000,12.91892,1.59958,1.37214,137.93046,1.00000,50.00000,0.20000,1.00000,6.00000,0.10000,0.15000,0.45000
97.95000,12.96265,1.65244,1.37209,137.99935,1.00000,50.00000,0.20000,1.00000,6.00000,0.10000,0.15000,0.45000
98.00000,13.00443,1.70685,1.37207,138.06812,1.00000,50.00000,0.20000,1.00000,6.00000,0.10000,0.15000,0.45000
98.05000,13.04418,1.76276,1.37208,138.13675,1.00000,50.00000,0.20000,1.00000,6.00000,0.10000,0.15000,0.45000
98.10000,13.08187,1.82008,1.37211,138.20526,1.00000,50.00000,0.20000,1.00000,6.00000,0.10000,0.15000,0.45000
98.15000,13.11746,1.87873,1.37217,138.27367,1.00000,50.00000,0.20000,1.00000,6.00000,0.10000,0.15000,0.45000
98.20000,13.15090,1.93863,1.37226,138.34200,1.00000,50.00000,0.20000,1.00000,6.00000,0.10000,0.15000,0.45000
98.25000,13.18218,1.99970,1.37237,138.41023,1.00000,50.00000,0.20000,1.00000,6.00000,0.10000,0.15000,0.45000
98.30000,13.21127,2.06185,1.37251,138.47839,1.00000,50.00000,0.20000,1.00000,6.00000,0.10000,0.15000,0.45000
98.35000,13.23817,2.12498,1.37268,138.54648,1.00000,50.00000,0.20000,1.00000,6.00000,0.10000,0.15000,0.45000
98.40000,13.26287,2.18902,1.37287,138.61451,1.00000,50.00000,0.20000,1.00000,6.00000,0.10000,0.15000,0.45000
98.45000,13.28539,2.25387,1.37309,138.68249,1.00000,50.00000,0.20000,1.00000,6.00000,0.10000,0.15000,0.45000
98.50000,13.30572,2.31944,1.37333,138.75044,1.00000,50.00000,0.20000,1.00000,6.00000,0.10000,0.15000,0.45000
98.55000,13.32390,2.38566,1.37359,138.81835,1.00000,50.00000,0.20000,1.00000,6.00000,0.10000,0.15000,0.45000
98.60000,13.33994,2.45245,1.37387,138.88624,1.00000,50.00000,0.20000,1.00000,6.00000,0.10000,0.15000,0.45000
98.65000,13.35388,2.51971,1.37418,138.95412,1.00000,50.00000,0.20000,1.00000,6.00000,0.10000,0.15000,0.45000
98.70000,13.36575,2.58740,1.37451,139.02200,1.00000,50.00000,0.20000,1.00000,6.00000,0.10000,0.15000,0.45000
98.75000,13.37558,2.65542,1.37486,139.08987,1.00000,50.00000,0.20000,1.00000,6.00000,0.10000,0.15000,0.45000
98.80000,13.38342,2.72372,1.37522,139.15775,1.00000,50.00000,0.20000,1.00000,6.00000,0.10000,0.15000,0.45000
98.85000,13.38932,2.79224,1.37561,139.22565,1.00000,50.00000,0.20000,1.00000,6.00000,0.10000,0.15000,0.45000
98.90000,13.39332,2.86091,1.37601,139.29357,1.00000,50.00000,0.20000,1.00000,6.00000,0.10000,0.15000,0.45000
98.95000,13.39548,2.92968,1.37644,139.36151,1.00000,50.00000,0.20000,1.00000,6.00000,0.10000,0.15000,0.45000
99.00000,13.39585,2.99851,1.37687,139.42948,1.00000,50.00000,0.20000,1.00000,6.00000,0.10000,0.15000,0.45000
99.05000,13.39448,3.06735,1.37733,139.49749,1.00000,50.00000,0.20000,1.00000,6.00000,0.10000,0.15000,0.45000
99.10000,13.39143,3.13616,1.37780,139.56553,1.00000,50.00000,0.20000,1.00000,6.00000,0.10000,0.15000,0.45000
99.15000,13.38676,3.20490,1.37829,139.63362,1.00000,50.00000,0.20000,1.00000,6.00000,0.10000,0.15000,0.45000
99.20000,13.38052,3.27354,1.37880,139.70174,1.00000,50.00000,0.20000,1.00000,6.00000,0.10000,0.15000,0.45000
99.25000,13.37277,3.34206,1.37932,139.76992,1.00000,50.00000,0.20000,1.00000,6.00000,0.10000,0.15000,0.45000
99.30000,13.36358,3.41042,1.37985,139.83815,1.00000,50.00000,0.20000,1.00000,6.00000,0.10000,0.15000,0.45000
99.35000,13.35299,3.47861,1.38040,139.90643,1.00000,50.00000,0.20000,1.00000,6.00000,0.10000,0.15000,0.45000
99.40000,13.34107,3.54660,1.38097,139.97477,1.00000,50.00000,0.20000,1.00000,6.00000,0.10000,0.15000,0.45000
99.45000,13.32788,3.61439,1.38156,140.04317,1.00000,50.00000,0.20000,1.00000,6.00000,0.10000,0.15000,0.45000
99.50000,13.31347,3.68197,1.38215,140.11163,1.00000,50.00000,0.20000,1.00000,6.00000,0.10000,0.15000,0.45000
99.55000,13.29790,3.74931,1.38277,140.18015,1.00000,50.00000,0.20000,1.00000,6.00000,0.10000,0.15000,0.45000
99.60000,13.28123,3.81642,1.38340,140.24873,1.00000,50.00000,0.20000,1.00000,6.00000,0.10000,0.15000,0.45000
99.65000,13.26351,3.88330,1.38405,140.31737,1.00000,50.00000,0.20000,1.00000,6.00000,0.10000,0.15000,0.45000
99.70000,13.24480,3.94994,1.38471,140.38608,1.00000,50.00000,0.20000,1.00000,6.00000,0.10000,0.15000,0.45000
99.75000,13.22514,4.01635,1.38538,140.45485,1.00000,50.00000,0.20000,1.00000,6.00000,0.10000,0.15000,0.45000
99.80000,13.20460,4.08252,1.38608,140.52368,1.00000,50.00000,0.20000,1.00000,6.00000,0.10000,0.15000,0.45000
99.85000,13.18322,4.14846,1.38678,140.59258,1.00000,50.00000,0.20000,1.00000,6.00000,0.10000,0.15000,0.45000
99.90000,13.16106,4.21418,1.38751,140.66154,1.00000,50.00000,0.20000,1.00000,6.00000,0.10000,0.15000,0.45000
99.95000,13.13816,4.27969,1.38824,140.73057,1.00000,50.00000,0.20000,1.00000,6.00000,0.10000,0.15000,0.45000
100.00000,13.11458,4.34499,1.38901,140.79967,1.00000,50.00000,0.20000,1.00000,6.00000,0.10000,0.15000,0.45000
100.05000,13.09034,4.41009,1.38980,140.86883,1.00000,50.00000,0.20000,1.00000,6.00000,0.10000,0.15000,0.45000
100.10000,13.06550,4.47501,1.39062,140.93806,1.00000,50.00000,0.20000,1.00000,6.00000,0.10000,0.15000,0.45000
100.15000,13.04009,4.53976,1.39150,141.00736,1.00000,50.00000,0.20000,1.00000,6.00000,0.10000,0.15000,0.45000
100.20000,13.01416,4.60434,1.39241,141.07673,1.00000,50.00000,0.20000,1.00000,6.00000,0.10000,0.15000,0.45000
100.25000,12.98774,4.66878,1.39337,141.14616,1.00000,50.00000,0.20000,1.00000,6.00000,0.10000,0.15000,0.45000
100.30000,12.96088,4.73309,1.39436,141.21567,1.00000,50.00000,0.20000,1.00000,6.00000,0.10000,0.15000,0.45000
100.35000,12.93362,4.79729,1.39538,141.28524,1.00000,50.00000,0.20000,1.00000,6.00000,0.10000,0.15000,0.45000
100.40000,12.90599,4.86138,1.39642,141.35489,1.00000,50.00000,0.20000,1.00000,6.00000,0.10000,0.15000,0.45000
100.45000,12.87804,4.92539,1.39750,141.42460,1.00000,50.00000,0.20000,1.00000,6.00000,0.10000,0.15000,0.45000
100.50000,12.84979,4.98933,1.39859,141.49438,1.00000,50.00000,0.20000,1.00000,6.00000,0.10000,0.15000,0.45000
100.55000,12.82128,5.05321,1.39970,141.56424,1.00000,50.00000,0.20000,1.00000,6.00000,0.10000,0.15000,0.45000
100.60000,12.79254,5.11705,1.40083,141.63416,1.00000,50.00000,0.20000,1.00000,6.00000,0.10000,0.15000,0.45000
100.65000,12.76359,5.18087,1.40196,141.70415,1.00000,50.00000,0.20000,1.00000,6.00000,0.10000,0.15000,0.45000
100.70000,12.73446,5.24466,1.40311,141.77420,1.00000,50.00000,0.20000,1.00000,6.00000,0.10000,0.15000,0.45000
100.75000,12.70518,5.30844,1.40426,141.84432,1.00000,50.00000,0.20000,1.00000,6.00000,0.10000,0.15000,0.45000
100.80000,12.67575,5.37222,1.40542,141.91451,1.00000,50.00000,0.20000,1.00000,6.00000,0.10000,0.15000,0.45000
100.85000,12.64621,5.43601,1.40657,141.98478,1.00000,50.00000,0.20000,1.00000,6.00000,0.10000,0.15000,0.45000
100.90000,12.61655,5.49981,1.40772,142.05510,1.00000,50.00000,0.20000,1.00000,6.00000,0.10000,0.15000,0.45000
100.95000,12.58679,5.56363,1.40886,142.12545,1.00000,50.00000,0.20000,1.00000,6.00000,0.10000,0.15000,0.45000
101.00000,12.55695,5.62747,1.40999,142.19585,1.00000,50.00000,0.20000,1.00000,6.00000,0.10000,0.15000,0.45000
101.05000,12.52702,5.69133,1.41111,142.26642,1.00000,50.00000,0.20000,1.00000,6.00000,0.10000,0.15000,0.45000
101.10000,12.49701,5.75522,1.41221,142.33729,1.00000,50.00000,0.20000,1.00000,6.00000,0.10000,0.15000,0.45000
101.15000,12.46691,5.81912,1.41329,142.40845,1.00000,50.00000,0.20000,1.00000,6.00000,0.10000,0.15000,0.45000
101.20000,12.43673,5.88305,1.41435,142.47977,1.00000,50.00000,0.20000,1.00000,6.00000,0.10000,0.15000,0.45000
101.25000,12.40646,5.94699,1.41539,142.55115,1.00000,50.00000,0.20000,1.00000,6.00000,0.10000,0.15000,0.45000
101.30000,12.37609,6.01094,1.41640,142.62244,1.00000,50.00000,0.20000,1.00000,6.00000,0.10000,0.15000,0.45000
101.35000,12.34562,6.07489,1.41739,142.69352,1.00000,50.00000,0.20000,1.00000,6.00000,0.10000,0.15000,0.45000
101.40000,12.31502,6.13884,1.41835,142.76441,1.00000,50.00000,0.20000,1.00000,6.00000,0.10000,0.15000,0.45000
101.45000,12.28429,6.20278,1.41928,142.83528,1.00000,50.00000,0.20000,1.00000,6.00000,0.10000,0.15000,0.45000
101.50000,12.25341,6.26670,1.42019,142.90622,1.00000,50.00000,0.20000,1.00000,6.00000,0.10000,0.15000,0.45000
101.55000,12.22236,6.33059,1.42108,142.97724,1.00000,50.00000,0.20000,1.00000,6.00000,0.10000,0.15000,0.45000
101.60000,12.19113,6.39443,1.42194,143.04831,1.00000,50.00000,0.20000,1.00000,6.00000,0.10000,0.15000,0.45000
101.65000,12.15968,6.45822,1.42277,143.11941,1.00000,50.00000,0.20000,1.00000,6.00000,0.10000,0.15000,0.45000
101.70000,12.12800,6.52194,1.42358,143.19055,1.00000,50.00000,0.20000,1.00000,6.00000,0.10000,0.15000,0.45000
101.75000,12.09606,6.58557,1.42437,143.26173,1.00000,50.00000,0.20000,1.00000,6.00000,0.10000,0.15000,0.45000
101.80000,12.06383,6.64910,1.42513,143.33297,1.00000,50.00000,0.20000,1.00000,6.00000,0.10000,0.15000,0.45000
101.85000,12.03128,6.71251,1.42586,143.40426,1.00000,50.00000,0.20000,1.00000,6.00000,0.10000,0.15000,0.45000
101.90000,11.99839,6.77578,1.42658,143.47559,1.00000,50.00000,0.20000,1.00000,6.00000,0.10000,0.15000,0.45000
101.95000,11.96512,6.83889,1.42727,143.54696,1.00000,50.00000,0.20000,1.00000,6.00000,0.10000,0.15000,0.45000
102.00000,11.93143,6.90182,1.42793,143.61839,1.00000,50.00000,0.20000,1.00000,6.00000,0.10000,0.15000,0.45000
102.05000,11.89730,6.96455,1.42858,143.68986,1.00000,50.00000,0.20000,1.00000,6.00000,0.10000,0.15000,0.45000
102.10000,11.86269,7.02705,1.42920,143.76138,1.00000,50.00000,0.20000,1.00000,6.00000,0.10000,0.15000,0.45000
102.15000,11.82756,7.08930,1.42980,143.83295,1.00000,50.00000,0.20000,1.00000,6.00000,0.10000,0.15000,0.45000
102.20000,11.79187,7.15126,1.43037,143.90456,1.00000,50.00000,0.20000,1.00000,6.00000,0.10000,0.15000,0.45000
102.25000,11.75560,7.21291,1.43093,143.97623,1.00000,50.00000,0.20000,1.00000,6.00000,0.10000,0.15000,0.45000
102.30000,11.71869,7.27422,1.43146,144.04794,1.00000,50.00000,0.20000,1.00000,6.00000,0.10000,0.15000,0.45000
102.35000,11.68112,7.33515,1.43198,144.11969,1.00000,50.00000,0.20000,1.00000,6.00000,0.10000,0.15000,0.45000
102.40000,11.64284,7.39568,1.43247,144.19149,1.00000,50.00000,0.20000,1.00000,6.00000,0.10000,0.15000,0.45000
102.45000,11.60382,7.45575,1.43295,144.26334,1.00000,50.00000,0.20000,1.00000,6.00000,0.10000,0.15000,0.45000
102.50000,11.56403,7.51535,1.43340,144.33523,1.00000,50.00000,0.20000,1.00000,6.00000,0.10000,0.15000,0.45000
102.55000,11.52343,7.57442,1.43384,144.40715,1.00000,50.00000,0.20000,1.00000,6.00000,0.10000,0.15000,0.45000
102.60000,11.48199,7.63294,1.43426,144.47912,1.00000,50.00000,0.20000,1.00000,6.00000,0.10000,0.15000,0.45000
102.65000,11.43968,7.69085,1.43467,144.55112,1.00000,50.00000,0.20000,1.00000,6.00000,0.10000,0.15000,0.45000
102.70000,11.39646,7.74811,1.43505,144.62315,1.00000,50.00000,0.20000,1.00000,6.00000,0.10000,0.15000,0.45000
102.75000,11.35231,7.80469,1.43543,144.69522,1.00000,50.00000,0.20000,1.00000,6.00000,0.10000,0.15000,0.45000
102.80000,11.30720,7.86052,1.43579,144.76731,1.00000,50.00000,0.20000,1.00000,6.00000,0.10000,0.15000,0.45000
102.85000,11.26112,7.91558,1.43613,144.83942,1.00000,50.00000,0.20000,1.00000,6.00000,0.10000,0.15000,0.45000
102.90000,11.21405,7.96981,1.43647,144.91155,1.00000,50.00000,0.20000,1.00000,6.00000,0.10000,0.15000,0.45000
102.95000,11.16596,8.02317,1.43679,144.98370,1.00000,50.00000,0.20000,1.00000,6.00000,0.10000,0.15000,0.45000
103.00000,11.11684,8.07561,1.43711,145.05587,1.00000,50.00000,0.20000,1.00000,6.00000,0.10000,0.15000,0.45000
103.05000,11.06668,8.12707,1.43741,145.12804,1.00000,50.00000,0.20000,1.00000,6.00000,0.10000,0.15000,0.45000
103.10000,11.01548,8.17751,1.43771,145.20022,1.00000,50.00000,0.20000,1.00000,6.00000,0.10000,0.15000,0.45000
103.15000,10.96321,8.22688,1.43800,145.27241,1.00000,50.00000,0.20000,1.00000,6.00000,0.10000,0.15000,0.45000
103.20000,10.90990,8.27512,1.43829,145.34459,1.00000,50.00000,0.20000,1.00000,6.00000,0.10000,0.15000,0.45000
103.25000,10.85554,8.32222,1.43858,145.41677,1.00000,50.00000,0.20000,1.00000,6.00000,0.10000,0.15000,0.45000
103.30000,10.80016,8.36812,1.43886,145.48895,1.00000,50.00000,0.20000,1.00000,6.00000,0.10000,0.15000,0.45000
103.35000,10.74375,8.41278,1.43912,145.56112,1.00000,50.00000,0.20000,1.00000,6.00000,0.10000,0.15000,0.45000
103.40000,10.68631,8.45613,1.43939,145.63328,1.00000,50.00000,0.20000,1.00000,6.00000,0.10000,0.15000,0.45000
103.45000,10.62785,8.49812,1.43967,145.70542,1.00000,50.00000,0.20000,1.00000,6.00000,0.10000,0.15000,0.45000
103.50000,10.56840,8.53871,1.43996,145.77754,1.00000,50.00000,0.20000,1.00000,6.00000,0.10000,0.15000,0.45000
103.55000,10.50796,8.57786,1.44027,145.84963,1.00000,50.00000,0.20000,1.00000,6.00000,0.10000,0.15000,0.45000
103.60000,10.44658,8.61553,1.44058,145.92170,1.00000,50.00000,0.20000,1.00000,6.00000,0.10000,0.15000,0.45000
103.65000,10.38428,8.65169,1.44090,145.99377,1.00000,50.00000,0.20000,1.00000,6.00000,0.10000,0.15000,0.45000
103.70000,10.32109,8.68631,1.44123,146.06585,1.00000,50.00000,0.20000,1.00000,6.00000,0.10000,0.15000,0.45000
103.75000,10.25705,8.71936,1.44158,146.13790,1.00000,50.00000,0.20000,1.00000,6.00000,0.10000,0.15000,0.45000
103.80000,10.19218,8.75081,1.44194,146.20991,1.00000,50.00000,0.20000,1.00000,6.00000,0.10000,0.15000,0.45000
103.85000,10.12654,8.78064,1.44231,146.28189,1.00000,50.00000,0.20000,1.00000,6.00000,0.10000,0.15000,0.45000
103.90000,10.06016,8.80884,1.44270,146.35384,1.00000,50.00000,0.20000,1.00000,6.00000,0.10000,0.15000,0.45000
103.95000,9.99308,8.83539,1.44311,146.42579,1.00000,50.00000,0.20000,1.00000,6.00000,0.10000,0.15000,0.45000
104.00000,9.92535,8.86031,1.44353,146.49772,1.00000,50.00000,0.20000,1.00000,6.00000,0.10000,0.15000,0.45000
104.05000,9.85702,8.88357,1.44397,146.56964,1.00000,50.00000,0.20000,1.00000,6.00000,0.10000,0.15000,0.45000
104.10000,9.78812,8.90520,1.44442,146.64156,1.00000,50.00000,0.20000,1.00000,6.00000,0.10000,0.15000,0.45000
104.15000,9.71871,8.92518,1.44489,146.71352,1.00000,50.00000,0.20000,1.00000,6.00000,0.10000,0.15000,0.45000
104.20000,9.64883,8.94354,1.44536,146.78551,1.00000,50.00000,0.20000,1.00000,6.00000,0.10000,0.15000,0.45000
104.25000,9.57852,8.96028,1.44585,146.85744,1.00000,50.00000,0.20000,1.00000,6.00000,0.10000,0.15000,0.45000
104.30000,9.50782,8.97542,1.44635,146.92921,1.00000,50.00000,0.20000,1.00000,6.00000,0.10000,0.15000,0.45000
104.35000,9.43677,8.98898,1.44687,147.00091,1.00000,50.00000,0.20000,1.00000,6.00000,0.10000,0.15000,0.45000
104.40000,9.36542,9.00098,1.44740,147.07285,1.00000,50.00000,0.20000,1.00000,6.00000,0.10000,0.15000,0.45000
104.45000,9.29379,9.01144,1.44794,147.14517,1.00000,50.00000,0.20000,1.00000,6.00000,0.10000,0.15000,0.45000
104.50000,9.22194,9.02039,1.44847,147.21770,1.00000,50.00000,0.20000,1.00000,6.00000,0.10000,0.15000,0.45000
104.55000,9.14989,9.02783,1.44901,147.29001,1.00000,50.00000,0.20000,1.00000,6.00000,0.10000,0.15000,0.45000
104.60000,9.07767,9.03379,1.44956,147.36202,1.00000,50.00000,0.20000,1.00000,6.00000,0.10000,0.15000,0.45000
104.65000,9.00532,9.03827,1.45012,147.43398,1.00000,50.00000,0.20000,1.00000,6.00000,0.10000,0.15000,0.45000
104.70000,8.93286,9.04131,1.45070,147.50605,1.00000,50.00000,0.20000,1.00000,6.00000,0.10000,0.15000,0.45000
104.75000,8.86033,9.04292,1.45128,147.57825,1.00000,50.00000,0.20000,1.00000,6.00000,0.10000,0.15000,0.45000
104.80000,8.78776,9.04314,1.45187,147.65049,1.00000,50.00000,0.20000,1.00000,6.00000,0.10000,0.15000,0.45000
104.85000,8.71516,9.04200,1.45248,147.72275,1.00000,50.00000,0.20000,1.00000,6.00000,0.10000,0.15000,0.45000
104.90000,8.64256,9.03950,1.45310,147.79502,1.00000,50.00000,0.20000,1.00000,6.00000,0.10000,0.15000,0.45000
104.95000,8.56999,9.03570,1.45373,147.86731,1.00000,50.00000,0.20000,1.00000,6.00000,0.10000,0.15000,0.45000
105.00000,8.49747,9.03063,1.45438,147.93961,1.00000,50.00000,0.20000,1.00000,6.00000,0.10000,0.15000,0.45000
105.05000,8.42501,9.02430,1.45504,148.01194,1.00000,50.00000,0.20000,1.00000,6.00000,0.10000,0.15000,0.45000
105.10000,8.35263,9.01678,1.45572,148.08431,1.00000,50.00000,0.20000,1.00000,6.00000,0.10000,0.15000,0.45000
105.15000,8.28035,9.00808,1.45642,148.15671,1.00000,50.00000,0.20000,1.00000,6.00000,0.10000,0.15000,0.45000
105.20000,8.20818,8.99826,1.45714,148.22916,1.00000,50.00000,0.20000,1.00000,6.00000,0.10000,0.15000,0.45000
105.25000,8.13612,8.98736,1.45787,148.30165,1.00000,50.00000,0.20000,1.00000,6.00000,0.10000,0.15000,0.45000
105.30000,8.06420,8.97541,1.45861,148.37420,1.00000,50.00000,0.20000,1.00000,6.00000,0.10000,0.15000,0.45000
105.35000,7.99241,8.96246,1.45938,148.44680,1.00000,50.00000,0.20000,1.00000,6.00000,0.10000,0.15000,0.45000
105.40000,7.92075,8.94856,1.46016,148.51945,1.00000,50.00000,0.20000,1.00000,6.00000,0.10000,0.15000,0.45000
105.45000,7.84924,8.93376,1.46096,148.59215,1.00000,50.00000,0.20000,1.00000,6.00000,0.10000,0.15000,0.45000
105.50000,7.77787,8.91810,1.46178,148.66492,1.00000,50.00000,0.20000,1.00000,6.00000,0.10000,0.15000,0.45000
105.55000,7.70664,8.90162,1.46262,148.73774,1.00000,50.00000,0.20000,1.00000,6.00000,0.10000,0.15000,0.45000
105.60000,7.63555,8.88439,1.46347,148.81061,1.00000,50.00000,0.20000,1.00000,6.00000,0.10000,0.15000,0.45000
105.65000,7.56459,8.86644,1.46434,148.88356,1.00000,50.00000,0.20000,1.00000,6.00000,0.10000,0.15000,0.45000
105.70000,7.49376,8.84782,1.46523,148.95656,1.00000,50.00000,0.20000,1.00000,6.00000,0.10000,0.15000,0.45000
105.75000,7.42304,8.82859,1.46613,149.02963,1.00000,50.00000,0.20000,1.00000,6.00000,0.10000,0.15000,0.45000
105.80000,7.35244,8.80878,1.46705,149.10276,1.00000,50.00000,0.20000,1.00000,6.00000,0.10000,0.15000,0.45000
105.85000,7.28193,8.78846,1.46799,149.17595,1.00000,50.00000,0.20000,1.00000,6.00000,0.10000,0.15000,0.45000
105.90000,7.21152,8.76766,1.46894,149.24921,1.00000,50.00000,0.20000,1.00000,6.00000,0.10000,0.15000,0.45000
105.95000,7.14118,8.74644,1.46991,149.32254,1.00000,50.00000,0.20000,1.00000,6.00000,0.10000,0.15000,0.45000
106.00000,7.07090,8.72484,1.47090,149.39593,1.00000,50.00000,0.20000,1.00000,6.00000,0.10000,0.15000,0.45000
106.05000,7.00068,8.70291,1.47190,149.46939,1.00000,50.00000,0.20000,1.00000,6.00000,0.10000,0.15000,0.45000
106.10000,6.93049,8.68068,1.47292,149.54292,1.00000,50.00000,0.20000,1.00000,6.00000,0.10000,0.15000,0.45000
106.15000,6.86033,8.65821,1.47396,149.61651,1.00000,50.00000,0.20000,1.00000,6.00000,0.10000,0.15000,0.45000
106.20000,6.79018,8.63553,1.47501,149.69017,1.00000,50.00000,0.20000,1.00000,6.00000,0.10000,0.15000,0.45000
106.25000,6.72003,8.61270,1.47607,149.76390,1.00000,50.00000,0.20000,1.00000,6.00000,0.10000,0.15000,0.45000
106.30000,6.64986,8.58973,1.47715,149.83769,1.00000,50.00000,0.20000,1.00000,6.00000,0.10000,0.15000,0.45000
106.35000,6.57966,8.56668,1.47825,149.91154,1.00000,50.00000,0.20000,1.00000,6.00000,0.10000,0.15000,0.45000
106.40000,6.50942,8.54359,1.47936,149.98546,1.00000,50.00000,0.20000,1.00000,6.00000,0.10000,0.15000,0.45000
106.45000,6.43913,8.52047,1.48048,150.05945,1.00000,50.00000,0.20000,1.00000,6.00000,0.10000,0.15000,0.45000
106.50000,6.36877,8.49737,1.48162,150.13349,1.00000,50.00000,0.20000,1.00000,6.00000,0.10000,0.15000,0.45000
106.55000,6.29834,8.47432,1.48278,150.20760,1.00000,50.00000,0.20000,1.00000,6.00000,0.10000,0.15000,0.45000
106.60000,6.22781,8.45136,1.48398,150.28177,1.00000,50.00000,0.20000,1.00000,6.00000,0.10000,0.15000,0.45000
106.65000,6.15719,8.42851,1.48523,150.35600,1.00000,50.00000,0.20000,1.00000,6.00000,0.10000,0.15000,0.45000
106.70000,6.08645,8.40581,1.48653,150.43031,1.00000,50.00000,0.20000,1.00000,6.00000,0.10000,0.15000,0.45000
106.75000,6.01558,8.38329,1.48787,150.50468,1.00000,50.00000,0.20000,1.00000,6.00000,0.10000,0.15000,0.45000
106.80000,5.94457,8.36098,1.48924,150.57911,1.00000,50.00000,0.20000,1.00000,6.00000,0.10000,0.15000,0.45000
106.85000,5.87343,8.33889,1.49066,150.65362,1.00000,50.00000,0.20000,1.00000,6.00000,0.10000,0.15000,0.45000
106.90000,5.80213,8.31705,1.49210,150.72821,1.00000,50.00000,0.20000,1.00000,6.00000,0.10000,0.15000,0.45000
106.95000,5.73067,8.29546,1.49358,150.80286,1.00000,50.00000,0.20000,1.00000,6.00000,0.10000,0.15000,0.45000
107.00000,5.65906,8.27415,1.49508,150.87759,1.00000,50.00000,0.20000,1.00000,6.00000,0.10000,0.15000,0.45000
107.05000,5.58729,8.25311,1.49660,150.95239,1.00000,50.00000,0.20000,1.00000,6.00000,0.10000,0.15000,0.45000
107.10000,5.51536,8.23236,1.49815,151.02726,1.00000,50.00000,0.20000,1.00000,6.00000,0.10000,0.15000,0.45000
107.15000,5.44326,8.21189,1.49971,151.10222,1.00000,50.00000,0.20000,1.00000,6.00000,0.10000,0.15000,0.45000
107.20000,5.37100,8.19171,1.50129,151.17725,1.00000,50.00000,0.20000,1.00000,6.00000,0.10000,0.15000,0.45000
107.25000,5.29858,8.17181,1.50287,151.25235,1.00000,50.00000,0.20000,1.00000,6.00000,0.10000,0.15000,0.45000
107.30000,5.22600,8.15219,1.50447,151.32753,1.00000,50.00000,0.20000,1.00000,6.00000,0.10000,0.15000,0.45000
107.35000,5.15327,8.13284,1.50606,151.40278,1.00000,50.00000,0.20000,1.00000,6.00000,0.10000,0.15000,0.45000
107.40000,5.08038,8.11376,1.50766,151.47813,1.00000,50.00000,0.20000,1.00000,6.00000,0.10000,0.15000,0.45000
107.45000,5.00735,8.09492,1.50926,151.55358,1.00000,50.00000,0.20000,1.00000,6.00000,0.10000,0.15000,0.45000
107.50000,4.93417,8.07633,1.51085,151.62908,1.00000,50.00000,0.20000,1.00000,6.00000,0.10000,0.15000,0.45000
107.55000,4.86085,8.05796,1.51243,151.70455,1.00000,50.00000,0.20000,1.00000,6.00000,0.10000,0.15000,0.45000
107.60000,4.78740,8.03980,1.51400,151.78012,1.00000,50.00000,0.20000,1.00000,6.00000,0.10000,0.15000,0.45000
107.65000,4.71383,8.02184,1.51556,151.85626,1.00000,50.00000,0.20000,1.00000,6.00000,0.10000,0.15000,0.45000
107.70000,4.64012,8.00406,1.51709,151.93311,1.00000,50.00000,0.20000,1.00000,6.00000,0.10000,0.15000,0.45000
107.75000,4.56631,7.98644,1.51860,152.01020,1.00000,50.00000,0.20000,1.00000,6.00000,0.10000,0.15000,0.45000
107.80000,4.49238,7.96896,1.52009,152.08681,1.00000,50.00000,0.20000,1.00000,6.00000,0.10000,0.15000,0.45000
107.85000,4.41834,7.95161,1.52156,152.16294,1.00000,50.00000,0.20000,1.00000,6.00000,0.10000,0.15000,0.45000
107.90000,4.34421,7.93437,1.52300,152.23899,1.00000,50.00000,0.20000,1.00000,6.00000,0.10000,0.15000,0.45000
107.95000,4.26998,7.91721,1.52442,152.31516,1.00000,50.00000,0.20000,1.00000,6.00000,0.10000,0.15000,0.45000
108.00000,4.19566,7.90012,1.52581,152.39144,1.00000,50.00000,0.20000,1.00000,6.00000,0.10000,0.15000,0.45000
108.05000,4.12127,7.88307,1.52718,152.46777,1.00000,50.00000,0.20000,1.00000,6.00000,0.10000,0.15000,0.45000
108.10000,4.04679,7.86604,1.52853,152.54414,1.00000,50.00000,0.20000,1.00000,6.00000,0.10000,0.15000,0.45000
108.15000,3.97226,7.84901,1.52985,152.62057,1.00000,50.00000,0.20000,1.00000,6.00000,0.10000,0.15000,0.45000
108.20000,3.89766,7.83195,1.53115,152.69708,1.00000,50.00000,0.20000,1.00000,6.00000,0.10000,0.15000,0.45000
108.25000,3.82300,7.81484,1.53243,152.77366,1.00000,50.00000,0.20000,1.00000,6.00000,0.10000,0.15000,0.45000
108.30000,3.74830,7.79765,1.53368,152.85030,1.00000,50.00000,0.20000,1.00000,6.00000,0.10000,0.15000,0.45000
108.35000,3.67357,7.78035,1.53490,152.92700,1.00000,50.00000,0.20000,1.00000,6.00000,0.10000,0.15000,0.45000
108.40000,3.59880,7.76291,1.53611,153.00376,1.00000,50.00000,0.20000,1.00000,6.00000,0.10000,0.15000,0.45000
108.45000,3.52400,7.74531,1.53729,153.08059,1.00000,50.00000,0.20000,1.00000,6.00000,0.10000,0.15000,0.45000
108.50000,3.44920,7.72752,1.53844,153.15748,1.00000,50.00000,0.20000,1.00000,6.00000,0.10000,0.15000,0.45000
108.55000,3.37439,7.70950,1.53958,153.23443,1.00000,50.00000,0.20000,1.00000,6.00000,0.10000,0.15000,0.45000
108.60000,3.29958,7.69122,1.54069,153.31144,1.00000,50.00000,0.20000,1.00000,6.00000,0.10000,0.15000,0.45000
108.65000,3.22479,7.67266,1.54178,153.38851,1.00000,50.00000,0.20000,1.00000,6.00000,0.10000,0.15000,0.45000
108.70000,3.15002,7.65377,1.54285,153.46564,1.00000,50.00000,0.20000,1.00000,6.00000,0.10000,0.15000,0.45000
108.75000,3.07529,7.63454,1.54390,153.54283,1.00000,50.00000,0.20000,1.00000,6.00000,0.10000,0.15000,0.45000
108.80000,3.00060,7.61491,1.54492,153.62008,1.00000,50.00000,0.20000,1.00000,6.00000,0.10000,0.15000,0.45000
108.85000,2.92598,7.59487,1.54593,153.69739,1.00000,50.00000,0.20000,1.00000,6.00000,0.10000,0.15000,0.45000
108.90000,2.85142,7.57437,1.54692,153.77476,1.00000,50.00000,0.20000,1.00000,6.00000,0.10000,0.15000,0.45000
108.95000,2.77695,7.55338,1.54789,153.85218,1.00000,50.00000,0.20000,1.00000,6.00000,0.10000,0.15000,0.45000
109.00000,2.70258,7.53187,1.54884,153.92965,1.00000,50.00000,0.20000,1.00000,6.00000,0.10000,0.15000,0.45000
109.05000,2.62833,7.50979,1.54977,154.00718,1.00000,50.00000,0.20000,1.00000,6.00000,0.10000,0.15000,0.45000
109.10000,2.55421,7.48712,1.55069,154.08477,1.00000,50.00000,0.20000,1.00000,6.00000,0.10000,0.15000,0.45000
109.15000,2.48023,7.46382,1.55160,154.16241,1.00000,50.00000,0.20000,1.00000,6.00000,0.10000,0.15000,0.45000
109.20000,2.40643,7.43986,1.55249,154.24009,1.00000,50.00000,0.20000,1.00000,6.00000,0.10000,0.15000,0.45000
109.25000,2.33280,7.41519,1.55337,154.31783,1.00000,50.00000,0.20000,1.00000,6.00000,0.10000,0.15000,0.45000
109.30000,2.25939,7.38978,1.55423,154.39562,1.00000,50.00000,0.20000,1.00000,6.00000,0.10000,0.15000,0.45000
109.35000,2.18619,7.36360,1.55509,154.47346,1.00000,50.00000,0.20000,1.00000,6.00000,0.10000,0.15000,0.45000
109.40000,2.11325,7.33661,1.55593,154.55135,1.00000,50.00000,0.20000,1.00000,6.00000,0.10000,0.15000,0.45000
109.45000,2.04058,7.30879,1.55676,154.62928,1.00000,50.00000,0.20000,1.00000,6.00000,0.10000,0.15000,0.45000
109.50000,1.96820,7.28010,1.55759,154.70725,1.00000,50.00000,0.20000,1.00000,6.00000,0.10000,0.15000,0.45000
109.55000,1.89613,7.25052,1.55840,154.78527,1.00000,50.00000,0.20000,1.00000,6.00000,0.10000,0.15000,0.45000
109.60000,1.82441,7.22002,1.55920,154.86334,1.00000,50.00000,0.20000,1.00000,6.00000,0.10000,0.15000,0.45000
109.65000,1.75305,7.18857,1.56000,154.94144,1.00000,50.00000,0.20000,1.00000,6.00000,0.10000,0.15000,0.45000
109.70000,1.68209,7.15615,1.56079,155.01959,1.00000,50.00000,0.20000,1.00000,6.00000,0.10000,0.15000,0.45000
109.75000,1.61154,7.12274,1.56157,155.09777,1.00000,50.00000,0.20000,1.00000,6.00000,0.10000,0.15000,0.45000
109.80000,1.54144,7.08832,1.56234,155.17600,1.00000,50.00000,0.20000,1.00000,6.00000,0.10000,0.15000,0.45000
109.85000,1.47180,7.05289,1.56310,155.25426,1.00000,50.00000,0.20000,1.00000,6.00000,0.10000,0.15000,0.45000
109.90000,1.40265,7.01643,1.56385,155.33256,1.00000,50.00000,0.20000,1.00000,6.00000,0.10000,0.15000,0.45000
109.95000,1.33401,6.97893,1.56460,155.41090,1.00000,50.00000,0.20000,1.00000,6.00000,0.10000,0.15000,0.45000
110.00000,1.26592,6.94038,1.56534,155.48928,1.00000,50.00000,0.20000,1.00000,6.00000,0.10000,0.15000,0.45000
110.05000,1.19839,6.90078,1.56606,155.56770,1.00000,50.00000,0.20000,1.00000,6.00000,0.10000,0.15000,0.45000
110.10000,1.13145,6.86013,1.56678,155.64616,1.00000,50.00000,0.20000,1.00000,6.00000,0.10000,0.15000,0.45000
110.15000,1.06511,6.81843,1.56750,155.72465,1.00000,50.00000,0.20000,1.00000,6.00000,0.10000,0.15000,0.45000
110.20000,0.99940,6.77568,1.56820,155.80318,1.00000,50.00000,0.20000,1.00000,6.00000,0.10000,0.15000,0.45000
110.25000,0.93434,6.73188,1.56889,155.88174,1.00000,50.00000,0.20000,1.00000,6.00000,0.10000,0.15000,0.45000
110.30000,0.86996,6.68704,1.56957,155.96032,1.00000,50.00000,0.20000,1.00000,6.00000,0.10000,0.15000,0.45000
110.35000,0.80626,6.64117,1.57024,156.03893,1.00000,50.00000,0.20000,1.00000,6.00000,0.10000,0.15000,0.45000
110.40000,0.74328,6.59427,1.57090,156.11756,1.00000,50.00000,0.20000,1.00000,6.00000,0.10000,0.15000,0.45000
110.45000,0.68102,6.54635,1.57155,156.19621,1.00000,50.00000,0.20000,1.00000,6.00000,0.10000,0.15000,0.45000
110.50000,0.61952,6.49742,1.57219,156.27488,1.00000,50.00000,0.20000,1.00000,6.00000,0.10000,0.15000,0.45000
110.55000,0.55878,6.44749,1.57282,156.35357,1.00000,50.00000,0.20000,1.00000,6.00000,0.10000,0.15000,0.45000
110.60000,0.49883,6.39657,1.57344,156.43228,1.00000,50.00000,0.20000,1.00000,6.00000,0.10000,0.15000,0.45000
110.65000,0.43970,6.34466,1.57405,156.51101,1.00000,50.00000,0.20000,1.00000,6.00000,0.10000,0.15000,0.45000
110.70000,0.38139,6.29178,1.57466,156.58977,1.00000,50.00000,0.20000,1.00000,6.00000,0.10000,0.15000,0.45000
110.75000,0.32393,6.23793,1.57525,156.66854,1.00000,50.00000,0.20000,1.00000,6.00000,0.10000,0.15000,0.45000
110.80000,0.26735,6.18313,1.57583,156.74734,1.00000,50.00000,0.20000,1.00000,6.00000,0.10000,0.15000,0.45000
110.85000,0.21166,6.12737,1.57640,156.82616,1.00000,50.00000,0.20000,1.00000,6.00000,0.10000,0.15000,0.45000
110.90000,0.15688,6.07067,1.57697,156.90501,1.00000,50.00000,0.20000,1.00000,6.00000,0.10000,0.15000,0.45000
110.95000,0.10305,6.01304,1.57753,156.98388,1.00000,50.00000,0.20000,1.00000,6.00000,0.10000,0.15000,0.45000
111.00000,0.05018,5.95449,1.57808,157.06278,1.00000,50.00000,0.20000,1.00000,6.00000,0.10000,0.15000,0.45000
111.05000,-0.00170,5.89502,1.57863,157.14170,1.00000,50.00000,0.20000,1.00000,6.00000,0.10000,0.15000,0.45000
111.10000,-0.05256,5.83464,1.57917,157.22065,1.00000,50.00000,0.20000,1.00000,6.00000,0.10000,0.15000,0.45000
111.15000,-0.10238,5.77337,1.57971,157.29962,1.00000,50.00000,0.20000,1.00000,6.00000,0.10000,0.15000,0.45000
111.20000,-0.15113,5.71121,1.58024,157.37862,1.00000,50.00000,0.20000,1.00000,6.00000,0.10000,0.15000,0.45000
111.25000,-0.19879,5.64817,1.58077,157.45764,1.00000,50.00000,0.20000,1.00000,6.00000,0.10000,0.15000,0.45000
111.30000,-0.24532,5.58427,1.58130,157.53670,1.00000,50.00000,0.20000,1.00000,6.00000,0.10000,0.15000,0.45000
111.35000,-0.29071,5.51952,1.58183,157.61577,1.00000,50.00000,0.20000,1.00000,6.00000,0.10000,0.15000,0.45000
111.40000,-0.33493,5.45393,1.58236,157.69487,1.00000,50.00000,0.20000,1.00000,6.00000,0.10000,0.15000,0.45000
111.45000,-0.37795,5.38751,1.58289,157.77398,1.00000,50.00000,0.20000,1.00000,6.00000,0.10000,0.15000,0.45000
111.50000,-0.41975,5.32029,1.58343,157.85311,1.00000,50.00000,0.20000,1.00000,6.00000,0.10000,0.15000,0.45000
111.55000,-0.46030,5.25228,1.58396,157.93227,1.00000,50.00000,0.20000,1.00000,6.00000,0.10000,0.15000,0.45000
111.60000,-0.49959,5.18350,1.58451,158.01147,1.00000,50.00000,0.20000,1.00000,6.00000,0.10000,0.15000,0.45000
111.65000,-0.53759,5.11397,1.58506,158.09069,1.00000,50.00000,0.20000,1.00000,6.00000,0.10000,0.15000,0.45000
111.70000,-0.57429,5.04371,1.58561,158.16991,1.00000,50.00000,0.20000,1.00000,6.00000,0.10000,0.15000,0.45000
111.75000,-0.60967,4.97275,1.58617,158.24912,1.00000,50.00000,0.20000,1.00000,6.00000,0.10000,0.15000,0.45000
111.80000,-0.64372,4.90110,1.58674,158.32836,1.00000,50.00000,0.20000,1.00000,6.00000,0.10000,0.15000,0.45000
111.85000,-0.67642,4.82881,1.58732,158.40762,1.00000,50.00000,0.20000,1.00000,6.00000,0.10000,0.15000,0.45000
111.90000,-0.70776,4.75588,1.58791,158.48691,1.00000,50.00000,0.20000,1.00000,6.00000,0.10000,0.15000,0.45000
111.95000,-0.73775,4.68235,1.58851,158.56621,1.00000,50.00000,0.20000,1.00000,6.00000,0.10000,0.15000,0.45000
112.00000,-0.76637,4.60824,1.58912,158.64552,1.00000,50.00000,0.20000,1.00000,6.00000,0.10000,0.15000,0.45000
112.05000,-0.79362,4.53359,1.58974,158.72486,1.00000,50.00000,0.20000,1.00000,6.00000,0.10000,0.15000,0.45000
112.10000,-0.81950,4.45842,1.59037,158.80422,1.00000,50.00000,0.20000,1.00000,6.00000,0.10000,0.15000,0.45000
112.15000,-0.84402,4.38276,1.59101,158.88360,1.00000,50.00000,0.20000,1.00000,6.00000,0.10000,0.15000,0.45000
112.20000,-0.86718,4.30664,1.59165,158.96301,1.00000,50.00000,0.20000,1.00000,6.00000,0.10000,0.15000,0.45000
112.25000,-0.88898,4.23008,1.59231,159.04246,1.00000,50.00000,0.20000,1.00000,6.00000,0.10000,0.15000,0.45000
112.30000,-0.90943,4.15313,1.59297,159.12193,1.00000,50.00000,0.20000,1.00000,6.00000,0.10000,0.15000,0.45000
112.35000,-0.92854,4.07579,1.59364,159.20143,1.00000,50.00000,0.20000,1.00000,6.00000,0.10000,0.15000,0.45000
112.40000,-0.94632,3.99810,1.59432,159.28097,1.00000,50.00000,0.20000,1.00000,6.00000,0.10000,0.15000,0.45000
112.45000,-0.96278,3.92008,1.59501,159.36054,1.00000,50.00000,0.20000,1.00000,6.00000,0.10000,0.15000,0.45000
112.50000,-0.97792,3.84177,1.59570,159.44015,1.00000,50.00000,0.20000,1.00000,6.00000,0.10000,0.15000,0.45000
112.55000,-0.99175,3.76317,1.59640,159.51980,1.00000,50.00000,0.20000,1.00000,6.00000,0.10000,0.15000,0.45000
112.60000,-1.00430,3.68433,1.59711,159.59948,1.00000,50.00000,0.20000,1.00000,6.00000,0.10000,0.15000,0.45000
112.65000,-1.01555,3.60525,1.59782,159.67921,1.00000,50.00000,0.20000,1.00000,6.00000,0.10000,0.15000,0.45000
112.70000,-1.02553,3.52597,1.59853,159.75897,1.00000,50.00000,0.20000,1.00000,6.00000,0.10000,0.15000,0.45000
112.75000,-1.03425,3.44650,1.59926,159.83877,1.00000,50.00000,0.20000,1.00000,6.00000,0.10000,0.15000,0.45000
112.80000,-1.04171,3.36687,1.59998,159.91861,1.00000,50.00000,0.20000,1.00000,6.00000,0.10000,0.15000,0.45000
112.85000,-1.04792,3.28710,1.60072,159.99849,1.00000,50.00000,0.20000,1.00000,6.00000,0.10000,0.15000,0.45000
112.90000,-1.05289,3.20720,1.60146,160.07841,1.00000,50.00000,0.20000,1.00000,6.00000,0.10000,0.15000,0.45000
112.95000,-1.05664,3.12719,1.60220,160.15836,1.00000,50.00000,0.20000,1.00000,6.00000,0.10000,0.15000,0.45000
113.00000,-1.05916,3.04711,1.60295,160.23835,1.00000,50.00000,0.20000,1.00000,6.00000,0.10000,0.15000,0.45000
113.05000,-1.06048,2.96695,1.60371,160.31837,1.00000,50.00000,0.20000,1.00000,6.00000,0.10000,0.15000,0.45000
113.10000,-1.06059,2.88675,1.60448,160.39842,1.00000,50.00000,0.20000,1.00000,6.00000,0.10000,0.15000,0.45000
113.15000,-1.05952,2.80651,1.60525,160.47851,1.00000,50.00000,0.20000,1.00000,6.00000,0.10000,0.15000,0.45000
113.20000,-1.05726,2.72626,1.60603,160.55864,1.00000,50.00000,0.20000,1.00000,6.00000,0.10000,0.15000,0.45000
113.25000,-1.05385,2.64601,1.60682,160.63879,1.00000,50.00000,0.20000,1.00000,6.00000,0.10000,0.15000,0.45000
113.30000,-1.04928,2.56578,1.60762,160.71898,1.00000,50.00000,0.20000,1.00000,6.00000,0.10000,0.15000,0.45000
113.35000,-1.04357,2.48559,1.60843,160.79921,1.00000,50.00000,0.20000,1.00000,6.00000,0.10000,0.15000,0.45000
113.40000,-1.03675,2.40544,1.60925,160.87947,1.00000,50.00000,0.20000,1.00000,6.00000,0.10000,0.15000,0.45000
113.45000,-1.02881,2.32534,1.61008,160.95977,1.00000,50.00000,0.20000,1.00000,6.00000,0.10000,0.15000,0.45000
113.50000,-1.01980,2.24533,1.61093,161.04011,1.00000,50.00000,0.20000,1.00000,6.00000,0.10000,0.15000,0.45000
113.55000,-1.00971,2.16539,1.61178,161.12048,1.00000,50.00000,0.20000,1.00000,6.00000,0.10000,0.15000,0.45000
113.60000,-0.99858,2.08556,1.61265,161.20090,1.00000,50.00000,0.20000,1.00000,6.00000,0.10000,0.15000,0.45000
113.65000,-0.98642,2.00582,1.61353,161.28136,1.00000,50.00000,0.20000,1.00000,6.00000,0.10000,0.15000,0.45000
113.70000,-0.97327,1.92620,1.61442,161.36186,1.00000,50.00000,0.20000,1.00000,6.00000,0.10000,0.15000,0.45000
113.75000,-0.95914,1.84671,1.61533,161.44240,1.00000,50.00000,0.20000,1.00000,6.00000,0.10000,0.15000,0.45000
113.80000,-0.94406,1.76734,1.61626,161.52299,1.00000,50.00000,0.20000,1.00000,6.00000,0.10000,0.15000,0.45000
113.85000,-0.92805,1.68810,1.61722,161.60363,1.00000,50.00000,0.20000,1.00000,6.00000,0.10000,0.15000,0.45000
113.90000,-0.91112,1.60901,1.61822,161.68432,1.00000,50.00000,0.20000,1.00000,6.00000,0.10000,0.15000,0.45000
113.95000,-0.89330,1.53006,1.61926,161.76507,1.00000,50.00000,0.20000,1.00000,6.00000,0.10000,0.15000,0.45000
114.00000,-0.87460,1.45126,1.62035,161.84587,1.00000,50.00000,0.20000,1.00000,6.00000,0.10000,0.15000,0.45000
114.05000,-0.85506,1.37260,1.62148,161.92674,1.00000,50.00000,0.20000,1.00000,6.00000,0.10000,0.15000,0.45000
114.10000,-0.83472,1.29409,1.62264,162.00767,1.00000,50.00000,0.20000,1.00000,6.00000,0.10000,0.15000,0.45000
114.15000,-0.81362,1.21572,1.62383,162.08866,1.00000,50.00000,0.20000,1.00000,6.00000,0.10000,0.15000,0.45000
114.20000,-0.79179,1.13749,1.62505,162.16973,1.00000,50.00000,0.20000,1.00000,6.00000,0.10000,0.15000,0.45000
114.25000,-0.76928,1.05938,1.62630,162.25086,1.00000,50.00000,0.20000,1.00000,6.00000,0.10000,0.15000,0.45000
114.30000,-0.74614,0.98140,1.62756,162.33207,1.00000,50.00000,0.20000,1.00000,6.00000,0.10000,0.15000,0.45000
114.35000,-0.72241,0.90352,1.62885,162.41335,1.00000,50.00000,0.20000,1.00000,6.00000,0.10000,0.15000,0.45000
114.40000,-0.69813,0.82575,1.63015,162.49470,1.00000,50.00000,0.20000,1.00000,6.00000,0.10000,0.15000,0.45000
114.45000,-0.67335,0.74807,1.63146,162.57613,1.00000,50.00000,0.20000,1.00000,6.00000,0.10000,0.15000,0.45000
114.50000,-0.64811,0.67046,1.63278,162.65763,1.00000,50.00000,0.20000,1.00000,6.00000,0.10000,0.15000,0.45000
114.55000,-0.62244,0.59293,1.63411,162.73921,1.00000,50.00000,0.20000,1.00000,6.00000,0.10000,0.15000,0.45000
114.60000,-0.59641,0.51545,1.63544,162.82086,1.00000,50.00000,0.20000,1.00000,6.00000,0.10000,0.15000,0.45000
114.65000,-0.57003,0.43801,1.63676,162.90260,1.00000,50.00000,0.20000,1.00000,6.00000,0.10000,0.15000,0.45000
114.70000,-0.54335,0.36061,1.63808,162.98442,1.00000,50.00000,0.20000,1.00000,6.00000,0.10000,0.15000,0.45000
114.75000,-0.51640,0.28323,1.63940,163.06629,1.00000,50.00000,0.20000,1.00000,6.00000,0.10000,0.15000,0.45000
114.80000,-0.48922,0.20586,1.64070,163.14821,1.00000,50.00000,0.20000,1.00000,6.00000,0.10000,0.15000,0.45000
114.85000,-0.46184,0.12850,1.64199,163.23031,1.00000,50.00000,0.20000,1.00000,6.00000,0.10000,0.15000,0.45000
114.90000,-0.43429,0.05113,1.64326,163.31277,1.00000,50.00000,0.20000,1.00000,6.00000,0.10000,0.15000,0.45000
114.95000,-0.40659,-0.02626,1.64451,163.39559,1.00000,50.00000,0.20000,1.00000,6.00000,0.10000,0.15000,0.45000
115.00000,-0.37877,-0.10367,1.64573,163.47855,1.00000,50.00000,0.20000,1.00000,6.00000,0.10000,0.15000,0.45000
115.05000,-0.35085,-0.18110,1.64693,163.56151,1.00000,50.00000,0.20000,1.00000,6.00000,0.10000,0.15000,0.45000
115.10000,-0.32285,-0.25858,1.64811,163.64427,1.00000,50.00000,0.20000,1.00000,6.00000,0.10000,0.15000,0.45000
115.15000,-0.29478,-0.33609,1.64925,163.72678,1.00000,50.00000,0.20000,1.00000,6.00000,0.10000,0.15000,0.45000
115.20000,-0.26668,-0.41364,1.65037,163.80923,1.00000,50.00000,0.20000,1.00000,6.00000,0.10000,0.15000,0.45000
115.25000,-0.23855,-0.49124,1.65147,163.89175,1.00000,50.00000,0.20000,1.00000,6.00000,0.10000,0.15000,0.45000
115.30000,-0.21040,-0.56890,1.65254,163.97435,1.00000,50.00000,0.20000,1.00000,6.00000,0.10000,0.15000,0.45000
115.35000,-0.18225,-0.64661,1.65357,164.05700,1.00000,50.00000,0.20000,1.00000,6.00000,0.10000,0.15000,0.45000
115.40000,-0.15410,-0.72438,1.65459,164.13969,1.00000,50.00000,0.20000,1.00000,6.00000,0.10000,0.15000,0.45000
115.45000,-0.12598,-0.80221,1.65557,164.22242,1.00000,50.00000,0.20000,1.00000,6.00000,0.10000,0.15000,0.45000
115.50000,-0.09788,-0.88010,1.65653,164.30521,1.00000,50.00000,0.20000,1.00000,6.00000,0.10000,0.15000,0.45000
115.55000,-0.06980,-0.95804,1.65745,164.38805,1.00000,50.00000,0.20000,1.00000,6.00000,0.10000,0.15000,0.45000
115.60000,-0.04175,-1.03605,1.65835,164.47093,1.00000,50.00000,0.20000,1.00000,6.00000,0.10000,0.15000,0.45000
115.65000,-0.01373,-1.11411,1.65922,164.55385,1.00000,50.00000,0.20000,1.00000,6.00000,0.10000,0.15000,0.45000
115.70000,0.01426,-1.19223,1.66006,164.63682,1.00000,50.00000,0.20000,1.00000,6.00000,0.10000,0.15000,0.45000
115.75000,0.04223,-1.27040,1.66088,164.71982,1.00000,50.00000,0.20000,1.00000,6.00000,0.10000,0.15000,0.45000
115.80000,0.07017,-1.34862,1.66166,164.80287,1.00000,50.00000,0.20000,1.00000,6.00000,0.10000,0.15000,0.45000
115.85000,0.09812,-1.42689,1.66241,164.88595,1.00000,50.00000,0.20000,1.00000,6.00000,0.10000,0.15000,0.45000
115.90000,0.12606,-1.50519,1.66313,164.96906,1.00000,50.00000,0.20000,1.00000,6.00000,0.10000,0.15000,0.45000
115.95000,0.15402,-1.58352,1.66383,165.05221,1.00000,50.00000,0.20000,1.00000,6.00000,0.10000,0.15000,0.45000
116.00000,0.18201,-1.66188,1.66449,165.13540,1.00000,50.00000,0.20000,1.00000,6.00000,0.10000,0.15000,0.45000
116.05000,0.21005,-1.74026,1.66512,165.21861,1.00000,50.00000,0.20000,1.00000,6.00000,0.10000,0.15000,0.45000
116.10000,0.23817,-1.81864,1.66572,165.30186,1.00000,50.00000,0.20000,1.00000,6.00000,0.10000,0.15000,0.45000
116.15000,0.26638,-1.89701,1.66629,165.38513,1.00000,50.00000,0.20000,1.00000,6.00000,0.10000,0.15000,0.45000
116.20000,0.29471,-1.97538,1.66683,165.46843,1.00000,50.00000,0.20000,1.00000,6.00000,0.10000,0.15000,0.45000
116.25000,0.32320,-2.05371,1.66734,165.55176,1.00000,50.00000,0.20000,1.00000,6.00000,0.10000,0.15000,0.45000
116.30000,0.35187,-2.13201,1.66782,165.63512,1.00000,50.00000,0.20000,1.00000,6.00000,0.10000,0.15000,0.45000
116.35000,0.38076,-2.21025,1.66827,165.71851,1.00000,50.00000,0.20000,1.00000,6.00000,0.10000,0.15000,0.45000
116.40000,0.40990,-2.28842,1.66869,165.80192,1.00000,50.00000,0.20000,1.00000,6.00000,0.10000,0.15000,0.45000
116.45000,0.43935,-2.36649,1.66907,165.88536,1.00000,50.00000,0.20000,1.00000,6.00000,0.10000,0.15000,0.45000
116.50000,0.46913,-2.44446,1.66943,165.96882,1.00000,50.00000,0.20000,1.00000,6.00000,0.10000,0.15000,0.45000
116.55000,0.49930,-2.52230,1.66975,166.05231,1.00000,50.00000,0.20000,1.00000,6.00000,0.10000,0.15000,0.45000
116.60000,0.52990,-2.59998,1.67004,166.13583,1.00000,50.00000,0.20000,1.00000,6.00000,0.10000,0.15000,0.45000
116.65000,0.56099,-2.67749,1.67030,166.21937,1.00000,50.00000,0.20000,1.00000,6.00000,0.10000,0.15000,0.45000
116.70000,0.59262,-2.75479,1.67053,166.30294,1.00000,50.00000,0.20000,1.00000,6.00000,0.10000,0.15000,0.45000
116.75000,0.62484,-2.83186,1.67072,166.38653,1.00000,50.00000,0.20000,1.00000,6.00000,0.10000,0.15000,0.45000
116.80000,0.65770,-2.90866,1.67088,166.47015,1.00000,50.00000,0.20000,1.00000,6.00000,0.10000,0.15000,0.45000
116.85000,0.69128,-2.98516,1.67101,166.55379,1.00000,50.00000,0.20000,1.00000,6.00000,0.10000,0.15000,0.45000
116.90000,0.72562,-3.06133,1.67110,166.63746,1.00000,50.00000,0.20000,1.00000,6.00000,0.10000,0.15000,0.45000
116.95000,0.76080,-3.13712,1.67116,166.72115,1.00000,50.00000,0.20000,1.00000,6.00000,0.10000,0.15000,0.45000
117.00000,0.79686,-3.21250,1.67119,166.80487,1.00000,50.00000,0.20000,1.00000,6.00000,0.10000,0.15000,0.45000
117.05000,0.83388,-3.28741,1.67119,166.88861,1.00000,50.00000,0.20000,1.00000,6.00000,0.10000,0.15000,0.45000
117.10000,0.87192,-3.36181,1.67114,166.97236,1.00000,50.00000,0.20000,1.00000,6.00000,0.10000,0.15000,0.45000
117.15000,0.91104,-3.43564,1.67107,167.05614,1.00000,50.00000,0.20000,1.00000,6.00000,0.10000,0.15000,0.45000
117.20000,0.95131,-3.50884,1.67096,167.13993,1.00000,50.00000,0.20000,1.00000,6.00000,0.10000,0.15000,0.45000
117.25000,0.99279,-3.58136,1.67082,167.22373,1.00000,50.00000,0.20000,1.00000,6.00000,0.10000,0.15000,0.45000
117.30000,1.03554,-3.65313,1.67064,167.30754,1.00000,50.00000,0.20000,1.00000,6.00000,0.10000,0.15000,0.45000
117.35000,1.07963,-3.72407,1.67043,167.39136,1.00000,50.00000,0.20000,1.00000,6.00000,0.10000,0.15000,0.45000
117.40000,1.12511,-3.79411,1.67018,167.47518,1.00000,50.00000,0.20000,1.00000,6.00000,0.10000,0.15000,0.45000
117.45000,1.17204,-3.86318,1.66990,167.55900,1.00000,50.00000,0.20000,1.00000,6.00000,0.10000,0.15000,0.45000
117.50000,1.22048,-3.93117,1.66958,167.64281,1.00000,50.00000,0.20000,1.00000,6.00000,0.10000,0.15000,0.45000
117.55000,1.27048,-3.99801,1.66923,167.72662,1.00000,50.00000,0.20000,1.00000,6.00000,0.10000,0.15000,0.45000
117.60000,1.32209,-4.06359,1.66884,167.81042,1.00000,50.00000,0.20000,1.00000,6.00000,0.10000,0.15000,0.45000
117.65000,1.37536,-4.12780,1.66841,167.89421,1.00000,50.00000,0.20000,1.00000,6.00000,0.10000,0.15000,0.45000
117.70000,1.43032,-4.19053,1.66795,167.97798,1.00000,50.00000,0.20000,1.00000,6.00000,0.10000,0.15000,0.45000
117.75000,1.48702,-4.25168,1.66745,168.06173,1.00000,50.00000,0.20000,1.00000,6.00000,0.10000,0.15000,0.45000
117.80000,1.54548,-4.31110,1.66692,168.14547,1.00000,50.00000,0.20000,1.00000,6.00000,0.10000,0.15000,0.45000
117.85000,1.60572,-4.36867,1.66634,168.22918,1.00000,50.00000,0.20000,1.00000,6.00000,0.10000,0.15000,0.45000
117.90000,1.66776,-4.42425,1.66573,168.31286,1.00000,50.00000,0.20000,1.00000,6.00000,0.10000,0.15000,0.45000
117.95000,1.73161,-4.47770,1.66509,168.39652,1.00000,50.00000,0.20000,1.00000,6.00000,0.10000,0.15000,0.45000
118.00000,1.79726,-4.52887,1.66440,168.48015,1.00000,50.00000,0.20000,1.00000,6.00000,0.10000,0.15000,0.45000
118.05000,1.86470,-4.57759,1.66368,168.56376,1.00000,50.00000,0.20000,1.00000,6.00000,0.10000,0.15000,0.45000
118.10000,1.93390,-4.62371,1.66293,168.64733,1.00000,50.00000,0.20000,1.00000,6.00000,0.10000,0.15000,0.45000
118.15000,2.00482,-4.66708,1.66214,168.73087,1.00000,50.00000,0.20000,1.00000,6.00000,0.10000,0.15000,0.45000
118.20000,2.07739,-4.70752,1.66132,168.81438,1.00000,50.00000,0.20000,1.00000,6.00000,0.10000,0.15000,0.45000
118.25000,2.15156,-4.74487,1.66047,168.89785,1.00000,50.00000,0.20000,1.00000,6.00000,0.10000,0.15000,0.45000
118.30000,2.22723,-4.77897,1.65959,168.98128,1.00000,50.00000,0.20000,1.00000,6.00000,0.10000,0.15000,0.45000
118.35000,2.30429,-4.80965,1.65869,169.06467,1.00000,50.00000,0.20000,1.00000,6.00000,0.10000,0.15000,0.45000
118.40000,2.38264,-4.83676,1.65776,169.14802,1.00000,50.00000,0.20000,1.00000,6.00000,0.10000,0.15000,0.45000
118.45000,2.46213,-4.86015,1.65682,169.23133,1.00000,50.00000,0.20000,1.00000,6.00000,0.10000,0.15000,0.45000
118.50000,2.54260,-4.87968,1.65586,169.31459,1.00000,50.00000,0.20000,1.00000,6.00000,0.10000,0.15000,0.45000
118.55000,2.62389,-4.89522,1.65489,169.39780,1.00000,50.00000,0.20000,1.00000,6.00000,0.10000,0.15000,0.45000
118.60000,2.70581,-4.90666,1.65392,169.48096,1.00000,50.00000,0.20000,1.00000,6.00000,0.10000,0.15000,0.45000
118.65000,2.78816,-4.91390,1.65294,169.56407,1.00000,50.00000,0.20000,1.00000,6.00000,0.10000,0.15000,0.45000
118.70000,2.87072,-4.91686,1.65198,169.64712,1.00000,50.00000,0.20000,1.00000,6.00000,0.10000,0.15000,0.45000
118.75000,2.95327,-4.91549,1.65102,169.73009,1.00000,50.00000,0.20000,1.00000,6.00000,0.10000,0.15000,0.45000
118.80000,3.03559,-4.90973,1.65008,169.81298,1.00000,50.00000,0.20000,1.00000,6.00000,0.10000,0.15000,0.45000
118.85000,3.11761,-4.90042,1.65360,169.89605,1.00000,50.00000,0.20000,1.00000,6.00000,0.10000,0.15000,0.45000
118.90000,3.19998,-4.89313,1.65233,169.97857,1.00000,50.00000,0.20000,1.00000,6.00000,0.10000,0.15000,0.45000
118.95000,3.28117,-4.87955,1.64336,170.06030,1.00000,50.00000,0.20000,1.00000,6.00000,0.10000,0.15000,0.45000
119.00000,3.36070,-4.85919,1.64082,170.14160,1.00000,50.00000,0.20000,1.00000,6.00000,0.10000,0.15000,0.45000
119.05000,3.43856,-4.83345,1.64014,170.22273,1.00000,50.00000,0.20000,1.00000,6.00000,0.10000,0.15000,0.45000
119.10000,3.51466,-4.80297,1.63954,170.30380,1.00000,50.00000,0.20000,1.00000,6.00000,0.10000,0.15000,0.45000
119.15000,3.58877,-4.76799,1.63899,170.38481,1.00000,50.00000,0.20000,1.00000,6.00000,0.10000,0.15000,0.45000
119.20000,3.66066,-4.72872,1.63849,170.46574,1.00000,50.00000,0.20000,1.00000,6.00000,0.10000,0.15000,0.45000
119.25000,3.73017,-4.68540,1.63802,170.54660,1.00000,50.00000,0.20000,1.00000,6.00000,0.10000,0.15000,0.45000
119.30000,3.79712,-4.63826,1.63759,170.62744,1.00000,50.00000,0.20000,1.00000,6.00000,0.10000,0.15000,0.45000
119.35000,3.86136,-4.58754,1.63720,170.70827,1.00000,50.00000,0.20000,1.00000,6.00000,0.10000,0.15000,0.45000
119.40000,3.92279,-4.53346,1.63684,170.78910,1.00000,50.00000,0.20000,1.00000,6.00000,0.10000,0.15000,0.45000
119.45000,3.98130,-4.47626,1.63651,170.86992,1.00000,50.00000,0.20000,1.00000,6.00000,0.10000,0.15000,0.45000
119.50000,4.03682,-4.41617,1.63621,170.95074,1.00000,50.00000,0.20000,1.00000,6.00000,0.10000,0.15000,0.45000
119.55000,4.08927,-4.35341,1.63594,171.03157,1.00000,50.00000,0.20000,1.00000,6.00000,0.10000,0.15000,0.45000
119.60000,4.13860,-4.28819,1.63569,171.11242,1.00000,50.00000,0.20000,1.00000,6.00000,0.10000,0.15000,0.45000
119.65000,4.18480,-4.22072,1.63548,171.19328,1.00000,50.00000,0.20000,1.00000,6.00000,0.10000,0.15000,0.45000
119.70000,4.22783,-4.15120,1.63529,171.27416,1.00000,50.00000,0.20000,1.00000,6.00000,0.10000,0.15000,0.45000
119.75000,4.26769,-4.07982,1.63513,171.35504,1.00000,50.00000,0.20000,1.00000,6.00000,0.10000,0.15000,0.45000
119.80000,4.30439,-4.00678,1.63499,171.43594,1.00000,50.00000,0.20000,1.00000,6.00000,0.10000,0.15000,0.45000
119.85000,4.33794,-3.93224,1.63488,171.51686,1.00000,50.00000,0.20000,1.00000,6.00000,0.10000,0.15000,0.45000
119.90000,4.36837,-3.85638,1.63480,171.59778,1.00000,50.00000,0.20000,1.00000,6.00000,0.10000,0.15000,0.45000
119.95000,4.39571,-3.77936,1.63474,171.67872,1.00000,50.00000,0.20000,1.00000,6.00000,0.10000,0.15000,0.45000
120.00000,4.42000,-3.70132,1.63472,171.75967,1.00000,50.00000,0.20000,1.00000,6.00000,0.10000,0.15000,0.45000
120.05000,4.44130,-3.62241,1.63471,171.84063,1.00000,50.00000,0.20000,1.00000,6.00000,0.10000,0.15000,0.45000
120.10000,4.45965,-3.54277,1.63474,171.92159,1.00000,50.00000,0.20000,1.00000,6.00000,0.10000,0.15000,0.45000
120.15000,4.47513,-3.46251,1.63479,172.00257,1.00000,50.00000,0.20000,1.00000,6.00000,0.10000,0.15000,0.45000
120.20000,4.48779,-3.38177,1.63486,172.08356,1.00000,50.00000,0.20000,1.00000,6.00000,0.10000,0.15000,0.45000
120.25000,4.49771,-3.30063,1.63496,172.16457,1.00000,50.00000,0.20000,1.00000,6.00000,0.10000,0.15000,0.45000
120.30000,4.50497,-3.21920,1.63509,172.24559,1.00000,50.00000,0.20000,1.00000,6.00000,0.10000,0.15000,0.45000
120.35000,4.50964,-3.13758,1.63524,172.32663,1.00000,50.00000,0.20000,1.00000,6.00000,0.10000,0.15000,0.45000
120.40000,4.51180,-3.05585,1.63541,172.40769,1.00000,50.00000,0.20000,1.00000,6.00000,0.10000,0.15000,0.45000
120.45000,4.51153,-2.97408,1.63561,172.48877,1.00000,50.00000,0.20000,1.00000,6.00000,0.10000,0.15000,0.45000
120.50000,4.50893,-2.89234,1.63584,172.56988,1.00000,50.00000,0.20000,1.00000,6.00000,0.10000,0.15000,0.45000
120.55000,4.50407,-2.81069,1.63608,172.65101,1.00000,50.00000,0.20000,1.00000,6.00000,0.10000,0.15000,0.45000
120.60000,4.49703,-2.72918,1.63636,172.73216,1.00000,50.00000,0.20000,1.00000,6.00000,0.10000,0.15000,0.45000
120.65000,4.48792,-2.64787,1.63665,172.81335,1.00000,50.00000,0.20000,1.00000,6.00000,0.10000,0.15000,0.45000
120.70000,4.47681,-2.56679,1.63697,172.89457,1.00000,50.00000,0.20000,1.00000,6.00000,0.10000,0.15000,0.45000
120.75000,4.46378,-2.48598,1.63731,172.97583,1.00000,50.00000,0.20000,1.00000,6.00000,0.10000,0.15000,0.45000
120.80000,4.44894,-2.40546,1.63767,173.05712,1.00000,50.00000,0.20000,1.00000,6.00000,0.10000,0.15000,0.45000
120.85000,4.43235,-2.32527,1.63805,173.13845,1.00000,50.00000,0.20000,1.00000,6.00000,0.10000,0.15000,0.45000
120.90000,4.41411,-2.24542,1.63846,173.21982,1.00000,50.00000,0.20000,1.00000,6.00000,0.10000,0.15000,0.45000
120.95000,4.39430,-2.16591,1.63889,173.30124,1.00000,50.00000,0.20000,1.00000,6.00000,0.10000,0.15000,0.45000
121.00000,4.37300,-2.08677,1.63934,173.38270,1.00000,50.00000,0.20000,1.00000,6.00000,0.10000,0.15000,0.45000
121.05000,4.35029,-2.00801,1.63982,173.46421,1.00000,50.00000,0.20000,1.00000,6.00000,0.10000,0.15000,0.45000
121.10000,4.32623,-1.92961,1.64034,173.54577,1.00000,50.00000,0.20000,1.00000,6.00000,0.10000,0.15000,0.45000
121.15000,4.30089,-1.85159,1.64091,173.62739,1.00000,50.00000,0.20000,1.00000,6.00000,0.10000,0.15000,0.45000
121.20000,4.27435,-1.77395,1.64152,173.70905,1.00000,50.00000,0.20000,1.00000,6.00000,0.10000,0.15000,0.45000
121.25000,4.24669,-1.69665,1.64216,173.79077,1.00000,50.00000,0.20000,1.00000,6.00000,0.10000,0.15000,0.45000
121.30000,4.21800,-1.61971,1.64284,173.87256,1.00000,50.00000,0.20000,1.00000,6.00000,0.10000,0.15000,0.45000
121.35000,4.18834,-1.54309,1.64355,173.95440,1.00000,50.00000,0.20000,1.00000,6.00000,0.10000,0.15000,0.45000
121.40000,4.15782,-1.46677,1.64428,174.03631,1.00000,50.00000,0.20000,1.00000,6.00000,0.10000,0.15000,0.45000
121.45000,4.12651,-1.39073,1.64503,174.11828,1.00000,50.00000,0.20000,1.00000,6.00000,0.10000,0.15000,0.45000
121.50000,4.09449,-1.31495,1.64580,174.20032,1.00000,50.00000,0.20000,1.00000,6.00000,0.10000,0.15000,0.45000
121.55000,4.06184,-1.23939,1.64659,174.28242,1.00000,50.00000,0.20000,1.00000,6.00000,0.10000,0.15000,0.45000
121.60000,4.02864,-1.16403,1.64738,174.36458,1.00000,50.00000,0.20000,1.00000,6.00000,0.10000,0.15000,0.45000
121.65000,3.99496,-1.08884,1.64818,174.44680,1.00000,50.00000,0.20000,1.00000,6.00000,0.10000,0.15000,0.45000
121.70000,3.96088,-1.01379,1.64899,174.52909,1.00000,50.00000,0.20000,1.00000,6.00000,0.10000,0.15000,0.45000
121.75000,3.92646,-0.93884,1.64979,174.61144,1.00000,50.00000,0.20000,1.00000,6.00000,0.10000,0.15000,0.45000
121.80000,3.89179,-0.86397,1.65059,174.69384,1.00000,50.00000,0.20000,1.00000,6.00000,0.10000,0.15000,0.45000
121.85000,3.85692,-0.78915,1.65139,174.77630,1.00000,50.00000,0.20000,1.00000,6.00000,0.10000,0.15000,0.45000
121.90000,3.82191,-0.71435,1.65217,174.85884,1.00000,50.00000,0.20000,1.00000,6.00000,0.10000,0.15000,0.45000
121.95000,3.78684,-0.63953,1.65295,174.94144,1.00000,50.00000,0.20000,1.00000,6.00000,0.10000,0.15000,0.45000
122.00000,3.75175,-0.56468,1.65371,175.02407,1.00000,50.00000,0.20000,1.00000,6.00000,0.10000,0.15000,0.45000
122.05000,3.71671,-0.48977,1.65445,175.10671,1.00000,50.00000,0.20000,1.00000,6.00000,0.10000,0.15000,0.45000
122.10000,3.68178,-0.41476,1.65517,175.18956,1.00000,50.00000,0.20000,1.00000,6.00000,0.10000,0.15000,0.45000
122.15000,3.64700,-0.33964,1.65587,175.27288,1.00000,50.00000,0.20000,1.00000,6.00000,0.10000,0.15000,0.45000
122.20000,3.61244,-0.26439,1.65655,175.35650,1.00000,50.00000,0.20000,1.00000,6.00000,0.10000,0.15000,0.45000
122.25000,3.57815,-0.18898,1.65719,175.43994,1.00000,50.00000,0.20000,1.00000,6.00000,0.10000,0.15000,0.45000
122.30000,3.54418,-0.11339,1.65781,175.52309,1.00000,50.00000,0.20000,1.00000,6.00000,0.10000,0.15000,0.45000
122.35000,3.51058,-0.03759,1.65841,175.60612,1.00000,50.00000,0.20000,1.00000,6.00000,0.10000,0.15000,0.45000
122.40000,3.47742,0.03842,1.65897,175.68915,1.00000,50.00000,0.20000,1.00000,6.00000,0.10000,0.15000,0.45000
122.45000,3.44475,0.11468,1.65951,175.77221,1.00000,50.00000,0.20000,1.00000,6.00000,0.10000,0.15000,0.45000
122.50000,3.41261,0.19120,1.66002,175.85529,1.00000,50.00000,0.20000,1.00000,6.00000,0.10000,0.15000,0.45000
122.55000,3.38108,0.26799,1.66050,175.93841,1.00000,50.00000,0.20000,1.00000,6.00000,0.10000,0.15000,0.45000
122.60000,3.35020,0.34507,1.66096,176.02157,1.00000,50.00000,0.20000,1.00000,6.00000,0.10000,0.15000,0.45000
122.65000,3.32003,0.42245,1.66139,176.10476,1.00000,50.00000,0.20000,1.00000,6.00000,0.10000,0.15000,0.45000
122.70000,3.29063,0.50015,1.66179,176.18798,1.00000,50.00000,0.20000,1.00000,6.00000,0.10000,0.15000,0.45000
122.75000,3.26204,0.57818,1.66217,176.27123,1.00000,50.00000,0.20000,1.00000,6.00000,0.10000,0.15000,0.45000
122.80000,3.23434,0.65655,1.66252,176.35451,1.00000,50.00000,0.20000,1.00000,6.00000,0.10000,0.15000,0.45000
122.85000,3.20756,0.73525,1.66285,176.43782,1.00000,50.00000,0.20000,1.00000,6.00000,0.10000,0.15000,0.45000
122.90000,3.18178,0.81430,1.66315,176.52116,1.00000,50.00000,0.20000,1.00000,6.00000,0.10000,0.15000,0.45000
122.95000,3.15704,0.89370,1.66342,176.60452,1.00000,50.00000,0.20000,1.00000,6.00000,0.10000,0.15000,0.45000
123.00000,3.13340,0.97345,1.66367,176.68789,1.00000,50.00000,0.20000,1.00000,6.00000,0.10000,0.15000,0.45000
123.05000,3.11091,1.05354,1.66389,176.77129,1.00000,50.00000,0.20000,1.00000,6.00000,0.10000,0.15000,0.45000
123.10000,3.08964,1.13397,1.66409,176.85470,1.00000,50.00000,0.20000,1.00000,6.00000,0.10000,0.15000,0.45000
123.15000,3.06963,1.21474,1.66426,176.93813,1.00000,50.00000,0.20000,1.00000,6.00000,0.10000,0.15000,0.45000
123.20000,3.05095,1.29583,1.66441,177.02157,1.00000,50.00000,0.20000,1.00000,6.00000,0.10000,0.15000,0.45000
123.25000,3.03363,1.37723,1.66453,177.10502,1.00000,50.00000,0.20000,1.00000,6.00000,0.10000,0.15000,0.45000
123.30000,3.01775,1.45893,1.66463,177.18847,1.00000,50.00000,0.20000,1.00000,6.00000,0.10000,0.15000,0.45000
123.35000,3.00335,1.54091,1.66470,177.27194,1.00000,50.00000,0.20000,1.00000,6.00000,0.10000,0.15000,0.45000
123.40000,2.99048,1.62314,1.66474,177.35540,1.00000,50.00000,0.20000,1.00000,6.00000,0.10000,0.15000,0.45000
123.45000,2.97920,1.70561,1.66477,177.43887,1.00000,50.00000,0.20000,1.00000,6.00000,0.10000,0.15000,0.45000
123.50000,2.96957,1.78829,1.66477,177.52234,1.00000,50.00000,0.20000,1.00000,6.00000,0.10000,0.15000,0.45000
123.55000,2.96162,1.87114,1.66474,177.60580,1.00000,50.00000,0.20000,1.00000,6.00000,0.10000,0.15000,0.45000
123.60000,2.95542,1.95415,1.66469,177.68926,1.00000,50.00000,0.20000,1.00000,6.00000,0.10000,0.15000,0.45000
123.65000,2.95102,2.03726,1.66461,177.77272,1.00000,50.00000,0.20000,1.00000,6.00000,0.10000,0.15000,0.45000
123.70000,2.94847,2.12045,1.66451,177.85617,1.00000,50.00000,0.20000,1.00000,6.00000,0.10000,0.15000,0.45000
123.75000,2.94782,2.20367,1.66439,177.93962,1.00000,50.00000,0.20000,1.00000,6.00000,0.10000,0.15000,0.45000
123.80000,2.94911,2.28687,1.66424,178.02306,1.00000,50.00000,0.20000,1.00000,6.00000,0.10000,0.15000,0.45000
123.85000,2.95242,2.37001,1.66406,178.10648,1.00000,50.00000,0.20000,1.00000,6.00000,0.10000,0.15000,0.45000
123.90000,2.95777,2.45304,1.66387,178.18990,1.00000,50.00000,0.20000,1.00000,6.00000,0.10000,0.15000,0.45000
123.95000,2.96523,2.53589,1.66364,178.27330,1.00000,50.00000,0.20000,1.00000,6.00000,0.10000,0.15000,0.45000
124.00000,2.97484,2.61850,1.66339,178.35669,1.00000,50.00000,0.20000,1.00000,6.00000,0.10000,0.15000,0.45000
124.05000,2.98666,2.70082,1.66312,178.44007,1.00000,50.00000,0.20000,1.00000,6.00000,0.10000,0.15000,0.45000
124.10000,3.00073,2.78277,1.66282,178.52344,1.00000,50.00000,0.20000,1.00000,6.00000,0.10000,0.15000,0.45000
124.15000,3.01709,2.86427,1.66250,178.60679,1.00000,50.00000,0.20000,1.00000,6.00000,0.10000,0.15000,0.45000
124.20000,3.03581,2.94525,1.66215,178.69013,1.00000,50.00000,0.20000,1.00000,6.00000,0.10000,0.15000,0.45000
124.25000,3.05691,3.02562,1.66178,178.77345,1.00000,50.00000,0.20000,1.00000,6.00000,0.10000,0.15000,0.45000
124.30000,3.08044,3.10530,1.66138,178.85675,1.00000,50.00000,0.20000,1.00000,6.00000,0.10000,0.15000,0.45000
124.35000,3.10645,3.18418,1.66096,178.94004,1.00000,50.00000,0.20000,1.00000,6.00000,0.10000,0.15000,0.45000
124.40000,3.13496,3.26216,1.66051,179.02331,1.00000,50.00000,0.20000,1.00000,6.00000,0.10000,0.15000,0.45000
124.45000,3.16601,3.33915,1.66004,179.10656,1.00000,50.00000,0.20000,1.00000,6.00000,0.10000,0.15000,0.45000
124.50000,3.19963,3.41502,1.65954,179.18979,1.00000,50.00000,0.20000,1.00000,6.00000,0.10000,0.15000,0.45000
124.55000,3.23585,3.48965,1.65902,179.27300,1.00000,50.00000,0.20000,1.00000,6.00000,0.10000,0.15000,0.45000
124.60000,3.27468,3.56294,1.65848,179.35619,1.00000,50.00000,0.20000,1.00000,6.00000,0.10000,0.15000,0.45000
124.65000,3.31612,3.63474,1.65792,179.43935,1.00000,50.00000,0.20000,1.00000,6.00000,0.10000,0.15000,0.45000
124.70000,3.36020,3.70493,1.65733,179.52249,1.00000,50.00000,0.20000,1.00000,6.00000,0.10000,0.15000,0.45000
124.75000,3.40689,3.77336,1.65672,179.60561,1.00000,50.00000,0.20000,1.00000,6.00000,0.10000,0.15000,0.45000
124.80000,3.45620,3.83990,1.65610,179.68870,1.00000,50.00000,0.20000,1.00000,6.00000,0.10000,0.15000,0.45000
124.85000,3.50809,3.90440,1.65545,179.77176,1.00000,50.00000,0.20000,1.00000,6.00000,0.10000,0.15000,0.45000
124.90000,3.56254,3.96671,1.65479,179.85480,1.00000,50.00000,0.20000,1.00000,6.00000,0.10000,0.15000,0.45000
124.95000,3.61950,4.02670,1.65412,179.93779,1.00000,50.00000,0.20000,1.00000,6.00000,0.10000,0.15000,0.45000
125.00000,3.67891,4.08420,1.65343,180.02076,1.00000,50.00000,0.20000,1.00000,6.00000,0.10000,0.15000,0.45000
125.05000,3.74072,4.13907,1.65273,180.10368,1.00000,50.00000,0.20000,1.00000,6.00000,0.10000,0.15000,0.45000
125.10000,3.80483,4.19117,1.65203,180.18656,1.00000,50.00000,0.20000,1.00000,6.00000,0.10000,0.15000,0.45000
125.15000,3.87117,4.24034,1.65132,180.26940,1.00000,50.00000,0.20000,1.00000,6.00000,0.10000,0.15000,0.45000
125.20000,3.93962,4.28647,1.65060,180.35220,1.00000,50.00000,0.20000,1.00000,6.00000,0.10000,0.15000,0.45000
125.25000,4.01008,4.32940,1.64988,180.43495,1.00000,50.00000,0.20000,1.00000,6.00000,0.10000,0.15000,0.45000
125.30000,4.08241,4.36901,1.64917,180.51766,1.00000,50.00000,0.20000,1.00000,6.00000,0.10000,0.15000,0.45000
125.35000,4.15648,4.40519,1.64845,180.60033,1.00000,50.00000,0.20000,1.00000,6.00000,0.10000,0.15000,0.45000
125.40000,4.23214,4.43783,1.64775,180.68294,1.00000,50.00000,0.20000,1.00000,6.00000,0.10000,0.15000,0.45000
125.45000,4.30923,4.46682,1.64706,180.76550,1.00000,50.00000,0.20000,1.00000,6.00000,0.10000,0.15000,0.45000
125.50000,4.38759,4.49209,1.64637,180.84800,1.00000,50.00000,0.20000,1.00000,6.00000,0.10000,0.15000,0.45000
125.55000,4.46703,4.51355,1.64570,180.93044,1.00000,50.00000,0.20000,1.00000,6.00000,0.10000,0.15000,0.45000
125.60000,4.54739,4.53115,1.64505,181.01284,1.00000,50.00000,0.20000,1.00000,6.00000,0.10000,0.15000,0.45000
125.65000,4.62847,4.54484,1.64442,181.09518,1.00000,50.00000,0.20000,1.00000,6.00000,0.10000,0.15000,0.45000
125.70000,4.71009,4.55459,1.64381,181.17746,1.00000,50.00000,0.20000,1.00000,6.00000,0.10000,0.15000,0.45000
125.75000,4.79205,4.56037,1.64322,181.25967,1.00000,50.00000,0.20000,1.00000,6.00000,0.10000,0.15000,0.45000
125.80000,4.87417,4.56219,1.64265,181.34184,1.00000,50.00000,0.20000,1.00000,6.00000,0.10000,0.15000,0.45000
125.85000,4.95625,4.56005,1.64211,181.42395,1.00000,50.00000,0.20000,1.00000,6.00000,0.10000,0.15000,0.45000
125.90000,5.03811,4.55399,1.64160,181.50599,1.00000,50.00000,0.20000,1.00000,6.00000,0.10000,0.15000,0.45000
125.95000,5.12142,4.54304,1.72171,181.90599,1.00000,50.00000,0.20000,1.00000,6.00000,0.10000,0.15000,0.45000
126.00000,5.20574,4.52021,1.77831,182.02331,1.00000,50.00000,0.20000,1.00000,6.00000,0.10000,0.15000,0.45000
126.05000,5.28894,4.48535,1.83113,182.14465,1.00000,50.00000,0.20000,1.00000,6.00000,0.10000,0.15000,0.45000
126.10000,5.36899,4.44057,1.83704,182.14465,1.00000,50.00000,0.20000,1.00000,6.00000,0.10000,0.15000,0.45000
126.15000,5.44433,4.38794,1.84509,182.14465,1.00000,50.00000,0.20000,1.00000,6.00000,0.10000,0.15000,0.45000
126.20000,5.51955,4.33396,1.85609,182.14465,1.00000,50.00000,0.20000,1.00000,6.00000,0.10000,0.15000,0.45000
126.25000,5.59771,4.28393,1.85583,182.17713,1.00000,50.00000,0.20000,1.00000,6.00000,0.10000,0.15000,0.45000
126.30000,5.67710,4.23591,1.85574,182.25147,1.00000,50.00000,0.20000,1.00000,6.00000,0.10000,0.15000,0.45000
126.35000,5.75579,4.18675,1.85545,182.34091,1.00000,50.00000,0.20000,1.00000,6.00000,0.10000,0.15000,0.45000
126.40000,5.83364,4.13631,1.85500,182.43567,1.00000,50.00000,0.20000,1.00000,6.00000,0.10000,0.15000,0.45000
126.45000,5.91035,4.08420,1.85441,182.53206,1.00000,50.00000,0.20000,1.00000,6.00000,0.10000,0.15000,0.45000
126.50000,5.98562,4.03008,1.85374,182.62868,1.00000,50.00000,0.20000,1.00000,6.00000,0.10000,0.15000,0.45000
126.55000,6.05917,3.97372,1.85303,182.72499,1.00000,50.00000,0.20000,1.00000,6.00000,0.10000,0.15000,0.45000
126.60000,6.13075,3.91492,1.85229,182.82081,1.00000,50.00000,0.20000,1.00000,6.00000,0.10000,0.15000,0.45000
126.65000,6.20011,3.85357,1.85158,182.91609,1.00000,50.00000,0.20000,1.00000,6.00000,0.10000,0.15000,0.45000
126.70000,6.26703,3.78964,1.85090,183.01083,1.00000,50.00000,0.20000,1.00000,6.00000,0.10000,0.15000,0.45000
126.75000,6.33133,3.72311,1.85028,183.10509,1.00000,50.00000,0.20000,1.00000,6.00000,0.10000,0.15000,0.45000
126.80000,6.39285,3.65404,1.84974,183.19891,1.00000,50.00000,0.20000,1.00000,6.00000,0.10000,0.15000,0.45000
126.85000,6.45146,3.58251,1.84928,183.29235,1.00000,50.00000,0.20000,1.00000,6.00000,0.10000,0.15000,0.45000
126.90000,6.50707,3.50866,1.84890,183.38546,1.00000,50.00000,0.20000,1.00000,6.00000,0.10000,0.15000,0.45000
126.95000,6.55960,3.43261,1.84860,183.47829,1.00000,50.00000,0.20000,1.00000,6.00000,0.10000,0.15000,0.45000
127.00000,6.60902,3.35451,1.84838,183.57088,1.00000,50.00000,0.20000,1.00000,6.00000,0.10000,0.15000,0.45000
127.05000,6.65533,3.27455,1.84824,183.66328,1.00000,50.00000,0.20000,1.00000,6.00000,0.10000,0.15000,0.45000
127.10000,6.69855,3.19287,1.84817,183.75552,1.00000,50.00000,0.20000,1.00000,6.00000,0.10000,0.15000,0.45000
127.15000,6.73871,3.10965,1.84817,183.84763,1.00000,50.00000,0.20000,1.00000,6.00000,0.10000,0.15000,0.45000
127.20000,6.77588,3.02506,1.84823,183.93964,1.00000,50.00000,0.20000,1.00000,6.00000,0.10000,0.15000,0.45000
127.25000,6.81015,2.93923,1.84832,184.03159,1.00000,50.00000,0.20000,1.00000,6.00000,0.10000,0.15000,0.45000
127.30000,6.84156,2.85232,1.84847,184.12348,1.00000,50.00000,0.20000,1.00000,6.00000,0.10000,0.15000,0.45000
127.35000,6.87022,2.76445,1.84867,184.21535,1.00000,50.00000,0.20000,1.00000,6.00000,0.10000,0.15000,0.45000
127.40000,6.89622,2.67575,1.84895,184.30721,1.00000,50.00000,0.20000,1.00000,6.00000,0.10000,0.15000,0.45000
127.45000,6.91969,2.58633,1.84928,184.39908,1.00000,50.00000,0.20000,1.00000,6.00000,0.10000,0.15000,0.45000
127.50000,6.94076,2.49629,1.84965,184.49097,1.00000,50.00000,0.20000,1.00000,6.00000,0.10000,0.15000,0.45000
127.55000,6.95960,2.40574,1.85007,184.58289,1.00000,50.00000,0.20000,1.00000,6.00000,0.10000,0.15000,0.45000
127.60000,6.97634,2.31476,1.85052,184.67486,1.00000,50.00000,0.20000,1.00000,6.00000,0.10000,0.15000,0.45000
127.65000,6.99114,2.22341,1.85100,184.76688,1.00000,50.00000,0.20000,1.00000,6.00000,0.10000,0.15000,0.45000
127.70000,7.00417,2.13177,1.85150,184.85895,1.00000,50.00000,0.20000,1.00000,6.00000,0.10000,0.15000,0.45000
127.75000,7.01557,2.03989,1.85202,184.95108,1.00000,50.00000,0.20000,1.00000,6.00000,0.10000,0.15000,0.45000
127.80000,7.02551,1.94781,1.85254,185.04328,1.00000,50.00000,0.20000,1.00000,6.00000,0.10000,0.15000,0.45000
127.85000,7.03414,1.85558,1.85308,185.13554,1.00000,50.00000,0.20000,1.00000,6.00000,0.10000,0.15000,0.45000
127.90000,7.04161,1.76321,1.85361,185.22787,1.00000,50.00000,0.20000,1.00000,6.00000,0.10000,0.15000,0.45000
127.95000,7.04807,1.67075,1.85414,185.32027,1.00000,50.00000,0.20000,1.00000,6.00000,0.10000,0.15000,0.45000
128.00000,7.05367,1.57819,1.85467,185.41273,1.00000,50.00000,0.20000,1.00000,6.00000,0.10000,0.15000,0.45000
128.05000,7.05855,1.48558,1.85519,185.50525,1.00000,50.00000,0.20000,1.00000,6.00000,0.10000,0.15000,0.45000
128.10000,7.06284,1.39290,1.85570,185.59783,1.00000,50.00000,0.20000,1.00000,6.00000,0.10000,0.15000,0.45000
128.15000,7.06668,1.30019,1.85620,185.69048,1.00000,50.00000,0.20000,1.00000,6.00000,0.10000,0.15000,0.45000
128.20000,7.07020,1.20743,1.85668,185.78320,1.00000,50.00000,0.20000,1.00000,6.00000,0.10000,0.15000,0.45000
128.25000,7.07353,1.11465,1.85714,185.87596,1.00000,50.00000,0.20000,1.00000,6.00000,0.10000,0.15000,0.45000
128.30000,7.07678,1.02183,1.85758,185.96875,1.00000,50.00000,0.20000,1.00000,6.00000,0.10000,0.15000,0.45000
128.35000,7.08008,0.92900,1.85800,186.06177,1.00000,50.00000,0.20000,1.00000,6.00000,0.10000,0.15000,0.45000
128.40000,7.08353,0.83616,1.85839,186.15518,1.00000,50.00000,0.20000,1.00000,6.00000,0.10000,0.15000,0.45000
128.45000,7.08727,0.74330,1.85875,186.24871,1.00000,50.00000,0.20000,1.00000,6.00000,0.10000,0.15000,0.45000
128.50000,7.09139,0.65045,1.85908,186.34201,1.00000,50.00000,0.20000,1.00000,6.00000,0.10000,0.15000,0.45000
128.55000,7.09602,0.55760,1.85938,186.43515,1.00000,50.00000,0.20000,1.00000,6.00000,0.10000,0.15000,0.45000
128.60000,7.10127,0.46478,1.85965,186.52827,1.00000,50.00000,0.20000,1.00000,6.00000,0.10000,0.15000,0.45000
128.65000,7.10725,0.37198,1.85989,186.62140,1.00000,50.00000,0.20000,1.00000,6.00000,0.10000,0.15000,0.45000
128.70000,7.11408,0.27923,1.86010,186.71455,1.00000,50.00000,0.20000,1.00000,6.00000,0.10000,0.15000,0.45000
128.75000,7.12187,0.18655,1.86028,186.80774,1.00000,50.00000,0.20000,1.00000,6.00000,0.10000,0.15000,0.45000
128.80000,7.13072,0.09395,1.86044,186.90096,1.00000,50.00000,0.20000,1.00000,6.00000,0.10000,0.15000,0.45000
128.85000,7.14075,0.00147,1.86056,186.99420,1.00000,50.00000,0.20000,1.00000,6.00000,0.10000,0.15000,0.45000
128.90000,7.15206,-0.09087,1.86066,187.08747,1.00000,50.00000,0.20000,1.00000,6.00000,0.10000,0.15000,0.45000
128.95000,7.16474,-0.18303,1.86074,187.18076,1.00000,50.00000,0.20000,1.00000,6.00000,0.10000,0.15000,0.45000
129.00000,7.17891,-0.27499,1.86079,187.27407,1.00000,50.00000,0.20000,1.00000,6.00000,0.10000,0.15000,0.45000
129.05000,7.19466,-0.36668,1.86082,187.36739,1.00000,50.00000,0.20000,1.00000,6.00000,0.10000,0.15000,0.45000
129.10000,7.21207,-0.45808,1.86082,187.46072,1.00000,50.00000,0.20000,1.00000,6.00000,0.10000,0.15000,0.45000
129.15000,7.23123,-0.54912,1.86080,187.55406,1.00000,50.00000,0.20000,1.00000,6.00000,0.10000,0.15000,0.45000
129.20000,7.25223,-0.63976,1.86076,187.64741,1.00000,50.00000,0.20000,1.00000,6.00000,0.10000,0.15000,0.45000
129.25000,7.27513,-0.72994,1.86071,187.74075,1.00000,50.00000,0.20000,1.00000,6.00000,0.10000,0.15000,0.45000
129.30000,7.30000,-0.81958,1.86064,187.83408,1.00000,50.00000,0.20000,1.00000,6.00000,0.10000,0.15000,0.45000
129.35000,7.32692,-0.90863,1.86055,187.92741,1.00000,50.00000,0.20000,1.00000,6.00000,0.10000,0.15000,0.45000
129.40000,7.35592,-0.99702,1.86045,188.02072,1.00000,50.00000,0.20000,1.00000,6.00000,0.10000,0.15000,0.45000
129.45000,7.38707,-1.08466,1.86033,188.11402,1.00000,50.00000,0.20000,1.00000,6.00000,0.10000,0.15000,0.45000
129.50000,7.42039,-1.17150,1.86020,188.20730,1.00000,50.00000,0.20000,1.00000,6.00000,0.10000,0.15000,0.45000
129.55000,7.45594,-1.25745,1.86007,188.30057,1.00000,50.00000,0.20000,1.00000,6.00000,0.10000,0.15000,0.45000
129.60000,7.49372,-1.34242,1.85993,188.39381,1.00000,50.00000,0.20000,1.00000,6.00000,0.10000,0.15000,0.45000
129.65000,7.53378,-1.42634,1.85978,188.48702,1.00000,50.00000,0.20000,1.00000,6.00000,0.10000,0.15000,0.45000
129.70000,7.57611,-1.50913,1.85962,188.58022,1.00000,50.00000,0.20000,1.00000,6.00000,0.10000,0.15000,0.45000
129.75000,7.62073,-1.59070,1.85946,188.67339,1.00000,50.00000,0.20000,1.00000,6.00000,0.10000,0.15000,0.45000
129.80000,7.66763,-1.67096,1.85930,188.76654,1.00000,50.00000,0.20000,1.00000,6.00000,0.10000,0.15000,0.45000
129.85000,7.71681,-1.74985,1.85914,188.85966,1.00000,50.00000,0.20000,1.00000,6.00000,0.10000,0.15000,0.45000
129.90000,7.76826,-1.82726,1.85898,188.95277,1.00000,50.00000,0.20000,1.00000,6.00000,0.10000,0.15000,0.45000
129.95000,7.82195,-1.90313,1.85881,189.04585,1.00000,50.00000,0.20000,1.00000,6.00000,0.10000,0.15000,0.45000
130.00000,7.87786,-1.97736,1.85866,189.13891,1.00000,50.00000,0.20000,1.00000,6.00000,0.10000,0.15000,0.45000
130.05000,7.93595,-2.04989,1.85850,189.23195,1.00000,50.00000,0.20000,1.00000,6.00000,0.10000,0.15000,0.45000
130.10000,7.99619,-2.12063,1.85835,189.32496,1.00000,50.00000,0.20000,1.00000,6.00000,0.10000,0.15000,0.45000
130.15000,8.05854,-2.18952,1.85821,189.41795,1.00000,50.00000,0.20000,1.00000,6.00000,0.10000,0.15000,0.45000
130.20000,8.12294,-2.25647,1.85807,189.51092,1.00000,50.00000,0.20000,1.00000,6.00000,0.10000,0.15000,0.45000
130.25000,8.18935,-2.32144,1.85795,189.60386,1.00000,50.00000,0.20000,1.00000,6.00000,0.10000,0.15000,0.45000
130.30000,8.25769,-2.38435,1.85784,189.69679,1.00000,50.00000,0.20000,1.00000,6.00000,0.10000,0.15000,0.45000
130.35000,8.32791,-2.44515,1.85773,189.78970,1.00000,50.00000,0.20000,1.00000,6.00000,0.10000,0.15000,0.45000
130.40000,8.39994,-2.50379,1.85764,189.88258,1.00000,50.00000,0.20000,1.00000,6.00000,0.10000,0.15000,0.45000
130.45000,8.47371,-2.56021,1.85757,189.97544,1.00000,50.00000,0.20000,1.00000,6.00000,0.10000,0.15000,0.45000
130.50000,8.54915,-2.61439,1.85751,190.06829,1.00000,50.00000,0.20000,1.00000,6.00000,0.10000,0.15000,0.45000
130.55000,8.62618,-2.66627,1.85746,190.16111,1.00000,50.00000,0.20000,1.00000,6.00000,0.10000,0.15000,0.45000
130.60000,8.70472,-2.71583,1.85743,190.25391,1.00000,50.00000,0.20000,1.00000,6.00000,0.10000,0.15000,0.45000
130.65000,8.78468,-2.76305,1.85742,190.34669,1.00000,50.00000,0.20000,1.00000,6.00000,0.10000,0.15000,0.45000
130.70000,8.86600,-2.80790,1.85742,190.43945,1.00000,50.00000,0.20000,1.00000,6.00000,0.10000,0.15000,0.45000
130.75000,8.94859,-2.85038,1.85745,190.53220,1.00000,50.00000,0.20000,1.00000,6.00000,0.10000,0.15000,0.45000
130.80000,9.03236,-2.89047,1.85749,190.62493,1.00000,50.00000,0.20000,1.00000,6.00000,0.10000,0.15000,0.45000
130.85000,9.11724,-2.92817,1.85755,190.71764,1.00000,50.00000,0.20000,1.00000,6.00000,0.10000,0.15000,0.45000
130.90000,9.20314,-2.96348,1.85763,190.81034,1.00000,50.00000,0.20000,1.00000,6.00000,0.10000,0.15000,0.45000
130.95000,9.28998,-2.99642,1.85773,190.90303,1.00000,50.00000,0.20000,1.00000,6.00000,0.10000,0.15000,0.45000
131.00000,9.37769,-3.02699,1.85785,190.99572,1.00000,50.00000,0.20000,1.00000,6.00000,0.10000,0.15000,0.45000
131.05000,9.46619,-3.05521,1.85799,191.08839,1.00000,50.00000,0.20000,1.00000,6.00000,0.10000,0.15000,0.45000
131.10000,9.55541,-3.08111,1.85815,191.18107,1.00000,50.00000,0.20000,1.00000,6.00000,0.10000,0.15000,0.45000
131.15000,9.64528,-3.10469,1.85832,191.27374,1.00000,50.00000,0.20000,1.00000,6.00000,0.10000,0.15000,0.45000
131.20000,9.73572,-3.12601,1.85852,191.36641,1.00000,50.00000,0.20000,1.00000,6.00000,0.10000,0.15000,0.45000
131.25000,9.82667,-3.14507,1.85874,191.45908,1.00000,50.00000,0.20000,1.00000,6.00000,0.10000,0.15000,0.45000
131.30000,9.91807,-3.16193,1.85897,191.55176,1.00000,50.00000,0.20000,1.00000,6.00000,0.10000,0.15000,0.45000
131.35000,10.00986,-3.17661,1.85923,191.64445,1.00000,50.00000,0.20000,1.00000,6.00000,0.10000,0.15000,0.45000
131.40000,10.10197,-3.18915,1.85950,191.73714,1.00000,50.00000,0.20000,1.00000,6.00000,0.10000,0.15000,0.45000
131.45000,10.19436,-3.19959,1.85979,191.82985,1.00000,50.00000,0.20000,1.00000,6.00000,0.10000,0.15000,0.45000
131.50000,10.28698,-3.20798,1.86011,191.92257,1.00000,50.00000,0.20000,1.00000,6.00000,0.10000,0.15000,0.45000
131.55000,10.37977,-3.21436,1.86044,192.01530,1.00000,50.00000,0.20000,1.00000,6.00000,0.10000,0.15000,0.45000
131.60000,10.47270,-3.21876,1.86079,192.10805,1.00000,50.00000,0.20000,1.00000,6.00000,0.10000,0.15000,0.45000
131.65000,10.56571,-3.22125,1.86116,192.20082,1.00000,50.00000,0.20000,1.00000,6.00000,0.10000,0.15000,0.45000
131.70000,10.65877,-3.22184,1.86156,192.29360,1.00000,50.00000,0.20000,1.00000,6.00000,0.10000,0.15000,0.45000
131.75000,10.75185,-3.22057,1.86198,192.38641,1.00000,50.00000,0.20000,1.00000,6.00000,0.10000,0.15000,0.45000
131.80000,10.84491,-3.21745,1.86245,192.47924,1.00000,50.00000,0.20000,1.00000,6.00000,0.10000,0.15000,0.45000
131.85000,10.93808,-3.21297,1.86904,192.57183,1.00000,50.00000,0.20000,1.00000,6.00000,0.10000,0.15000,0.45000
131.90000,11.03141,-3.20776,1.86962,192.66527,1.00000,50.00000,0.20000,1.00000,6.00000,0.10000,0.15000,0.45000
131.95000,11.12460,-3.20033,1.86993,192.75856,1.00000,50.00000,0.20000,1.00000,6.00000,0.10000,0.15000,0.45000
132.00000,11.21763,-3.19087,1.87048,192.85180,1.00000,50.00000,0.20000,1.00000,6.00000,0.10000,0.15000,0.45000
132.05000,11.31049,-3.17966,1.87110,192.94505,1.00000,50.00000,0.20000,1.00000,6.00000,0.10000,0.15000,0.45000
132.10000,11.40317,-3.16679,1.87174,193.03834,1.00000,50.00000,0.20000,1.00000,6.00000,0.10000,0.15000,0.45000
132.15000,11.49566,-3.15239,1.87241,193.13166,1.00000,50.00000,0.20000,1.00000,6.00000,0.10000,0.15000,0.45000
132.20000,11.58794,-3.13653,1.87308,193.22504,1.00000,50.00000,0.20000,1.00000,6.00000,0.10000,0.15000,0.45000
132.25000,11.68002,-3.11932,1.87377,193.31846,1.00000,50.00000,0.20000,1.00000,6.00000,0.10000,0.15000,0.45000
132.30000,11.77189,-3.10085,1.87447,193.41193,1.00000,50.00000,0.20000,1.00000,6.00000,0.10000,0.15000,0.45000
132.35000,11.86355,-3.08121,1.87516,193.50545,1.00000,50.00000,0.20000,1.00000,6.00000,0.10000,0.15000,0.45000
132.40000,11.95500,-3.06048,1.87586,193.59902,1.00000,50.00000,0.20000,1.00000,6.00000,0.10000,0.15000,0.45000
132.45000,12.04626,-3.03877,1.87655,193.69265,1.00000,50.00000,0.20000,1.00000,6.00000,0.10000,0.15000,0.45000
132.50000,12.13734,-3.01615,1.87723,193.78632,1.00000,50.00000,0.20000,1.00000,6.00000,0.10000,0.15000,0.45000
132.55000,12.22824,-2.99269,1.87789,193.88005,1.00000,50.00000,0.20000,1.00000,6.00000,0.10000,0.15000,0.45000
132.60000,12.31898,-2.96849,1.87854,193.97382,1.00000,50.00000,0.20000,1.00000,6.00000,0.10000,0.15000,0.45000
132.65000,12.40957,-2.94362,1.87917,194.06765,1.00000,50.00000,0.20000,1.00000,6.00000,0.10000,0.15000,0.45000
132.70000,12.50002,-2.91814,1.87978,194.16156,1.00000,50.00000,0.20000,1.00000,6.00000,0.10000,0.15000,0.45000
132.75000,12.59036,-2.89213,1.88036,194.25561,1.00000,50.00000,0.20000,1.00000,6.00000,0.10000,0.15000,0.45000
132.80000,12.68058,-2.86565,1.88091,194.34993,1.00000,50.00000,0.20000,1.00000,6.00000,0.10000,0.15000,0.45000
132.85000,12.77072,-2.83876,1.88142,194.44457,1.00000,50.00000,0.20000,1.00000,6.00000,0.10000,0.15000,0.45000
132.90000,12.86077,-2.81152,1.88190,194.53911,1.00000,50.00000,0.20000,1.00000,6.00000,0.10000,0.15000,0.45000
132.95000,12.95075,-2.78398,1.88234,194.63330,1.00000,50.00000,0.20000,1.00000,6.00000,0.10000,0.15000,0.45000
133.00000,13.04069,-2.75620,1.88274,194.72735,1.00000,50.00000,0.20000,1.00000,6.00000,0.10000,0.15000,0.45000
133.05000,13.13058,-2.72822,1.88310,194.82146,1.00000,50.00000,0.20000,1.00000,6.00000,0.10000,0.15000,0.45000
133.10000,13.22044,-2.70009,1.88343,194.91560,1.00000,50.00000,0.20000,1.00000,6.00000,0.10000,0.15000,0.45000
133.15000,13.31029,-2.67185,1.88371,195.00975,1.00000,50.00000,0.20000,1.00000,6.00000,0.10000,0.15000,0.45000
133.20000,13.40013,-2.64356,1.88395,195.10391,1.00000,50.00000,0.20000,1.00000,6.00000,0.10000,0.15000,0.45000
133.25000,13.48998,-2.61526,1.88415,195.19808,1.00000,50.00000,0.20000,1.00000,6.00000,0.10000,0.15000,0.45000
133.30000,13.57985,-2.58697,1.88431,195.29227,1.00000,50.00000,0.20000,1.00000,6.00000,0.10000,0.15000,0.45000
133.35000,13.66973,-2.55873,1.88443,195.38646,1.00000,50.00000,0.20000,1.00000,6.00000,0.10000,0.15000,0.45000
133.40000,13.75966,-2.53059,1.88451,195.48066,1.00000,50.00000,0.20000,1.00000,6.00000,0.10000,0.15000,0.45000
133.45000,13.84962,-2.50255,1.88454,195.57487,1.00000,50.00000,0.20000,1.00000,6.00000,0.10000,0.15000,0.45000
133.50000,13.93962,-2.47466,1.88454,195.66907,1.00000,50.00000,0.20000,1.00000,6.00000,0.10000,0.15000,0.45000
133.55000,14.02967,-2.44692,1.88449,195.76327,1.00000,50.00000,0.20000,1.00000,6.00000,0.10000,0.15000,0.45000
133.60000,14.11977,-2.41936,1.88440,195.85747,1.00000,50.00000,0.20000,1.00000,6.00000,0.10000,0.15000,0.45000
133.65000,14.20992,-2.39197,1.88426,195.95165,1.00000,50.00000,0.20000,1.00000,6.00000,0.10000,0.15000,0.45000
133.70000,14.30011,-2.36476,1.88409,196.04583,1.00000,50.00000,0.20000,1.00000,6.00000,0.10000,0.15000,0.45000
133.75000,14.39035,-2.33773,1.88388,196.13999,1.00000,50.00000,0.20000,1.00000,6.00000,0.10000,0.15000,0.45000
133.80000,14.48062,-2.31086,1.88363,196.23413,1.00000,50.00000,0.20000,1.00000,6.00000,0.10000,0.15000,0.45000
133.85000,14.57092,-2.28412,1.88334,196.32826,1.00000,50.00000,0.20000,1.00000,6.00000,0.10000,0.15000,0.45000
133.90000,14.66123,-2.25748,1.88301,196.42236,1.00000,50.00000,0.20000,1.00000,6.00000,0.10000,0.15000,0.45000
133.95000,14.75154,-2.23089,1.88265,196.51644,1.00000,50.00000,0.20000,1.00000,6.00000,0.10000,0.15000,0.45000
134.00000,14.84183,-2.20429,1.88225,196.61050,1.00000,50.00000,0.20000,1.00000,6.00000,0.10000,0.15000,0.45000
134.05000,14.93207,-2.17760,1.88182,196.70454,1.00000,50.00000,0.20000,1.00000,6.00000,0.10000,0.15000,0.45000
134.10000,15.02223,-2.15073,1.88134,196.79854,1.00000,50.00000,0.20000,1.00000,6.00000,0.10000,0.15000,0.45000
134.15000,15.11227,-2.12356,1.88083,196.89252,1.00000,50.00000,0.20000,1.00000,6.00000,0.10000,0.15000,0.45000
134.20000,15.20214,-2.09592,1.88027,196.98646,1.00000,50.00000,0.20000,1.00000,6.00000,0.10000,0.15000,0.45000
134.25000,15.29179,-2.06766,1.87967,197.08036,1.00000,50.00000,0.20000,1.00000,6.00000,0.10000,0.15000,0.45000
134.30000,15.38115,-2.03858,1.87901,197.17422,1.00000,50.00000,0.20000,1.00000,6.00000,0.10000,0.15000,0.45000
134.35000,15.47012,-2.00845,1.87827,197.26802,1.00000,50.00000,0.20000,1.00000,6.00000,0.10000,0.15000,0.45000
134.40000,15.55859,-1.97700,1.87745,197.36176,1.00000,50.00000,0.20000,1.00000,6.00000,0.10000,0.15000,0.45000
134.45000,15.64642,-1.94393,1.87654,197.45542,1.00000,50.00000,0.20000,1.00000,6.00000,0.10000,0.15000,0.45000
134.50000,15.73345,-1.90895,1.87547,197.54900,1.00000,50.00000,0.20000,1.00000,6.00000,0.10000,0.15000,0.45000
134.55000,15.81945,-1.87165,1.87414,197.64248,1.00000,50.00000,0.20000,1.00000,6.00000,0.10000,0.15000,0.45000
134.60000,15.90424,-1.83181,1.87338,197.73583,1.00000,50.00000,0.20000,1.00000,6.00000,0.10000,0.15000,0.45000
134.65000,15.98757,-1.78921,1.86942,197.82912,1.00000,50.00000,0.20000,1.00000,6.00000,0.10000,0.15000,0.45000
134.70000,16.06855,-1.74253,1.87071,197.92209,1.00000,50.00000,0.20000,1.00000,6.00000,0.10000,0.15000,0.45000
134.75000,16.14913,-1.69515,1.86697,198.01514,1.00000,50.00000,0.20000,1.00000,6.00000,0.10000,0.15000,0.45000
134.80000,16.22613,-1.64264,1.85857,198.10787,1.00000,50.00000,0.20000,1.00000,6.00000,0.10000,0.15000,0.45000
134.85000,16.29774,-1.58357,1.86011,198.20003,1.00000,50.00000,0.20000,1.00000,6.00000,0.10000,0.15000,0.45000
134.90000,16.36958,-1.52441,1.85920,198.29253,1.00000,50.00000,0.20000,1.00000,6.00000,0.10000,0.15000,0.45000
134.95000,16.43742,-1.46112,1.85028,198.38486,1.00000,50.00000,0.20000,1.00000,6.00000,0.10000,0.15000,0.45000
135.00000,16.49915,-1.39229,1.85221,198.47656,1.00000,50.00000,0.20000,1.00000,6.00000,0.10000,0.15000,0.45000
135.05000,16.55843,-1.32125,1.84663,198.56848,1.00000,50.00000,0.20000,1.00000,6.00000,0.10000,0.15000,0.45000
135.10000,16.61078,-1.24547,1.83436,198.66003,1.00000,50.00000,0.20000,1.00000,6.00000,0.10000,0.15000,0.45000
135.15000,16.65253,-1.16420,1.83227,198.75083,1.00000,50.00000,0.20000,1.00000,6.00000,0.10000,0.15000,0.45000
135.20000,16.69140,-1.08106,1.83216,198.84208,1.00000,50.00000,0.20000,1.00000,6.00000,0.10000,0.15000,0.45000
135.25000,16.72208,-0.99507,1.81714,198.93364,1.00000,50.00000,0.20000,1.00000,6.00000,0.10000,0.15000,0.45000
135.30000,16.74073,-0.90643,1.81752,199.02453,1.00000,50.00000,0.20000,1.00000,6.00000,0.10000,0.15000,0.45000
135.35000,16.75640,-0.81666,1.82317,199.11624,1.00000,50.00000,0.20000,1.00000,6.00000,0.10000,0.15000,0.45000
135.40000,16.76637,-0.72623,1.81241,199.20863,1.00000,50.00000,0.20000,1.00000,6.00000,0.10000,0.15000,0.45000
135.45000,16.76458,-0.63606,1.79701,199.30032,1.00000,50.00000,0.20000,1.00000,6.00000,0.10000,0.15000,0.45000
135.50000,16.75168,-0.54718,1.80310,199.39145,1.00000,50.00000,0.20000,1.00000,6.00000,0.10000,0.15000,0.45000
135.55000,16.73566,-0.45827,1.80421,199.48390,1.00000,50.00000,0.20000,1.00000,6.00000,0.10000,0.15000,0.45000
135.60000,16.71187,-0.37150,1.79379,199.57643,1.00000,50.00000,0.20000,1.00000,6.00000,0.10000,0.15000,0.45000
135.65000,16.67908,-0.28803,1.79794,199.66822,1.00000,50.00000,0.20000,1.00000,6.00000,0.10000,0.15000,0.45000
135.70000,16.64118,-0.20665,1.79189,199.76042,1.00000,50.00000,0.20000,1.00000,6.00000,0.10000,0.15000,0.45000
135.75000,16.59504,-0.13017,1.77881,199.85207,1.00000,50.00000,0.20000,1.00000,6.00000,0.10000,0.15000,0.45000
135.80000,16.53994,-0.06046,1.78360,199.94260,1.00000,50.00000,0.20000,1.00000,6.00000,0.10000,0.15000,0.45000
135.85000,16.48217,0.00772,1.78406,200.03391,1.00000,50.00000,0.20000,1.00000,6.00000,0.10000,0.15000,0.45000
135.90000,16.41850,0.06982,1.77394,200.12492,1.00000,50.00000,0.20000,1.00000,6.00000,0.10000,0.15000,0.45000
135.95000,16.34891,0.12483,1.77985,200.21490,1.00000,50.00000,0.20000,1.00000,6.00000,0.10000,0.15000,0.45000
136.00000,16.27725,0.17763,1.77619,200.30514,1.00000,50.00000,0.20000,1.00000,6.00000,0.10000,0.15000,0.45000
136.05000,16.20127,0.22335,1.77193,200.39461,1.00000,50.00000,0.20000,1.00000,6.00000,0.10000,0.15000,0.45000
136.10000,16.12179,0.26239,1.77161,200.48350,1.00000,50.00000,0.20000,1.00000,6.00000,0.10000,0.15000,0.45000
136.15000,16.03970,0.29557,1.77110,200.57218,1.00000,50.00000,0.20000,1.00000,6.00000,0.10000,0.15000,0.45000
136.20000,15.95550,0.32290,1.77067,200.66060,1.00000,50.00000,0.20000,1.00000,6.00000,0.10000,0.15000,0.45000
136.25000,15.86968,0.34453,1.77033,200.74880,1.00000,50.00000,0.20000,1.00000,6.00000,0.10000,0.15000,0.45000
136.30000,15.78266,0.36063,1.77007,200.83680,1.00000,50.00000,0.20000,1.00000,6.00000,0.10000,0.15000,0.45000
136.35000,15.69484,0.37141,1.76988,200.92462,1.00000,50.00000,0.20000,1.00000,6.00000,0.10000,0.15000,0.45000
136.40000,15.60655,0.37713,1.76975,201.01230,1.00000,50.00000,0.20000,1.00000,6.00000,0.10000,0.15000,0.45000
136.45000,15.51809,0.37802,1.76968,201.09987,1.00000,50.00000,0.20000,1.00000,6.00000,0.10000,0.15000,0.45000
136.50000,15.42969,0.37435,1.76967,201.18734,1.00000,50.00000,0.20000,1.00000,6.00000,0.10000,0.15000,0.45000
136.55000,15.34158,0.36640,1.76972,201.27474,1.00000,50.00000,0.20000,1.00000,6.00000,0.10000,0.15000,0.45000
136.60000,15.25391,0.35444,1.76980,201.36211,1.00000,50.00000,0.20000,1.00000,6.00000,0.10000,0.15000,0.45000
136.65000,15.16683,0.33874,1.76991,201.44946,1.00000,50.00000,0.20000,1.00000,6.00000,0.10000,0.15000,0.45000
136.70000,15.08045,0.31955,1.77006,201.53683,1.00000,50.00000,0.20000,1.00000,6.00000,0.10000,0.15000,0.45000
136.75000,14.99483,0.29714,1.77027,201.62422,1.00000,50.00000,0.20000,1.00000,6.00000,0.10000,0.15000,0.45000
136.80000,14.91004,0.27174,1.77052,201.71167,1.00000,50.00000,0.20000,1.00000,6.00000,0.10000,0.15000,0.45000
136.85000,14.82610,0.24362,1.77081,201.79918,1.00000,50.00000,0.20000,1.00000,6.00000,0.10000,0.15000,0.45000
136.90000,14.74301,0.21302,1.77114,201.88677,1.00000,50.00000,0.20000,1.00000,6.00000,0.10000,0.15000,0.45000
136.95000,14.66076,0.18019,1.77149,201.97444,1.00000,50.00000,0.20000,1.00000,6.00000,0.10000,0.15000,0.45000
137.00000,14.57931,0.14536,1.77186,202.06221,1.00000,50.00000,0.20000,1.00000,6.00000,0.10000,0.15000,0.45000
137.05000,14.49863,0.10874,1.77225,202.15008,1.00000,50.00000,0.20000,1.00000,6.00000,0.10000,0.15000,0.45000
137.10000,14.41867,0.07054,1.77263,202.23805,1.00000,50.00000,0.20000,1.00000,6.00000,0.10000,0.15000,0.45000
137.15000,14.33936,0.03097,1.77302,202.32613,1.00000,50.00000,0.20000,1.00000,6.00000,0.10000,0.15000,0.45000
137.20000,14.26063,-0.00981,1.77340,202.41429,1.00000,50.00000,0.20000,1.00000,6.00000,0.10000,0.15000,0.45000
137.25000,14.18243,-0.05162,1.77378,202.50255,1.00000,50.00000,0.20000,1.00000,6.00000,0.10000,0.15000,0.45000
137.30000,14.10468,-0.09430,1.77414,202.59088,1.00000,50.00000,0.20000,1.00000,6.00000,0.10000,0.15000,0.45000
137.35000,14.02731,-0.13771,1.77448,202.67930,1.00000,50.00000,0.20000,1.00000,6.00000,0.10000,0.15000,0.45000
137.40000,13.95025,-0.18171,1.77481,202.76778,1.00000,50.00000,0.20000,1.00000,6.00000,0.10000,0.15000,0.45000
137.45000,13.87345,-0.22618,1.77512,202.85633,1.00000,50.00000,0.20000,1.00000,6.00000,0.10000,0.15000,0.45000
137.50000,13.79684,-0.27101,1.77540,202.94494,1.00000,50.00000,0.20000,1.00000,6.00000,0.10000,0.15000,0.45000
137.55000,13.72037,-0.31610,1.77565,203.03360,1.00000,50.00000,0.20000,1.00000,6.00000,0.10000,0.15000,0.45000
137.60000,13.64397,-0.36135,1.77588,203.12230,1.00000,50.00000,0.20000,1.00000,6.00000,0.10000,0.15000,0.45000
137.65000,13.56762,-0.40669,1.77608,203.21102,1.00000,50.00000,0.20000,1.00000,6.00000,0.10000,0.15000,0.45000
137.70000,13.49126,-0.45203,1.77624,203.29979,1.00000,50.00000,0.20000,1.00000,6.00000,0.10000,0.15000,0.45000
137.75000,13.41486,-0.49732,1.77636,203.38874,1.00000,50.00000,0.20000,1.00000,6.00000,0.10000,0.15000,0.45000
137.80000,13.33839,-0.54249,1.77645,203.47791,1.00000,50.00000,0.20000,1.00000,6.00000,0.10000,0.15000,0.45000
137.85000,13.26181,-0.58750,1.77649,203.56710,1.00000,50.00000,0.20000,1.00000,6.00000,0.10000,0.15000,0.45000
137.90000,13.18510,-0.63229,1.77650,203.65617,1.00000,50.00000,0.20000,1.00000,6.00000,0.10000,0.15000,0.45000
137.95000,13.10824,-0.67681,1.77646,203.74512,1.00000,50.00000,0.20000,1.00000,6.00000,0.10000,0.15000,0.45000
138.00000,13.03121,-0.72103,1.77638,203.83396,1.00000,50.00000,0.20000,1.00000,6.00000,0.10000,0.15000,0.45000
138.05000,12.95399,-0.76490,1.77626,203.92277,1.00000,50.00000,0.20000,1.00000,6.00000,0.10000,0.15000,0.45000
138.10000,12.87656,-0.80840,1.77609,204.01157,1.00000,50.00000,0.20000,1.00000,6.00000,0.10000,0.15000,0.45000
138.15000,12.79891,-0.85147,1.77588,204.10036,1.00000,50.00000,0.20000,1.00000,6.00000,0.10000,0.15000,0.45000
138.20000,12.72101,-0.89409,1.77564,204.18913,1.00000,50.00000,0.20000,1.00000,6.00000,0.10000,0.15000,0.45000
138.25000,12.64287,-0.93621,1.77535,204.27789,1.00000,50.00000,0.20000,1.00000,6.00000,0.10000,0.15000,0.45000
138.30000,12.56446,-0.97780,1.77502,204.36662,1.00000,50.00000,0.20000,1.00000,6.00000,0.10000,0.15000,0.45000
138.35000,12.48576,-1.01881,1.77465,204.45532,1.00000,50.00000,0.20000,1.00000,6.00000,0.10000,0.15000,0.45000
138.40000,12.40676,-1.05920,1.77424,204.54400,1.00000,50.00000,0.20000,1.00000,6.00000,0.10000,0.15000,0.45000
138.45000,12.32744,-1.09890,1.77379,204.63265,1.00000,50.00000,0.20000,1.00000,6.00000,0.10000,0.15000,0.45000
138.50000,12.24778,-1.13785,1.77330,204.72126,1.00000,50.00000,0.20000,1.00000,6.00000,0.10000,0.15000,0.45000
138.55000,12.16774,-1.17596,1.77277,204.80984,1.00000,50.00000,0.20000,1.00000,6.00000,0.10000,0.15000,0.45000
138.60000,12.08729,-1.21314,1.77218,204.89838,1.00000,50.00000,0.20000,1.00000,6.00000,0.10000,0.15000,0.45000
138.65000,12.00639,-1.24926,1.77155,204.98686,1.00000,50.00000,0.20000,1.00000,6.00000,0.10000,0.15000,0.45000
138.70000,11.92502,-1.28420,1.77086,205.07530,1.00000,50.00000,0.20000,1.00000,6.00000,0.10000,0.15000,0.45000
138.75000,11.84311,-1.31778,1.77010,205.16367,1.00000,50.00000,0.20000,1.00000,6.00000,0.10000,0.15000,0.45000
138.80000,11.76061,-1.34977,1.76927,205.25198,1.00000,50.00000,0.20000,1.00000,6.00000,0.10000,0.15000,0.45000
138.85000,11.67748,-1.37996,1.76836,205.34020,1.00000,50.00000,0.20000,1.00000,6.00000,0.10000,0.15000,0.45000
138.90000,11.59369,-1.40809,1.76732,205.42834,1.00000,50.00000,0.20000,1.00000,6.00000,0.10000,0.15000,0.45000
138.95000,11.50918,-1.43382,1.76614,205.51638,1.00000,50.00000,0.20000,1.00000,6.00000,0.10000,0.15000,0.45000
139.00000,11.42395,-1.45679,1.76479,205.60431,1.00000,50.00000,0.20000,1.00000,6.00000,0.10000,0.15000,0.45000
139.05000,11.33801,-1.47661,1.76331,205.69212,1.00000,50.00000,0.20000,1.00000,6.00000,0.10000,0.15000,0.45000
139.10000,11.25140,-1.49290,1.76169,205.77981,1.00000,50.00000,0.20000,1.00000,6.00000,0.10000,0.15000,0.45000
139.15000,11.16424,-1.50526,1.75977,205.86737,1.00000,50.00000,0.20000,1.00000,6.00000,0.10000,0.15000,0.45000
139.20000,11.07667,-1.51316,1.75749,205.95480,1.00000,50.00000,0.20000,1.00000,6.00000,0.10000,0.15000,0.45000
139.25000,10.98891,-1.51610,1.75505,206.04210,1.00000,50.00000,0.20000,1.00000,6.00000,0.10000,0.15000,0.45000
139.30000,10.90126,-1.51370,1.75268,206.12929,1.00000,50.00000,0.20000,1.00000,6.00000,0.10000,0.15000,0.45000
139.35000,10.81408,-1.50563,1.74956,206.21640,1.00000,50.00000,0.20000,1.00000,6.00000,0.10000,0.15000,0.45000
139.40000,10.72784,-1.49143,1.74704,206.30343,1.00000,50.00000,0.20000,1.00000,6.00000,0.10000,0.15000,0.45000
139.45000,10.64303,-1.47098,1.74319,206.39046,1.00000,50.00000,0.20000,1.00000,6.00000,0.10000,0.15000,0.45000
139.50000,10.56032,-1.44378,1.74031,206.47744,1.00000,50.00000,0.20000,1.00000,6.00000,0.10000,0.15000,0.45000
139.55000,10.48024,-1.41000,1.73665,206.56449,1.00000,50.00000,0.20000,1.00000,6.00000,0.10000,0.15000,0.45000
139.60000,10.40358,-1.36945,1.73314,206.65161,1.00000,50.00000,0.20000,1.00000,6.00000,0.10000,0.15000,0.45000
139.65000,10.33143,-1.32188,1.72133,206.73888,1.00000,50.00000,0.20000,1.00000,6.00000,0.10000,0.15000,0.45000
139.70000,10.26569,-1.26640,1.72689,206.82564,1.00000,50.00000,0.20000,1.00000,6.00000,0.10000,0.15000,0.45000
139.75000,10.20114,-1.20880,1.72609,206.91360,1.00000,50.00000,0.20000,1.00000,6.00000,0.10000,0.15000,0.45000
139.80000,10.14323,-1.14530,1.71097,207.00144,1.00000,50.00000,0.20000,1.00000,6.00000,0.10000,0.15000,0.45000
139.85000,10.09409,-1.07540,1.71525,207.08814,1.00000,50.00000,0.20000,1.00000,6.00000,0.10000,0.15000,0.45000
139.90000,10.04685,-1.00362,1.71419,207.17584,1.00000,50.00000,0.20000,1.00000,6.00000,0.10000,0.15000,0.45000
139.95000,10.00831,-0.92756,1.69994,207.26283,1.00000,50.00000,0.20000,1.00000,6.00000,0.10000,0.15000,0.45000
140.00000,9.97966,-0.84771,1.69533,207.34873,1.00000,50.00000,0.20000,1.00000,6.00000,0.10000,0.15000,0.45000
140.05000,9.95906,-0.76544,1.70279,207.43381,1.00000,50.00000,0.20000,1.00000,6.00000,0.10000,0.15000,0.45000
140.10000,9.94043,-0.68220,1.70178,207.51997,1.00000,50.00000,0.20000,1.00000,6.00000,0.10000,0.15000,0.45000
140.15000,9.93140,-0.59804,1.68884,207.60484,1.00000,50.00000,0.20000,1.00000,6.00000,0.10000,0.15000,0.45000
140.20000,9.93245,-0.51380,1.68208,207.68847,1.00000,50.00000,0.20000,1.00000,6.00000,0.10000,0.15000,0.45000
140.25000,9.94241,-0.43026,1.68729,207.77153,1.00000,50.00000,0.20000,1.00000,6.00000,0.10000,0.15000,0.45000
140.30000,9.95866,-0.34765,1.67877,207.85495,1.00000,50.00000,0.20000,1.00000,6.00000,0.10000,0.15000,0.45000
140.35000,9.98458,-0.26801,1.67346,207.93766,1.00000,50.00000,0.20000,1.00000,6.00000,0.10000,0.15000,0.45000
140.40000,10.01838,-0.19142,1.68115,208.01992,1.00000,50.00000,0.20000,1.00000,6.00000,0.10000,0.15000,0.45000
140.45000,10.05435,-0.11525,1.68155,208.10315,1.00000,50.00000,0.20000,1.00000,6.00000,0.10000,0.15000,0.45000
140.50000,10.09652,-0.04266,1.67853,208.18605,1.00000,50.00000,0.20000,1.00000,6.00000,0.10000,0.15000,0.45000
140.55000,10.14414,0.02643,1.67874,208.26858,1.00000,50.00000,0.20000,1.00000,6.00000,0.10000,0.15000,0.45000
140.60000,10.19625,0.09220,1.67873,208.35108,1.00000,50.00000,0.20000,1.00000,6.00000,0.10000,0.15000,0.45000
140.65000,10.25246,0.15452,1.67881,208.43351,1.00000,50.00000,0.20000,1.00000,6.00000,0.10000,0.15000,0.45000
140.70000,10.31231,0.21336,1.67895,208.51591,1.00000,50.00000,0.20000,1.00000,6.00000,0.10000,0.15000,0.45000
140.75000,10.37538,0.26873,1.67913,208.59828,1.00000,50.00000,0.20000,1.00000,6.00000,0.10000,0.15000,0.45000
140.80000,10.44130,0.32072,1.67935,208.68065,1.00000,50.00000,0.20000,1.00000,6.00000,0.10000,0.15000,0.45000
140.85000,10.50969,0.36941,1.67960,208.76303,1.00000,50.00000,0.20000,1.00000,6.00000,0.10000,0.15000,0.45000
140.90000,10.58025,0.41496,1.67989,208.84545,1.00000,50.00000,0.20000,1.00000,6.00000,0.10000,0.15000,0.45000
140.95000,10.65265,0.45753,1.68019,208.92791,1.00000,50.00000,0.20000,1.00000,6.00000,0.10000,0.15000,0.45000
141.00000,10.72664,0.49732,1.68050,209.01045,1.00000,50.00000,0.20000,1.00000,6.00000,0.10000,0.15000,0.45000
141.05000,10.80197,0.53455,1.68082,209.09309,1.00000,50.00000,0.20000,1.00000,6.00000,0.10000,0.15000,0.45000
141.10000,10.87842,0.56945,1.68114,209.17585,1.00000,50.00000,0.20000,1.00000,6.00000,0.10000,0.15000,0.45000
141.15000,10.95581,0.60227,1.68145,209.25875,1.00000,50.00000,0.20000,1.00000,6.00000,0.10000,0.15000,0.45000
141.20000,11.03396,0.63328,1.68174,209.34180,1.00000,50.00000,0.20000,1.00000,6.00000,0.10000,0.15000,0.45000
141.25000,11.11272,0.66275,1.68200,209.42501,1.00000,50.00000,0.20000,1.00000,6.00000,0.10000,0.15000,0.45000
141.30000,11.19195,0.69095,1.68223,209.50841,1.00000,50.00000,0.20000,1.00000,6.00000,0.10000,0.15000,0.45000
141.35000,11.27154,0.71817,1.68243,209.59201,1.00000,50.00000,0.20000,1.00000,6.00000,0.10000,0.15000,0.45000
141.40000,11.35137,0.74469,1.68257,209.67581,1.00000,50.00000,0.20000,1.00000,6.00000,0.10000,0.15000,0.45000
141.45000,11.43135,0.77080,1.68267,209.75983,1.00000,50.00000,0.20000,1.00000,6.00000,0.10000,0.15000,0.45000
141.50000,11.51137,0.79678,1.68271,209.84410,1.00000,50.00000,0.20000,1.00000,6.00000,0.10000,0.15000,0.45000
141.55000,11.59135,0.82290,1.68269,209.92865,1.00000,50.00000,0.20000,1.00000,6.00000,0.10000,0.15000,0.45000
141.60000,11.67119,0.84943,1.68261,210.01348,1.00000,50.00000,0.20000,1.00000,6.00000,0.10000,0.15000,0.45000
141.65000,11.75079,0.87665,1.68246,210.09853,1.00000,50.00000,0.20000,1.00000,6.00000,0.10000,0.15000,0.45000
141.70000,11.83006,0.90481,1.68224,210.18370,1.00000,50.00000,0.20000,1.00000,6.00000,0.10000,0.15000,0.45000
141.75000,11.90887,0.93417,1.68195,210.26895,1.00000,50.00000,0.20000,1.00000,6.00000,0.10000,0.15000,0.45000
141.80000,11.98711,0.96497,1.68159,210.35433,1.00000,50.00000,0.20000,1.00000,6.00000,0.10000,0.15000,0.45000
141.85000,12.06466,0.99743,1.68117,210.43982,1.00000,50.00000,0.20000,1.00000,6.00000,0.10000,0.15000,0.45000
141.90000,12.14137,1.03177,1.68070,210.52539,1.00000,50.00000,0.20000,1.00000,6.00000,0.10000,0.15000,0.45000
141.95000,12.21710,1.06816,1.68018,210.61102,1.00000,50.00000,0.20000,1.00000,6.00000,0.10000,0.15000,0.45000
142.00000,12.29169,1.10678,1.67961,210.69665,1.00000,50.00000,0.20000,1.00000,6.00000,0.10000,0.15000,0.45000
142.05000,12.36497,1.14777,1.67901,210.78228,1.00000,50.00000,0.20000,1.00000,6.00000,0.10000,0.15000,0.45000
142.10000,12.43678,1.19123,1.67838,210.86786,1.00000,50.00000,0.20000,1.00000,6.00000,0.10000,0.15000,0.45000
142.15000,12.50693,1.23725,1.67774,210.95337,1.00000,50.00000,0.20000,1.00000,6.00000,0.10000,0.15000,0.45000
142.20000,12.57525,1.28589,1.67710,211.03878,1.00000,50.00000,0.20000,1.00000,6.00000,0.10000,0.15000,0.45000
142.25000,12.64157,1.33717,1.67646,211.12407,1.00000,50.00000,0.20000,1.00000,6.00000,0.10000,0.15000,0.45000
142.30000,12.70572,1.39110,1.67583,211.20923,1.00000,50.00000,0.20000,1.00000,6.00000,0.10000,0.15000,0.45000
142.35000,12.76752,1.44765,1.67522,211.29423,1.00000,50.00000,0.20000,1.00000,6.00000,0.10000,0.15000,0.45000
142.40000,12.82683,1.50676,1.67464,211.37906,1.00000,50.00000,0.20000,1.00000,6.00000,0.10000,0.15000,0.45000
142.45000,12.88350,1.56838,1.67410,211.46372,1.00000,50.00000,0.20000,1.00000,6.00000,0.10000,0.15000,0.45000
142.50000,12.93741,1.63239,1.67359,211.54818,1.00000,50.00000,0.20000,1.00000,6.00000,0.10000,0.15000,0.45000
142.55000,12.98843,1.69869,1.67313,211.63247,1.00000,50.00000,0.20000,1.00000,6.00000,0.10000,0.15000,0.45000
142.60000,13.03648,1.76715,1.67271,211.71660,1.00000,50.00000,0.20000,1.00000,6.00000,0.10000,0.15000,0.45000
142.65000,13.08146,1.83764,1.67234,211.80057,1.00000,50.00000,0.20000,1.00000,6.00000,0.10000,0.15000,0.45000
142.70000,13.12332,1.91001,1.67201,211.88437,1.00000,50.00000,0.20000,1.00000,6.00000,0.10000,0.15000,0.45000
142.75000,13.16201,1.98410,1.67173,211.96804,1.00000,50.00000,0.20000,1.00000,6.00000,0.10000,0.15000,0.45000
142.80000,13.19751,2.05976,1.67150,212.05157,1.00000,50.00000,0.20000,1.00000,6.00000,0.10000,0.15000,0.45000
142.85000,13.22980,2.13684,1.67131,212.13499,1.00000,50.00000,0.20000,1.00000,6.00000,0.10000,0.15000,0.45000
142.90000,13.25888,2.21517,1.67117,212.21830,1.00000,50.00000,0.20000,1.00000,6.00000,0.10000,0.15000,0.45000
142.95000,13.28478,2.29460,1.67107,212.30153,1.00000,50.00000,0.20000,1.00000,6.00000,0.10000,0.15000,0.45000
143.00000,13.30753,2.37499,1.67101,212.38467,1.00000,50.00000,0.20000,1.00000,6.00000,0.10000,0.15000,0.45000
143.05000,13.32716,2.45619,1.67098,212.46775,1.00000,50.00000,0.20000,1.00000,6.00000,0.10000,0.15000,0.45000
143.10000,13.34374,2.53808,1.67100,212.55077,1.00000,50.00000,0.20000,1.00000,6.00000,0.10000,0.15000,0.45000
143.15000,13.35732,2.62051,1.67105,212.63375,1.00000,50.00000,0.20000,1.00000,6.00000,0.10000,0.15000,0.45000
143.20000,13.36799,2.70338,1.67113,212.71670,1.00000,50.00000,0.20000,1.00000,6.00000,0.10000,0.15000,0.45000
143.25000,13.37581,2.78656,1.67124,212.79962,1.00000,50.00000,0.20000,1.00000,6.00000,0.10000,0.15000,0.45000
143.30000,13.38087,2.86997,1.67139,212.88253,1.00000,50.00000,0.20000,1.00000,6.00000,0.10000,0.15000,0.45000
143.35000,13.38327,2.95351,1.67156,212.96544,1.00000,50.00000,0.20000,1.00000,6.00000,0.10000,0.15000,0.45000
143.40000,13.38309,3.03709,1.67177,213.04834,1.00000,50.00000,0.20000,1.00000,6.00000,0.10000,0.15000,0.45000
143.45000,13.38044,3.12063,1.67200,213.13125,1.00000,50.00000,0.20000,1.00000,6.00000,0.10000,0.15000,0.45000
143.50000,13.37540,3.20408,1.67226,213.21418,1.00000,50.00000,0.20000,1.00000,6.00000,0.10000,0.15000,0.45000
143.55000,13.36809,3.28738,1.67254,213.29712,1.00000,50.00000,0.20000,1.00000,6.00000,0.10000,0.15000,0.45000
143.60000,13.35860,3.37047,1.67286,213.38009,1.00000,50.00000,0.20000,1.00000,6.00000,0.10000,0.15000,0.45000
143.65000,13.34704,3.45332,1.67319,213.46309,1.00000,50.00000,0.20000,1.00000,6.00000,0.10000,0.15000,0.45000
143.70000,13.33350,3.53588,1.67355,213.54613,1.00000,50.00000,0.20000,1.00000,6.00000,0.10000,0.15000,0.45000
143.75000,13.31808,3.61813,1.67394,213.62921,1.00000,50.00000,0.20000,1.00000,6.00000,0.10000,0.15000,0.45000
143.80000,13.30090,3.70006,1.67435,213.71233,1.00000,50.00000,0.20000,1.00000,6.00000,0.10000,0.15000,0.45000
143.85000,13.28204,3.78163,1.67478,213.79550,1.00000,50.00000,0.20000,1.00000,6.00000,0.10000,0.15000,0.45000
143.90000,13.26161,3.86285,1.67523,213.87872,1.00000,50.00000,0.20000,1.00000,6.00000,0.10000,0.15000,0.45000
143.95000,13.23970,3.94370,1.67571,213.96199,1.00000,50.00000,0.20000,1.00000,6.00000,0.10000,0.15000,0.45000
144.00000,13.21640,4.02420,1.67621,214.04531,1.00000,50.00000,0.20000,1.00000,6.00000,0.10000,0.15000,0.45000
144.05000,13.19181,4.10433,1.67674,214.12869,1.00000,50.00000,0.20000,1.00000,6.00000,0.10000,0.15000,0.45000
144.10000,13.16599,4.18411,1.67731,214.21212,1.00000,50.00000,0.20000,1.00000,6.00000,0.10000,0.15000,0.45000
144.15000,13.13904,4.26354,1.67792,214.29562,1.00000,50.00000,0.20000,1.00000,6.00000,0.10000,0.15000,0.45000
144.20000,13.11103,4.34264,1.67857,214.37918,1.00000,50.00000,0.20000,1.00000,6.00000,0.10000,0.15000,0.45000
144.25000,13.08204,4.42142,1.67926,214.46281,1.00000,50.00000,0.20000,1.00000,6.00000,0.10000,0.15000,0.45000
144.30000,13.05218,4.49991,1.67999,214.54650,1.00000,50.00000,0.20000,1.00000,6.00000,0.10000,0.15000,0.45000
144.35000,13.02151,4.57813,1.68073,214.63026,1.00000,50.00000,0.20000,1.00000,6.00000,0.10000,0.15000,0.45000
144.40000,12.99011,4.65610,1.68151,214.71408,1.00000,50.00000,0.20000,1.00000,6.00000,0.10000,0.15000,0.45000
144.45000,12.95805,4.73385,1.68230,214.79797,1.00000,50.00000,0.20000,1.00000,6.00000,0.10000,0.15000,0.45000
144.50000,12.92542,4.81139,1.68311,214.88192,1.00000,50.00000,0.20000,1.00000,6.00000,0.10000,0.15000,0.45000
144.55000,12.89227,4.88877,1.68393,214.96593,1.00000,50.00000,0.20000,1.00000,6.00000,0.10000,0.15000,0.45000
144.60000,12.85867,4.96599,1.68476,215.05001,1.00000,50.00000,0.20000,1.00000,6.00000,0.10000,0.15000,0.45000
144.65000,12.82468,5.04309,1.68560,215.13415,1.00000,50.00000,0.20000,1.00000,6.00000,0.10000,0.15000,0.45000
144.70000,12.79034,5.12008,1.68644,215.21834,1.00000,50.00000,0.20000,1.00000,6.00000,0.10000,0.15000,0.45000
144.75000,12.75570,5.19698,1.68728,215.30259,1.00000,50.00000,0.20000,1.00000,6.00000,0.10000,0.15000,0.45000
144.80000,12.72081,5.27381,1.68812,215.38690,1.00000,50.00000,0.20000,1.00000,6.00000,0.10000,0.15000,0.45000
144.85000,12.68569,5.35059,1.68895,215.47125,1.00000,50.00000,0.20000,1.00000,6.00000,0.10000,0.15000,0.45000
144.90000,12.65038,5.42733,1.68977,215.55567,1.00000,50.00000,0.20000,1.00000,6.00000,0.10000,0.15000,0.45000
144.95000,12.61491,5.50403,1.69058,215.64013,1.00000,50.00000,0.20000,1.00000,6.00000,0.10000,0.15000,0.45000
145.00000,12.57929,5.58071,1.69138,215.72462,1.00000,50.00000,0.20000,1.00000,6.00000,0.10000,0.15000,0.45000
145.05000,12.54354,5.65737,1.69216,215.80917,1.00000,50.00000,0.20000,1.00000,6.00000,0.10000,0.15000,0.45000
145.10000,12.50767,5.73402,1.69292,215.89396,1.00000,50.00000,0.20000,1.00000,6.00000,0.10000,0.15000,0.45000
145.15000,12.47168,5.81066,1.69365,215.97903,1.00000,50.00000,0.20000,1.00000,6.00000,0.10000,0.15000,0.45000
145.20000,12.43557,5.88727,1.69436,216.06428,1.00000,50.00000,0.20000,1.00000,6.00000,0.10000,0.15000,0.45000
145.25000,12.39934,5.96387,1.69505,216.14955,1.00000,50.00000,0.20000,1.00000,6.00000,0.10000,0.15000,0.45000
145.30000,12.36297,6.04044,1.69570,216.23467,1.00000,50.00000,0.20000,1.00000,6.00000,0.10000,0.15000,0.45000
145.35000,12.32644,6.11697,1.69633,216.31957,1.00000,50.00000,0.20000,1.00000,6.00000,0.10000,0.15000,0.45000
145.40000,12.28974,6.19345,1.69693,216.40434,1.00000,50.00000,0.20000,1.00000,6.00000,0.10000,0.15000,0.45000
145.45000,12.25284,6.26987,1.69750,216.48916,1.00000,50.00000,0.20000,1.00000,6.00000,0.10000,0.15000,0.45000
145.50000,12.21571,6.34621,1.69804,216.57403,1.00000,50.00000,0.20000,1.00000,6.00000,0.10000,0.15000,0.45000
145.55000,12.17832,6.42245,1.69856,216.65892,1.00000,50.00000,0.20000,1.00000,6.00000,0.10000,0.15000,0.45000
145.60000,12.14063,6.49857,1.69904,216.74384,1.00000,50.00000,0.20000,1.00000,6.00000,0.10000,0.15000,0.45000
145.65000,12.10260,6.57455,1.69951,216.82878,1.00000,50.00000,0.20000,1.00000,6.00000,0.10000,0.15000,0.45000
145.70000,12.06419,6.65036,1.69994,216.91377,1.00000,50.00000,0.20000,1.00000,6.00000,0.10000,0.15000,0.45000
145.75000,12.02534,6.72597,1.70035,216.99878,1.00000,50.00000,0.20000,1.00000,6.00000,0.10000,0.15000,0.45000
145.80000,11.98601,6.80135,1.70073,217.08383,1.00000,50.00000,0.20000,1.00000,6.00000,0.10000,0.15000,0.45000
145.85000,11.94614,6.87647,1.70109,217.16892,1.00000,50.00000,0.20000,1.00000,6.00000,0.10000,0.15000,0.45000
145.90000,11.90567,6.95129,1.70142,217.25405,1.00000,50.00000,0.20000,1.00000,6.00000,0.10000,0.15000,0.45000
145.95000,11.86454,7.02576,1.70173,217.33921,1.00000,50.00000,0.20000,1.00000,6.00000,0.10000,0.15000,0.45000
146.00000,11.82269,7.09986,1.70201,217.42441,1.00000,50.00000,0.20000,1.00000,6.00000,0.10000,0.15000,0.45000
146.05000,11.78006,7.17352,1.70226,217.50965,1.00000,50.00000,0.20000,1.00000,6.00000,0.10000,0.15000,0.45000
146.10000,11.73658,7.24669,1.70249,217.59493,1.00000,50.00000,0.20000,1.00000,6.00000,0.10000,0.15000,0.45000
146.15000,11.69220,7.31934,1.70269,217.68025,1.00000,50.00000,0.20000,1.00000,6.00000,0.10000,0.15000,0.45000
146.20000,11.64685,7.39139,1.70288,217.76560,1.00000,50.00000,0.20000,1.00000,6.00000,0.10000,0.15000,0.45000
146.25000,11.60046,7.46279,1.70303,217.85099,1.00000,50.00000,0.20000,1.00000,6.00000,0.10000,0.15000,0.45000
146.30000,11.55298,7.53348,1.70317,217.93641,1.00000,50.00000,0.20000,1.00000,6.00000,0.10000,0.15000,0.45000
146.35000,11.50434,7.60339,1.70328,218.02187,1.00000,50.00000,0.20000,1.00000,6.00000,0.10000,0.15000,0.45000
146.40000,11.45451,7.67245,1.70338,218.10735,1.00000,50.00000,0.20000,1.00000,6.00000,0.10000,0.15000,0.45000
146.45000,11.40341,7.74059,1.70345,218.19285,1.00000,50.00000,0.20000,1.00000,6.00000,0.10000,0.15000,0.45000
146.50000,11.35102,7.80774,1.70351,218.27837,1.00000,50.00000,0.20000,1.00000,6.00000,0.10000,0.15000,0.45000
146.55000,11.29728,7.87382,1.70355,218.36391,1.00000,50.00000,0.20000,1.00000,6.00000,0.10000,0.15000,0.45000
146.60000,11.24215,7.93876,1.70358,218.44946,1.00000,50.00000,0.20000,1.00000,6.00000,0.10000,0.15000,0.45000
146.65000,11.18561,8.00246,1.70359,218.53501,1.00000,50.00000,0.20000,1.00000,6.00000,0.10000,0.15000,0.45000
146.70000,11.12763,8.06486,1.70360,218.62057,1.00000,50.00000,0.20000,1.00000,6.00000,0.10000,0.15000,0.45000
146.75000,11.06820,8.12588,1.70360,218.70612,1.00000,50.00000,0.20000,1.00000,6.00000,0.10000,0.15000,0.45000
146.80000,11.00732,8.18545,1.70358,218.79167,1.00000,50.00000,0.20000,1.00000,6.00000,0.10000,0.15000,0.45000
146.85000,10.94496,8.24347,1.70355,218.87720,1.00000,50.00000,0.20000,1.00000,6.00000,0.10000,0.15000,0.45000
146.90000,10.88111,8.29985,1.70352,218.96272,1.00000,50.00000,0.20000,1.00000,6.00000,0.10000,0.15000,0.45000
146.95000,10.81580,8.35452,1.70351,219.04822,1.00000,50.00000,0.20000,1.00000,6.00000,0.10000,0.15000,0.45000
147.00000,10.74903,8.40739,1.70349,219.13370,1.00000,50.00000,0.20000,1.00000,6.00000,0.10000,0.15000,0.45000
147.05000,10.68082,8.45841,1.70348,219.21916,1.00000,50.00000,0.20000,1.00000,6.00000,0.10000,0.15000,0.45000
147.10000,10.61121,8.50749,1.70348,219.30459,1.00000,50.00000,0.20000,1.00000,6.00000,0.10000,0.15000,0.45000
147.15000,10.54024,8.55457,1.70349,219.38998,1.00000,50.00000,0.20000,1.00000,6.00000,0.10000,0.15000,0.45000
147.20000,10.46794,8.59959,1.70351,219.47534,1.00000,50.00000,0.20000,1.00000,6.00000,0.10000,0.15000,0.45000
147.25000,10.39437,8.64251,1.70355,219.56067,1.00000,50.00000,0.20000,1.00000,6.00000,0.10000,0.15000,0.45000
147.30000,10.31958,8.68327,1.70360,219.64597,1.00000,50.00000,0.20000,1.00000,6.00000,0.10000,0.15000,0.45000
147.35000,10.24363,8.72184,1.70367,219.73125,1.00000,50.00000,0.20000,1.00000,6.00000,0.10000,0.15000,0.45000
147.40000,10.16660,8.75819,1.70376,219.81647,1.00000,50.00000,0.20000,1.00000,6.00000,0.10000,0.15000,0.45000
147.45000,10.08853,8.79230,1.70387,219.90164,1.00000,50.00000,0.20000,1.00000,6.00000,0.10000,0.15000,0.45000
147.50000,10.00952,8.82414,1.70399,219.98678,1.00000,50.00000,0.20000,1.00000,6.00000,0.10000,0.15000,0.45000
147.55000,9.92962,8.85373,1.70414,220.07188,1.00000,50.00000,0.20000,1.00000,6.00000,0.10000,0.15000,0.45000
147.60000,9.84890,8.88104,1.70431,220.15695,1.00000,50.00000,0.20000,1.00000,6.00000,0.10000,0.15000,0.45000
147.65000,9.76745,8.90610,1.70450,220.24198,1.00000,50.00000,0.20000,1.00000,6.00000,0.10000,0.15000,0.45000
147.70000,9.68534,8.92891,1.70471,220.32700,1.00000,50.00000,0.20000,1.00000,6.00000,0.10000,0.15000,0.45000
147.75000,9.60262,8.94949,1.70493,220.41201,1.00000,50.00000,0.20000,1.00000,6.00000,0.10000,0.15000,0.45000
147.80000,9.51937,8.96785,1.70518,220.49691,1.00000,50.00000,0.20000,1.00000,6.00000,0.10000,0.15000,0.45000
147.85000,9.43566,8.98403,1.70545,220.58174,1.00000,50.00000,0.20000,1.00000,6.00000,0.10000,0.15000,0.45000
147.90000,9.35154,8.99806,1.70574,220.66670,1.00000,50.00000,0.20000,1.00000,6.00000,0.10000,0.15000,0.45000
147.95000,9.26709,9.00998,1.70603,220.75192,1.00000,50.00000,0.20000,1.00000,6.00000,0.10000,0.15000,0.45000
148.00000,9.18235,9.01980,1.70633,220.83716,1.00000,50.00000,0.20000,1.00000,6.00000,0.10000,0.15000,0.45000
148.05000,9.09738,9.02754,1.70665,220.92220,1.00000,50.00000,0.20000,1.00000,6.00000,0.10000,0.15000,0.45000
148.10000,9.01223,9.03325,1.70698,221.00713,1.00000,50.00000,0.20000,1.00000,6.00000,0.10000,0.15000,0.45000
148.15000,8.92695,9.03695,1.70734,221.09212,1.00000,50.00000,0.20000,1.00000,6.00000,0.10000,0.15000,0.45000
148.20000,8.84160,9.03869,1.70771,221.17718,1.00000,50.00000,0.20000,1.00000,6.00000,0.10000,0.15000,0.45000
148.25000,8.75620,9.03850,1.70810,221.26226,1.00000,50.00000,0.20000,1.00000,6.00000,0.10000,0.15000,0.45000
148.30000,8.67082,9.03643,1.70851,221.34735,1.00000,50.00000,0.20000,1.00000,6.00000,0.10000,0.15000,0.45000
148.35000,8.58547,9.03254,1.70894,221.43244,1.00000,50.00000,0.20000,1.00000,6.00000,0.10000,0.15000,0.45000
148.40000,8.50020,9.02687,1.70940,221.51753,1.00000,50.00000,0.20000,1.00000,6.00000,0.10000,0.15000,0.45000
148.45000,8.41504,9.01949,1.70988,221.60263,1.00000,50.00000,0.20000,1.00000,6.00000,0.10000,0.15000,0.45000
148.50000,8.33002,9.01046,1.71038,221.68776,1.00000,50.00000,0.20000,1.00000,6.00000,0.10000,0.15000,0.45000
148.55000,8.24515,8.99984,1.71091,221.77291,1.00000,50.00000,0.20000,1.00000,6.00000,0.10000,0.15000,0.45000
148.60000,8.16045,8.98770,1.71146,221.85809,1.00000,50.00000,0.20000,1.00000,6.00000,0.10000,0.15000,0.45000
148.65000,8.07595,8.97411,1.71203,221.94331,1.00000,50.00000,0.20000,1.00000,6.00000,0.10000,0.15000,0.45000
148.70000,7.99166,8.95915,1.71263,222.02857,1.00000,50.00000,0.20000,1.00000,6.00000,0.10000,0.15000,0.45000
148.75000,7.90757,8.94289,1.71326,222.11387,1.00000,50.00000,0.20000,1.00000,6.00000,0.10000,0.15000,0.45000
148.80000,7.82369,8.92540,1.71390,222.19922,1.00000,50.00000,0.20000,1.00000,6.00000,0.10000,0.15000,0.45000
148.85000,7.74003,8.90676,1.71457,222.28462,1.00000,50.00000,0.20000,1.00000,6.00000,0.10000,0.15000,0.45000
148.90000,7.65658,8.88706,1.71526,222.37007,1.00000,50.00000,0.20000,1.00000,6.00000,0.10000,0.15000,0.45000
148.95000,7.57334,8.86637,1.71597,222.45558,1.00000,50.00000,0.20000,1.00000,6.00000,0.10000,0.15000,0.45000
149.00000,7.49028,8.84476,1.71671,222.54115,1.00000,50.00000,0.20000,1.00000,6.00000,0.10000,0.15000,0.45000
149.05000,7.40741,8.82232,1.71746,222.62677,1.00000,50.00000,0.20000,1.00000,6.00000,0.10000,0.15000,0.45000
149.10000,7.32471,8.79913,1.71824,222.71245,1.00000,50.00000,0.20000,1.00000,6.00000,0.10000,0.15000,0.45000
149.15000,7.24216,8.77525,1.71904,222.79820,1.00000,50.00000,0.20000,1.00000,6.00000,0.10000,0.15000,0.45000
149.20000,7.15975,8.75078,1.71985,222.88400,1.00000,50.00000,0.20000,1.00000,6.00000,0.10000,0.15000,0.45000
149.25000,7.07745,8.72577,1.72068,222.96987,1.00000,50.00000,0.20000,1.00000,6.00000,0.10000,0.15000,0.45000
149.30000,6.99525,8.70031,1.72153,223.05581,1.00000,50.00000,0.20000,1.00000,6.00000,0.10000,0.15000,0.45000
149.35000,6.91313,8.67446,1.72240,223.14180,1.00000,50.00000,0.20000,1.00000,6.00000,0.10000,0.15000,0.45000
149.40000,6.83105,8.64829,1.72329,223.22786,1.00000,50.00000,0.20000,1.00000,6.00000,0.10000,0.15000,0.45000
149.45000,6.74902,8.62186,1.72420,223.31398,1.00000,50.00000,0.20000,1.00000,6.00000,0.10000,0.15000,0.45000
149.50000,6.66699,8.59525,1.72511,223.40016,1.00000,50.00000,0.20000,1.00000,6.00000,0.10000,0.15000,0.45000
149.55000,6.58497,8.56851,1.72605,223.48641,1.00000,50.00000,0.20000,1.00000,6.00000,0.10000,0.15000,0.45000
149.60000,6.50291,8.54169,1.72703,223.57271,1.00000,50.00000,0.20000,1.00000,6.00000,0.10000,0.15000,0.45000
149.65000,6.42080,8.51487,1.72805,223.65907,1.00000,50.00000,0.20000,1.00000,6.00000,0.10000,0.15000,0.45000
149.70000,6.33862,8.48811,1.72912,223.74549,1.00000,50.00000,0.20000,1.00000,6.00000,0.10000,0.15000,0.45000
149.75000,6.25635,8.46145,1.73022,223.83197,1.00000,50.00000,0.20000,1.00000,6.00000,0.10000,0.15000,0.45000
149.80000,6.17396,8.43496,1.73136,223.91852,1.00000,50.00000,0.20000,1.00000,6.00000,0.10000,0.15000,0.45000
149.85000,6.09145,8.40866,1.73253,224.00512,1.00000,50.00000,0.20000,1.00000,6.00000,0.10000,0.15000,0.45000
149.90000,6.00881,8.38261,1.73373,224.09179,1.00000,50.00000,0.20000,1.00000,6.00000,0.10000,0.15000,0.45000
149.95000,5.92601,8.35683,1.73496,224.17853,1.00000,50.00000,0.20000,1.00000,6.00000,0.10000,0.15000,0.45000
