t_s,x_m,y_m,v_mps,dist_m,q_c,q_l,q_v,r_d,r_a,r_dv,d_obs,k_v
0.00000,9.22738,9.00161,1.00103,0.05000,1.00000,50.00000,0.20000,1.00000,6.00000,0.10000,0.15000,0.55000
0.05000,9.17753,9.00641,1.00223,0.10041,1.00000,50.00000,0.20000,1.00000,6.00000,0.10000,0.15000,0.55000
0.10000,9.12757,9.01074,1.00346,0.15056,1.00000,50.00000,0.20000,1.00000,6.00000,0.10000,0.15000,0.55000
0.15000,9.07752,9.01466,1.00468,0.20035,1.00000,50.00000,0.20000,1.00000,6.00000,0.10000,0.15000,0.55000
0.20000,9.02738,9.01814,1.00591,0.25016,1.00000,50.00000,0.20000,1.00000,6.00000,0.10000,0.15000,0.55000
0.25000,8.97714,9.02119,1.00713,0.30019,1.00000,50.00000,0.20000,1.00000,6.00000,0.10000,0.15000,0.55000
0.30000,8.92682,9.02377,1.00835,0.35049,1.00000,50.00000,0.20000,1.00000,6.00000,0.10000,0.15000,0.55000
0.35000,8.87642,9.02588,1.00958,0.40100,1.00000,50.00000,0.20000,1.00000,6.00000,0.10000,0.15000,0.55000
0.40000,8.82593,9.02749,1.01080,0.45159,1.00000,50.00000,0.20000,1.00000,6.00000,0.10000,0.15000,0.55000
0.45000,8.77538,9.02859,1.01202,0.50218,1.00000,50.00000,0.20000,1.00000,6.00000,0.10000,0.15000,0.55000
0.50000,8.72475,9.02917,1.01324,0.55276,1.00000,50.00000,0.20000,1.00000,6.00000,0.10000,0.15000,0.55000
0.55000,8.67406,9.02920,1.01447,0.60333,1.00000,50.00000,0.20000,1.00000,6.00000,0.10000,0.15000,0.55000
0.60000,8.62330,9.02868,1.01570,0.65390,1.00000,50.00000,0.20000,1.00000,6.00000,0.10000,0.15000,0.55000
0.65000,8.57250,9.02760,1.01693,0.70447,1.00000,50.00000,0.20000,1.00000,6.00000,0.10000,0.15000,0.55000
0.70000,8.52165,9.02594,1.01817,0.75505,1.00000,50.00000,0.20000,1.00000,6.00000,0.10000,0.15000,0.55000
0.75000,8.47076,9.02370,1.01941,0.80565,1.00000,50.00000,0.20000,1.00000,6.00000,0.10000,0.15000,0.55000
0.80000,8.41984,9.02087,1.02066,0.85630,1.00000,50.00000,0.20000,1.00000,6.00000,0.10000,0.15000,0.55000
0.85000,8.36889,9.01745,1.02192,0.90698,1.00000,50.00000,0.20000,1.00000,6.00000,0.10000,0.15000,0.55000
0.90000,8.31792,9.01342,1.02319,0.95772,1.00000,50.00000,0.20000,1.00000,6.00000,0.10000,0.15000,0.55000
0.95000,8.26694,9.00879,1.02446,1.00851,1.00000,50.00000,0.20000,1.00000,6.00000,0.10000,0.15000,0.55000
1.00000,8.21595,9.00356,1.02575,1.05936,1.00000,50.00000,0.20000,1.00000,6.00000,0.10000,0.15000,0.55000
1.05000,8.16497,8.99772,1.02705,1.11026,1.00000,50.00000,0.20000,1.00000,6.00000,0.10000,0.15000,0.55000
1.10000,8.11399,8.99128,1.02836,1.16123,1.00000,50.00000,0.20000,1.00000,6.00000,0.10000,0.15000,0.55000
1.15000,8.06302,8.98425,1.02968,1.21227,1.00000,50.00000,0.20000,1.00000,6.00000,0.10000,0.15000,0.55000
1.20000,8.01207,8.97662,1.03101,1.26338,1.00000,50.00000,0.20000,1.00000,6.00000,0.10000,0.15000,0.55000
1.25000,7.96114,8.96841,1.03236,1.31457,1.00000,50.00000,0.20000,1.00000,6.00000,0.10000,0.15000,0.55000
1.30000,7.91024,8.95962,1.03372,1.36583,1.00000,50.00000,0.20000,1.00000,6.00000,0.10000,0.15000,0.55000
1.35000,7.85938,8.95026,1.03509,1.41717,1.00000,50.00000,0.20000,1.00000,6.00000,0.10000,0.15000,0.55000
1.40000,7.80855,8.94035,1.03648,1.46858,1.00000,50.00000,0.20000,1.00000,6.00000,0.10000,0.15000,0.55000
1.45000,7.75775,8.92989,1.03787,1.52007,1.00000,50.00000,0.20000,1.00000,6.00000,0.10000,0.15000,0.55000
1.50000,7.70700,8.91890,1.03929,1.57165,1.00000,50.00000,0.20000,1.00000,6.00000,0.10000,0.15000,0.55000
1.55000,7.65629,8.90740,1.04071,1.62331,1.00000,50.00000,0.20000,1.00000,6.00000,0.10000,0.15000,0.55000
1.60000,7.60562,8.89540,1.04216,1.67505,1.00000,50.00000,0.20000,1.00000,6.00000,0.10000,0.15000,0.55000
1.65000,7.55499,8.88292,1.04361,1.72688,1.00000,50.00000,0.20000,1.00000,6.00000,0.10000,0.15000,0.55000
1.70000,7.50441,8.86997,1.04508,1.77880,1.00000,50.00000,0.20000,1.00000,6.00000,0.10000,0.15000,0.55000
1.75000,7.45386,8.85657,1.04656,1.83081,1.00000,50.00000,0.20000,1.00000,6.00000,0.10000,0.15000,0.55000
1.80000,7.40335,8.84275,1.04806,1.88291,1.00000,50.00000,0.20000,1.00000,6.00000,0.10000,0.15000,0.55000
1.85000,7.35288,8.82852,1.04958,1.93510,1.00000,50.00000,0.20000,1.00000,6.00000,0.10000,0.15000,0.55000
1.90000,7.30243,8.81391,1.05110,1.98738,1.00000,50.00000,0.20000,1.00000,6.00000,0.10000,0.15000,0.55000
1.95000,7.25202,8.79893,1.05265,2.03976,1.00000,50.00000,0.20000,1.00000,6.00000,0.10000,0.15000,0.55000
2.00000,7.20162,8.78361,1.05421,2.09222,1.00000,50.00000,0.20000,1.00000,6.00000,0.10000,0.15000,0.55000
2.05000,7.15125,8.76797,1.05578,2.14479,1.00000,50.00000,0.20000,1.00000,6.00000,0.10000,0.15000,0.55000
2.10000,7.10088,8.75203,1.05736,2.19744,1.00000,50.00000,0.20000,1.00000,6.00000,0.10000,0.15000,0.55000
2.15000,7.05052,8.73581,1.05897,2.25020,1.00000,50.00000,0.20000,1.00000,6.00000,0.10000,0.15000,0.55000
2.20000,7.00016,8.71934,1.06058,2.30304,1.00000,50.00000,0.20000,1.00000,6.00000,0.10000,0.15000,0.55000
2.25000,6.94978,8.70264,1.06221,2.35599,1.00000,50.00000,0.20000,1.00000,6.00000,0.10000,0.15000,0.55000
2.30000,6.89939,8.68573,1.06386,2.40903,1.00000,50.00000,0.20000,1.00000,6.00000,0.10000,0.15000,0.55000
2.35000,6.84898,8.66863,1.06552,2.46216,1.00000,50.00000,0.20000,1.00000,6.00000,0.10000,0.15000,0.55000
2.40000,6.79853,8.65137,1.06720,2.51539,1.00000,50.00000,0.20000,1.00000,6.00000,0.10000,0.15000,0.55000
2.45000,6.74805,8.63397,1.06889,2.56872,1.00000,50.00000,0.20000,1.00000,6.00000,0.10000,0.15000,0.55000
2.50000,6.69751,8.61644,1.07059,2.62214,1.00000,50.00000,0.20000,1.00000,6.00000,0.10000,0.15000,0.55000
2.55000,6.64692,8.59882,1.07231,2.67565,1.00000,50.00000,0.20000,1.00000,6.00000,0.10000,0.15000,0.55000
2.60000,6.59627,8.58112,1.07404,2.72926,1.00000,50.00000,0.20000,1.00000,6.00000,0.10000,0.15000,0.55000
2.65000,6.54554,8.56335,1.07579,2.78297,1.00000,50.00000,0.20000,1.00000,6.00000,0.10000,0.15000,0.55000
2.70000,6.49474,8.54555,1.07756,2.83677,1.00000,50.00000,0.20000,1.00000,6.00000,0.10000,0.15000,0.55000
2.75000,6.44385,8.52772,1.07934,2.89066,1.00000,50.00000,0.20000,1.00000,6.00000,0.10000,0.15000,0.55000
2.80000,6.39286,8.50989,1.08113,2.94465,1.00000,50.00000,0.20000,1.00000,6.00000,0.10000,0.15000,0.55000
2.85000,6.34178,8.49208,1.08293,2.99873,1.00000,50.00000,0.20000,1.00000,6.00000,0.10000,0.15000,0.55000
2.90000,6.29059,8.47429,1.08475,3.05290,1.00000,50.00000,0.20000,1.00000,6.00000,0.10000,0.15000,0.55000
2.95000,6.23928,8.45656,1.08659,3.10717,1.00000,50.00000,0.20000,1.00000,6.00000,0.10000,0.15000,0.55000
3.00000,6.18786,8.43888,1.08844,3.16154,1.00000,50.00000,0.20000,1.00000,6.00000,0.10000,0.15000,0.55000
3.05000,6.13631,8.42128,1.09031,3.21600,1.00000,50.00000,0.20000,1.00000,6.00000,0.10000,0.15000,0.55000
3.10000,6.08464,8.40377,1.09219,3.27055,1.00000,50.00000,0.20000,1.00000,6.00000,0.10000,0.15000,0.55000
3.15000,6.03283,8.38636,1.09407,3.32520,1.00000,50.00000,0.20000,1.00000,6.00000,0.10000,0.15000,0.55000
3.20000,5.98088,8.36906,1.09596,3.37995,1.00000,50.00000,0.20000,1.00000,6.00000,0.10000,0.15000,0.55000
3.25000,5.92880,8.35188,1.09786,3.43479,1.00000,50.00000,0.20000,1.00000,6.00000,0.10000,0.15000,0.55000
3.30000,5.87656,8.33484,1.09981,3.48972,1.00000,50.00000,0.20000,1.00000,6.00000,0.10000,0.15000,0.55000
3.35000,5.82418,8.31795,1.10182,3.54476,1.00000,50.00000,0.20000,1.00000,6.00000,0.10000,0.15000,0.55000
3.40000,5.77163,8.30123,1.10392,3.59989,1.00000,50.00000,0.20000,1.00000,6.00000,0.10000,0.15000,0.55000
3.45000,5.71891,8.28469,1.10611,3.65514,1.00000,50.00000,0.20000,1.00000,6.00000,0.10000,0.15000,0.55000
3.50000,5.66602,8.26835,1.10837,3.71049,1.00000,50.00000,0.20000,1.00000,6.00000,0.10000,0.15000,0.55000
3.55000,5.61294,8.25220,1.11070,3.76595,1.00000,50.00000,0.20000,1.00000,6.00000,0.10000,0.15000,0.55000
3.60000,5.55968,8.23626,1.11309,3.82153,1.00000,50.00000,0.20000,1.00000,6.00000,0.10000,0.15000,0.55000
3.65000,5.50624,8.22053,1.11554,3.87723,1.00000,50.00000,0.20000,1.00000,6.00000,0.10000,0.15000,0.55000
3.70000,5.45260,8.20501,1.11804,3.93306,1.00000,50.00000,0.20000,1.00000,6.00000,0.10000,0.15000,0.55000
3.75000,5.39877,8.18969,1.12060,3.98901,1.00000,50.00000,0.20000,1.00000,6.00000,0.10000,0.15000,0.55000
3.80000,5.34475,8.17457,1.12320,4.04509,1.00000,50.00000,0.20000,1.00000,6.00000,0.10000,0.15000,0.55000
3.85000,5.29054,8.15966,1.12584,4.10130,1.00000,50.00000,0.20000,1.00000,6.00000,0.10000,0.15000,0.55000
3.90000,5.23614,8.14494,1.12851,4.15762,1.00000,50.00000,0.20000,1.00000,6.00000,0.10000,0.15000,0.55000
3.95000,5.18154,8.13040,1.13121,4.21407,1.00000,50.00000,0.20000,1.00000,6.00000,0.10000,0.15000,0.55000
4.00000,5.12676,8.11605,1.13394,4.27066,1.00000,50.00000,0.20000,1.00000,6.00000,0.10000,0.15000,0.55000
4.05000,5.07180,8.10187,1.13669,4.32744,1.00000,50.00000,0.20000,1.00000,6.00000,0.10000,0.15000,0.55000
4.10000,5.01665,8.08785,1.13946,4.38439,1.00000,50.00000,0.20000,1.00000,6.00000,0.10000,0.15000,0.55000
4.15000,4.96132,8.07398,1.14223,4.44147,1.00000,50.00000,0.20000,1.00000,6.00000,0.10000,0.15000,0.55000
4.20000,4.90581,8.06025,1.14501,4.49851,1.00000,50.00000,0.20000,1.00000,6.00000,0.10000,0.15000,0.55000
4.25000,4.85012,8.04666,1.14780,4.55553,1.00000,50.00000,0.20000,1.00000,6.00000,0.10000,0.15000,0.55000
4.30000,4.79427,8.03319,1.15058,4.61270,1.00000,50.00000,0.20000,1.00000,6.00000,0.10000,0.15000,0.55000
4.35000,4.73824,8.01983,1.15335,4.67062,1.00000,50.00000,0.20000,1.00000,6.00000,0.10000,0.15000,0.55000
4.40000,4.68205,8.00656,1.15610,4.72963,1.00000,50.00000,0.20000,1.00000,6.00000,0.10000,0.15000,0.55000
4.45000,4.62569,7.99339,1.15884,4.78960,1.00000,50.00000,0.20000,1.00000,6.00000,0.10000,0.15000,0.55000
4.50000,4.56918,7.98030,1.16156,4.84960,1.00000,50.00000,0.20000,1.00000,6.00000,0.10000,0.15000,0.55000
4.55000,4.51251,7.96727,1.16425,4.90892,1.00000,50.00000,0.20000,1.00000,6.00000,0.10000,0.15000,0.55000
4.60000,4.45569,7.95431,1.16691,4.96748,1.00000,50.00000,0.20000,1.00000,6.00000,0.10000,0.15000,0.55000
4.65000,4.39873,7.94139,1.16955,5.02574,1.00000,50.00000,0.20000,1.00000,6.00000,0.10000,0.15000,0.55000
4.70000,4.34162,7.92851,1.17217,5.08412,1.00000,50.00000,0.20000,1.00000,6.00000,0.10000,0.15000,0.55000
4.75000,4.28437,7.91567,1.17476,5.14276,1.00000,50.00000,0.20000,1.00000,6.00000,0.10000,0.15000,0.55000
4.80000,4.22699,7.90283,1.17732,5.20162,1.00000,50.00000,0.20000,1.00000,6.00000,0.10000,0.15000,0.55000
4.85000,4.16947,7.89001,1.17986,5.26058,1.00000,50.00000,0.20000,1.00000,6.00000,0.10000,0.15000,0.55000
4.90000,4.11182,7.87717,1.18237,5.31964,1.00000,50.00000,0.20000,1.00000,6.00000,0.10000,0.15000,0.55000
4.95000,4.05406,7.86432,1.18486,5.37879,1.00000,50.00000,0.20000,1.00000,6.00000,0.10000,0.15000,0.55000
5.00000,3.99617,7.85144,1.18732,5.43806,1.00000,50.00000,0.20000,1.00000,6.00000,0.10000,0.15000,0.55000
5.05000,3.93816,7.83852,1.18975,5.49747,1.00000,50.00000,0.20000,1.00000,6.00000,0.10000,0.15000,0.55000
5.10000,3.88005,7.82554,1.19215,5.55700,1.00000,50.00000,0.20000,1.00000,6.00000,0.10000,0.15000,0.55000
5.15000,3.82182,7.81249,1.19453,5.61666,1.00000,50.00000,0.20000,1.00000,6.00000,0.10000,0.15000,0.55000
5.20000,3.76350,7.79937,1.19688,5.67643,1.00000,50.00000,0.20000,1.00000,6.00000,0.10000,0.15000,0.55000
5.25000,3.70507,7.78615,1.19921,5.73631,1.00000,50.00000,0.20000,1.00000,6.00000,0.10000,0.15000,0.55000
5.30000,3.64655,7.77282,1.20150,5.79631,1.00000,50.00000,0.20000,1.00000,6.00000,0.10000,0.15000,0.55000
5.35000,3.58794,7.75937,1.20377,5.85642,1.00000,50.00000,0.20000,1.00000,6.00000,0.10000,0.15000,0.55000
5.40000,3.52925,7.74579,1.20601,5.91664,1.00000,50.00000,0.20000,1.00000,6.00000,0.10000,0.15000,0.55000
5.45000,3.47048,7.73205,1.20823,5.97698,1.00000,50.00000,0.20000,1.00000,6.00000,0.10000,0.15000,0.55000
5.50000,3.41163,7.71815,1.21041,6.03743,1.00000,50.00000,0.20000,1.00000,6.00000,0.10000,0.15000,0.55000
5.55000,3.35271,7.70407,1.21257,6.09799,1.00000,50.00000,0.20000,1.00000,6.00000,0.10000,0.15000,0.55000
5.60000,3.29373,7.68980,1.21471,6.15866,1.00000,50.00000,0.20000,1.00000,6.00000,0.10000,0.15000,0.55000
5.65000,3.23470,7.67531,1.21681,6.21943,1.00000,50.00000,0.20000,1.00000,6.00000,0.10000,0.15000,0.55000
5.70000,3.17561,7.66060,1.21889,6.28031,1.00000,50.00000,0.20000,1.00000,6.00000,0.10000,0.15000,0.55000
5.75000,3.11647,7.64565,1.22095,6.34130,1.00000,50.00000,0.20000,1.00000,6.00000,0.10000,0.15000,0.55000
5.80000,3.05730,7.63044,1.22297,6.40239,1.00000,50.00000,0.20000,1.00000,6.00000,0.10000,0.15000,0.55000
5.85000,2.99809,7.61495,1.22497,6.46358,1.00000,50.00000,0.20000,1.00000,6.00000,0.10000,0.15000,0.55000
5.90000,2.93886,7.59918,1.22695,6.52488,1.00000,50.00000,0.20000,1.00000,6.00000,0.10000,0.15000,0.55000
5.95000,2.87961,7.58310,1.22890,6.58628,1.00000,50.00000,0.20000,1.00000,6.00000,0.10000,0.15000,0.55000
6.00000,2.82034,7.56669,1.23083,6.64777,1.00000,50.00000,0.20000,1.00000,6.00000,0.10000,0.15000,0.55000
6.05000,2.76108,7.54994,1.23273,6.70937,1.00000,50.00000,0.20000,1.00000,6.00000,0.10000,0.15000,0.55000
6.10000,2.70181,7.53283,1.23461,6.77106,1.00000,50.00000,0.20000,1.00000,6.00000,0.10000,0.15000,0.55000
6.15000,2.64256,7.51535,1.23646,6.83285,1.00000,50.00000,0.20000,1.00000,6.00000,0.10000,0.15000,0.55000
6.20000,2.58333,7.49747,1.23829,6.89473,1.00000,50.00000,0.20000,1.00000,6.00000,0.10000,0.15000,0.55000
6.25000,2.52413,7.47918,1.24011,6.95671,1.00000,50.00000,0.20000,1.00000,6.00000,0.10000,0.15000,0.55000
6.30000,2.46497,7.46047,1.24190,7.01878,1.00000,50.00000,0.20000,1.00000,6.00000,0.10000,0.15000,0.55000
6.35000,2.40586,7.44130,1.24367,7.08094,1.00000,50.00000,0.20000,1.00000,6.00000,0.10000,0.15000,0.55000
6.40000,2.34681,7.42167,1.24543,7.14319,1.00000,50.00000,0.20000,1.00000,6.00000,0.10000,0.15000,0.55000
6.45000,2.28783,7.40156,1.24717,7.20553,1.00000,50.00000,0.20000,1.00000,6.00000,0.10000,0.15000,0.55000
6.50000,2.22894,7.38094,1.24889,7.26796,1.00000,50.00000,0.20000,1.00000,6.00000,0.10000,0.15000,0.55000
6.55000,2.17013,7.35980,1.25060,7.33048,1.00000,50.00000,0.20000,1.00000,6.00000,0.10000,0.15000,0.55000
6.60000,2.11144,7.33812,1.25230,7.39308,1.00000,50.00000,0.20000,1.00000,6.00000,0.10000,0.15000,0.55000
6.65000,2.05286,7.31588,1.25399,7.45577,1.00000,50.00000,0.20000,1.00000,6.00000,0.10000,0.15000,0.55000
6.70000,1.99441,7.29307,1.25567,7.51854,1.00000,50.00000,0.20000,1.00000,6.00000,0.10000,0.15000,0.55000
6.75000,1.93611,7.26966,1.25734,7.58140,1.00000,50.00000,0.20000,1.00000,6.00000,0.10000,0.15000,0.55000
6.80000,1.87797,7.24563,1.25901,7.64433,1.00000,50.00000,0.20000,1.00000,6.00000,0.10000,0.15000,0.55000
6.85000,1.82001,7.22097,1.26066,7.70736,1.00000,50.00000,0.20000,1.00000,6.00000,0.10000,0.15000,0.55000
6.90000,1.76223,7.19567,1.26231,7.77046,1.00000,50.00000,0.20000,1.00000,6.00000,0.10000,0.15000,0.55000
6.95000,1.70466,7.16971,1.26395,7.83364,1.00000,50.00000,0.20000,1.00000,6.00000,0.10000,0.15000,0.55000
7.00000,1.64730,7.14307,1.26559,7.89691,1.00000,50.00000,0.20000,1.00000,6.00000,0.10000,0.15000,0.55000
7.05000,1.59018,7.11575,1.26722,7.96026,1.00000,50.00000,0.20000,1.00000,6.00000,0.10000,0.15000,0.55000
7.10000,1.53331,7.08773,1.26885,8.02369,1.00000,50.00000,0.20000,1.00000,6.00000,0.10000,0.15000,0.55000
7.15000,1.47670,7.05899,1.27047,8.08720,1.00000,50.00000,0.20000,1.00000,6.00000,0.10000,0.15000,0.55000
7.20000,1.42037,7.02954,1.27208,8.15079,1.00000,50.00000,0.20000,1.00000,6.00000,0.10000,0.15000,0.55000
7.25000,1.36433,6.99937,1.27369,8.21447,1.00000,50.00000,0.20000,1.00000,6.00000,0.10000,0.15000,0.55000
7.30000,1.30861,6.96846,1.27529,8.27824,1.00000,50.00000,0.20000,1.00000,6.00000,0.10000,0.15000,0.55000
7.35000,1.25320,6.93682,1.27688,8.34209,1.00000,50.00000,0.20000,1.00000,6.00000,0.10000,0.15000,0.55000
7.40000,1.19813,6.90445,1.27846,8.40603,1.00000,50.00000,0.20000,1.00000,6.00000,0.10000,0.15000,0.55000
7.45000,1.14341,6.87133,1.28004,8.47006,1.00000,50.00000,0.20000,1.00000,6.00000,0.10000,0.15000,0.55000
7.50000,1.08905,6.83747,1.28161,8.53418,1.00000,50.00000,0.20000,1.00000,6.00000,0.10000,0.15000,0.55000
7.55000,1.03507,6.80287,1.28316,8.59838,1.00000,50.00000,0.20000,1.00000,6.00000,0.10000,0.15000,0.55000
7.60000,0.98147,6.76754,1.28471,8.66267,1.00000,50.00000,0.20000,1.00000,6.00000,0.10000,0.15000,0.55000
7.65000,0.92828,6.73146,1.28624,8.72703,1.00000,50.00000,0.20000,1.00000,6.00000,0.10000,0.15000,0.55000
7.70000,0.87549,6.69465,1.28776,8.79147,1.00000,50.00000,0.20000,1.00000,6.00000,0.10000,0.15000,0.55000
7.75000,0.82313,6.65712,1.28927,8.85598,1.00000,50.00000,0.20000,1.00000,6.00000,0.10000,0.15000,0.55000
7.80000,0.77121,6.61885,1.29076,8.92056,1.00000,50.00000,0.20000,1.00000,6.00000,0.10000,0.15000,0.55000
7.85000,0.71973,6.57987,1.29224,8.98521,1.00000,50.00000,0.20000,1.00000,6.00000,0.10000,0.15000,0.55000
7.90000,0.66871,6.54016,1.29371,9.04991,1.00000,50.00000,0.20000,1.00000,6.00000,0.10000,0.15000,0.55000
7.95000,0.61816,6.49975,1.29516,9.11468,1.00000,50.00000,0.20000,1.00000,6.00000,0.10000,0.15000,0.55000
8.00000,0.56809,6.45862,1.29659,9.17952,1.00000,50.00000,0.20000,1.00000,6.00000,0.10000,0.15000,0.55000
8.05000,0.51851,6.41680,1.29801,9.24441,1.00000,50.00000,0.20000,1.00000,6.00000,0.10000,0.15000,0.55000
8.10000,0.46943,6.37428,1.29941,9.30936,1.00000,50.00000,0.20000,1.00000,6.00000,0.10000,0.15000,0.55000
8.15000,0.42087,6.33107,1.30079,9.37438,1.00000,50.00000,0.20000,1.00000,6.00000,0.10000,0.15000,0.55000
8.20000,0.37284,6.28717,1.30217,9.43945,1.00000,50.00000,0.20000,1.00000,6.00000,0.10000,0.15000,0.55000
8.25000,0.32534,6.24258,1.30352,9.50458,1.00000,50.00000,0.20000,1.00000,6.00000,0.10000,0.15000,0.55000
8.30000,0.27840,6.19732,1.30487,9.56977,1.00000,50.00000,0.20000,1.00000,6.00000,0.10000,0.15000,0.55000
8.35000,0.23203,6.15138,1.30620,9.63502,1.00000,50.00000,0.20000,1.00000,6.00000,0.10000,0.15000,0.55000
8.40000,0.18623,6.10477,1.30751,9.70033,1.00000,50.00000,0.20000,1.00000,6.00000,0.10000,0.15000,0.55000
8.45000,0.14104,6.05749,1.30881,9.76570,1.00000,50.00000,0.20000,1.00000,6.00000,0.10000,0.15000,0.55000
8.50000,0.09644,6.00955,1.31010,9.83113,1.00000,50.00000,0.20000,1.00000,6.00000,0.10000,0.15000,0.55000
8.55000,0.05248,5.96095,1.31138,9.89661,1.00000,50.00000,0.20000,1.00000,6.00000,0.10000,0.15000,0.55000
8.60000,0.00915,5.91169,1.31264,9.96215,1.00000,50.00000,0.20000,1.00000,6.00000,0.10000,0.15000,0.55000
8.65000,-0.03352,5.86179,1.31389,10.02775,1.00000,50.00000,0.20000,1.00000,6.00000,0.10000,0.15000,0.55000
8.70000,-0.07552,5.81123,1.31514,10.09341,1.00000,50.00000,0.20000,1.00000,6.00000,0.10000,0.15000,0.55000
8.75000,-0.11684,5.76004,1.31637,10.15912,1.00000,50.00000,0.20000,1.00000,6.00000,0.10000,0.15000,0.55000
8.80000,-0.15745,5.70820,1.31759,10.22489,1.00000,50.00000,0.20000,1.00000,6.00000,0.10000,0.15000,0.55000
8.85000,-0.19734,5.65573,1.31881,10.29071,1.00000,50.00000,0.20000,1.00000,6.00000,0.10000,0.15000,0.55000
8.90000,-0.23649,5.60264,1.32002,10.35659,1.00000,50.00000,0.20000,1.00000,6.00000,0.10000,0.15000,0.55000
8.95000,-0.27488,5.54892,1.32122,10.42253,1.00000,50.00000,0.20000,1.00000,6.00000,0.10000,0.15000,0.55000
9.00000,-0.31251,5.49458,1.32242,10.48852,1.00000,50.00000,0.20000,1.00000,6.00000,0.10000,0.15000,0.55000
9.05000,-0.34934,5.43963,1.32361,10.55456,1.00000,50.00000,0.20000,1.00000,6.00000,0.10000,0.15000,0.55000
9.10000,-0.38536,5.38408,1.32480,10.62062,1.00000,50.00000,0.20000,1.00000,6.00000,0.10000,0.15000,0.55000
9.15000,-0.42057,5.32794,1.32599,10.68672,1.00000,50.00000,0.20000,1.00000,6.00000,0.10000,0.15000,0.55000
9.20000,-0.45493,5.27120,1.32717,10.75291,1.00000,50.00000,0.20000,1.00000,6.00000,0.10000,0.15000,0.55000
9.25000,-0.48844,5.21389,1.32836,10.81919,1.00000,50.00000,0.20000,1.00000,6.00000,0.10000,0.15000,0.55000
9.30000,-0.52107,5.15601,1.32955,10.88554,1.00000,50.00000,0.20000,1.00000,6.00000,0.10000,0.15000,0.55000
9.35000,-0.55282,5.09757,1.33074,10.95192,1.00000,50.00000,0.20000,1.00000,6.00000,0.10000,0.15000,0.55000
9.40000,-0.58367,5.03859,1.33193,11.01830,1.00000,50.00000,0.20000,1.00000,6.00000,0.10000,0.15000,0.55000
9.45000,-0.61360,4.97906,1.33313,11.08470,1.00000,50.00000,0.20000,1.00000,6.00000,0.10000,0.15000,0.55000
9.50000,-0.64261,4.91902,1.33433,11.15115,1.00000,50.00000,0.20000,1.00000,6.00000,0.10000,0.15000,0.55000
9.55000,-0.67068,4.85846,1.33554,11.21767,1.00000,50.00000,0.20000,1.00000,6.00000,0.10000,0.15000,0.55000
9.60000,-0.69780,4.79741,1.33676,11.28426,1.00000,50.00000,0.20000,1.00000,6.00000,0.10000,0.15000,0.55000
9.65000,-0.72396,4.73587,1.33798,11.35089,1.00000,50.00000,0.20000,1.00000,6.00000,0.10000,0.15000,0.55000
9.70000,-0.74916,4.67386,1.33921,11.41757,1.00000,50.00000,0.20000,1.00000,6.00000,0.10000,0.15000,0.55000
9.75000,-0.77338,4.61141,1.34046,11.48430,1.00000,50.00000,0.20000,1.00000,6.00000,0.10000,0.15000,0.55000
9.80000,-0.79663,4.54851,1.34171,11.55109,1.00000,50.00000,0.20000,1.00000,6.00000,0.10000,0.15000,0.55000
9.85000,-0.81890,4.48520,1.34297,11.61793,1.00000,50.00000,0.20000,1.00000,6.00000,0.10000,0.15000,0.55000
9.90000,-0.84018,4.42148,1.34424,11.68484,1.00000,50.00000,0.20000,1.00000,6.00000,0.10000,0.15000,0.55000
9.95000,-0.86049,4.35737,1.34552,11.75181,1.00000,50.00000,0.20000,1.00000,6.00000,0.10000,0.15000,0.55000
10.00000,-0.87981,4.29290,1.34681,11.81884,1.00000,50.00000,0.20000,1.00000,6.00000,0.10000,0.15000,0.55000
10.05000,-0.89815,4.22807,1.34811,11.88594,1.00000,50.00000,0.20000,1.00000,6.00000,0.10000,0.15000,0.55000
10.10000,-0.91551,4.16291,1.34942,11.95311,1.00000,50.00000,0.20000,1.00000,6.00000,0.10000,0.15000,0.55000
10.15000,-0.93190,4.09742,1.35073,12.02035,1.00000,50.00000,0.20000,1.00000,6.00000,0.10000,0.15000,0.55000
10.20000,-0.94732,4.03164,1.35206,12.08766,1.00000,50.00000,0.20000,1.00000,6.00000,0.10000,0.15000,0.55000
10.25000,-0.96177,3.96556,1.35338,12.15504,1.00000,50.00000,0.20000,1.00000,6.00000,0.10000,0.15000,0.55000
10.30000,-0.97527,3.89922,1.35472,12.22249,1.00000,50.00000,0.20000,1.00000,6.00000,0.10000,0.15000,0.55000
10.35000,-0.98782,3.83262,1.35606,12.29002,1.00000,50.00000,0.20000,1.00000,6.00000,0.10000,0.15000,0.55000
10.40000,-0.99942,3.76579,1.35740,12.35761,1.00000,50.00000,0.20000,1.00000,6.00000,0.10000,0.15000,0.55000
10.45000,-1.01008,3.69873,1.35875,12.42528,1.00000,50.00000,0.20000,1.00000,6.00000,0.10000,0.15000,0.55000
10.50000,-1.01982,3.63146,1.36010,12.49303,1.00000,50.00000,0.20000,1.00000,6.00000,0.10000,0.15000,0.55000
10.55000,-1.02863,3.56399,1.36146,12.56085,1.00000,50.00000,0.20000,1.00000,6.00000,0.10000,0.15000,0.55000
10.60000,-1.03652,3.49634,1.36281,12.62874,1.00000,50.00000,0.20000,1.00000,6.00000,0.10000,0.15000,0.55000
10.65000,-1.04350,3.42853,1.36417,12.69670,1.00000,50.00000,0.20000,1.00000,6.00000,0.10000,0.15000,0.55000
10.70000,-1.04958,3.36056,1.36553,12.76474,1.00000,50.00000,0.20000,1.00000,6.00000,0.10000,0.15000,0.55000
10.75000,-1.05476,3.29245,1.36689,12.83284,1.00000,50.00000,0.20000,1.00000,6.00000,0.10000,0.15000,0.55000
10.80000,-1.05905,3.22420,1.36826,12.90102,1.00000,50.00000,0.20000,1.00000,6.00000,0.10000,0.15000,0.55000
10.85000,-1.06245,3.15584,1.36962,12.96926,1.00000,50.00000,0.20000,1.00000,6.00000,0.10000,0.15000,0.55000
10.90000,-1.06497,3.08737,1.37099,13.03757,1.00000,50.00000,0.20000,1.00000,6.00000,0.10000,0.15000,0.55000
10.95000,-1.06662,3.01881,1.37236,13.10595,1.00000,50.00000,0.20000,1.00000,6.00000,0.10000,0.15000,0.55000
11.00000,-1.06739,2.95016,1.37373,13.17439,1.00000,50.00000,0.20000,1.00000,6.00000,0.10000,0.15000,0.55000
11.05000,-1.06730,2.88144,1.37511,13.24288,1.00000,50.00000,0.20000,1.00000,6.00000,0.10000,0.15000,0.55000
11.10000,-1.06635,2.81266,1.37648,13.31144,1.00000,50.00000,0.20000,1.00000,6.00000,0.10000,0.15000,0.55000
11.15000,-1.06454,2.74382,1.37786,13.38007,1.00000,50.00000,0.20000,1.00000,6.00000,0.10000,0.15000,0.55000
11.20000,-1.06189,2.67495,1.37925,13.44875,1.00000,50.00000,0.20000,1.00000,6.00000,0.10000,0.15000,0.55000
11.25000,-1.05839,2.60604,1.38063,13.51750,1.00000,50.00000,0.20000,1.00000,6.00000,0.10000,0.15000,0.55000
11.30000,-1.05405,2.53711,1.38203,13.58631,1.00000,50.00000,0.20000,1.00000,6.00000,0.10000,0.15000,0.55000
11.35000,-1.04889,2.46817,1.38343,13.65519,1.00000,50.00000,0.20000,1.00000,6.00000,0.10000,0.15000,0.55000
11.40000,-1.04290,2.39922,1.38483,13.72413,1.00000,50.00000,0.20000,1.00000,6.00000,0.10000,0.15000,0.55000
11.45000,-1.03610,2.33028,1.38624,13.79314,1.00000,50.00000,0.20000,1.00000,6.00000,0.10000,0.15000,0.55000
11.50000,-1.02849,2.26135,1.38766,13.86221,1.00000,50.00000,0.20000,1.00000,6.00000,0.10000,0.15000,0.55000
11.55000,-1.02008,2.19244,1.38909,13.93136,1.00000,50.00000,0.20000,1.00000,6.00000,0.10000,0.15000,0.55000
11.60000,-1.01089,2.12356,1.39052,14.00057,1.00000,50.00000,0.20000,1.00000,6.00000,0.10000,0.15000,0.55000
11.65000,-1.00092,2.05472,1.39197,14.06986,1.00000,50.00000,0.20000,1.00000,6.00000,0.10000,0.15000,0.55000
11.70000,-0.99018,1.98592,1.39342,14.13922,1.00000,50.00000,0.20000,1.00000,6.00000,0.10000,0.15000,0.55000
11.75000,-0.97870,1.91716,1.39488,14.20865,1.00000,50.00000,0.20000,1.00000,6.00000,0.10000,0.15000,0.55000
11.80000,-0.96647,1.84846,1.39636,14.27816,1.00000,50.00000,0.20000,1.00000,6.00000,0.10000,0.15000,0.55000
11.85000,-0.95351,1.77982,1.39784,14.34774,1.00000,50.00000,0.20000,1.00000,6.00000,0.10000,0.15000,0.55000
11.90000,-0.93985,1.71124,1.39934,14.41740,1.00000,50.00000,0.20000,1.00000,6.00000,0.10000,0.15000,0.55000
11.95000,-0.92549,1.64272,1.40084,14.48714,1.00000,50.00000,0.20000,1.00000,6.00000,0.10000,0.15000,0.55000
12.00000,-0.91046,1.57427,1.40237,14.55696,1.00000,50.00000,0.20000,1.00000,6.00000,0.10000,0.15000,0.55000
12.05000,-0.89475,1.50590,1.40393,14.62687,1.00000,50.00000,0.20000,1.00000,6.00000,0.10000,0.15000,0.55000
12.10000,-0.87838,1.43760,1.40554,14.69685,1.00000,50.00000,0.20000,1.00000,6.00000,0.10000,0.15000,0.55000
12.15000,-0.86135,1.36937,1.40722,14.76693,1.00000,50.00000,0.20000,1.00000,6.00000,0.10000,0.15000,0.55000
12.20000,-0.84367,1.30122,1.40898,14.83711,1.00000,50.00000,0.20000,1.00000,6.00000,0.10000,0.15000,0.55000
12.25000,-0.82535,1.23315,1.41081,14.90738,1.00000,50.00000,0.20000,1.00000,6.00000,0.10000,0.15000,0.55000
12.30000,-0.80641,1.16515,1.41270,14.97775,1.00000,50.00000,0.20000,1.00000,6.00000,0.10000,0.15000,0.55000
12.35000,-0.78689,1.09721,1.41464,15.04823,1.00000,50.00000,0.20000,1.00000,6.00000,0.10000,0.15000,0.55000
12.40000,-0.76682,1.02934,1.41665,15.11882,1.00000,50.00000,0.20000,1.00000,6.00000,0.10000,0.15000,0.55000
12.45000,-0.74622,0.96152,1.41870,15.18952,1.00000,50.00000,0.20000,1.00000,6.00000,0.10000,0.15000,0.55000
12.50000,-0.72513,0.89373,1.42079,15.26034,1.00000,50.00000,0.20000,1.00000,6.00000,0.10000,0.15000,0.55000
12.55000,-0.70358,0.82599,1.42293,15.33128,1.00000,50.00000,0.20000,1.00000,6.00000,0.10000,0.15000,0.55000
12.60000,-0.68161,0.75826,1.42509,15.40233,1.00000,50.00000,0.20000,1.00000,6.00000,0.10000,0.15000,0.55000
12.65000,-0.65925,0.69054,1.42729,15.47351,1.00000,50.00000,0.20000,1.00000,6.00000,0.10000,0.15000,0.55000
12.70000,-0.63655,0.62283,1.42951,15.54480,1.00000,50.00000,0.20000,1.00000,6.00000,0.10000,0.15000,0.55000
12.75000,-0.61352,0.55511,1.43175,15.61621,1.00000,50.00000,0.20000,1.00000,6.00000,0.10000,0.15000,0.55000
12.80000,-0.59020,0.48736,1.43400,15.68775,1.00000,50.00000,0.20000,1.00000,6.00000,0.10000,0.15000,0.55000
12.85000,-0.56663,0.41959,1.43626,15.75944,1.00000,50.00000,0.20000,1.00000,6.00000,0.10000,0.15000,0.55000
12.90000,-0.54283,0.35177,1.43853,15.83125,1.00000,50.00000,0.20000,1.00000,6.00000,0.10000,0.15000,0.55000
12.95000,-0.51883,0.28391,1.44080,15.90314,1.00000,50.00000,0.20000,1.00000,6.00000,0.10000,0.15000,0.55000
13.00000,-0.49465,0.21599,1.44307,15.97509,1.00000,50.00000,0.20000,1.00000,6.00000,0.10000,0.15000,0.55000
13.05000,-0.47032,0.14800,1.44532,16.04727,1.00000,50.00000,0.20000,1.00000,6.00000,0.10000,0.15000,0.55000
13.10000,-0.44585,0.07995,1.44756,16.12001,1.00000,50.00000,0.20000,1.00000,6.00000,0.10000,0.15000,0.55000
13.15000,-0.42126,0.01181,1.44979,16.19338,1.00000,50.00000,0.20000,1.00000,6.00000,0.10000,0.15000,0.55000
13.20000,-0.39658,-0.05640,1.45199,16.26718,1.00000,50.00000,0.20000,1.00000,6.00000,0.10000,0.15000,0.55000
13.25000,-0.37182,-0.12471,1.45417,16.34114,1.00000,50.00000,0.20000,1.00000,6.00000,0.10000,0.15000,0.55000
13.30000,-0.34698,-0.19310,1.45632,16.41501,1.00000,50.00000,0.20000,1.00000,6.00000,0.10000,0.15000,0.55000
13.35000,-0.32209,-0.26158,1.45844,16.48850,1.00000,50.00000,0.20000,1.00000,6.00000,0.10000,0.15000,0.55000
13.40000,-0.29715,-0.33016,1.46053,16.56160,1.00000,50.00000,0.20000,1.00000,6.00000,0.10000,0.15000,0.55000
13.45000,-0.27217,-0.39884,1.46259,16.63458,1.00000,50.00000,0.20000,1.00000,6.00000,0.10000,0.15000,0.55000
13.50000,-0.24717,-0.46762,1.46462,16.70770,1.00000,50.00000,0.20000,1.00000,6.00000,0.10000,0.15000,0.55000
13.55000,-0.22215,-0.53650,1.46662,16.78099,1.00000,50.00000,0.20000,1.00000,6.00000,0.10000,0.15000,0.55000
13.60000,-0.19711,-0.60547,1.46860,16.85438,1.00000,50.00000,0.20000,1.00000,6.00000,0.10000,0.15000,0.55000
13.65000,-0.17207,-0.67455,1.47054,16.92785,1.00000,50.00000,0.20000,1.00000,6.00000,0.10000,0.15000,0.55000
13.70000,-0.14703,-0.74374,1.47245,17.00140,1.00000,50.00000,0.20000,1.00000,6.00000,0.10000,0.15000,0.55000
13.75000,-0.12199,-0.81302,1.47433,17.07505,1.00000,50.00000,0.20000,1.00000,6.00000,0.10000,0.15000,0.55000
13.80000,-0.09696,-0.88241,1.47618,17.14880,1.00000,50.00000,0.20000,1.00000,6.00000,0.10000,0.15000,0.55000
13.85000,-0.07193,-0.95189,1.47799,17.22264,1.00000,50.00000,0.20000,1.00000,6.00000,0.10000,0.15000,0.55000
13.90000,-0.04691,-1.02147,1.47978,17.29657,1.00000,50.00000,0.20000,1.00000,6.00000,0.10000,0.15000,0.55000
13.95000,-0.02190,-1.09115,1.48153,17.37058,1.00000,50.00000,0.20000,1.00000,6.00000,0.10000,0.15000,0.55000
14.00000,0.00311,-1.16092,1.48325,17.44469,1.00000,50.00000,0.20000,1.00000,6.00000,0.10000,0.15000,0.55000
14.05000,0.02812,-1.23079,1.48493,17.51887,1.00000,50.00000,0.20000,1.00000,6.00000,0.10000,0.15000,0.55000
14.10000,0.05314,-1.30073,1.48658,17.59314,1.00000,50.00000,0.20000,1.00000,6.00000,0.10000,0.15000,0.55000
14.15000,0.07817,-1.37077,1.48820,17.66749,1.00000,50.00000,0.20000,1.00000,6.00000,0.10000,0.15000,0.55000
14.20000,0.10322,-1.44087,1.48978,17.74192,1.00000,50.00000,0.20000,1.00000,6.00000,0.10000,0.15000,0.55000
14.25000,0.12831,-1.51105,1.49133,17.81642,1.00000,50.00000,0.20000,1.00000,6.00000,0.10000,0.15000,0.55000
14.30000,0.15343,-1.58130,1.49284,17.89100,1.00000,50.00000,0.20000,1.00000,6.00000,0.10000,0.15000,0.55000
14.35000,0.17860,-1.65161,1.49432,17.96565,1.00000,50.00000,0.20000,1.00000,6.00000,0.10000,0.15000,0.55000
14.40000,0.20385,-1.72197,1.49576,18.04037,1.00000,50.00000,0.20000,1.00000,6.00000,0.10000,0.15000,0.55000
14.45000,0.22918,-1.79237,1.49716,18.11516,1.00000,50.00000,0.20000,1.00000,6.00000,0.10000,0.15000,0.55000
14.50000,0.25461,-1.86282,1.49853,18.19003,1.00000,50.00000,0.20000,1.00000,6.00000,0.10000,0.15000,0.55000
14.55000,0.28016,-1.93329,1.49987,18.26496,1.00000,50.00000,0.20000,1.00000,6.00000,0.10000,0.15000,0.55000
14.60000,0.30585,-2.00378,1.50116,18.33995,1.00000,50.00000,0.20000,1.00000,6.00000,0.10000,0.15000,0.55000
14.65000,0.33170,-2.07428,1.50242,18.41501,1.00000,50.00000,0.20000,1.00000,6.00000,0.10000,0.15000,0.55000
14.70000,0.35774,-2.14477,1.50364,18.49013,1.00000,50.00000,0.20000,1.00000,6.00000,0.10000,0.15000,0.55000
14.75000,0.38400,-2.21525,1.50483,18.56532,1.00000,50.00000,0.20000,1.00000,6.00000,0.10000,0.15000,0.55000
14.80000,0.41050,-2.28570,1.50598,18.64057,1.00000,50.00000,0.20000,1.00000,6.00000,0.10000,0.15000,0.55000
14.85000,0.43727,-2.35611,1.50709,18.71588,1.00000,50.00000,0.20000,1.00000,6.00000,0.10000,0.15000,0.55000
14.90000,0.46434,-2.42647,1.50817,18.79125,1.00000,50.00000,0.20000,1.00000,6.00000,0.10000,0.15000,0.55000
14.95000,0.49175,-2.49675,1.50921,18.86668,1.00000,50.00000,0.20000,1.00000,6.00000,0.10000,0.15000,0.55000
15.00000,0.51952,-2.56694,1.51021,18.94218,1.00000,50.00000,0.20000,1.00000,6.00000,0.10000,0.15000,0.55000
15.05000,0.54771,-2.63702,1.51117,19.01773,1.00000,50.00000,0.20000,1.00000,6.00000,0.10000,0.15000,0.55000
15.10000,0.57633,-2.70697,1.51210,19.09335,1.00000,50.00000,0.20000,1.00000,6.00000,0.10000,0.15000,0.55000
15.15000,0.60544,-2.77677,1.51299,19.16902,1.00000,50.00000,0.20000,1.00000,6.00000,0.10000,0.15000,0.55000
15.20000,0.63508,-2.84639,1.51384,19.24476,1.00000,50.00000,0.20000,1.00000,6.00000,0.10000,0.15000,0.55000
15.25000,0.66528,-2.91582,1.51466,19.32056,1.00000,50.00000,0.20000,1.00000,6.00000,0.10000,0.15000,0.55000
15.30000,0.69608,-2.98503,1.51544,19.39641,1.00000,50.00000,0.20000,1.00000,6.00000,0.10000,0.15000,0.55000
15.35000,0.72754,-3.05398,1.51618,19.47233,1.00000,50.00000,0.20000,1.00000,6.00000,0.10000,0.15000,0.55000
15.40000,0.75970,-3.12265,1.51688,19.54830,1.00000,50.00000,0.20000,1.00000,6.00000,0.10000,0.15000,0.55000
15.45000,0.79259,-3.19101,1.51755,19.62434,1.00000,50.00000,0.20000,1.00000,6.00000,0.10000,0.15000,0.55000
15.50000,0.82628,-3.25901,1.51818,19.70043,1.00000,50.00000,0.20000,1.00000,6.00000,0.10000,0.15000,0.55000
15.55000,0.86080,-3.32664,1.51877,19.77659,1.00000,50.00000,0.20000,1.00000,6.00000,0.10000,0.15000,0.55000
15.60000,0.89621,-3.39383,1.51932,19.85279,1.00000,50.00000,0.20000,1.00000,6.00000,0.10000,0.15000,0.55000
15.65000,0.93254,-3.46056,1.51984,19.92906,1.00000,50.00000,0.20000,1.00000,6.00000,0.10000,0.15000,0.55000
15.70000,0.96984,-3.52678,1.52032,20.00537,1.00000,50.00000,0.20000,1.00000,6.00000,0.10000,0.15000,0.55000
15.75000,1.00817,-3.59244,1.52076,20.08174,1.00000,50.00000,0.20000,1.00000,6.00000,0.10000,0.15000,0.55000
15.80000,1.04757,-3.65749,1.52117,20.15816,1.00000,50.00000,0.20000,1.00000,6.00000,0.10000,0.15000,0.55000
15.85000,1.08808,-3.72187,1.52154,20.23462,1.00000,50.00000,0.20000,1.00000,6.00000,0.10000,0.15000,0.55000
15.90000,1.12974,-3.78553,1.52187,20.31112,1.00000,50.00000,0.20000,1.00000,6.00000,0.10000,0.15000,0.55000
15.95000,1.17260,-3.84841,1.52217,20.38767,1.00000,50.00000,0.20000,1.00000,6.00000,0.10000,0.15000,0.55000
16.00000,1.21671,-3.91045,1.52243,20.46425,1.00000,50.00000,0.20000,1.00000,6.00000,0.10000,0.15000,0.55000
16.05000,1.26209,-3.97156,1.52265,20.54087,1.00000,50.00000,0.20000,1.00000,6.00000,0.10000,0.15000,0.55000
16.10000,1.30880,-4.03169,1.52283,20.61751,1.00000,50.00000,0.20000,1.00000,6.00000,0.10000,0.15000,0.55000
16.15000,1.35685,-4.09075,1.52299,20.69419,1.00000,50.00000,0.20000,1.00000,6.00000,0.10000,0.15000,0.55000
16.20000,1.40630,-4.14867,1.52310,20.77089,1.00000,50.00000,0.20000,1.00000,6.00000,0.10000,0.15000,0.55000
16.25000,1.45716,-4.20536,1.52318,20.84761,1.00000,50.00000,0.20000,1.00000,6.00000,0.10000,0.15000,0.55000
16.30000,1.50946,-4.26072,1.52322,20.92435,1.00000,50.00000,0.20000,1.00000,6.00000,0.10000,0.15000,0.55000
16.35000,1.56322,-4.31466,1.52323,21.00111,1.00000,50.00000,0.20000,1.00000,6.00000,0.10000,0.15000,0.55000
16.40000,1.61846,-4.36708,1.52320,21.07788,1.00000,50.00000,0.20000,1.00000,6.00000,0.10000,0.15000,0.55000
16.45000,1.67520,-4.41789,1.52314,21.15465,1.00000,50.00000,0.20000,1.00000,6.00000,0.10000,0.15000,0.55000
16.50000,1.73343,-4.46696,1.52304,21.23144,1.00000,50.00000,0.20000,1.00000,6.00000,0.10000,0.15000,0.55000
16.55000,1.79317,-4.51418,1.52291,21.30823,1.00000,50.00000,0.20000,1.00000,6.00000,0.10000,0.15000,0.55000
16.60000,1.85439,-4.55944,1.52275,21.38501,1.00000,50.00000,0.20000,1.00000,6.00000,0.10000,0.15000,0.55000
16.65000,1.91709,-4.60262,1.52255,21.46180,1.00000,50.00000,0.20000,1.00000,6.00000,0.10000,0.15000,0.55000
16.70000,1.98124,-4.64360,1.52233,21.53857,1.00000,50.00000,0.20000,1.00000,6.00000,0.10000,0.15000,0.55000
16.75000,2.04681,-4.68224,1.52207,21.61532,1.00000,50.00000,0.20000,1.00000,6.00000,0.10000,0.15000,0.55000
16.80000,2.11374,-4.71843,1.52179,21.69206,1.00000,50.00000,0.20000,1.00000,6.00000,0.10000,0.15000,0.55000
16.85000,2.18200,-4.75203,1.52148,21.76876,1.00000,50.00000,0.20000,1.00000,6.00000,0.10000,0.15000,0.55000
16.90000,2.25151,-4.78291,1.52114,21.84544,1.00000,50.00000,0.20000,1.00000,6.00000,0.10000,0.15000,0.55000
16.95000,2.32220,-4.81095,1.52078,21.92207,1.00000,50.00000,0.20000,1.00000,6.00000,0.10000,0.15000,0.55000
17.00000,2.39396,-4.83603,1.52041,21.99867,1.00000,50.00000,0.20000,1.00000,6.00000,0.10000,0.15000,0.55000
17.05000,2.46672,-4.85803,1.52001,22.07521,1.00000,50.00000,0.20000,1.00000,6.00000,0.10000,0.15000,0.55000
17.10000,2.54034,-4.87684,1.51960,22.15170,1.00000,50.00000,0.20000,1.00000,6.00000,0.10000,0.15000,0.55000
17.15000,2.61470,-4.89235,1.51919,22.22813,1.00000,50.00000,0.20000,1.00000,6.00000,0.10000,0.15000,0.55000
17.20000,2.68967,-4.90447,1.51876,22.30448,1.00000,50.00000,0.20000,1.00000,6.00000,0.10000,0.15000,0.55000
17.25000,2.76510,-4.91311,1.51833,22.38075,1.00000,50.00000,0.20000,1.00000,6.00000,0.10000,0.15000,0.55000
17.30000,2.84083,-4.91819,1.51790,22.45694,1.00000,50.00000,0.20000,1.00000,6.00000,0.10000,0.15000,0.55000
17.35000,2.91669,-4.91966,1.51748,22.53304,1.00000,50.00000,0.20000,1.00000,6.00000,0.10000,0.15000,0.55000
17.40000,2.99252,-4.91747,1.51706,22.60905,1.00000,50.00000,0.20000,1.00000,6.00000,0.10000,0.15000,0.55000
17.45000,3.06812,-4.91158,1.51665,22.68496,1.00000,50.00000,0.20000,1.00000,6.00000,0.10000,0.15000,0.55000
17.50000,3.14302,-4.90126,1.50431,22.76053,1.00000,50.00000,0.20000,1.00000,6.00000,0.10000,0.15000,0.55000
17.55000,3.21532,-4.88189,1.50033,22.83563,1.00000,50.00000,0.20000,1.00000,6.00000,0.10000,0.15000,0.55000
17.60000,3.28776,-4.86139,1.50845,22.91066,1.00000,50.00000,0.20000,1.00000,6.00000,0.10000,0.15000,0.55000
17.65000,3.35995,-4.83964,1.50729,22.98655,1.00000,50.00000,0.20000,1.00000,6.00000,0.10000,0.15000,0.55000
17.70000,3.43095,-4.81442,1.50692,23.06224,1.00000,50.00000,0.20000,1.00000,6.00000,0.10000,0.15000,0.55000
17.75000,3.50072,-4.78601,1.50662,23.13781,1.00000,50.00000,0.20000,1.00000,6.00000,0.10000,0.15000,0.55000
17.80000,3.56911,-4.75444,1.50634,23.21328,1.00000,50.00000,0.20000,1.00000,6.00000,0.10000,0.15000,0.55000
17.85000,3.63595,-4.71977,1.50608,23.28865,1.00000,50.00000,0.20000,1.00000,6.00000,0.10000,0.15000,0.55000
17.90000,3.70111,-4.68204,1.50584,23.36393,1.00000,50.00000,0.20000,1.00000,6.00000,0.10000,0.15000,0.55000
17.95000,3.76443,-4.64133,1.50563,23.43908,1.00000,50.00000,0.20000,1.00000,6.00000,0.10000,0.15000,0.55000
18.00000,3.82578,-4.59771,1.50546,23.51410,1.00000,50.00000,0.20000,1.00000,6.00000,0.10000,0.15000,0.55000
18.05000,3.88501,-4.55128,1.50531,23.58898,1.00000,50.00000,0.20000,1.00000,6.00000,0.10000,0.15000,0.55000
18.10000,3.94202,-4.50215,1.50521,23.66374,1.00000,50.00000,0.20000,1.00000,6.00000,0.10000,0.15000,0.55000
18.15000,3.99669,-4.45044,1.50514,23.73838,1.00000,50.00000,0.20000,1.00000,6.00000,0.10000,0.15000,0.55000
18.20000,4.04891,-4.39627,1.50511,23.81291,1.00000,50.00000,0.20000,1.00000,6.00000,0.10000,0.15000,0.55000
18.25000,4.09861,-4.33977,1.50511,23.88733,1.00000,50.00000,0.20000,1.00000,6.00000,0.10000,0.15000,0.55000
18.30000,4.14571,-4.28108,1.50516,23.96165,1.00000,50.00000,0.20000,1.00000,6.00000,0.10000,0.15000,0.55000
18.35000,4.19015,-4.22035,1.50524,24.03588,1.00000,50.00000,0.20000,1.00000,6.00000,0.10000,0.15000,0.55000
18.40000,4.23188,-4.15772,1.50536,24.11003,1.00000,50.00000,0.20000,1.00000,6.00000,0.10000,0.15000,0.55000
18.45000,4.27087,-4.09334,1.50552,24.18412,1.00000,50.00000,0.20000,1.00000,6.00000,0.10000,0.15000,0.55000
18.50000,4.30710,-4.02735,1.50572,24.25815,1.00000,50.00000,0.20000,1.00000,6.00000,0.10000,0.15000,0.55000
18.55000,4.34055,-3.95991,1.50595,24.33215,1.00000,50.00000,0.20000,1.00000,6.00000,0.10000,0.15000,0.55000
18.60000,4.37122,-3.89114,1.50621,24.40611,1.00000,50.00000,0.20000,1.00000,6.00000,0.10000,0.15000,0.55000
18.65000,4.39913,-3.82119,1.50650,24.48005,1.00000,50.00000,0.20000,1.00000,6.00000,0.10000,0.15000,0.55000
18.70000,4.42430,-3.75019,1.50683,24.55399,1.00000,50.00000,0.20000,1.00000,6.00000,0.10000,0.15000,0.55000
18.75000,4.44675,-3.67827,1.50719,24.62792,1.00000,50.00000,0.20000,1.00000,6.00000,0.10000,0.15000,0.55000
18.80000,4.46653,-3.60555,1.50757,24.70186,1.00000,50.00000,0.20000,1.00000,6.00000,0.10000,0.15000,0.55000
18.85000,4.48368,-3.53214,1.50798,24.77581,1.00000,50.00000,0.20000,1.00000,6.00000,0.10000,0.15000,0.55000
18.90000,4.49826,-3.45816,1.50842,24.84979,1.00000,50.00000,0.20000,1.00000,6.00000,0.10000,0.15000,0.55000
18.95000,4.51031,-3.38370,1.50888,24.92381,1.00000,50.00000,0.20000,1.00000,6.00000,0.10000,0.15000,0.55000
19.00000,4.51989,-3.30886,1.50937,24.99787,1.00000,50.00000,0.20000,1.00000,6.00000,0.10000,0.15000,0.55000
19.05000,4.52708,-3.23372,1.50988,25.07197,1.00000,50.00000,0.20000,1.00000,6.00000,0.10000,0.15000,0.55000
19.10000,4.53195,-3.15838,1.51041,25.14614,1.00000,50.00000,0.20000,1.00000,6.00000,0.10000,0.15000,0.55000
19.15000,4.53455,-3.08289,1.51097,25.22035,1.00000,50.00000,0.20000,1.00000,6.00000,0.10000,0.15000,0.55000
19.20000,4.53497,-3.00733,1.51154,25.29463,1.00000,50.00000,0.20000,1.00000,6.00000,0.10000,0.15000,0.55000
19.25000,4.53327,-2.93176,1.51214,25.36898,1.00000,50.00000,0.20000,1.00000,6.00000,0.10000,0.15000,0.55000
19.30000,4.52954,-2.85624,1.51276,25.44339,1.00000,50.00000,0.20000,1.00000,6.00000,0.10000,0.15000,0.55000
19.35000,4.52384,-2.78080,1.51340,25.51787,1.00000,50.00000,0.20000,1.00000,6.00000,0.10000,0.15000,0.55000
19.40000,4.51626,-2.70550,1.51406,25.59243,1.00000,50.00000,0.20000,1.00000,6.00000,0.10000,0.15000,0.55000
19.45000,4.50686,-2.63036,1.51475,25.66706,1.00000,50.00000,0.20000,1.00000,6.00000,0.10000,0.15000,0.55000
19.50000,4.49573,-2.55543,1.51545,25.74178,1.00000,50.00000,0.20000,1.00000,6.00000,0.10000,0.15000,0.55000
19.55000,4.48293,-2.48073,1.51617,25.81657,1.00000,50.00000,0.20000,1.00000,6.00000,0.10000,0.15000,0.55000
19.60000,4.46854,-2.40629,1.51691,25.89145,1.00000,50.00000,0.20000,1.00000,6.00000,0.10000,0.15000,0.55000
19.65000,4.45263,-2.33211,1.51767,25.96641,1.00000,50.00000,0.20000,1.00000,6.00000,0.10000,0.15000,0.55000
19.70000,4.43528,-2.25822,1.51846,26.04146,1.00000,50.00000,0.20000,1.00000,6.00000,0.10000,0.15000,0.55000
19.75000,4.41654,-2.18463,1.51926,26.11660,1.00000,50.00000,0.20000,1.00000,6.00000,0.10000,0.15000,0.55000
19.80000,4.39649,-2.11134,1.52009,26.19182,1.00000,50.00000,0.20000,1.00000,6.00000,0.10000,0.15000,0.55000
19.85000,4.37521,-2.03835,1.52093,26.26713,1.00000,50.00000,0.20000,1.00000,6.00000,0.10000,0.15000,0.55000
19.90000,4.35275,-1.96568,1.52179,26.34252,1.00000,50.00000,0.20000,1.00000,6.00000,0.10000,0.15000,0.55000
19.95000,4.32917,-1.89331,1.52269,26.41800,1.00000,50.00000,0.20000,1.00000,6.00000,0.10000,0.15000,0.55000
20.00000,4.30450,-1.82126,1.52366,26.49357,1.00000,50.00000,0.20000,1.00000,6.00000,0.10000,0.15000,0.55000
20.05000,4.27881,-1.74951,1.52470,26.56923,1.00000,50.00000,0.20000,1.00000,6.00000,0.10000,0.15000,0.55000
20.10000,4.25214,-1.67806,1.52581,26.64498,1.00000,50.00000,0.20000,1.00000,6.00000,0.10000,0.15000,0.55000
20.15000,4.22457,-1.60690,1.52698,26.72083,1.00000,50.00000,0.20000,1.00000,6.00000,0.10000,0.15000,0.55000
20.20000,4.19616,-1.53600,1.52821,26.79679,1.00000,50.00000,0.20000,1.00000,6.00000,0.10000,0.15000,0.55000
20.25000,4.16699,-1.46534,1.52949,26.87284,1.00000,50.00000,0.20000,1.00000,6.00000,0.10000,0.15000,0.55000
20.30000,4.13713,-1.39490,1.53082,26.94900,1.00000,50.00000,0.20000,1.00000,6.00000,0.10000,0.15000,0.55000
20.35000,4.10666,-1.32465,1.53218,27.02526,1.00000,50.00000,0.20000,1.00000,6.00000,0.10000,0.15000,0.55000
20.40000,4.07564,-1.25457,1.53358,27.10162,1.00000,50.00000,0.20000,1.00000,6.00000,0.10000,0.15000,0.55000
20.45000,4.04414,-1.18462,1.53500,27.17809,1.00000,50.00000,0.20000,1.00000,6.00000,0.10000,0.15000,0.55000
20.50000,4.01224,-1.11477,1.53645,27.25465,1.00000,50.00000,0.20000,1.00000,6.00000,0.10000,0.15000,0.55000
20.55000,3.98000,-1.04500,1.53792,27.33132,1.00000,50.00000,0.20000,1.00000,6.00000,0.10000,0.15000,0.55000
20.60000,3.94749,-0.97528,1.53939,27.40809,1.00000,50.00000,0.20000,1.00000,6.00000,0.10000,0.15000,0.55000
20.65000,3.91476,-0.90557,1.54088,27.48496,1.00000,50.00000,0.20000,1.00000,6.00000,0.10000,0.15000,0.55000
20.70000,3.88186,-0.83586,1.54237,27.56191,1.00000,50.00000,0.20000,1.00000,6.00000,0.10000,0.15000,0.55000
20.75000,3.84887,-0.76612,1.54385,27.63897,1.00000,50.00000,0.20000,1.00000,6.00000,0.10000,0.15000,0.55000
20.80000,3.81582,-0.69632,1.54534,27.71617,1.00000,50.00000,0.20000,1.00000,6.00000,0.10000,0.15000,0.55000
20.85000,3.78276,-0.62644,1.54681,27.79346,1.00000,50.00000,0.20000,1.00000,6.00000,0.10000,0.15000,0.55000
20.90000,3.74975,-0.55645,1.54828,27.87076,1.00000,50.00000,0.20000,1.00000,6.00000,0.10000,0.15000,0.55000
20.95000,3.71683,-0.48635,1.54972,27.94808,1.00000,50.00000,0.20000,1.00000,6.00000,0.10000,0.15000,0.55000
21.00000,3.68403,-0.41611,1.55115,28.02579,1.00000,50.00000,0.20000,1.00000,6.00000,0.10000,0.15000,0.55000
21.05000,3.65140,-0.34571,1.55255,28.10440,1.00000,50.00000,0.20000,1.00000,6.00000,0.10000,0.15000,0.55000
21.10000,3.61899,-0.27514,1.55392,28.18369,1.00000,50.00000,0.20000,1.00000,6.00000,0.10000,0.15000,0.55000
21.15000,3.58682,-0.20437,1.55525,28.26270,1.00000,50.00000,0.20000,1.00000,6.00000,0.10000,0.15000,0.55000
21.20000,3.55495,-0.13341,1.55656,28.34110,1.00000,50.00000,0.20000,1.00000,6.00000,0.10000,0.15000,0.55000
21.25000,3.52341,-0.06222,1.55783,28.41919,1.00000,50.00000,0.20000,1.00000,6.00000,0.10000,0.15000,0.55000
21.30000,3.49225,0.00920,1.55907,28.49723,1.00000,50.00000,0.20000,1.00000,6.00000,0.10000,0.15000,0.55000
21.35000,3.46151,0.08087,1.56028,28.57530,1.00000,50.00000,0.20000,1.00000,6.00000,0.10000,0.15000,0.55000
21.40000,3.43123,0.15280,1.56145,28.65343,1.00000,50.00000,0.20000,1.00000,6.00000,0.10000,0.15000,0.55000
21.45000,3.40145,0.22500,1.56259,28.73162,1.00000,50.00000,0.20000,1.00000,6.00000,0.10000,0.15000,0.55000
21.50000,3.37223,0.29749,1.56371,28.80988,1.00000,50.00000,0.20000,1.00000,6.00000,0.10000,0.15000,0.55000
21.55000,3.34360,0.37027,1.56479,28.88820,1.00000,50.00000,0.20000,1.00000,6.00000,0.10000,0.15000,0.55000
21.60000,3.31561,0.44336,1.56584,28.96660,1.00000,50.00000,0.20000,1.00000,6.00000,0.10000,0.15000,0.55000
21.65000,3.28831,0.51677,1.56686,29.04507,1.00000,50.00000,0.20000,1.00000,6.00000,0.10000,0.15000,0.55000
21.70000,3.26173,0.59049,1.56784,29.12360,1.00000,50.00000,0.20000,1.00000,6.00000,0.10000,0.15000,0.55000
21.75000,3.23594,0.66454,1.56880,29.20219,1.00000,50.00000,0.20000,1.00000,6.00000,0.10000,0.15000,0.55000
21.80000,3.21096,0.73892,1.56973,29.28085,1.00000,50.00000,0.20000,1.00000,6.00000,0.10000,0.15000,0.55000
21.85000,3.18685,0.81364,1.57063,29.35957,1.00000,50.00000,0.20000,1.00000,6.00000,0.10000,0.15000,0.55000
21.90000,3.16366,0.88869,1.57150,29.43834,1.00000,50.00000,0.20000,1.00000,6.00000,0.10000,0.15000,0.55000
21.95000,3.14143,0.96408,1.57233,29.51717,1.00000,50.00000,0.20000,1.00000,6.00000,0.10000,0.15000,0.55000
22.00000,3.12022,1.03980,1.57314,29.59606,1.00000,50.00000,0.20000,1.00000,6.00000,0.10000,0.15000,0.55000
22.05000,3.10005,1.11584,1.57392,29.67500,1.00000,50.00000,0.20000,1.00000,6.00000,0.10000,0.15000,0.55000
22.10000,3.08100,1.19222,1.57467,29.75399,1.00000,50.00000,0.20000,1.00000,6.00000,0.10000,0.15000,0.55000
22.15000,3.06309,1.26891,1.57539,29.83303,1.00000,50.00000,0.20000,1.00000,6.00000,0.10000,0.15000,0.55000
22.20000,3.04638,1.34590,1.57608,29.91211,1.00000,50.00000,0.20000,1.00000,6.00000,0.10000,0.15000,0.55000
22.25000,3.03092,1.42319,1.57674,29.99124,1.00000,50.00000,0.20000,1.00000,6.00000,0.10000,0.15000,0.55000
22.30000,3.01675,1.50076,1.57738,30.07040,1.00000,50.00000,0.20000,1.00000,6.00000,0.10000,0.15000,0.55000
22.35000,3.00392,1.57859,1.57798,30.14960,1.00000,50.00000,0.20000,1.00000,6.00000,0.10000,0.15000,0.55000
22.40000,2.99247,1.65667,1.57856,30.22884,1.00000,50.00000,0.20000,1.00000,6.00000,0.10000,0.15000,0.55000
22.45000,2.98245,1.73497,1.57910,30.30812,1.00000,50.00000,0.20000,1.00000,6.00000,0.10000,0.15000,0.55000
22.50000,2.97392,1.81347,1.57962,30.38742,1.00000,50.00000,0.20000,1.00000,6.00000,0.10000,0.15000,0.55000
22.55000,2.96691,1.89215,1.58011,30.46676,1.00000,50.00000,0.20000,1.00000,6.00000,0.10000,0.15000,0.55000
22.60000,2.96146,1.97098,1.58057,30.54612,1.00000,50.00000,0.20000,1.00000,6.00000,0.10000,0.15000,0.55000
22.65000,2.95764,2.04993,1.58100,30.62551,1.00000,50.00000,0.20000,1.00000,6.00000,0.10000,0.15000,0.55000
22.70000,2.95548,2.12896,1.58140,30.70493,1.00000,50.00000,0.20000,1.00000,6.00000,0.10000,0.15000,0.55000
22.75000,2.95502,2.20803,1.58178,30.78437,1.00000,50.00000,0.20000,1.00000,6.00000,0.10000,0.15000,0.55000
22.80000,2.95632,2.28712,1.58212,30.86382,1.00000,50.00000,0.20000,1.00000,6.00000,0.10000,0.15000,0.55000
22.85000,2.95943,2.36617,1.58244,30.94330,1.00000,50.00000,0.20000,1.00000,6.00000,0.10000,0.15000,0.55000
22.90000,2.96437,2.44514,1.58273,31.02279,1.00000,50.00000,0.20000,1.00000,6.00000,0.10000,0.15000,0.55000
22.95000,2.97121,2.52399,1.58299,31.10230,1.00000,50.00000,0.20000,1.00000,6.00000,0.10000,0.15000,0.55000
23.00000,2.97998,2.60266,1.58322,31.18182,1.00000,50.00000,0.20000,1.00000,6.00000,0.10000,0.15000,0.55000
23.05000,2.99073,2.68109,1.58343,31.26136,1.00000,50.00000,0.20000,1.00000,6.00000,0.10000,0.15000,0.55000
23.10000,3.00350,2.75922,1.58360,31.34091,1.00000,50.00000,0.20000,1.00000,6.00000,0.10000,0.15000,0.55000
23.15000,3.01834,2.83700,1.58375,31.42048,1.00000,50.00000,0.20000,1.00000,6.00000,0.10000,0.15000,0.55000
23.20000,3.03528,2.91436,1.58387,31.50005,1.00000,50.00000,0.20000,1.00000,6.00000,0.10000,0.15000,0.55000
23.25000,3.05437,2.99122,1.58397,31.57963,1.00000,50.00000,0.20000,1.00000,6.00000,0.10000,0.15000,0.55000
23.30000,3.07565,3.06750,1.58403,31.65922,1.00000,50.00000,0.20000,1.00000,6.00000,0.10000,0.15000,0.55000
23.35000,3.09916,3.14313,1.58407,31.73881,1.00000,50.00000,0.20000,1.00000,6.00000,0.10000,0.15000,0.55000
23.40000,3.12492,3.21803,1.58408,31.81841,1.00000,50.00000,0.20000,1.00000,6.00000,0.10000,0.15000,0.55000
23.45000,3.15297,3.29210,1.58407,31.89801,1.00000,50.00000,0.20000,1.00000,6.00000,0.10000,0.15000,0.55000
23.50000,3.18334,3.36524,1.58403,31.97760,1.00000,50.00000,0.20000,1.00000,6.00000,0.10000,0.15000,0.55000
23.55000,3.21605,3.43737,1.58396,32.05719,1.00000,50.00000,0.20000,1.00000,6.00000,0.10000,0.15000,0.55000
23.60000,3.25113,3.50836,1.58387,32.13678,1.00000,50.00000,0.20000,1.00000,6.00000,0.10000,0.15000,0.55000
23.65000,3.28859,3.57813,1.58376,32.21637,1.00000,50.00000,0.20000,1.00000,6.00000,0.10000,0.15000,0.55000
23.70000,3.32844,3.64655,1.58362,32.29594,1.00000,50.00000,0.20000,1.00000,6.00000,0.10000,0.15000,0.55000
23.75000,3.37069,3.71351,1.58346,32.37550,1.00000,50.00000,0.20000,1.00000,6.00000,0.10000,0.15000,0.55000
23.80000,3.41534,3.77889,1.58328,32.45505,1.00000,50.00000,0.20000,1.00000,6.00000,0.10000,0.15000,0.55000
23.85000,3.46236,3.84256,1.58308,32.53458,1.00000,50.00000,0.20000,1.00000,6.00000,0.10000,0.15000,0.55000
23.90000,3.51175,3.90440,1.58286,32.61409,1.00000,50.00000,0.20000,1.00000,6.00000,0.10000,0.15000,0.55000
23.95000,3.56349,3.96428,1.58262,32.69357,1.00000,50.00000,0.20000,1.00000,6.00000,0.10000,0.15000,0.55000
24.00000,3.61753,4.02207,1.58237,32.77302,1.00000,50.00000,0.20000,1.00000,6.00000,0.10000,0.15000,0.55000
24.05000,3.67383,4.07764,1.58210,32.85244,1.00000,50.00000,0.20000,1.00000,6.00000,0.10000,0.15000,0.55000
24.10000,3.73235,4.13085,1.58182,32.93182,1.00000,50.00000,0.20000,1.00000,6.00000,0.10000,0.15000,0.55000
24.15000,3.79300,4.18159,1.58153,33.01116,1.00000,50.00000,0.20000,1.00000,6.00000,0.10000,0.15000,0.55000
24.20000,3.85573,4.22972,1.58123,33.09045,1.00000,50.00000,0.20000,1.00000,6.00000,0.10000,0.15000,0.55000
24.25000,3.92044,4.27511,1.58093,33.16970,1.00000,50.00000,0.20000,1.00000,6.00000,0.10000,0.15000,0.55000
24.30000,3.98705,4.31766,1.58062,33.24890,1.00000,50.00000,0.20000,1.00000,6.00000,0.10000,0.15000,0.55000
24.35000,4.05544,4.35723,1.58031,33.32805,1.00000,50.00000,0.20000,1.00000,6.00000,0.10000,0.15000,0.55000
24.40000,4.12551,4.39373,1.58000,33.40714,1.00000,50.00000,0.20000,1.00000,6.00000,0.10000,0.15000,0.55000
24.45000,4.19713,4.42704,1.57970,33.48616,1.00000,50.00000,0.20000,1.00000,6.00000,0.10000,0.15000,0.55000
24.50000,4.27016,4.45708,1.57940,33.56513,1.00000,50.00000,0.20000,1.00000,6.00000,0.10000,0.15000,0.55000
24.55000,4.34447,4.48377,1.57911,33.64404,1.00000,50.00000,0.20000,1.00000,6.00000,0.10000,0.15000,0.55000
24.60000,4.41991,4.50702,1.57882,33.72289,1.00000,50.00000,0.20000,1.00000,6.00000,0.10000,0.15000,0.55000
24.65000,4.49633,4.52677,1.57855,33.80166,1.00000,50.00000,0.20000,1.00000,6.00000,0.10000,0.15000,0.55000
24.70000,4.57356,4.54297,1.57829,33.88036,1.00000,50.00000,0.20000,1.00000,6.00000,0.10000,0.15000,0.55000
24.75000,4.65145,4.55557,1.57805,33.95900,1.00000,50.00000,0.20000,1.00000,6.00000,0.10000,0.15000,0.55000
24.80000,4.72983,4.56454,1.57782,34.03758,1.00000,50.00000,0.20000,1.00000,6.00000,0.10000,0.15000,0.55000
24.85000,4.80853,4.56987,1.57762,34.11609,1.00000,50.00000,0.20000,1.00000,6.00000,0.10000,0.15000,0.55000
24.90000,4.88738,4.57155,1.57743,34.19452,1.00000,50.00000,0.20000,1.00000,6.00000,0.10000,0.15000,0.55000
24.95000,4.96621,4.56959,1.57727,34.27289,1.00000,50.00000,0.20000,1.00000,6.00000,0.10000,0.15000,0.55000
25.00000,5.04487,4.56400,1.57713,34.35120,1.00000,50.00000,0.20000,1.00000,6.00000,0.10000,0.15000,0.55000
25.05000,5.12460,4.55389,1.63920,34.75120,1.00000,50.00000,0.20000,1.00000,6.00000,0.10000,0.15000,0.55000
25.10000,5.20462,4.53258,1.67860,34.86433,1.00000,50.00000,0.20000,1.00000,6.00000,0.10000,0.15000,0.55000
25.15000,5.28283,4.50162,1.68878,34.86433,1.00000,50.00000,0.20000,1.00000,6.00000,0.10000,0.15000,0.55000
25.20000,5.36128,4.46956,1.69802,34.86433,1.00000,50.00000,0.20000,1.00000,6.00000,0.10000,0.15000,0.55000
25.25000,5.43955,4.43658,1.70040,34.86433,1.00000,50.00000,0.20000,1.00000,6.00000,0.10000,0.15000,0.55000
25.30000,5.51758,4.40280,1.70038,34.88685,1.00000,50.00000,0.20000,1.00000,6.00000,0.10000,0.15000,0.55000
25.35000,5.59458,4.36677,1.70028,34.95086,1.00000,50.00000,0.20000,1.00000,6.00000,0.10000,0.15000,0.55000
25.40000,5.67044,4.32841,1.70014,35.02933,1.00000,50.00000,0.20000,1.00000,6.00000,0.10000,0.15000,0.55000
25.45000,5.74501,4.28761,1.69998,35.11278,1.00000,50.00000,0.20000,1.00000,6.00000,0.10000,0.15000,0.55000
25.50000,5.81815,4.24432,1.69983,35.19790,1.00000,50.00000,0.20000,1.00000,6.00000,0.10000,0.15000,0.55000
25.55000,5.88974,4.19852,1.69969,35.28348,1.00000,50.00000,0.20000,1.00000,6.00000,0.10000,0.15000,0.55000
25.60000,5.95963,4.15019,1.69957,35.36910,1.00000,50.00000,0.20000,1.00000,6.00000,0.10000,0.15000,0.55000
25.65000,6.02772,4.09935,1.69948,35.45460,1.00000,50.00000,0.20000,1.00000,6.00000,0.10000,0.15000,0.55000
25.70000,6.09386,4.04602,1.69942,35.53995,1.00000,50.00000,0.20000,1.00000,6.00000,0.10000,0.15000,0.55000
25.75000,6.15797,3.99026,1.69940,35.62511,1.00000,50.00000,0.20000,1.00000,6.00000,0.10000,0.15000,0.55000
25.80000,6.21994,3.93213,1.69942,35.71010,1.00000,50.00000,0.20000,1.00000,6.00000,0.10000,0.15000,0.55000
25.85000,6.27968,3.87171,1.69949,35.79493,1.00000,50.00000,0.20000,1.00000,6.00000,0.10000,0.15000,0.55000
25.90000,6.33713,3.80910,1.69960,35.87962,1.00000,50.00000,0.20000,1.00000,6.00000,0.10000,0.15000,0.55000
25.95000,6.39222,3.74440,1.69975,35.96418,1.00000,50.00000,0.20000,1.00000,6.00000,0.10000,0.15000,0.55000
26.00000,6.44492,3.67772,1.69994,36.04862,1.00000,50.00000,0.20000,1.00000,6.00000,0.10000,0.15000,0.55000
26.05000,6.49518,3.60917,1.70018,36.13298,1.00000,50.00000,0.20000,1.00000,6.00000,0.10000,0.15000,0.55000
26.10000,6.54299,3.53888,1.70046,36.21725,1.00000,50.00000,0.20000,1.00000,6.00000,0.10000,0.15000,0.55000
26.15000,6.58834,3.46696,1.70078,36.30147,1.00000,50.00000,0.20000,1.00000,6.00000,0.10000,0.15000,0.55000
26.20000,6.63124,3.39353,1.70115,36.38565,1.00000,50.00000,0.20000,1.00000,6.00000,0.10000,0.15000,0.55000
26.25000,6.67171,3.31871,1.70154,36.46980,1.00000,50.00000,0.20000,1.00000,6.00000,0.10000,0.15000,0.55000
26.30000,6.70977,3.24261,1.70198,36.55393,1.00000,50.00000,0.20000,1.00000,6.00000,0.10000,0.15000,0.55000
26.35000,6.74546,3.16535,1.70245,36.63806,1.00000,50.00000,0.20000,1.00000,6.00000,0.10000,0.15000,0.55000
26.40000,6.77883,3.08703,1.70295,36.72220,1.00000,50.00000,0.20000,1.00000,6.00000,0.10000,0.15000,0.55000
26.45000,6.80991,3.00775,1.70349,36.80636,1.00000,50.00000,0.20000,1.00000,6.00000,0.10000,0.15000,0.55000
26.50000,6.83879,2.92761,1.70406,36.89055,1.00000,50.00000,0.20000,1.00000,6.00000,0.10000,0.15000,0.55000
26.55000,6.86553,2.84670,1.70465,36.97479,1.00000,50.00000,0.20000,1.00000,6.00000,0.10000,0.15000,0.55000
26.60000,6.89017,2.76509,1.70527,37.05907,1.00000,50.00000,0.20000,1.00000,6.00000,0.10000,0.15000,0.55000
26.65000,6.91274,2.68286,1.70593,37.14341,1.00000,50.00000,0.20000,1.00000,6.00000,0.10000,0.15000,0.55000
26.70000,6.93329,2.60006,1.70668,37.22782,1.00000,50.00000,0.20000,1.00000,6.00000,0.10000,0.15000,0.55000
26.75000,6.95188,2.51675,1.70750,37.31230,1.00000,50.00000,0.20000,1.00000,6.00000,0.10000,0.15000,0.55000
26.80000,6.96860,2.43301,1.70840,37.39687,1.00000,50.00000,0.20000,1.00000,6.00000,0.10000,0.15000,0.55000
26.85000,6.98356,2.34889,1.70936,37.48152,1.00000,50.00000,0.20000,1.00000,6.00000,0.10000,0.15000,0.55000
26.90000,6.99687,2.26444,1.71038,37.56628,1.00000,50.00000,0.20000,1.00000,6.00000,0.10000,0.15000,0.55000
26.95000,7.00865,2.17971,1.71145,37.65114,1.00000,50.00000,0.20000,1.00000,6.00000,0.10000,0.15000,0.55000
27.00000,7.01902,2.09474,1.71256,37.73611,1.00000,50.00000,0.20000,1.00000,6.00000,0.10000,0.15000,0.55000
27.05000,7.02812,2.00957,1.71370,37.82119,1.00000,50.00000,0.20000,1.00000,6.00000,0.10000,0.15000,0.55000
27.10000,7.03606,1.92423,1.71486,37.90638,1.00000,50.00000,0.20000,1.00000,6.00000,0.10000,0.15000,0.55000
27.15000,7.04299,1.83874,1.71604,37.99169,1.00000,50.00000,0.20000,1.00000,6.00000,0.10000,0.15000,0.55000
27.20000,7.04901,1.75312,1.71724,38.07710,1.00000,50.00000,0.20000,1.00000,6.00000,0.10000,0.15000,0.55000
27.25000,7.05427,1.66739,1.71844,38.16263,1.00000,50.00000,0.20000,1.00000,6.00000,0.10000,0.15000,0.55000
27.30000,7.05887,1.58156,1.71965,38.24826,1.00000,50.00000,0.20000,1.00000,6.00000,0.10000,0.15000,0.55000
27.35000,7.06294,1.49564,1.72085,38.33399,1.00000,50.00000,0.20000,1.00000,6.00000,0.10000,0.15000,0.55000
27.40000,7.06658,1.40965,1.72205,38.41982,1.00000,50.00000,0.20000,1.00000,6.00000,0.10000,0.15000,0.55000
27.45000,7.06990,1.32358,1.72324,38.50576,1.00000,50.00000,0.20000,1.00000,6.00000,0.10000,0.15000,0.55000
27.50000,7.07300,1.23744,1.72441,38.59183,1.00000,50.00000,0.20000,1.00000,6.00000,0.10000,0.15000,0.55000
27.55000,7.07598,1.15125,1.72556,38.67799,1.00000,50.00000,0.20000,1.00000,6.00000,0.10000,0.15000,0.55000
27.60000,7.07894,1.06499,1.72670,38.76415,1.00000,50.00000,0.20000,1.00000,6.00000,0.10000,0.15000,0.55000
27.65000,7.08197,0.97868,1.72780,38.85048,1.00000,50.00000,0.20000,1.00000,6.00000,0.10000,0.15000,0.55000
27.70000,7.08514,0.89232,1.72888,38.93760,1.00000,50.00000,0.20000,1.00000,6.00000,0.10000,0.15000,0.55000
27.75000,7.08855,0.80592,1.72993,39.02550,1.00000,50.00000,0.20000,1.00000,6.00000,0.10000,0.15000,0.55000
27.80000,7.09228,0.71948,1.73094,39.11326,1.00000,50.00000,0.20000,1.00000,6.00000,0.10000,0.15000,0.55000
27.85000,7.09641,0.63300,1.73191,39.20043,1.00000,50.00000,0.20000,1.00000,6.00000,0.10000,0.15000,0.55000
27.90000,7.10102,0.54651,1.73285,39.28730,1.00000,50.00000,0.20000,1.00000,6.00000,0.10000,0.15000,0.55000
27.95000,7.10621,0.46000,1.73375,39.37413,1.00000,50.00000,0.20000,1.00000,6.00000,0.10000,0.15000,0.55000
28.00000,7.11206,0.37349,1.73462,39.46099,1.00000,50.00000,0.20000,1.00000,6.00000,0.10000,0.15000,0.55000
28.05000,7.11865,0.28699,1.73546,39.54790,1.00000,50.00000,0.20000,1.00000,6.00000,0.10000,0.15000,0.55000
28.10000,7.12606,0.20051,1.73626,39.63487,1.00000,50.00000,0.20000,1.00000,6.00000,0.10000,0.15000,0.55000
28.15000,7.13437,0.11408,1.73704,39.72191,1.00000,50.00000,0.20000,1.00000,6.00000,0.10000,0.15000,0.55000
28.20000,7.14368,0.02771,1.73778,39.80901,1.00000,50.00000,0.20000,1.00000,6.00000,0.10000,0.15000,0.55000
28.25000,7.15406,-0.05858,1.73849,39.89617,1.00000,50.00000,0.20000,1.00000,6.00000,0.10000,0.15000,0.55000
28.30000,7.16559,-0.14475,1.73917,39.98340,1.00000,50.00000,0.20000,1.00000,6.00000,0.10000,0.15000,0.55000
28.35000,7.17836,-0.23078,1.73982,40.07067,1.00000,50.00000,0.20000,1.00000,6.00000,0.10000,0.15000,0.55000
28.40000,7.19243,-0.31664,1.74045,40.15801,1.00000,50.00000,0.20000,1.00000,6.00000,0.10000,0.15000,0.55000
28.45000,7.20789,-0.40230,1.74105,40.24539,1.00000,50.00000,0.20000,1.00000,6.00000,0.10000,0.15000,0.55000
28.50000,7.22481,-0.48770,1.74163,40.33281,1.00000,50.00000,0.20000,1.00000,6.00000,0.10000,0.15000,0.55000
28.55000,7.24325,-0.57282,1.74218,40.42028,1.00000,50.00000,0.20000,1.00000,6.00000,0.10000,0.15000,0.55000
28.60000,7.26328,-0.65761,1.74271,40.50778,1.00000,50.00000,0.20000,1.00000,6.00000,0.10000,0.15000,0.55000
28.65000,7.28496,-0.74202,1.74322,40.59531,1.00000,50.00000,0.20000,1.00000,6.00000,0.10000,0.15000,0.55000
28.70000,7.30834,-0.82600,1.74370,40.68286,1.00000,50.00000,0.20000,1.00000,6.00000,0.10000,0.15000,0.55000
28.75000,7.33349,-0.90949,1.74417,40.77044,1.00000,50.00000,0.20000,1.00000,6.00000,0.10000,0.15000,0.55000
28.80000,7.36044,-0.99243,1.74462,40.85803,1.00000,50.00000,0.20000,1.00000,6.00000,0.10000,0.15000,0.55000
28.85000,7.38925,-1.07478,1.74506,40.94563,1.00000,50.00000,0.20000,1.00000,6.00000,0.10000,0.15000,0.55000
28.90000,7.41995,-1.15646,1.74548,41.03325,1.00000,50.00000,0.20000,1.00000,6.00000,0.10000,0.15000,0.55000
28.95000,7.45258,-1.23742,1.74589,41.12086,1.00000,50.00000,0.20000,1.00000,6.00000,0.10000,0.15000,0.55000
29.00000,7.48716,-1.31758,1.74628,41.20848,1.00000,50.00000,0.20000,1.00000,6.00000,0.10000,0.15000,0.55000
29.05000,7.52372,-1.39688,1.74666,41.29609,1.00000,50.00000,0.20000,1.00000,6.00000,0.10000,0.15000,0.55000
29.10000,7.56228,-1.47525,1.74704,41.38370,1.00000,50.00000,0.20000,1.00000,6.00000,0.10000,0.15000,0.55000
29.15000,7.60284,-1.55262,1.74740,41.47130,1.00000,50.00000,0.20000,1.00000,6.00000,0.10000,0.15000,0.55000
29.20000,7.64543,-1.62892,1.74776,41.55889,1.00000,50.00000,0.20000,1.00000,6.00000,0.10000,0.15000,0.55000
29.25000,7.69003,-1.70408,1.74812,41.64648,1.00000,50.00000,0.20000,1.00000,6.00000,0.10000,0.15000,0.55000
29.30000,7.73664,-1.77802,1.74847,41.73406,1.00000,50.00000,0.20000,1.00000,6.00000,0.10000,0.15000,0.55000
29.35000,7.78526,-1.85068,1.74881,41.82163,1.00000,50.00000,0.20000,1.00000,6.00000,0.10000,0.15000,0.55000
29.40000,7.83588,-1.92199,1.74916,41.90919,1.00000,50.00000,0.20000,1.00000,6.00000,0.10000,0.15000,0.55000
29.45000,7.88847,-1.99188,1.74950,41.99673,1.00000,50.00000,0.20000,1.00000,6.00000,0.10000,0.15000,0.55000
29.50000,7.94301,-2.06028,1.74985,42.08427,1.00000,50.00000,0.20000,1.00000,6.00000,0.10000,0.15000,0.55000
29.55000,7.99947,-2.12712,1.75019,42.17179,1.00000,50.00000,0.20000,1.00000,6.00000,0.10000,0.15000,0.55000
29.60000,8.05782,-2.19234,1.75054,42.25928,1.00000,50.00000,0.20000,1.00000,6.00000,0.10000,0.15000,0.55000
29.65000,8.11803,-2.25588,1.75089,42.34673,1.00000,50.00000,0.20000,1.00000,6.00000,0.10000,0.15000,0.55000
29.70000,8.18004,-2.31768,1.75125,42.43419,1.00000,50.00000,0.20000,1.00000,6.00000,0.10000,0.15000,0.55000
29.75000,8.24382,-2.37769,1.75162,42.52167,1.00000,50.00000,0.20000,1.00000,6.00000,0.10000,0.15000,0.55000
29.80000,8.30932,-2.43584,1.75200,42.60914,1.00000,50.00000,0.20000,1.00000,6.00000,0.10000,0.15000,0.55000
29.85000,8.37647,-2.49210,1.75238,42.69657,1.00000,50.00000,0.20000,1.00000,6.00000,0.10000,0.15000,0.55000
29.90000,8.44523,-2.54642,1.75278,42.78399,1.00000,50.00000,0.20000,1.00000,6.00000,0.10000,0.15000,0.55000
29.95000,8.51554,-2.59875,1.75318,42.87140,1.00000,50.00000,0.20000,1.00000,6.00000,0.10000,0.15000,0.55000
30.00000,8.58733,-2.64907,1.75360,42.95881,1.00000,50.00000,0.20000,1.00000,6.00000,0.10000,0.15000,0.55000
30.05000,8.66054,-2.69733,1.75403,43.04621,1.00000,50.00000,0.20000,1.00000,6.00000,0.10000,0.15000,0.55000
30.10000,8.73510,-2.74352,1.75448,43.13361,1.00000,50.00000,0.20000,1.00000,6.00000,0.10000,0.15000,0.55000
30.15000,8.81095,-2.78761,1.75494,43.22099,1.00000,50.00000,0.20000,1.00000,6.00000,0.10000,0.15000,0.55000
30.20000,8.88802,-2.82958,1.75542,43.30838,1.00000,50.00000,0.20000,1.00000,6.00000,0.10000,0.15000,0.55000
30.25000,8.96624,-2.86942,1.75591,43.39576,1.00000,50.00000,0.20000,1.00000,6.00000,0.10000,0.15000,0.55000
30.30000,9.04554,-2.90712,1.75642,43.48315,1.00000,50.00000,0.20000,1.00000,6.00000,0.10000,0.15000,0.55000
30.35000,9.12585,-2.94267,1.75694,43.57054,1.00000,50.00000,0.20000,1.00000,6.00000,0.10000,0.15000,0.55000
30.40000,9.20711,-2.97609,1.75748,43.65795,1.00000,50.00000,0.20000,1.00000,6.00000,0.10000,0.15000,0.55000
30.45000,9.28924,-3.00737,1.75804,43.74536,1.00000,50.00000,0.20000,1.00000,6.00000,0.10000,0.15000,0.55000
30.50000,9.37218,-3.03652,1.75862,43.83279,1.00000,50.00000,0.20000,1.00000,6.00000,0.10000,0.15000,0.55000
30.55000,9.45586,-3.06355,1.75922,43.92024,1.00000,50.00000,0.20000,1.00000,6.00000,0.10000,0.15000,0.55000
30.60000,9.54023,-3.08848,1.75983,44.00771,1.00000,50.00000,0.20000,1.00000,6.00000,0.10000,0.15000,0.55000
30.65000,9.62522,-3.11134,1.76046,44.09520,1.00000,50.00000,0.20000,1.00000,6.00000,0.10000,0.15000,0.55000
30.70000,9.71076,-3.13214,1.76110,44.18272,1.00000,50.00000,0.20000,1.00000,6.00000,0.10000,0.15000,0.55000
30.75000,9.79681,-3.15090,1.76177,44.27027,1.00000,50.00000,0.20000,1.00000,6.00000,0.10000,0.15000,0.55000
30.80000,9.88330,-3.16766,1.76245,44.35785,1.00000,50.00000,0.20000,1.00000,6.00000,0.10000,0.15000,0.55000
30.85000,9.97019,-3.18245,1.76315,44.44546,1.00000,50.00000,0.20000,1.00000,6.00000,0.10000,0.15000,0.55000
30.90000,10.05742,-3.19529,1.76387,44.53310,1.00000,50.00000,0.20000,1.00000,6.00000,0.10000,0.15000,0.55000
30.95000,10.14495,-3.20622,1.76460,44.62078,1.00000,50.00000,0.20000,1.00000,6.00000,0.10000,0.15000,0.55000
31.00000,10.23274,-3.21527,1.76535,44.70851,1.00000,50.00000,0.20000,1.00000,6.00000,0.10000,0.15000,0.55000
31.05000,10.32072,-3.22248,1.76612,44.79627,1.00000,50.00000,0.20000,1.00000,6.00000,0.10000,0.15000,0.55000
31.10000,10.40888,-3.22789,1.76690,44.88407,1.00000,50.00000,0.20000,1.00000,6.00000,0.10000,0.15000,0.55000
31.15000,10.49717,-3.23153,1.76771,44.97192,1.00000,50.00000,0.20000,1.00000,6.00000,0.10000,0.15000,0.55000
31.20000,10.58555,-3.23344,1.76853,45.05982,1.00000,50.00000,0.20000,1.00000,6.00000,0.10000,0.15000,0.55000
31.25000,10.67400,-3.23366,1.76937,45.14776,1.00000,50.00000,0.20000,1.00000,6.00000,0.10000,0.15000,0.55000
31.30000,10.76248,-3.23220,1.77024,45.23575,1.00000,50.00000,0.20000,1.00000,6.00000,0.10000,0.15000,0.55000
31.35000,10.85095,-3.22905,1.77116,45.32379,1.00000,50.00000,0.20000,1.00000,6.00000,0.10000,0.15000,0.55000
31.40000,10.93948,-3.22507,1.77341,45.41733,1.00000,50.00000,0.20000,1.00000,6.00000,0.10000,0.15000,0.55000
31.45000,11.02818,-3.22443,1.77503,45.50193,1.00000,50.00000,0.20000,1.00000,6.00000,0.10000,0.15000,0.55000
31.50000,11.11687,-3.22123,1.77397,45.58871,1.00000,50.00000,0.20000,1.00000,6.00000,0.10000,0.15000,0.55000
31.55000,11.20522,-3.21341,1.77471,45.67631,1.00000,50.00000,0.20000,1.00000,6.00000,0.10000,0.15000,0.55000
31.60000,11.29341,-3.20329,1.77626,45.76424,1.00000,50.00000,0.20000,1.00000,6.00000,0.10000,0.15000,0.55000
31.65000,11.38146,-3.19145,1.77760,45.85241,1.00000,50.00000,0.20000,1.00000,6.00000,0.10000,0.15000,0.55000
31.70000,11.46933,-3.17787,1.77894,45.94071,1.00000,50.00000,0.20000,1.00000,6.00000,0.10000,0.15000,0.55000
31.75000,11.55700,-3.16267,1.78031,46.02912,1.00000,50.00000,0.20000,1.00000,6.00000,0.10000,0.15000,0.55000
31.80000,11.64447,-3.14596,1.78170,46.11763,1.00000,50.00000,0.20000,1.00000,6.00000,0.10000,0.15000,0.55000
31.85000,11.73174,-3.12789,1.78310,46.20625,1.00000,50.00000,0.20000,1.00000,6.00000,0.10000,0.15000,0.55000
31.90000,11.81881,-3.10857,1.78452,46.29498,1.00000,50.00000,0.20000,1.00000,6.00000,0.10000,0.15000,0.55000
31.95000,11.90570,-3.08813,1.78595,46.38382,1.00000,50.00000,0.20000,1.00000,6.00000,0.10000,0.15000,0.55000
32.00000,11.99242,-3.06669,1.78738,46.47276,1.00000,50.00000,0.20000,1.00000,6.00000,0.10000,0.15000,0.55000
32.05000,12.07899,-3.04435,1.78880,46.56182,1.00000,50.00000,0.20000,1.00000,6.00000,0.10000,0.15000,0.55000
32.10000,12.16542,-3.02121,1.79022,46.65098,1.00000,50.00000,0.20000,1.00000,6.00000,0.10000,0.15000,0.55000
32.15000,12.25173,-2.99737,1.79163,46.74025,1.00000,50.00000,0.20000,1.00000,6.00000,0.10000,0.15000,0.55000
32.20000,12.33795,-2.97292,1.79301,46.82963,1.00000,50.00000,0.20000,1.00000,6.00000,0.10000,0.15000,0.55000
32.25000,12.42408,-2.94793,1.79437,46.91913,1.00000,50.00000,0.20000,1.00000,6.00000,0.10000,0.15000,0.55000
32.30000,12.51015,-2.92247,1.79571,47.00880,1.00000,50.00000,0.20000,1.00000,6.00000,0.10000,0.15000,0.55000
32.35000,12.59616,-2.89661,1.79702,47.09877,1.00000,50.00000,0.20000,1.00000,6.00000,0.10000,0.15000,0.55000
32.40000,12.68214,-2.87042,1.79829,47.18935,1.00000,50.00000,0.20000,1.00000,6.00000,0.10000,0.15000,0.55000
32.45000,12.76810,-2.84394,1.79951,47.28060,1.00000,50.00000,0.20000,1.00000,6.00000,0.10000,0.15000,0.55000
32.50000,12.85405,-2.81722,1.80070,47.37171,1.00000,50.00000,0.20000,1.00000,6.00000,0.10000,0.15000,0.55000
32.55000,12.94000,-2.79030,1.80184,47.46207,1.00000,50.00000,0.20000,1.00000,6.00000,0.10000,0.15000,0.55000
32.60000,13.02595,-2.76323,1.80294,47.55207,1.00000,50.00000,0.20000,1.00000,6.00000,0.10000,0.15000,0.55000
32.65000,13.11193,-2.73604,1.80399,47.64218,1.00000,50.00000,0.20000,1.00000,6.00000,0.10000,0.15000,0.55000
32.70000,13.19793,-2.70876,1.80499,47.73240,1.00000,50.00000,0.20000,1.00000,6.00000,0.10000,0.15000,0.55000
32.75000,13.28397,-2.68144,1.80595,47.82265,1.00000,50.00000,0.20000,1.00000,6.00000,0.10000,0.15000,0.55000
32.80000,13.37005,-2.65409,1.80685,47.91292,1.00000,50.00000,0.20000,1.00000,6.00000,0.10000,0.15000,0.55000
32.85000,13.45618,-2.62675,1.80771,48.00325,1.00000,50.00000,0.20000,1.00000,6.00000,0.10000,0.15000,0.55000
32.90000,13.54236,-2.59945,1.80852,48.09362,1.00000,50.00000,0.20000,1.00000,6.00000,0.10000,0.15000,0.55000
32.95000,13.62861,-2.57219,1.80928,48.18404,1.00000,50.00000,0.20000,1.00000,6.00000,0.10000,0.15000,0.55000
33.00000,13.71491,-2.54501,1.80999,48.27449,1.00000,50.00000,0.20000,1.00000,6.00000,0.10000,0.15000,0.55000
33.05000,13.80127,-2.51791,1.81065,48.36498,1.00000,50.00000,0.20000,1.00000,6.00000,0.10000,0.15000,0.55000
33.10000,13.88770,-2.49092,1.81125,48.45550,1.00000,50.00000,0.20000,1.00000,6.00000,0.10000,0.15000,0.55000
33.15000,13.97420,-2.46403,1.81181,48.54604,1.00000,50.00000,0.20000,1.00000,6.00000,0.10000,0.15000,0.55000
33.20000,14.06075,-2.43725,1.81231,48.63661,1.00000,50.00000,0.20000,1.00000,6.00000,0.10000,0.15000,0.55000
33.25000,14.14737,-2.41058,1.81276,48.72720,1.00000,50.00000,0.20000,1.00000,6.00000,0.10000,0.15000,0.55000
33.30000,14.23404,-2.38402,1.81315,48.81781,1.00000,50.00000,0.20000,1.00000,6.00000,0.10000,0.15000,0.55000
33.35000,14.32075,-2.35756,1.81350,48.90843,1.00000,50.00000,0.20000,1.00000,6.00000,0.10000,0.15000,0.55000
33.40000,14.40751,-2.33117,1.81379,48.99906,1.00000,50.00000,0.20000,1.00000,6.00000,0.10000,0.15000,0.55000
33.45000,14.49430,-2.30485,1.81403,49.08970,1.00000,50.00000,0.20000,1.00000,6.00000,0.10000,0.15000,0.55000
33.50000,14.58111,-2.27855,1.81422,49.18034,1.00000,50.00000,0.20000,1.00000,6.00000,0.10000,0.15000,0.55000
33.55000,14.66793,-2.25223,1.81436,49.27098,1.00000,50.00000,0.20000,1.00000,6.00000,0.10000,0.15000,0.55000
33.60000,14.75473,-2.22587,1.81445,49.36163,1.00000,50.00000,0.20000,1.00000,6.00000,0.10000,0.15000,0.55000
33.65000,14.84150,-2.19938,1.81449,49.45228,1.00000,50.00000,0.20000,1.00000,6.00000,0.10000,0.15000,0.55000
33.70000,14.92822,-2.17272,1.81448,49.54293,1.00000,50.00000,0.20000,1.00000,6.00000,0.10000,0.15000,0.55000
33.75000,15.01486,-2.14579,1.81442,49.63358,1.00000,50.00000,0.20000,1.00000,6.00000,0.10000,0.15000,0.55000
33.80000,15.10137,-2.11851,1.81431,49.72424,1.00000,50.00000,0.20000,1.00000,6.00000,0.10000,0.15000,0.55000
33.85000,15.18774,-2.09077,1.81415,49.81490,1.00000,50.00000,0.20000,1.00000,6.00000,0.10000,0.15000,0.55000
33.90000,15.27390,-2.06243,1.81393,49.90558,1.00000,50.00000,0.20000,1.00000,6.00000,0.10000,0.15000,0.55000
33.95000,15.35980,-2.03334,1.81366,49.99626,1.00000,50.00000,0.20000,1.00000,6.00000,0.10000,0.15000,0.55000
34.00000,15.44537,-2.00335,1.81332,50.08696,1.00000,50.00000,0.20000,1.00000,6.00000,0.10000,0.15000,0.55000
34.05000,15.53054,-1.97228,1.81292,50.17767,1.00000,50.00000,0.20000,1.00000,6.00000,0.10000,0.15000,0.55000
34.10000,15.61519,-1.93990,1.81243,50.26838,1.00000,50.00000,0.20000,1.00000,6.00000,0.10000,0.15000,0.55000
34.15000,15.69921,-1.90599,1.81185,50.35909,1.00000,50.00000,0.20000,1.00000,6.00000,0.10000,0.15000,0.55000
34.20000,15.78246,-1.87031,1.81118,50.44979,1.00000,50.00000,0.20000,1.00000,6.00000,0.10000,0.15000,0.55000
34.25000,15.86477,-1.83259,1.81038,50.54047,1.00000,50.00000,0.20000,1.00000,6.00000,0.10000,0.15000,0.55000
34.30000,15.94593,-1.79256,1.80942,50.63112,1.00000,50.00000,0.20000,1.00000,6.00000,0.10000,0.15000,0.55000
34.35000,16.02568,-1.74992,1.80833,50.72171,1.00000,50.00000,0.20000,1.00000,6.00000,0.10000,0.15000,0.55000
34.40000,16.10377,-1.70440,1.80709,50.81224,1.00000,50.00000,0.20000,1.00000,6.00000,0.10000,0.15000,0.55000
34.45000,16.17988,-1.65577,1.80566,50.90268,1.00000,50.00000,0.20000,1.00000,6.00000,0.10000,0.15000,0.55000
34.50000,16.25364,-1.60379,1.80402,50.99302,1.00000,50.00000,0.20000,1.00000,6.00000,0.10000,0.15000,0.55000
34.55000,16.32464,-1.54824,1.80218,51.08324,1.00000,50.00000,0.20000,1.00000,6.00000,0.10000,0.15000,0.55000
34.60000,16.39242,-1.48895,1.80015,51.17332,1.00000,50.00000,0.20000,1.00000,6.00000,0.10000,0.15000,0.55000
34.65000,16.45652,-1.42585,1.79793,51.26326,1.00000,50.00000,0.20000,1.00000,6.00000,0.10000,0.15000,0.55000
34.70000,16.51641,-1.35891,1.79553,51.35305,1.00000,50.00000,0.20000,1.00000,6.00000,0.10000,0.15000,0.55000
34.75000,16.57157,-1.28817,1.79296,51.44267,1.00000,50.00000,0.20000,1.00000,6.00000,0.10000,0.15000,0.55000
34.80000,16.62146,-1.21378,1.79026,51.53213,1.00000,50.00000,0.20000,1.00000,6.00000,0.10000,0.15000,0.55000
34.85000,16.66555,-1.13598,1.78745,51.62140,1.00000,50.00000,0.20000,1.00000,6.00000,0.10000,0.15000,0.55000
34.90000,16.70334,-1.05508,1.78456,51.71050,1.00000,50.00000,0.20000,1.00000,6.00000,0.10000,0.15000,0.55000
34.95000,16.73436,-0.97152,1.78163,51.79946,1.00000,50.00000,0.20000,1.00000,6.00000,0.10000,0.15000,0.55000
35.00000,16.75823,-0.88579,1.77871,51.88827,1.00000,50.00000,0.20000,1.00000,6.00000,0.10000,0.15000,0.55000
35.05000,16.77460,-0.79848,1.77586,51.97689,1.00000,50.00000,0.20000,1.00000,6.00000,0.10000,0.15000,0.55000
35.10000,16.78326,-0.71020,1.77308,52.06528,1.00000,50.00000,0.20000,1.00000,6.00000,0.10000,0.15000,0.55000
35.15000,16.78405,-0.62164,1.77038,52.15351,1.00000,50.00000,0.20000,1.00000,6.00000,0.10000,0.15000,0.55000
35.20000,16.77691,-0.53350,1.76781,52.24162,1.00000,50.00000,0.20000,1.00000,6.00000,0.10000,0.15000,0.55000
35.25000,16.76190,-0.44649,1.76542,52.32955,1.00000,50.00000,0.20000,1.00000,6.00000,0.10000,0.15000,0.55000
35.30000,16.73918,-0.36128,1.76321,52.41726,1.00000,50.00000,0.20000,1.00000,6.00000,0.10000,0.15000,0.55000
35.35000,16.70897,-0.27854,1.76115,52.50478,1.00000,50.00000,0.20000,1.00000,6.00000,0.10000,0.15000,0.55000
35.40000,16.67160,-0.19889,1.75927,52.59217,1.00000,50.00000,0.20000,1.00000,6.00000,0.10000,0.15000,0.55000
35.45000,16.62744,-0.12290,1.75761,52.67937,1.00000,50.00000,0.20000,1.00000,6.00000,0.10000,0.15000,0.55000
35.50000,16.57697,-0.05104,1.75613,52.76629,1.00000,50.00000,0.20000,1.00000,6.00000,0.10000,0.15000,0.55000
35.55000,16.52066,0.01625,1.75481,52.85297,1.00000,50.00000,0.20000,1.00000,6.00000,0.10000,0.15000,0.55000
35.60000,16.45902,0.07862,1.75364,52.93948,1.00000,50.00000,0.20000,1.00000,6.00000,0.10000,0.15000,0.55000
35.65000,16.39261,0.13579,1.75264,53.02583,1.00000,50.00000,0.20000,1.00000,6.00000,0.10000,0.15000,0.55000
35.70000,16.32195,0.18755,1.75181,53.11194,1.00000,50.00000,0.20000,1.00000,6.00000,0.10000,0.15000,0.55000
35.75000,16.24760,0.23377,1.75112,53.19783,1.00000,50.00000,0.20000,1.00000,6.00000,0.10000,0.15000,0.55000
35.80000,16.17008,0.27439,1.75055,53.28354,1.00000,50.00000,0.20000,1.00000,6.00000,0.10000,0.15000,0.55000
35.85000,16.08990,0.30940,1.75010,53.36911,1.00000,50.00000,0.20000,1.00000,6.00000,0.10000,0.15000,0.55000
35.90000,16.00752,0.33882,1.74975,53.45455,1.00000,50.00000,0.20000,1.00000,6.00000,0.10000,0.15000,0.55000
35.95000,15.92340,0.36276,1.74951,53.53987,1.00000,50.00000,0.20000,1.00000,6.00000,0.10000,0.15000,0.55000
36.00000,15.83794,0.38133,1.74935,53.62511,1.00000,50.00000,0.20000,1.00000,6.00000,0.10000,0.15000,0.55000
36.05000,15.75152,0.39470,1.74928,53.71028,1.00000,50.00000,0.20000,1.00000,6.00000,0.10000,0.15000,0.55000
36.10000,15.66447,0.40305,1.74928,53.79541,1.00000,50.00000,0.20000,1.00000,6.00000,0.10000,0.15000,0.55000
36.15000,15.57709,0.40659,1.74935,53.88051,1.00000,50.00000,0.20000,1.00000,6.00000,0.10000,0.15000,0.55000
36.20000,15.48964,0.40554,1.74949,53.96563,1.00000,50.00000,0.20000,1.00000,6.00000,0.10000,0.15000,0.55000
36.25000,15.40234,0.40013,1.74969,54.05077,1.00000,50.00000,0.20000,1.00000,6.00000,0.10000,0.15000,0.55000
36.30000,15.31538,0.39062,1.74996,54.13597,1.00000,50.00000,0.20000,1.00000,6.00000,0.10000,0.15000,0.55000
36.35000,15.22891,0.37726,1.75026,54.22127,1.00000,50.00000,0.20000,1.00000,6.00000,0.10000,0.15000,0.55000
36.40000,15.14306,0.36027,1.75059,54.30667,1.00000,50.00000,0.20000,1.00000,6.00000,0.10000,0.15000,0.55000
36.45000,15.05794,0.33987,1.75096,54.39219,1.00000,50.00000,0.20000,1.00000,6.00000,0.10000,0.15000,0.55000
36.50000,14.97363,0.31627,1.75142,54.47786,1.00000,50.00000,0.20000,1.00000,6.00000,0.10000,0.15000,0.55000
36.55000,14.89018,0.28970,1.75197,54.56368,1.00000,50.00000,0.20000,1.00000,6.00000,0.10000,0.15000,0.55000
36.60000,14.80761,0.26041,1.75261,54.64967,1.00000,50.00000,0.20000,1.00000,6.00000,0.10000,0.15000,0.55000
36.65000,14.72592,0.22865,1.75333,54.73582,1.00000,50.00000,0.20000,1.00000,6.00000,0.10000,0.15000,0.55000
36.70000,14.64509,0.19467,1.75409,54.82216,1.00000,50.00000,0.20000,1.00000,6.00000,0.10000,0.15000,0.55000
36.75000,14.56508,0.15871,1.75490,54.90868,1.00000,50.00000,0.20000,1.00000,6.00000,0.10000,0.15000,0.55000
36.80000,14.48583,0.12100,1.75574,54.99538,1.00000,50.00000,0.20000,1.00000,6.00000,0.10000,0.15000,0.55000
36.85000,14.40728,0.08176,1.75659,55.08227,1.00000,50.00000,0.20000,1.00000,6.00000,0.10000,0.15000,0.55000
36.90000,14.32936,0.04120,1.75746,55.16932,1.00000,50.00000,0.20000,1.00000,6.00000,0.10000,0.15000,0.55000
36.95000,14.25198,-0.00049,1.75833,55.25653,1.00000,50.00000,0.20000,1.00000,6.00000,0.10000,0.15000,0.55000
37.00000,14.17508,-0.04314,1.75920,55.34389,1.00000,50.00000,0.20000,1.00000,6.00000,0.10000,0.15000,0.55000
37.05000,14.09856,-0.08656,1.76006,55.43138,1.00000,50.00000,0.20000,1.00000,6.00000,0.10000,0.15000,0.55000
37.10000,14.02236,-0.13063,1.76091,55.51900,1.00000,50.00000,0.20000,1.00000,6.00000,0.10000,0.15000,0.55000
37.15000,13.94640,-0.17519,1.76174,55.60673,1.00000,50.00000,0.20000,1.00000,6.00000,0.10000,0.15000,0.55000
37.20000,13.87062,-0.22013,1.76255,55.69457,1.00000,50.00000,0.20000,1.00000,6.00000,0.10000,0.15000,0.55000
37.25000,13.79495,-0.26534,1.76334,55.78251,1.00000,50.00000,0.20000,1.00000,6.00000,0.10000,0.15000,0.55000
37.30000,13.71933,-0.31072,1.76410,55.87055,1.00000,50.00000,0.20000,1.00000,6.00000,0.10000,0.15000,0.55000
37.35000,13.64372,-0.35617,1.76483,55.95867,1.00000,50.00000,0.20000,1.00000,6.00000,0.10000,0.15000,0.55000
37.40000,13.56807,-0.40164,1.76553,56.04680,1.00000,50.00000,0.20000,1.00000,6.00000,0.10000,0.15000,0.55000
37.45000,13.49234,-0.44704,1.76619,56.13504,1.00000,50.00000,0.20000,1.00000,6.00000,0.10000,0.15000,0.55000
37.50000,13.41651,-0.49231,1.76681,56.22374,1.00000,50.00000,0.20000,1.00000,6.00000,0.10000,0.15000,0.55000
37.55000,13.34053,-0.53742,1.76738,56.31298,1.00000,50.00000,0.20000,1.00000,6.00000,0.10000,0.15000,0.55000
37.60000,13.26440,-0.58231,1.76790,56.40230,1.00000,50.00000,0.20000,1.00000,6.00000,0.10000,0.15000,0.55000
37.65000,13.18809,-0.62694,1.76836,56.49137,1.00000,50.00000,0.20000,1.00000,6.00000,0.10000,0.15000,0.55000
37.70000,13.11157,-0.67127,1.76877,56.58014,1.00000,50.00000,0.20000,1.00000,6.00000,0.10000,0.15000,0.55000
37.75000,13.03484,-0.71527,1.76913,56.66868,1.00000,50.00000,0.20000,1.00000,6.00000,0.10000,0.15000,0.55000
37.80000,12.95789,-0.75890,1.76944,56.75714,1.00000,50.00000,0.20000,1.00000,6.00000,0.10000,0.15000,0.55000
37.85000,12.88069,-0.80212,1.76969,56.84561,1.00000,50.00000,0.20000,1.00000,6.00000,0.10000,0.15000,0.55000
37.90000,12.80323,-0.84491,1.76989,56.93411,1.00000,50.00000,0.20000,1.00000,6.00000,0.10000,0.15000,0.55000
37.95000,12.72550,-0.88723,1.77003,57.02260,1.00000,50.00000,0.20000,1.00000,6.00000,0.10000,0.15000,0.55000
38.00000,12.64750,-0.92903,1.77012,57.11109,1.00000,50.00000,0.20000,1.00000,6.00000,0.10000,0.15000,0.55000
38.05000,12.56920,-0.97030,1.77016,57.19958,1.00000,50.00000,0.20000,1.00000,6.00000,0.10000,0.15000,0.55000
38.10000,12.49059,-1.01098,1.77015,57.28807,1.00000,50.00000,0.20000,1.00000,6.00000,0.10000,0.15000,0.55000
38.15000,12.41166,-1.05102,1.77008,57.37656,1.00000,50.00000,0.20000,1.00000,6.00000,0.10000,0.15000,0.55000
38.20000,12.33239,-1.09038,1.76996,57.46503,1.00000,50.00000,0.20000,1.00000,6.00000,0.10000,0.15000,0.55000
38.25000,12.25277,-1.12898,1.76979,57.55350,1.00000,50.00000,0.20000,1.00000,6.00000,0.10000,0.15000,0.55000
38.30000,12.17275,-1.16677,1.76957,57.64196,1.00000,50.00000,0.20000,1.00000,6.00000,0.10000,0.15000,0.55000
38.35000,12.09233,-1.20363,1.76929,57.73040,1.00000,50.00000,0.20000,1.00000,6.00000,0.10000,0.15000,0.55000
38.40000,12.01146,-1.23947,1.76895,57.81882,1.00000,50.00000,0.20000,1.00000,6.00000,0.10000,0.15000,0.55000
38.45000,11.93011,-1.27417,1.76855,57.90721,1.00000,50.00000,0.20000,1.00000,6.00000,0.10000,0.15000,0.55000
38.50000,11.84825,-1.30756,1.76808,57.99558,1.00000,50.00000,0.20000,1.00000,6.00000,0.10000,0.15000,0.55000
38.55000,11.76581,-1.33946,1.76753,58.08391,1.00000,50.00000,0.20000,1.00000,6.00000,0.10000,0.15000,0.55000
38.60000,11.68277,-1.36965,1.76690,58.17221,1.00000,50.00000,0.20000,1.00000,6.00000,0.10000,0.15000,0.55000
38.65000,11.59908,-1.39790,1.76617,58.26045,1.00000,50.00000,0.20000,1.00000,6.00000,0.10000,0.15000,0.55000
38.70000,11.51472,-1.42391,1.76530,58.34863,1.00000,50.00000,0.20000,1.00000,6.00000,0.10000,0.15000,0.55000
38.75000,11.42965,-1.44735,1.76428,58.43674,1.00000,50.00000,0.20000,1.00000,6.00000,0.10000,0.15000,0.55000
38.80000,11.34388,-1.46784,1.76309,58.52477,1.00000,50.00000,0.20000,1.00000,6.00000,0.10000,0.15000,0.55000
38.85000,11.25745,-1.48499,1.76177,58.61269,1.00000,50.00000,0.20000,1.00000,6.00000,0.10000,0.15000,0.55000
38.90000,11.17043,-1.49843,1.76023,58.70050,1.00000,50.00000,0.20000,1.00000,6.00000,0.10000,0.15000,0.55000
38.95000,11.08296,-1.50771,1.75844,58.78819,1.00000,50.00000,0.20000,1.00000,6.00000,0.10000,0.15000,0.55000
39.00000,10.99522,-1.51238,1.75641,58.87573,1.00000,50.00000,0.20000,1.00000,6.00000,0.10000,0.15000,0.55000
39.05000,10.90746,-1.51198,1.75416,58.96312,1.00000,50.00000,0.20000,1.00000,6.00000,0.10000,0.15000,0.55000
39.10000,10.82002,-1.50612,1.75169,59.05035,1.00000,50.00000,0.20000,1.00000,6.00000,0.10000,0.15000,0.55000
39.15000,10.73330,-1.49440,1.74898,59.13741,1.00000,50.00000,0.20000,1.00000,6.00000,0.10000,0.15000,0.55000
39.20000,10.64779,-1.47649,1.74607,59.22430,1.00000,50.00000,0.20000,1.00000,6.00000,0.10000,0.15000,0.55000
39.25000,10.56405,-1.45214,1.74298,59.31102,1.00000,50.00000,0.20000,1.00000,6.00000,0.10000,0.15000,0.55000
39.30000,10.48269,-1.42117,1.73976,59.39757,1.00000,50.00000,0.20000,1.00000,6.00000,0.10000,0.15000,0.55000
39.35000,10.40439,-1.38352,1.73645,59.48395,1.00000,50.00000,0.20000,1.00000,6.00000,0.10000,0.15000,0.55000
39.40000,10.32984,-1.33922,1.73310,59.57018,1.00000,50.00000,0.20000,1.00000,6.00000,0.10000,0.15000,0.55000
39.45000,10.25975,-1.28844,1.72978,59.65626,1.00000,50.00000,0.20000,1.00000,6.00000,0.10000,0.15000,0.55000
39.50000,10.19480,-1.23149,1.72653,59.74214,1.00000,50.00000,0.20000,1.00000,6.00000,0.10000,0.15000,0.55000
39.55000,10.13564,-1.16877,1.72340,59.82785,1.00000,50.00000,0.20000,1.00000,6.00000,0.10000,0.15000,0.55000
39.60000,10.08285,-1.10079,1.72041,59.91340,1.00000,50.00000,0.20000,1.00000,6.00000,0.10000,0.15000,0.55000
39.65000,10.03695,-1.02816,1.71763,59.99879,1.00000,50.00000,0.20000,1.00000,6.00000,0.10000,0.15000,0.55000
39.70000,9.99834,-0.95155,1.71509,60.08393,1.00000,50.00000,0.20000,1.00000,6.00000,0.10000,0.15000,0.55000
39.75000,9.96731,-0.87171,1.71277,60.16882,1.00000,50.00000,0.20000,1.00000,6.00000,0.10000,0.15000,0.55000
39.80000,9.94408,-0.78937,1.71066,60.25351,1.00000,50.00000,0.20000,1.00000,6.00000,0.10000,0.15000,0.55000
39.85000,9.92872,-0.70531,1.70882,60.33802,1.00000,50.00000,0.20000,1.00000,6.00000,0.10000,0.15000,0.55000
39.90000,9.92122,-0.62027,1.70725,60.42224,1.00000,50.00000,0.20000,1.00000,6.00000,0.10000,0.15000,0.55000
39.95000,9.92145,-0.53497,1.70591,60.50609,1.00000,50.00000,0.20000,1.00000,6.00000,0.10000,0.15000,0.55000
40.00000,9.92921,-0.45009,1.70477,60.58965,1.00000,50.00000,0.20000,1.00000,6.00000,0.10000,0.15000,0.55000
40.05000,9.94424,-0.36624,1.70380,60.67300,1.00000,50.00000,0.20000,1.00000,6.00000,0.10000,0.15000,0.55000
40.10000,9.96621,-0.28399,1.70300,60.75616,1.00000,50.00000,0.20000,1.00000,6.00000,0.10000,0.15000,0.55000
40.15000,9.99475,-0.20381,1.70232,60.83905,1.00000,50.00000,0.20000,1.00000,6.00000,0.10000,0.15000,0.55000
40.20000,10.02950,-0.12616,1.70171,60.92171,1.00000,50.00000,0.20000,1.00000,6.00000,0.10000,0.15000,0.55000
40.25000,10.07007,-0.05141,1.70117,61.00420,1.00000,50.00000,0.20000,1.00000,6.00000,0.10000,0.15000,0.55000
40.30000,10.11607,0.02010,1.70081,61.08656,1.00000,50.00000,0.20000,1.00000,6.00000,0.10000,0.15000,0.55000
40.35000,10.16703,0.08815,1.70069,61.16884,1.00000,50.00000,0.20000,1.00000,6.00000,0.10000,0.15000,0.55000
40.40000,10.22249,0.15259,1.70076,61.25109,1.00000,50.00000,0.20000,1.00000,6.00000,0.10000,0.15000,0.55000
40.45000,10.28197,0.21334,1.70099,61.33334,1.00000,50.00000,0.20000,1.00000,6.00000,0.10000,0.15000,0.55000
40.50000,10.34503,0.27039,1.70135,61.41564,1.00000,50.00000,0.20000,1.00000,6.00000,0.10000,0.15000,0.55000
40.55000,10.41124,0.32380,1.70182,61.49801,1.00000,50.00000,0.20000,1.00000,6.00000,0.10000,0.15000,0.55000
40.60000,10.48019,0.37367,1.70237,61.58050,1.00000,50.00000,0.20000,1.00000,6.00000,0.10000,0.15000,0.55000
40.65000,10.55150,0.42014,1.70298,61.66314,1.00000,50.00000,0.20000,1.00000,6.00000,0.10000,0.15000,0.55000
40.70000,10.62485,0.46340,1.70363,61.74594,1.00000,50.00000,0.20000,1.00000,6.00000,0.10000,0.15000,0.55000
40.75000,10.69991,0.50368,1.70431,61.82893,1.00000,50.00000,0.20000,1.00000,6.00000,0.10000,0.15000,0.55000
40.80000,10.77643,0.54121,1.70501,61.91213,1.00000,50.00000,0.20000,1.00000,6.00000,0.10000,0.15000,0.55000
40.85000,10.85415,0.57626,1.70570,61.99555,1.00000,50.00000,0.20000,1.00000,6.00000,0.10000,0.15000,0.55000
40.90000,10.93287,0.60910,1.70638,62.07922,1.00000,50.00000,0.20000,1.00000,6.00000,0.10000,0.15000,0.55000
40.95000,11.01240,0.64004,1.70704,62.16315,1.00000,50.00000,0.20000,1.00000,6.00000,0.10000,0.15000,0.55000
41.00000,11.09257,0.66936,1.70766,62.24733,1.00000,50.00000,0.20000,1.00000,6.00000,0.10000,0.15000,0.55000
41.05000,11.17324,0.69738,1.70825,62.33178,1.00000,50.00000,0.20000,1.00000,6.00000,0.10000,0.15000,0.55000
41.10000,11.25428,0.72438,1.70878,62.41650,1.00000,50.00000,0.20000,1.00000,6.00000,0.10000,0.15000,0.55000
41.15000,11.33559,0.75067,1.70927,62.50149,1.00000,50.00000,0.20000,1.00000,6.00000,0.10000,0.15000,0.55000
41.20000,11.41705,0.77656,1.70969,62.58679,1.00000,50.00000,0.20000,1.00000,6.00000,0.10000,0.15000,0.55000
41.25000,11.49857,0.80232,1.71005,62.67250,1.00000,50.00000,0.20000,1.00000,6.00000,0.10000,0.15000,0.55000
41.30000,11.58005,0.82823,1.71035,62.75868,1.00000,50.00000,0.20000,1.00000,6.00000,0.10000,0.15000,0.55000
41.35000,11.66141,0.85459,1.71057,62.84535,1.00000,50.00000,0.20000,1.00000,6.00000,0.10000,0.15000,0.55000
41.40000,11.74255,0.88165,1.71072,62.93236,1.00000,50.00000,0.20000,1.00000,6.00000,0.10000,0.15000,0.55000
41.45000,11.82337,0.90968,1.71080,63.01936,1.00000,50.00000,0.20000,1.00000,6.00000,0.10000,0.15000,0.55000
41.50000,11.90375,0.93894,1.71080,63.10622,1.00000,50.00000,0.20000,1.00000,6.00000,0.10000,0.15000,0.55000
41.55000,11.98357,0.96967,1.71073,63.19312,1.00000,50.00000,0.20000,1.00000,6.00000,0.10000,0.15000,0.55000
41.60000,12.06272,1.00212,1.71060,63.28018,1.00000,50.00000,0.20000,1.00000,6.00000,0.10000,0.15000,0.55000
41.65000,12.14103,1.03648,1.71039,63.36734,1.00000,50.00000,0.20000,1.00000,6.00000,0.10000,0.15000,0.55000
41.70000,12.21837,1.07296,1.71014,63.45454,1.00000,50.00000,0.20000,1.00000,6.00000,0.10000,0.15000,0.55000
41.75000,12.29457,1.11173,1.70983,63.54176,1.00000,50.00000,0.20000,1.00000,6.00000,0.10000,0.15000,0.55000
41.80000,12.36946,1.15294,1.70948,63.62894,1.00000,50.00000,0.20000,1.00000,6.00000,0.10000,0.15000,0.55000
41.85000,12.44287,1.19671,1.70910,63.71607,1.00000,50.00000,0.20000,1.00000,6.00000,0.10000,0.15000,0.55000
41.90000,12.51460,1.24313,1.70870,63.80310,1.00000,50.00000,0.20000,1.00000,6.00000,0.10000,0.15000,0.55000
41.95000,12.58448,1.29226,1.70828,63.89001,1.00000,50.00000,0.20000,1.00000,6.00000,0.10000,0.15000,0.55000
42.00000,12.65232,1.34414,1.70787,63.97677,1.00000,50.00000,0.20000,1.00000,6.00000,0.10000,0.15000,0.55000
42.05000,12.71793,1.39877,1.70746,64.06335,1.00000,50.00000,0.20000,1.00000,6.00000,0.10000,0.15000,0.55000
42.10000,12.78114,1.45613,1.70707,64.14972,1.00000,50.00000,0.20000,1.00000,6.00000,0.10000,0.15000,0.55000
42.15000,12.84178,1.51617,1.70671,64.23588,1.00000,50.00000,0.20000,1.00000,6.00000,0.10000,0.15000,0.55000
42.20000,12.89970,1.57882,1.70638,64.32184,1.00000,50.00000,0.20000,1.00000,6.00000,0.10000,0.15000,0.55000
42.25000,12.95476,1.64398,1.70609,64.40759,1.00000,50.00000,0.20000,1.00000,6.00000,0.10000,0.15000,0.55000
42.30000,13.00683,1.71153,1.70584,64.49313,1.00000,50.00000,0.20000,1.00000,6.00000,0.10000,0.15000,0.55000
42.35000,13.05581,1.78135,1.70563,64.57845,1.00000,50.00000,0.20000,1.00000,6.00000,0.10000,0.15000,0.55000
42.40000,13.10160,1.85328,1.70547,64.66358,1.00000,50.00000,0.20000,1.00000,6.00000,0.10000,0.15000,0.55000
42.45000,13.14413,1.92717,1.70536,64.74854,1.00000,50.00000,0.20000,1.00000,6.00000,0.10000,0.15000,0.55000
42.50000,13.18336,2.00287,1.70530,64.83336,1.00000,50.00000,0.20000,1.00000,6.00000,0.10000,0.15000,0.55000
42.55000,13.21925,2.08021,1.70529,64.91803,1.00000,50.00000,0.20000,1.00000,6.00000,0.10000,0.15000,0.55000
42.60000,13.25179,2.15901,1.70533,65.00258,1.00000,50.00000,0.20000,1.00000,6.00000,0.10000,0.15000,0.55000
42.65000,13.28097,2.23912,1.70542,65.08702,1.00000,50.00000,0.20000,1.00000,6.00000,0.10000,0.15000,0.55000
42.70000,13.30683,2.32038,1.70554,65.17137,1.00000,50.00000,0.20000,1.00000,6.00000,0.10000,0.15000,0.55000
42.75000,13.32938,2.40262,1.70572,65.25565,1.00000,50.00000,0.20000,1.00000,6.00000,0.10000,0.15000,0.55000
42.80000,13.34867,2.48569,1.70593,65.33988,1.00000,50.00000,0.20000,1.00000,6.00000,0.10000,0.15000,0.55000
42.85000,13.36477,2.56946,1.70619,65.42407,1.00000,50.00000,0.20000,1.00000,6.00000,0.10000,0.15000,0.55000
42.90000,13.37773,2.65378,1.70648,65.50824,1.00000,50.00000,0.20000,1.00000,6.00000,0.10000,0.15000,0.55000
42.95000,13.38764,2.73853,1.70681,65.59239,1.00000,50.00000,0.20000,1.00000,6.00000,0.10000,0.15000,0.55000
43.00000,13.39458,2.82359,1.70718,65.67655,1.00000,50.00000,0.20000,1.00000,6.00000,0.10000,0.15000,0.55000
43.05000,13.39864,2.90886,1.70758,65.76072,1.00000,50.00000,0.20000,1.00000,6.00000,0.10000,0.15000,0.55000
43.10000,13.39991,2.99423,1.70802,65.84491,1.00000,50.00000,0.20000,1.00000,6.00000,0.10000,0.15000,0.55000
43.15000,13.39850,3.07963,1.70848,65.92914,1.00000,50.00000,0.20000,1.00000,6.00000,0.10000,0.15000,0.55000
43.20000,13.39451,3.16497,1.70898,66.01340,1.00000,50.00000,0.20000,1.00000,6.00000,0.10000,0.15000,0.55000
43.25000,13.38803,3.25018,1.70951,66.09772,1.00000,50.00000,0.20000,1.00000,6.00000,0.10000,0.15000,0.55000
43.30000,13.37919,3.33521,1.71007,66.18209,1.00000,50.00000,0.20000,1.00000,6.00000,0.10000,0.15000,0.55000
43.35000,13.36808,3.42000,1.71067,66.26653,1.00000,50.00000,0.20000,1.00000,6.00000,0.10000,0.15000,0.55000
43.40000,13.35482,3.50451,1.71129,66.35103,1.00000,50.00000,0.20000,1.00000,6.00000,0.10000,0.15000,0.55000
43.45000,13.33951,3.58871,1.71193,66.43561,1.00000,50.00000,0.20000,1.00000,6.00000,0.10000,0.15000,0.55000
43.50000,13.32227,3.67256,1.71261,66.52028,1.00000,50.00000,0.20000,1.00000,6.00000,0.10000,0.15000,0.55000
43.55000,13.30319,3.75606,1.71332,66.60503,1.00000,50.00000,0.20000,1.00000,6.00000,0.10000,0.15000,0.55000
43.60000,13.28239,3.83918,1.71405,66.68987,1.00000,50.00000,0.20000,1.00000,6.00000,0.10000,0.15000,0.55000
43.65000,13.25998,3.92191,1.71481,66.77480,1.00000,50.00000,0.20000,1.00000,6.00000,0.10000,0.15000,0.55000
43.70000,13.23604,4.00427,1.71561,66.85981,1.00000,50.00000,0.20000,1.00000,6.00000,0.10000,0.15000,0.55000
43.75000,13.21067,4.08623,1.71645,66.94492,1.00000,50.00000,0.20000,1.00000,6.00000,0.10000,0.15000,0.55000
43.80000,13.18395,4.16781,1.71736,67.03013,1.00000,50.00000,0.20000,1.00000,6.00000,0.10000,0.15000,0.55000
43.85000,13.15596,4.24901,1.71834,67.11544,1.00000,50.00000,0.20000,1.00000,6.00000,0.10000,0.15000,0.55000
43.90000,13.12681,4.32986,1.71940,67.20085,1.00000,50.00000,0.20000,1.00000,6.00000,0.10000,0.15000,0.55000
43.95000,13.09658,4.41037,1.72051,67.28637,1.00000,50.00000,0.20000,1.00000,6.00000,0.10000,0.15000,0.55000
44.00000,13.06539,4.49057,1.72167,67.37200,1.00000,50.00000,0.20000,1.00000,6.00000,0.10000,0.15000,0.55000
44.05000,13.03333,4.57049,1.72288,67.45773,1.00000,50.00000,0.20000,1.00000,6.00000,0.10000,0.15000,0.55000
44.10000,13.00049,4.65016,1.72413,67.54357,1.00000,50.00000,0.20000,1.00000,6.00000,0.10000,0.15000,0.55000
44.15000,12.96697,4.72962,1.72541,67.62951,1.00000,50.00000,0.20000,1.00000,6.00000,0.10000,0.15000,0.55000
44.20000,12.93284,4.80889,1.72672,67.71555,1.00000,50.00000,0.20000,1.00000,6.00000,0.10000,0.15000,0.55000
44.25000,12.89819,4.88800,1.72805,67.80169,1.00000,50.00000,0.20000,1.00000,6.00000,0.10000,0.15000,0.55000
44.30000,12.86309,4.96699,1.72941,67.88793,1.00000,50.00000,0.20000,1.00000,6.00000,0.10000,0.15000,0.55000
44.35000,12.82761,5.04588,1.73077,67.97427,1.00000,50.00000,0.20000,1.00000,6.00000,0.10000,0.15000,0.55000
44.40000,12.79179,5.12470,1.73214,68.06070,1.00000,50.00000,0.20000,1.00000,6.00000,0.10000,0.15000,0.55000
44.45000,12.75570,5.20346,1.73352,68.14721,1.00000,50.00000,0.20000,1.00000,6.00000,0.10000,0.15000,0.55000
44.50000,12.71937,5.28220,1.73489,68.23381,1.00000,50.00000,0.20000,1.00000,6.00000,0.10000,0.15000,0.55000
44.55000,12.68284,5.36091,1.73627,68.32050,1.00000,50.00000,0.20000,1.00000,6.00000,0.10000,0.15000,0.55000
44.60000,12.64614,5.43963,1.73763,68.40729,1.00000,50.00000,0.20000,1.00000,6.00000,0.10000,0.15000,0.55000
44.65000,12.60930,5.51835,1.73897,68.49414,1.00000,50.00000,0.20000,1.00000,6.00000,0.10000,0.15000,0.55000
44.70000,12.57233,5.59708,1.74030,68.58104,1.00000,50.00000,0.20000,1.00000,6.00000,0.10000,0.15000,0.55000
44.75000,12.53524,5.67583,1.74161,68.66811,1.00000,50.00000,0.20000,1.00000,6.00000,0.10000,0.15000,0.55000
44.80000,12.49804,5.75460,1.74289,68.75569,1.00000,50.00000,0.20000,1.00000,6.00000,0.10000,0.15000,0.55000
44.85000,12.46073,5.83339,1.74414,68.84379,1.00000,50.00000,0.20000,1.00000,6.00000,0.10000,0.15000,0.55000
44.90000,12.42329,5.91218,1.74535,68.93213,1.00000,50.00000,0.20000,1.00000,6.00000,0.10000,0.15000,0.55000
44.95000,12.38571,5.99098,1.74652,69.02042,1.00000,50.00000,0.20000,1.00000,6.00000,0.10000,0.15000,0.55000
45.00000,12.34799,6.06977,1.74766,69.10830,1.00000,50.00000,0.20000,1.00000,6.00000,0.10000,0.15000,0.55000
45.05000,12.31008,6.14853,1.74876,69.19576,1.00000,50.00000,0.20000,1.00000,6.00000,0.10000,0.15000,0.55000
45.10000,12.27198,6.22726,1.74982,69.28314,1.00000,50.00000,0.20000,1.00000,6.00000,0.10000,0.15000,0.55000
45.15000,12.23364,6.30593,1.75084,69.37061,1.00000,50.00000,0.20000,1.00000,6.00000,0.10000,0.15000,0.55000
45.20000,12.19504,6.38453,1.75183,69.45816,1.00000,50.00000,0.20000,1.00000,6.00000,0.10000,0.15000,0.55000
45.25000,12.15612,6.46303,1.75277,69.54574,1.00000,50.00000,0.20000,1.00000,6.00000,0.10000,0.15000,0.55000
45.30000,12.11686,6.54141,1.75369,69.63337,1.00000,50.00000,0.20000,1.00000,6.00000,0.10000,0.15000,0.55000
45.35000,12.07720,6.61963,1.75456,69.72105,1.00000,50.00000,0.20000,1.00000,6.00000,0.10000,0.15000,0.55000
45.40000,12.03709,6.69768,1.75540,69.80880,1.00000,50.00000,0.20000,1.00000,6.00000,0.10000,0.15000,0.55000
45.45000,11.99648,6.77551,1.75621,69.89660,1.00000,50.00000,0.20000,1.00000,6.00000,0.10000,0.15000,0.55000
45.50000,11.95531,6.85310,1.75698,69.98446,1.00000,50.00000,0.20000,1.00000,6.00000,0.10000,0.15000,0.55000
45.55000,11.91352,6.93039,1.75771,70.07238,1.00000,50.00000,0.20000,1.00000,6.00000,0.10000,0.15000,0.55000
45.60000,11.87105,7.00735,1.75841,70.16037,1.00000,50.00000,0.20000,1.00000,6.00000,0.10000,0.15000,0.55000
45.65000,11.82783,7.08393,1.75908,70.24842,1.00000,50.00000,0.20000,1.00000,6.00000,0.10000,0.15000,0.55000
45.70000,11.78379,7.16009,1.75971,70.33654,1.00000,50.00000,0.20000,1.00000,6.00000,0.10000,0.15000,0.55000
45.75000,11.73888,7.23576,1.76031,70.42471,1.00000,50.00000,0.20000,1.00000,6.00000,0.10000,0.15000,0.55000
45.80000,11.69301,7.31090,1.76088,70.51296,1.00000,50.00000,0.20000,1.00000,6.00000,0.10000,0.15000,0.55000
45.85000,11.64613,7.38544,1.76142,70.60126,1.00000,50.00000,0.20000,1.00000,6.00000,0.10000,0.15000,0.55000
45.90000,11.59817,7.45932,1.76193,70.68962,1.00000,50.00000,0.20000,1.00000,6.00000,0.10000,0.15000,0.55000
45.95000,11.54906,7.53247,1.76240,70.77804,1.00000,50.00000,0.20000,1.00000,6.00000,0.10000,0.15000,0.55000
46.00000,11.49874,7.60483,1.76285,70.86651,1.00000,50.00000,0.20000,1.00000,6.00000,0.10000,0.15000,0.55000
46.05000,11.44716,7.67631,1.76327,70.95503,1.00000,50.00000,0.20000,1.00000,6.00000,0.10000,0.15000,0.55000
46.10000,11.39426,7.74685,1.76367,71.04359,1.00000,50.00000,0.20000,1.00000,6.00000,0.10000,0.15000,0.55000
46.15000,11.33999,7.81636,1.76403,71.13219,1.00000,50.00000,0.20000,1.00000,6.00000,0.10000,0.15000,0.55000
46.20000,11.28429,7.88477,1.76437,71.22081,1.00000,50.00000,0.20000,1.00000,6.00000,0.10000,0.15000,0.55000
46.25000,11.22713,7.95197,1.76470,71.30946,1.00000,50.00000,0.20000,1.00000,6.00000,0.10000,0.15000,0.55000
46.30000,11.16847,8.01789,1.76502,71.39811,1.00000,50.00000,0.20000,1.00000,6.00000,0.10000,0.15000,0.55000
46.35000,11.10832,8.08248,1.76532,71.48678,1.00000,50.00000,0.20000,1.00000,6.00000,0.10000,0.15000,0.55000
46.40000,11.04666,8.14564,1.76558,71.57544,1.00000,50.00000,0.20000,1.00000,6.00000,0.10000,0.15000,0.55000
46.45000,10.98344,8.20726,1.76581,71.66409,1.00000,50.00000,0.20000,1.00000,6.00000,0.10000,0.15000,0.55000
46.50000,10.91862,8.26722,1.76604,71.75272,1.00000,50.00000,0.20000,1.00000,6.00000,0.10000,0.15000,0.55000
46.55000,10.85221,8.32541,1.76628,71.84132,1.00000,50.00000,0.20000,1.00000,6.00000,0.10000,0.15000,0.55000
46.60000,10.78420,8.38177,1.76652,71.92990,1.00000,50.00000,0.20000,1.00000,6.00000,0.10000,0.15000,0.55000
46.65000,10.71463,8.43619,1.76676,72.01845,1.00000,50.00000,0.20000,1.00000,6.00000,0.10000,0.15000,0.55000
46.70000,10.64350,8.48858,1.76701,72.10697,1.00000,50.00000,0.20000,1.00000,6.00000,0.10000,0.15000,0.55000
46.75000,10.57085,8.53886,1.76726,72.19543,1.00000,50.00000,0.20000,1.00000,6.00000,0.10000,0.15000,0.55000
46.80000,10.49671,8.58695,1.76753,72.28382,1.00000,50.00000,0.20000,1.00000,6.00000,0.10000,0.15000,0.55000
46.85000,10.42115,8.63279,1.76782,72.37218,1.00000,50.00000,0.20000,1.00000,6.00000,0.10000,0.15000,0.55000
46.90000,10.34421,8.67631,1.76812,72.46054,1.00000,50.00000,0.20000,1.00000,6.00000,0.10000,0.15000,0.55000
46.95000,10.26596,8.71747,1.76845,72.54886,1.00000,50.00000,0.20000,1.00000,6.00000,0.10000,0.15000,0.55000
47.00000,10.18648,8.75623,1.76879,72.63711,1.00000,50.00000,0.20000,1.00000,6.00000,0.10000,0.15000,0.55000
47.05000,10.10584,8.79256,1.76916,72.72527,1.00000,50.00000,0.20000,1.00000,6.00000,0.10000,0.15000,0.55000
47.10000,10.02413,8.82644,1.76955,72.81340,1.00000,50.00000,0.20000,1.00000,6.00000,0.10000,0.15000,0.55000
47.15000,9.94141,8.85786,1.76996,72.90150,1.00000,50.00000,0.20000,1.00000,6.00000,0.10000,0.15000,0.55000
47.20000,9.85778,8.88683,1.77040,72.98956,1.00000,50.00000,0.20000,1.00000,6.00000,0.10000,0.15000,0.55000
47.25000,9.77331,8.91334,1.77086,73.07762,1.00000,50.00000,0.20000,1.00000,6.00000,0.10000,0.15000,0.55000
47.30000,9.68809,8.93741,1.77134,73.16574,1.00000,50.00000,0.20000,1.00000,6.00000,0.10000,0.15000,0.55000
47.35000,9.60220,8.95906,1.77184,73.25383,1.00000,50.00000,0.20000,1.00000,6.00000,0.10000,0.15000,0.55000
47.40000,9.51572,8.97832,1.77236,73.34166,1.00000,50.00000,0.20000,1.00000,6.00000,0.10000,0.15000,0.55000
47.45000,9.42872,8.99521,1.77291,73.42931,1.00000,50.00000,0.20000,1.00000,6.00000,0.10000,0.15000,0.55000
47.50000,9.34127,9.00978,1.77348,73.51746,1.00000,50.00000,0.20000,1.00000,6.00000,0.10000,0.15000,0.55000
47.55000,9.25344,9.02207,1.77406,73.60625,1.00000,50.00000,0.20000,1.00000,6.00000,0.10000,0.15000,0.55000
47.60000,9.16529,9.03211,1.77464,73.69490,1.00000,50.00000,0.20000,1.00000,6.00000,0.10000,0.15000,0.55000
47.65000,9.07689,9.03990,1.77523,73.78299,1.00000,50.00000,0.20000,1.00000,6.00000,0.10000,0.15000,0.55000
47.70000,8.98829,9.04550,1.77584,73.87091,1.00000,50.00000,0.20000,1.00000,6.00000,0.10000,0.15000,0.55000
47.75000,8.89955,9.04894,1.77648,73.95902,1.00000,50.00000,0.20000,1.00000,6.00000,0.10000,0.15000,0.55000
47.80000,8.81072,9.05025,1.77713,74.04727,1.00000,50.00000,0.20000,1.00000,6.00000,0.10000,0.15000,0.55000
47.85000,8.72186,9.04948,1.77780,74.13554,1.00000,50.00000,0.20000,1.00000,6.00000,0.10000,0.15000,0.55000
47.90000,8.63300,9.04668,1.77850,74.22382,1.00000,50.00000,0.20000,1.00000,6.00000,0.10000,0.15000,0.55000
47.95000,8.54418,9.04190,1.77922,74.31209,1.00000,50.00000,0.20000,1.00000,6.00000,0.10000,0.15000,0.55000
48.00000,8.45546,9.03519,1.77997,74.40038,1.00000,50.00000,0.20000,1.00000,6.00000,0.10000,0.15000,0.55000
48.05000,8.36686,9.02663,1.78074,74.48871,1.00000,50.00000,0.20000,1.00000,6.00000,0.10000,0.15000,0.55000
48.10000,8.27841,9.01626,1.78155,74.57709,1.00000,50.00000,0.20000,1.00000,6.00000,0.10000,0.15000,0.55000
48.15000,8.19013,9.00418,1.78238,74.66553,1.00000,50.00000,0.20000,1.00000,6.00000,0.10000,0.15000,0.55000
48.20000,8.10206,8.99044,1.78325,74.75404,1.00000,50.00000,0.20000,1.00000,6.00000,0.10000,0.15000,0.55000
48.25000,8.01420,8.97513,1.78414,74.84263,1.00000,50.00000,0.20000,1.00000,6.00000,0.10000,0.15000,0.55000
48.30000,7.92657,8.95833,1.78507,74.93129,1.00000,50.00000,0.20000,1.00000,6.00000,0.10000,0.15000,0.55000
48.35000,7.83917,8.94012,1.78603,75.02004,1.00000,50.00000,0.20000,1.00000,6.00000,0.10000,0.15000,0.55000
48.40000,7.75200,8.92059,1.78701,75.10886,1.00000,50.00000,0.20000,1.00000,6.00000,0.10000,0.15000,0.55000
48.45000,7.66507,8.89983,1.78803,75.19778,1.00000,50.00000,0.20000,1.00000,6.00000,0.10000,0.15000,0.55000
48.50000,7.57837,8.87794,1.78907,75.28678,1.00000,50.00000,0.20000,1.00000,6.00000,0.10000,0.15000,0.55000
48.55000,7.49188,8.85499,1.79015,75.37587,1.00000,50.00000,0.20000,1.00000,6.00000,0.10000,0.15000,0.55000
48.60000,7.40560,8.83109,1.79125,75.46506,1.00000,50.00000,0.20000,1.00000,6.00000,0.10000,0.15000,0.55000
48.65000,7.31950,8.80632,1.79237,75.55433,1.00000,50.00000,0.20000,1.00000,6.00000,0.10000,0.15000,0.55000
48.70000,7.23357,8.78078,1.79353,75.64370,1.00000,50.00000,0.20000,1.00000,6.00000,0.10000,0.15000,0.55000
48.75000,7.14778,8.75456,1.79470,75.73317,1.00000,50.00000,0.20000,1.00000,6.00000,0.10000,0.15000,0.55000
48.80000,7.06211,8.72775,1.79591,75.82272,1.00000,50.00000,0.20000,1.00000,6.00000,0.10000,0.15000,0.55000
48.85000,6.97654,8.70042,1.79713,75.91237,1.00000,50.00000,0.20000,1.00000,6.00000,0.10000,0.15000,0.55000
48.90000,6.89104,8.67268,1.79839,76.00212,1.00000,50.00000,0.20000,1.00000,6.00000,0.10000,0.15000,0.55000
48.95000,6.80559,8.64460,1.79965,76.09195,1.00000,50.00000,0.20000,1.00000,6.00000,0.10000,0.15000,0.55000
49.00000,6.72015,8.61626,1.80094,76.18187,1.00000,50.00000,0.20000,1.00000,6.00000,0.10000,0.15000,0.55000
49.05000,6.63471,8.58773,1.80226,76.27188,1.00000,50.00000,0.20000,1.00000,6.00000,0.10000,0.15000,0.55000
49.10000,6.54922,8.55911,1.80366,76.36197,1.00000,50.00000,0.20000,1.00000,6.00000,0.10000,0.15000,0.55000
49.15000,6.46367,8.53048,1.80514,76.45215,1.00000,50.00000,0.20000,1.00000,6.00000,0.10000,0.15000,0.55000
49.20000,6.37801,8.50193,1.80667,76.54242,1.00000,50.00000,0.20000,1.00000,6.00000,0.10000,0.15000,0.55000
49.25000,6.29221,8.47352,1.80827,76.63278,1.00000,50.00000,0.20000,1.00000,6.00000,0.10000,0.15000,0.55000
49.30000,6.20626,8.44533,1.80991,76.72323,1.00000,50.00000,0.20000,1.00000,6.00000,0.10000,0.15000,0.55000
49.35000,6.12014,8.41741,1.81162,76.81378,1.00000,50.00000,0.20000,1.00000,6.00000,0.10000,0.15000,0.55000
49.40000,6.03382,8.38980,1.81336,76.90441,1.00000,50.00000,0.20000,1.00000,6.00000,0.10000,0.15000,0.55000
49.45000,5.94730,8.36254,1.81515,76.99513,1.00000,50.00000,0.20000,1.00000,6.00000,0.10000,0.15000,0.55000
49.50000,5.86057,8.33566,1.81698,77.08595,1.00000,50.00000,0.20000,1.00000,6.00000,0.10000,0.15000,0.55000
49.55000,5.77361,8.30919,1.81884,77.17686,1.00000,50.00000,0.20000,1.00000,6.00000,0.10000,0.15000,0.55000
49.60000,5.68643,8.28313,1.82073,77.26787,1.00000,50.00000,0.20000,1.00000,6.00000,0.10000,0.15000,0.55000
49.65000,5.59903,8.25750,1.82265,77.35897,1.00000,50.00000,0.20000,1.00000,6.00000,0.10000,0.15000,0.55000
49.70000,5.51140,8.23230,1.82458,77.45016,1.00000,50.00000,0.20000,1.00000,6.00000,0.10000,0.15000,0.55000
49.75000,5.42355,8.20753,1.82653,77.54145,1.00000,50.00000,0.20000,1.00000,6.00000,0.10000,0.15000,0.55000
49.80000,5.33548,8.18317,1.82849,77.63284,1.00000,50.00000,0.20000,1.00000,6.00000,0.10000,0.15000,0.55000
49.85000,5.24720,8.15922,1.83045,77.72431,1.00000,50.00000,0.20000,1.00000,6.00000,0.10000,0.15000,0.55000
49.90000,5.15871,8.13567,1.83241,77.81586,1.00000,50.00000,0.20000,1.00000,6.00000,0.10000,0.15000,0.55000
49.95000,5.07002,8.11248,1.83437,77.90755,1.00000,50.00000,0.20000,1.00000,6.00000,0.10000,0.15000,0.55000
50.00000,4.98114,8.08964,1.83632,77.99938,1.00000,50.00000,0.20000,1.00000,6.00000,0.10000,0.15000,0.55000
50.05000,4.89208,8.06713,1.83825,78.09119,1.00000,50.00000,0.20000,1.00000,6.00000,0.10000,0.15000,0.55000
50.10000,4.80284,8.04492,1.84016,78.18304,1.00000,50.00000,0.20000,1.00000,6.00000,0.10000,0.15000,0.55000
50.15000,4.71343,8.02299,1.84204,78.27572,1.00000,50.00000,0.20000,1.00000,6.00000,0.10000,0.15000,0.55000
50.20000,4.62388,8.00129,1.84389,78.36971,1.00000,50.00000,0.20000,1.00000,6.00000,0.10000,0.15000,0.55000
50.25000,4.53417,7.97982,1.84571,78.46369,1.00000,50.00000,0.20000,1.00000,6.00000,0.10000,0.15000,0.55000
50.30000,4.44433,7.95852,1.84749,78.55662,1.00000,50.00000,0.20000,1.00000,6.00000,0.10000,0.15000,0.55000
50.35000,4.35436,7.93738,1.84924,78.64904,1.00000,50.00000,0.20000,1.00000,6.00000,0.10000,0.15000,0.55000
50.40000,4.26428,7.91636,1.85095,78.74155,1.00000,50.00000,0.20000,1.00000,6.00000,0.10000,0.15000,0.55000
50.45000,4.17409,7.89541,1.85263,78.83418,1.00000,50.00000,0.20000,1.00000,6.00000,0.10000,0.15000,0.55000
50.50000,4.08380,7.87451,1.85426,78.92684,1.00000,50.00000,0.20000,1.00000,6.00000,0.10000,0.15000,0.55000
50.55000,3.99343,7.85362,1.85587,79.01955,1.00000,50.00000,0.20000,1.00000,6.00000,0.10000,0.15000,0.55000
50.60000,3.90299,7.83269,1.85743,79.11235,1.00000,50.00000,0.20000,1.00000,6.00000,0.10000,0.15000,0.55000
50.65000,3.81249,7.81168,1.85896,79.20524,1.00000,50.00000,0.20000,1.00000,6.00000,0.10000,0.15000,0.55000
50.70000,3.72194,7.79055,1.86045,79.29819,1.00000,50.00000,0.20000,1.00000,6.00000,0.10000,0.15000,0.55000
50.75000,3.63135,7.76925,1.86191,79.39122,1.00000,50.00000,0.20000,1.00000,6.00000,0.10000,0.15000,0.55000
50.80000,3.54074,7.74773,1.86334,79.48433,1.00000,50.00000,0.20000,1.00000,6.00000,0.10000,0.15000,0.55000
50.85000,3.45012,7.72595,1.86473,79.57751,1.00000,50.00000,0.20000,1.00000,6.00000,0.10000,0.15000,0.55000
50.90000,3.35950,7.70385,1.86609,79.67077,1.00000,50.00000,0.20000,1.00000,6.00000,0.10000,0.15000,0.55000
50.95000,3.26891,7.68138,1.86741,79.76410,1.00000,50.00000,0.20000,1.00000,6.00000,0.10000,0.15000,0.55000
51.00000,3.17835,7.65849,1.86870,79.85751,1.00000,50.00000,0.20000,1.00000,6.00000,0.10000,0.15000,0.55000
51.05000,3.08786,7.63511,1.86997,79.95099,1.00000,50.00000,0.20000,1.00000,6.00000,0.10000,0.15000,0.55000
51.10000,2.99744,7.61120,1.87120,80.04455,1.00000,50.00000,0.20000,1.00000,6.00000,0.10000,0.15000,0.55000
51.15000,2.90711,7.58669,1.87241,80.13819,1.00000,50.00000,0.20000,1.00000,6.00000,0.10000,0.15000,0.55000
51.20000,2.81691,7.56151,1.87359,80.23189,1.00000,50.00000,0.20000,1.00000,6.00000,0.10000,0.15000,0.55000
51.25000,2.72685,7.53561,1.87475,80.32567,1.00000,50.00000,0.20000,1.00000,6.00000,0.10000,0.15000,0.55000
51.30000,2.63697,7.50892,1.87588,80.41952,1.00000,50.00000,0.20000,1.00000,6.00000,0.10000,0.15000,0.55000
51.35000,2.54728,7.48137,1.87700,80.51344,1.00000,50.00000,0.20000,1.00000,6.00000,0.10000,0.15000,0.55000
51.40000,2.45783,7.45290,1.87809,80.60743,1.00000,50.00000,0.20000,1.00000,6.00000,0.10000,0.15000,0.55000
51.45000,2.36863,7.42344,1.87916,80.70148,1.00000,50.00000,0.20000,1.00000,6.00000,0.10000,0.15000,0.55000
51.50000,2.27974,7.39293,1.88021,80.79560,1.00000,50.00000,0.20000,1.00000,6.00000,0.10000,0.15000,0.55000
51.55000,2.19118,7.36131,1.88124,80.88979,1.00000,50.00000,0.20000,1.00000,6.00000,0.10000,0.15000,0.55000
51.60000,2.10299,7.32853,1.88225,80.98403,1.00000,50.00000,0.20000,1.00000,6.00000,0.10000,0.15000,0.55000
51.65000,2.01521,7.29451,1.88325,81.07834,1.00000,50.00000,0.20000,1.00000,6.00000,0.10000,0.15000,0.55000
51.70000,1.92789,7.25923,1.88423,81.17271,1.00000,50.00000,0.20000,1.00000,6.00000,0.10000,0.15000,0.55000
51.75000,1.84105,7.22262,1.88519,81.26713,1.00000,50.00000,0.20000,1.00000,6.00000,0.10000,0.15000,0.55000
51.80000,1.75476,7.18464,1.88614,81.36161,1.00000,50.00000,0.20000,1.00000,6.00000,0.10000,0.15000,0.55000
51.85000,1.66904,7.14527,1.88707,81.45614,1.00000,50.00000,0.20000,1.00000,6.00000,0.10000,0.15000,0.55000
51.90000,1.58394,7.10447,1.88798,81.55072,1.00000,50.00000,0.20000,1.00000,6.00000,0.10000,0.15000,0.55000
51.95000,1.49950,7.06221,1.88889,81.64535,1.00000,50.00000,0.20000,1.00000,6.00000,0.10000,0.15000,0.55000
52.00000,1.41577,7.01847,1.88977,81.74003,1.00000,50.00000,0.20000,1.00000,6.00000,0.10000,0.15000,0.55000
52.05000,1.33278,6.97325,1.89064,81.83476,1.00000,50.00000,0.20000,1.00000,6.00000,0.10000,0.15000,0.55000
52.10000,1.25058,6.92652,1.89150,81.92954,1.00000,50.00000,0.20000,1.00000,6.00000,0.10000,0.15000,0.55000
52.15000,1.16920,6.87830,1.89234,82.02438,1.00000,50.00000,0.20000,1.00000,6.00000,0.10000,0.15000,0.55000
52.20000,1.08869,6.82856,1.89317,82.11926,1.00000,50.00000,0.20000,1.00000,6.00000,0.10000,0.15000,0.55000
52.25000,1.00907,6.77733,1.89398,82.21418,1.00000,50.00000,0.20000,1.00000,6.00000,0.10000,0.15000,0.55000
52.30000,0.93039,6.72460,1.89478,82.30914,1.00000,50.00000,0.20000,1.00000,6.00000,0.10000,0.15000,0.55000
52.35000,0.85268,6.67037,1.89556,82.40413,1.00000,50.00000,0.20000,1.00000,6.00000,0.10000,0.15000,0.55000
52.40000,0.77598,6.61467,1.89633,82.49913,1.00000,50.00000,0.20000,1.00000,6.00000,0.10000,0.15000,0.55000
52.45000,0.70031,6.55750,1.89709,82.59415,1.00000,50.00000,0.20000,1.00000,6.00000,0.10000,0.15000,0.55000
52.50000,0.62572,6.49887,1.89782,82.68919,1.00000,50.00000,0.20000,1.00000,6.00000,0.10000,0.15000,0.55000
52.55000,0.55224,6.43880,1.89855,82.78423,1.00000,50.00000,0.20000,1.00000,6.00000,0.10000,0.15000,0.55000
52.60000,0.47991,6.37730,1.89925,82.87928,1.00000,50.00000,0.20000,1.00000,6.00000,0.10000,0.15000,0.55000
52.65000,0.40876,6.31439,1.89995,82.97435,1.00000,50.00000,0.20000,1.00000,6.00000,0.10000,0.15000,0.55000
52.70000,0.33883,6.25007,1.90063,83.06943,1.00000,50.00000,0.20000,1.00000,6.00000,0.10000,0.15000,0.55000
52.75000,0.27016,6.18436,1.90130,83.16452,1.00000,50.00000,0.20000,1.00000,6.00000,0.10000,0.15000,0.55000
52.80000,0.20278,6.11727,1.90195,83.25963,1.00000,50.00000,0.20000,1.00000,6.00000,0.10000,0.15000,0.55000
52.85000,0.13674,6.04882,1.90259,83.35476,1.00000,50.00000,0.20000,1.00000,6.00000,0.10000,0.15000,0.55000
52.90000,0.07209,5.97902,1.90323,83.44990,1.00000,50.00000,0.20000,1.00000,6.00000,0.10000,0.15000,0.55000
52.95000,0.00887,5.90788,1.90385,83.54507,1.00000,50.00000,0.20000,1.00000,6.00000,0.10000,0.15000,0.55000
53.00000,-0.05288,5.83541,1.90447,83.64025,1.00000,50.00000,0.20000,1.00000,6.00000,0.10000,0.15000,0.55000
53.05000,-0.11311,5.76164,1.90508,83.73545,1.00000,50.00000,0.20000,1.00000,6.00000,0.10000,0.15000,0.55000
53.10000,-0.17177,5.68657,1.90569,83.83068,1.00000,50.00000,0.20000,1.00000,6.00000,0.10000,0.15000,0.55000
53.15000,-0.22881,5.61022,1.90629,83.92592,1.00000,50.00000,0.20000,1.00000,6.00000,0.10000,0.15000,0.55000
53.20000,-0.28418,5.53263,1.90690,84.02119,1.00000,50.00000,0.20000,1.00000,6.00000,0.10000,0.15000,0.55000
53.25000,-0.33784,5.45380,1.90750,84.11647,1.00000,50.00000,0.20000,1.00000,6.00000,0.10000,0.15000,0.55000
53.30000,-0.38974,5.37377,1.90811,84.21175,1.00000,50.00000,0.20000,1.00000,6.00000,0.10000,0.15000,0.55000
53.35000,-0.43985,5.29256,1.90873,84.30704,1.00000,50.00000,0.20000,1.00000,6.00000,0.10000,0.15000,0.55000
53.40000,-0.48811,5.21021,1.90935,84.40239,1.00000,50.00000,0.20000,1.00000,6.00000,0.10000,0.15000,0.55000
53.45000,-0.53450,5.12676,1.90998,84.49777,1.00000,50.00000,0.20000,1.00000,6.00000,0.10000,0.15000,0.55000
53.50000,-0.57897,5.04223,1.91063,84.59313,1.00000,50.00000,0.20000,1.00000,6.00000,0.10000,0.15000,0.55000
53.55000,-0.62152,4.95668,1.91128,84.68848,1.00000,50.00000,0.20000,1.00000,6.00000,0.10000,0.15000,0.55000
53.60000,-0.66210,4.87015,1.91195,84.78385,1.00000,50.00000,0.20000,1.00000,6.00000,0.10000,0.15000,0.55000
53.65000,-0.70071,4.78268,1.91263,84.87924,1.00000,50.00000,0.20000,1.00000,6.00000,0.10000,0.15000,0.55000
53.70000,-0.73734,4.69432,1.91333,84.97465,1.00000,50.00000,0.20000,1.00000,6.00000,0.10000,0.15000,0.55000
53.75000,-0.77198,4.60513,1.91405,85.07008,1.00000,50.00000,0.20000,1.00000,6.00000,0.10000,0.15000,0.55000
53.80000,-0.80462,4.51515,1.91477,85.16552,1.00000,50.00000,0.20000,1.00000,6.00000,0.10000,0.15000,0.55000
53.85000,-0.83529,4.42444,1.91552,85.26100,1.00000,50.00000,0.20000,1.00000,6.00000,0.10000,0.15000,0.55000
53.90000,-0.86397,4.33304,1.91627,85.35650,1.00000,50.00000,0.20000,1.00000,6.00000,0.10000,0.15000,0.55000
53.95000,-0.89068,4.24101,1.91704,85.45204,1.00000,50.00000,0.20000,1.00000,6.00000,0.10000,0.15000,0.55000
54.00000,-0.91545,4.14839,1.91782,85.54762,1.00000,50.00000,0.20000,1.00000,6.00000,0.10000,0.15000,0.55000
54.05000,-0.93827,4.05524,1.91861,85.64323,1.00000,50.00000,0.20000,1.00000,6.00000,0.10000,0.15000,0.55000
54.10000,-0.95918,3.96159,1.91942,85.73889,1.00000,50.00000,0.20000,1.00000,6.00000,0.10000,0.15000,0.55000
54.15000,-0.97818,3.86750,1.92023,85.83459,1.00000,50.00000,0.20000,1.00000,6.00000,0.10000,0.15000,0.55000
54.20000,-0.99529,3.77301,1.92105,85.93034,1.00000,50.00000,0.20000,1.00000,6.00000,0.10000,0.15000,0.55000
54.25000,-1.01055,3.67816,1.92189,86.02613,1.00000,50.00000,0.20000,1.00000,6.00000,0.10000,0.15000,0.55000
54.30000,-1.02395,3.58298,1.92273,86.12197,1.00000,50.00000,0.20000,1.00000,6.00000,0.10000,0.15000,0.55000
54.35000,-1.03552,3.48753,1.92357,86.21785,1.00000,50.00000,0.20000,1.00000,6.00000,0.10000,0.15000,0.55000
54.40000,-1.04527,3.39182,1.92443,86.31377,1.00000,50.00000,0.20000,1.00000,6.00000,0.10000,0.15000,0.55000
54.45000,-1.05323,3.29591,1.92530,86.40974,1.00000,50.00000,0.20000,1.00000,6.00000,0.10000,0.15000,0.55000
54.50000,-1.05940,3.19982,1.92617,86.50575,1.00000,50.00000,0.20000,1.00000,6.00000,0.10000,0.15000,0.55000
54.55000,-1.06380,3.10359,1.92705,86.60180,1.00000,50.00000,0.20000,1.00000,6.00000,0.10000,0.15000,0.55000
54.60000,-1.06646,3.00726,1.92795,86.69789,1.00000,50.00000,0.20000,1.00000,6.00000,0.10000,0.15000,0.55000
54.65000,-1.06737,2.91084,1.92885,86.79400,1.00000,50.00000,0.20000,1.00000,6.00000,0.10000,0.15000,0.55000
54.70000,-1.06657,2.81438,1.92977,86.89015,1.00000,50.00000,0.20000,1.00000,6.00000,0.10000,0.15000,0.55000
54.75000,-1.06406,2.71791,1.93069,86.98634,1.00000,50.00000,0.20000,1.00000,6.00000,0.10000,0.15000,0.55000
54.80000,-1.05987,2.62144,1.93164,87.08255,1.00000,50.00000,0.20000,1.00000,6.00000,0.10000,0.15000,0.55000
54.85000,-1.05403,2.52501,1.93259,87.17881,1.00000,50.00000,0.20000,1.00000,6.00000,0.10000,0.15000,0.55000
54.90000,-1.04654,2.42865,1.93357,87.27510,1.00000,50.00000,0.20000,1.00000,6.00000,0.10000,0.15000,0.55000
54.95000,-1.03745,2.33238,1.93456,87.37143,1.00000,50.00000,0.20000,1.00000,6.00000,0.10000,0.15000,0.55000
55.00000,-1.02677,2.23622,1.93556,87.46781,1.00000,50.00000,0.20000,1.00000,6.00000,0.10000,0.15000,0.55000
55.05000,-1.01454,2.14019,1.93659,87.56423,1.00000,50.00000,0.20000,1.00000,6.00000,0.10000,0.15000,0.55000
55.10000,-1.00077,2.04432,1.93767,87.66071,1.00000,50.00000,0.20000,1.00000,6.00000,0.10000,0.15000,0.55000
55.15000,-0.98544,1.94863,1.93879,87.75724,1.00000,50.00000,0.20000,1.00000,6.00000,0.10000,0.15000,0.55000
55.20000,-0.96858,1.85313,1.93999,87.85383,1.00000,50.00000,0.20000,1.00000,6.00000,0.10000,0.15000,0.55000
55.25000,-0.95022,1.75786,1.94126,87.95049,1.00000,50.00000,0.20000,1.00000,6.00000,0.10000,0.15000,0.55000
55.30000,-0.93040,1.66281,1.94258,88.04723,1.00000,50.00000,0.20000,1.00000,6.00000,0.10000,0.15000,0.55000
55.35000,-0.90919,1.56799,1.94397,88.14405,1.00000,50.00000,0.20000,1.00000,6.00000,0.10000,0.15000,0.55000
55.40000,-0.88665,1.47340,1.94541,88.24095,1.00000,50.00000,0.20000,1.00000,6.00000,0.10000,0.15000,0.55000
55.45000,-0.86287,1.37905,1.94690,88.33794,1.00000,50.00000,0.20000,1.00000,6.00000,0.10000,0.15000,0.55000
55.50000,-0.83793,1.28491,1.94842,88.43503,1.00000,50.00000,0.20000,1.00000,6.00000,0.10000,0.15000,0.55000
55.55000,-0.81190,1.19099,1.94998,88.53222,1.00000,50.00000,0.20000,1.00000,6.00000,0.10000,0.15000,0.55000
55.60000,-0.78488,1.09727,1.95157,88.62950,1.00000,50.00000,0.20000,1.00000,6.00000,0.10000,0.15000,0.55000
55.65000,-0.75695,1.00374,1.95319,88.72689,1.00000,50.00000,0.20000,1.00000,6.00000,0.10000,0.15000,0.55000
55.70000,-0.72819,0.91037,1.95482,88.82438,1.00000,50.00000,0.20000,1.00000,6.00000,0.10000,0.15000,0.55000
55.75000,-0.69868,0.81714,1.95647,88.92196,1.00000,50.00000,0.20000,1.00000,6.00000,0.10000,0.15000,0.55000
55.80000,-0.66850,0.72405,1.95812,89.01966,1.00000,50.00000,0.20000,1.00000,6.00000,0.10000,0.15000,0.55000
55.85000,-0.63773,0.63106,1.95978,89.11745,1.00000,50.00000,0.20000,1.00000,6.00000,0.10000,0.15000,0.55000
55.90000,-0.60643,0.53816,1.96144,89.21533,1.00000,50.00000,0.20000,1.00000,6.00000,0.10000,0.15000,0.55000
55.95000,-0.57467,0.44533,1.96308,89.31333,1.00000,50.00000,0.20000,1.00000,6.00000,0.10000,0.15000,0.55000
56.00000,-0.54252,0.35255,1.96472,89.41145,1.00000,50.00000,0.20000,1.00000,6.00000,0.10000,0.15000,0.55000
56.05000,-0.51003,0.25980,1.96634,89.50963,1.00000,50.00000,0.20000,1.00000,6.00000,0.10000,0.15000,0.55000
56.10000,-0.47725,0.16706,1.96794,89.60794,1.00000,50.00000,0.20000,1.00000,6.00000,0.10000,0.15000,0.55000
56.15000,-0.44423,0.07433,1.96951,89.70677,1.00000,50.00000,0.20000,1.00000,6.00000,0.10000,0.15000,0.55000
56.20000,-0.41101,-0.01841,1.97104,89.80629,1.00000,50.00000,0.20000,1.00000,6.00000,0.10000,0.15000,0.55000
56.25000,-0.37764,-0.11118,1.97255,89.90610,1.00000,50.00000,0.20000,1.00000,6.00000,0.10000,0.15000,0.55000
56.30000,-0.34414,-0.20399,1.97401,90.00582,1.00000,50.00000,0.20000,1.00000,6.00000,0.10000,0.15000,0.55000
56.35000,-0.31054,-0.29683,1.97543,90.10504,1.00000,50.00000,0.20000,1.00000,6.00000,0.10000,0.15000,0.55000
56.40000,-0.27689,-0.38973,1.97681,90.20386,1.00000,50.00000,0.20000,1.00000,6.00000,0.10000,0.15000,0.55000
56.45000,-0.24319,-0.48268,1.97816,90.30271,1.00000,50.00000,0.20000,1.00000,6.00000,0.10000,0.15000,0.55000
56.50000,-0.20947,-0.57570,1.97945,90.40165,1.00000,50.00000,0.20000,1.00000,6.00000,0.10000,0.15000,0.55000
56.55000,-0.17575,-0.66878,1.98071,90.50064,1.00000,50.00000,0.20000,1.00000,6.00000,0.10000,0.15000,0.55000
56.60000,-0.14204,-0.76194,1.98193,90.59968,1.00000,50.00000,0.20000,1.00000,6.00000,0.10000,0.15000,0.55000
56.65000,-0.10835,-0.85517,1.98310,90.69878,1.00000,50.00000,0.20000,1.00000,6.00000,0.10000,0.15000,0.55000
56.70000,-0.07470,-0.94846,1.98422,90.79794,1.00000,50.00000,0.20000,1.00000,6.00000,0.10000,0.15000,0.55000
56.75000,-0.04108,-1.04184,1.98531,90.89715,1.00000,50.00000,0.20000,1.00000,6.00000,0.10000,0.15000,0.55000
56.80000,-0.00750,-1.13528,1.98635,90.99642,1.00000,50.00000,0.20000,1.00000,6.00000,0.10000,0.15000,0.55000
56.85000,0.02605,-1.22878,1.98734,91.09573,1.00000,50.00000,0.20000,1.00000,6.00000,0.10000,0.15000,0.55000
56.90000,0.05958,-1.32235,1.98829,91.19509,1.00000,50.00000,0.20000,1.00000,6.00000,0.10000,0.15000,0.55000
56.95000,0.09310,-1.41596,1.98920,91.29449,1.00000,50.00000,0.20000,1.00000,6.00000,0.10000,0.15000,0.55000
57.00000,0.12662,-1.50963,1.99006,91.39393,1.00000,50.00000,0.20000,1.00000,6.00000,0.10000,0.15000,0.55000
57.05000,0.16017,-1.60333,1.99088,91.49341,1.00000,50.00000,0.20000,1.00000,6.00000,0.10000,0.15000,0.55000
57.10000,0.19377,-1.69705,1.99165,91.59293,1.00000,50.00000,0.20000,1.00000,6.00000,0.10000,0.15000,0.55000
57.15000,0.22746,-1.79078,1.99237,91.69249,1.00000,50.00000,0.20000,1.00000,6.00000,0.10000,0.15000,0.55000
57.20000,0.26126,-1.88451,1.99305,91.79208,1.00000,50.00000,0.20000,1.00000,6.00000,0.10000,0.15000,0.55000
57.25000,0.29523,-1.97821,1.99369,91.89170,1.00000,50.00000,0.20000,1.00000,6.00000,0.10000,0.15000,0.55000
57.30000,0.32940,-2.07187,1.99428,91.99135,1.00000,50.00000,0.20000,1.00000,6.00000,0.10000,0.15000,0.55000
57.35000,0.36383,-2.16546,1.99482,92.09104,1.00000,50.00000,0.20000,1.00000,6.00000,0.10000,0.15000,0.55000
57.40000,0.39858,-2.25897,1.99532,92.19075,1.00000,50.00000,0.20000,1.00000,6.00000,0.10000,0.15000,0.55000
57.45000,0.43370,-2.35236,1.99577,92.29050,1.00000,50.00000,0.20000,1.00000,6.00000,0.10000,0.15000,0.55000
57.50000,0.46927,-2.44560,1.99618,92.39028,1.00000,50.00000,0.20000,1.00000,6.00000,0.10000,0.15000,0.55000
57.55000,0.50537,-2.53867,1.99653,92.49009,1.00000,50.00000,0.20000,1.00000,6.00000,0.10000,0.15000,0.55000
57.60000,0.54206,-2.63152,1.99684,92.58993,1.00000,50.00000,0.20000,1.00000,6.00000,0.10000,0.15000,0.55000
57.65000,0.57943,-2.72411,1.99710,92.68980,1.00000,50.00000,0.20000,1.00000,6.00000,0.10000,0.15000,0.55000
57.70000,0.61757,-2.81640,1.99732,92.78971,1.00000,50.00000,0.20000,1.00000,6.00000,0.10000,0.15000,0.55000
57.75000,0.65658,-2.90833,1.99748,92.88964,1.00000,50.00000,0.20000,1.00000,6.00000,0.10000,0.15000,0.55000
57.80000,0.69655,-2.99986,1.99760,92.98960,1.00000,50.00000,0.20000,1.00000,6.00000,0.10000,0.15000,0.55000
57.85000,0.73758,-3.09093,1.99766,93.08958,1.00000,50.00000,0.20000,1.00000,6.00000,0.10000,0.15000,0.55000
57.90000,0.77977,-3.18146,1.99767,93.18959,1.00000,50.00000,0.20000,1.00000,6.00000,0.10000,0.15000,0.55000
57.95000,0.82324,-3.27139,1.99763,93.28962,1.00000,50.00000,0.20000,1.00000,6.00000,0.10000,0.15000,0.55000
58.00000,0.86810,-3.36063,1.99754,93.38966,1.00000,50.00000,0.20000,1.00000,6.00000,0.10000,0.15000,0.55000
58.05000,0.91445,-3.44909,1.99739,93.48972,1.00000,50.00000,0.20000,1.00000,6.00000,0.10000,0.15000,0.55000
58.10000,0.96242,-3.53668,1.99719,93.58977,1.00000,50.00000,0.20000,1.00000,6.00000,0.10000,0.15000,0.55000
58.15000,1.01211,-3.62329,1.99693,93.68982,1.00000,50.00000,0.20000,1.00000,6.00000,0.10000,0.15000,0.55000
58.20000,1.06364,-3.70880,1.99661,93.78985,1.00000,50.00000,0.20000,1.00000,6.00000,0.10000,0.15000,0.55000
58.25000,1.11712,-3.79309,1.99623,93.88987,1.00000,50.00000,0.20000,1.00000,6.00000,0.10000,0.15000,0.55000
58.30000,1.17266,-3.87600,1.99580,93.98985,1.00000,50.00000,0.20000,1.00000,6.00000,0.10000,0.15000,0.55000
58.35000,1.23036,-3.95740,1.99530,94.08979,1.00000,50.00000,0.20000,1.00000,6.00000,0.10000,0.15000,0.55000
58.40000,1.29033,-4.03711,1.99472,94.18969,1.00000,50.00000,0.20000,1.00000,6.00000,0.10000,0.15000,0.55000
58.45000,1.35265,-4.11495,1.99409,94.28954,1.00000,50.00000,0.20000,1.00000,6.00000,0.10000,0.15000,0.55000
58.50000,1.41742,-4.19073,1.99339,94.38933,1.00000,50.00000,0.20000,1.00000,6.00000,0.10000,0.15000,0.55000
58.55000,1.48470,-4.26423,1.99262,94.48905,1.00000,50.00000,0.20000,1.00000,6.00000,0.10000,0.15000,0.55000
58.60000,1.55455,-4.33524,1.99177,94.58870,1.00000,50.00000,0.20000,1.00000,6.00000,0.10000,0.15000,0.55000
58.65000,1.62702,-4.40351,1.99086,94.68828,1.00000,50.00000,0.20000,1.00000,6.00000,0.10000,0.15000,0.55000
58.70000,1.70212,-4.46880,1.98987,94.78778,1.00000,50.00000,0.20000,1.00000,6.00000,0.10000,0.15000,0.55000
58.75000,1.77986,-4.53084,1.98881,94.88721,1.00000,50.00000,0.20000,1.00000,6.00000,0.10000,0.15000,0.55000
58.80000,1.86020,-4.58938,1.98768,94.98656,1.00000,50.00000,0.20000,1.00000,6.00000,0.10000,0.15000,0.55000
58.85000,1.94311,-4.64411,1.98648,95.08583,1.00000,50.00000,0.20000,1.00000,6.00000,0.10000,0.15000,0.55000
58.90000,2.02850,-4.69478,1.98521,95.18503,1.00000,50.00000,0.20000,1.00000,6.00000,0.10000,0.15000,0.55000
58.95000,2.11625,-4.74108,1.98388,95.28415,1.00000,50.00000,0.20000,1.00000,6.00000,0.10000,0.15000,0.55000
59.00000,2.20621,-4.78276,1.98249,95.38321,1.00000,50.00000,0.20000,1.00000,6.00000,0.10000,0.15000,0.55000
59.05000,2.29822,-4.81953,1.98105,95.48219,1.00000,50.00000,0.20000,1.00000,6.00000,0.10000,0.15000,0.55000
59.10000,2.39204,-4.85113,1.97957,95.58112,1.00000,50.00000,0.20000,1.00000,6.00000,0.10000,0.15000,0.55000
59.15000,2.48744,-4.87734,1.97806,95.67999,1.00000,50.00000,0.20000,1.00000,6.00000,0.10000,0.15000,0.55000
59.20000,2.58412,-4.89793,1.97651,95.77880,1.00000,50.00000,0.20000,1.00000,6.00000,0.10000,0.15000,0.55000
59.25000,2.68178,-4.91271,1.97495,95.87755,1.00000,50.00000,0.20000,1.00000,6.00000,0.10000,0.15000,0.55000
59.30000,2.78008,-4.92152,1.97338,95.97626,1.00000,50.00000,0.20000,1.00000,6.00000,0.10000,0.15000,0.55000
59.35000,2.87866,-4.92425,1.97182,96.07491,1.00000,50.00000,0.20000,1.00000,6.00000,0.10000,0.15000,0.55000
59.40000,2.97714,-4.92081,1.97028,96.17349,1.00000,50.00000,0.20000,1.00000,6.00000,0.10000,0.15000,0.55000
59.45000,3.07512,-4.91116,1.96875,96.27199,1.00000,50.00000,0.20000,1.00000,6.00000,0.10000,0.15000,0.55000
59.50000,3.17229,-4.89447,1.97233,96.27199,1.00000,50.00000,0.20000,1.00000,6.00000,0.10000,0.15000,0.55000
59.55000,3.26559,-4.86410,1.96088,96.27199,1.00000,50.00000,0.20000,1.00000,6.00000,0.10000,0.15000,0.55000
59.60000,3.35350,-4.82082,1.96140,96.27199,1.00000,50.00000,0.20000,1.00000,6.00000,0.10000,0.15000,0.55000
59.65000,3.43524,-4.76693,1.95673,96.27199,1.00000,50.00000,0.20000,1.00000,6.00000,0.10000,0.15000,0.55000
59.70000,3.50932,-4.70355,1.94526,96.27199,1.00000,50.00000,0.20000,1.00000,6.00000,0.10000,0.15000,0.55000
59.75000,3.57540,-4.63219,1.95085,96.67199,1.00000,50.00000,0.20000,1.00000,6.00000,0.10000,0.15000,0.55000
59.80000,3.63610,-4.55573,1.95855,96.90728,1.00000,50.00000,0.20000,1.00000,6.00000,0.10000,0.15000,0.55000
59.85000,3.69702,-4.47874,1.96622,97.04595,1.00000,50.00000,0.20000,1.00000,6.00000,0.10000,0.15000,0.55000
59.90000,3.76278,-4.40579,1.96336,97.16750,1.00000,50.00000,0.20000,1.00000,6.00000,0.10000,0.15000,0.55000
59.95000,3.83145,-4.33563,1.96405,97.28221,1.00000,50.00000,0.20000,1.00000,6.00000,0.10000,0.15000,0.55000
60.00000,3.90000,-4.26530,1.96422,97.39403,1.00000,50.00000,0.20000,1.00000,6.00000,0.10000,0.15000,0.55000
60.05000,3.96748,-4.19396,1.96381,97.50399,1.00000,50.00000,0.20000,1.00000,6.00000,0.10000,0.15000,0.55000
60.10000,4.03316,-4.12099,1.96297,97.61225,1.00000,50.00000,0.20000,1.00000,6.00000,0.10000,0.15000,0.55000
60.15000,4.09636,-4.04594,1.96183,97.71880,1.00000,50.00000,0.20000,1.00000,6.00000,0.10000,0.15000,0.55000
60.20000,4.15648,-3.96847,1.96051,97.82366,1.00000,50.00000,0.20000,1.00000,6.00000,0.10000,0.15000,0.55000
60.25000,4.21297,-3.88841,1.95912,97.92694,1.00000,50.00000,0.20000,1.00000,6.00000,0.10000,0.15000,0.55000
60.30000,4.26538,-3.80570,1.95775,98.02880,1.00000,50.00000,0.20000,1.00000,6.00000,0.10000,0.15000,0.55000
60.35000,4.31331,-3.72039,1.95646,98.12944,1.00000,50.00000,0.20000,1.00000,6.00000,0.10000,0.15000,0.55000
60.40000,4.35647,-3.63265,1.95531,98.22906,1.00000,50.00000,0.20000,1.00000,6.00000,0.10000,0.15000,0.55000
60.45000,4.39463,-3.54268,1.95433,98.32784,1.00000,50.00000,0.20000,1.00000,6.00000,0.10000,0.15000,0.55000
60.50000,4.42767,-3.45075,1.95351,98.42594,1.00000,50.00000,0.20000,1.00000,6.00000,0.10000,0.15000,0.55000
60.55000,4.45552,-3.35716,1.95288,98.52349,1.00000,50.00000,0.20000,1.00000,6.00000,0.10000,0.15000,0.55000
60.60000,4.47818,-3.26221,1.95242,98.62062,1.00000,50.00000,0.20000,1.00000,6.00000,0.10000,0.15000,0.55000
60.65000,4.49574,-3.16620,1.95212,98.71741,1.00000,50.00000,0.20000,1.00000,6.00000,0.10000,0.15000,0.55000
60.70000,4.50830,-3.06942,1.95197,98.81397,1.00000,50.00000,0.20000,1.00000,6.00000,0.10000,0.15000,0.55000
60.75000,4.51604,-2.97214,1.95194,98.91036,1.00000,50.00000,0.20000,1.00000,6.00000,0.10000,0.15000,0.55000
60.80000,4.51916,-2.87460,1.95203,99.00662,1.00000,50.00000,0.20000,1.00000,6.00000,0.10000,0.15000,0.55000
60.85000,4.51788,-2.77702,1.95222,99.10282,1.00000,50.00000,0.20000,1.00000,6.00000,0.10000,0.15000,0.55000
60.90000,4.51244,-2.67956,1.95249,99.19900,1.00000,50.00000,0.20000,1.00000,6.00000,0.10000,0.15000,0.55000
60.95000,4.50308,-2.58239,1.95284,99.29517,1.00000,50.00000,0.20000,1.00000,6.00000,0.10000,0.15000,0.55000
61.00000,4.49008,-2.48561,1.95325,99.39139,1.00000,50.00000,0.20000,1.00000,6.00000,0.10000,0.15000,0.55000
61.05000,4.47369,-2.38933,1.95369,99.48766,1.00000,50.00000,0.20000,1.00000,6.00000,0.10000,0.15000,0.55000
61.10000,4.45410,-2.29362,1.95419,99.58400,1.00000,50.00000,0.20000,1.00000,6.00000,0.10000,0.15000,0.55000
61.15000,4.43152,-2.19855,1.95479,99.68044,1.00000,50.00000,0.20000,1.00000,6.00000,0.10000,0.15000,0.55000
61.20000,4.40619,-2.10413,1.95547,99.77699,1.00000,50.00000,0.20000,1.00000,6.00000,0.10000,0.15000,0.55000
61.25000,4.37835,-2.01039,1.95623,99.87365,1.00000,50.00000,0.20000,1.00000,6.00000,0.10000,0.15000,0.55000
61.30000,4.34824,-1.91731,1.95705,99.97045,1.00000,50.00000,0.20000,1.00000,6.00000,0.10000,0.15000,0.55000
61.35000,4.31610,-1.82487,1.95793,100.06737,1.00000,50.00000,0.20000,1.00000,6.00000,0.10000,0.15000,0.55000
61.40000,4.28214,-1.73303,1.95884,100.16443,1.00000,50.00000,0.20000,1.00000,6.00000,0.10000,0.15000,0.55000
61.45000,4.24658,-1.64175,1.95979,100.26162,1.00000,50.00000,0.20000,1.00000,6.00000,0.10000,0.15000,0.55000
61.50000,4.20963,-1.55097,1.96076,100.35895,1.00000,50.00000,0.20000,1.00000,6.00000,0.10000,0.15000,0.55000
61.55000,4.17147,-1.46064,1.96175,100.45642,1.00000,50.00000,0.20000,1.00000,6.00000,0.10000,0.15000,0.55000
61.60000,4.13229,-1.37069,1.96275,100.55401,1.00000,50.00000,0.20000,1.00000,6.00000,0.10000,0.15000,0.55000
61.65000,4.09224,-1.28107,1.96376,100.65173,1.00000,50.00000,0.20000,1.00000,6.00000,0.10000,0.15000,0.55000
61.70000,4.05148,-1.19171,1.96478,100.74957,1.00000,50.00000,0.20000,1.00000,6.00000,0.10000,0.15000,0.55000
61.75000,4.01015,-1.10256,1.96579,100.84752,1.00000,50.00000,0.20000,1.00000,6.00000,0.10000,0.15000,0.55000
61.80000,3.96838,-1.01356,1.96680,100.94557,1.00000,50.00000,0.20000,1.00000,6.00000,0.10000,0.15000,0.55000
61.85000,3.92629,-0.92466,1.96780,101.04372,1.00000,50.00000,0.20000,1.00000,6.00000,0.10000,0.15000,0.55000
61.90000,3.88399,-0.83580,1.96879,101.14196,1.00000,50.00000,0.20000,1.00000,6.00000,0.10000,0.15000,0.55000
61.95000,3.84160,-0.74693,1.96977,101.24030,1.00000,50.00000,0.20000,1.00000,6.00000,0.10000,0.15000,0.55000
62.00000,3.79919,-0.65801,1.97072,101.33875,1.00000,50.00000,0.20000,1.00000,6.00000,0.10000,0.15000,0.55000
62.05000,3.75687,-0.56900,1.97165,101.43727,1.00000,50.00000,0.20000,1.00000,6.00000,0.10000,0.15000,0.55000
62.10000,3.71472,-0.47986,1.97256,101.53582,1.00000,50.00000,0.20000,1.00000,6.00000,0.10000,0.15000,0.55000
62.15000,3.67282,-0.39055,1.97343,101.63484,1.00000,50.00000,0.20000,1.00000,6.00000,0.10000,0.15000,0.55000
62.20000,3.63125,-0.30104,1.97427,101.73471,1.00000,50.00000,0.20000,1.00000,6.00000,0.10000,0.15000,0.55000
62.25000,3.59009,-0.21129,1.97507,101.83465,1.00000,50.00000,0.20000,1.00000,6.00000,0.10000,0.15000,0.55000
62.30000,3.54943,-0.12128,1.97583,101.93400,1.00000,50.00000,0.20000,1.00000,6.00000,0.10000,0.15000,0.55000
62.35000,3.50934,-0.03097,1.97654,102.03305,1.00000,50.00000,0.20000,1.00000,6.00000,0.10000,0.15000,0.55000
62.40000,3.46991,0.05967,1.97722,102.13204,1.00000,50.00000,0.20000,1.00000,6.00000,0.10000,0.15000,0.55000
62.45000,3.43121,0.15066,1.97785,102.23103,1.00000,50.00000,0.20000,1.00000,6.00000,0.10000,0.15000,0.55000
62.50000,3.39335,0.24204,1.97844,102.33006,1.00000,50.00000,0.20000,1.00000,6.00000,0.10000,0.15000,0.55000
62.55000,3.35639,0.33381,1.97900,102.42912,1.00000,50.00000,0.20000,1.00000,6.00000,0.10000,0.15000,0.55000
62.60000,3.32044,0.42601,1.97951,102.52824,1.00000,50.00000,0.20000,1.00000,6.00000,0.10000,0.15000,0.55000
62.65000,3.28556,0.51865,1.97998,102.62740,1.00000,50.00000,0.20000,1.00000,6.00000,0.10000,0.15000,0.55000
62.70000,3.25186,0.61175,1.98041,102.72660,1.00000,50.00000,0.20000,1.00000,6.00000,0.10000,0.15000,0.55000
62.75000,3.21942,0.70531,1.98080,102.82583,1.00000,50.00000,0.20000,1.00000,6.00000,0.10000,0.15000,0.55000
62.80000,3.18834,0.79936,1.98114,102.92510,1.00000,50.00000,0.20000,1.00000,6.00000,0.10000,0.15000,0.55000
62.85000,3.15870,0.89388,1.98145,103.02441,1.00000,50.00000,0.20000,1.00000,6.00000,0.10000,0.15000,0.55000
62.90000,3.13059,0.98889,1.98172,103.12373,1.00000,50.00000,0.20000,1.00000,6.00000,0.10000,0.15000,0.55000
62.95000,3.10410,1.08438,1.98194,103.22308,1.00000,50.00000,0.20000,1.00000,6.00000,0.10000,0.15000,0.55000
63.00000,3.07933,1.18033,1.98213,103.32245,1.00000,50.00000,0.20000,1.00000,6.00000,0.10000,0.15000,0.55000
63.05000,3.05637,1.27674,1.98227,103.42183,1.00000,50.00000,0.20000,1.00000,6.00000,0.10000,0.15000,0.55000
63.10000,3.03530,1.37359,1.98238,103.52122,1.00000,50.00000,0.20000,1.00000,6.00000,0.10000,0.15000,0.55000
63.15000,3.01622,1.47086,1.98244,103.62061,1.00000,50.00000,0.20000,1.00000,6.00000,0.10000,0.15000,0.55000
63.20000,2.99921,1.56851,1.98247,103.72000,1.00000,50.00000,0.20000,1.00000,6.00000,0.10000,0.15000,0.55000
63.25000,2.98438,1.66651,1.98245,103.81939,1.00000,50.00000,0.20000,1.00000,6.00000,0.10000,0.15000,0.55000
63.30000,2.97180,1.76483,1.98239,103.91876,1.00000,50.00000,0.20000,1.00000,6.00000,0.10000,0.15000,0.55000
63.35000,2.96157,1.86342,1.98230,104.01812,1.00000,50.00000,0.20000,1.00000,6.00000,0.10000,0.15000,0.55000
63.40000,2.95378,1.96222,1.98216,104.11747,1.00000,50.00000,0.20000,1.00000,6.00000,0.10000,0.15000,0.55000
63.45000,2.94852,2.06118,1.98199,104.21679,1.00000,50.00000,0.20000,1.00000,6.00000,0.10000,0.15000,0.55000
63.50000,2.94587,2.16024,1.98177,104.31608,1.00000,50.00000,0.20000,1.00000,6.00000,0.10000,0.15000,0.55000
63.55000,2.94594,2.25932,1.98151,104.41535,1.00000,50.00000,0.20000,1.00000,6.00000,0.10000,0.15000,0.55000
63.60000,2.94881,2.35834,1.98122,104.51459,1.00000,50.00000,0.20000,1.00000,6.00000,0.10000,0.15000,0.55000
63.65000,2.95457,2.45722,1.98088,104.61379,1.00000,50.00000,0.20000,1.00000,6.00000,0.10000,0.15000,0.55000
63.70000,2.96330,2.55587,1.98050,104.71295,1.00000,50.00000,0.20000,1.00000,6.00000,0.10000,0.15000,0.55000
63.75000,2.97511,2.65417,1.98007,104.81207,1.00000,50.00000,0.20000,1.00000,6.00000,0.10000,0.15000,0.55000
63.80000,2.99007,2.75202,1.97960,104.91115,1.00000,50.00000,0.20000,1.00000,6.00000,0.10000,0.15000,0.55000
63.85000,3.00827,2.84930,1.97909,105.01019,1.00000,50.00000,0.20000,1.00000,6.00000,0.10000,0.15000,0.55000
63.90000,3.02980,2.94586,1.97854,105.10918,1.00000,50.00000,0.20000,1.00000,6.00000,0.10000,0.15000,0.55000
63.95000,3.05474,3.04158,1.97794,105.20813,1.00000,50.00000,0.20000,1.00000,6.00000,0.10000,0.15000,0.55000
64.00000,3.08315,3.13628,1.97729,105.30703,1.00000,50.00000,0.20000,1.00000,6.00000,0.10000,0.15000,0.55000
64.05000,3.11512,3.22981,1.97660,105.40587,1.00000,50.00000,0.20000,1.00000,6.00000,0.10000,0.15000,0.55000
64.10000,3.15069,3.32200,1.97587,105.50467,1.00000,50.00000,0.20000,1.00000,6.00000,0.10000,0.15000,0.55000
64.15000,3.18993,3.41263,1.97508,105.60341,1.00000,50.00000,0.20000,1.00000,6.00000,0.10000,0.15000,0.55000
64.20000,3.23287,3.50153,1.97426,105.70210,1.00000,50.00000,0.20000,1.00000,6.00000,0.10000,0.15000,0.55000
64.25000,3.27956,3.58848,1.97339,105.80073,1.00000,50.00000,0.20000,1.00000,6.00000,0.10000,0.15000,0.55000
64.30000,3.32999,3.67325,1.97248,105.89931,1.00000,50.00000,0.20000,1.00000,6.00000,0.10000,0.15000,0.55000
64.35000,3.38418,3.75562,1.97153,105.99784,1.00000,50.00000,0.20000,1.00000,6.00000,0.10000,0.15000,0.55000
64.40000,3.44210,3.83534,1.97054,106.09632,1.00000,50.00000,0.20000,1.00000,6.00000,0.10000,0.15000,0.55000
64.45000,3.50371,3.91218,1.96952,106.19474,1.00000,50.00000,0.20000,1.00000,6.00000,0.10000,0.15000,0.55000
64.50000,3.56897,3.98589,1.96846,106.29310,1.00000,50.00000,0.20000,1.00000,6.00000,0.10000,0.15000,0.55000
64.55000,3.63777,4.05621,1.96738,106.39141,1.00000,50.00000,0.20000,1.00000,6.00000,0.10000,0.15000,0.55000
64.60000,3.71003,4.12291,1.96627,106.48966,1.00000,50.00000,0.20000,1.00000,6.00000,0.10000,0.15000,0.55000
64.65000,3.78560,4.18573,1.96514,106.58786,1.00000,50.00000,0.20000,1.00000,6.00000,0.10000,0.15000,0.55000
64.70000,3.86434,4.24444,1.96400,106.68600,1.00000,50.00000,0.20000,1.00000,6.00000,0.10000,0.15000,0.55000
64.75000,3.94607,4.29880,1.96285,106.78409,1.00000,50.00000,0.20000,1.00000,6.00000,0.10000,0.15000,0.55000
64.80000,4.03059,4.34861,1.96169,106.88211,1.00000,50.00000,0.20000,1.00000,6.00000,0.10000,0.15000,0.55000
64.85000,4.11767,4.39366,1.96053,106.98008,1.00000,50.00000,0.20000,1.00000,6.00000,0.10000,0.15000,0.55000
64.90000,4.20708,4.43377,1.95939,107.07800,1.00000,50.00000,0.20000,1.00000,6.00000,0.10000,0.15000,0.55000
64.95000,4.29854,4.46876,1.95825,107.17585,1.00000,50.00000,0.20000,1.00000,6.00000,0.10000,0.15000,0.55000
65.00000,4.39178,4.49852,1.95713,107.27364,1.00000,50.00000,0.20000,1.00000,6.00000,0.10000,0.15000,0.55000
65.05000,4.48650,4.52291,1.95603,107.37136,1.00000,50.00000,0.20000,1.00000,6.00000,0.10000,0.15000,0.55000
65.10000,4.58241,4.54185,1.95496,107.46903,1.00000,50.00000,0.20000,1.00000,6.00000,0.10000,0.15000,0.55000
65.15000,4.67919,4.55528,1.95392,107.56662,1.00000,50.00000,0.20000,1.00000,6.00000,0.10000,0.15000,0.55000
65.20000,4.77653,4.56316,1.95291,107.66413,1.00000,50.00000,0.20000,1.00000,6.00000,0.10000,0.15000,0.55000
65.25000,4.87411,4.56548,1.95195,107.76158,1.00000,50.00000,0.20000,1.00000,6.00000,0.10000,0.15000,0.55000
65.30000,4.97162,4.56227,1.95103,107.85896,1.00000,50.00000,0.20000,1.00000,6.00000,0.10000,0.15000,0.55000
65.35000,5.06875,4.55358,1.95016,107.95624,1.00000,50.00000,0.20000,1.00000,6.00000,0.10000,0.15000,0.55000
65.40000,5.16470,4.53866,1.92961,108.05552,1.00000,50.00000,0.20000,1.00000,6.00000,0.10000,0.15000,0.55000
65.45000,5.25666,4.51153,1.91431,108.14981,1.00000,50.00000,0.20000,1.00000,6.00000,0.10000,0.15000,0.55000
65.50000,5.34503,4.47469,1.92111,108.24498,1.00000,50.00000,0.20000,1.00000,6.00000,0.10000,0.15000,0.55000
65.55000,5.43366,4.43694,1.93006,108.34128,1.00000,50.00000,0.20000,1.00000,6.00000,0.10000,0.15000,0.55000
65.60000,5.52273,4.39988,1.92863,108.43905,1.00000,50.00000,0.20000,1.00000,6.00000,0.10000,0.15000,0.55000
65.65000,5.61012,4.35916,1.92797,108.53681,1.00000,50.00000,0.20000,1.00000,6.00000,0.10000,0.15000,0.55000
65.70000,5.69587,4.31514,1.92741,108.63453,1.00000,50.00000,0.20000,1.00000,6.00000,0.10000,0.15000,0.55000
65.75000,5.77979,4.26781,1.92688,108.73215,1.00000,50.00000,0.20000,1.00000,6.00000,0.10000,0.15000,0.55000
65.80000,5.86171,4.21713,1.92636,108.82959,1.00000,50.00000,0.20000,1.00000,6.00000,0.10000,0.15000,0.55000
65.85000,5.94143,4.16311,1.92587,108.92683,1.00000,50.00000,0.20000,1.00000,6.00000,0.10000,0.15000,0.55000
65.90000,6.01878,4.10578,1.92543,109.02383,1.00000,50.00000,0.20000,1.00000,6.00000,0.10000,0.15000,0.55000
65.95000,6.09359,4.04522,1.92503,109.12058,1.00000,50.00000,0.20000,1.00000,6.00000,0.10000,0.15000,0.55000
66.00000,6.16572,3.98152,1.92469,109.21711,1.00000,50.00000,0.20000,1.00000,6.00000,0.10000,0.15000,0.55000
66.05000,6.23506,3.91480,1.92441,109.31342,1.00000,50.00000,0.20000,1.00000,6.00000,0.10000,0.15000,0.55000
66.10000,6.30148,3.84520,1.92418,109.40953,1.00000,50.00000,0.20000,1.00000,6.00000,0.10000,0.15000,0.55000
66.15000,6.36491,3.77288,1.92402,109.50546,1.00000,50.00000,0.20000,1.00000,6.00000,0.10000,0.15000,0.55000
66.20000,6.42528,3.69799,1.92392,109.60123,1.00000,50.00000,0.20000,1.00000,6.00000,0.10000,0.15000,0.55000
66.25000,6.48256,3.62072,1.92388,109.69688,1.00000,50.00000,0.20000,1.00000,6.00000,0.10000,0.15000,0.55000
66.30000,6.53671,3.54123,1.92390,109.79241,1.00000,50.00000,0.20000,1.00000,6.00000,0.10000,0.15000,0.55000
66.35000,6.58776,3.45970,1.92398,109.88785,1.00000,50.00000,0.20000,1.00000,6.00000,0.10000,0.15000,0.55000
66.40000,6.63570,3.37630,1.92410,109.98322,1.00000,50.00000,0.20000,1.00000,6.00000,0.10000,0.15000,0.55000
66.45000,6.68056,3.29120,1.92428,110.07854,1.00000,50.00000,0.20000,1.00000,6.00000,0.10000,0.15000,0.55000
66.50000,6.72240,3.20455,1.92452,110.17382,1.00000,50.00000,0.20000,1.00000,6.00000,0.10000,0.15000,0.55000
66.55000,6.76128,3.11653,1.92480,110.26909,1.00000,50.00000,0.20000,1.00000,6.00000,0.10000,0.15000,0.55000
66.60000,6.79727,3.02727,1.92509,110.36436,1.00000,50.00000,0.20000,1.00000,6.00000,0.10000,0.15000,0.55000
66.65000,6.83038,2.93689,1.92543,110.45964,1.00000,50.00000,0.20000,1.00000,6.00000,0.10000,0.15000,0.55000
66.70000,6.86066,2.84550,1.92584,110.55495,1.00000,50.00000,0.20000,1.00000,6.00000,0.10000,0.15000,0.55000
66.75000,6.88817,2.75321,1.92636,110.65030,1.00000,50.00000,0.20000,1.00000,6.00000,0.10000,0.15000,0.55000
66.80000,6.91302,2.66014,1.92695,110.74572,1.00000,50.00000,0.20000,1.00000,6.00000,0.10000,0.15000,0.55000
66.85000,6.93533,2.56640,1.92763,110.84120,1.00000,50.00000,0.20000,1.00000,6.00000,0.10000,0.15000,0.55000
66.90000,6.95526,2.47209,1.92837,110.93676,1.00000,50.00000,0.20000,1.00000,6.00000,0.10000,0.15000,0.55000
66.95000,6.97296,2.37729,1.92917,111.03241,1.00000,50.00000,0.20000,1.00000,6.00000,0.10000,0.15000,0.55000
67.00000,6.98859,2.28208,1.93002,111.12816,1.00000,50.00000,0.20000,1.00000,6.00000,0.10000,0.15000,0.55000
67.05000,7.00232,2.18655,1.93090,111.22401,1.00000,50.00000,0.20000,1.00000,6.00000,0.10000,0.15000,0.55000
67.10000,7.01432,2.09073,1.93182,111.31996,1.00000,50.00000,0.20000,1.00000,6.00000,0.10000,0.15000,0.55000
67.15000,7.02476,1.99468,1.93275,111.41602,1.00000,50.00000,0.20000,1.00000,6.00000,0.10000,0.15000,0.55000
67.20000,7.03381,1.89845,1.93371,111.51218,1.00000,50.00000,0.20000,1.00000,6.00000,0.10000,0.15000,0.55000
67.25000,7.04164,1.80205,1.93467,111.60844,1.00000,50.00000,0.20000,1.00000,6.00000,0.10000,0.15000,0.55000
67.30000,7.04841,1.70554,1.93563,111.70481,1.00000,50.00000,0.20000,1.00000,6.00000,0.10000,0.15000,0.55000
67.35000,7.05429,1.60891,1.93659,111.80127,1.00000,50.00000,0.20000,1.00000,6.00000,0.10000,0.15000,0.55000
67.40000,7.05942,1.51219,1.93755,111.89783,1.00000,50.00000,0.20000,1.00000,6.00000,0.10000,0.15000,0.55000
67.45000,7.06397,1.41540,1.93850,111.99448,1.00000,50.00000,0.20000,1.00000,6.00000,0.10000,0.15000,0.55000
67.50000,7.06806,1.31854,1.93943,112.09122,1.00000,50.00000,0.20000,1.00000,6.00000,0.10000,0.15000,0.55000
67.55000,7.07185,1.22162,1.94034,112.18809,1.00000,50.00000,0.20000,1.00000,6.00000,0.10000,0.15000,0.55000
67.60000,7.07546,1.12464,1.94123,112.28503,1.00000,50.00000,0.20000,1.00000,6.00000,0.10000,0.15000,0.55000
67.65000,7.07902,1.02763,1.94209,112.38201,1.00000,50.00000,0.20000,1.00000,6.00000,0.10000,0.15000,0.55000
67.70000,7.08266,0.93057,1.94292,112.47940,1.00000,50.00000,0.20000,1.00000,6.00000,0.10000,0.15000,0.55000
67.75000,7.08651,0.83348,1.94372,112.57764,1.00000,50.00000,0.20000,1.00000,6.00000,0.10000,0.15000,0.55000
67.80000,7.09067,0.73636,1.94448,112.67607,1.00000,50.00000,0.20000,1.00000,6.00000,0.10000,0.15000,0.55000
67.85000,7.09529,0.63923,1.94520,112.77397,1.00000,50.00000,0.20000,1.00000,6.00000,0.10000,0.15000,0.55000
67.90000,7.10047,0.54209,1.94589,112.87153,1.00000,50.00000,0.20000,1.00000,6.00000,0.10000,0.15000,0.55000
67.95000,7.10634,0.44496,1.94653,112.96902,1.00000,50.00000,0.20000,1.00000,6.00000,0.10000,0.15000,0.55000
68.00000,7.11303,0.34785,1.94713,113.06653,1.00000,50.00000,0.20000,1.00000,6.00000,0.10000,0.15000,0.55000
68.05000,7.12066,0.25078,1.94770,113.16409,1.00000,50.00000,0.20000,1.00000,6.00000,0.10000,0.15000,0.55000
68.10000,7.12934,0.15377,1.94823,113.26170,1.00000,50.00000,0.20000,1.00000,6.00000,0.10000,0.15000,0.55000
68.15000,7.13921,0.05684,1.94873,113.35936,1.00000,50.00000,0.20000,1.00000,6.00000,0.10000,0.15000,0.55000
68.20000,7.15038,-0.03996,1.94919,113.45708,1.00000,50.00000,0.20000,1.00000,6.00000,0.10000,0.15000,0.55000
68.25000,7.16298,-0.13661,1.94961,113.55485,1.00000,50.00000,0.20000,1.00000,6.00000,0.10000,0.15000,0.55000
68.30000,7.17710,-0.23307,1.95000,113.65266,1.00000,50.00000,0.20000,1.00000,6.00000,0.10000,0.15000,0.55000
68.35000,7.19288,-0.32930,1.95036,113.75052,1.00000,50.00000,0.20000,1.00000,6.00000,0.10000,0.15000,0.55000
68.40000,7.21040,-0.42524,1.95069,113.84841,1.00000,50.00000,0.20000,1.00000,6.00000,0.10000,0.15000,0.55000
68.45000,7.22978,-0.52083,1.95099,113.94632,1.00000,50.00000,0.20000,1.00000,6.00000,0.10000,0.15000,0.55000
68.50000,7.25110,-0.61603,1.95126,114.04426,1.00000,50.00000,0.20000,1.00000,6.00000,0.10000,0.15000,0.55000
68.55000,7.27447,-0.71076,1.95150,114.14222,1.00000,50.00000,0.20000,1.00000,6.00000,0.10000,0.15000,0.55000
68.60000,7.29997,-0.80495,1.95172,114.24018,1.00000,50.00000,0.20000,1.00000,6.00000,0.10000,0.15000,0.55000
68.65000,7.32766,-0.89852,1.95191,114.33815,1.00000,50.00000,0.20000,1.00000,6.00000,0.10000,0.15000,0.55000
68.70000,7.35762,-0.99141,1.95209,114.43612,1.00000,50.00000,0.20000,1.00000,6.00000,0.10000,0.15000,0.55000
68.75000,7.38992,-1.08352,1.95224,114.53408,1.00000,50.00000,0.20000,1.00000,6.00000,0.10000,0.15000,0.55000
68.80000,7.42460,-1.17476,1.95238,114.63203,1.00000,50.00000,0.20000,1.00000,6.00000,0.10000,0.15000,0.55000
68.85000,7.46171,-1.26505,1.95250,114.72996,1.00000,50.00000,0.20000,1.00000,6.00000,0.10000,0.15000,0.55000
68.90000,7.50128,-1.35430,1.95261,114.82787,1.00000,50.00000,0.20000,1.00000,6.00000,0.10000,0.15000,0.55000
68.95000,7.54335,-1.44240,1.95271,114.92576,1.00000,50.00000,0.20000,1.00000,6.00000,0.10000,0.15000,0.55000
69.00000,7.58793,-1.52926,1.95280,115.02362,1.00000,50.00000,0.20000,1.00000,6.00000,0.10000,0.15000,0.55000
69.05000,7.63502,-1.61479,1.95289,115.12146,1.00000,50.00000,0.20000,1.00000,6.00000,0.10000,0.15000,0.55000
69.10000,7.68465,-1.69889,1.95296,115.21928,1.00000,50.00000,0.20000,1.00000,6.00000,0.10000,0.15000,0.55000
69.15000,7.73678,-1.78145,1.95303,115.31707,1.00000,50.00000,0.20000,1.00000,6.00000,0.10000,0.15000,0.55000
69.20000,7.79142,-1.86238,1.95311,115.41483,1.00000,50.00000,0.20000,1.00000,6.00000,0.10000,0.15000,0.55000
69.25000,7.84854,-1.94159,1.95318,115.51257,1.00000,50.00000,0.20000,1.00000,6.00000,0.10000,0.15000,0.55000
69.30000,7.90811,-2.01898,1.95325,115.61027,1.00000,50.00000,0.20000,1.00000,6.00000,0.10000,0.15000,0.55000
69.35000,7.97008,-2.09445,1.95332,115.70796,1.00000,50.00000,0.20000,1.00000,6.00000,0.10000,0.15000,0.55000
69.40000,8.03442,-2.16793,1.95340,115.80560,1.00000,50.00000,0.20000,1.00000,6.00000,0.10000,0.15000,0.55000
69.45000,8.10108,-2.23932,1.95349,115.90319,1.00000,50.00000,0.20000,1.00000,6.00000,0.10000,0.15000,0.55000
69.50000,8.16998,-2.30854,1.95359,116.00077,1.00000,50.00000,0.20000,1.00000,6.00000,0.10000,0.15000,0.55000
69.55000,8.24107,-2.37552,1.95370,116.09834,1.00000,50.00000,0.20000,1.00000,6.00000,0.10000,0.15000,0.55000
69.60000,8.31428,-2.44020,1.95382,116.19589,1.00000,50.00000,0.20000,1.00000,6.00000,0.10000,0.15000,0.55000
69.65000,8.38953,-2.50250,1.95395,116.29339,1.00000,50.00000,0.20000,1.00000,6.00000,0.10000,0.15000,0.55000
69.70000,8.46674,-2.56236,1.95410,116.39087,1.00000,50.00000,0.20000,1.00000,6.00000,0.10000,0.15000,0.55000
69.75000,8.54582,-2.61974,1.95427,116.48833,1.00000,50.00000,0.20000,1.00000,6.00000,0.10000,0.15000,0.55000
69.80000,8.62668,-2.67460,1.95445,116.58577,1.00000,50.00000,0.20000,1.00000,6.00000,0.10000,0.15000,0.55000
69.85000,8.70924,-2.72688,1.95465,116.68319,1.00000,50.00000,0.20000,1.00000,6.00000,0.10000,0.15000,0.55000
69.90000,8.79340,-2.77657,1.95488,116.78059,1.00000,50.00000,0.20000,1.00000,6.00000,0.10000,0.15000,0.55000
69.95000,8.87907,-2.82363,1.95512,116.87797,1.00000,50.00000,0.20000,1.00000,6.00000,0.10000,0.15000,0.55000
70.00000,8.96615,-2.86806,1.95539,116.97533,1.00000,50.00000,0.20000,1.00000,6.00000,0.10000,0.15000,0.55000
70.05000,9.05455,-2.90984,1.95567,117.07269,1.00000,50.00000,0.20000,1.00000,6.00000,0.10000,0.15000,0.55000
70.10000,9.14416,-2.94898,1.95598,117.17003,1.00000,50.00000,0.20000,1.00000,6.00000,0.10000,0.15000,0.55000
70.15000,9.23491,-2.98546,1.95632,117.26737,1.00000,50.00000,0.20000,1.00000,6.00000,0.10000,0.15000,0.55000
70.20000,9.32668,-3.01931,1.95667,117.36471,1.00000,50.00000,0.20000,1.00000,6.00000,0.10000,0.15000,0.55000
70.25000,9.41940,-3.05055,1.95705,117.46205,1.00000,50.00000,0.20000,1.00000,6.00000,0.10000,0.15000,0.55000
70.30000,9.51298,-3.07918,1.95746,117.55940,1.00000,50.00000,0.20000,1.00000,6.00000,0.10000,0.15000,0.55000
70.35000,9.60733,-3.10524,1.95788,117.65676,1.00000,50.00000,0.20000,1.00000,6.00000,0.10000,0.15000,0.55000
70.40000,9.70236,-3.12876,1.95833,117.75413,1.00000,50.00000,0.20000,1.00000,6.00000,0.10000,0.15000,0.55000
70.45000,9.79801,-3.14976,1.95880,117.85152,1.00000,50.00000,0.20000,1.00000,6.00000,0.10000,0.15000,0.55000
70.50000,9.89419,-3.16830,1.95930,117.94892,1.00000,50.00000,0.20000,1.00000,6.00000,0.10000,0.15000,0.55000
70.55000,9.99083,-3.18441,1.95982,118.04635,1.00000,50.00000,0.20000,1.00000,6.00000,0.10000,0.15000,0.55000
70.60000,10.08787,-3.19812,1.96036,118.14379,1.00000,50.00000,0.20000,1.00000,6.00000,0.10000,0.15000,0.55000
70.65000,10.18523,-3.20950,1.96092,118.24127,1.00000,50.00000,0.20000,1.00000,6.00000,0.10000,0.15000,0.55000
70.70000,10.28287,-3.21858,1.96151,118.33878,1.00000,50.00000,0.20000,1.00000,6.00000,0.10000,0.15000,0.55000
70.75000,10.38072,-3.22541,1.96211,118.43631,1.00000,50.00000,0.20000,1.00000,6.00000,0.10000,0.15000,0.55000
70.80000,10.47873,-3.23004,1.96274,118.53388,1.00000,50.00000,0.20000,1.00000,6.00000,0.10000,0.15000,0.55000
70.85000,10.57685,-3.23247,1.96340,118.63149,1.00000,50.00000,0.20000,1.00000,6.00000,0.10000,0.15000,0.55000
70.90000,10.67504,-3.23270,1.96411,118.72914,1.00000,50.00000,0.20000,1.00000,6.00000,0.10000,0.15000,0.55000
70.95000,10.77324,-3.23074,1.96489,118.82683,1.00000,50.00000,0.20000,1.00000,6.00000,0.10000,0.15000,0.55000
71.00000,10.87410,-3.22572,2.08116,118.92688,1.00000,50.00000,0.20000,1.00000,6.00000,0.10000,0.15000,0.55000
71.05000,10.97723,-3.21047,2.08849,119.03073,1.00000,50.00000,0.20000,1.00000,6.00000,0.10000,0.15000,0.55000
71.10000,11.08042,-3.19335,2.09377,119.13463,1.00000,50.00000,0.20000,1.00000,6.00000,0.10000,0.15000,0.55000
71.15000,11.18372,-3.17610,2.09526,119.23924,1.00000,50.00000,0.20000,1.00000,6.00000,0.10000,0.15000,0.55000
71.20000,11.28712,-3.15910,2.09629,119.34398,1.00000,50.00000,0.20000,1.00000,6.00000,0.10000,0.15000,0.55000
71.25000,11.39048,-3.14157,2.09728,119.44885,1.00000,50.00000,0.20000,1.00000,6.00000,0.10000,0.15000,0.55000
71.30000,11.49378,-3.12338,2.09827,119.55382,1.00000,50.00000,0.20000,1.00000,6.00000,0.10000,0.15000,0.55000
71.35000,11.59699,-3.10441,2.09926,119.65887,1.00000,50.00000,0.20000,1.00000,6.00000,0.10000,0.15000,0.55000
71.40000,11.70010,-3.08463,2.10025,119.76399,1.00000,50.00000,0.20000,1.00000,6.00000,0.10000,0.15000,0.55000
71.45000,11.80308,-3.06398,2.10125,119.86916,1.00000,50.00000,0.20000,1.00000,6.00000,0.10000,0.15000,0.55000
71.50000,11.90594,-3.04246,2.10224,119.97436,1.00000,50.00000,0.20000,1.00000,6.00000,0.10000,0.15000,0.55000
71.55000,12.00866,-3.02005,2.10322,120.07959,1.00000,50.00000,0.20000,1.00000,6.00000,0.10000,0.15000,0.55000
71.60000,12.11124,-2.99677,2.10419,120.18484,1.00000,50.00000,0.20000,1.00000,6.00000,0.10000,0.15000,0.55000
71.65000,12.21366,-2.97261,2.10515,120.29012,1.00000,50.00000,0.20000,1.00000,6.00000,0.10000,0.15000,0.55000
71.70000,12.31594,-2.94763,2.10608,120.39543,1.00000,50.00000,0.20000,1.00000,6.00000,0.10000,0.15000,0.55000
71.75000,12.41806,-2.92184,2.10699,120.50079,1.00000,50.00000,0.20000,1.00000,6.00000,0.10000,0.15000,0.55000
71.80000,12.52003,-2.89530,2.10787,120.60627,1.00000,50.00000,0.20000,1.00000,6.00000,0.10000,0.15000,0.55000
71.85000,12.62187,-2.86806,2.10871,120.71205,1.00000,50.00000,0.20000,1.00000,6.00000,0.10000,0.15000,0.55000
71.90000,12.72357,-2.84018,2.10951,120.81845,1.00000,50.00000,0.20000,1.00000,6.00000,0.10000,0.15000,0.55000
71.95000,12.82515,-2.81171,2.11025,120.92511,1.00000,50.00000,0.20000,1.00000,6.00000,0.10000,0.15000,0.55000
72.00000,12.92662,-2.78271,2.11095,121.03110,1.00000,50.00000,0.20000,1.00000,6.00000,0.10000,0.15000,0.55000
72.05000,13.02798,-2.75325,2.11159,121.13662,1.00000,50.00000,0.20000,1.00000,6.00000,0.10000,0.15000,0.55000
72.10000,13.12927,-2.72339,2.11218,121.24218,1.00000,50.00000,0.20000,1.00000,6.00000,0.10000,0.15000,0.55000
72.15000,13.23048,-2.69320,2.11271,121.34779,1.00000,50.00000,0.20000,1.00000,6.00000,0.10000,0.15000,0.55000
72.20000,13.33164,-2.66273,2.11318,121.45338,1.00000,50.00000,0.20000,1.00000,6.00000,0.10000,0.15000,0.55000
72.25000,13.43276,-2.63207,2.11360,121.55900,1.00000,50.00000,0.20000,1.00000,6.00000,0.10000,0.15000,0.55000
72.30000,13.53386,-2.60125,2.11396,121.66464,1.00000,50.00000,0.20000,1.00000,6.00000,0.10000,0.15000,0.55000
72.35000,13.63495,-2.57036,2.11425,121.77031,1.00000,50.00000,0.20000,1.00000,6.00000,0.10000,0.15000,0.55000
72.40000,13.73605,-2.53945,2.11449,121.87599,1.00000,50.00000,0.20000,1.00000,6.00000,0.10000,0.15000,0.55000
72.45000,13.83717,-2.50857,2.11467,121.98168,1.00000,50.00000,0.20000,1.00000,6.00000,0.10000,0.15000,0.55000
72.50000,13.93833,-2.47778,2.11479,122.08738,1.00000,50.00000,0.20000,1.00000,6.00000,0.10000,0.15000,0.55000
72.55000,14.03952,-2.44712,2.11485,122.19308,1.00000,50.00000,0.20000,1.00000,6.00000,0.10000,0.15000,0.55000
72.60000,14.14078,-2.41664,2.11485,122.29879,1.00000,50.00000,0.20000,1.00000,6.00000,0.10000,0.15000,0.55000
72.65000,14.24209,-2.38637,2.11479,122.40449,1.00000,50.00000,0.20000,1.00000,6.00000,0.10000,0.15000,0.55000
72.70000,14.34347,-2.35633,2.11468,122.51017,1.00000,50.00000,0.20000,1.00000,6.00000,0.10000,0.15000,0.55000
72.75000,14.44492,-2.32654,2.11452,122.61585,1.00000,50.00000,0.20000,1.00000,6.00000,0.10000,0.15000,0.55000
72.80000,14.54643,-2.29700,2.11430,122.72150,1.00000,50.00000,0.20000,1.00000,6.00000,0.10000,0.15000,0.55000
72.85000,14.64799,-2.26768,2.11404,122.82713,1.00000,50.00000,0.20000,1.00000,6.00000,0.10000,0.15000,0.55000
72.90000,14.74959,-2.23856,2.11373,122.93272,1.00000,50.00000,0.20000,1.00000,6.00000,0.10000,0.15000,0.55000
72.95000,14.85121,-2.20955,2.11339,123.03828,1.00000,50.00000,0.20000,1.00000,6.00000,0.10000,0.15000,0.55000
73.00000,14.95281,-2.18054,2.11300,123.14380,1.00000,50.00000,0.20000,1.00000,6.00000,0.10000,0.15000,0.55000
73.05000,15.05434,-2.15137,2.11257,123.24926,1.00000,50.00000,0.20000,1.00000,6.00000,0.10000,0.15000,0.55000
73.10000,15.15576,-2.12187,2.11209,123.35465,1.00000,50.00000,0.20000,1.00000,6.00000,0.10000,0.15000,0.55000
73.15000,15.25697,-2.09178,2.11154,123.45997,1.00000,50.00000,0.20000,1.00000,6.00000,0.10000,0.15000,0.55000
73.20000,15.35787,-2.06077,2.11091,123.56518,1.00000,50.00000,0.20000,1.00000,6.00000,0.10000,0.15000,0.55000
73.25000,15.45834,-2.02846,2.11019,123.67027,1.00000,50.00000,0.20000,1.00000,6.00000,0.10000,0.15000,0.55000
73.30000,15.55820,-1.99448,2.10927,123.77522,1.00000,50.00000,0.20000,1.00000,6.00000,0.10000,0.15000,0.55000
73.35000,15.65721,-1.95824,2.10810,123.88000,1.00000,50.00000,0.20000,1.00000,6.00000,0.10000,0.15000,0.55000
73.40000,15.75511,-1.91925,2.10703,123.98459,1.00000,50.00000,0.20000,1.00000,6.00000,0.10000,0.15000,0.55000
73.45000,15.85161,-1.87712,2.10481,124.08899,1.00000,50.00000,0.20000,1.00000,6.00000,0.10000,0.15000,0.55000
73.50000,15.94633,-1.83128,2.10469,124.19311,1.00000,50.00000,0.20000,1.00000,6.00000,0.10000,0.15000,0.55000
73.55000,16.03956,-1.78263,2.10123,124.29709,1.00000,50.00000,0.20000,1.00000,6.00000,0.10000,0.15000,0.55000
73.60000,16.12931,-1.72830,2.09342,124.40073,1.00000,50.00000,0.20000,1.00000,6.00000,0.10000,0.15000,0.55000
73.65000,16.21413,-1.66704,2.09581,124.50380,1.00000,50.00000,0.20000,1.00000,6.00000,0.10000,0.15000,0.55000
73.70000,16.29896,-1.60548,2.09368,124.60714,1.00000,50.00000,0.20000,1.00000,6.00000,0.10000,0.15000,0.55000
73.75000,16.37919,-1.53857,2.08341,124.71014,1.00000,50.00000,0.20000,1.00000,6.00000,0.10000,0.15000,0.55000
73.80000,16.45233,-1.46456,2.08442,124.81243,1.00000,50.00000,0.20000,1.00000,6.00000,0.10000,0.15000,0.55000
73.85000,16.52228,-1.38741,2.07878,124.91488,1.00000,50.00000,0.20000,1.00000,6.00000,0.10000,0.15000,0.55000
73.90000,16.58454,-1.30451,2.06626,125.01698,1.00000,50.00000,0.20000,1.00000,6.00000,0.10000,0.15000,0.55000
73.95000,16.63658,-1.21543,2.06840,125.11842,1.00000,50.00000,0.20000,1.00000,6.00000,0.10000,0.15000,0.55000
74.00000,16.68632,-1.12460,2.06748,125.22051,1.00000,50.00000,0.20000,1.00000,6.00000,0.10000,0.15000,0.55000
74.05000,16.72651,-1.02990,2.04847,125.32243,1.00000,50.00000,0.20000,1.00000,6.00000,0.10000,0.15000,0.55000
74.10000,16.75230,-0.93130,2.03158,125.42339,1.00000,50.00000,0.20000,1.00000,6.00000,0.10000,0.15000,0.55000
74.15000,16.76464,-0.83056,2.03716,125.52403,1.00000,50.00000,0.20000,1.00000,6.00000,0.10000,0.15000,0.55000
74.20000,16.77224,-0.72874,2.04094,125.62612,1.00000,50.00000,0.20000,1.00000,6.00000,0.10000,0.15000,0.55000
74.25000,16.77135,-0.62692,2.03201,125.72896,1.00000,50.00000,0.20000,1.00000,6.00000,0.10000,0.15000,0.55000
74.30000,16.75884,-0.52639,2.02007,125.83162,1.00000,50.00000,0.20000,1.00000,6.00000,0.10000,0.15000,0.55000
74.35000,16.73454,-0.42841,2.02530,125.93381,1.00000,50.00000,0.20000,1.00000,6.00000,0.10000,0.15000,0.55000
74.40000,16.70659,-0.33090,2.02462,126.03690,1.00000,50.00000,0.20000,1.00000,6.00000,0.10000,0.15000,0.55000
74.45000,16.66855,-0.23762,2.00963,126.13950,1.00000,50.00000,0.20000,1.00000,6.00000,0.10000,0.15000,0.55000
74.50000,16.61952,-0.15018,2.00212,126.24118,1.00000,50.00000,0.20000,1.00000,6.00000,0.10000,0.15000,0.55000
74.55000,16.56137,-0.06870,2.00847,126.34215,1.00000,50.00000,0.20000,1.00000,6.00000,0.10000,0.15000,0.55000
74.60000,16.49958,0.01056,2.00443,126.44355,1.00000,50.00000,0.20000,1.00000,6.00000,0.10000,0.15000,0.55000
74.65000,16.42967,0.08182,1.99017,126.54409,1.00000,50.00000,0.20000,1.00000,6.00000,0.10000,0.15000,0.55000
74.70000,16.35139,0.14268,1.97767,126.64355,1.00000,50.00000,0.20000,1.00000,6.00000,0.10000,0.15000,0.55000
74.75000,16.26626,0.19290,1.98404,126.74222,1.00000,50.00000,0.20000,1.00000,6.00000,0.10000,0.15000,0.55000
74.80000,16.17852,0.23972,1.98905,126.84182,1.00000,50.00000,0.20000,1.00000,6.00000,0.10000,0.15000,0.55000
74.85000,16.08779,0.28023,1.98611,126.94147,1.00000,50.00000,0.20000,1.00000,6.00000,0.10000,0.15000,0.55000
74.90000,15.99425,0.31340,1.98506,127.04061,1.00000,50.00000,0.20000,1.00000,6.00000,0.10000,0.15000,0.55000
74.95000,15.89861,0.33975,1.98424,127.13943,1.00000,50.00000,0.20000,1.00000,6.00000,0.10000,0.15000,0.55000
75.00000,15.80141,0.35944,1.98356,127.23797,1.00000,50.00000,0.20000,1.00000,6.00000,0.10000,0.15000,0.55000
75.05000,15.70316,0.37271,1.98302,127.33626,1.00000,50.00000,0.20000,1.00000,6.00000,0.10000,0.15000,0.55000
75.10000,15.60430,0.37980,1.98264,127.43434,1.00000,50.00000,0.20000,1.00000,6.00000,0.10000,0.15000,0.55000
75.15000,15.50520,0.38102,1.98235,127.53222,1.00000,50.00000,0.20000,1.00000,6.00000,0.10000,0.15000,0.55000
75.20000,15.40620,0.37667,1.98210,127.62995,1.00000,50.00000,0.20000,1.00000,6.00000,0.10000,0.15000,0.55000
75.25000,15.30759,0.36699,1.98195,127.72758,1.00000,50.00000,0.20000,1.00000,6.00000,0.10000,0.15000,0.55000
75.30000,15.20960,0.35229,1.98193,127.82515,1.00000,50.00000,0.20000,1.00000,6.00000,0.10000,0.15000,0.55000
75.35000,15.11242,0.33292,1.98207,127.92272,1.00000,50.00000,0.20000,1.00000,6.00000,0.10000,0.15000,0.55000
75.40000,15.01620,0.30922,1.98235,128.02033,1.00000,50.00000,0.20000,1.00000,6.00000,0.10000,0.15000,0.55000
75.45000,14.92101,0.28158,1.98273,128.11801,1.00000,50.00000,0.20000,1.00000,6.00000,0.10000,0.15000,0.55000
75.50000,14.82691,0.25038,1.98320,128.21580,1.00000,50.00000,0.20000,1.00000,6.00000,0.10000,0.15000,0.55000
75.55000,14.73390,0.21598,1.98373,128.31370,1.00000,50.00000,0.20000,1.00000,6.00000,0.10000,0.15000,0.55000
75.60000,14.64197,0.17874,1.98431,128.41174,1.00000,50.00000,0.20000,1.00000,6.00000,0.10000,0.15000,0.55000
75.65000,14.55105,0.13899,1.98491,128.50992,1.00000,50.00000,0.20000,1.00000,6.00000,0.10000,0.15000,0.55000
75.70000,14.46109,0.09706,1.98553,128.60826,1.00000,50.00000,0.20000,1.00000,6.00000,0.10000,0.15000,0.55000
75.75000,14.37199,0.05323,1.98616,128.70675,1.00000,50.00000,0.20000,1.00000,6.00000,0.10000,0.15000,0.55000
75.80000,14.28368,0.00779,1.98678,128.80538,1.00000,50.00000,0.20000,1.00000,6.00000,0.10000,0.15000,0.55000
75.85000,14.19604,-0.03901,1.98738,128.90415,1.00000,50.00000,0.20000,1.00000,6.00000,0.10000,0.15000,0.55000
75.90000,14.10898,-0.08695,1.98797,129.00304,1.00000,50.00000,0.20000,1.00000,6.00000,0.10000,0.15000,0.55000
75.95000,14.02240,-0.13580,1.98854,129.10205,1.00000,50.00000,0.20000,1.00000,6.00000,0.10000,0.15000,0.55000
76.00000,13.93620,-0.18538,1.98907,129.20116,1.00000,50.00000,0.20000,1.00000,6.00000,0.10000,0.15000,0.55000
76.05000,13.85030,-0.23553,1.98958,129.30037,1.00000,50.00000,0.20000,1.00000,6.00000,0.10000,0.15000,0.55000
76.10000,13.76461,-0.28608,1.99004,129.39966,1.00000,50.00000,0.20000,1.00000,6.00000,0.10000,0.15000,0.55000
76.15000,13.67906,-0.33690,1.99047,129.49904,1.00000,50.00000,0.20000,1.00000,6.00000,0.10000,0.15000,0.55000
76.20000,13.59357,-0.38789,1.99085,129.59846,1.00000,50.00000,0.20000,1.00000,6.00000,0.10000,0.15000,0.55000
76.25000,13.50810,-0.43892,1.99119,129.69793,1.00000,50.00000,0.20000,1.00000,6.00000,0.10000,0.15000,0.55000
76.30000,13.42258,-0.48992,1.99147,129.79774,1.00000,50.00000,0.20000,1.00000,6.00000,0.10000,0.15000,0.55000
76.35000,13.33699,-0.54080,1.99170,129.89803,1.00000,50.00000,0.20000,1.00000,6.00000,0.10000,0.15000,0.55000
76.40000,13.25127,-0.59150,1.99187,129.99837,1.00000,50.00000,0.20000,1.00000,6.00000,0.10000,0.15000,0.55000
76.45000,13.16541,-0.64197,1.99198,130.09844,1.00000,50.00000,0.20000,1.00000,6.00000,0.10000,0.15000,0.55000
76.50000,13.07937,-0.69215,1.99203,130.19823,1.00000,50.00000,0.20000,1.00000,6.00000,0.10000,0.15000,0.55000
76.55000,12.99314,-0.74200,1.99203,130.29784,1.00000,50.00000,0.20000,1.00000,6.00000,0.10000,0.15000,0.55000
76.60000,12.90669,-0.79147,1.99197,130.39740,1.00000,50.00000,0.20000,1.00000,6.00000,0.10000,0.15000,0.55000
76.65000,12.82001,-0.84052,1.99185,130.49696,1.00000,50.00000,0.20000,1.00000,6.00000,0.10000,0.15000,0.55000
76.70000,12.73309,-0.88912,1.99169,130.59649,1.00000,50.00000,0.20000,1.00000,6.00000,0.10000,0.15000,0.55000
76.75000,12.64590,-0.93722,1.99146,130.69599,1.00000,50.00000,0.20000,1.00000,6.00000,0.10000,0.15000,0.55000
76.80000,12.55843,-0.98479,1.99119,130.79545,1.00000,50.00000,0.20000,1.00000,6.00000,0.10000,0.15000,0.55000
76.85000,12.47066,-1.03177,1.99086,130.89488,1.00000,50.00000,0.20000,1.00000,6.00000,0.10000,0.15000,0.55000
76.90000,12.38256,-1.07808,1.99049,130.99425,1.00000,50.00000,0.20000,1.00000,6.00000,0.10000,0.15000,0.55000
76.95000,12.29409,-1.12365,1.99006,131.09357,1.00000,50.00000,0.20000,1.00000,6.00000,0.10000,0.15000,0.55000
77.00000,12.20521,-1.16835,1.98958,131.19282,1.00000,50.00000,0.20000,1.00000,6.00000,0.10000,0.15000,0.55000
77.05000,12.11586,-1.21205,1.98903,131.29199,1.00000,50.00000,0.20000,1.00000,6.00000,0.10000,0.15000,0.55000
77.10000,12.02595,-1.25452,1.98840,131.39106,1.00000,50.00000,0.20000,1.00000,6.00000,0.10000,0.15000,0.55000
77.15000,11.93541,-1.29554,1.98770,131.49001,1.00000,50.00000,0.20000,1.00000,6.00000,0.10000,0.15000,0.55000
77.20000,11.84414,-1.33483,1.98688,131.58882,1.00000,50.00000,0.20000,1.00000,6.00000,0.10000,0.15000,0.55000
77.25000,11.75206,-1.37205,1.98590,131.68747,1.00000,50.00000,0.20000,1.00000,6.00000,0.10000,0.15000,0.55000
77.30000,11.65904,-1.40672,1.98472,131.78593,1.00000,50.00000,0.20000,1.00000,6.00000,0.10000,0.15000,0.55000
77.35000,11.56503,-1.43838,1.98341,131.88419,1.00000,50.00000,0.20000,1.00000,6.00000,0.10000,0.15000,0.55000
77.40000,11.47000,-1.46658,1.98191,131.98222,1.00000,50.00000,0.20000,1.00000,6.00000,0.10000,0.15000,0.55000
77.45000,11.37396,-1.49082,1.98007,132.08000,1.00000,50.00000,0.20000,1.00000,6.00000,0.10000,0.15000,0.55000
77.50000,11.27698,-1.51046,1.97793,132.17752,1.00000,50.00000,0.20000,1.00000,6.00000,0.10000,0.15000,0.55000
77.55000,11.17921,-1.52491,1.97553,132.27477,1.00000,50.00000,0.20000,1.00000,6.00000,0.10000,0.15000,0.55000
77.60000,11.08090,-1.53359,1.97282,132.37177,1.00000,50.00000,0.20000,1.00000,6.00000,0.10000,0.15000,0.55000
77.65000,10.98237,-1.53593,1.96975,132.46855,1.00000,50.00000,0.20000,1.00000,6.00000,0.10000,0.15000,0.55000
77.70000,10.88408,-1.53136,1.96634,132.56513,1.00000,50.00000,0.20000,1.00000,6.00000,0.10000,0.15000,0.55000
77.75000,10.78661,-1.51937,1.96257,132.66156,1.00000,50.00000,0.20000,1.00000,6.00000,0.10000,0.15000,0.55000
77.80000,10.69065,-1.49948,1.95811,132.75791,1.00000,50.00000,0.20000,1.00000,6.00000,0.10000,0.15000,0.55000
77.85000,10.59702,-1.47129,1.95412,132.85424,1.00000,50.00000,0.20000,1.00000,6.00000,0.10000,0.15000,0.55000
77.90000,10.50648,-1.43488,1.95010,132.95067,1.00000,50.00000,0.20000,1.00000,6.00000,0.10000,0.15000,0.55000
77.95000,10.41992,-1.39031,1.94582,133.04730,1.00000,50.00000,0.20000,1.00000,6.00000,0.10000,0.15000,0.55000
78.00000,10.33825,-1.33770,1.94137,133.14419,1.00000,50.00000,0.20000,1.00000,6.00000,0.10000,0.15000,0.55000
78.05000,10.26240,-1.27735,1.93693,133.24136,1.00000,50.00000,0.20000,1.00000,6.00000,0.10000,0.15000,0.55000
78.10000,10.19326,-1.20975,1.93259,133.33877,1.00000,50.00000,0.20000,1.00000,6.00000,0.10000,0.15000,0.55000
78.15000,10.13162,-1.13552,1.92827,133.43642,1.00000,50.00000,0.20000,1.00000,6.00000,0.10000,0.15000,0.55000
78.20000,10.07823,-1.05541,1.92406,133.53431,1.00000,50.00000,0.20000,1.00000,6.00000,0.10000,0.15000,0.55000
78.25000,10.03370,-0.97029,1.92016,133.63230,1.00000,50.00000,0.20000,1.00000,6.00000,0.10000,0.15000,0.55000
78.30000,9.99847,-0.88113,1.91655,133.73020,1.00000,50.00000,0.20000,1.00000,6.00000,0.10000,0.15000,0.55000
78.35000,9.97281,-0.78893,1.91317,133.82801,1.00000,50.00000,0.20000,1.00000,6.00000,0.10000,0.15000,0.55000
78.40000,9.95690,-0.69473,1.91014,133.92572,1.00000,50.00000,0.20000,1.00000,6.00000,0.10000,0.15000,0.55000
78.45000,9.95068,-0.59954,1.90754,134.02304,1.00000,50.00000,0.20000,1.00000,6.00000,0.10000,0.15000,0.55000
78.50000,9.95398,-0.50432,1.90520,134.11980,1.00000,50.00000,0.20000,1.00000,6.00000,0.10000,0.15000,0.55000
78.55000,9.96652,-0.40998,1.90299,134.21610,1.00000,50.00000,0.20000,1.00000,6.00000,0.10000,0.15000,0.55000
78.60000,9.98800,-0.31738,1.90098,134.31199,1.00000,50.00000,0.20000,1.00000,6.00000,0.10000,0.15000,0.55000
78.65000,10.01797,-0.22727,1.89929,134.40736,1.00000,50.00000,0.20000,1.00000,6.00000,0.10000,0.15000,0.55000
78.70000,10.05591,-0.14029,1.89798,134.50219,1.00000,50.00000,0.20000,1.00000,6.00000,0.10000,0.15000,0.55000
78.75000,10.10119,-0.05696,1.89702,134.59659,1.00000,50.00000,0.20000,1.00000,6.00000,0.10000,0.15000,0.55000
78.80000,10.15315,0.02234,1.89634,134.69065,1.00000,50.00000,0.20000,1.00000,6.00000,0.10000,0.15000,0.55000
78.85000,10.21112,0.09731,1.89591,134.78442,1.00000,50.00000,0.20000,1.00000,6.00000,0.10000,0.15000,0.55000
78.90000,10.27445,0.16781,1.89569,134.87795,1.00000,50.00000,0.20000,1.00000,6.00000,0.10000,0.15000,0.55000
78.95000,10.34248,0.23377,1.89566,134.97129,1.00000,50.00000,0.20000,1.00000,6.00000,0.10000,0.15000,0.55000
79.00000,10.41461,0.29523,1.89577,135.06451,1.00000,50.00000,0.20000,1.00000,6.00000,0.10000,0.15000,0.55000
79.05000,10.49028,0.35229,1.89601,135.15766,1.00000,50.00000,0.20000,1.00000,6.00000,0.10000,0.15000,0.55000
79.10000,10.56896,0.40515,1.89633,135.25079,1.00000,50.00000,0.20000,1.00000,6.00000,0.10000,0.15000,0.55000
79.15000,10.65019,0.45405,1.89673,135.34394,1.00000,50.00000,0.20000,1.00000,6.00000,0.10000,0.15000,0.55000
79.20000,10.73355,0.49927,1.89718,135.43715,1.00000,50.00000,0.20000,1.00000,6.00000,0.10000,0.15000,0.55000
79.25000,10.81867,0.54114,1.89766,135.53047,1.00000,50.00000,0.20000,1.00000,6.00000,0.10000,0.15000,0.55000
79.30000,10.90523,0.58002,1.89816,135.62394,1.00000,50.00000,0.20000,1.00000,6.00000,0.10000,0.15000,0.55000
79.35000,10.99293,0.61630,1.89865,135.71759,1.00000,50.00000,0.20000,1.00000,6.00000,0.10000,0.15000,0.55000
79.40000,11.08155,0.65037,1.89912,135.81145,1.00000,50.00000,0.20000,1.00000,6.00000,0.10000,0.15000,0.55000
79.45000,11.17086,0.68264,1.89955,135.90553,1.00000,50.00000,0.20000,1.00000,6.00000,0.10000,0.15000,0.55000
79.50000,11.26068,0.71354,1.89994,135.99986,1.00000,50.00000,0.20000,1.00000,6.00000,0.10000,0.15000,0.55000
79.55000,11.35085,0.74346,1.90026,136.09445,1.00000,50.00000,0.20000,1.00000,6.00000,0.10000,0.15000,0.55000
79.60000,11.44121,0.77284,1.90052,136.18936,1.00000,50.00000,0.20000,1.00000,6.00000,0.10000,0.15000,0.55000
79.65000,11.53163,0.80208,1.90069,136.28466,1.00000,50.00000,0.20000,1.00000,6.00000,0.10000,0.15000,0.55000
79.70000,11.62197,0.83157,1.90078,136.38040,1.00000,50.00000,0.20000,1.00000,6.00000,0.10000,0.15000,0.55000
79.75000,11.71211,0.86171,1.90077,136.47656,1.00000,50.00000,0.20000,1.00000,6.00000,0.10000,0.15000,0.55000
79.80000,11.80189,0.89288,1.90066,136.57289,1.00000,50.00000,0.20000,1.00000,6.00000,0.10000,0.15000,0.55000
79.85000,11.89116,0.92544,1.90044,136.66918,1.00000,50.00000,0.20000,1.00000,6.00000,0.10000,0.15000,0.55000
79.90000,11.97976,0.95977,1.90012,136.76552,1.00000,50.00000,0.20000,1.00000,6.00000,0.10000,0.15000,0.55000
79.95000,12.06750,0.99618,1.89970,136.86201,1.00000,50.00000,0.20000,1.00000,6.00000,0.10000,0.15000,0.55000
80.00000,12.15418,1.03498,1.89919,136.95859,1.00000,50.00000,0.20000,1.00000,6.00000,0.10000,0.15000,0.55000
80.05000,12.23959,1.07645,1.89859,137.05522,1.00000,50.00000,0.20000,1.00000,6.00000,0.10000,0.15000,0.55000
80.10000,12.32350,1.12080,1.89792,137.15184,1.00000,50.00000,0.20000,1.00000,6.00000,0.10000,0.15000,0.55000
80.15000,12.40567,1.16822,1.89720,137.24841,1.00000,50.00000,0.20000,1.00000,6.00000,0.10000,0.15000,0.55000
80.20000,12.48585,1.21887,1.89644,137.34490,1.00000,50.00000,0.20000,1.00000,6.00000,0.10000,0.15000,0.55000
80.25000,12.56379,1.27283,1.89565,137.44127,1.00000,50.00000,0.20000,1.00000,6.00000,0.10000,0.15000,0.55000
80.30000,12.63924,1.33016,1.89486,137.53747,1.00000,50.00000,0.20000,1.00000,6.00000,0.10000,0.15000,0.55000
80.35000,12.71195,1.39086,1.89408,137.63349,1.00000,50.00000,0.20000,1.00000,6.00000,0.10000,0.15000,0.55000
80.40000,12.78168,1.45490,1.89333,137.72929,1.00000,50.00000,0.20000,1.00000,6.00000,0.10000,0.15000,0.55000
80.45000,12.84822,1.52220,1.89261,137.82485,1.00000,50.00000,0.20000,1.00000,6.00000,0.10000,0.15000,0.55000
80.50000,12.91137,1.59264,1.89193,137.92018,1.00000,50.00000,0.20000,1.00000,6.00000,0.10000,0.15000,0.55000
80.55000,12.97095,1.66609,1.89131,138.01527,1.00000,50.00000,0.20000,1.00000,6.00000,0.10000,0.15000,0.55000
80.60000,13.02681,1.74236,1.89074,138.11012,1.00000,50.00000,0.20000,1.00000,6.00000,0.10000,0.15000,0.55000
80.65000,13.07882,1.82128,1.89024,138.20474,1.00000,50.00000,0.20000,1.00000,6.00000,0.10000,0.15000,0.55000
80.70000,13.12689,1.90263,1.88981,138.29915,1.00000,50.00000,0.20000,1.00000,6.00000,0.10000,0.15000,0.55000
80.75000,13.17094,1.98621,1.88944,138.39337,1.00000,50.00000,0.20000,1.00000,6.00000,0.10000,0.15000,0.55000
80.80000,13.21094,2.07178,1.88914,138.48742,1.00000,50.00000,0.20000,1.00000,6.00000,0.10000,0.15000,0.55000
80.85000,13.24686,2.15912,1.88890,138.58131,1.00000,50.00000,0.20000,1.00000,6.00000,0.10000,0.15000,0.55000
80.90000,13.27872,2.24801,1.88873,138.67507,1.00000,50.00000,0.20000,1.00000,6.00000,0.10000,0.15000,0.55000
80.95000,13.30654,2.33825,1.88862,138.76871,1.00000,50.00000,0.20000,1.00000,6.00000,0.10000,0.15000,0.55000
81.00000,13.33037,2.42961,1.88856,138.86225,1.00000,50.00000,0.20000,1.00000,6.00000,0.10000,0.15000,0.55000
81.05000,13.35029,2.52191,1.88856,138.95571,1.00000,50.00000,0.20000,1.00000,6.00000,0.10000,0.15000,0.55000
81.10000,13.36637,2.61495,1.88862,139.04912,1.00000,50.00000,0.20000,1.00000,6.00000,0.10000,0.15000,0.55000
81.15000,13.37871,2.70856,1.88872,139.14248,1.00000,50.00000,0.20000,1.00000,6.00000,0.10000,0.15000,0.55000
81.20000,13.38742,2.80260,1.88888,139.23582,1.00000,50.00000,0.20000,1.00000,6.00000,0.10000,0.15000,0.55000
81.25000,13.39262,2.89689,1.88909,139.32914,1.00000,50.00000,0.20000,1.00000,6.00000,0.10000,0.15000,0.55000
81.30000,13.39443,2.99133,1.88934,139.42247,1.00000,50.00000,0.20000,1.00000,6.00000,0.10000,0.15000,0.55000
81.35000,13.39298,3.08579,1.88963,139.51580,1.00000,50.00000,0.20000,1.00000,6.00000,0.10000,0.15000,0.55000
81.40000,13.38841,3.18016,1.88997,139.60917,1.00000,50.00000,0.20000,1.00000,6.00000,0.10000,0.15000,0.55000
81.45000,13.38086,3.27436,1.89035,139.70256,1.00000,50.00000,0.20000,1.00000,6.00000,0.10000,0.15000,0.55000
81.50000,13.37048,3.36831,1.89077,139.79600,1.00000,50.00000,0.20000,1.00000,6.00000,0.10000,0.15000,0.55000
81.55000,13.35739,3.46195,1.89123,139.88950,1.00000,50.00000,0.20000,1.00000,6.00000,0.10000,0.15000,0.55000
81.60000,13.34175,3.55522,1.89173,139.98306,1.00000,50.00000,0.20000,1.00000,6.00000,0.10000,0.15000,0.55000
81.65000,13.32371,3.64808,1.89227,140.07669,1.00000,50.00000,0.20000,1.00000,6.00000,0.10000,0.15000,0.55000
81.70000,13.30340,3.74050,1.89284,140.17039,1.00000,50.00000,0.20000,1.00000,6.00000,0.10000,0.15000,0.55000
81.75000,13.28097,3.83246,1.89345,140.26418,1.00000,50.00000,0.20000,1.00000,6.00000,0.10000,0.15000,0.55000
81.80000,13.25651,3.92393,1.89412,140.35806,1.00000,50.00000,0.20000,1.00000,6.00000,0.10000,0.15000,0.55000
81.85000,13.23016,4.01491,1.89487,140.45202,1.00000,50.00000,0.20000,1.00000,6.00000,0.10000,0.15000,0.55000
81.90000,13.20203,4.10540,1.89569,140.54608,1.00000,50.00000,0.20000,1.00000,6.00000,0.10000,0.15000,0.55000
81.95000,13.17226,4.19541,1.89658,140.64024,1.00000,50.00000,0.20000,1.00000,6.00000,0.10000,0.15000,0.55000
82.00000,13.14100,4.28497,1.89752,140.73451,1.00000,50.00000,0.20000,1.00000,6.00000,0.10000,0.15000,0.55000
82.05000,13.10839,4.37409,1.89852,140.82888,1.00000,50.00000,0.20000,1.00000,6.00000,0.10000,0.15000,0.55000
82.10000,13.07457,4.46281,1.89957,140.92336,1.00000,50.00000,0.20000,1.00000,6.00000,0.10000,0.15000,0.55000
82.15000,13.03967,4.55117,1.90065,141.01796,1.00000,50.00000,0.20000,1.00000,6.00000,0.10000,0.15000,0.55000
82.20000,13.00381,4.63921,1.90176,141.11265,1.00000,50.00000,0.20000,1.00000,6.00000,0.10000,0.15000,0.55000
82.25000,12.96711,4.72696,1.90289,141.20745,1.00000,50.00000,0.20000,1.00000,6.00000,0.10000,0.15000,0.55000
82.30000,12.92969,4.81447,1.90404,141.30234,1.00000,50.00000,0.20000,1.00000,6.00000,0.10000,0.15000,0.55000
82.35000,12.89165,4.90177,1.90520,141.39733,1.00000,50.00000,0.20000,1.00000,6.00000,0.10000,0.15000,0.55000
82.40000,12.85307,4.98890,1.90638,141.49242,1.00000,50.00000,0.20000,1.00000,6.00000,0.10000,0.15000,0.55000
82.45000,12.81403,5.07589,1.90755,141.58759,1.00000,50.00000,0.20000,1.00000,6.00000,0.10000,0.15000,0.55000
82.50000,12.77462,5.16277,1.90872,141.68285,1.00000,50.00000,0.20000,1.00000,6.00000,0.10000,0.15000,0.55000
82.55000,12.73488,5.24957,1.90989,141.77819,1.00000,50.00000,0.20000,1.00000,6.00000,0.10000,0.15000,0.55000
82.60000,12.69488,5.33632,1.91105,141.87360,1.00000,50.00000,0.20000,1.00000,6.00000,0.10000,0.15000,0.55000
82.65000,12.65465,5.42302,1.91219,141.96910,1.00000,50.00000,0.20000,1.00000,6.00000,0.10000,0.15000,0.55000
82.70000,12.61423,5.50970,1.91332,142.06468,1.00000,50.00000,0.20000,1.00000,6.00000,0.10000,0.15000,0.55000
82.75000,12.57364,5.59636,1.91442,142.16029,1.00000,50.00000,0.20000,1.00000,6.00000,0.10000,0.15000,0.55000
82.80000,12.53291,5.68301,1.91549,142.25609,1.00000,50.00000,0.20000,1.00000,6.00000,0.10000,0.15000,0.55000
82.85000,12.49203,5.76965,1.91654,142.35240,1.00000,50.00000,0.20000,1.00000,6.00000,0.10000,0.15000,0.55000
82.90000,12.45102,5.85629,1.91755,142.44918,1.00000,50.00000,0.20000,1.00000,6.00000,0.10000,0.15000,0.55000
82.95000,12.40986,5.94290,1.91852,142.54610,1.00000,50.00000,0.20000,1.00000,6.00000,0.10000,0.15000,0.55000
83.00000,12.36853,6.02950,1.91945,142.64282,1.00000,50.00000,0.20000,1.00000,6.00000,0.10000,0.15000,0.55000
83.05000,12.32701,6.11605,1.92034,142.73906,1.00000,50.00000,0.20000,1.00000,6.00000,0.10000,0.15000,0.55000
83.10000,12.28527,6.20254,1.92119,142.83504,1.00000,50.00000,0.20000,1.00000,6.00000,0.10000,0.15000,0.55000
83.15000,12.24328,6.28896,1.92201,142.93106,1.00000,50.00000,0.20000,1.00000,6.00000,0.10000,0.15000,0.55000
83.20000,12.20099,6.37528,1.92278,143.02715,1.00000,50.00000,0.20000,1.00000,6.00000,0.10000,0.15000,0.55000
83.25000,12.15835,6.46147,1.92352,143.12327,1.00000,50.00000,0.20000,1.00000,6.00000,0.10000,0.15000,0.55000
83.30000,12.11531,6.54749,1.92422,143.21942,1.00000,50.00000,0.20000,1.00000,6.00000,0.10000,0.15000,0.55000
83.35000,12.07181,6.63332,1.92488,143.31562,1.00000,50.00000,0.20000,1.00000,6.00000,0.10000,0.15000,0.55000
83.40000,12.02777,6.71892,1.92551,143.41188,1.00000,50.00000,0.20000,1.00000,6.00000,0.10000,0.15000,0.55000
83.45000,11.98312,6.80423,1.92609,143.50818,1.00000,50.00000,0.20000,1.00000,6.00000,0.10000,0.15000,0.55000
83.50000,11.93779,6.88922,1.92665,143.60453,1.00000,50.00000,0.20000,1.00000,6.00000,0.10000,0.15000,0.55000
83.55000,11.89170,6.97382,1.92716,143.70094,1.00000,50.00000,0.20000,1.00000,6.00000,0.10000,0.15000,0.55000
83.60000,11.84476,7.05799,1.92764,143.79741,1.00000,50.00000,0.20000,1.00000,6.00000,0.10000,0.15000,0.55000
83.65000,11.79687,7.14164,1.92808,143.89393,1.00000,50.00000,0.20000,1.00000,6.00000,0.10000,0.15000,0.55000
83.70000,11.74796,7.22473,1.92848,143.99051,1.00000,50.00000,0.20000,1.00000,6.00000,0.10000,0.15000,0.55000
83.75000,11.69793,7.30717,1.92885,144.08714,1.00000,50.00000,0.20000,1.00000,6.00000,0.10000,0.15000,0.55000
83.80000,11.64669,7.38888,1.92919,144.18383,1.00000,50.00000,0.20000,1.00000,6.00000,0.10000,0.15000,0.55000
83.85000,11.59415,7.46978,1.92948,144.28057,1.00000,50.00000,0.20000,1.00000,6.00000,0.10000,0.15000,0.55000
83.90000,11.54022,7.54979,1.92975,144.37736,1.00000,50.00000,0.20000,1.00000,6.00000,0.10000,0.15000,0.55000
83.95000,11.48484,7.62880,1.92998,144.47419,1.00000,50.00000,0.20000,1.00000,6.00000,0.10000,0.15000,0.55000
84.00000,11.42791,7.70673,1.93018,144.57105,1.00000,50.00000,0.20000,1.00000,6.00000,0.10000,0.15000,0.55000
84.05000,11.36936,7.78345,1.93035,144.66794,1.00000,50.00000,0.20000,1.00000,6.00000,0.10000,0.15000,0.55000
84.10000,11.30912,7.85886,1.93050,144.76485,1.00000,50.00000,0.20000,1.00000,6.00000,0.10000,0.15000,0.55000
84.15000,11.24716,7.93288,1.93064,144.86178,1.00000,50.00000,0.20000,1.00000,6.00000,0.10000,0.15000,0.55000
84.20000,11.18345,8.00540,1.93073,144.95871,1.00000,50.00000,0.20000,1.00000,6.00000,0.10000,0.15000,0.55000
84.25000,11.11791,8.07628,1.93078,145.05563,1.00000,50.00000,0.20000,1.00000,6.00000,0.10000,0.15000,0.55000
84.30000,11.05049,8.14538,1.93082,145.15253,1.00000,50.00000,0.20000,1.00000,6.00000,0.10000,0.15000,0.55000
84.35000,10.98116,8.21256,1.93087,145.24941,1.00000,50.00000,0.20000,1.00000,6.00000,0.10000,0.15000,0.55000
84.40000,10.90993,8.27772,1.93090,145.34627,1.00000,50.00000,0.20000,1.00000,6.00000,0.10000,0.15000,0.55000
84.45000,10.83679,8.34073,1.93093,145.44309,1.00000,50.00000,0.20000,1.00000,6.00000,0.10000,0.15000,0.55000
84.50000,10.76175,8.40148,1.93096,145.53987,1.00000,50.00000,0.20000,1.00000,6.00000,0.10000,0.15000,0.55000
84.55000,10.68484,8.45984,1.93099,145.63661,1.00000,50.00000,0.20000,1.00000,6.00000,0.10000,0.15000,0.55000
84.60000,10.60610,8.51571,1.93103,145.73331,1.00000,50.00000,0.20000,1.00000,6.00000,0.10000,0.15000,0.55000
84.65000,10.52560,8.56901,1.93109,145.82994,1.00000,50.00000,0.20000,1.00000,6.00000,0.10000,0.15000,0.55000
84.70000,10.44339,8.61964,1.93117,145.92650,1.00000,50.00000,0.20000,1.00000,6.00000,0.10000,0.15000,0.55000
84.75000,10.35955,8.66755,1.93127,146.02304,1.00000,50.00000,0.20000,1.00000,6.00000,0.10000,0.15000,0.55000
84.80000,10.27418,8.71266,1.93139,146.11954,1.00000,50.00000,0.20000,1.00000,6.00000,0.10000,0.15000,0.55000
84.85000,10.18735,8.75494,1.93153,146.21596,1.00000,50.00000,0.20000,1.00000,6.00000,0.10000,0.15000,0.55000
84.90000,10.09918,8.79435,1.93170,146.31229,1.00000,50.00000,0.20000,1.00000,6.00000,0.10000,0.15000,0.55000
84.95000,10.00976,8.83086,1.93190,146.40857,1.00000,50.00000,0.20000,1.00000,6.00000,0.10000,0.15000,0.55000
85.00000,9.91920,8.86446,1.93212,146.50480,1.00000,50.00000,0.20000,1.00000,6.00000,0.10000,0.15000,0.55000
85.05000,9.82760,8.89517,1.93237,146.60097,1.00000,50.00000,0.20000,1.00000,6.00000,0.10000,0.15000,0.55000
85.10000,9.73507,8.92298,1.93266,146.69714,1.00000,50.00000,0.20000,1.00000,6.00000,0.10000,0.15000,0.55000
85.15000,9.64171,8.94792,1.93296,146.79333,1.00000,50.00000,0.20000,1.00000,6.00000,0.10000,0.15000,0.55000
85.20000,9.54761,8.97000,1.93330,146.88937,1.00000,50.00000,0.20000,1.00000,6.00000,0.10000,0.15000,0.55000
85.25000,9.45288,8.98927,1.93366,146.98518,1.00000,50.00000,0.20000,1.00000,6.00000,0.10000,0.15000,0.55000
85.30000,9.35761,9.00578,1.93406,147.08123,1.00000,50.00000,0.20000,1.00000,6.00000,0.10000,0.15000,0.55000
85.35000,9.26189,9.01957,1.93447,147.17784,1.00000,50.00000,0.20000,1.00000,6.00000,0.10000,0.15000,0.55000
85.40000,9.16580,9.03066,1.93488,147.27442,1.00000,50.00000,0.20000,1.00000,6.00000,0.10000,0.15000,0.55000
85.45000,9.06942,9.03910,1.93532,147.37050,1.00000,50.00000,0.20000,1.00000,6.00000,0.10000,0.15000,0.55000
85.50000,8.97282,9.04493,1.93578,147.46647,1.00000,50.00000,0.20000,1.00000,6.00000,0.10000,0.15000,0.55000
85.55000,8.87608,9.04819,1.93627,147.56259,1.00000,50.00000,0.20000,1.00000,6.00000,0.10000,0.15000,0.55000
85.60000,8.77926,9.04893,1.93678,147.65880,1.00000,50.00000,0.20000,1.00000,6.00000,0.10000,0.15000,0.55000
85.65000,8.68242,9.04722,1.93733,147.75501,1.00000,50.00000,0.20000,1.00000,6.00000,0.10000,0.15000,0.55000
85.70000,8.58563,9.04312,1.93790,147.85122,1.00000,50.00000,0.20000,1.00000,6.00000,0.10000,0.15000,0.55000
85.75000,8.48893,9.03671,1.93851,147.94744,1.00000,50.00000,0.20000,1.00000,6.00000,0.10000,0.15000,0.55000
85.80000,8.39238,9.02806,1.93916,148.04367,1.00000,50.00000,0.20000,1.00000,6.00000,0.10000,0.15000,0.55000
85.85000,8.29601,9.01727,1.93984,148.13995,1.00000,50.00000,0.20000,1.00000,6.00000,0.10000,0.15000,0.55000
85.90000,8.19986,9.00441,1.94056,148.23628,1.00000,50.00000,0.20000,1.00000,6.00000,0.10000,0.15000,0.55000
85.95000,8.10395,8.98960,1.94132,148.33267,1.00000,50.00000,0.20000,1.00000,6.00000,0.10000,0.15000,0.55000
86.00000,8.00831,8.97293,1.94211,148.42913,1.00000,50.00000,0.20000,1.00000,6.00000,0.10000,0.15000,0.55000
86.05000,7.91295,8.95452,1.94294,148.52567,1.00000,50.00000,0.20000,1.00000,6.00000,0.10000,0.15000,0.55000
86.10000,7.81787,8.93447,1.94381,148.62229,1.00000,50.00000,0.20000,1.00000,6.00000,0.10000,0.15000,0.55000
86.15000,7.72308,8.91289,1.94471,148.71899,1.00000,50.00000,0.20000,1.00000,6.00000,0.10000,0.15000,0.55000
86.20000,7.62858,8.88991,1.94564,148.81578,1.00000,50.00000,0.20000,1.00000,6.00000,0.10000,0.15000,0.55000
86.25000,7.53435,8.86564,1.94661,148.91266,1.00000,50.00000,0.20000,1.00000,6.00000,0.10000,0.15000,0.55000
86.30000,7.44038,8.84020,1.94761,149.00962,1.00000,50.00000,0.20000,1.00000,6.00000,0.10000,0.15000,0.55000
86.35000,7.34665,8.81370,1.94864,149.10668,1.00000,50.00000,0.20000,1.00000,6.00000,0.10000,0.15000,0.55000
86.40000,7.25313,8.78627,1.94970,149.20384,1.00000,50.00000,0.20000,1.00000,6.00000,0.10000,0.15000,0.55000
86.45000,7.15980,8.75802,1.95078,149.30109,1.00000,50.00000,0.20000,1.00000,6.00000,0.10000,0.15000,0.55000
86.50000,7.06663,8.72905,1.95190,149.39843,1.00000,50.00000,0.20000,1.00000,6.00000,0.10000,0.15000,0.55000
86.55000,6.97359,8.69950,1.95303,149.49586,1.00000,50.00000,0.20000,1.00000,6.00000,0.10000,0.15000,0.55000
86.60000,6.88065,8.66945,1.95419,149.59339,1.00000,50.00000,0.20000,1.00000,6.00000,0.10000,0.15000,0.55000
86.65000,6.78777,8.63901,1.95539,149.69100,1.00000,50.00000,0.20000,1.00000,6.00000,0.10000,0.15000,0.55000
86.70000,6.69491,8.60831,1.95667,149.78871,1.00000,50.00000,0.20000,1.00000,6.00000,0.10000,0.15000,0.55000
86.75000,6.60203,8.57746,1.95802,149.88651,1.00000,50.00000,0.20000,1.00000,6.00000,0.10000,0.15000,0.55000
86.80000,6.50910,8.54656,1.95942,149.98439,1.00000,50.00000,0.20000,1.00000,6.00000,0.10000,0.15000,0.55000
86.85000,6.41607,8.51572,1.96088,150.08237,1.00000,50.00000,0.20000,1.00000,6.00000,0.10000,0.15000,0.55000
86.90000,6.32292,8.48502,1.96240,150.18043,1.00000,50.00000,0.20000,1.00000,6.00000,0.10000,0.15000,0.55000
86.95000,6.22961,8.45453,1.96395,150.27859,1.00000,50.00000,0.20000,1.00000,6.00000,0.10000,0.15000,0.55000
87.00000,6.13613,8.42433,1.96556,150.37683,1.00000,50.00000,0.20000,1.00000,6.00000,0.10000,0.15000,0.55000
87.05000,6.04246,8.39447,1.96720,150.47516,1.00000,50.00000,0.20000,1.00000,6.00000,0.10000,0.15000,0.55000
87.10000,5.94858,8.36499,1.96887,150.57358,1.00000,50.00000,0.20000,1.00000,6.00000,0.10000,0.15000,0.55000
87.15000,5.85447,8.33594,1.97057,150.67209,1.00000,50.00000,0.20000,1.00000,6.00000,0.10000,0.15000,0.55000
87.20000,5.76014,8.30733,1.97230,150.77068,1.00000,50.00000,0.20000,1.00000,6.00000,0.10000,0.15000,0.55000
87.25000,5.66558,8.27919,1.97406,150.86936,1.00000,50.00000,0.20000,1.00000,6.00000,0.10000,0.15000,0.55000
87.30000,5.57079,8.25152,1.97582,150.96813,1.00000,50.00000,0.20000,1.00000,6.00000,0.10000,0.15000,0.55000
87.35000,5.47577,8.22433,1.97760,151.06699,1.00000,50.00000,0.20000,1.00000,6.00000,0.10000,0.15000,0.55000
87.40000,5.38052,8.19762,1.97938,151.16593,1.00000,50.00000,0.20000,1.00000,6.00000,0.10000,0.15000,0.55000
87.45000,5.28505,8.17138,1.98117,151.26496,1.00000,50.00000,0.20000,1.00000,6.00000,0.10000,0.15000,0.55000
87.50000,5.18936,8.14559,1.98295,151.36405,1.00000,50.00000,0.20000,1.00000,6.00000,0.10000,0.15000,0.55000
87.55000,5.09346,8.12024,1.98473,151.46325,1.00000,50.00000,0.20000,1.00000,6.00000,0.10000,0.15000,0.55000
87.60000,4.99736,8.09530,1.98649,151.56259,1.00000,50.00000,0.20000,1.00000,6.00000,0.10000,0.15000,0.55000
87.65000,4.90108,8.07076,1.98823,151.66195,1.00000,50.00000,0.20000,1.00000,6.00000,0.10000,0.15000,0.55000
87.70000,4.80461,8.04657,1.98995,151.76133,1.00000,50.00000,0.20000,1.00000,6.00000,0.10000,0.15000,0.55000
87.75000,4.70797,8.02270,1.99164,151.86154,1.00000,50.00000,0.20000,1.00000,6.00000,0.10000,0.15000,0.55000
87.80000,4.61118,7.99914,1.99329,151.96300,1.00000,50.00000,0.20000,1.00000,6.00000,0.10000,0.15000,0.55000
87.85000,4.51423,7.97583,1.99492,152.06420,1.00000,50.00000,0.20000,1.00000,6.00000,0.10000,0.15000,0.55000
87.90000,4.41716,7.95274,1.99650,152.16435,1.00000,50.00000,0.20000,1.00000,6.00000,0.10000,0.15000,0.55000
87.95000,4.31996,7.92983,1.99804,152.26422,1.00000,50.00000,0.20000,1.00000,6.00000,0.10000,0.15000,0.55000
88.00000,4.22264,7.90705,1.99955,152.36421,1.00000,50.00000,0.20000,1.00000,6.00000,0.10000,0.15000,0.55000
88.05000,4.12524,7.88437,2.00102,152.46423,1.00000,50.00000,0.20000,1.00000,6.00000,0.10000,0.15000,0.55000
88.10000,4.02774,7.86174,2.00245,152.56429,1.00000,50.00000,0.20000,1.00000,6.00000,0.10000,0.15000,0.55000
88.15000,3.93018,7.83910,2.00385,152.66440,1.00000,50.00000,0.20000,1.00000,6.00000,0.10000,0.15000,0.55000
88.20000,3.83255,7.81640,2.00521,152.76460,1.00000,50.00000,0.20000,1.00000,6.00000,0.10000,0.15000,0.55000
88.25000,3.73489,7.79359,2.00653,152.86486,1.00000,50.00000,0.20000,1.00000,6.00000,0.10000,0.15000,0.55000
88.30000,3.63720,7.77061,2.00782,152.96519,1.00000,50.00000,0.20000,1.00000,6.00000,0.10000,0.15000,0.55000
88.35000,3.53949,7.74740,2.00907,153.06558,1.00000,50.00000,0.20000,1.00000,6.00000,0.10000,0.15000,0.55000
88.40000,3.44180,7.72390,2.01028,153.16605,1.00000,50.00000,0.20000,1.00000,6.00000,0.10000,0.15000,0.55000
88.45000,3.34413,7.70004,2.01147,153.26658,1.00000,50.00000,0.20000,1.00000,6.00000,0.10000,0.15000,0.55000
88.50000,3.24650,7.67575,2.01262,153.36719,1.00000,50.00000,0.20000,1.00000,6.00000,0.10000,0.15000,0.55000
88.55000,3.14894,7.65096,2.01374,153.46786,1.00000,50.00000,0.20000,1.00000,6.00000,0.10000,0.15000,0.55000
88.60000,3.05147,7.62560,2.01483,153.56860,1.00000,50.00000,0.20000,1.00000,6.00000,0.10000,0.15000,0.55000
88.65000,2.95412,7.59960,2.01589,153.66941,1.00000,50.00000,0.20000,1.00000,6.00000,0.10000,0.15000,0.55000
88.70000,2.85690,7.57287,2.01693,153.77029,1.00000,50.00000,0.20000,1.00000,6.00000,0.10000,0.15000,0.55000
88.75000,2.75986,7.54533,2.01794,153.87123,1.00000,50.00000,0.20000,1.00000,6.00000,0.10000,0.15000,0.55000
88.80000,2.66303,7.51690,2.01892,153.97224,1.00000,50.00000,0.20000,1.00000,6.00000,0.10000,0.15000,0.55000
88.85000,2.56644,7.48750,2.01988,154.07332,1.00000,50.00000,0.20000,1.00000,6.00000,0.10000,0.15000,0.55000
88.90000,2.47012,7.45704,2.02081,154.17446,1.00000,50.00000,0.20000,1.00000,6.00000,0.10000,0.15000,0.55000
88.95000,2.37412,7.42546,2.02173,154.27566,1.00000,50.00000,0.20000,1.00000,6.00000,0.10000,0.15000,0.55000
89.00000,2.27847,7.39267,2.02261,154.37692,1.00000,50.00000,0.20000,1.00000,6.00000,0.10000,0.15000,0.55000
89.05000,2.18324,7.35859,2.02348,154.47823,1.00000,50.00000,0.20000,1.00000,6.00000,0.10000,0.15000,0.55000
89.10000,2.08845,7.32316,2.02432,154.57961,1.00000,50.00000,0.20000,1.00000,6.00000,0.10000,0.15000,0.55000
89.15000,1.99416,7.28631,2.02515,154.68103,1.00000,50.00000,0.20000,1.00000,6.00000,0.10000,0.15000,0.55000
89.20000,1.90041,7.24798,2.02595,154.78251,1.00000,50.00000,0.20000,1.00000,6.00000,0.10000,0.15000,0.55000
89.25000,1.80727,7.20812,2.02674,154.88404,1.00000,50.00000,0.20000,1.00000,6.00000,0.10000,0.15000,0.55000
89.30000,1.71477,7.16668,2.02750,154.98561,1.00000,50.00000,0.20000,1.00000,6.00000,0.10000,0.15000,0.55000
89.35000,1.62298,7.12361,2.02825,155.08723,1.00000,50.00000,0.20000,1.00000,6.00000,0.10000,0.15000,0.55000
89.40000,1.53193,7.07890,2.02898,155.18888,1.00000,50.00000,0.20000,1.00000,6.00000,0.10000,0.15000,0.55000
89.45000,1.44170,7.03251,2.02969,155.29058,1.00000,50.00000,0.20000,1.00000,6.00000,0.10000,0.15000,0.55000
89.50000,1.35231,6.98441,2.03039,155.39232,1.00000,50.00000,0.20000,1.00000,6.00000,0.10000,0.15000,0.55000
89.55000,1.26383,6.93461,2.03107,155.49410,1.00000,50.00000,0.20000,1.00000,6.00000,0.10000,0.15000,0.55000
89.60000,1.17630,6.88308,2.03174,155.59591,1.00000,50.00000,0.20000,1.00000,6.00000,0.10000,0.15000,0.55000
89.65000,1.08977,6.82984,2.03239,155.69777,1.00000,50.00000,0.20000,1.00000,6.00000,0.10000,0.15000,0.55000
89.70000,1.00428,6.77487,2.03303,155.79965,1.00000,50.00000,0.20000,1.00000,6.00000,0.10000,0.15000,0.55000
89.75000,0.91989,6.71819,2.03365,155.90156,1.00000,50.00000,0.20000,1.00000,6.00000,0.10000,0.15000,0.55000
89.80000,0.83662,6.65980,2.03426,156.00347,1.00000,50.00000,0.20000,1.00000,6.00000,0.10000,0.15000,0.55000
89.85000,0.75454,6.59972,2.03485,156.10539,1.00000,50.00000,0.20000,1.00000,6.00000,0.10000,0.15000,0.55000
89.90000,0.67367,6.53795,2.03543,156.20732,1.00000,50.00000,0.20000,1.00000,6.00000,0.10000,0.15000,0.55000
89.95000,0.59407,6.47452,2.03599,156.30924,1.00000,50.00000,0.20000,1.00000,6.00000,0.10000,0.15000,0.55000
90.00000,0.51578,6.40943,2.03654,156.41116,1.00000,50.00000,0.20000,1.00000,6.00000,0.10000,0.15000,0.55000
90.05000,0.43884,6.34271,2.03707,156.51308,1.00000,50.00000,0.20000,1.00000,6.00000,0.10000,0.15000,0.55000
90.10000,0.36330,6.27438,2.03759,156.61500,1.00000,50.00000,0.20000,1.00000,6.00000,0.10000,0.15000,0.55000
90.15000,0.28921,6.20443,2.03810,156.71692,1.00000,50.00000,0.20000,1.00000,6.00000,0.10000,0.15000,0.55000
90.20000,0.21661,6.13290,2.03860,156.81885,1.00000,50.00000,0.20000,1.00000,6.00000,0.10000,0.15000,0.55000
90.25000,0.14556,6.05980,2.03909,156.92079,1.00000,50.00000,0.20000,1.00000,6.00000,0.10000,0.15000,0.55000
90.30000,0.07612,5.98514,2.03956,157.02274,1.00000,50.00000,0.20000,1.00000,6.00000,0.10000,0.15000,0.55000
90.35000,0.00833,5.90894,2.04003,157.12470,1.00000,50.00000,0.20000,1.00000,6.00000,0.10000,0.15000,0.55000
90.40000,-0.05775,5.83122,2.04049,157.22667,1.00000,50.00000,0.20000,1.00000,6.00000,0.10000,0.15000,0.55000
90.45000,-0.12205,5.75200,2.04095,157.32865,1.00000,50.00000,0.20000,1.00000,6.00000,0.10000,0.15000,0.55000
90.50000,-0.18453,5.67130,2.04140,157.43064,1.00000,50.00000,0.20000,1.00000,6.00000,0.10000,0.15000,0.55000
90.55000,-0.24511,5.58915,2.04186,157.53265,1.00000,50.00000,0.20000,1.00000,6.00000,0.10000,0.15000,0.55000
90.60000,-0.30376,5.50557,2.04231,157.63467,1.00000,50.00000,0.20000,1.00000,6.00000,0.10000,0.15000,0.55000
90.65000,-0.36040,5.42059,2.04277,157.73670,1.00000,50.00000,0.20000,1.00000,6.00000,0.10000,0.15000,0.55000
90.70000,-0.41500,5.33426,2.04323,157.83872,1.00000,50.00000,0.20000,1.00000,6.00000,0.10000,0.15000,0.55000
90.75000,-0.46749,5.24661,2.04371,157.94077,1.00000,50.00000,0.20000,1.00000,6.00000,0.10000,0.15000,0.55000
90.80000,-0.51785,5.15768,2.04419,158.04286,1.00000,50.00000,0.20000,1.00000,6.00000,0.10000,0.15000,0.55000
90.85000,-0.56603,5.06753,2.04469,158.14494,1.00000,50.00000,0.20000,1.00000,6.00000,0.10000,0.15000,0.55000
90.90000,-0.61200,4.97620,2.04519,158.24699,1.00000,50.00000,0.20000,1.00000,6.00000,0.10000,0.15000,0.55000
90.95000,-0.65574,4.88375,2.04572,158.34905,1.00000,50.00000,0.20000,1.00000,6.00000,0.10000,0.15000,0.55000
91.00000,-0.69722,4.79025,2.04626,158.45113,1.00000,50.00000,0.20000,1.00000,6.00000,0.10000,0.15000,0.55000
91.05000,-0.73645,4.69574,2.04681,158.55321,1.00000,50.00000,0.20000,1.00000,6.00000,0.10000,0.15000,0.55000
91.10000,-0.77341,4.60029,2.04739,158.65531,1.00000,50.00000,0.20000,1.00000,6.00000,0.10000,0.15000,0.55000
91.15000,-0.80810,4.50397,2.04798,158.75742,1.00000,50.00000,0.20000,1.00000,6.00000,0.10000,0.15000,0.55000
91.20000,-0.84053,4.40683,2.04858,158.85954,1.00000,50.00000,0.20000,1.00000,6.00000,0.10000,0.15000,0.55000
91.25000,-0.87072,4.30893,2.04920,158.96169,1.00000,50.00000,0.20000,1.00000,6.00000,0.10000,0.15000,0.55000
91.30000,-0.89867,4.21034,2.04984,159.06387,1.00000,50.00000,0.20000,1.00000,6.00000,0.10000,0.15000,0.55000
91.35000,-0.92440,4.11112,2.05049,159.16607,1.00000,50.00000,0.20000,1.00000,6.00000,0.10000,0.15000,0.55000
91.40000,-0.94794,4.01132,2.05115,159.26831,1.00000,50.00000,0.20000,1.00000,6.00000,0.10000,0.15000,0.55000
91.45000,-0.96929,3.91100,2.05182,159.37058,1.00000,50.00000,0.20000,1.00000,6.00000,0.10000,0.15000,0.55000
91.50000,-0.98849,3.81020,2.05251,159.47289,1.00000,50.00000,0.20000,1.00000,6.00000,0.10000,0.15000,0.55000
91.55000,-1.00555,3.70899,2.05321,159.57523,1.00000,50.00000,0.20000,1.00000,6.00000,0.10000,0.15000,0.55000
91.60000,-1.02050,3.60741,2.05392,159.67761,1.00000,50.00000,0.20000,1.00000,6.00000,0.10000,0.15000,0.55000
91.65000,-1.03334,3.50550,2.05463,159.78003,1.00000,50.00000,0.20000,1.00000,6.00000,0.10000,0.15000,0.55000
91.70000,-1.04411,3.40332,2.05536,159.88249,1.00000,50.00000,0.20000,1.00000,6.00000,0.10000,0.15000,0.55000
91.75000,-1.05281,3.30090,2.05610,159.98498,1.00000,50.00000,0.20000,1.00000,6.00000,0.10000,0.15000,0.55000
91.80000,-1.05948,3.19830,2.05686,160.08751,1.00000,50.00000,0.20000,1.00000,6.00000,0.10000,0.15000,0.55000
91.85000,-1.06412,3.09554,2.05762,160.19006,1.00000,50.00000,0.20000,1.00000,6.00000,0.10000,0.15000,0.55000
91.90000,-1.06676,2.99268,2.05839,160.29265,1.00000,50.00000,0.20000,1.00000,6.00000,0.10000,0.15000,0.55000
91.95000,-1.06741,2.88974,2.05918,160.39526,1.00000,50.00000,0.20000,1.00000,6.00000,0.10000,0.15000,0.55000
92.00000,-1.06611,2.78677,2.05999,160.49790,1.00000,50.00000,0.20000,1.00000,6.00000,0.10000,0.15000,0.55000
92.05000,-1.06286,2.68380,2.06081,160.60057,1.00000,50.00000,0.20000,1.00000,6.00000,0.10000,0.15000,0.55000
92.10000,-1.05770,2.58087,2.06165,160.70326,1.00000,50.00000,0.20000,1.00000,6.00000,0.10000,0.15000,0.55000
92.15000,-1.05066,2.47801,2.06251,160.80599,1.00000,50.00000,0.20000,1.00000,6.00000,0.10000,0.15000,0.55000
92.20000,-1.04176,2.37525,2.06338,160.90875,1.00000,50.00000,0.20000,1.00000,6.00000,0.10000,0.15000,0.55000
92.25000,-1.03105,2.27262,2.06428,161.01155,1.00000,50.00000,0.20000,1.00000,6.00000,0.10000,0.15000,0.55000
92.30000,-1.01851,2.17015,2.06522,161.11438,1.00000,50.00000,0.20000,1.00000,6.00000,0.10000,0.15000,0.55000
92.35000,-1.00415,2.06786,2.06622,161.21727,1.00000,50.00000,0.20000,1.00000,6.00000,0.10000,0.15000,0.55000
92.40000,-0.98799,1.96580,2.06728,161.32021,1.00000,50.00000,0.20000,1.00000,6.00000,0.10000,0.15000,0.55000
92.45000,-0.97007,1.86398,2.06842,161.42321,1.00000,50.00000,0.20000,1.00000,6.00000,0.10000,0.15000,0.55000
92.50000,-0.95044,1.76241,2.06962,161.52628,1.00000,50.00000,0.20000,1.00000,6.00000,0.10000,0.15000,0.55000
92.55000,-0.92918,1.66110,2.07087,161.62943,1.00000,50.00000,0.20000,1.00000,6.00000,0.10000,0.15000,0.55000
92.60000,-0.90637,1.56007,2.07218,161.73265,1.00000,50.00000,0.20000,1.00000,6.00000,0.10000,0.15000,0.55000
92.65000,-0.88210,1.45931,2.07353,161.83596,1.00000,50.00000,0.20000,1.00000,6.00000,0.10000,0.15000,0.55000
92.70000,-0.85648,1.35881,2.07492,161.93936,1.00000,50.00000,0.20000,1.00000,6.00000,0.10000,0.15000,0.55000
92.75000,-0.82959,1.25858,2.07634,162.04285,1.00000,50.00000,0.20000,1.00000,6.00000,0.10000,0.15000,0.55000
92.80000,-0.80154,1.15858,2.07780,162.14643,1.00000,50.00000,0.20000,1.00000,6.00000,0.10000,0.15000,0.55000
92.85000,-0.77243,1.05882,2.07927,162.25011,1.00000,50.00000,0.20000,1.00000,6.00000,0.10000,0.15000,0.55000
92.90000,-0.74234,0.95926,2.08077,162.35389,1.00000,50.00000,0.20000,1.00000,6.00000,0.10000,0.15000,0.55000
92.95000,-0.71139,0.85990,2.08227,162.45776,1.00000,50.00000,0.20000,1.00000,6.00000,0.10000,0.15000,0.55000
93.00000,-0.67966,0.76070,2.08378,162.56172,1.00000,50.00000,0.20000,1.00000,6.00000,0.10000,0.15000,0.55000
93.05000,-0.64723,0.66164,2.08529,162.66579,1.00000,50.00000,0.20000,1.00000,6.00000,0.10000,0.15000,0.55000
93.10000,-0.61420,0.56271,2.08680,162.76994,1.00000,50.00000,0.20000,1.00000,6.00000,0.10000,0.15000,0.55000
93.15000,-0.58063,0.46388,2.08829,162.87419,1.00000,50.00000,0.20000,1.00000,6.00000,0.10000,0.15000,0.55000
93.20000,-0.54660,0.36513,2.08977,162.97855,1.00000,50.00000,0.20000,1.00000,6.00000,0.10000,0.15000,0.55000
93.25000,-0.51217,0.26644,2.09123,163.08299,1.00000,50.00000,0.20000,1.00000,6.00000,0.10000,0.15000,0.55000
93.30000,-0.47742,0.16778,2.09267,163.18755,1.00000,50.00000,0.20000,1.00000,6.00000,0.10000,0.15000,0.55000
93.35000,-0.44239,0.06915,2.09407,163.29262,1.00000,50.00000,0.20000,1.00000,6.00000,0.10000,0.15000,0.55000
93.40000,-0.40713,-0.02948,2.09544,163.39836,1.00000,50.00000,0.20000,1.00000,6.00000,0.10000,0.15000,0.55000
93.45000,-0.37170,-0.12811,2.09677,163.50434,1.00000,50.00000,0.20000,1.00000,6.00000,0.10000,0.15000,0.55000
93.50000,-0.33613,-0.22676,2.09806,163.61013,1.00000,50.00000,0.20000,1.00000,6.00000,0.10000,0.15000,0.55000
93.55000,-0.30045,-0.32545,2.09931,163.71539,1.00000,50.00000,0.20000,1.00000,6.00000,0.10000,0.15000,0.55000
93.60000,-0.26471,-0.42417,2.10051,163.82037,1.00000,50.00000,0.20000,1.00000,6.00000,0.10000,0.15000,0.55000
93.65000,-0.22893,-0.52295,2.10166,163.92542,1.00000,50.00000,0.20000,1.00000,6.00000,0.10000,0.15000,0.55000
93.70000,-0.19314,-0.62178,2.10277,164.03053,1.00000,50.00000,0.20000,1.00000,6.00000,0.10000,0.15000,0.55000
93.75000,-0.15735,-0.72067,2.10384,164.13567,1.00000,50.00000,0.20000,1.00000,6.00000,0.10000,0.15000,0.55000
93.80000,-0.12159,-0.81962,2.10486,164.24086,1.00000,50.00000,0.20000,1.00000,6.00000,0.10000,0.15000,0.55000
93.85000,-0.08587,-0.91864,2.10584,164.34610,1.00000,50.00000,0.20000,1.00000,6.00000,0.10000,0.15000,0.55000
93.90000,-0.05019,-1.01773,2.10676,164.45138,1.00000,50.00000,0.20000,1.00000,6.00000,0.10000,0.15000,0.55000
93.95000,-0.01455,-1.11688,2.10764,164.55671,1.00000,50.00000,0.20000,1.00000,6.00000,0.10000,0.15000,0.55000
94.00000,0.02104,-1.21609,2.10848,164.66208,1.00000,50.00000,0.20000,1.00000,6.00000,0.10000,0.15000,0.55000
94.05000,0.05659,-1.31536,2.10927,164.76749,1.00000,50.00000,0.20000,1.00000,6.00000,0.10000,0.15000,0.55000
94.10000,0.09211,-1.41468,2.11001,164.87294,1.00000,50.00000,0.20000,1.00000,6.00000,0.10000,0.15000,0.55000
94.15000,0.12762,-1.51404,2.11070,164.97841,1.00000,50.00000,0.20000,1.00000,6.00000,0.10000,0.15000,0.55000
94.20000,0.16315,-1.61344,2.11135,165.08392,1.00000,50.00000,0.20000,1.00000,6.00000,0.10000,0.15000,0.55000
94.25000,0.19872,-1.71285,2.11195,165.18945,1.00000,50.00000,0.20000,1.00000,6.00000,0.10000,0.15000,0.55000
94.30000,0.23438,-1.81226,2.11250,165.29501,1.00000,50.00000,0.20000,1.00000,6.00000,0.10000,0.15000,0.55000
94.35000,0.27015,-1.91165,2.11301,165.40060,1.00000,50.00000,0.20000,1.00000,6.00000,0.10000,0.15000,0.55000
94.40000,0.30610,-2.01101,2.11347,165.50621,1.00000,50.00000,0.20000,1.00000,6.00000,0.10000,0.15000,0.55000
94.45000,0.34227,-2.11031,2.11388,165.61184,1.00000,50.00000,0.20000,1.00000,6.00000,0.10000,0.15000,0.55000
94.50000,0.37874,-2.20953,2.11424,165.71750,1.00000,50.00000,0.20000,1.00000,6.00000,0.10000,0.15000,0.55000
94.55000,0.41556,-2.30863,2.11456,165.82318,1.00000,50.00000,0.20000,1.00000,6.00000,0.10000,0.15000,0.55000
94.60000,0.45282,-2.40758,2.11483,165.92888,1.00000,50.00000,0.20000,1.00000,6.00000,0.10000,0.15000,0.55000
94.65000,0.49060,-2.50635,2.11504,166.03460,1.00000,50.00000,0.20000,1.00000,6.00000,0.10000,0.15000,0.55000
94.70000,0.52899,-2.60489,2.11521,166.14035,1.00000,50.00000,0.20000,1.00000,6.00000,0.10000,0.15000,0.55000
94.75000,0.56810,-2.70316,2.11533,166.24611,1.00000,50.00000,0.20000,1.00000,6.00000,0.10000,0.15000,0.55000
94.80000,0.60801,-2.80110,2.11540,166.35189,1.00000,50.00000,0.20000,1.00000,6.00000,0.10000,0.15000,0.55000
94.85000,0.64886,-2.89867,2.11541,166.45769,1.00000,50.00000,0.20000,1.00000,6.00000,0.10000,0.15000,0.55000
94.90000,0.69074,-2.99579,2.11537,166.56350,1.00000,50.00000,0.20000,1.00000,6.00000,0.10000,0.15000,0.55000
94.95000,0.73379,-3.09240,2.11528,166.66932,1.00000,50.00000,0.20000,1.00000,6.00000,0.10000,0.15000,0.55000
95.00000,0.77813,-3.18842,2.11513,166.77515,1.00000,50.00000,0.20000,1.00000,6.00000,0.10000,0.15000,0.55000
95.05000,0.82390,-3.28375,2.11492,166.88098,1.00000,50.00000,0.20000,1.00000,6.00000,0.10000,0.15000,0.55000
95.10000,0.87123,-3.37830,2.11465,166.98679,1.00000,50.00000,0.20000,1.00000,6.00000,0.10000,0.15000,0.55000
95.15000,0.92026,-3.47197,2.11433,167.09259,1.00000,50.00000,0.20000,1.00000,6.00000,0.10000,0.15000,0.55000
95.20000,0.97114,-3.56463,2.11393,167.19837,1.00000,50.00000,0.20000,1.00000,6.00000,0.10000,0.15000,0.55000
95.25000,1.02400,-3.65614,2.11347,167.30411,1.00000,50.00000,0.20000,1.00000,6.00000,0.10000,0.15000,0.55000
95.30000,1.07899,-3.74636,2.11295,167.40980,1.00000,50.00000,0.20000,1.00000,6.00000,0.10000,0.15000,0.55000
95.35000,1.13624,-3.83514,2.11235,167.51544,1.00000,50.00000,0.20000,1.00000,6.00000,0.10000,0.15000,0.55000
95.40000,1.19588,-3.92228,2.11167,167.62102,1.00000,50.00000,0.20000,1.00000,6.00000,0.10000,0.15000,0.55000
95.45000,1.25805,-4.00759,2.11092,167.72652,1.00000,50.00000,0.20000,1.00000,6.00000,0.10000,0.15000,0.55000
95.50000,1.32286,-4.09087,2.11009,167.83194,1.00000,50.00000,0.20000,1.00000,6.00000,0.10000,0.15000,0.55000
95.55000,1.39041,-4.17187,2.10918,167.93727,1.00000,50.00000,0.20000,1.00000,6.00000,0.10000,0.15000,0.55000
95.60000,1.46081,-4.25036,2.10817,168.04251,1.00000,50.00000,0.20000,1.00000,6.00000,0.10000,0.15000,0.55000
95.65000,1.53411,-4.32606,2.10710,168.14765,1.00000,50.00000,0.20000,1.00000,6.00000,0.10000,0.15000,0.55000
95.70000,1.61037,-4.39870,2.10594,168.25270,1.00000,50.00000,0.20000,1.00000,6.00000,0.10000,0.15000,0.55000
95.75000,1.68961,-4.46799,2.10468,168.35765,1.00000,50.00000,0.20000,1.00000,6.00000,0.10000,0.15000,0.55000
95.80000,1.77183,-4.53361,2.10333,168.46250,1.00000,50.00000,0.20000,1.00000,6.00000,0.10000,0.15000,0.55000
95.85000,1.85699,-4.59524,2.10191,168.56726,1.00000,50.00000,0.20000,1.00000,6.00000,0.10000,0.15000,0.55000
95.90000,1.94502,-4.65256,2.10040,168.67193,1.00000,50.00000,0.20000,1.00000,6.00000,0.10000,0.15000,0.55000
95.95000,2.03582,-4.70524,2.09881,168.77652,1.00000,50.00000,0.20000,1.00000,6.00000,0.10000,0.15000,0.55000
96.00000,2.12922,-4.75296,2.09714,168.88105,1.00000,50.00000,0.20000,1.00000,6.00000,0.10000,0.15000,0.55000
96.05000,2.22505,-4.79538,2.09542,168.98551,1.00000,50.00000,0.20000,1.00000,6.00000,0.10000,0.15000,0.55000
96.10000,2.32308,-4.83222,2.09363,169.08992,1.00000,50.00000,0.20000,1.00000,6.00000,0.10000,0.15000,0.55000
96.15000,2.42301,-4.86318,2.09179,169.19428,1.00000,50.00000,0.20000,1.00000,6.00000,0.10000,0.15000,0.55000
96.20000,2.52455,-4.88800,2.08992,169.29862,1.00000,50.00000,0.20000,1.00000,6.00000,0.10000,0.15000,0.55000
96.25000,2.62734,-4.90644,2.08801,169.40292,1.00000,50.00000,0.20000,1.00000,6.00000,0.10000,0.15000,0.55000
96.30000,2.73100,-4.91831,2.08608,169.50721,1.00000,50.00000,0.20000,1.00000,6.00000,0.10000,0.15000,0.55000
96.35000,2.83512,-4.92346,2.08416,169.61148,1.00000,50.00000,0.20000,1.00000,6.00000,0.10000,0.15000,0.55000
96.40000,2.93924,-4.92178,2.08225,169.71572,1.00000,50.00000,0.20000,1.00000,6.00000,0.10000,0.15000,0.55000
96.45000,3.04294,-4.91321,2.08035,169.81990,1.00000,50.00000,0.20000,1.00000,6.00000,0.10000,0.15000,0.55000
96.50000,3.14581,-4.89871,2.07749,169.92237,1.00000,50.00000,0.20000,1.00000,6.00000,0.10000,0.15000,0.55000
96.55000,3.24886,-4.88551,2.07608,170.02720,1.00000,50.00000,0.20000,1.00000,6.00000,0.10000,0.15000,0.55000
96.60000,3.35017,-4.86477,2.06468,170.12980,1.00000,50.00000,0.20000,1.00000,6.00000,0.10000,0.15000,0.55000
96.65000,3.44875,-4.83463,2.05892,170.23165,1.00000,50.00000,0.20000,1.00000,6.00000,0.10000,0.15000,0.55000
96.70000,3.54380,-4.79553,2.05315,170.33305,1.00000,50.00000,0.20000,1.00000,6.00000,0.10000,0.15000,0.55000
96.75000,3.63395,-4.74698,2.04076,170.43410,1.00000,50.00000,0.20000,1.00000,6.00000,0.10000,0.15000,0.55000
96.80000,3.71725,-4.68820,2.04524,170.53457,1.00000,50.00000,0.20000,1.00000,6.00000,0.10000,0.15000,0.55000
96.85000,3.79918,-4.62661,2.05096,170.63587,1.00000,50.00000,0.20000,1.00000,6.00000,0.10000,0.15000,0.55000
96.90000,3.87801,-4.56114,2.04827,170.73781,1.00000,50.00000,0.20000,1.00000,6.00000,0.10000,0.15000,0.55000
96.95000,3.95228,-4.49069,2.04718,170.83958,1.00000,50.00000,0.20000,1.00000,6.00000,0.10000,0.15000,0.55000
97.00000,4.02217,-4.41596,2.04626,170.94134,1.00000,50.00000,0.20000,1.00000,6.00000,0.10000,0.15000,0.55000
97.05000,4.08755,-4.33731,2.04540,171.04309,1.00000,50.00000,0.20000,1.00000,6.00000,0.10000,0.15000,0.55000
97.10000,4.14831,-4.25509,2.04460,171.14484,1.00000,50.00000,0.20000,1.00000,6.00000,0.10000,0.15000,0.55000
97.15000,4.20437,-4.16963,2.04386,171.24655,1.00000,50.00000,0.20000,1.00000,6.00000,0.10000,0.15000,0.55000
97.20000,4.25566,-4.08128,2.04320,171.34821,1.00000,50.00000,0.20000,1.00000,6.00000,0.10000,0.15000,0.55000
97.25000,4.30216,-3.99035,2.04259,171.44980,1.00000,50.00000,0.20000,1.00000,6.00000,0.10000,0.15000,0.55000
97.30000,4.34387,-3.89716,2.04206,171.55132,1.00000,50.00000,0.20000,1.00000,6.00000,0.10000,0.15000,0.55000
97.35000,4.38082,-3.80200,2.04160,171.65276,1.00000,50.00000,0.20000,1.00000,6.00000,0.10000,0.15000,0.55000
97.40000,4.41306,-3.70516,2.04120,171.75414,1.00000,50.00000,0.20000,1.00000,6.00000,0.10000,0.15000,0.55000
97.45000,4.44064,-3.60692,2.04087,171.85544,1.00000,50.00000,0.20000,1.00000,6.00000,0.10000,0.15000,0.55000
97.50000,4.46366,-3.50753,2.04061,171.95667,1.00000,50.00000,0.20000,1.00000,6.00000,0.10000,0.15000,0.55000
97.55000,4.48223,-3.40722,2.04040,172.05785,1.00000,50.00000,0.20000,1.00000,6.00000,0.10000,0.15000,0.55000
97.60000,4.49645,-3.30621,2.04026,172.15897,1.00000,50.00000,0.20000,1.00000,6.00000,0.10000,0.15000,0.55000
97.65000,4.50647,-3.20470,2.04018,172.26006,1.00000,50.00000,0.20000,1.00000,6.00000,0.10000,0.15000,0.55000
97.70000,4.51242,-3.10287,2.04016,172.36112,1.00000,50.00000,0.20000,1.00000,6.00000,0.10000,0.15000,0.55000
97.75000,4.51445,-3.00089,2.04020,172.46217,1.00000,50.00000,0.20000,1.00000,6.00000,0.10000,0.15000,0.55000
97.80000,4.51272,-2.89890,2.04028,172.56320,1.00000,50.00000,0.20000,1.00000,6.00000,0.10000,0.15000,0.55000
97.85000,4.50738,-2.79703,2.04042,172.66424,1.00000,50.00000,0.20000,1.00000,6.00000,0.10000,0.15000,0.55000
97.90000,4.49860,-2.69538,2.04062,172.76529,1.00000,50.00000,0.20000,1.00000,6.00000,0.10000,0.15000,0.55000
97.95000,4.48656,-2.59407,2.04087,172.86636,1.00000,50.00000,0.20000,1.00000,6.00000,0.10000,0.15000,0.55000
98.00000,4.47140,-2.49315,2.04114,172.96747,1.00000,50.00000,0.20000,1.00000,6.00000,0.10000,0.15000,0.55000
98.05000,4.45325,-2.39272,2.04146,173.06862,1.00000,50.00000,0.20000,1.00000,6.00000,0.10000,0.15000,0.55000
98.10000,4.43222,-2.29283,2.04188,173.16983,1.00000,50.00000,0.20000,1.00000,6.00000,0.10000,0.15000,0.55000
98.15000,4.40848,-2.19353,2.04238,173.27110,1.00000,50.00000,0.20000,1.00000,6.00000,0.10000,0.15000,0.55000
98.20000,4.38218,-2.09484,2.04297,173.37244,1.00000,50.00000,0.20000,1.00000,6.00000,0.10000,0.15000,0.55000
98.25000,4.35353,-1.99678,2.04362,173.47386,1.00000,50.00000,0.20000,1.00000,6.00000,0.10000,0.15000,0.55000
98.30000,4.32271,-1.89934,2.04434,173.57538,1.00000,50.00000,0.20000,1.00000,6.00000,0.10000,0.15000,0.55000
98.35000,4.28990,-1.80251,2.04511,173.67698,1.00000,50.00000,0.20000,1.00000,6.00000,0.10000,0.15000,0.55000
98.40000,4.25530,-1.70627,2.04592,173.77868,1.00000,50.00000,0.20000,1.00000,6.00000,0.10000,0.15000,0.55000
98.45000,4.21910,-1.61057,2.04677,173.88048,1.00000,50.00000,0.20000,1.00000,6.00000,0.10000,0.15000,0.55000
98.50000,4.18146,-1.51539,2.04764,173.98237,1.00000,50.00000,0.20000,1.00000,6.00000,0.10000,0.15000,0.55000
98.55000,4.14257,-1.42066,2.04853,174.08436,1.00000,50.00000,0.20000,1.00000,6.00000,0.10000,0.15000,0.55000
98.60000,4.10259,-1.32633,2.04944,174.18645,1.00000,50.00000,0.20000,1.00000,6.00000,0.10000,0.15000,0.55000
98.65000,4.06168,-1.23236,2.05035,174.28862,1.00000,50.00000,0.20000,1.00000,6.00000,0.10000,0.15000,0.55000
98.70000,4.01998,-1.13868,2.05127,174.39089,1.00000,50.00000,0.20000,1.00000,6.00000,0.10000,0.15000,0.55000
98.75000,3.97765,-1.04523,2.05218,174.49324,1.00000,50.00000,0.20000,1.00000,6.00000,0.10000,0.15000,0.55000
98.80000,3.93481,-0.95197,2.05309,174.59568,1.00000,50.00000,0.20000,1.00000,6.00000,0.10000,0.15000,0.55000
98.85000,3.89160,-0.85883,2.05399,174.69819,1.00000,50.00000,0.20000,1.00000,6.00000,0.10000,0.15000,0.55000
98.90000,3.84813,-0.76576,2.05486,174.80078,1.00000,50.00000,0.20000,1.00000,6.00000,0.10000,0.15000,0.55000
98.95000,3.80452,-0.67270,2.05572,174.90348,1.00000,50.00000,0.20000,1.00000,6.00000,0.10000,0.15000,0.55000
99.00000,3.76088,-0.57962,2.05655,175.00626,1.00000,50.00000,0.20000,1.00000,6.00000,0.10000,0.15000,0.55000
99.05000,3.71732,-0.48645,2.05736,175.10906,1.00000,50.00000,0.20000,1.00000,6.00000,0.10000,0.15000,0.55000
99.10000,3.67394,-0.39316,2.05813,175.21228,1.00000,50.00000,0.20000,1.00000,6.00000,0.10000,0.15000,0.55000
99.15000,3.63083,-0.29969,2.05886,175.31631,1.00000,50.00000,0.20000,1.00000,6.00000,0.10000,0.15000,0.55000
99.20000,3.58810,-0.20602,2.05955,175.42040,1.00000,50.00000,0.20000,1.00000,6.00000,0.10000,0.15000,0.55000
99.25000,3.54585,-0.11209,2.06020,175.52393,1.00000,50.00000,0.20000,1.00000,6.00000,0.10000,0.15000,0.55000
99.30000,3.50417,-0.01787,2.06081,175.62718,1.00000,50.00000,0.20000,1.00000,6.00000,0.10000,0.15000,0.55000
99.35000,3.46317,0.07668,2.06137,175.73038,1.00000,50.00000,0.20000,1.00000,6.00000,0.10000,0.15000,0.55000
99.40000,3.42295,0.17159,2.06189,175.83359,1.00000,50.00000,0.20000,1.00000,6.00000,0.10000,0.15000,0.55000
99.45000,3.38361,0.26689,2.06236,175.93683,1.00000,50.00000,0.20000,1.00000,6.00000,0.10000,0.15000,0.55000
99.50000,3.34526,0.36262,2.06279,176.04011,1.00000,50.00000,0.20000,1.00000,6.00000,0.10000,0.15000,0.55000
99.55000,3.30799,0.45880,2.06318,176.14342,1.00000,50.00000,0.20000,1.00000,6.00000,0.10000,0.15000,0.55000
99.60000,3.27192,0.55546,2.06352,176.24678,1.00000,50.00000,0.20000,1.00000,6.00000,0.10000,0.15000,0.55000
99.65000,3.23714,0.65261,2.06381,176.35016,1.00000,50.00000,0.20000,1.00000,6.00000,0.10000,0.15000,0.55000
99.70000,3.20377,0.75026,2.06407,176.45358,1.00000,50.00000,0.20000,1.00000,6.00000,0.10000,0.15000,0.55000
99.75000,3.17191,0.84842,2.06428,176.55701,1.00000,50.00000,0.20000,1.00000,6.00000,0.10000,0.15000,0.55000
99.80000,3.14166,0.94711,2.06444,176.66047,1.00000,50.00000,0.20000,1.00000,6.00000,0.10000,0.15000,0.55000
99.85000,3.11313,1.04631,2.06457,176.76394,1.00000,50.00000,0.20000,1.00000,6.00000,0.10000,0.15000,0.55000
99.90000,3.08642,1.14603,2.06464,176.86742,1.00000,50.00000,0.20000,1.00000,6.00000,0.10000,0.15000,0.55000
99.95000,3.06163,1.24624,2.06468,176.97090,1.00000,50.00000,0.20000,1.00000,6.00000,0.10000,0.15000,0.55000
100.00000,3.03888,1.34693,2.06467,177.07437,1.00000,50.00000,0.20000,1.00000,6.00000,0.10000,0.15000,0.55000
100.05000,3.01827,1.44808,2.06462,177.17784,1.00000,50.00000,0.20000,1.00000,6.00000,0.10000,0.15000,0.55000
100.10000,2.99989,1.54966,2.06453,177.28130,1.00000,50.00000,0.20000,1.00000,6.00000,0.10000,0.15000,0.55000
100.15000,2.98385,1.65163,2.06439,177.38473,1.00000,50.00000,0.20000,1.00000,6.00000,0.10000,0.15000,0.55000
100.20000,2.97025,1.75394,2.06421,177.48814,1.00000,50.00000,0.20000,1.00000,6.00000,0.10000,0.15000,0.55000
100.25000,2.95920,1.85655,2.06399,177.59153,1.00000,50.00000,0.20000,1.00000,6.00000,0.10000,0.15000,0.55000
100.30000,2.95080,1.95940,2.06373,177.69488,1.00000,50.00000,0.20000,1.00000,6.00000,0.10000,0.15000,0.55000
100.35000,2.94514,2.06242,2.06342,177.79820,1.00000,50.00000,0.20000,1.00000,6.00000,0.10000,0.15000,0.55000
100.40000,2.94234,2.16554,2.06307,177.90147,1.00000,50.00000,0.20000,1.00000,6.00000,0.10000,0.15000,0.55000
100.45000,2.94249,2.26868,2.06267,178.00470,1.00000,50.00000,0.20000,1.00000,6.00000,0.10000,0.15000,0.55000
100.50000,2.94569,2.37175,2.06223,178.10789,1.00000,50.00000,0.20000,1.00000,6.00000,0.10000,0.15000,0.55000
100.55000,2.95206,2.47465,2.06174,178.21102,1.00000,50.00000,0.20000,1.00000,6.00000,0.10000,0.15000,0.55000
100.60000,2.96167,2.57727,2.06121,178.31410,1.00000,50.00000,0.20000,1.00000,6.00000,0.10000,0.15000,0.55000
100.65000,2.97465,2.67949,2.06063,178.41713,1.00000,50.00000,0.20000,1.00000,6.00000,0.10000,0.15000,0.55000
100.70000,2.99109,2.78119,2.06000,178.52010,1.00000,50.00000,0.20000,1.00000,6.00000,0.10000,0.15000,0.55000
100.75000,3.01108,2.88221,2.05932,178.62301,1.00000,50.00000,0.20000,1.00000,6.00000,0.10000,0.15000,0.55000
100.80000,3.03471,2.98240,2.05859,178.72586,1.00000,50.00000,0.20000,1.00000,6.00000,0.10000,0.15000,0.55000
100.85000,3.06208,3.08160,2.05782,178.82865,1.00000,50.00000,0.20000,1.00000,6.00000,0.10000,0.15000,0.55000
100.90000,3.09326,3.17962,2.05699,178.93137,1.00000,50.00000,0.20000,1.00000,6.00000,0.10000,0.15000,0.55000
100.95000,3.12833,3.27628,2.05611,179.03404,1.00000,50.00000,0.20000,1.00000,6.00000,0.10000,0.15000,0.55000
101.00000,3.16735,3.37136,2.05517,179.13664,1.00000,50.00000,0.20000,1.00000,6.00000,0.10000,0.15000,0.55000
101.05000,3.21038,3.46464,2.05419,179.23918,1.00000,50.00000,0.20000,1.00000,6.00000,0.10000,0.15000,0.55000
101.10000,3.25746,3.55589,2.05317,179.34165,1.00000,50.00000,0.20000,1.00000,6.00000,0.10000,0.15000,0.55000
101.15000,3.30859,3.64487,2.05208,179.44407,1.00000,50.00000,0.20000,1.00000,6.00000,0.10000,0.15000,0.55000
101.20000,3.36380,3.73131,2.05096,179.54642,1.00000,50.00000,0.20000,1.00000,6.00000,0.10000,0.15000,0.55000
101.25000,3.42306,3.81496,2.04978,179.64872,1.00000,50.00000,0.20000,1.00000,6.00000,0.10000,0.15000,0.55000
101.30000,3.48633,3.89553,2.04857,179.75096,1.00000,50.00000,0.20000,1.00000,6.00000,0.10000,0.15000,0.55000
101.35000,3.55356,3.97276,2.04732,179.85314,1.00000,50.00000,0.20000,1.00000,6.00000,0.10000,0.15000,0.55000
101.40000,3.62464,4.04636,2.04604,179.95527,1.00000,50.00000,0.20000,1.00000,6.00000,0.10000,0.15000,0.55000
101.45000,3.69946,4.11606,2.04473,180.05735,1.00000,50.00000,0.20000,1.00000,6.00000,0.10000,0.15000,0.55000
101.50000,3.77788,4.18159,2.04340,180.15937,1.00000,50.00000,0.20000,1.00000,6.00000,0.10000,0.15000,0.55000
101.55000,3.85973,4.24267,2.04205,180.26135,1.00000,50.00000,0.20000,1.00000,6.00000,0.10000,0.15000,0.55000
101.60000,3.94479,4.29905,2.04069,180.36327,1.00000,50.00000,0.20000,1.00000,6.00000,0.10000,0.15000,0.55000
101.65000,4.03285,4.35050,2.03932,180.46514,1.00000,50.00000,0.20000,1.00000,6.00000,0.10000,0.15000,0.55000
101.70000,4.12366,4.39679,2.03795,180.56696,1.00000,50.00000,0.20000,1.00000,6.00000,0.10000,0.15000,0.55000
101.75000,4.21692,4.43771,2.03659,180.66875,1.00000,50.00000,0.20000,1.00000,6.00000,0.10000,0.15000,0.55000
101.80000,4.31235,4.47310,2.03524,180.77047,1.00000,50.00000,0.20000,1.00000,6.00000,0.10000,0.15000,0.55000
101.85000,4.40964,4.50280,2.03391,180.87212,1.00000,50.00000,0.20000,1.00000,6.00000,0.10000,0.15000,0.55000
101.90000,4.50844,4.52669,2.03261,180.97373,1.00000,50.00000,0.20000,1.00000,6.00000,0.10000,0.15000,0.55000
101.95000,4.60841,4.54468,2.03134,181.07529,1.00000,50.00000,0.20000,1.00000,6.00000,0.10000,0.15000,0.55000
102.00000,4.70922,4.55672,2.03011,181.17677,1.00000,50.00000,0.20000,1.00000,6.00000,0.10000,0.15000,0.55000
102.05000,4.81050,4.56277,2.02891,181.27818,1.00000,50.00000,0.20000,1.00000,6.00000,0.10000,0.15000,0.55000
102.10000,4.91190,4.56283,2.02776,181.37954,1.00000,50.00000,0.20000,1.00000,6.00000,0.10000,0.15000,0.55000
102.15000,5.01308,4.55696,2.02667,181.48081,1.00000,50.00000,0.20000,1.00000,6.00000,0.10000,0.15000,0.55000
102.20000,5.11413,4.54431,2.04566,181.58133,1.00000,50.00000,0.20000,1.00000,6.00000,0.10000,0.15000,0.55000
102.25000,5.21258,4.51843,2.03783,181.68403,1.00000,50.00000,0.20000,1.00000,6.00000,0.10000,0.15000,0.55000
102.30000,5.31021,4.48805,2.04990,181.78645,1.00000,50.00000,0.20000,1.00000,6.00000,0.10000,0.15000,0.55000
102.35000,5.40827,4.45831,2.04724,181.88991,1.00000,50.00000,0.20000,1.00000,6.00000,0.10000,0.15000,0.55000
102.40000,5.50429,4.42300,2.04554,181.99301,1.00000,50.00000,0.20000,1.00000,6.00000,0.10000,0.15000,0.55000
102.45000,5.59830,4.38280,2.04466,182.09588,1.00000,50.00000,0.20000,1.00000,6.00000,0.10000,0.15000,0.55000
102.50000,5.69016,4.33802,2.04385,182.19862,1.00000,50.00000,0.20000,1.00000,6.00000,0.10000,0.15000,0.55000
102.55000,5.77967,4.28876,2.04309,182.30120,1.00000,50.00000,0.20000,1.00000,6.00000,0.10000,0.15000,0.55000
102.60000,5.86659,4.23515,2.04240,182.40361,1.00000,50.00000,0.20000,1.00000,6.00000,0.10000,0.15000,0.55000
102.65000,5.95076,4.17736,2.04177,182.50584,1.00000,50.00000,0.20000,1.00000,6.00000,0.10000,0.15000,0.55000
102.70000,6.03199,4.11557,2.04121,182.60790,1.00000,50.00000,0.20000,1.00000,6.00000,0.10000,0.15000,0.55000
102.75000,6.11014,4.04997,2.04071,182.70979,1.00000,50.00000,0.20000,1.00000,6.00000,0.10000,0.15000,0.55000
102.80000,6.18510,3.98077,2.04029,182.81153,1.00000,50.00000,0.20000,1.00000,6.00000,0.10000,0.15000,0.55000
102.85000,6.25677,3.90820,2.03993,182.91312,1.00000,50.00000,0.20000,1.00000,6.00000,0.10000,0.15000,0.55000
102.90000,6.32508,3.83248,2.03964,183.01459,1.00000,50.00000,0.20000,1.00000,6.00000,0.10000,0.15000,0.55000
102.95000,6.38998,3.75383,2.03941,183.11595,1.00000,50.00000,0.20000,1.00000,6.00000,0.10000,0.15000,0.55000
103.00000,6.45145,3.67248,2.03925,183.21722,1.00000,50.00000,0.20000,1.00000,6.00000,0.10000,0.15000,0.55000
103.05000,6.50947,3.58866,2.03914,183.31841,1.00000,50.00000,0.20000,1.00000,6.00000,0.10000,0.15000,0.55000
103.10000,6.56407,3.50256,2.03909,183.41955,1.00000,50.00000,0.20000,1.00000,6.00000,0.10000,0.15000,0.55000
103.15000,6.61527,3.41441,2.03909,183.52064,1.00000,50.00000,0.20000,1.00000,6.00000,0.10000,0.15000,0.55000
103.20000,6.66312,3.32438,2.03916,183.62169,1.00000,50.00000,0.20000,1.00000,6.00000,0.10000,0.15000,0.55000
103.25000,6.70768,3.23268,2.03927,183.72273,1.00000,50.00000,0.20000,1.00000,6.00000,0.10000,0.15000,0.55000
103.30000,6.74902,3.13948,2.03940,183.82376,1.00000,50.00000,0.20000,1.00000,6.00000,0.10000,0.15000,0.55000
103.35000,6.78714,3.04490,2.03956,183.92480,1.00000,50.00000,0.20000,1.00000,6.00000,0.10000,0.15000,0.55000
103.40000,6.82208,2.94909,2.03981,184.02586,1.00000,50.00000,0.20000,1.00000,6.00000,0.10000,0.15000,0.55000
103.45000,6.85391,2.85219,2.04017,184.12695,1.00000,50.00000,0.20000,1.00000,6.00000,0.10000,0.15000,0.55000
103.50000,6.88275,2.75434,2.04061,184.22809,1.00000,50.00000,0.20000,1.00000,6.00000,0.10000,0.15000,0.55000
103.55000,6.90873,2.65567,2.04113,184.32929,1.00000,50.00000,0.20000,1.00000,6.00000,0.10000,0.15000,0.55000
103.60000,6.93200,2.55629,2.04172,184.43056,1.00000,50.00000,0.20000,1.00000,6.00000,0.10000,0.15000,0.55000
103.65000,6.95273,2.45632,2.04237,184.53191,1.00000,50.00000,0.20000,1.00000,6.00000,0.10000,0.15000,0.55000
103.70000,6.97110,2.35585,2.04307,184.63335,1.00000,50.00000,0.20000,1.00000,6.00000,0.10000,0.15000,0.55000
103.75000,6.98727,2.25497,2.04381,184.73487,1.00000,50.00000,0.20000,1.00000,6.00000,0.10000,0.15000,0.55000
103.80000,7.00145,2.15375,2.04459,184.83649,1.00000,50.00000,0.20000,1.00000,6.00000,0.10000,0.15000,0.55000
103.85000,7.01381,2.05225,2.04539,184.93820,1.00000,50.00000,0.20000,1.00000,6.00000,0.10000,0.15000,0.55000
103.90000,7.02454,1.95053,2.04620,185.04000,1.00000,50.00000,0.20000,1.00000,6.00000,0.10000,0.15000,0.55000
103.95000,7.03383,1.84862,2.04703,185.14190,1.00000,50.00000,0.20000,1.00000,6.00000,0.10000,0.15000,0.55000
104.00000,7.04186,1.74656,2.04787,185.24388,1.00000,50.00000,0.20000,1.00000,6.00000,0.10000,0.15000,0.55000
104.05000,7.04881,1.64439,2.04870,185.34596,1.00000,50.00000,0.20000,1.00000,6.00000,0.10000,0.15000,0.55000
104.10000,7.05486,1.54211,2.04953,185.44812,1.00000,50.00000,0.20000,1.00000,6.00000,0.10000,0.15000,0.55000
104.15000,7.06016,1.43975,2.05034,185.55036,1.00000,50.00000,0.20000,1.00000,6.00000,0.10000,0.15000,0.55000
104.20000,7.06490,1.33732,2.05115,185.65269,1.00000,50.00000,0.20000,1.00000,6.00000,0.10000,0.15000,0.55000
104.25000,7.06923,1.23484,2.05193,185.75513,1.00000,50.00000,0.20000,1.00000,6.00000,0.10000,0.15000,0.55000
104.30000,7.07330,1.13230,2.05269,185.85765,1.00000,50.00000,0.20000,1.00000,6.00000,0.10000,0.15000,0.55000
104.35000,7.07727,1.02973,2.05342,185.96021,1.00000,50.00000,0.20000,1.00000,6.00000,0.10000,0.15000,0.55000
104.40000,7.08129,0.92712,2.05412,186.06316,1.00000,50.00000,0.20000,1.00000,6.00000,0.10000,0.15000,0.55000
104.45000,7.08550,0.82448,2.05479,186.16691,1.00000,50.00000,0.20000,1.00000,6.00000,0.10000,0.15000,0.55000
104.50000,7.09004,0.72183,2.05541,186.27076,1.00000,50.00000,0.20000,1.00000,6.00000,0.10000,0.15000,0.55000
104.55000,7.09507,0.61916,2.05600,186.37407,1.00000,50.00000,0.20000,1.00000,6.00000,0.10000,0.15000,0.55000
104.60000,7.10074,0.51651,2.05654,186.47713,1.00000,50.00000,0.20000,1.00000,6.00000,0.10000,0.15000,0.55000
104.65000,7.10719,0.41387,2.05705,186.58015,1.00000,50.00000,0.20000,1.00000,6.00000,0.10000,0.15000,0.55000
104.70000,7.11457,0.31127,2.05751,186.68319,1.00000,50.00000,0.20000,1.00000,6.00000,0.10000,0.15000,0.55000
104.75000,7.12302,0.20873,2.05793,186.78627,1.00000,50.00000,0.20000,1.00000,6.00000,0.10000,0.15000,0.55000
104.80000,7.13271,0.10628,2.05831,186.88940,1.00000,50.00000,0.20000,1.00000,6.00000,0.10000,0.15000,0.55000
104.85000,7.14377,0.00396,2.05865,186.99258,1.00000,50.00000,0.20000,1.00000,6.00000,0.10000,0.15000,0.55000
104.90000,7.15635,-0.09821,2.05895,187.09581,1.00000,50.00000,0.20000,1.00000,6.00000,0.10000,0.15000,0.55000
104.95000,7.17059,-0.20018,2.05922,187.19908,1.00000,50.00000,0.20000,1.00000,6.00000,0.10000,0.15000,0.55000
105.00000,7.18662,-0.30189,2.05945,187.30238,1.00000,50.00000,0.20000,1.00000,6.00000,0.10000,0.15000,0.55000
105.05000,7.20457,-0.40329,2.05964,187.40570,1.00000,50.00000,0.20000,1.00000,6.00000,0.10000,0.15000,0.55000
105.10000,7.22456,-0.50431,2.05979,187.50905,1.00000,50.00000,0.20000,1.00000,6.00000,0.10000,0.15000,0.55000
105.15000,7.24672,-0.60489,2.05992,187.61241,1.00000,50.00000,0.20000,1.00000,6.00000,0.10000,0.15000,0.55000
105.20000,7.27115,-0.70495,2.06002,187.71578,1.00000,50.00000,0.20000,1.00000,6.00000,0.10000,0.15000,0.55000
105.25000,7.29795,-0.80440,2.06009,187.81915,1.00000,50.00000,0.20000,1.00000,6.00000,0.10000,0.15000,0.55000
105.30000,7.32721,-0.90316,2.06013,187.92252,1.00000,50.00000,0.20000,1.00000,6.00000,0.10000,0.15000,0.55000
105.35000,7.35901,-1.00113,2.06015,188.02587,1.00000,50.00000,0.20000,1.00000,6.00000,0.10000,0.15000,0.55000
105.40000,7.39343,-1.09822,2.06015,188.12920,1.00000,50.00000,0.20000,1.00000,6.00000,0.10000,0.15000,0.55000
105.45000,7.43052,-1.19431,2.06013,188.23251,1.00000,50.00000,0.20000,1.00000,6.00000,0.10000,0.15000,0.55000
105.50000,7.47033,-1.28931,2.06009,188.33579,1.00000,50.00000,0.20000,1.00000,6.00000,0.10000,0.15000,0.55000
105.55000,7.51291,-1.38310,2.06004,188.43904,1.00000,50.00000,0.20000,1.00000,6.00000,0.10000,0.15000,0.55000
105.60000,7.55827,-1.47557,2.05998,188.54226,1.00000,50.00000,0.20000,1.00000,6.00000,0.10000,0.15000,0.55000
105.65000,7.60644,-1.56660,2.05991,188.64544,1.00000,50.00000,0.20000,1.00000,6.00000,0.10000,0.15000,0.55000
105.70000,7.65742,-1.65609,2.05983,188.74860,1.00000,50.00000,0.20000,1.00000,6.00000,0.10000,0.15000,0.55000
105.75000,7.71120,-1.74392,2.05975,188.85171,1.00000,50.00000,0.20000,1.00000,6.00000,0.10000,0.15000,0.55000
105.80000,7.76778,-1.82996,2.05967,188.95480,1.00000,50.00000,0.20000,1.00000,6.00000,0.10000,0.15000,0.55000
105.85000,7.82712,-1.91412,2.05958,189.05784,1.00000,50.00000,0.20000,1.00000,6.00000,0.10000,0.15000,0.55000
105.90000,7.88920,-1.99628,2.05950,189.16086,1.00000,50.00000,0.20000,1.00000,6.00000,0.10000,0.15000,0.55000
105.95000,7.95396,-2.07633,2.05942,189.26384,1.00000,50.00000,0.20000,1.00000,6.00000,0.10000,0.15000,0.55000
106.00000,8.02136,-2.15417,2.05935,189.36678,1.00000,50.00000,0.20000,1.00000,6.00000,0.10000,0.15000,0.55000
106.05000,8.09133,-2.22971,2.05929,189.46967,1.00000,50.00000,0.20000,1.00000,6.00000,0.10000,0.15000,0.55000
106.10000,8.16381,-2.30283,2.05923,189.57253,1.00000,50.00000,0.20000,1.00000,6.00000,0.10000,0.15000,0.55000
106.15000,8.23870,-2.37347,2.05919,189.67537,1.00000,50.00000,0.20000,1.00000,6.00000,0.10000,0.15000,0.55000
106.20000,8.31595,-2.44154,2.05917,189.77818,1.00000,50.00000,0.20000,1.00000,6.00000,0.10000,0.15000,0.55000
106.25000,8.39544,-2.50697,2.05916,189.88095,1.00000,50.00000,0.20000,1.00000,6.00000,0.10000,0.15000,0.55000
106.30000,8.47708,-2.56969,2.05917,189.98369,1.00000,50.00000,0.20000,1.00000,6.00000,0.10000,0.15000,0.55000
106.35000,8.56078,-2.62964,2.05920,190.08640,1.00000,50.00000,0.20000,1.00000,6.00000,0.10000,0.15000,0.55000
106.40000,8.64643,-2.68677,2.05925,190.18909,1.00000,50.00000,0.20000,1.00000,6.00000,0.10000,0.15000,0.55000
106.45000,8.73392,-2.74105,2.05933,190.29174,1.00000,50.00000,0.20000,1.00000,6.00000,0.10000,0.15000,0.55000
106.50000,8.82314,-2.79244,2.05942,190.39437,1.00000,50.00000,0.20000,1.00000,6.00000,0.10000,0.15000,0.55000
106.55000,8.91398,-2.84092,2.05954,190.49697,1.00000,50.00000,0.20000,1.00000,6.00000,0.10000,0.15000,0.55000
106.60000,9.00634,-2.88647,2.05969,190.59956,1.00000,50.00000,0.20000,1.00000,6.00000,0.10000,0.15000,0.55000
106.65000,9.10009,-2.92909,2.05987,190.70212,1.00000,50.00000,0.20000,1.00000,6.00000,0.10000,0.15000,0.55000
106.70000,9.19513,-2.96878,2.06007,190.80467,1.00000,50.00000,0.20000,1.00000,6.00000,0.10000,0.15000,0.55000
106.75000,9.29135,-3.00555,2.06029,190.90721,1.00000,50.00000,0.20000,1.00000,6.00000,0.10000,0.15000,0.55000
106.80000,9.38864,-3.03941,2.06055,191.00975,1.00000,50.00000,0.20000,1.00000,6.00000,0.10000,0.15000,0.55000
106.85000,9.48690,-3.07039,2.06083,191.11228,1.00000,50.00000,0.20000,1.00000,6.00000,0.10000,0.15000,0.55000
106.90000,9.58604,-3.09851,2.06113,191.21481,1.00000,50.00000,0.20000,1.00000,6.00000,0.10000,0.15000,0.55000
106.95000,9.68594,-3.12381,2.06147,191.31734,1.00000,50.00000,0.20000,1.00000,6.00000,0.10000,0.15000,0.55000
107.00000,9.78653,-3.14633,2.06183,191.41989,1.00000,50.00000,0.20000,1.00000,6.00000,0.10000,0.15000,0.55000
107.05000,9.88771,-3.16611,2.06221,191.52244,1.00000,50.00000,0.20000,1.00000,6.00000,0.10000,0.15000,0.55000
107.10000,9.98941,-3.18320,2.06263,191.62501,1.00000,50.00000,0.20000,1.00000,6.00000,0.10000,0.15000,0.55000
107.15000,10.09153,-3.19764,2.06307,191.72759,1.00000,50.00000,0.20000,1.00000,6.00000,0.10000,0.15000,0.55000
107.20000,10.19401,-3.20949,2.06353,191.83020,1.00000,50.00000,0.20000,1.00000,6.00000,0.10000,0.15000,0.55000
107.25000,10.29677,-3.21881,2.06402,191.93282,1.00000,50.00000,0.20000,1.00000,6.00000,0.10000,0.15000,0.55000
107.30000,10.39976,-3.22562,2.06453,192.03548,1.00000,50.00000,0.20000,1.00000,6.00000,0.10000,0.15000,0.55000
107.35000,10.50291,-3.22993,2.06507,192.13816,1.00000,50.00000,0.20000,1.00000,6.00000,0.10000,0.15000,0.55000
107.40000,10.60616,-3.23174,2.06568,192.24088,1.00000,50.00000,0.20000,1.00000,6.00000,0.10000,0.15000,0.55000
107.45000,10.70945,-3.23109,2.06635,192.34364,1.00000,50.00000,0.20000,1.00000,6.00000,0.10000,0.15000,0.55000
107.50000,10.81274,-3.22803,2.06709,192.44646,1.00000,50.00000,0.20000,1.00000,6.00000,0.10000,0.15000,0.55000
107.55000,10.91616,-3.22351,2.07415,192.53896,1.00000,50.00000,0.20000,1.00000,6.00000,0.10000,0.15000,0.55000
107.60000,11.01987,-3.22121,2.07389,192.64843,1.00000,50.00000,0.20000,1.00000,6.00000,0.10000,0.15000,0.55000
107.65000,11.12309,-3.21271,2.07246,192.75421,1.00000,50.00000,0.20000,1.00000,6.00000,0.10000,0.15000,0.55000
107.70000,11.22619,-3.20206,2.07335,192.85815,1.00000,50.00000,0.20000,1.00000,6.00000,0.10000,0.15000,0.55000
107.75000,11.32905,-3.18898,2.07436,192.96158,1.00000,50.00000,0.20000,1.00000,6.00000,0.10000,0.15000,0.55000
107.80000,11.43167,-3.17376,2.07537,193.06490,1.00000,50.00000,0.20000,1.00000,6.00000,0.10000,0.15000,0.55000
107.85000,11.53402,-3.15655,2.07640,193.16823,1.00000,50.00000,0.20000,1.00000,6.00000,0.10000,0.15000,0.55000
107.90000,11.63611,-3.13753,2.07745,193.27162,1.00000,50.00000,0.20000,1.00000,6.00000,0.10000,0.15000,0.55000
107.95000,11.73793,-3.11684,2.07850,193.37509,1.00000,50.00000,0.20000,1.00000,6.00000,0.10000,0.15000,0.55000
108.00000,11.83948,-3.09465,2.07956,193.47865,1.00000,50.00000,0.20000,1.00000,6.00000,0.10000,0.15000,0.55000
108.05000,11.94078,-3.07111,2.08062,193.58230,1.00000,50.00000,0.20000,1.00000,6.00000,0.10000,0.15000,0.55000
108.10000,12.04185,-3.04635,2.08167,193.68604,1.00000,50.00000,0.20000,1.00000,6.00000,0.10000,0.15000,0.55000
108.15000,12.14270,-3.02051,2.08270,193.78986,1.00000,50.00000,0.20000,1.00000,6.00000,0.10000,0.15000,0.55000
108.20000,12.24335,-2.99370,2.08371,193.89378,1.00000,50.00000,0.20000,1.00000,6.00000,0.10000,0.15000,0.55000
108.25000,12.34383,-2.96605,2.08470,193.99778,1.00000,50.00000,0.20000,1.00000,6.00000,0.10000,0.15000,0.55000
108.30000,12.44414,-2.93766,2.08565,194.10190,1.00000,50.00000,0.20000,1.00000,6.00000,0.10000,0.15000,0.55000
108.35000,12.54433,-2.90862,2.08657,194.20622,1.00000,50.00000,0.20000,1.00000,6.00000,0.10000,0.15000,0.55000
108.40000,12.64440,-2.87904,2.08744,194.31092,1.00000,50.00000,0.20000,1.00000,6.00000,0.10000,0.15000,0.55000
108.45000,12.74437,-2.84898,2.08827,194.41629,1.00000,50.00000,0.20000,1.00000,6.00000,0.10000,0.15000,0.55000
108.50000,12.84426,-2.81854,2.08905,194.52177,1.00000,50.00000,0.20000,1.00000,6.00000,0.10000,0.15000,0.55000
108.55000,12.94410,-2.78777,2.08977,194.62655,1.00000,50.00000,0.20000,1.00000,6.00000,0.10000,0.15000,0.55000
108.60000,13.04389,-2.75674,2.09043,194.73099,1.00000,50.00000,0.20000,1.00000,6.00000,0.10000,0.15000,0.55000
108.65000,13.14366,-2.72552,2.09105,194.83549,1.00000,50.00000,0.20000,1.00000,6.00000,0.10000,0.15000,0.55000
108.70000,13.24341,-2.69416,2.09160,194.94004,1.00000,50.00000,0.20000,1.00000,6.00000,0.10000,0.15000,0.55000
108.75000,13.34317,-2.66273,2.09210,195.04458,1.00000,50.00000,0.20000,1.00000,6.00000,0.10000,0.15000,0.55000
108.80000,13.44295,-2.63128,2.09254,195.14914,1.00000,50.00000,0.20000,1.00000,6.00000,0.10000,0.15000,0.55000
108.85000,13.54275,-2.59985,2.09292,195.25374,1.00000,50.00000,0.20000,1.00000,6.00000,0.10000,0.15000,0.55000
108.90000,13.64260,-2.56850,2.09324,195.35835,1.00000,50.00000,0.20000,1.00000,6.00000,0.10000,0.15000,0.55000
108.95000,13.74250,-2.53727,2.09351,195.46299,1.00000,50.00000,0.20000,1.00000,6.00000,0.10000,0.15000,0.55000
109.00000,13.84246,-2.50620,2.09371,195.56763,1.00000,50.00000,0.20000,1.00000,6.00000,0.10000,0.15000,0.55000
109.05000,13.94250,-2.47532,2.09385,195.67228,1.00000,50.00000,0.20000,1.00000,6.00000,0.10000,0.15000,0.55000
109.10000,14.04260,-2.44466,2.09394,195.77694,1.00000,50.00000,0.20000,1.00000,6.00000,0.10000,0.15000,0.55000
109.15000,14.14279,-2.41426,2.09397,195.88159,1.00000,50.00000,0.20000,1.00000,6.00000,0.10000,0.15000,0.55000
109.20000,14.24306,-2.38413,2.09394,195.98625,1.00000,50.00000,0.20000,1.00000,6.00000,0.10000,0.15000,0.55000
109.25000,14.34341,-2.35428,2.09386,196.09089,1.00000,50.00000,0.20000,1.00000,6.00000,0.10000,0.15000,0.55000
109.30000,14.44383,-2.32470,2.09373,196.19552,1.00000,50.00000,0.20000,1.00000,6.00000,0.10000,0.15000,0.55000
109.35000,14.54433,-2.29540,2.09354,196.30013,1.00000,50.00000,0.20000,1.00000,6.00000,0.10000,0.15000,0.55000
109.40000,14.64488,-2.26633,2.09331,196.40472,1.00000,50.00000,0.20000,1.00000,6.00000,0.10000,0.15000,0.55000
109.45000,14.74548,-2.23744,2.09303,196.50929,1.00000,50.00000,0.20000,1.00000,6.00000,0.10000,0.15000,0.55000
109.50000,14.84609,-2.20868,2.09271,196.61382,1.00000,50.00000,0.20000,1.00000,6.00000,0.10000,0.15000,0.55000
109.55000,14.94668,-2.17991,2.09235,196.71831,1.00000,50.00000,0.20000,1.00000,6.00000,0.10000,0.15000,0.55000
109.60000,15.04721,-2.15099,2.09194,196.82276,1.00000,50.00000,0.20000,1.00000,6.00000,0.10000,0.15000,0.55000
109.65000,15.14762,-2.12174,2.09149,196.92715,1.00000,50.00000,0.20000,1.00000,6.00000,0.10000,0.15000,0.55000
109.70000,15.24785,-2.09193,2.09097,197.03147,1.00000,50.00000,0.20000,1.00000,6.00000,0.10000,0.15000,0.55000
109.75000,15.34778,-2.06125,2.09037,197.13569,1.00000,50.00000,0.20000,1.00000,6.00000,0.10000,0.15000,0.55000
109.80000,15.44729,-2.02935,2.08968,197.23982,1.00000,50.00000,0.20000,1.00000,6.00000,0.10000,0.15000,0.55000
109.85000,15.54624,-1.99586,2.08886,197.34381,1.00000,50.00000,0.20000,1.00000,6.00000,0.10000,0.15000,0.55000
109.90000,15.64443,-1.96034,2.08782,197.44765,1.00000,50.00000,0.20000,1.00000,6.00000,0.10000,0.15000,0.55000
109.95000,15.74159,-1.92225,2.08663,197.55131,1.00000,50.00000,0.20000,1.00000,6.00000,0.10000,0.15000,0.55000
110.00000,15.83745,-1.88117,2.08526,197.65478,1.00000,50.00000,0.20000,1.00000,6.00000,0.10000,0.15000,0.55000
110.05000,15.93166,-1.83660,2.08329,197.75804,1.00000,50.00000,0.20000,1.00000,6.00000,0.10000,0.15000,0.55000
110.10000,16.02379,-1.78807,2.08211,197.86106,1.00000,50.00000,0.20000,1.00000,6.00000,0.10000,0.15000,0.55000
110.15000,16.11356,-1.73552,2.07860,197.96390,1.00000,50.00000,0.20000,1.00000,6.00000,0.10000,0.15000,0.55000
110.20000,16.20008,-1.67801,2.07788,198.06643,1.00000,50.00000,0.20000,1.00000,6.00000,0.10000,0.15000,0.55000
110.25000,16.28352,-1.61628,2.07364,198.16886,1.00000,50.00000,0.20000,1.00000,6.00000,0.10000,0.15000,0.55000
110.30000,16.36194,-1.54870,2.06684,198.27101,1.00000,50.00000,0.20000,1.00000,6.00000,0.10000,0.15000,0.55000
110.35000,16.43462,-1.47524,2.07040,198.37279,1.00000,50.00000,0.20000,1.00000,6.00000,0.10000,0.15000,0.55000
110.40000,16.50566,-1.40001,2.06541,198.47495,1.00000,50.00000,0.20000,1.00000,6.00000,0.10000,0.15000,0.55000
110.45000,16.56959,-1.31922,2.05393,198.57677,1.00000,50.00000,0.20000,1.00000,6.00000,0.10000,0.15000,0.55000
110.50000,16.62450,-1.23254,2.05595,198.67796,1.00000,50.00000,0.20000,1.00000,6.00000,0.10000,0.15000,0.55000
110.55000,16.67443,-1.14283,2.04914,198.77951,1.00000,50.00000,0.20000,1.00000,6.00000,0.10000,0.15000,0.55000
110.60000,16.71456,-1.04888,2.03500,198.88078,1.00000,50.00000,0.20000,1.00000,6.00000,0.10000,0.15000,0.55000
110.65000,16.74231,-0.95117,2.03722,198.98139,1.00000,50.00000,0.20000,1.00000,6.00000,0.10000,0.15000,0.55000
110.70000,16.76635,-0.85201,2.03645,199.08300,1.00000,50.00000,0.20000,1.00000,6.00000,0.10000,0.15000,0.55000
110.75000,16.77969,-0.75155,2.01698,199.18441,1.00000,50.00000,0.20000,1.00000,6.00000,0.10000,0.15000,0.55000
110.80000,16.77842,-0.65106,2.01583,199.28463,1.00000,50.00000,0.20000,1.00000,6.00000,0.10000,0.15000,0.55000
110.85000,16.77181,-0.55028,2.01584,199.38575,1.00000,50.00000,0.20000,1.00000,6.00000,0.10000,0.15000,0.55000
110.90000,16.75430,-0.45147,1.99765,199.48692,1.00000,50.00000,0.20000,1.00000,6.00000,0.10000,0.15000,0.55000
110.95000,16.72338,-0.35673,1.99971,199.58683,1.00000,50.00000,0.20000,1.00000,6.00000,0.10000,0.15000,0.55000
111.00000,16.68762,-0.26314,1.99964,199.68770,1.00000,50.00000,0.20000,1.00000,6.00000,0.10000,0.15000,0.55000
111.05000,16.64226,-0.17445,1.98818,199.78842,1.00000,50.00000,0.20000,1.00000,6.00000,0.10000,0.15000,0.55000
111.10000,16.58714,-0.09188,1.98537,199.88831,1.00000,50.00000,0.20000,1.00000,6.00000,0.10000,0.15000,0.55000
111.15000,16.52425,-0.01516,1.98497,199.98799,1.00000,50.00000,0.20000,1.00000,6.00000,0.10000,0.15000,0.55000
111.20000,16.45477,0.05558,1.98268,200.08771,1.00000,50.00000,0.20000,1.00000,6.00000,0.10000,0.15000,0.55000
111.25000,16.37919,0.11961,1.98096,200.18728,1.00000,50.00000,0.20000,1.00000,6.00000,0.10000,0.15000,0.55000
111.30000,16.29837,0.17674,1.97950,200.28654,1.00000,50.00000,0.20000,1.00000,6.00000,0.10000,0.15000,0.55000
111.35000,16.21309,0.22683,1.97820,200.38547,1.00000,50.00000,0.20000,1.00000,6.00000,0.10000,0.15000,0.55000
111.40000,16.12409,0.26984,1.97706,200.48412,1.00000,50.00000,0.20000,1.00000,6.00000,0.10000,0.15000,0.55000
111.45000,16.03206,0.30580,1.97610,200.58251,1.00000,50.00000,0.20000,1.00000,6.00000,0.10000,0.15000,0.55000
111.50000,15.93766,0.33480,1.97530,200.68062,1.00000,50.00000,0.20000,1.00000,6.00000,0.10000,0.15000,0.55000
111.55000,15.84147,0.35702,1.97464,200.77847,1.00000,50.00000,0.20000,1.00000,6.00000,0.10000,0.15000,0.55000
111.60000,15.74403,0.37267,1.97411,200.87610,1.00000,50.00000,0.20000,1.00000,6.00000,0.10000,0.15000,0.55000
111.65000,15.64580,0.38202,1.97372,200.97353,1.00000,50.00000,0.20000,1.00000,6.00000,0.10000,0.15000,0.55000
111.70000,15.54719,0.38538,1.97346,201.07080,1.00000,50.00000,0.20000,1.00000,6.00000,0.10000,0.15000,0.55000
111.75000,15.44857,0.38306,1.97326,201.16794,1.00000,50.00000,0.20000,1.00000,6.00000,0.10000,0.15000,0.55000
111.80000,15.35023,0.37534,1.97310,201.26499,1.00000,50.00000,0.20000,1.00000,6.00000,0.10000,0.15000,0.55000
111.85000,15.25243,0.36252,1.97306,201.36200,1.00000,50.00000,0.20000,1.00000,6.00000,0.10000,0.15000,0.55000
111.90000,15.15537,0.34492,1.97316,201.45901,1.00000,50.00000,0.20000,1.00000,6.00000,0.10000,0.15000,0.55000
111.95000,15.05921,0.32288,1.97340,201.55606,1.00000,50.00000,0.20000,1.00000,6.00000,0.10000,0.15000,0.55000
112.00000,14.96405,0.29680,1.97376,201.65320,1.00000,50.00000,0.20000,1.00000,6.00000,0.10000,0.15000,0.55000
112.05000,14.86996,0.26703,1.97421,201.75044,1.00000,50.00000,0.20000,1.00000,6.00000,0.10000,0.15000,0.55000
112.10000,14.77695,0.23395,1.97473,201.84781,1.00000,50.00000,0.20000,1.00000,6.00000,0.10000,0.15000,0.55000
112.15000,14.68502,0.19791,1.97529,201.94531,1.00000,50.00000,0.20000,1.00000,6.00000,0.10000,0.15000,0.55000
112.20000,14.59412,0.15926,1.97590,202.04297,1.00000,50.00000,0.20000,1.00000,6.00000,0.10000,0.15000,0.55000
112.25000,14.50419,0.11832,1.97652,202.14078,1.00000,50.00000,0.20000,1.00000,6.00000,0.10000,0.15000,0.55000
112.30000,14.41516,0.07539,1.97716,202.23875,1.00000,50.00000,0.20000,1.00000,6.00000,0.10000,0.15000,0.55000
112.35000,14.32694,0.03076,1.97779,202.33688,1.00000,50.00000,0.20000,1.00000,6.00000,0.10000,0.15000,0.55000
112.40000,14.23943,-0.01533,1.97841,202.43514,1.00000,50.00000,0.20000,1.00000,6.00000,0.10000,0.15000,0.55000
112.45000,14.15253,-0.06262,1.97902,202.53354,1.00000,50.00000,0.20000,1.00000,6.00000,0.10000,0.15000,0.55000
112.50000,14.06615,-0.11091,1.97961,202.63206,1.00000,50.00000,0.20000,1.00000,6.00000,0.10000,0.15000,0.55000
112.55000,13.98019,-0.16000,1.98017,202.73069,1.00000,50.00000,0.20000,1.00000,6.00000,0.10000,0.15000,0.55000
112.60000,13.89455,-0.20972,1.98070,202.82941,1.00000,50.00000,0.20000,1.00000,6.00000,0.10000,0.15000,0.55000
112.65000,13.80915,-0.25990,1.98120,202.92823,1.00000,50.00000,0.20000,1.00000,6.00000,0.10000,0.15000,0.55000
112.70000,13.72392,-0.31040,1.98166,203.02714,1.00000,50.00000,0.20000,1.00000,6.00000,0.10000,0.15000,0.55000
112.75000,13.63879,-0.36111,1.98207,203.12612,1.00000,50.00000,0.20000,1.00000,6.00000,0.10000,0.15000,0.55000
112.80000,13.55368,-0.41191,1.98245,203.22512,1.00000,50.00000,0.20000,1.00000,6.00000,0.10000,0.15000,0.55000
112.85000,13.46856,-0.46271,1.98277,203.32427,1.00000,50.00000,0.20000,1.00000,6.00000,0.10000,0.15000,0.55000
112.90000,13.38337,-0.51343,1.98304,203.42389,1.00000,50.00000,0.20000,1.00000,6.00000,0.10000,0.15000,0.55000
112.95000,13.29808,-0.56400,1.98326,203.52385,1.00000,50.00000,0.20000,1.00000,6.00000,0.10000,0.15000,0.55000
113.00000,13.21265,-0.61436,1.98341,203.62367,1.00000,50.00000,0.20000,1.00000,6.00000,0.10000,0.15000,0.55000
113.05000,13.12706,-0.66446,1.98351,203.72318,1.00000,50.00000,0.20000,1.00000,6.00000,0.10000,0.15000,0.55000
113.10000,13.04128,-0.71424,1.98355,203.82245,1.00000,50.00000,0.20000,1.00000,6.00000,0.10000,0.15000,0.55000
113.15000,12.95530,-0.76367,1.98354,203.92161,1.00000,50.00000,0.20000,1.00000,6.00000,0.10000,0.15000,0.55000
113.20000,12.86909,-0.81270,1.98346,204.02075,1.00000,50.00000,0.20000,1.00000,6.00000,0.10000,0.15000,0.55000
113.25000,12.78265,-0.86130,1.98334,204.11988,1.00000,50.00000,0.20000,1.00000,6.00000,0.10000,0.15000,0.55000
113.30000,12.69594,-0.90943,1.98316,204.21897,1.00000,50.00000,0.20000,1.00000,6.00000,0.10000,0.15000,0.55000
113.35000,12.60897,-0.95704,1.98292,204.31804,1.00000,50.00000,0.20000,1.00000,6.00000,0.10000,0.15000,0.55000
113.40000,12.52171,-1.00409,1.98264,204.41707,1.00000,50.00000,0.20000,1.00000,6.00000,0.10000,0.15000,0.55000
113.45000,12.43414,-1.05053,1.98230,204.51607,1.00000,50.00000,0.20000,1.00000,6.00000,0.10000,0.15000,0.55000
113.50000,12.34622,-1.09628,1.98192,204.61501,1.00000,50.00000,0.20000,1.00000,6.00000,0.10000,0.15000,0.55000
113.55000,12.25792,-1.14123,1.98148,204.71389,1.00000,50.00000,0.20000,1.00000,6.00000,0.10000,0.15000,0.55000
113.60000,12.16919,-1.18528,1.98098,204.81271,1.00000,50.00000,0.20000,1.00000,6.00000,0.10000,0.15000,0.55000
113.65000,12.07997,-1.22825,1.98041,204.91143,1.00000,50.00000,0.20000,1.00000,6.00000,0.10000,0.15000,0.55000
113.70000,11.99017,-1.26994,1.97977,205.01005,1.00000,50.00000,0.20000,1.00000,6.00000,0.10000,0.15000,0.55000
113.75000,11.89970,-1.31008,1.97904,205.10855,1.00000,50.00000,0.20000,1.00000,6.00000,0.10000,0.15000,0.55000
113.80000,11.80850,-1.34840,1.97819,205.20691,1.00000,50.00000,0.20000,1.00000,6.00000,0.10000,0.15000,0.55000
113.85000,11.71644,-1.38451,1.97716,205.30511,1.00000,50.00000,0.20000,1.00000,6.00000,0.10000,0.15000,0.55000
113.90000,11.62345,-1.41796,1.97594,205.40312,1.00000,50.00000,0.20000,1.00000,6.00000,0.10000,0.15000,0.55000
113.95000,11.52945,-1.44826,1.97459,205.50091,1.00000,50.00000,0.20000,1.00000,6.00000,0.10000,0.15000,0.55000
114.00000,11.43445,-1.47498,1.97301,205.59848,1.00000,50.00000,0.20000,1.00000,6.00000,0.10000,0.15000,0.55000
114.05000,11.33847,-1.49758,1.97110,205.69580,1.00000,50.00000,0.20000,1.00000,6.00000,0.10000,0.15000,0.55000
114.10000,11.24161,-1.51543,1.96890,205.79286,1.00000,50.00000,0.20000,1.00000,6.00000,0.10000,0.15000,0.55000
114.15000,11.14403,-1.52794,1.96643,205.88966,1.00000,50.00000,0.20000,1.00000,6.00000,0.10000,0.15000,0.55000
114.20000,11.04601,-1.53456,1.96364,205.98621,1.00000,50.00000,0.20000,1.00000,6.00000,0.10000,0.15000,0.55000
114.25000,10.94792,-1.53471,1.96051,206.08255,1.00000,50.00000,0.20000,1.00000,6.00000,0.10000,0.15000,0.55000
114.30000,10.85023,-1.52784,1.95705,206.17870,1.00000,50.00000,0.20000,1.00000,6.00000,0.10000,0.15000,0.55000
114.35000,10.75355,-1.51350,1.95327,206.27471,1.00000,50.00000,0.20000,1.00000,6.00000,0.10000,0.15000,0.55000
114.40000,10.65857,-1.49127,1.94918,206.37066,1.00000,50.00000,0.20000,1.00000,6.00000,0.10000,0.15000,0.55000
114.45000,10.56611,-1.46087,1.94465,206.46660,1.00000,50.00000,0.20000,1.00000,6.00000,0.10000,0.15000,0.55000
114.50000,10.47710,-1.42210,1.94018,206.56260,1.00000,50.00000,0.20000,1.00000,6.00000,0.10000,0.15000,0.55000
114.55000,10.39240,-1.37509,1.93593,206.65878,1.00000,50.00000,0.20000,1.00000,6.00000,0.10000,0.15000,0.55000
114.60000,10.31285,-1.32016,1.93199,206.75524,1.00000,50.00000,0.20000,1.00000,6.00000,0.10000,0.15000,0.55000
114.65000,10.23929,-1.25777,1.92781,206.85198,1.00000,50.00000,0.20000,1.00000,6.00000,0.10000,0.15000,0.55000
114.70000,10.17258,-1.18839,1.92343,206.94895,1.00000,50.00000,0.20000,1.00000,6.00000,0.10000,0.15000,0.55000
114.75000,10.11356,-1.11264,1.91913,207.04615,1.00000,50.00000,0.20000,1.00000,6.00000,0.10000,0.15000,0.55000
114.80000,10.06294,-1.03129,1.91506,207.14355,1.00000,50.00000,0.20000,1.00000,6.00000,0.10000,0.15000,0.55000
114.85000,10.02125,-0.94524,1.91132,207.24097,1.00000,50.00000,0.20000,1.00000,6.00000,0.10000,0.15000,0.55000
114.90000,9.98887,-0.85547,1.90784,207.33828,1.00000,50.00000,0.20000,1.00000,6.00000,0.10000,0.15000,0.55000
114.95000,9.96605,-0.76298,1.90460,207.43553,1.00000,50.00000,0.20000,1.00000,6.00000,0.10000,0.15000,0.55000
115.00000,9.95290,-0.66877,1.90175,207.53263,1.00000,50.00000,0.20000,1.00000,6.00000,0.10000,0.15000,0.55000
115.05000,9.94933,-0.57386,1.89930,207.62927,1.00000,50.00000,0.20000,1.00000,6.00000,0.10000,0.15000,0.55000
115.10000,9.95512,-0.47917,1.89705,207.72537,1.00000,50.00000,0.20000,1.00000,6.00000,0.10000,0.15000,0.55000
115.15000,9.96999,-0.38559,1.89495,207.82104,1.00000,50.00000,0.20000,1.00000,6.00000,0.10000,0.15000,0.55000
115.20000,9.99362,-0.29392,1.89305,207.91632,1.00000,50.00000,0.20000,1.00000,6.00000,0.10000,0.15000,0.55000
115.25000,10.02554,-0.20490,1.89148,208.01106,1.00000,50.00000,0.20000,1.00000,6.00000,0.10000,0.15000,0.55000
115.30000,10.06521,-0.11912,1.89029,208.10530,1.00000,50.00000,0.20000,1.00000,6.00000,0.10000,0.15000,0.55000
115.35000,10.11201,-0.03707,1.88942,208.19915,1.00000,50.00000,0.20000,1.00000,6.00000,0.10000,0.15000,0.55000
115.40000,10.16527,0.04090,1.88882,208.29268,1.00000,50.00000,0.20000,1.00000,6.00000,0.10000,0.15000,0.55000
115.45000,10.22435,0.11454,1.88846,208.38594,1.00000,50.00000,0.20000,1.00000,6.00000,0.10000,0.15000,0.55000
115.50000,10.28857,0.18371,1.88831,208.47899,1.00000,50.00000,0.20000,1.00000,6.00000,0.10000,0.15000,0.55000
115.55000,10.35733,0.24837,1.88833,208.57188,1.00000,50.00000,0.20000,1.00000,6.00000,0.10000,0.15000,0.55000
115.60000,10.43003,0.30859,1.88848,208.66467,1.00000,50.00000,0.20000,1.00000,6.00000,0.10000,0.15000,0.55000
115.65000,10.50612,0.36449,1.88875,208.75740,1.00000,50.00000,0.20000,1.00000,6.00000,0.10000,0.15000,0.55000
115.70000,10.58509,0.41625,1.88911,208.85013,1.00000,50.00000,0.20000,1.00000,6.00000,0.10000,0.15000,0.55000
115.75000,10.66650,0.46415,1.88953,208.94289,1.00000,50.00000,0.20000,1.00000,6.00000,0.10000,0.15000,0.55000
115.80000,10.74994,0.50846,1.89000,209.03574,1.00000,50.00000,0.20000,1.00000,6.00000,0.10000,0.15000,0.55000
115.85000,10.83506,0.54952,1.89049,209.12871,1.00000,50.00000,0.20000,1.00000,6.00000,0.10000,0.15000,0.55000
115.90000,10.92154,0.58768,1.89099,209.22183,1.00000,50.00000,0.20000,1.00000,6.00000,0.10000,0.15000,0.55000
115.95000,11.00911,0.62334,1.89149,209.31515,1.00000,50.00000,0.20000,1.00000,6.00000,0.10000,0.15000,0.55000
116.00000,11.09754,0.65689,1.89196,209.40867,1.00000,50.00000,0.20000,1.00000,6.00000,0.10000,0.15000,0.55000
116.05000,11.18663,0.68874,1.89239,209.50243,1.00000,50.00000,0.20000,1.00000,6.00000,0.10000,0.15000,0.55000
116.10000,11.27619,0.71929,1.89277,209.59644,1.00000,50.00000,0.20000,1.00000,6.00000,0.10000,0.15000,0.55000
116.15000,11.36606,0.74896,1.89309,209.69072,1.00000,50.00000,0.20000,1.00000,6.00000,0.10000,0.15000,0.55000
116.20000,11.45611,0.77815,1.89334,209.78532,1.00000,50.00000,0.20000,1.00000,6.00000,0.10000,0.15000,0.55000
116.25000,11.54619,0.80728,1.89350,209.88034,1.00000,50.00000,0.20000,1.00000,6.00000,0.10000,0.15000,0.55000
116.30000,11.63617,0.83672,1.89358,209.97581,1.00000,50.00000,0.20000,1.00000,6.00000,0.10000,0.15000,0.55000
116.35000,11.72592,0.86686,1.89357,210.07166,1.00000,50.00000,0.20000,1.00000,6.00000,0.10000,0.15000,0.55000
116.40000,11.81530,0.89808,1.89345,210.16764,1.00000,50.00000,0.20000,1.00000,6.00000,0.10000,0.15000,0.55000
116.45000,11.90416,0.93075,1.89322,210.26357,1.00000,50.00000,0.20000,1.00000,6.00000,0.10000,0.15000,0.55000
116.50000,11.99231,0.96520,1.89290,210.35958,1.00000,50.00000,0.20000,1.00000,6.00000,0.10000,0.15000,0.55000
116.55000,12.07959,1.00178,1.89247,210.45573,1.00000,50.00000,0.20000,1.00000,6.00000,0.10000,0.15000,0.55000
116.60000,12.16580,1.04077,1.89196,210.55197,1.00000,50.00000,0.20000,1.00000,6.00000,0.10000,0.15000,0.55000
116.65000,12.25071,1.08243,1.89136,210.64824,1.00000,50.00000,0.20000,1.00000,6.00000,0.10000,0.15000,0.55000
116.70000,12.33410,1.12698,1.89070,210.74451,1.00000,50.00000,0.20000,1.00000,6.00000,0.10000,0.15000,0.55000
116.75000,12.41574,1.17460,1.88999,210.84072,1.00000,50.00000,0.20000,1.00000,6.00000,0.10000,0.15000,0.55000
116.80000,12.49538,1.22544,1.88924,210.93684,1.00000,50.00000,0.20000,1.00000,6.00000,0.10000,0.15000,0.55000
116.85000,12.57276,1.27957,1.88847,211.03283,1.00000,50.00000,0.20000,1.00000,6.00000,0.10000,0.15000,0.55000
116.90000,12.64764,1.33705,1.88770,211.12866,1.00000,50.00000,0.20000,1.00000,6.00000,0.10000,0.15000,0.55000
116.95000,12.71978,1.39788,1.88693,211.22430,1.00000,50.00000,0.20000,1.00000,6.00000,0.10000,0.15000,0.55000
117.00000,12.78894,1.46201,1.88619,211.31972,1.00000,50.00000,0.20000,1.00000,6.00000,0.10000,0.15000,0.55000
117.05000,12.85491,1.52937,1.88549,211.41490,1.00000,50.00000,0.20000,1.00000,6.00000,0.10000,0.15000,0.55000
117.10000,12.91750,1.59984,1.88484,211.50985,1.00000,50.00000,0.20000,1.00000,6.00000,0.10000,0.15000,0.55000
117.15000,12.97653,1.67327,1.88423,211.60456,1.00000,50.00000,0.20000,1.00000,6.00000,0.10000,0.15000,0.55000
117.20000,13.03185,1.74950,1.88369,211.69903,1.00000,50.00000,0.20000,1.00000,6.00000,0.10000,0.15000,0.55000
117.25000,13.08334,1.82834,1.88321,211.79328,1.00000,50.00000,0.20000,1.00000,6.00000,0.10000,0.15000,0.55000
117.30000,13.13090,1.90958,1.88279,211.88731,1.00000,50.00000,0.20000,1.00000,6.00000,0.10000,0.15000,0.55000
117.35000,13.17448,1.99301,1.88244,211.98116,1.00000,50.00000,0.20000,1.00000,6.00000,0.10000,0.15000,0.55000
117.40000,13.21402,2.07840,1.88216,212.07484,1.00000,50.00000,0.20000,1.00000,6.00000,0.10000,0.15000,0.55000
117.45000,13.24952,2.16554,1.88193,212.16837,1.00000,50.00000,0.20000,1.00000,6.00000,0.10000,0.15000,0.55000
117.50000,13.28099,2.25421,1.88178,212.26176,1.00000,50.00000,0.20000,1.00000,6.00000,0.10000,0.15000,0.55000
117.55000,13.30845,2.34419,1.88168,212.35504,1.00000,50.00000,0.20000,1.00000,6.00000,0.10000,0.15000,0.55000
117.60000,13.33195,2.43528,1.88163,212.44822,1.00000,50.00000,0.20000,1.00000,6.00000,0.10000,0.15000,0.55000
117.65000,13.35157,2.52728,1.88165,212.54133,1.00000,50.00000,0.20000,1.00000,6.00000,0.10000,0.15000,0.55000
117.70000,13.36738,2.62002,1.88172,212.63438,1.00000,50.00000,0.20000,1.00000,6.00000,0.10000,0.15000,0.55000
117.75000,13.37948,2.71332,1.88183,212.72739,1.00000,50.00000,0.20000,1.00000,6.00000,0.10000,0.15000,0.55000
117.80000,13.38799,2.80703,1.88200,212.82038,1.00000,50.00000,0.20000,1.00000,6.00000,0.10000,0.15000,0.55000
117.85000,13.39301,2.90099,1.88221,212.91335,1.00000,50.00000,0.20000,1.00000,6.00000,0.10000,0.15000,0.55000
117.90000,13.39467,2.99509,1.88247,213.00633,1.00000,50.00000,0.20000,1.00000,6.00000,0.10000,0.15000,0.55000
117.95000,13.39310,3.08920,1.88278,213.09932,1.00000,50.00000,0.20000,1.00000,6.00000,0.10000,0.15000,0.55000
118.00000,13.38843,3.18323,1.88312,213.19234,1.00000,50.00000,0.20000,1.00000,6.00000,0.10000,0.15000,0.55000
118.05000,13.38081,3.27708,1.88351,213.28539,1.00000,50.00000,0.20000,1.00000,6.00000,0.10000,0.15000,0.55000
118.10000,13.37038,3.37068,1.88394,213.37849,1.00000,50.00000,0.20000,1.00000,6.00000,0.10000,0.15000,0.55000
118.15000,13.35727,3.46397,1.88441,213.47164,1.00000,50.00000,0.20000,1.00000,6.00000,0.10000,0.15000,0.55000
118.20000,13.34163,3.55689,1.88491,213.56486,1.00000,50.00000,0.20000,1.00000,6.00000,0.10000,0.15000,0.55000
118.25000,13.32360,3.64941,1.88546,213.65815,1.00000,50.00000,0.20000,1.00000,6.00000,0.10000,0.15000,0.55000
118.30000,13.30333,3.74149,1.88603,213.75152,1.00000,50.00000,0.20000,1.00000,6.00000,0.10000,0.15000,0.55000
118.35000,13.28094,3.83310,1.88665,213.84496,1.00000,50.00000,0.20000,1.00000,6.00000,0.10000,0.15000,0.55000
118.40000,13.25656,3.92425,1.88732,213.93850,1.00000,50.00000,0.20000,1.00000,6.00000,0.10000,0.15000,0.55000
118.45000,13.23029,4.01490,1.88807,214.03212,1.00000,50.00000,0.20000,1.00000,6.00000,0.10000,0.15000,0.55000
118.50000,13.20226,4.10506,1.88889,214.12584,1.00000,50.00000,0.20000,1.00000,6.00000,0.10000,0.15000,0.55000
118.55000,13.17260,4.19475,1.88978,214.21966,1.00000,50.00000,0.20000,1.00000,6.00000,0.10000,0.15000,0.55000
118.60000,13.14146,4.28399,1.89074,214.31359,1.00000,50.00000,0.20000,1.00000,6.00000,0.10000,0.15000,0.55000
118.65000,13.10898,4.37279,1.89174,214.40762,1.00000,50.00000,0.20000,1.00000,6.00000,0.10000,0.15000,0.55000
118.70000,13.07528,4.46120,1.89279,214.50177,1.00000,50.00000,0.20000,1.00000,6.00000,0.10000,0.15000,0.55000
118.75000,13.04051,4.54925,1.89387,214.59602,1.00000,50.00000,0.20000,1.00000,6.00000,0.10000,0.15000,0.55000
118.80000,13.00479,4.63698,1.89498,214.69037,1.00000,50.00000,0.20000,1.00000,6.00000,0.10000,0.15000,0.55000
118.85000,12.96824,4.72442,1.89612,214.78483,1.00000,50.00000,0.20000,1.00000,6.00000,0.10000,0.15000,0.55000
118.90000,12.93096,4.81162,1.89728,214.87939,1.00000,50.00000,0.20000,1.00000,6.00000,0.10000,0.15000,0.55000
118.95000,12.89306,4.89862,1.89845,214.97404,1.00000,50.00000,0.20000,1.00000,6.00000,0.10000,0.15000,0.55000
119.00000,12.85463,4.98544,1.89963,215.06879,1.00000,50.00000,0.20000,1.00000,6.00000,0.10000,0.15000,0.55000
119.05000,12.81574,5.07213,1.90081,215.16362,1.00000,50.00000,0.20000,1.00000,6.00000,0.10000,0.15000,0.55000
119.10000,12.77647,5.15871,1.90199,215.25854,1.00000,50.00000,0.20000,1.00000,6.00000,0.10000,0.15000,0.55000
119.15000,12.73688,5.24521,1.90317,215.35354,1.00000,50.00000,0.20000,1.00000,6.00000,0.10000,0.15000,0.55000
119.20000,12.69702,5.33165,1.90433,215.44862,1.00000,50.00000,0.20000,1.00000,6.00000,0.10000,0.15000,0.55000
119.25000,12.65693,5.41805,1.90549,215.54379,1.00000,50.00000,0.20000,1.00000,6.00000,0.10000,0.15000,0.55000
119.30000,12.61666,5.50442,1.90662,215.63903,1.00000,50.00000,0.20000,1.00000,6.00000,0.10000,0.15000,0.55000
119.35000,12.57622,5.59078,1.90773,215.73431,1.00000,50.00000,0.20000,1.00000,6.00000,0.10000,0.15000,0.55000
119.40000,12.53563,5.67713,1.90882,215.82975,1.00000,50.00000,0.20000,1.00000,6.00000,0.10000,0.15000,0.55000
119.45000,12.49491,5.76348,1.90988,215.92569,1.00000,50.00000,0.20000,1.00000,6.00000,0.10000,0.15000,0.55000
119.50000,12.45404,5.84982,1.91090,216.02212,1.00000,50.00000,0.20000,1.00000,6.00000,0.10000,0.15000,0.55000
119.55000,12.41303,5.93614,1.91188,216.11872,1.00000,50.00000,0.20000,1.00000,6.00000,0.10000,0.15000,0.55000
119.60000,12.37185,6.02244,1.91282,216.21514,1.00000,50.00000,0.20000,1.00000,6.00000,0.10000,0.15000,0.55000
119.65000,12.33049,6.10870,1.91373,216.31109,1.00000,50.00000,0.20000,1.00000,6.00000,0.10000,0.15000,0.55000
119.70000,12.28891,6.19490,1.91459,216.40675,1.00000,50.00000,0.20000,1.00000,6.00000,0.10000,0.15000,0.55000
119.75000,12.24709,6.28103,1.91541,216.50244,1.00000,50.00000,0.20000,1.00000,6.00000,0.10000,0.15000,0.55000
119.80000,12.20497,6.36707,1.91620,216.59820,1.00000,50.00000,0.20000,1.00000,6.00000,0.10000,0.15000,0.55000
119.85000,12.16251,6.45297,1.91695,216.69399,1.00000,50.00000,0.20000,1.00000,6.00000,0.10000,0.15000,0.55000
119.90000,12.11965,6.53873,1.91766,216.78981,1.00000,50.00000,0.20000,1.00000,6.00000,0.10000,0.15000,0.55000
119.95000,12.07634,6.62429,1.91833,216.88569,1.00000,50.00000,0.20000,1.00000,6.00000,0.10000,0.15000,0.55000
120.00000,12.03250,6.70962,1.91897,216.98161,1.00000,50.00000,0.20000,1.00000,6.00000,0.10000,0.15000,0.55000
120.05000,11.98808,6.79468,1.91957,217.07758,1.00000,50.00000,0.20000,1.00000,6.00000,0.10000,0.15000,0.55000
120.10000,11.94298,6.87942,1.92013,217.17361,1.00000,50.00000,0.20000,1.00000,6.00000,0.10000,0.15000,0.55000
120.15000,11.89712,6.96378,1.92066,217.26969,1.00000,50.00000,0.20000,1.00000,6.00000,0.10000,0.15000,0.55000
120.20000,11.85044,7.04772,1.92115,217.36583,1.00000,50.00000,0.20000,1.00000,6.00000,0.10000,0.15000,0.55000
120.25000,11.80283,7.13116,1.92160,217.46202,1.00000,50.00000,0.20000,1.00000,6.00000,0.10000,0.15000,0.55000
120.30000,11.75421,7.21404,1.92202,217.55827,1.00000,50.00000,0.20000,1.00000,6.00000,0.10000,0.15000,0.55000
120.35000,11.70449,7.29629,1.92240,217.65458,1.00000,50.00000,0.20000,1.00000,6.00000,0.10000,0.15000,0.55000
120.40000,11.65358,7.37783,1.92275,217.75094,1.00000,50.00000,0.20000,1.00000,6.00000,0.10000,0.15000,0.55000
120.45000,11.60140,7.45858,1.92306,217.84736,1.00000,50.00000,0.20000,1.00000,6.00000,0.10000,0.15000,0.55000
120.50000,11.54785,7.53845,1.92334,217.94382,1.00000,50.00000,0.20000,1.00000,6.00000,0.10000,0.15000,0.55000
120.55000,11.49286,7.61735,1.92358,218.04033,1.00000,50.00000,0.20000,1.00000,6.00000,0.10000,0.15000,0.55000
120.60000,11.43634,7.69518,1.92379,218.13687,1.00000,50.00000,0.20000,1.00000,6.00000,0.10000,0.15000,0.55000
120.65000,11.37823,7.77184,1.92397,218.23344,1.00000,50.00000,0.20000,1.00000,6.00000,0.10000,0.15000,0.55000
120.70000,11.31845,7.84721,1.92414,218.33003,1.00000,50.00000,0.20000,1.00000,6.00000,0.10000,0.15000,0.55000
120.75000,11.25696,7.92121,1.92429,218.42664,1.00000,50.00000,0.20000,1.00000,6.00000,0.10000,0.15000,0.55000
120.80000,11.19374,7.99374,1.92440,218.52325,1.00000,50.00000,0.20000,1.00000,6.00000,0.10000,0.15000,0.55000
120.85000,11.12873,8.06467,1.92446,218.61986,1.00000,50.00000,0.20000,1.00000,6.00000,0.10000,0.15000,0.55000
120.90000,11.06185,8.13385,1.92451,218.71646,1.00000,50.00000,0.20000,1.00000,6.00000,0.10000,0.15000,0.55000
120.95000,10.99308,8.20115,1.92456,218.81303,1.00000,50.00000,0.20000,1.00000,6.00000,0.10000,0.15000,0.55000
121.00000,10.92241,8.26647,1.92460,218.90958,1.00000,50.00000,0.20000,1.00000,6.00000,0.10000,0.15000,0.55000
121.05000,10.84985,8.32967,1.92464,219.00609,1.00000,50.00000,0.20000,1.00000,6.00000,0.10000,0.15000,0.55000
121.10000,10.77540,8.39064,1.92468,219.10256,1.00000,50.00000,0.20000,1.00000,6.00000,0.10000,0.15000,0.55000
121.15000,10.69909,8.44926,1.92472,219.19900,1.00000,50.00000,0.20000,1.00000,6.00000,0.10000,0.15000,0.55000
121.20000,10.62095,8.50544,1.92477,219.29539,1.00000,50.00000,0.20000,1.00000,6.00000,0.10000,0.15000,0.55000
121.25000,10.54104,8.55906,1.92483,219.39172,1.00000,50.00000,0.20000,1.00000,6.00000,0.10000,0.15000,0.55000
121.30000,10.45942,8.61006,1.92491,219.48798,1.00000,50.00000,0.20000,1.00000,6.00000,0.10000,0.15000,0.55000
121.35000,10.37617,8.65836,1.92502,219.58421,1.00000,50.00000,0.20000,1.00000,6.00000,0.10000,0.15000,0.55000
121.40000,10.29138,8.70389,1.92514,219.68041,1.00000,50.00000,0.20000,1.00000,6.00000,0.10000,0.15000,0.55000
121.45000,10.20512,8.74662,1.92528,219.77654,1.00000,50.00000,0.20000,1.00000,6.00000,0.10000,0.15000,0.55000
121.50000,10.11751,8.78649,1.92545,219.87257,1.00000,50.00000,0.20000,1.00000,6.00000,0.10000,0.15000,0.55000
121.55000,10.02863,8.82349,1.92565,219.96855,1.00000,50.00000,0.20000,1.00000,6.00000,0.10000,0.15000,0.55000
121.60000,9.93859,8.85761,1.92588,220.06448,1.00000,50.00000,0.20000,1.00000,6.00000,0.10000,0.15000,0.55000
121.65000,9.84750,8.88884,1.92614,220.16035,1.00000,50.00000,0.20000,1.00000,6.00000,0.10000,0.15000,0.55000
121.70000,9.75546,8.91719,1.92642,220.25620,1.00000,50.00000,0.20000,1.00000,6.00000,0.10000,0.15000,0.55000
121.75000,9.66257,8.94268,1.92673,220.35208,1.00000,50.00000,0.20000,1.00000,6.00000,0.10000,0.15000,0.55000
121.80000,9.56893,8.96534,1.92706,220.44787,1.00000,50.00000,0.20000,1.00000,6.00000,0.10000,0.15000,0.55000
121.85000,9.47464,8.98518,1.92743,220.54341,1.00000,50.00000,0.20000,1.00000,6.00000,0.10000,0.15000,0.55000
121.90000,9.37978,9.00227,1.92782,220.63903,1.00000,50.00000,0.20000,1.00000,6.00000,0.10000,0.15000,0.55000
121.95000,9.28446,9.01664,1.92824,220.73521,1.00000,50.00000,0.20000,1.00000,6.00000,0.10000,0.15000,0.55000
122.00000,9.18876,9.02833,1.92865,220.83157,1.00000,50.00000,0.20000,1.00000,6.00000,0.10000,0.15000,0.55000
122.05000,9.09274,9.03738,1.92909,220.92747,1.00000,50.00000,0.20000,1.00000,6.00000,0.10000,0.15000,0.55000
122.10000,8.99649,9.04381,1.92955,221.02312,1.00000,50.00000,0.20000,1.00000,6.00000,0.10000,0.15000,0.55000
122.15000,8.90009,9.04768,1.93004,221.11889,1.00000,50.00000,0.20000,1.00000,6.00000,0.10000,0.15000,0.55000
122.20000,8.80358,9.04904,1.93055,221.21478,1.00000,50.00000,0.20000,1.00000,6.00000,0.10000,0.15000,0.55000
122.25000,8.70705,9.04795,1.93110,221.31069,1.00000,50.00000,0.20000,1.00000,6.00000,0.10000,0.15000,0.55000
122.30000,8.61055,9.04447,1.93167,221.40660,1.00000,50.00000,0.20000,1.00000,6.00000,0.10000,0.15000,0.55000
122.35000,8.51413,9.03867,1.93228,221.50251,1.00000,50.00000,0.20000,1.00000,6.00000,0.10000,0.15000,0.55000
122.40000,8.41783,9.03062,1.93292,221.59843,1.00000,50.00000,0.20000,1.00000,6.00000,0.10000,0.15000,0.55000
122.45000,8.32171,9.02042,1.93360,221.69440,1.00000,50.00000,0.20000,1.00000,6.00000,0.10000,0.15000,0.55000
122.50000,8.22580,9.00814,1.93431,221.79041,1.00000,50.00000,0.20000,1.00000,6.00000,0.10000,0.15000,0.55000
122.55000,8.13012,8.99390,1.93506,221.88648,1.00000,50.00000,0.20000,1.00000,6.00000,0.10000,0.15000,0.55000
122.60000,8.03470,8.97778,1.93585,221.98262,1.00000,50.00000,0.20000,1.00000,6.00000,0.10000,0.15000,0.55000
122.65000,7.93956,8.95989,1.93667,222.07884,1.00000,50.00000,0.20000,1.00000,6.00000,0.10000,0.15000,0.55000
122.70000,7.84470,8.94034,1.93753,222.17513,1.00000,50.00000,0.20000,1.00000,6.00000,0.10000,0.15000,0.55000
122.75000,7.75013,8.91925,1.93843,222.27151,1.00000,50.00000,0.20000,1.00000,6.00000,0.10000,0.15000,0.55000
122.80000,7.65583,8.89673,1.93935,222.36797,1.00000,50.00000,0.20000,1.00000,6.00000,0.10000,0.15000,0.55000
122.85000,7.56182,8.87289,1.94032,222.46452,1.00000,50.00000,0.20000,1.00000,6.00000,0.10000,0.15000,0.55000
122.90000,7.46807,8.84785,1.94131,222.56116,1.00000,50.00000,0.20000,1.00000,6.00000,0.10000,0.15000,0.55000
122.95000,7.37455,8.82173,1.94233,222.65790,1.00000,50.00000,0.20000,1.00000,6.00000,0.10000,0.15000,0.55000
123.00000,7.28127,8.79465,1.94339,222.75472,1.00000,50.00000,0.20000,1.00000,6.00000,0.10000,0.15000,0.55000
123.05000,7.18817,8.76671,1.94447,222.85164,1.00000,50.00000,0.20000,1.00000,6.00000,0.10000,0.15000,0.55000
123.10000,7.09524,8.73804,1.94558,222.94866,1.00000,50.00000,0.20000,1.00000,6.00000,0.10000,0.15000,0.55000
123.15000,7.00245,8.70874,1.94671,223.04576,1.00000,50.00000,0.20000,1.00000,6.00000,0.10000,0.15000,0.55000
123.20000,6.90977,8.67891,1.94786,223.14296,1.00000,50.00000,0.20000,1.00000,6.00000,0.10000,0.15000,0.55000
123.25000,6.81716,8.64868,1.94905,223.24025,1.00000,50.00000,0.20000,1.00000,6.00000,0.10000,0.15000,0.55000
123.30000,6.72458,8.61813,1.95030,223.33764,1.00000,50.00000,0.20000,1.00000,6.00000,0.10000,0.15000,0.55000
123.35000,6.63200,8.58740,1.95163,223.43511,1.00000,50.00000,0.20000,1.00000,6.00000,0.10000,0.15000,0.55000
123.40000,6.53938,8.55659,1.95302,223.53267,1.00000,50.00000,0.20000,1.00000,6.00000,0.10000,0.15000,0.55000
123.45000,6.44667,8.52580,1.95446,223.63032,1.00000,50.00000,0.20000,1.00000,6.00000,0.10000,0.15000,0.55000
123.50000,6.35384,8.49513,1.95596,223.72805,1.00000,50.00000,0.20000,1.00000,6.00000,0.10000,0.15000,0.55000
123.55000,6.26088,8.46465,1.95751,223.82588,1.00000,50.00000,0.20000,1.00000,6.00000,0.10000,0.15000,0.55000
123.60000,6.16774,8.43443,1.95910,223.92380,1.00000,50.00000,0.20000,1.00000,6.00000,0.10000,0.15000,0.55000
123.65000,6.07442,8.40453,1.96073,224.02180,1.00000,50.00000,0.20000,1.00000,6.00000,0.10000,0.15000,0.55000
123.70000,5.98089,8.37500,1.96239,224.11990,1.00000,50.00000,0.20000,1.00000,6.00000,0.10000,0.15000,0.55000
123.75000,5.88715,8.34588,1.96409,224.21808,1.00000,50.00000,0.20000,1.00000,6.00000,0.10000,0.15000,0.55000
123.80000,5.79318,8.31720,1.96582,224.31635,1.00000,50.00000,0.20000,1.00000,6.00000,0.10000,0.15000,0.55000
123.85000,5.69898,8.28897,1.96757,224.41471,1.00000,50.00000,0.20000,1.00000,6.00000,0.10000,0.15000,0.55000
123.90000,5.60456,8.26122,1.96934,224.51315,1.00000,50.00000,0.20000,1.00000,6.00000,0.10000,0.15000,0.55000
123.95000,5.50990,8.23394,1.97112,224.61168,1.00000,50.00000,0.20000,1.00000,6.00000,0.10000,0.15000,0.55000
124.00000,5.41501,8.20714,1.97291,224.71030,1.00000,50.00000,0.20000,1.00000,6.00000,0.10000,0.15000,0.55000
124.05000,5.31989,8.18081,1.97470,224.80901,1.00000,50.00000,0.20000,1.00000,6.00000,0.10000,0.15000,0.55000
124.10000,5.22456,8.15494,1.97649,224.90779,1.00000,50.00000,0.20000,1.00000,6.00000,0.10000,0.15000,0.55000
124.15000,5.12902,8.12951,1.97827,225.00665,1.00000,50.00000,0.20000,1.00000,6.00000,0.10000,0.15000,0.55000
124.20000,5.03327,8.10450,1.98005,225.10565,1.00000,50.00000,0.20000,1.00000,6.00000,0.10000,0.15000,0.55000
124.25000,4.93734,8.07989,1.98180,225.20474,1.00000,50.00000,0.20000,1.00000,6.00000,0.10000,0.15000,0.55000
124.30000,4.84121,8.05564,1.98354,225.30379,1.00000,50.00000,0.20000,1.00000,6.00000,0.10000,0.15000,0.55000
124.35000,4.74492,8.03173,1.98525,225.40324,1.00000,50.00000,0.20000,1.00000,6.00000,0.10000,0.15000,0.55000
124.40000,4.64846,8.00813,1.98693,225.50397,1.00000,50.00000,0.20000,1.00000,6.00000,0.10000,0.15000,0.55000
124.45000,4.55185,7.98480,1.98857,225.60524,1.00000,50.00000,0.20000,1.00000,6.00000,0.10000,0.15000,0.55000
124.50000,4.45510,7.96170,1.99017,225.70550,1.00000,50.00000,0.20000,1.00000,6.00000,0.10000,0.15000,0.55000
124.55000,4.35822,7.93879,1.99174,225.80510,1.00000,50.00000,0.20000,1.00000,6.00000,0.10000,0.15000,0.55000
124.60000,4.26123,7.91604,1.99327,225.90474,1.00000,50.00000,0.20000,1.00000,6.00000,0.10000,0.15000,0.55000
124.65000,4.16413,7.89340,1.99476,226.00447,1.00000,50.00000,0.20000,1.00000,6.00000,0.10000,0.15000,0.55000
124.70000,4.06695,7.87082,1.99622,226.10423,1.00000,50.00000,0.20000,1.00000,6.00000,0.10000,0.15000,0.55000
124.75000,3.96968,7.84826,1.99764,226.20403,1.00000,50.00000,0.20000,1.00000,6.00000,0.10000,0.15000,0.55000
124.80000,3.87236,7.82566,1.99902,226.30392,1.00000,50.00000,0.20000,1.00000,6.00000,0.10000,0.15000,0.55000
124.85000,3.77498,7.80297,2.00036,226.40387,1.00000,50.00000,0.20000,1.00000,6.00000,0.10000,0.15000,0.55000
124.90000,3.67757,7.78013,2.00167,226.50389,1.00000,50.00000,0.20000,1.00000,6.00000,0.10000,0.15000,0.55000
124.95000,3.58014,7.75709,2.00294,226.60397,1.00000,50.00000,0.20000,1.00000,6.00000,0.10000,0.15000,0.55000
125.00000,3.48272,7.73378,2.00418,226.70413,1.00000,50.00000,0.20000,1.00000,6.00000,0.10000,0.15000,0.55000
125.05000,3.38530,7.71014,2.00538,226.80436,1.00000,50.00000,0.20000,1.00000,6.00000,0.10000,0.15000,0.55000
125.10000,3.28793,7.68611,2.00655,226.90465,1.00000,50.00000,0.20000,1.00000,6.00000,0.10000,0.15000,0.55000
125.15000,3.19061,7.66161,2.00769,227.00501,1.00000,50.00000,0.20000,1.00000,6.00000,0.10000,0.15000,0.55000
125.20000,3.09337,7.63657,2.00880,227.10545,1.00000,50.00000,0.20000,1.00000,6.00000,0.10000,0.15000,0.55000
125.25000,2.99623,7.61093,2.00988,227.20595,1.00000,50.00000,0.20000,1.00000,6.00000,0.10000,0.15000,0.55000
125.30000,2.89922,7.58459,2.01094,227.30652,1.00000,50.00000,0.20000,1.00000,6.00000,0.10000,0.15000,0.55000
125.35000,2.80237,7.55749,2.01196,227.40716,1.00000,50.00000,0.20000,1.00000,6.00000,0.10000,0.15000,0.55000
125.40000,2.70570,7.52953,2.01296,227.50786,1.00000,50.00000,0.20000,1.00000,6.00000,0.10000,0.15000,0.55000
125.45000,2.60926,7.50065,2.01394,227.60863,1.00000,50.00000,0.20000,1.00000,6.00000,0.10000,0.15000,0.55000
125.50000,2.51308,7.47076,2.01489,227.70947,1.00000,50.00000,0.20000,1.00000,6.00000,0.10000,0.15000,0.55000
125.55000,2.41720,7.43978,2.01582,227.81036,1.00000,50.00000,0.20000,1.00000,6.00000,0.10000,0.15000,0.55000
125.60000,2.32165,7.40763,2.01672,227.91132,1.00000,50.00000,0.20000,1.00000,6.00000,0.10000,0.15000,0.55000
125.65000,2.22648,7.37423,2.01761,228.01234,1.00000,50.00000,0.20000,1.00000,6.00000,0.10000,0.15000,0.55000
125.70000,2.13174,7.33952,2.01847,228.11341,1.00000,50.00000,0.20000,1.00000,6.00000,0.10000,0.15000,0.55000
125.75000,2.03747,7.30343,2.01931,228.21454,1.00000,50.00000,0.20000,1.00000,6.00000,0.10000,0.15000,0.55000
125.80000,1.94372,7.26589,2.02013,228.31572,1.00000,50.00000,0.20000,1.00000,6.00000,0.10000,0.15000,0.55000
125.85000,1.85054,7.22685,2.02092,228.41695,1.00000,50.00000,0.20000,1.00000,6.00000,0.10000,0.15000,0.55000
125.90000,1.75798,7.18626,2.02171,228.51823,1.00000,50.00000,0.20000,1.00000,6.00000,0.10000,0.15000,0.55000
125.95000,1.66610,7.14407,2.02247,228.61955,1.00000,50.00000,0.20000,1.00000,6.00000,0.10000,0.15000,0.55000
126.00000,1.57494,7.10026,2.02321,228.72092,1.00000,50.00000,0.20000,1.00000,6.00000,0.10000,0.15000,0.55000
126.05000,1.48456,7.05479,2.02394,228.82233,1.00000,50.00000,0.20000,1.00000,6.00000,0.10000,0.15000,0.55000
126.10000,1.39500,7.00763,2.02466,228.92378,1.00000,50.00000,0.20000,1.00000,6.00000,0.10000,0.15000,0.55000
126.15000,1.30632,6.95878,2.02535,229.02526,1.00000,50.00000,0.20000,1.00000,6.00000,0.10000,0.15000,0.55000
126.20000,1.21856,6.90822,2.02603,229.12679,1.00000,50.00000,0.20000,1.00000,6.00000,0.10000,0.15000,0.55000
126.25000,1.13177,6.85594,2.02670,229.22836,1.00000,50.00000,0.20000,1.00000,6.00000,0.10000,0.15000,0.55000
126.30000,1.04599,6.80195,2.02735,229.32996,1.00000,50.00000,0.20000,1.00000,6.00000,0.10000,0.15000,0.55000
126.35000,0.96128,6.74626,2.02799,229.43159,1.00000,50.00000,0.20000,1.00000,6.00000,0.10000,0.15000,0.55000
126.40000,0.87768,6.68886,2.02861,229.53323,1.00000,50.00000,0.20000,1.00000,6.00000,0.10000,0.15000,0.55000
126.45000,0.79522,6.62977,2.02921,229.63488,1.00000,50.00000,0.20000,1.00000,6.00000,0.10000,0.15000,0.55000
126.50000,0.71396,6.56900,2.02980,229.73654,1.00000,50.00000,0.20000,1.00000,6.00000,0.10000,0.15000,0.55000
126.55000,0.63393,6.50656,2.03038,229.83820,1.00000,50.00000,0.20000,1.00000,6.00000,0.10000,0.15000,0.55000
126.60000,0.55518,6.44247,2.03094,229.93985,1.00000,50.00000,0.20000,1.00000,6.00000,0.10000,0.15000,0.55000
126.65000,0.47775,6.37675,2.03149,230.04151,1.00000,50.00000,0.20000,1.00000,6.00000,0.10000,0.15000,0.55000
126.70000,0.40169,6.30941,2.03203,230.14316,1.00000,50.00000,0.20000,1.00000,6.00000,0.10000,0.15000,0.55000
126.75000,0.32705,6.24046,2.03255,230.24482,1.00000,50.00000,0.20000,1.00000,6.00000,0.10000,0.15000,0.55000
126.80000,0.25387,6.16993,2.03306,230.34648,1.00000,50.00000,0.20000,1.00000,6.00000,0.10000,0.15000,0.55000
126.85000,0.18220,6.09783,2.03355,230.44815,1.00000,50.00000,0.20000,1.00000,6.00000,0.10000,0.15000,0.55000
126.90000,0.11210,6.02416,2.03404,230.54983,1.00000,50.00000,0.20000,1.00000,6.00000,0.10000,0.15000,0.55000
126.95000,0.04361,5.94896,2.03452,230.65152,1.00000,50.00000,0.20000,1.00000,6.00000,0.10000,0.15000,0.55000
127.00000,-0.02320,5.87224,2.03499,230.75323,1.00000,50.00000,0.20000,1.00000,6.00000,0.10000,0.15000,0.55000
127.05000,-0.08828,5.79401,2.03546,230.85494,1.00000,50.00000,0.20000,1.00000,6.00000,0.10000,0.15000,0.55000
127.10000,-0.15157,5.71430,2.03592,230.95667,1.00000,50.00000,0.20000,1.00000,6.00000,0.10000,0.15000,0.55000
127.15000,-0.21301,5.63313,2.03638,231.05840,1.00000,50.00000,0.20000,1.00000,6.00000,0.10000,0.15000,0.55000
127.20000,-0.27255,5.55052,2.03684,231.16016,1.00000,50.00000,0.20000,1.00000,6.00000,0.10000,0.15000,0.55000
127.25000,-0.33013,5.46651,2.03730,231.26192,1.00000,50.00000,0.20000,1.00000,6.00000,0.10000,0.15000,0.55000
127.30000,-0.38570,5.38112,2.03777,231.36369,1.00000,50.00000,0.20000,1.00000,6.00000,0.10000,0.15000,0.55000
127.35000,-0.43921,5.29441,2.03824,231.46545,1.00000,50.00000,0.20000,1.00000,6.00000,0.10000,0.15000,0.55000
127.40000,-0.49061,5.20639,2.03872,231.56726,1.00000,50.00000,0.20000,1.00000,6.00000,0.10000,0.15000,0.55000
127.45000,-0.53986,5.11714,2.03922,231.66909,1.00000,50.00000,0.20000,1.00000,6.00000,0.10000,0.15000,0.55000
127.50000,-0.58694,5.02668,2.03972,231.77090,1.00000,50.00000,0.20000,1.00000,6.00000,0.10000,0.15000,0.55000
127.55000,-0.63180,4.93508,2.04025,231.87269,1.00000,50.00000,0.20000,1.00000,6.00000,0.10000,0.15000,0.55000
127.60000,-0.67443,4.84239,2.04078,231.97450,1.00000,50.00000,0.20000,1.00000,6.00000,0.10000,0.15000,0.55000
127.65000,-0.71482,4.74867,2.04133,232.07633,1.00000,50.00000,0.20000,1.00000,6.00000,0.10000,0.15000,0.55000
127.70000,-0.75296,4.65399,2.04190,232.17816,1.00000,50.00000,0.20000,1.00000,6.00000,0.10000,0.15000,0.55000
127.75000,-0.78883,4.55839,2.04249,232.28000,1.00000,50.00000,0.20000,1.00000,6.00000,0.10000,0.15000,0.55000
127.80000,-0.82246,4.46195,2.04309,232.38186,1.00000,50.00000,0.20000,1.00000,6.00000,0.10000,0.15000,0.55000
127.85000,-0.85384,4.36472,2.04371,232.48374,1.00000,50.00000,0.20000,1.00000,6.00000,0.10000,0.15000,0.55000
127.90000,-0.88299,4.26676,2.04434,232.58564,1.00000,50.00000,0.20000,1.00000,6.00000,0.10000,0.15000,0.55000
127.95000,-0.90992,4.16815,2.04499,232.68757,1.00000,50.00000,0.20000,1.00000,6.00000,0.10000,0.15000,0.55000
128.00000,-0.93466,4.06892,2.04565,232.78953,1.00000,50.00000,0.20000,1.00000,6.00000,0.10000,0.15000,0.55000
128.05000,-0.95721,3.96914,2.04632,232.89153,1.00000,50.00000,0.20000,1.00000,6.00000,0.10000,0.15000,0.55000
128.10000,-0.97761,3.86886,2.04701,232.99356,1.00000,50.00000,0.20000,1.00000,6.00000,0.10000,0.15000,0.55000
128.15000,-0.99586,3.76814,2.04770,233.09563,1.00000,50.00000,0.20000,1.00000,6.00000,0.10000,0.15000,0.55000
128.20000,-1.01200,3.66701,2.04841,233.19773,1.00000,50.00000,0.20000,1.00000,6.00000,0.10000,0.15000,0.55000
128.25000,-1.02604,3.56554,2.04913,233.29987,1.00000,50.00000,0.20000,1.00000,6.00000,0.10000,0.15000,0.55000
128.30000,-1.03800,3.46377,2.04985,233.40205,1.00000,50.00000,0.20000,1.00000,6.00000,0.10000,0.15000,0.55000
128.35000,-1.04790,3.36174,2.05059,233.50427,1.00000,50.00000,0.20000,1.00000,6.00000,0.10000,0.15000,0.55000
128.40000,-1.05575,3.25950,2.05134,233.60653,1.00000,50.00000,0.20000,1.00000,6.00000,0.10000,0.15000,0.55000
128.45000,-1.06159,3.15708,2.05210,233.70882,1.00000,50.00000,0.20000,1.00000,6.00000,0.10000,0.15000,0.55000
128.50000,-1.06541,3.05453,2.05288,233.81113,1.00000,50.00000,0.20000,1.00000,6.00000,0.10000,0.15000,0.55000
128.55000,-1.06726,2.95188,2.05366,233.91348,1.00000,50.00000,0.20000,1.00000,6.00000,0.10000,0.15000,0.55000
128.60000,-1.06713,2.84918,2.05446,234.01585,1.00000,50.00000,0.20000,1.00000,6.00000,0.10000,0.15000,0.55000
128.65000,-1.06507,2.74646,2.05528,234.11825,1.00000,50.00000,0.20000,1.00000,6.00000,0.10000,0.15000,0.55000
128.70000,-1.06108,2.64375,2.05611,234.22068,1.00000,50.00000,0.20000,1.00000,6.00000,0.10000,0.15000,0.55000
128.75000,-1.05520,2.54110,2.05696,234.32313,1.00000,50.00000,0.20000,1.00000,6.00000,0.10000,0.15000,0.55000
128.80000,-1.04746,2.43852,2.05783,234.42562,1.00000,50.00000,0.20000,1.00000,6.00000,0.10000,0.15000,0.55000
128.85000,-1.03789,2.33605,2.05872,234.52814,1.00000,50.00000,0.20000,1.00000,6.00000,0.10000,0.15000,0.55000
128.90000,-1.02651,2.23373,2.05963,234.63071,1.00000,50.00000,0.20000,1.00000,6.00000,0.10000,0.15000,0.55000
128.95000,-1.01332,2.13157,2.06059,234.73331,1.00000,50.00000,0.20000,1.00000,6.00000,0.10000,0.15000,0.55000
129.00000,-0.99833,2.02961,2.06162,234.83597,1.00000,50.00000,0.20000,1.00000,6.00000,0.10000,0.15000,0.55000
129.05000,-0.98155,1.92788,2.06271,234.93869,1.00000,50.00000,0.20000,1.00000,6.00000,0.10000,0.15000,0.55000
129.10000,-0.96303,1.82639,2.06388,235.04146,1.00000,50.00000,0.20000,1.00000,6.00000,0.10000,0.15000,0.55000
129.15000,-0.94285,1.72516,2.06510,235.14431,1.00000,50.00000,0.20000,1.00000,6.00000,0.10000,0.15000,0.55000
129.20000,-0.92107,1.62420,2.06637,235.24724,1.00000,50.00000,0.20000,1.00000,6.00000,0.10000,0.15000,0.55000
129.25000,-0.89778,1.52351,2.06770,235.35024,1.00000,50.00000,0.20000,1.00000,6.00000,0.10000,0.15000,0.55000
129.30000,-0.87307,1.42308,2.06907,235.45334,1.00000,50.00000,0.20000,1.00000,6.00000,0.10000,0.15000,0.55000
129.35000,-0.84705,1.32292,2.07048,235.55652,1.00000,50.00000,0.20000,1.00000,6.00000,0.10000,0.15000,0.55000
129.40000,-0.81980,1.22301,2.07192,235.65980,1.00000,50.00000,0.20000,1.00000,6.00000,0.10000,0.15000,0.55000
129.45000,-0.79143,1.12334,2.07339,235.76317,1.00000,50.00000,0.20000,1.00000,6.00000,0.10000,0.15000,0.55000
129.50000,-0.76203,1.02389,2.07488,235.86663,1.00000,50.00000,0.20000,1.00000,6.00000,0.10000,0.15000,0.55000
129.55000,-0.73170,0.92464,2.07638,235.97019,1.00000,50.00000,0.20000,1.00000,6.00000,0.10000,0.15000,0.55000
129.60000,-0.70054,0.82557,2.07789,236.07385,1.00000,50.00000,0.20000,1.00000,6.00000,0.10000,0.15000,0.55000
129.65000,-0.66862,0.72666,2.07941,236.17761,1.00000,50.00000,0.20000,1.00000,6.00000,0.10000,0.15000,0.55000
129.70000,-0.63605,0.62788,2.08092,236.28146,1.00000,50.00000,0.20000,1.00000,6.00000,0.10000,0.15000,0.55000
129.75000,-0.60290,0.52922,2.08243,236.38539,1.00000,50.00000,0.20000,1.00000,6.00000,0.10000,0.15000,0.55000
129.80000,-0.56924,0.43065,2.08393,236.48944,1.00000,50.00000,0.20000,1.00000,6.00000,0.10000,0.15000,0.55000
129.85000,-0.53515,0.33215,2.08541,236.59360,1.00000,50.00000,0.20000,1.00000,6.00000,0.10000,0.15000,0.55000
129.90000,-0.50068,0.23370,2.08687,236.69781,1.00000,50.00000,0.20000,1.00000,6.00000,0.10000,0.15000,0.55000
129.95000,-0.46591,0.13528,2.08830,236.80224,1.00000,50.00000,0.20000,1.00000,6.00000,0.10000,0.15000,0.55000
130.00000,-0.43088,0.03688,2.08970,236.90731,1.00000,50.00000,0.20000,1.00000,6.00000,0.10000,0.15000,0.55000
130.05000,-0.39564,-0.06152,2.09106,237.01294,1.00000,50.00000,0.20000,1.00000,6.00000,0.10000,0.15000,0.55000
130.10000,-0.36023,-0.15993,2.09239,237.11868,1.00000,50.00000,0.20000,1.00000,6.00000,0.10000,0.15000,0.55000
130.15000,-0.32470,-0.25836,2.09367,237.22407,1.00000,50.00000,0.20000,1.00000,6.00000,0.10000,0.15000,0.55000
130.20000,-0.28909,-0.35683,2.09490,237.32894,1.00000,50.00000,0.20000,1.00000,6.00000,0.10000,0.15000,0.55000
130.25000,-0.25341,-0.45535,2.09610,237.43369,1.00000,50.00000,0.20000,1.00000,6.00000,0.10000,0.15000,0.55000
130.30000,-0.21770,-0.55391,2.09725,237.53853,1.00000,50.00000,0.20000,1.00000,6.00000,0.10000,0.15000,0.55000
130.35000,-0.18199,-0.65254,2.09835,237.64341,1.00000,50.00000,0.20000,1.00000,6.00000,0.10000,0.15000,0.55000
130.40000,-0.14629,-0.75122,2.09941,237.74832,1.00000,50.00000,0.20000,1.00000,6.00000,0.10000,0.15000,0.55000
130.45000,-0.11062,-0.84997,2.10042,237.85329,1.00000,50.00000,0.20000,1.00000,6.00000,0.10000,0.15000,0.55000
130.50000,-0.07499,-0.94879,2.10139,237.95831,1.00000,50.00000,0.20000,1.00000,6.00000,0.10000,0.15000,0.55000
130.55000,-0.03940,-1.04767,2.10231,238.06337,1.00000,50.00000,0.20000,1.00000,6.00000,0.10000,0.15000,0.55000
130.60000,-0.00386,-1.14662,2.10318,238.16848,1.00000,50.00000,0.20000,1.00000,6.00000,0.10000,0.15000,0.55000
130.65000,0.03164,-1.24563,2.10401,238.27363,1.00000,50.00000,0.20000,1.00000,6.00000,0.10000,0.15000,0.55000
130.70000,0.06710,-1.34469,2.10479,238.37881,1.00000,50.00000,0.20000,1.00000,6.00000,0.10000,0.15000,0.55000
130.75000,0.10254,-1.44381,2.10552,238.48403,1.00000,50.00000,0.20000,1.00000,6.00000,0.10000,0.15000,0.55000
130.80000,0.13798,-1.54296,2.10621,238.58928,1.00000,50.00000,0.20000,1.00000,6.00000,0.10000,0.15000,0.55000
130.85000,0.17344,-1.64213,2.10685,238.69456,1.00000,50.00000,0.20000,1.00000,6.00000,0.10000,0.15000,0.55000
130.90000,0.20896,-1.74132,2.10745,238.79987,1.00000,50.00000,0.20000,1.00000,6.00000,0.10000,0.15000,0.55000
130.95000,0.24457,-1.84051,2.10799,238.90520,1.00000,50.00000,0.20000,1.00000,6.00000,0.10000,0.15000,0.55000
131.00000,0.28031,-1.93968,2.10849,239.01056,1.00000,50.00000,0.20000,1.00000,6.00000,0.10000,0.15000,0.55000
131.05000,0.31624,-2.03880,2.10894,239.11595,1.00000,50.00000,0.20000,1.00000,6.00000,0.10000,0.15000,0.55000
131.10000,0.35242,-2.13786,2.10935,239.22136,1.00000,50.00000,0.20000,1.00000,6.00000,0.10000,0.15000,0.55000
131.15000,0.38890,-2.23683,2.10970,239.32679,1.00000,50.00000,0.20000,1.00000,6.00000,0.10000,0.15000,0.55000
131.20000,0.42577,-2.33567,2.11001,239.43224,1.00000,50.00000,0.20000,1.00000,6.00000,0.10000,0.15000,0.55000
131.25000,0.46309,-2.43436,2.11027,239.53772,1.00000,50.00000,0.20000,1.00000,6.00000,0.10000,0.15000,0.55000
131.30000,0.50095,-2.53285,2.11048,239.64322,1.00000,50.00000,0.20000,1.00000,6.00000,0.10000,0.15000,0.55000
131.35000,0.53945,-2.63110,2.11064,239.74874,1.00000,50.00000,0.20000,1.00000,6.00000,0.10000,0.15000,0.55000
131.40000,0.57869,-2.72907,2.11075,239.85427,1.00000,50.00000,0.20000,1.00000,6.00000,0.10000,0.15000,0.55000
131.45000,0.61876,-2.82670,2.11081,239.95983,1.00000,50.00000,0.20000,1.00000,6.00000,0.10000,0.15000,0.55000
131.50000,0.65979,-2.92394,2.11082,240.06541,1.00000,50.00000,0.20000,1.00000,6.00000,0.10000,0.15000,0.55000
131.55000,0.70189,-3.02072,2.11077,240.17099,1.00000,50.00000,0.20000,1.00000,6.00000,0.10000,0.15000,0.55000
131.60000,0.74518,-3.11697,2.11067,240.27659,1.00000,50.00000,0.20000,1.00000,6.00000,0.10000,0.15000,0.55000
131.65000,0.78979,-3.21261,2.11051,240.38219,1.00000,50.00000,0.20000,1.00000,6.00000,0.10000,0.15000,0.55000
131.70000,0.83586,-3.30754,2.11029,240.48779,1.00000,50.00000,0.20000,1.00000,6.00000,0.10000,0.15000,0.55000
131.75000,0.88352,-3.40167,2.11002,240.59338,1.00000,50.00000,0.20000,1.00000,6.00000,0.10000,0.15000,0.55000
131.80000,0.93290,-3.49489,2.10968,240.69895,1.00000,50.00000,0.20000,1.00000,6.00000,0.10000,0.15000,0.55000
131.85000,0.98416,-3.58707,2.10928,240.80450,1.00000,50.00000,0.20000,1.00000,6.00000,0.10000,0.15000,0.55000
131.90000,1.03742,-3.67808,2.10881,240.91001,1.00000,50.00000,0.20000,1.00000,6.00000,0.10000,0.15000,0.55000
131.95000,1.09284,-3.76777,2.10827,241.01547,1.00000,50.00000,0.20000,1.00000,6.00000,0.10000,0.15000,0.55000
132.00000,1.15053,-3.85597,2.10767,241.12088,1.00000,50.00000,0.20000,1.00000,6.00000,0.10000,0.15000,0.55000
132.05000,1.21064,-3.94250,2.10698,241.22622,1.00000,50.00000,0.20000,1.00000,6.00000,0.10000,0.15000,0.55000
132.10000,1.27330,-4.02717,2.10622,241.33148,1.00000,50.00000,0.20000,1.00000,6.00000,0.10000,0.15000,0.55000
132.15000,1.33860,-4.10976,2.10538,241.43667,1.00000,50.00000,0.20000,1.00000,6.00000,0.10000,0.15000,0.55000
132.20000,1.40666,-4.19003,2.10445,241.54176,1.00000,50.00000,0.20000,1.00000,6.00000,0.10000,0.15000,0.55000
132.25000,1.47756,-4.26774,2.10344,241.64677,1.00000,50.00000,0.20000,1.00000,6.00000,0.10000,0.15000,0.55000
132.30000,1.55138,-4.34261,2.10236,241.75168,1.00000,50.00000,0.20000,1.00000,6.00000,0.10000,0.15000,0.55000
132.35000,1.62814,-4.41438,2.10119,241.85649,1.00000,50.00000,0.20000,1.00000,6.00000,0.10000,0.15000,0.55000
132.40000,1.70787,-4.48274,2.09992,241.96121,1.00000,50.00000,0.20000,1.00000,6.00000,0.10000,0.15000,0.55000
132.45000,1.79056,-4.54737,2.09857,242.06583,1.00000,50.00000,0.20000,1.00000,6.00000,0.10000,0.15000,0.55000
132.50000,1.87616,-4.60798,2.09714,242.17036,1.00000,50.00000,0.20000,1.00000,6.00000,0.10000,0.15000,0.55000
132.55000,1.96461,-4.66421,2.09562,242.27480,1.00000,50.00000,0.20000,1.00000,6.00000,0.10000,0.15000,0.55000
132.60000,2.05577,-4.71577,2.09403,242.37917,1.00000,50.00000,0.20000,1.00000,6.00000,0.10000,0.15000,0.55000
132.65000,2.14950,-4.76230,2.09236,242.48346,1.00000,50.00000,0.20000,1.00000,6.00000,0.10000,0.15000,0.55000
132.70000,2.24560,-4.80351,2.09064,242.58770,1.00000,50.00000,0.20000,1.00000,6.00000,0.10000,0.15000,0.55000
132.75000,2.34383,-4.83909,2.08885,242.69189,1.00000,50.00000,0.20000,1.00000,6.00000,0.10000,0.15000,0.55000
132.80000,2.44391,-4.86877,2.08702,242.79603,1.00000,50.00000,0.20000,1.00000,6.00000,0.10000,0.15000,0.55000
132.85000,2.54552,-4.89227,2.08515,242.90014,1.00000,50.00000,0.20000,1.00000,6.00000,0.10000,0.15000,0.55000
132.90000,2.64830,-4.90939,2.08325,243.00422,1.00000,50.00000,0.20000,1.00000,6.00000,0.10000,0.15000,0.55000
132.95000,2.75186,-4.91992,2.08134,243.10829,1.00000,50.00000,0.20000,1.00000,6.00000,0.10000,0.15000,0.55000
133.00000,2.85580,-4.92374,2.07943,243.21234,1.00000,50.00000,0.20000,1.00000,6.00000,0.10000,0.15000,0.55000
133.05000,2.95966,-4.92074,2.07754,243.31634,1.00000,50.00000,0.20000,1.00000,6.00000,0.10000,0.15000,0.55000
133.10000,3.06300,-4.91086,2.07566,243.42030,1.00000,50.00000,0.20000,1.00000,6.00000,0.10000,0.15000,0.55000
133.15000,3.16519,-4.89337,2.06979,243.52419,1.00000,50.00000,0.20000,1.00000,6.00000,0.10000,0.15000,0.55000
133.20000,3.26500,-4.86612,2.07398,243.62795,1.00000,50.00000,0.20000,1.00000,6.00000,0.10000,0.15000,0.55000
133.25000,3.36478,-4.83750,2.07346,243.73229,1.00000,50.00000,0.20000,1.00000,6.00000,0.10000,0.15000,0.55000
133.30000,3.46195,-4.80192,2.06747,243.83635,1.00000,50.00000,0.20000,1.00000,6.00000,0.10000,0.15000,0.55000
133.35000,3.55594,-4.75904,2.06610,243.94001,1.00000,50.00000,0.20000,1.00000,6.00000,0.10000,0.15000,0.55000
133.40000,3.64682,-4.71004,2.06458,244.04357,1.00000,50.00000,0.20000,1.00000,6.00000,0.10000,0.15000,0.55000
133.45000,3.73417,-4.65514,2.06312,244.14698,1.00000,50.00000,0.20000,1.00000,6.00000,0.10000,0.15000,0.55000
133.50000,3.81766,-4.59464,2.06175,244.25027,1.00000,50.00000,0.20000,1.00000,6.00000,0.10000,0.15000,0.55000
133.55000,3.89699,-4.52888,2.06048,244.35343,1.00000,50.00000,0.20000,1.00000,6.00000,0.10000,0.15000,0.55000
133.60000,3.97190,-4.45824,2.05932,244.45642,1.00000,50.00000,0.20000,1.00000,6.00000,0.10000,0.15000,0.55000
133.65000,4.04221,-4.38307,2.05825,244.55926,1.00000,50.00000,0.20000,1.00000,6.00000,0.10000,0.15000,0.55000
133.70000,4.10774,-4.30377,2.05727,244.66195,1.00000,50.00000,0.20000,1.00000,6.00000,0.10000,0.15000,0.55000
133.75000,4.16837,-4.22073,2.05638,244.76450,1.00000,50.00000,0.20000,1.00000,6.00000,0.10000,0.15000,0.55000
133.80000,4.22403,-4.13432,2.05559,244.86690,1.00000,50.00000,0.20000,1.00000,6.00000,0.10000,0.15000,0.55000
133.85000,4.27466,-4.04491,2.05489,244.96917,1.00000,50.00000,0.20000,1.00000,6.00000,0.10000,0.15000,0.55000
133.90000,4.32025,-3.95287,2.05427,245.07131,1.00000,50.00000,0.20000,1.00000,6.00000,0.10000,0.15000,0.55000
133.95000,4.36084,-3.85855,2.05373,245.17334,1.00000,50.00000,0.20000,1.00000,6.00000,0.10000,0.15000,0.55000
134.00000,4.39646,-3.76227,2.05327,245.27527,1.00000,50.00000,0.20000,1.00000,6.00000,0.10000,0.15000,0.55000
134.05000,4.42721,-3.66434,2.05289,245.37711,1.00000,50.00000,0.20000,1.00000,6.00000,0.10000,0.15000,0.55000
134.10000,4.45316,-3.56505,2.05257,245.47887,1.00000,50.00000,0.20000,1.00000,6.00000,0.10000,0.15000,0.55000
134.15000,4.47444,-3.46467,2.05233,245.58057,1.00000,50.00000,0.20000,1.00000,6.00000,0.10000,0.15000,0.55000
134.20000,4.49118,-3.36344,2.05215,245.68221,1.00000,50.00000,0.20000,1.00000,6.00000,0.10000,0.15000,0.55000
134.25000,4.50353,-3.26159,2.05204,245.78382,1.00000,50.00000,0.20000,1.00000,6.00000,0.10000,0.15000,0.55000
134.30000,4.51163,-3.15932,2.05198,245.88540,1.00000,50.00000,0.20000,1.00000,6.00000,0.10000,0.15000,0.55000
134.35000,4.51564,-3.05681,2.05198,245.98697,1.00000,50.00000,0.20000,1.00000,6.00000,0.10000,0.15000,0.55000
134.40000,4.51575,-2.95421,2.05204,246.08853,1.00000,50.00000,0.20000,1.00000,6.00000,0.10000,0.15000,0.55000
134.45000,4.51210,-2.85168,2.05215,246.19010,1.00000,50.00000,0.20000,1.00000,6.00000,0.10000,0.15000,0.55000
134.50000,4.50488,-2.74933,2.05232,246.29169,1.00000,50.00000,0.20000,1.00000,6.00000,0.10000,0.15000,0.55000
134.55000,4.49427,-2.64726,2.05254,246.39330,1.00000,50.00000,0.20000,1.00000,6.00000,0.10000,0.15000,0.55000
134.60000,4.48045,-2.54557,2.05279,246.49495,1.00000,50.00000,0.20000,1.00000,6.00000,0.10000,0.15000,0.55000
134.65000,4.46354,-2.44433,2.05307,246.59664,1.00000,50.00000,0.20000,1.00000,6.00000,0.10000,0.15000,0.55000
134.70000,4.44367,-2.34362,2.05344,246.69839,1.00000,50.00000,0.20000,1.00000,6.00000,0.10000,0.15000,0.55000
134.75000,4.42098,-2.24347,2.05390,246.80020,1.00000,50.00000,0.20000,1.00000,6.00000,0.10000,0.15000,0.55000
134.80000,4.39565,-2.14394,2.05444,246.90209,1.00000,50.00000,0.20000,1.00000,6.00000,0.10000,0.15000,0.55000
134.85000,4.36786,-2.04504,2.05505,247.00406,1.00000,50.00000,0.20000,1.00000,6.00000,0.10000,0.15000,0.55000
134.90000,4.33780,-1.94677,2.05574,247.10611,1.00000,50.00000,0.20000,1.00000,6.00000,0.10000,0.15000,0.55000
134.95000,4.30566,-1.84912,2.05647,247.20826,1.00000,50.00000,0.20000,1.00000,6.00000,0.10000,0.15000,0.55000
135.00000,4.27164,-1.75207,2.05725,247.31050,1.00000,50.00000,0.20000,1.00000,6.00000,0.10000,0.15000,0.55000
135.05000,4.23593,-1.65558,2.05807,247.41284,1.00000,50.00000,0.20000,1.00000,6.00000,0.10000,0.15000,0.55000
135.10000,4.19870,-1.55963,2.05892,247.51527,1.00000,50.00000,0.20000,1.00000,6.00000,0.10000,0.15000,0.55000
135.15000,4.16013,-1.46416,2.05980,247.61781,1.00000,50.00000,0.20000,1.00000,6.00000,0.10000,0.15000,0.55000
135.20000,4.12040,-1.36912,2.06068,247.72043,1.00000,50.00000,0.20000,1.00000,6.00000,0.10000,0.15000,0.55000
135.25000,4.07966,-1.27446,2.06158,247.82316,1.00000,50.00000,0.20000,1.00000,6.00000,0.10000,0.15000,0.55000
135.30000,4.03807,-1.18011,2.06248,247.92597,1.00000,50.00000,0.20000,1.00000,6.00000,0.10000,0.15000,0.55000
135.35000,3.99578,-1.08604,2.06339,248.02886,1.00000,50.00000,0.20000,1.00000,6.00000,0.10000,0.15000,0.55000
135.40000,3.95293,-0.99217,2.06428,248.13184,1.00000,50.00000,0.20000,1.00000,6.00000,0.10000,0.15000,0.55000
135.45000,3.90964,-0.89844,2.06517,248.23490,1.00000,50.00000,0.20000,1.00000,6.00000,0.10000,0.15000,0.55000
135.50000,3.86604,-0.80482,2.06604,248.33804,1.00000,50.00000,0.20000,1.00000,6.00000,0.10000,0.15000,0.55000
135.55000,3.82226,-0.71123,2.06689,248.44127,1.00000,50.00000,0.20000,1.00000,6.00000,0.10000,0.15000,0.55000
135.60000,3.77840,-0.61763,2.06772,248.54460,1.00000,50.00000,0.20000,1.00000,6.00000,0.10000,0.15000,0.55000
135.65000,3.73457,-0.52397,2.06852,248.64795,1.00000,50.00000,0.20000,1.00000,6.00000,0.10000,0.15000,0.55000
135.70000,3.69088,-0.43021,2.06929,248.75148,1.00000,50.00000,0.20000,1.00000,6.00000,0.10000,0.15000,0.55000
135.75000,3.64743,-0.33629,2.07003,248.85577,1.00000,50.00000,0.20000,1.00000,6.00000,0.10000,0.15000,0.55000
135.80000,3.60431,-0.24217,2.07072,248.96055,1.00000,50.00000,0.20000,1.00000,6.00000,0.10000,0.15000,0.55000
135.85000,3.56164,-0.14782,2.07137,249.06487,1.00000,50.00000,0.20000,1.00000,6.00000,0.10000,0.15000,0.55000
135.90000,3.51951,-0.05319,2.07198,249.16875,1.00000,50.00000,0.20000,1.00000,6.00000,0.10000,0.15000,0.55000
135.95000,3.47802,0.04175,2.07254,249.27253,1.00000,50.00000,0.20000,1.00000,6.00000,0.10000,0.15000,0.55000
136.00000,3.43728,0.13705,2.07306,249.37629,1.00000,50.00000,0.20000,1.00000,6.00000,0.10000,0.15000,0.55000
136.05000,3.39739,0.23273,2.07353,249.48009,1.00000,50.00000,0.20000,1.00000,6.00000,0.10000,0.15000,0.55000
136.10000,3.35846,0.32883,2.07397,249.58392,1.00000,50.00000,0.20000,1.00000,6.00000,0.10000,0.15000,0.55000
136.15000,3.32059,0.42538,2.07435,249.68779,1.00000,50.00000,0.20000,1.00000,6.00000,0.10000,0.15000,0.55000
136.20000,3.28389,0.52239,2.07469,249.79169,1.00000,50.00000,0.20000,1.00000,6.00000,0.10000,0.15000,0.55000
136.25000,3.24846,0.61990,2.07499,249.89563,1.00000,50.00000,0.20000,1.00000,6.00000,0.10000,0.15000,0.55000
136.30000,3.21441,0.71791,2.07524,249.99959,1.00000,50.00000,0.20000,1.00000,6.00000,0.10000,0.15000,0.55000
136.35000,3.18186,0.81643,2.07545,250.10358,1.00000,50.00000,0.20000,1.00000,6.00000,0.10000,0.15000,0.55000
136.40000,3.15089,0.91548,2.07561,250.20759,1.00000,50.00000,0.20000,1.00000,6.00000,0.10000,0.15000,0.55000
136.45000,3.12163,1.01506,2.07573,250.31162,1.00000,50.00000,0.20000,1.00000,6.00000,0.10000,0.15000,0.55000
136.50000,3.09417,1.11515,2.07581,250.41565,1.00000,50.00000,0.20000,1.00000,6.00000,0.10000,0.15000,0.55000
136.55000,3.06864,1.21574,2.07584,250.51968,1.00000,50.00000,0.20000,1.00000,6.00000,0.10000,0.15000,0.55000
136.60000,3.04512,1.31684,2.07583,250.62371,1.00000,50.00000,0.20000,1.00000,6.00000,0.10000,0.15000,0.55000
136.65000,3.02372,1.41840,2.07578,250.72773,1.00000,50.00000,0.20000,1.00000,6.00000,0.10000,0.15000,0.55000
136.70000,3.00456,1.52040,2.07568,250.83174,1.00000,50.00000,0.20000,1.00000,6.00000,0.10000,0.15000,0.55000
136.75000,2.98774,1.62280,2.07554,250.93573,1.00000,50.00000,0.20000,1.00000,6.00000,0.10000,0.15000,0.55000
136.80000,2.97335,1.72557,2.07535,251.03970,1.00000,50.00000,0.20000,1.00000,6.00000,0.10000,0.15000,0.55000
136.85000,2.96151,1.82865,2.07513,251.14363,1.00000,50.00000,0.20000,1.00000,6.00000,0.10000,0.15000,0.55000
136.90000,2.95231,1.93199,2.07485,251.24754,1.00000,50.00000,0.20000,1.00000,6.00000,0.10000,0.15000,0.55000
136.95000,2.94587,2.03552,2.07454,251.35140,1.00000,50.00000,0.20000,1.00000,6.00000,0.10000,0.15000,0.55000
137.00000,2.94229,2.13918,2.07418,251.45523,1.00000,50.00000,0.20000,1.00000,6.00000,0.10000,0.15000,0.55000
137.05000,2.94166,2.24287,2.07378,251.55901,1.00000,50.00000,0.20000,1.00000,6.00000,0.10000,0.15000,0.55000
137.10000,2.94410,2.34652,2.07333,251.66274,1.00000,50.00000,0.20000,1.00000,6.00000,0.10000,0.15000,0.55000
137.15000,2.94970,2.45002,2.07283,251.76642,1.00000,50.00000,0.20000,1.00000,6.00000,0.10000,0.15000,0.55000
137.20000,2.95858,2.55326,2.07229,251.87004,1.00000,50.00000,0.20000,1.00000,6.00000,0.10000,0.15000,0.55000
137.25000,2.97082,2.65613,2.07170,251.97361,1.00000,50.00000,0.20000,1.00000,6.00000,0.10000,0.15000,0.55000
137.30000,2.98655,2.75849,2.07106,252.07712,1.00000,50.00000,0.20000,1.00000,6.00000,0.10000,0.15000,0.55000
137.35000,3.00584,2.86021,2.07037,252.18057,1.00000,50.00000,0.20000,1.00000,6.00000,0.10000,0.15000,0.55000
137.40000,3.02879,2.96113,2.06963,252.28396,1.00000,50.00000,0.20000,1.00000,6.00000,0.10000,0.15000,0.55000
137.45000,3.05551,3.06108,2.06884,252.38728,1.00000,50.00000,0.20000,1.00000,6.00000,0.10000,0.15000,0.55000
137.50000,3.08606,3.15988,2.06801,252.49054,1.00000,50.00000,0.20000,1.00000,6.00000,0.10000,0.15000,0.55000
137.55000,3.12053,3.25733,2.06711,252.59374,1.00000,50.00000,0.20000,1.00000,6.00000,0.10000,0.15000,0.55000
137.60000,3.15899,3.35323,2.06616,252.69687,1.00000,50.00000,0.20000,1.00000,6.00000,0.10000,0.15000,0.55000
137.65000,3.20149,3.44736,2.06517,252.79994,1.00000,50.00000,0.20000,1.00000,6.00000,0.10000,0.15000,0.55000
137.70000,3.24807,3.53948,2.06412,252.90294,1.00000,50.00000,0.20000,1.00000,6.00000,0.10000,0.15000,0.55000
137.75000,3.29875,3.62934,2.06303,253.00589,1.00000,50.00000,0.20000,1.00000,6.00000,0.10000,0.15000,0.55000
137.80000,3.35355,3.71669,2.06188,253.10877,1.00000,50.00000,0.20000,1.00000,6.00000,0.10000,0.15000,0.55000
137.85000,3.41245,3.80126,2.06069,253.21159,1.00000,50.00000,0.20000,1.00000,6.00000,0.10000,0.15000,0.55000
137.90000,3.47541,3.88276,2.05946,253.31436,1.00000,50.00000,0.20000,1.00000,6.00000,0.10000,0.15000,0.55000
137.95000,3.54238,3.96093,2.05818,253.41707,1.00000,50.00000,0.20000,1.00000,6.00000,0.10000,0.15000,0.55000
138.00000,3.61326,4.03548,2.05688,253.51972,1.00000,50.00000,0.20000,1.00000,6.00000,0.10000,0.15000,0.55000
138.05000,3.68795,4.10612,2.05554,253.62232,1.00000,50.00000,0.20000,1.00000,6.00000,0.10000,0.15000,0.55000
138.10000,3.76628,4.17258,2.05418,253.72487,1.00000,50.00000,0.20000,1.00000,6.00000,0.10000,0.15000,0.55000
138.15000,3.84811,4.23459,2.05281,253.82737,1.00000,50.00000,0.20000,1.00000,6.00000,0.10000,0.15000,0.55000
138.20000,3.93321,4.29188,2.05142,253.92982,1.00000,50.00000,0.20000,1.00000,6.00000,0.10000,0.15000,0.55000
138.25000,4.02137,4.34422,2.05002,254.03222,1.00000,50.00000,0.20000,1.00000,6.00000,0.10000,0.15000,0.55000
138.30000,4.11233,4.39137,2.04862,254.13458,1.00000,50.00000,0.20000,1.00000,6.00000,0.10000,0.15000,0.55000
138.35000,4.20581,4.43312,2.04723,254.23689,1.00000,50.00000,0.20000,1.00000,6.00000,0.10000,0.15000,0.55000
138.40000,4.30151,4.46930,2.04585,254.33915,1.00000,50.00000,0.20000,1.00000,6.00000,0.10000,0.15000,0.55000
138.45000,4.39912,4.49975,2.04449,254.44134,1.00000,50.00000,0.20000,1.00000,6.00000,0.10000,0.15000,0.55000
138.50000,4.49829,4.52434,2.04315,254.54348,1.00000,50.00000,0.20000,1.00000,6.00000,0.10000,0.15000,0.55000
138.55000,4.59868,4.54298,2.04185,254.64558,1.00000,50.00000,0.20000,1.00000,6.00000,0.10000,0.15000,0.55000
138.60000,4.69995,4.55561,2.04058,254.74760,1.00000,50.00000,0.20000,1.00000,6.00000,0.10000,0.15000,0.55000
138.65000,4.80172,4.56219,2.03935,254.84955,1.00000,50.00000,0.20000,1.00000,6.00000,0.10000,0.15000,0.55000
138.70000,4.90364,4.56274,2.03817,254.95145,1.00000,50.00000,0.20000,1.00000,6.00000,0.10000,0.15000,0.55000
138.75000,5.00536,4.55727,2.03705,255.05327,1.00000,50.00000,0.20000,1.00000,6.00000,0.10000,0.15000,0.55000
138.80000,5.10910,4.54491,2.14799,255.05327,1.00000,50.00000,0.20000,1.00000,6.00000,0.10000,0.15000,0.55000
138.85000,5.21397,4.51833,2.18169,255.45327,1.00000,50.00000,0.20000,1.00000,6.00000,0.10000,0.15000,0.55000
138.90000,5.31574,4.47884,2.18912,255.55659,1.00000,50.00000,0.20000,1.00000,6.00000,0.10000,0.15000,0.55000
138.95000,5.41733,4.43516,2.23666,255.64712,1.00000,50.00000,0.20000,1.00000,6.00000,0.10000,0.15000,0.55000
139.00000,5.51984,4.39150,2.21354,255.84036,1.00000,50.00000,0.20000,1.00000,6.00000,0.10000,0.15000,0.55000
139.05000,5.62252,4.35561,2.13265,255.89426,1.00000,50.00000,0.20000,1.00000,6.00000,0.10000,0.15000,0.55000
139.10000,5.72609,4.33372,2.11887,255.89426,1.00000,50.00000,0.20000,1.00000,6.00000,0.10000,0.15000,0.55000
139.15000,5.83044,4.31415,2.12567,255.93755,1.00000,50.00000,0.20000,1.00000,6.00000,0.10000,0.15000,0.55000
139.20000,5.93296,4.28696,2.11555,256.01750,1.00000,50.00000,0.20000,1.00000,6.00000,0.10000,0.15000,0.55000
139.25000,6.03049,4.24744,2.09672,256.10969,1.00000,50.00000,0.20000,1.00000,6.00000,0.10000,0.15000,0.55000
139.30000,6.12134,4.19573,2.08766,256.20539,1.00000,50.00000,0.20000,1.00000,6.00000,0.10000,0.15000,0.55000
139.35000,6.20531,4.13397,2.08477,256.30240,1.00000,50.00000,0.20000,1.00000,6.00000,0.10000,0.15000,0.55000
139.40000,6.28261,4.06411,2.08544,256.40010,1.00000,50.00000,0.20000,1.00000,6.00000,0.10000,0.15000,0.55000
139.45000,6.35377,3.98792,2.08650,256.49832,1.00000,50.00000,0.20000,1.00000,6.00000,0.10000,0.15000,0.55000
139.50000,6.41914,3.90664,2.08756,256.59691,1.00000,50.00000,0.20000,1.00000,6.00000,0.10000,0.15000,0.55000
139.55000,6.47914,3.82123,2.08848,256.69585,1.00000,50.00000,0.20000,1.00000,6.00000,0.10000,0.15000,0.55000
139.60000,6.53419,3.73250,2.08926,256.79515,1.00000,50.00000,0.20000,1.00000,6.00000,0.10000,0.15000,0.55000
139.65000,6.58472,3.64108,2.08993,256.89485,1.00000,50.00000,0.20000,1.00000,6.00000,0.10000,0.15000,0.55000
139.70000,6.63115,3.54746,2.09049,256.99498,1.00000,50.00000,0.20000,1.00000,6.00000,0.10000,0.15000,0.55000
139.75000,6.67385,3.45205,2.09099,257.09555,1.00000,50.00000,0.20000,1.00000,6.00000,0.10000,0.15000,0.55000
139.80000,6.71316,3.35518,2.09144,257.19657,1.00000,50.00000,0.20000,1.00000,6.00000,0.10000,0.15000,0.55000
139.85000,6.74939,3.25708,2.09185,257.29804,1.00000,50.00000,0.20000,1.00000,6.00000,0.10000,0.15000,0.55000
139.90000,6.78277,3.15795,2.09222,257.39994,1.00000,50.00000,0.20000,1.00000,6.00000,0.10000,0.15000,0.55000
139.95000,6.81347,3.05794,2.09262,257.50224,1.00000,50.00000,0.20000,1.00000,6.00000,0.10000,0.15000,0.55000
140.00000,6.84164,2.95716,2.09305,257.60491,1.00000,50.00000,0.20000,1.00000,6.00000,0.10000,0.15000,0.55000
140.05000,6.86744,2.85573,2.09353,257.70791,1.00000,50.00000,0.20000,1.00000,6.00000,0.10000,0.15000,0.55000
140.10000,6.89100,2.75373,2.09405,257.81121,1.00000,50.00000,0.20000,1.00000,6.00000,0.10000,0.15000,0.55000
140.15000,6.91247,2.65124,2.09460,257.91477,1.00000,50.00000,0.20000,1.00000,6.00000,0.10000,0.15000,0.55000
140.20000,6.93198,2.54833,2.09520,258.01857,1.00000,50.00000,0.20000,1.00000,6.00000,0.10000,0.15000,0.55000
140.25000,6.94963,2.44506,2.09583,258.12257,1.00000,50.00000,0.20000,1.00000,6.00000,0.10000,0.15000,0.55000
140.30000,6.96557,2.34147,2.09648,258.22674,1.00000,50.00000,0.20000,1.00000,6.00000,0.10000,0.15000,0.55000
140.35000,6.97991,2.23762,2.09717,258.33106,1.00000,50.00000,0.20000,1.00000,6.00000,0.10000,0.15000,0.55000
140.40000,6.99276,2.13353,2.09787,258.43550,1.00000,50.00000,0.20000,1.00000,6.00000,0.10000,0.15000,0.55000
140.45000,7.00426,2.02925,2.09860,258.54005,1.00000,50.00000,0.20000,1.00000,6.00000,0.10000,0.15000,0.55000
140.50000,7.01451,1.92481,2.09934,258.64469,1.00000,50.00000,0.20000,1.00000,6.00000,0.10000,0.15000,0.55000
140.55000,7.02366,1.82022,2.10008,258.74941,1.00000,50.00000,0.20000,1.00000,6.00000,0.10000,0.15000,0.55000
140.60000,7.03182,1.71552,2.10083,258.85420,1.00000,50.00000,0.20000,1.00000,6.00000,0.10000,0.15000,0.55000
140.65000,7.03912,1.61071,2.10159,258.95905,1.00000,50.00000,0.20000,1.00000,6.00000,0.10000,0.15000,0.55000
140.70000,7.04569,1.50582,2.10233,259.06397,1.00000,50.00000,0.20000,1.00000,6.00000,0.10000,0.15000,0.55000
140.75000,7.05167,1.40086,2.10307,259.16893,1.00000,50.00000,0.20000,1.00000,6.00000,0.10000,0.15000,0.55000
140.80000,7.05718,1.29583,2.10380,259.27397,1.00000,50.00000,0.20000,1.00000,6.00000,0.10000,0.15000,0.55000
140.85000,7.06236,1.19075,2.10450,259.37910,1.00000,50.00000,0.20000,1.00000,6.00000,0.10000,0.15000,0.55000
140.90000,7.06735,1.08562,2.10519,259.48424,1.00000,50.00000,0.20000,1.00000,6.00000,0.10000,0.15000,0.55000
140.95000,7.07229,0.98046,2.10584,259.58951,1.00000,50.00000,0.20000,1.00000,6.00000,0.10000,0.15000,0.55000
141.00000,7.07731,0.87528,2.10647,259.69543,1.00000,50.00000,0.20000,1.00000,6.00000,0.10000,0.15000,0.55000
141.05000,7.08257,0.77007,2.10705,259.80191,1.00000,50.00000,0.20000,1.00000,6.00000,0.10000,0.15000,0.55000
141.10000,7.08820,0.66485,2.10760,259.90802,1.00000,50.00000,0.20000,1.00000,6.00000,0.10000,0.15000,0.55000
141.15000,7.09437,0.55964,2.10811,260.01371,1.00000,50.00000,0.20000,1.00000,6.00000,0.10000,0.15000,0.55000
141.20000,7.10123,0.45445,2.10858,260.11929,1.00000,50.00000,0.20000,1.00000,6.00000,0.10000,0.15000,0.55000
141.25000,7.10893,0.34929,2.10900,260.22488,1.00000,50.00000,0.20000,1.00000,6.00000,0.10000,0.15000,0.55000
141.30000,7.11765,0.24419,2.10938,260.33050,1.00000,50.00000,0.20000,1.00000,6.00000,0.10000,0.15000,0.55000
141.35000,7.12754,0.13918,2.10972,260.43618,1.00000,50.00000,0.20000,1.00000,6.00000,0.10000,0.15000,0.55000
141.40000,7.13876,0.03428,2.11002,260.54190,1.00000,50.00000,0.20000,1.00000,6.00000,0.10000,0.15000,0.55000
141.45000,7.15147,-0.07045,2.11027,260.64767,1.00000,50.00000,0.20000,1.00000,6.00000,0.10000,0.15000,0.55000
141.50000,7.16583,-0.17499,2.11049,260.75349,1.00000,50.00000,0.20000,1.00000,6.00000,0.10000,0.15000,0.55000
141.55000,7.18200,-0.27927,2.11066,260.85934,1.00000,50.00000,0.20000,1.00000,6.00000,0.10000,0.15000,0.55000
141.60000,7.20010,-0.38324,2.11080,260.96521,1.00000,50.00000,0.20000,1.00000,6.00000,0.10000,0.15000,0.55000
141.65000,7.22030,-0.48683,2.11090,261.07112,1.00000,50.00000,0.20000,1.00000,6.00000,0.10000,0.15000,0.55000
141.70000,7.24272,-0.58997,2.11096,261.17703,1.00000,50.00000,0.20000,1.00000,6.00000,0.10000,0.15000,0.55000
141.75000,7.26748,-0.69257,2.11099,261.28295,1.00000,50.00000,0.20000,1.00000,6.00000,0.10000,0.15000,0.55000
141.80000,7.29470,-0.79455,2.11099,261.38887,1.00000,50.00000,0.20000,1.00000,6.00000,0.10000,0.15000,0.55000
141.85000,7.32448,-0.89581,2.11096,261.49477,1.00000,50.00000,0.20000,1.00000,6.00000,0.10000,0.15000,0.55000
141.90000,7.35691,-0.99625,2.11091,261.60066,1.00000,50.00000,0.20000,1.00000,6.00000,0.10000,0.15000,0.55000
141.95000,7.39207,-1.09576,2.11083,261.70653,1.00000,50.00000,0.20000,1.00000,6.00000,0.10000,0.15000,0.55000
142.00000,7.43004,-1.19423,2.11074,261.81237,1.00000,50.00000,0.20000,1.00000,6.00000,0.10000,0.15000,0.55000
142.05000,7.47086,-1.29154,2.11063,261.91818,1.00000,50.00000,0.20000,1.00000,6.00000,0.10000,0.15000,0.55000
142.10000,7.51458,-1.38758,2.11050,262.02395,1.00000,50.00000,0.20000,1.00000,6.00000,0.10000,0.15000,0.55000
142.15000,7.56123,-1.48223,2.11036,262.12968,1.00000,50.00000,0.20000,1.00000,6.00000,0.10000,0.15000,0.55000
142.20000,7.61083,-1.57536,2.11021,262.23538,1.00000,50.00000,0.20000,1.00000,6.00000,0.10000,0.15000,0.55000
142.25000,7.66338,-1.66684,2.11005,262.34103,1.00000,50.00000,0.20000,1.00000,6.00000,0.10000,0.15000,0.55000
142.30000,7.71887,-1.75656,2.10989,262.44665,1.00000,50.00000,0.20000,1.00000,6.00000,0.10000,0.15000,0.55000
142.35000,7.77730,-1.84439,2.10973,262.55223,1.00000,50.00000,0.20000,1.00000,6.00000,0.10000,0.15000,0.55000
142.40000,7.83862,-1.93021,2.10957,262.65777,1.00000,50.00000,0.20000,1.00000,6.00000,0.10000,0.15000,0.55000
142.45000,7.90280,-2.01390,2.10941,262.76327,1.00000,50.00000,0.20000,1.00000,6.00000,0.10000,0.15000,0.55000
142.50000,7.96979,-2.09536,2.10926,262.86873,1.00000,50.00000,0.20000,1.00000,6.00000,0.10000,0.15000,0.55000
142.55000,8.03953,-2.17446,2.10911,262.97414,1.00000,50.00000,0.20000,1.00000,6.00000,0.10000,0.15000,0.55000
142.60000,8.11195,-2.25110,2.10898,263.07951,1.00000,50.00000,0.20000,1.00000,6.00000,0.10000,0.15000,0.55000
142.65000,8.18697,-2.32520,2.10886,263.18485,1.00000,50.00000,0.20000,1.00000,6.00000,0.10000,0.15000,0.55000
142.70000,8.26450,-2.39665,2.10875,263.29017,1.00000,50.00000,0.20000,1.00000,6.00000,0.10000,0.15000,0.55000
142.75000,8.34445,-2.46537,2.10866,263.39544,1.00000,50.00000,0.20000,1.00000,6.00000,0.10000,0.15000,0.55000
142.80000,8.42672,-2.53130,2.10858,263.50067,1.00000,50.00000,0.20000,1.00000,6.00000,0.10000,0.15000,0.55000
142.85000,8.51121,-2.59436,2.10853,263.60587,1.00000,50.00000,0.20000,1.00000,6.00000,0.10000,0.15000,0.55000
142.90000,8.59779,-2.65449,2.10850,263.71105,1.00000,50.00000,0.20000,1.00000,6.00000,0.10000,0.15000,0.55000
142.95000,8.68637,-2.71165,2.10850,263.81618,1.00000,50.00000,0.20000,1.00000,6.00000,0.10000,0.15000,0.55000
143.00000,8.77682,-2.76581,2.10852,263.92129,1.00000,50.00000,0.20000,1.00000,6.00000,0.10000,0.15000,0.55000
143.05000,8.86902,-2.81692,2.10856,264.02637,1.00000,50.00000,0.20000,1.00000,6.00000,0.10000,0.15000,0.55000
143.10000,8.96286,-2.86497,2.10863,264.13142,1.00000,50.00000,0.20000,1.00000,6.00000,0.10000,0.15000,0.55000
143.15000,9.05821,-2.90995,2.10873,264.23645,1.00000,50.00000,0.20000,1.00000,6.00000,0.10000,0.15000,0.55000
143.20000,9.15496,-2.95186,2.10886,264.34146,1.00000,50.00000,0.20000,1.00000,6.00000,0.10000,0.15000,0.55000
143.25000,9.25298,-2.99071,2.10902,264.44646,1.00000,50.00000,0.20000,1.00000,6.00000,0.10000,0.15000,0.55000
143.30000,9.35217,-3.02651,2.10920,264.55144,1.00000,50.00000,0.20000,1.00000,6.00000,0.10000,0.15000,0.55000
143.35000,9.45241,-3.05928,2.10941,264.65642,1.00000,50.00000,0.20000,1.00000,6.00000,0.10000,0.15000,0.55000
143.40000,9.55360,-3.08905,2.10966,264.76139,1.00000,50.00000,0.20000,1.00000,6.00000,0.10000,0.15000,0.55000
143.45000,9.65562,-3.11586,2.10993,264.86635,1.00000,50.00000,0.20000,1.00000,6.00000,0.10000,0.15000,0.55000
143.50000,9.75838,-3.13974,2.11023,264.97133,1.00000,50.00000,0.20000,1.00000,6.00000,0.10000,0.15000,0.55000
143.55000,9.86178,-3.16074,2.11055,265.07630,1.00000,50.00000,0.20000,1.00000,6.00000,0.10000,0.15000,0.55000
143.60000,9.96574,-3.17890,2.11091,265.18129,1.00000,50.00000,0.20000,1.00000,6.00000,0.10000,0.15000,0.55000
143.65000,10.07017,-3.19429,2.11129,265.28629,1.00000,50.00000,0.20000,1.00000,6.00000,0.10000,0.15000,0.55000
143.70000,10.17497,-3.20696,2.11170,265.39131,1.00000,50.00000,0.20000,1.00000,6.00000,0.10000,0.15000,0.55000
143.75000,10.28009,-3.21695,2.11214,265.49634,1.00000,50.00000,0.20000,1.00000,6.00000,0.10000,0.15000,0.55000
143.80000,10.38545,-3.22429,2.11259,265.60140,1.00000,50.00000,0.20000,1.00000,6.00000,0.10000,0.15000,0.55000
143.85000,10.49099,-3.22898,2.11309,265.70649,1.00000,50.00000,0.20000,1.00000,6.00000,0.10000,0.15000,0.55000
143.90000,10.59663,-3.23103,2.11366,265.81161,1.00000,50.00000,0.20000,1.00000,6.00000,0.10000,0.15000,0.55000
143.95000,10.70233,-3.23049,2.11430,265.91677,1.00000,50.00000,0.20000,1.00000,6.00000,0.10000,0.15000,0.55000
144.00000,10.80801,-3.22744,2.11500,266.02199,1.00000,50.00000,0.20000,1.00000,6.00000,0.10000,0.15000,0.55000
144.05000,10.91368,-3.22286,2.11537,266.12672,1.00000,50.00000,0.20000,1.00000,6.00000,0.10000,0.15000,0.55000
144.10000,11.01933,-3.22396,2.11376,266.23221,1.00000,50.00000,0.20000,1.00000,6.00000,0.10000,0.15000,0.55000
144.15000,11.12491,-3.22168,2.11168,266.33675,1.00000,50.00000,0.20000,1.00000,6.00000,0.10000,0.15000,0.55000
144.20000,11.23024,-3.21432,2.11179,266.44146,1.00000,50.00000,0.20000,1.00000,6.00000,0.10000,0.15000,0.55000
144.25000,11.33527,-3.20332,2.11255,266.54621,1.00000,50.00000,0.20000,1.00000,6.00000,0.10000,0.15000,0.55000
144.30000,11.43997,-3.18924,2.11351,266.65104,1.00000,50.00000,0.20000,1.00000,6.00000,0.10000,0.15000,0.55000
144.35000,11.54432,-3.17243,2.11453,266.75596,1.00000,50.00000,0.20000,1.00000,6.00000,0.10000,0.15000,0.55000
144.40000,11.64831,-3.15320,2.11557,266.86097,1.00000,50.00000,0.20000,1.00000,6.00000,0.10000,0.15000,0.55000
144.45000,11.75193,-3.13183,2.11663,266.96608,1.00000,50.00000,0.20000,1.00000,6.00000,0.10000,0.15000,0.55000
144.50000,11.85520,-3.10857,2.11768,267.07131,1.00000,50.00000,0.20000,1.00000,6.00000,0.10000,0.15000,0.55000
144.55000,11.95813,-3.08365,2.11872,267.17664,1.00000,50.00000,0.20000,1.00000,6.00000,0.10000,0.15000,0.55000
144.60000,12.06077,-3.05731,2.11974,267.28208,1.00000,50.00000,0.20000,1.00000,6.00000,0.10000,0.15000,0.55000
144.65000,12.16313,-3.02973,2.12074,267.38763,1.00000,50.00000,0.20000,1.00000,6.00000,0.10000,0.15000,0.55000
144.70000,12.26525,-3.00110,2.12172,267.49330,1.00000,50.00000,0.20000,1.00000,6.00000,0.10000,0.15000,0.55000
144.75000,12.36717,-2.97157,2.12266,267.59908,1.00000,50.00000,0.20000,1.00000,6.00000,0.10000,0.15000,0.55000
144.80000,12.46892,-2.94130,2.12356,267.70501,1.00000,50.00000,0.20000,1.00000,6.00000,0.10000,0.15000,0.55000
144.85000,12.57053,-2.91042,2.12442,267.81119,1.00000,50.00000,0.20000,1.00000,6.00000,0.10000,0.15000,0.55000
144.90000,12.67202,-2.87903,2.12524,267.91785,1.00000,50.00000,0.20000,1.00000,6.00000,0.10000,0.15000,0.55000
144.95000,12.77344,-2.84723,2.12600,268.02515,1.00000,50.00000,0.20000,1.00000,6.00000,0.10000,0.15000,0.55000
145.00000,12.87479,-2.81513,2.12671,268.13228,1.00000,50.00000,0.20000,1.00000,6.00000,0.10000,0.15000,0.55000
145.05000,12.97611,-2.78279,2.12736,268.23871,1.00000,50.00000,0.20000,1.00000,6.00000,0.10000,0.15000,0.55000
145.10000,13.07740,-2.75029,2.12795,268.34500,1.00000,50.00000,0.20000,1.00000,6.00000,0.10000,0.15000,0.55000
145.15000,13.17870,-2.71769,2.12849,268.45138,1.00000,50.00000,0.20000,1.00000,6.00000,0.10000,0.15000,0.55000
145.20000,13.28001,-2.68507,2.12896,268.55777,1.00000,50.00000,0.20000,1.00000,6.00000,0.10000,0.15000,0.55000
145.25000,13.38136,-2.65248,2.12938,268.66417,1.00000,50.00000,0.20000,1.00000,6.00000,0.10000,0.15000,0.55000
145.30000,13.48275,-2.61996,2.12974,268.77060,1.00000,50.00000,0.20000,1.00000,6.00000,0.10000,0.15000,0.55000
145.35000,13.58421,-2.58758,2.13004,268.87705,1.00000,50.00000,0.20000,1.00000,6.00000,0.10000,0.15000,0.55000
145.40000,13.68573,-2.55538,2.13028,268.98352,1.00000,50.00000,0.20000,1.00000,6.00000,0.10000,0.15000,0.55000
145.45000,13.78733,-2.52340,2.13046,269.09000,1.00000,50.00000,0.20000,1.00000,6.00000,0.10000,0.15000,0.55000
145.50000,13.88903,-2.49167,2.13058,269.19648,1.00000,50.00000,0.20000,1.00000,6.00000,0.10000,0.15000,0.55000
145.55000,13.99081,-2.46024,2.13064,269.30297,1.00000,50.00000,0.20000,1.00000,6.00000,0.10000,0.15000,0.55000
145.60000,14.09270,-2.42912,2.13064,269.40946,1.00000,50.00000,0.20000,1.00000,6.00000,0.10000,0.15000,0.55000
145.65000,14.19468,-2.39833,2.13058,269.51595,1.00000,50.00000,0.20000,1.00000,6.00000,0.10000,0.15000,0.55000
145.70000,14.29677,-2.36790,2.13047,269.62242,1.00000,50.00000,0.20000,1.00000,6.00000,0.10000,0.15000,0.55000
145.75000,14.39896,-2.33782,2.13031,269.72888,1.00000,50.00000,0.20000,1.00000,6.00000,0.10000,0.15000,0.55000
145.80000,14.50123,-2.30809,2.13010,269.83533,1.00000,50.00000,0.20000,1.00000,6.00000,0.10000,0.15000,0.55000
145.85000,14.60359,-2.27867,2.12983,269.94175,1.00000,50.00000,0.20000,1.00000,6.00000,0.10000,0.15000,0.55000
145.90000,14.70600,-2.24953,2.12953,270.04814,1.00000,50.00000,0.20000,1.00000,6.00000,0.10000,0.15000,0.55000
145.95000,14.80846,-2.22058,2.12918,270.15450,1.00000,50.00000,0.20000,1.00000,6.00000,0.10000,0.15000,0.55000
146.00000,14.91093,-2.19173,2.12879,270.26081,1.00000,50.00000,0.20000,1.00000,6.00000,0.10000,0.15000,0.55000
146.05000,15.01335,-2.16281,2.12836,270.36707,1.00000,50.00000,0.20000,1.00000,6.00000,0.10000,0.15000,0.55000
146.10000,15.11568,-2.13363,2.12789,270.47327,1.00000,50.00000,0.20000,1.00000,6.00000,0.10000,0.15000,0.55000
146.15000,15.21784,-2.10397,2.12735,270.57938,1.00000,50.00000,0.20000,1.00000,6.00000,0.10000,0.15000,0.55000
146.20000,15.31973,-2.07347,2.12672,270.68539,1.00000,50.00000,0.20000,1.00000,6.00000,0.10000,0.15000,0.55000
146.25000,15.42121,-2.04178,2.12602,270.79129,1.00000,50.00000,0.20000,1.00000,6.00000,0.10000,0.15000,0.55000
146.30000,15.52213,-2.00847,2.12509,270.89703,1.00000,50.00000,0.20000,1.00000,6.00000,0.10000,0.15000,0.55000
146.35000,15.62218,-1.97279,2.12360,271.00262,1.00000,50.00000,0.20000,1.00000,6.00000,0.10000,0.15000,0.55000
146.40000,15.72119,-1.93445,2.12341,271.10798,1.00000,50.00000,0.20000,1.00000,6.00000,0.10000,0.15000,0.55000
146.45000,15.81941,-1.89430,2.12078,271.21319,1.00000,50.00000,0.20000,1.00000,6.00000,0.10000,0.15000,0.55000
146.50000,15.91523,-1.84914,2.11482,271.31812,1.00000,50.00000,0.20000,1.00000,6.00000,0.10000,0.15000,0.55000
146.55000,16.00767,-1.79784,2.11670,271.42247,1.00000,50.00000,0.20000,1.00000,6.00000,0.10000,0.15000,0.55000
146.60000,16.10081,-1.74758,2.11570,271.52691,1.00000,50.00000,0.20000,1.00000,6.00000,0.10000,0.15000,0.55000
146.65000,16.19198,-1.69411,2.11085,271.63091,1.00000,50.00000,0.20000,1.00000,6.00000,0.10000,0.15000,0.55000
146.70000,16.27956,-1.63527,2.11052,271.73428,1.00000,50.00000,0.20000,1.00000,6.00000,0.10000,0.15000,0.55000
146.75000,16.36448,-1.57281,2.10494,271.83728,1.00000,50.00000,0.20000,1.00000,6.00000,0.10000,0.15000,0.55000
146.80000,16.44363,-1.50378,2.09396,271.93960,1.00000,50.00000,0.20000,1.00000,6.00000,0.10000,0.15000,0.55000
146.85000,16.51333,-1.42624,2.07523,272.04099,1.00000,50.00000,0.20000,1.00000,6.00000,0.10000,0.15000,0.55000
146.90000,16.57057,-1.34014,2.07347,272.14140,1.00000,50.00000,0.20000,1.00000,6.00000,0.10000,0.15000,0.55000
146.95000,16.62336,-1.25062,2.07858,272.24237,1.00000,50.00000,0.20000,1.00000,6.00000,0.10000,0.15000,0.55000
147.00000,16.66888,-1.15746,2.06514,272.34447,1.00000,50.00000,0.20000,1.00000,6.00000,0.10000,0.15000,0.55000
147.05000,16.70113,-1.05982,2.06133,272.44631,1.00000,50.00000,0.20000,1.00000,6.00000,0.10000,0.15000,0.55000
147.10000,16.72935,-0.96038,2.06900,272.54900,1.00000,50.00000,0.20000,1.00000,6.00000,0.10000,0.15000,0.55000
147.15000,16.75245,-0.85972,2.06014,272.65317,1.00000,50.00000,0.20000,1.00000,6.00000,0.10000,0.15000,0.55000
147.20000,16.76450,-0.75771,2.04883,272.75705,1.00000,50.00000,0.20000,1.00000,6.00000,0.10000,0.15000,0.55000
147.25000,16.76412,-0.65557,2.03865,272.86064,1.00000,50.00000,0.20000,1.00000,6.00000,0.10000,0.15000,0.55000
147.30000,16.75218,-0.55436,2.04447,272.96418,1.00000,50.00000,0.20000,1.00000,6.00000,0.10000,0.15000,0.55000
147.35000,16.73675,-0.45314,2.04377,273.06898,1.00000,50.00000,0.20000,1.00000,6.00000,0.10000,0.15000,0.55000
147.40000,16.71083,-0.35480,2.02830,273.17317,1.00000,50.00000,0.20000,1.00000,6.00000,0.10000,0.15000,0.55000
147.45000,16.67281,-0.26111,2.01734,273.27640,1.00000,50.00000,0.20000,1.00000,6.00000,0.10000,0.15000,0.55000
147.50000,16.62402,-0.17287,2.02340,273.37894,1.00000,50.00000,0.20000,1.00000,6.00000,0.10000,0.15000,0.55000
147.55000,16.57155,-0.08615,2.02282,273.48223,1.00000,50.00000,0.20000,1.00000,6.00000,0.10000,0.15000,0.55000
147.60000,16.51038,-0.00618,2.00945,273.58438,1.00000,50.00000,0.20000,1.00000,6.00000,0.10000,0.15000,0.55000
147.65000,16.44059,0.06591,2.00639,273.68545,1.00000,50.00000,0.20000,1.00000,6.00000,0.10000,0.15000,0.55000
147.70000,16.36410,0.13069,2.00512,273.78620,1.00000,50.00000,0.20000,1.00000,6.00000,0.10000,0.15000,0.55000
147.75000,16.28205,0.18816,2.00363,273.88657,1.00000,50.00000,0.20000,1.00000,6.00000,0.10000,0.15000,0.55000
147.80000,16.19530,0.23813,2.00236,273.98652,1.00000,50.00000,0.20000,1.00000,6.00000,0.10000,0.15000,0.55000
147.85000,16.10470,0.28059,2.00127,274.08616,1.00000,50.00000,0.20000,1.00000,6.00000,0.10000,0.15000,0.55000
147.90000,16.01103,0.31562,2.00037,274.18551,1.00000,50.00000,0.20000,1.00000,6.00000,0.10000,0.15000,0.55000
147.95000,15.91500,0.34339,1.99962,274.28459,1.00000,50.00000,0.20000,1.00000,6.00000,0.10000,0.15000,0.55000
148.00000,15.81723,0.36412,1.99901,274.38342,1.00000,50.00000,0.20000,1.00000,6.00000,0.10000,0.15000,0.55000
148.05000,15.71830,0.37808,1.99854,274.48206,1.00000,50.00000,0.20000,1.00000,6.00000,0.10000,0.15000,0.55000
148.10000,15.61869,0.38559,1.99821,274.58053,1.00000,50.00000,0.20000,1.00000,6.00000,0.10000,0.15000,0.55000
148.15000,15.51881,0.38701,1.99796,274.67887,1.00000,50.00000,0.20000,1.00000,6.00000,0.10000,0.15000,0.55000
148.20000,15.41903,0.38266,1.99775,274.77712,1.00000,50.00000,0.20000,1.00000,6.00000,0.10000,0.15000,0.55000
148.25000,15.31965,0.37285,1.99763,274.87532,1.00000,50.00000,0.20000,1.00000,6.00000,0.10000,0.15000,0.55000
148.30000,15.22090,0.35792,1.99764,274.97350,1.00000,50.00000,0.20000,1.00000,6.00000,0.10000,0.15000,0.55000
148.35000,15.12299,0.33823,1.99780,275.07172,1.00000,50.00000,0.20000,1.00000,6.00000,0.10000,0.15000,0.55000
148.40000,15.02605,0.31416,1.99808,275.17001,1.00000,50.00000,0.20000,1.00000,6.00000,0.10000,0.15000,0.55000
148.45000,14.93016,0.28611,1.99846,275.26841,1.00000,50.00000,0.20000,1.00000,6.00000,0.10000,0.15000,0.55000
148.50000,14.83537,0.25448,1.99893,275.36692,1.00000,50.00000,0.20000,1.00000,6.00000,0.10000,0.15000,0.55000
148.55000,14.74169,0.21964,1.99945,275.46557,1.00000,50.00000,0.20000,1.00000,6.00000,0.10000,0.15000,0.55000
148.60000,14.64909,0.18196,2.00001,275.56437,1.00000,50.00000,0.20000,1.00000,6.00000,0.10000,0.15000,0.55000
148.65000,14.55751,0.14177,2.00059,275.66332,1.00000,50.00000,0.20000,1.00000,6.00000,0.10000,0.15000,0.55000
148.70000,14.46688,0.09939,2.00119,275.76243,1.00000,50.00000,0.20000,1.00000,6.00000,0.10000,0.15000,0.55000
148.75000,14.37713,0.05513,2.00180,275.86169,1.00000,50.00000,0.20000,1.00000,6.00000,0.10000,0.15000,0.55000
148.80000,14.28815,0.00927,2.00240,275.96111,1.00000,50.00000,0.20000,1.00000,6.00000,0.10000,0.15000,0.55000
148.85000,14.19985,-0.03795,2.00298,276.06065,1.00000,50.00000,0.20000,1.00000,6.00000,0.10000,0.15000,0.55000
148.90000,14.11213,-0.08628,2.00355,276.16033,1.00000,50.00000,0.20000,1.00000,6.00000,0.10000,0.15000,0.55000
148.95000,14.02488,-0.13553,2.00409,276.26011,1.00000,50.00000,0.20000,1.00000,6.00000,0.10000,0.15000,0.55000
149.00000,13.93801,-0.18550,2.00460,276.36000,1.00000,50.00000,0.20000,1.00000,6.00000,0.10000,0.15000,0.55000
149.05000,13.85143,-0.23603,2.00508,276.45999,1.00000,50.00000,0.20000,1.00000,6.00000,0.10000,0.15000,0.55000
149.10000,13.76506,-0.28695,2.00553,276.56005,1.00000,50.00000,0.20000,1.00000,6.00000,0.10000,0.15000,0.55000
149.15000,13.67882,-0.33815,2.00593,276.66020,1.00000,50.00000,0.20000,1.00000,6.00000,0.10000,0.15000,0.55000
149.20000,13.59266,-0.38949,2.00629,276.76040,1.00000,50.00000,0.20000,1.00000,6.00000,0.10000,0.15000,0.55000
149.25000,13.50650,-0.44089,2.00659,276.86065,1.00000,50.00000,0.20000,1.00000,6.00000,0.10000,0.15000,0.55000
149.30000,13.42030,-0.49224,2.00685,276.96123,1.00000,50.00000,0.20000,1.00000,6.00000,0.10000,0.15000,0.55000
149.35000,13.33402,-0.54348,2.00706,277.06229,1.00000,50.00000,0.20000,1.00000,6.00000,0.10000,0.15000,0.55000
149.40000,13.24762,-0.59454,2.00720,277.16337,1.00000,50.00000,0.20000,1.00000,6.00000,0.10000,0.15000,0.55000
149.45000,13.16108,-0.64536,2.00729,277.26418,1.00000,50.00000,0.20000,1.00000,6.00000,0.10000,0.15000,0.55000
149.50000,13.07436,-0.69589,2.00732,277.36472,1.00000,50.00000,0.20000,1.00000,6.00000,0.10000,0.15000,0.55000
149.55000,12.98746,-0.74609,2.00729,277.46508,1.00000,50.00000,0.20000,1.00000,6.00000,0.10000,0.15000,0.55000
149.60000,12.90034,-0.79592,2.00720,277.56541,1.00000,50.00000,0.20000,1.00000,6.00000,0.10000,0.15000,0.55000
149.65000,12.81299,-0.84533,2.00706,277.66572,1.00000,50.00000,0.20000,1.00000,6.00000,0.10000,0.15000,0.55000
149.70000,12.72540,-0.89430,2.00687,277.76599,1.00000,50.00000,0.20000,1.00000,6.00000,0.10000,0.15000,0.55000
149.75000,12.63754,-0.94277,2.00662,277.86624,1.00000,50.00000,0.20000,1.00000,6.00000,0.10000,0.15000,0.55000
149.80000,12.54942,-0.99071,2.00632,277.96645,1.00000,50.00000,0.20000,1.00000,6.00000,0.10000,0.15000,0.55000
149.85000,12.46099,-1.03806,2.00597,278.06662,1.00000,50.00000,0.20000,1.00000,6.00000,0.10000,0.15000,0.55000
149.90000,12.37222,-1.08474,2.00557,278.16673,1.00000,50.00000,0.20000,1.00000,6.00000,0.10000,0.15000,0.55000
149.95000,12.28309,-1.13065,2.00512,278.26678,1.00000,50.00000,0.20000,1.00000,6.00000,0.10000,0.15000,0.55000
